start,component,cosine,positive_cosine,incoming_speed,outgoing_speed
42,market_1,0.15924463811813763,True,0.12594576870566318,0.11734103306654058
42,block_2_3,0.14496864776326562,True,0.3219467645536702,0.5695923586482633
42,block_4_6,0.45972051220423193,True,1.0761821205601763,1.476633199357835
42,top_3,0.12614348628791297,True,0.31969563344236285,0.5783307110017365
42,top_6,0.46566680494506796,True,1.1125694764959755,1.5305805994458548
42,flag_nested,0.39143223842100855,True,0.5061942077970862,0.7181252562775658
56,market_1,0.0027263120145639645,True,0.1262934411166353,0.10741828568638398
56,block_2_3,0.041730499976090275,True,0.4326343779786637,0.5395508737667343
56,block_4_6,-0.2958475930593452,False,1.4724567509479287,0.891857267572563
56,top_3,0.045988921560611844,True,0.4288556852008204,0.5497728748111139
56,top_6,-0.2780277996246866,False,1.4874364866477017,0.992184864402107
56,flag_nested,-0.1843878656367087,False,0.6678325512286587,0.5257000668162393
70,market_1,0.12223296192020502,True,0.11161422195589689,0.09114872981790596
70,block_2_3,0.05406570670867071,True,0.4407877757455165,0.5052066800003951
70,block_4_6,-0.23651804222574072,False,1.104706304622877,0.934750638485723
70,top_3,0.05794839025787462,True,0.4499731817415733,0.5114416191370825
70,top_6,-0.19338857649539654,False,1.1381447633697344,0.9886924557679637
70,flag_nested,-0.11059851470734793,False,0.5439166048541112,0.5083480397896888
84,market_1,0.06033708630234471,True,0.11734103306654063,0.08165086243638146
84,block_2_3,0.3385984069360817,True,0.5695923586482639,0.30904664867788006
84,block_4_6,0.3263988315706935,True,1.476633199357837,1.3277944131978174
84,top_3,0.3218152841812866,True,0.5783307110017373,0.3180502546298222
84,top_6,0.32914865641939806,True,1.5305805994458563,1.3541677834652506
84,flag_nested,0.317246017113123,True,0.7181252562775666,0.588229475450838
98,market_1,0.0453424822466812,True,0.10741828568638404,0.08443564428218625
98,block_2_3,0.29512159254511344,True,0.5395508737667339,0.6859685699239472
98,block_4_6,0.12658499462387804,True,0.8918572675725632,1.723726773634105
98,top_3,0.2889496861268594,True,0.5497728748111134,0.6902688514012442
98,top_6,0.08189941075454221,True,0.9921848644021073,1.6602018852484857
98,flag_nested,0.14300028939855813,True,0.5257000668162392,0.7907790191075612
112,market_1,0.18565780640911722,True,0.09114872981790594,0.07847377070332894
112,block_2_3,0.12788659090035207,True,0.5052066800003954,0.6974546764646413
112,block_4_6,0.09751654306791327,True,0.9347506384857233,0.9209778732279196
112,top_3,0.12476084984649906,True,0.511441619137083,0.7011640060972588
112,top_6,0.1094494023827905,True,0.9886924557679644,0.8458326988027918
112,flag_nested,0.11519688075969198,True,0.508348039789689,0.5378419342438693
126,market_1,0.12923410970355367,True,0.0816508624363815,0.09628031641471345
126,block_2_3,0.1207637388621333,True,0.3090466486778803,0.6616828407566239
126,block_4_6,-0.49038662947225786,False,1.3277944131978177,1.29303428762274
126,top_3,0.11794309387076973,True,0.3180502546298225,0.6664883285823945
126,top_6,-0.5221668929722626,False,1.3541677834652515,1.2150862858803004
126,flag_nested,-0.3582555178871509,False,0.5882294754508384,0.6351466316766278
140,market_1,0.134618953018621,True,0.08443564428218629,0.08960035189209205
140,block_2_3,0.6613224365488977,True,0.6859685699239468,0.6850305293585717
140,block_4_6,0.7240991199636662,True,1.7237267736341049,1.5986779292187627
140,top_3,0.6523366991039531,True,0.690268851401244,0.6889747267558777
140,top_6,0.6763107638318728,True,1.6602018852484863,1.5039337639579804
140,flag_nested,0.662057062508586,True,0.7907790191075612,0.7370389466127971
154,market_1,0.10012832082077407,True,0.07847377070332892,0.08172868567533231
154,block_2_3,0.2338173230434766,True,0.6974546764646409,0.6952680325992231
154,block_4_6,0.4292128867318891,True,0.9209778732279192,1.065800192805019
154,top_3,0.232471287550943,True,0.7011640060972586,0.6990793374280536
154,top_6,0.271666849730323,True,0.8458326988027917,0.9181500901029257
154,flag_nested,0.246373615810616,True,0.5378419342438693,0.5568514009390966
168,market_1,-0.19325933556171826,False,0.09628031641471345,0.068406538540285
168,block_2_3,0.494775786448599,True,0.661682840756624,0.6779766553599769
168,block_4_6,-0.20733597029937742,False,1.2930342876227399,1.238573155927473
168,top_3,0.48847960929862205,True,0.6664883285823945,0.6812051141240516
168,top_6,-0.4503699150386185,False,1.2150862858803,1.087702231135137
168,flag_nested,-0.0700125539029888,False,0.6351466316766277,0.5971116151558631
182,market_1,-0.13239854171701648,False,0.089600351892092,0.0731466449156078
182,block_2_3,0.16034395591822398,True,0.6850305293585724,0.38318599338189585
182,block_4_6,0.19154221717958136,True,1.5986779292187638,0.7286265800305416
182,top_3,0.1572779131651085,True,0.6889747267558782,0.3896060077371117
182,top_6,0.1689800239849483,True,1.5039337639579808,0.7732693991671542
182,flag_nested,0.15807084268871358,True,0.7370389466127976,0.39446880658097083
196,market_1,0.001144228977935491,True,0.08172868567533237,0.07137630448883753
196,block_2_3,-0.13976096738311303,False,0.6952680325992239,0.3661975111871512
196,block_4_6,-0.29345143748192964,False,1.0658001928050203,0.9469177672704877
196,top_3,-0.1345702431268022,False,0.6990793374280542,0.37270239141411
196,top_6,-0.24072783530008207,False,0.9181500901029258,0.9941350821876397
196,flag_nested,-0.18658818594188392,False,0.5568514009390969,0.4648810184378216
210,market_1,0.2830912777545644,True,0.068406538540285,0.06899110784098253
210,block_2_3,-0.38113601994402335,False,0.6779766553599769,0.4870125584919158
210,block_4_6,-0.009030367046325174,False,1.2385731559274722,0.9371746109803304
210,top_3,-0.3731327341676592,False,0.6812051141240515,0.4903785175399146
210,top_6,0.13958639439075568,True,1.0877022311351372,0.9770182097931227
210,flag_nested,-0.052512232982392465,False,0.5971116151558631,0.49397459465094684
224,market_1,0.13433271501806957,True,0.07314664491560782,0.06952109580089515
224,block_2_3,-0.23454761115771375,False,0.38318599338189563,0.41473313214876173
224,block_4_6,0.03867816416544951,True,0.7286265800305417,0.9975868188887098
224,top_3,-0.22930071569918709,False,0.3896060077371116,0.417728612071858
224,top_6,0.10386439301076522,True,0.7732693991671543,1.0126813509189947
224,flag_nested,0.009430433841991935,True,0.39446880658097094,0.48365225140835527
238,market_1,0.04800877795047842,True,0.07137630448883747,0.06665697551271452
238,block_2_3,0.2401227700671439,True,0.3661975111871507,0.3197421162217886
238,block_4_6,0.17735709945084577,True,0.9469177672704876,0.8223465107163678
238,top_3,0.22889692153561964,True,0.3727023914141096,0.32267176486225113
238,top_6,0.17454963977450944,True,0.9941350821876397,0.8587871884335841
238,flag_nested,0.1829606410838965,True,0.4648810184378215,0.40257680116207145
252,market_1,0.16983770763169864,True,0.06899110784098245,0.06521220076895666
252,block_2_3,0.2186202166027635,True,0.48701255849191544,0.2757615830078261
252,block_4_6,-0.30258456280413604,False,0.9371746109803307,1.1047724591985102
252,top_3,0.2116000329950505,True,0.49037851753991435,0.28245667854797973
252,top_6,-0.2676058706465068,False,0.9770182097931229,1.1358360097849938
252,flag_nested,-0.15906694603295204,False,0.49397459465094684,0.4958499064588991
266,market_1,0.21858604853349076,True,0.06952109580089512,0.05905618645634377
266,block_2_3,0.1746054384582259,True,0.4147331321487619,0.284414410006036
266,block_4_6,-0.2913090970908477,False,0.997586818888709,1.1978533824890982
266,top_3,0.17008970335096402,True,0.4177286120718581,0.28935132376728695
266,top_6,-0.27036551475998205,False,1.0126813509189931,1.2188876350275226
266,flag_nested,-0.18738000577573732,False,0.48365225140835466,0.5282141678819536
280,market_1,0.14272469071310712,True,0.06665697551271453,0.05963450949806018
280,block_2_3,0.146676750569345,True,0.31974211622178894,0.33023069717961684
280,block_4_6,0.3021028888413601,True,0.8223465107163674,0.9452764091763166
280,top_3,0.1500223493449942,True,0.32267176486225135,0.334522120104234
280,top_6,0.25202223416319774,True,0.8587871884335839,0.9726072036898582
280,flag_nested,0.22885285943012476,True,0.40257680116207134,0.44555443339093703
294,market_1,0.01647594148142486,True,0.06521220076895667,0.058866384683177016
294,block_2_3,-0.093319314628079,False,0.2757615830078261,0.36076457752152397
294,block_4_6,0.3853527271274018,True,1.1047724591985115,0.8154636278328428
294,top_3,-0.08933986966230942,False,0.28245667854797973,0.364703254130342
294,top_6,0.33704329728981325,True,1.135836009784995,0.8530969277125446
294,flag_nested,0.2522151226080587,True,0.4958499064588997,0.41121421884728787
308,market_1,0.03609695964811161,True,0.05905618645634376,0.06328008315442858
308,block_2_3,0.10305206558060868,True,0.2844144100060362,0.2765245469980444
308,block_4_6,0.4990549797189196,True,1.1978533824890996,0.7637027700533885
308,top_3,0.10535640681720071,True,0.28935132376728717,0.2824619572404085
308,top_6,0.4539724509588638,True,1.218887635027524,0.8080981951090302
308,flag_nested,0.3930760570113774,True,0.5282141678819542,0.3734118416839566
322,market_1,0.2265140517513644,True,0.05963450949806021,0.05893678745250582
322,block_2_3,-0.04104462392375413,False,0.33023069717961695,0.3196220576400504
322,block_4_6,0.22132835621609762,True,0.9452764091763168,0.7421032430890633
322,top_3,-0.03294202995409833,False,0.3345221201042339,0.3248026402234902
322,top_6,0.20092276263119865,True,0.9726072036898591,0.7842565288479482
322,flag_nested,0.15022134252886998,True,0.4455544333909373,0.37569781356924425
336,market_1,0.14430344575050755,True,0.05886638468317699,0.0590835940105793
336,block_2_3,-0.046624613976887296,False,0.36076457752152385,0.36594438018252373
336,block_4_6,0.35988123108801123,True,0.815463627832842,0.8948187093108703
336,top_3,-0.041531707029929456,False,0.3647032541303418,0.37058807248416453
336,top_6,0.3250953812952078,True,0.853096927712544,0.8896248531041001
336,flag_nested,0.22711263056223965,True,0.41121421884728754,0.4256463016564321
350,market_1,0.01952869954904023,True,0.06328008315442858,0.06506630456534869
350,block_2_3,0.04820890460744211,True,0.2765245469980445,0.314065547777851
350,block_4_6,0.06458325529155465,True,0.7637027700533875,0.7939042723486852
350,top_3,0.04423826268842365,True,0.28246195724040857,0.319981869577368
350,top_6,0.05744580294722337,True,0.8080981951090294,0.8084185790910147
350,flag_nested,0.053506628887574584,True,0.37341184168395625,0.3837792630915882
364,market_1,0.08986322782813012,True,0.058936787452505815,0.06917999050992381
364,block_2_3,0.05260064929632137,True,0.3196220576400503,0.29624132302833983
364,block_4_6,-0.03556988402213225,False,0.7421032430890637,0.8434178570304899
364,top_3,0.054552031977066304,True,0.3248026402234899,0.3040956624845997
364,top_6,-0.04438446223694241,False,0.7842565288479482,0.8745434663876134
364,flag_nested,-0.019187961615022547,False,0.37569781356924414,0.40383367966834993
378,market_1,0.18248959589623748,True,0.05908359401057936,0.07511296898698278
378,block_2_3,-0.0216257107202967,False,0.3659443801825236,0.2653302531513125
378,block_4_6,0.015106376590419341,True,0.89481870931087,0.6478627494140411
378,top_3,-0.011782403174298016,False,0.3705880724841646,0.27556638583810733
378,top_6,0.06051089436083803,True,0.8896248531041,0.6740770210257041
378,flag_nested,0.04644149034360187,True,0.4256463016564321,0.32662548505969274
392,market_1,0.16877582965954413,True,0.06506630456534872,0.06777657718663486
392,block_2_3,0.06348693671916428,True,0.3140655477778513,0.29170275927361183
392,block_4_6,-0.01751656233878765,False,0.7939042723486858,0.6408466737504983
392,top_3,0.07148359914484953,True,0.3199818695773682,0.2988428812398746
392,top_6,0.0071319216848424166,True,0.808418579091015,0.667905524931858
392,flag_nested,0.02896071254019965,True,0.3837792630915884,0.32971551173216374
406,market_1,0.10006878232478078,True,0.06917999050992382,0.06866154840237926
406,block_2_3,-0.03488802725791712,False,0.2962413230283396,0.2733803578747121
406,block_4_6,-0.12845161459079263,False,0.843417857030489,0.6503775079978951
406,top_3,-0.023501553784503904,False,0.30409566248459985,0.2792381205076377
406,top_6,-0.09420391832559813,False,0.8745434663876133,0.6710155846367686
406,flag_nested,-0.07160605184513416,False,0.40383367966834993,0.32519128219372
420,market_1,0.253728468988838,True,0.07511296898698279,0.06361493980925619
420,block_2_3,0.05724034896990175,True,0.2653302531513128,0.24510815539356462
420,block_4_6,-0.18341486807892549,False,0.6478627494140416,0.753527809464882
420,top_3,0.06652013896829295,True,0.27556638583810755,0.25005135855808597
420,top_6,-0.17854014109436384,False,0.6740770210257045,0.7682760165365975
420,flag_nested,-0.11048695305135621,False,0.32662548505969297,0.35108891675766957
434,market_1,0.2730835216522675,True,0.06777657718663485,0.060179912980744266
434,block_2_3,0.046724964052900116,True,0.29170275927361183,0.25632116687011763
434,block_4_6,-0.08795877052441957,False,0.6408466737504981,0.7405882240009574
434,top_3,0.05161648126379588,True,0.2988428812398747,0.2606081601123728
434,top_6,-0.06270644027646896,False,0.667905524931858,0.7744226527812482
434,flag_nested,-0.025200273143220916,False,0.32971551173216374,0.3552683030549535
448,market_1,0.26487596162994204,True,0.06866154840237922,0.050532593209133225
448,block_2_3,-0.013445862212201403,False,0.27338035787471177,0.3779903819748937
448,block_4_6,0.03442478783813129,True,0.6503775079978956,0.7287161065375658
448,top_3,-0.010616688016911282,False,0.2792381205076373,0.3809179099251816
448,top_6,0.05392551156242791,True,0.6710155846367687,0.7365572271468495
448,flag_nested,0.04077217025769371,True,0.32519128219371995,0.3759509531229731
462,market_1,0.16230885739125187,True,0.06361493980925617,0.05491616297379667
462,block_2_3,0.111924404621482,True,0.24510815539356465,0.4527836560167188
462,block_4_6,-0.37401178298693516,False,0.7535278094648822,0.9358815188832045
462,top_3,0.10984288609367644,True,0.2500513585580861,0.4553554198741911
462,top_6,-0.37010082536378686,False,0.7682760165365978,0.9490709509284789
462,flag_nested,-0.24311949113275308,False,0.3510889167576697,0.4714388430553986
476,market_1,0.15877018064651258,True,0.06017991298074427,0.05623612304812099
476,block_2_3,0.10291326860570046,True,0.2563211668701178,0.489819293377057
476,block_4_6,-0.017272098573177328,False,0.7405882240009581,0.7107488397244649
476,top_3,0.1034381500731722,True,0.260608160112373,0.49229947428314513
476,top_6,0.01021323695947238,True,0.7744226527812489,0.6823140884374337
476,flag_nested,0.0410419562852414,True,0.35526830305495377,0.40192144117394146
490,market_1,0.11562849515085102,True,0.05053259320913325,0.0498246754861412
490,block_2_3,0.3909801404808771,True,0.37799038197489404,0.3257252868814926
490,block_4_6,0.07247651106403757,True,0.7287161065375658,0.658987221687165
490,top_3,0.38583749852614074,True,0.38091790992518204,0.3286734896635407
490,top_6,0.026642122752816674,True,0.7365572271468496,0.7068652522285125
490,flag_nested,0.1425803271804145,True,0.3759509531229733,0.3489522412754821
504,market_1,0.11273719586445004,True,0.05491616297379661,0.04162680390682
504,block_2_3,-0.05740181576434598,False,0.45278365601671766,0.29649146844841995
504,block_4_6,-0.19062742161688978,False,0.9358815188832037,0.8165723616936308
504,top_3,-0.055125539742671835,False,0.4553554198741902,0.299345745920256
504,top_6,-0.1443416807949843,False,0.9490709509284786,0.8386044134540036
504,flag_nested,-0.11763697728022637,False,0.47143884305539824,0.3857611217421613
518,market_1,0.034618689481697634,True,0.05623612304812099,0.04263755059295338
518,block_2_3,-0.3815220281580916,False,0.4898192933770566,0.32198628314290173
518,block_4_6,0.01782537021855279,True,0.7107488397244646,0.8764990697659119
518,top_3,-0.3758236538078865,False,0.4922994742831446,0.3247118524474536
518,top_6,0.13848927355772092,True,0.6823140884374335,0.8867670776106505
518,flag_nested,-0.03628064397201994,False,0.4019214411739412,0.4099063284250129
532,market_1,0.09525213453125679,True,0.049824675486141196,0.051535174790750336
532,block_2_3,0.04449596622153581,True,0.32572528688149277,0.2999069965821847
532,block_4_6,0.016127640694057192,True,0.658987221687165,0.930469772590146
532,top_3,0.047457847292229065,True,0.32867348966354065,0.3038522887009635
532,top_6,0.03577233235459275,True,0.7068652522285132,0.9701573347411674
532,flag_nested,0.038844161384858224,True,0.34895224127548224,0.43623253093848774
546,market_1,0.14018238443845865,True,0.04162680390682004,0.056003973564261456
546,block_2_3,-0.11033454295774785,False,0.29649146844842034,0.3386452926633032
546,block_4_6,-0.05740815746381936,False,0.8165723616936306,0.8255999166265626
546,top_3,-0.10534257054440682,False,0.2993457459202563,0.34260790365419763
546,top_6,-0.03329994601813563,False,0.8386044134540044,0.8776067032483384
546,flag_nested,-0.046182439064646405,False,0.3857611217421617,0.41307233975196644
560,market_1,0.24369064096527904,True,0.042637550592953426,0.05763686423867212
560,block_2_3,-0.15060959511695596,False,0.32198628314290195,0.34641162309338175
560,block_4_6,-0.03640316924052034,False,0.8764990697659124,1.316049409310966
560,top_3,-0.1433723660238809,False,0.32471185244745354,0.3506300979069026
560,top_6,0.004045110209758454,True,0.8867670776106503,1.338131734820614
560,flag_nested,-0.016844733791659027,False,0.4099063284250128,0.5854359514592575
574,market_1,0.25367939802809325,True,0.05153517479075031,0.05459349246556314
574,block_2_3,0.029295651252726804,True,0.2999069965821847,0.33654749709274945
574,block_4_6,0.2091263702647617,True,0.9304697725901453,1.6458521004899953
574,top_3,0.03383209284428054,True,0.3038522887009635,0.3407294249455463
574,top_6,0.21642689161503526,True,0.9701573347411672,1.6645798297062817
574,flag_nested,0.19426754769947416,True,0.43623253093848763,0.7095658047977843
588,market_1,0.15582730012668972,True,0.056003973564261476,0.05629541792720447
588,block_2_3,0.3497731593119605,True,0.33864529266330345,0.33783060948484916
588,block_4_6,-0.022123171536467482,False,0.8255999166265623,0.9602762789182112
588,top_3,0.3455532545344327,True,0.34260790365419763,0.3424122396241806
588,top_6,-0.007204391042650293,False,0.8776067032483381,0.9873601469179838
588,flag_nested,0.06935910950948458,True,0.4130723397519664,0.4524723541993825
602,market_1,0.015794817570128024,True,0.05763686423867208,0.06192127653959954
602,block_2_3,0.2674296452310687,True,0.3464116230933817,0.3327590661107264
602,block_4_6,0.5805693636393134,True,1.3160494093109658,1.472121151006184
602,top_3,0.2604764579884679,True,0.35063009790690264,0.3373900886295868
602,top_6,0.5520966538883733,True,1.3381317348206123,1.4853024439947864
602,flag_nested,0.5157595828278635,True,0.5854359514592569,0.639894908152582
616,market_1,0.21217264036319866,True,0.054593492465563144,0.0711895596654888
616,block_2_3,0.3313897239362946,True,0.33654749709274945,0.3563321809492474
616,block_4_6,-0.3706261423080681,False,1.6458521004899955,1.5718118992640795
616,top_3,0.3263333921664452,True,0.3407294249455464,0.3597134185872267
616,top_6,-0.3697404087135639,False,1.6645798297062828,1.5883725857179727
616,flag_nested,-0.3062611107313669,False,0.7095658047977846,0.6846072692325158
630,market_1,0.16592210616381112,True,0.05629541792720444,0.06861928080704484
630,block_2_3,0.24237395689008948,True,0.337830609484849,0.3547349668776275
630,block_4_6,-0.31510903036641186,False,0.9602762789182105,1.657101319787852
630,top_3,0.24479611755849665,True,0.34241223962418044,0.35747139064265093
630,top_6,-0.31072883315274985,False,0.9873601469179836,1.6739585654989528
630,flag_nested,-0.2310235065990276,False,0.45247235419938237,0.7171657762161351
644,market_1,0.2639186729990204,True,0.06192127653959955,0.05758138644996778
644,block_2_3,0.25159855603423953,True,0.33275906611072664,0.37626203695609683
644,block_4_6,-0.276417450519884,False,1.4721211510061853,1.3058592953936727
644,top_3,0.24892305738321693,True,0.337390088629587,0.37963764068076494
644,top_6,-0.2760464538885382,False,1.4853024439947886,1.3270559681129221
644,flag_nested,-0.21053689476450074,False,0.6398949081525829,0.587256433956587
658,market_1,-0.04915330434348653,False,0.07118955966548882,0.05967269385014853
658,block_2_3,0.26390416937872846,True,0.3563321809492471,0.3340693715270808
658,block_4_6,-0.539506835596966,False,1.5718118992640782,1.0995365230982246
658,top_3,0.25643986214456305,True,0.3597134185872265,0.3392564605546207
658,top_6,-0.5477754028126263,False,1.588372585717971,1.116417810898951
658,flag_nested,-0.4433934760904049,False,0.6846072692325151,0.4996571496030228
672,market_1,-0.04391265828466792,False,0.06861928080704482,0.06788087127245436
672,block_2_3,0.29023881973376864,True,0.3547349668776274,0.3220663011857325
672,block_4_6,0.46428622047602336,True,1.657101319787851,0.987635454386542
672,top_3,0.28307381279823446,True,0.3574713906426511,0.32896102444196035
672,top_6,0.42722960910993807,True,1.6739585654989526,0.9936485813021669
672,flag_nested,0.3980594457807672,True,0.7171657762161352,0.4530296330329585
686,market_1,-0.03126165246018108,False,0.05758138644996779,0.068446414820194
686,block_2_3,0.25809733526987433,True,0.37626203695609706,0.2764954611997088
686,block_4_6,0.5460814584913122,True,1.3058592953936725,1.019782070469061
686,top_3,0.25098326694718515,True,0.37963764068076516,0.28445646498506294
686,top_6,0.5125895627937542,True,1.3270559681129228,1.0337462438415055
686,flag_nested,0.4688756121371776,True,0.5872564339565872,0.4579977670634153
700,market_1,0.19785646232309842,True,0.05967269385014857,0.05335114103845978
700,block_2_3,-0.04462604854948149,False,0.33406937152708094,0.302260538615227
700,block_4_6,-0.5817679738390067,False,1.0995365230982252,1.6331994235311997
700,top_3,-0.03748489649632837,False,0.33925646055462083,0.30682995064729535
700,top_6,-0.5638272907477838,False,1.1164178108989522,1.6458528597105127
700,flag_nested,-0.4977833162338607,False,0.49965714960302327,0.6969216764393674
714,market_1,0.10454828463602989,True,0.06788087127245439,0.05416962686100367
714,block_2_3,0.034266876457962704,True,0.32206630118573265,0.3437433375345968
714,block_4_6,0.29763907335061424,True,0.9876354543865427,0.9845516625452134
714,top_3,0.03553388372811078,True,0.32896102444196035,0.3468585085643843
714,top_6,0.2996041911307282,True,0.9936485813021673,1.009044724168377
714,flag_nested,0.2479127596480765,True,0.4530296330329586,0.46123005758959684
728,market_1,0.055840634257015076,True,0.06844641482019394,0.05847405091957352
728,block_2_3,-0.01130376802575772,False,0.2764954611997084,0.31961248243471907
728,block_4_6,0.5946247246707815,True,1.019782070469061,1.125908844897753
728,top_3,-0.007858511818361646,False,0.2844564649850625,0.3234240625379397
728,top_6,0.5839483157148451,True,1.0337462438415044,1.160077513410755
728,flag_nested,0.4972351902280789,True,0.45799776706341483,0.5124290801928986
742,market_1,0.026554530915222647,True,0.053351141038459775,0.06761488556609425
742,block_2_3,0.04083824763017761,True,0.30226053861522695,0.2633485480245018
742,block_4_6,-0.2749937257504141,False,1.6331994235312004,0.6917845435800573
742,top_3,0.03808613588752646,True,0.3068299506472952,0.27060710030034474
742,top_6,-0.23997097883399443,False,1.6458528597105129,0.7300973290831968
742,flag_nested,-0.19609453606415006,False,0.6969216764393673,0.34325140249799313
756,market_1,0.0627682281457046,True,0.05416962686100365,0.06451460602954741
756,block_2_3,-0.00772377269124658,False,0.3437433375345966,0.2614690299789998
756,block_4_6,-0.19905103438507812,False,0.9845516625452132,0.8943982639518373
756,top_3,-0.010508695091316703,False,0.3468585085643842,0.26783497092239655
756,top_6,-0.1462551975004653,False,1.0090447241683764,0.9169545153901641
756,flag_nested,-0.11978835319881516,False,0.46123005758959645,0.4101319976420801
770,market_1,0.16358872229413435,True,0.05847405091957357,0.06561879778411796
770,block_2_3,-0.06914637517565878,False,0.3196124824347191,0.24235424631581334
770,block_4_6,-0.6167836902956173,False,1.125908844897753,1.2383111659990256
770,top_3,-0.06645300486902642,False,0.32342406253793965,0.249977920598988
770,top_6,-0.5836081831668201,False,1.1600775134107557,1.2581039788237383
770,flag_nested,-0.5196132527668402,False,0.5124290801928988,0.537531162327963
784,market_1,0.1852188562288829,True,0.06761488556609418,0.05700570367781052
784,block_2_3,-0.06553812604788038,False,0.2633485480245018,0.25120251353154643
784,block_4_6,-0.10680782732485146,False,0.6917845435800573,0.8590035851897497
784,top_3,-0.05446348028337734,False,0.27060710030034485,0.2556625036154826
784,top_6,-0.09079682515052763,False,0.7300973290831969,0.8867703259672937
784,flag_nested,-0.07624106283474061,False,0.3432514024979932,0.3950920027953041
798,market_1,0.2918120054443849,True,0.06451460602954748,0.06432621471232072
798,block_2_3,-0.08658632493448541,False,0.2614690299789997,0.2724390821153257
798,block_4_6,-0.42392285867307256,False,0.8943982639518375,1.0467146351672214
798,top_3,-0.06865714886827498,False,0.2678349709223967,0.27890474326624304
798,top_6,-0.3959368828426283,False,0.9169545153901639,1.0673502262471213
798,flag_nested,-0.3383712324550904,False,0.41013199764208,0.468977502747181
812,market_1,0.3674910244434117,True,0.06561879778411799,0.06632190853072509
812,block_2_3,-0.11742673871702053,False,0.24235424631581345,0.32319085438329265
812,block_4_6,0.0638657225639952,True,1.2383111659990256,1.4133315003811633
812,top_3,-0.09116368848945802,False,0.24997792059898818,0.3291759729228912
812,top_6,0.0652459600578875,True,1.2581039788237387,1.4270503334050786
812,flag_nested,0.056205437710241696,True,0.5375311623279635,0.6163843321713541
826,market_1,0.12260875153966204,True,0.05700570367781056,0.0701539277243792
826,block_2_3,0.01140949575632928,True,0.2512025135315463,0.42029373331318015
826,block_4_6,-0.04169556425697898,False,0.8590035851897496,1.1796721080172126
826,top_3,0.01824984603854516,True,0.25566250361548254,0.4256470850294079
826,top_6,-0.045019538717626255,False,0.886770325967293,1.1767115859631723
826,flag_nested,-0.031058465304498174,False,0.3950920027953038,0.5441400677489472
840,market_1,0.20579845577079486,True,0.06432621471232072,0.06962414493031478
840,block_2_3,0.22857217477064462,True,0.2724390821153258,0.4169597644956857
840,block_4_6,-0.37882465122320774,False,1.0467146351672219,1.3143583167386803
840,top_3,0.2250336788457986,True,0.27890474326624326,0.42256378056141747
840,top_6,-0.37883321780181195,False,1.0673502262471213,1.2995595093575936
840,flag_nested,-0.2821511441018419,False,0.4689775027471809,0.5880845099402706
854,market_1,0.13835714027011442,True,0.06632190853072509,0.0724304057903946
854,block_2_3,0.41739532965617776,True,0.32319085438329254,0.33590582879609493
854,block_4_6,-0.17633591715054264,False,1.4133315003811626,0.7225180691291574
854,top_3,0.40324482848468785,True,0.32917597292289125,0.340260175855711
854,top_6,-0.1964415658563886,False,1.4270503334050781,0.7324962930260835
854,flag_nested,-0.08223463453061565,False,0.616384332171354,0.3650529130462779
868,market_1,0.17292068140266162,True,0.07015392772437924,0.07547387711520649
868,block_2_3,0.35663618479688397,True,0.4202937333131807,0.2588360419069568
868,block_4_6,0.48381072629522015,True,1.1796721080172126,1.3925921072621237
868,top_3,0.3467589388338175,True,0.42564708502940857,0.26116751094834334
868,top_6,0.46576900662900095,True,1.1767115859631732,1.410073224336098
868,flag_nested,0.43679172008394024,True,0.5441400677489477,0.5998473795197566
882,market_1,0.04093703243823926,True,0.06962414493031477,0.08724330994651044
882,block_2_3,0.5385346582890747,True,0.4169597644956855,0.31316862263732764
882,block_4_6,0.5934128424673427,True,1.3143583167386794,1.6000872637828643
882,top_3,0.5341604203066195,True,0.4225637805614173,0.3136575647850106
882,top_6,0.5731876855881342,True,1.2995595093575931,1.605857839639138
882,flag_nested,0.5535253098859118,True,0.5880845099402704,0.6857125135952558
896,market_1,0.2729323190896205,True,0.07243040579039456,0.06680560615267965
896,block_2_3,0.509053124077628,True,0.33590582879609493,0.2895188710320188
896,block_4_6,-0.22875719827108326,False,0.7225180691291578,1.5666398534689068
896,top_3,0.5001966356493932,True,0.34026017585571083,0.2929365652256382
896,top_6,-0.23450906017844822,False,0.7324962930260839,1.5759666409605395
896,flag_nested,-0.11135923504448554,False,0.36505291304627796,0.6685896162810933
910,market_1,0.2745676002968349,True,0.07547387711520646,0.054446726445708575
910,block_2_3,0.38352524335609733,True,0.25883604190695675,0.24460024172510744
910,block_4_6,0.4930161229082517,True,1.3925921072621243,0.8816444950738711
910,top_3,0.3780248212783256,True,0.26116751094834334,0.24954221994783712
910,top_6,0.4841939021642744,True,1.4100732243360978,0.8905563124473939
910,flag_nested,0.4672979265695793,True,0.5998473795197565,0.39484593215514935
924,market_1,0.13770696220073705,True,0.08724330994651046,0.05172076503657551
924,block_2_3,0.06396895715105845,True,0.3131686226373274,0.20682502413183068
924,block_4_6,0.5318214313724235,True,1.6000872637828638,0.7387580826794857
924,top_3,0.056439835891573184,True,0.31365756478501045,0.21253156182511657
924,top_6,0.5284426311191173,True,1.6058578396391379,0.7498552595871838
924,flag_nested,0.47148842345479774,True,0.6857125135952556,0.3338344063279531
938,market_1,-0.04791506971501452,False,0.06680560615267964,0.05359907992710916
938,block_2_3,0.08208973222831174,True,0.2895188710320191,0.2042473489486833
938,block_4_6,-0.07314602685597198,False,1.5666398534689059,0.8198485740187851
938,top_3,0.0813607869342261,True,0.29293656522563855,0.21014397095707968
938,top_6,-0.06510648708488784,False,1.5759666409605388,0.8322646841099614
938,flag_nested,-0.05222024206974382,False,0.668589616281093,0.3647425232704274
952,market_1,0.14113264237167616,True,0.054446726445708575,0.047447438089897015
952,block_2_3,0.03219757001636524,True,0.24460024172510741,0.2591414924266716
952,block_4_6,-0.025170670456272824,False,0.8816444950738717,1.1507561256047965
952,top_3,0.03827313131779492,True,0.24954221994783723,0.26338840536515934
952,top_6,-0.025621429213332894,False,0.8905563124473947,1.1711874674350495
952,flag_nested,-0.016336241175863193,False,0.3948459321551496,0.5039733035797128
966,market_1,0.10950366554177482,True,0.0517207650365755,0.05292881399058029
966,block_2_3,0.09673286721785386,True,0.20682502413183093,0.259791755175856
966,block_4_6,-0.029618990590133218,False,0.7387580826794861,1.5478713318792585
966,top_3,0.10229369972477292,True,0.2125315618251167,0.26447100528594675
966,top_6,-0.027430261408184876,False,0.7498552595871839,1.5663143748299462
966,flag_nested,-0.014320778528485812,False,0.3338344063279532,0.6595502637120161
980,market_1,-0.09753505317345935,False,0.05359907992710916,0.058663811707606935
980,block_2_3,0.07790452134155233,True,0.20424734894868327,0.2662431591228406
980,block_4_6,0.4541451660061147,True,0.8198485740187854,1.2187278284476672
980,top_3,0.08216189481145295,True,0.21014397095707973,0.2693266518960879
980,top_6,0.4538086847619883,True,0.8322646841099623,1.229822493396417
980,flag_nested,0.40776924884739063,True,0.3647425232704278,0.528864461674143
994,market_1,-0.07617360814317518,False,0.04744743808989697,0.07239600396905295
994,block_2_3,0.062473178337607245,True,0.25914149242667145,0.21632382923503032
994,block_4_6,0.2670953289370031,True,1.1507561256047947,0.7118219200093131
994,top_3,0.05782388938253826,True,0.26338840536515934,0.22011503403783605
994,top_6,0.2533550872539482,True,1.1711874674350498,0.729786088257381
994,flag_nested,0.22088522687726256,True,0.5039733035797128,0.3318975944919076
1008,market_1,-0.003507887508908191,False,0.052928813990580255,0.07025964258361746
1008,block_2_3,0.09024682313024507,True,0.2597917551758559,0.1971468718903262
1008,block_4_6,-0.212707313909243,False,1.5478713318792579,0.5546056707252246
1008,top_3,0.08042171320370398,True,0.26447100528594664,0.2008789942062962
1008,top_6,-0.2143617251503493,False,1.5663143748299448,0.5752242417185155
1008,flag_nested,-0.17208787490194022,False,0.6595502637120157,0.2711722002538773
1022,market_1,0.31678431738454055,True,0.058663811707606935,0.06360106433157883
1022,block_2_3,0.10983766782568444,True,0.26624315912284036,0.204461411545342
1022,block_4_6,-0.4216816526005759,False,1.2187278284476666,0.7571920060631395
1022,top_3,0.10122197011090078,True,0.2693266518960881,0.21054171416620154
1022,top_6,-0.4246546517010294,False,1.2298224933964166,0.7740271776440969
1022,flag_nested,-0.35280606880504617,False,0.5288644616741429,0.34449099428103797
1036,market_1,0.3284700437596947,True,0.07239600396905303,0.05892200988179348
1036,block_2_3,0.05222082167808878,True,0.2163238292350306,0.23206090965394288
1036,block_4_6,-0.27737140828148077,False,0.7118219200093132,0.5712381042948874
1036,top_3,0.03688388655614755,True,0.2201150340378363,0.23612998095016485
1036,top_6,-0.2463199992241335,False,0.729786088257381,0.6152838125773121
1036,flag_nested,-0.1692681161905938,False,0.3318975944919076,0.2918103623125198
1050,market_1,0.35257691135842684,True,0.07025964258361754,0.05723773166089129
1050,block_2_3,0.058210739940233305,True,0.1971468718903262,0.28574315340559414
1050,block_4_6,0.09340832471532715,True,0.5546056707252249,0.6377937742154897
1050,top_3,0.05490760283451992,True,0.20087899420629626,0.29030901952684823
1050,top_6,0.0891934028059112,True,0.5752242417185162,0.6890895731664908
1050,flag_nested,0.09293452654919102,True,0.27117220025387756,0.3324304541399503
1064,market_1,0.2712471450765576,True,0.06360106433157885,0.054862661960426655
1064,block_2_3,-0.08823561904502597,False,0.20446141154534214,0.3201469148409541
1064,block_4_6,-0.040299542789159516,False,0.757192006063139,0.8206468284955103
1064,top_3,-0.07495637357871987,False,0.21054171416620165,0.32431288541766984
1064,top_6,-0.029931448734600064,False,0.774027177644097,0.8686965468074405
1064,flag_nested,-0.029502560240953244,False,0.34449099428103813,0.40477377545886567
1078,market_1,0.1342276817492878,True,0.05892200988179344,0.05720938890371544
1078,block_2_3,0.038169978207229,True,0.23206090965394266,0.3974153138581719
1078,block_4_6,0.1425947629136631,True,0.5712381042948874,0.9336594225170289
1078,top_3,0.04010420194410118,True,0.2361299809501646,0.4008859544600363
1078,top_6,0.13305855326978638,True,0.6152838125773119,0.97490005751864
1078,flag_nested,0.11094459083029468,True,0.29181036231251967,0.46394804022809416
1092,market_1,0.08181705300741146,True,0.0572377316608913,0.04774195012357546
1092,block_2_3,0.03530319274147821,True,0.28574315340559425,0.40501618913640597
1092,block_4_6,0.04109048178195105,True,0.6377937742154896,0.8065641259742281
1092,top_3,0.03536923028926705,True,0.2903090195268484,0.407570198842655
1092,top_6,0.04053916037420509,True,0.6890895731664904,0.8374866071995265
1092,flag_nested,0.039728806866466106,True,0.33243045413995026,0.4177891242436126
1106,market_1,0.07868330411886268,True,0.054862661960426634,0.04864931761656218
1106,block_2_3,-0.0498718080673508,False,0.3201469148409534,0.42516522672796436
1106,block_4_6,-0.07068087524192392,False,0.8206468284955101,0.8599517544458722
1106,top_3,-0.047003864078878396,False,0.32431288541766934,0.4276451610350608
1106,top_6,-0.026497263501179317,False,0.8686965468074402,0.8822456762436394
1106,flag_nested,-0.030068214822894897,False,0.40477377545886545,0.4393781092618948
1120,market_1,-0.0884294992023652,False,0.05720938890371545,0.05348362170561788
1120,block_2_3,0.09882552839055973,True,0.39741531385817225,0.27583700320359994
1120,block_4_6,-0.07474405977769813,False,0.9336594225170287,0.6620668282298298
1120,top_3,0.09556934171413652,True,0.4008859544600364,0.280497530386226
1120,top_6,-0.08425625751637895,False,0.9749000575186401,0.7092347275040632
1120,flag_nested,-0.04103778621001476,False,0.4639480402280942,0.3360393366229129
1134,market_1,0.1969431954162075,True,0.04774195012357543,0.05122602871144096
1134,block_2_3,0.12460710179230867,True,0.40501618913640536,0.3074733193626118
1134,block_4_6,0.014413621904985562,True,0.8065641259742291,0.5947958132665395
1134,top_3,0.1276386914895704,True,0.40757019884265444,0.3112007124833959
1134,top_6,-0.03950856841307273,False,0.8374866071995266,0.6387944422280766
1134,flag_nested,0.017573255075205473,True,0.4177891242436125,0.3208049101939002
1148,market_1,0.20910348236349238,True,0.04864931761656219,0.05089571266850994
1148,block_2_3,0.17023606562841428,True,0.42516522672796453,0.36491596269527693
1148,block_4_6,-0.08785609200788307,False,0.8599517544458726,0.657315001212982
1148,top_3,0.17253189727737628,True,0.42764516103506117,0.3681352203210172
1148,top_6,-0.16208742672016063,False,0.8822456762436395,0.7013525568059804
1148,flag_nested,-0.04513891290754081,False,0.439378109261895,0.3602047406749174
1162,market_1,0.09094859657118315,True,0.05348362170561788,0.05803115395155635
1162,block_2_3,0.10006127646848313,True,0.27583700320360005,0.46238024275004636
1162,block_4_6,-0.05637385612453878,False,0.6620668282298297,1.143552960446365
1162,top_3,0.10233282595325299,True,0.2804975303862261,0.46534756328165083
1162,top_6,-0.07435371872732115,False,0.709234727504063,1.133307762246813
1162,flag_nested,-0.02889777962374521,False,0.33603933662291285,0.5381587253848247
1176,market_1,0.019663177081786182,True,0.05122602871144093,0.0632768547841463
1176,block_2_3,0.2329310952337289,True,0.30747331936261174,0.43691396805302396
1176,block_4_6,0.024532937399860264,True,0.5947958132665396,1.2759537484642638
1176,top_3,0.23130058030534623,True,0.31120071248339576,0.4408667395478922
1176,top_6,0.007825450245944138,True,0.6387944422280765,1.2694427762905351
1176,flag_nested,0.06278648103726872,True,0.3208049101939001,0.5808378558117063
1190,market_1,0.01903385685206708,True,0.05089571266850991,0.0671616542954645
1190,block_2_3,0.21935402500978554,True,0.36491596269527665,0.4649023266476959
1190,block_4_6,-0.07130504186555162,False,0.6573150012129821,1.5397523140359832
1190,top_3,0.21705070664004555,True,0.3681352203210169,0.46938430911402224
1190,top_6,-0.10036465044335055,False,0.7013525568059802,1.545701758561256
1190,flag_nested,-0.02239734459226588,False,0.3602047406749172,0.6900363894450876
1204,market_1,0.19528306220191924,True,0.05803115395155636,0.06348736440828637
1204,block_2_3,0.3240959940786192,True,0.4623802427500458,0.5330768416796178
1204,block_4_6,0.2987470152227316,True,1.1435529604463646,0.9476614554298204
1204,top_3,0.3239668078085422,True,0.4653475632816502,0.5355972113554397
1204,top_6,0.22344312128456414,True,1.1333077622468133,0.9431640570742007
1204,flag_nested,0.25168838932286486,True,0.5381587253848246,0.4979074640963547
1218,market_1,0.08553916465991632,True,0.06327685478414634,0.06587192292372729
1218,block_2_3,0.3170542508537498,True,0.4369139680530241,0.5882235926799103
1218,block_4_6,-0.21653960158888294,False,1.2759537484642638,1.4732571701509563
1218,top_3,0.313465623114841,True,0.44086673954789246,0.5912650411400121
1218,top_6,-0.27157452185087844,False,1.269442776290535,1.4872598548876514
1218,flag_nested,-0.14237928646670686,False,0.5808378558117063,0.6996624465991983
1232,market_1,-0.012378626376419358,False,0.06716165429546452,0.0661535275939237
1232,block_2_3,0.05258026564797377,True,0.4649023266476962,0.6815401572004322
1232,block_4_6,-0.20546130484905337,False,1.5397523140359841,1.4535300379725264
1232,top_3,0.05053009425215972,True,0.4693843091140226,0.6840728814996213
1232,top_6,-0.19939819282260499,False,1.5457017585612562,1.4290564972689346
1232,flag_nested,-0.13937561656805147,False,0.6900363894450878,0.7076217942365901
1246,market_1,0.1600099736341664,True,0.06348736440828635,0.05745472963346375
1246,block_2_3,0.12120862813615849,True,0.5330768416796174,0.578702430245986
1246,block_4_6,0.16771825686891156,True,0.947661455429821,1.452592798061776
1246,top_3,0.11919177596416271,True,0.53559721135544,0.5810981830346105
1246,top_6,0.16424988816219105,True,0.9431640570742006,1.469192472900755
1246,flag_nested,0.1481807793510177,True,0.4979074640963548,0.6896476147067203
1260,market_1,-0.10608569467882967,False,0.06587192292372727,0.06936914089208178
1260,block_2_3,-0.05037432245240811,False,0.5882235926799098,0.42475392182905247
1260,block_4_6,0.10906522375068356,True,1.4732571701509563,0.5955174098966395
1260,top_3,-0.05302874084289107,False,0.5912650411400121,0.42781815596289713
1260,top_6,0.1494758633797823,True,1.48725985488765,0.6333110981164347
1260,flag_nested,0.07262957184454132,True,0.6996624465991976,0.36423713941814173
1274,market_1,0.0011349708343400295,True,0.06615352759392368,0.07529802658586271
1274,block_2_3,-0.16557976952671669,False,0.6815401572004317,0.4094767379929597
1274,block_4_6,0.29404415247481747,True,1.453530037972526,0.7955489043115885
1274,top_3,-0.16548877291876146,False,0.6840728814996209,0.4143080480381042
1274,top_6,0.34160096821369007,True,1.4290564972689341,0.8102038710937044
1274,flag_nested,0.1712197991536313,True,0.7076217942365899,0.4150805919577273
1288,market_1,0.1824105224572506,True,0.057454729633463764,0.07797478323126783
1288,block_2_3,0.00667678818279193,True,0.5787024302459861,0.3512005788073872
1288,block_4_6,0.33541263175101427,True,1.4525927980617748,0.7131683965860693
1288,top_3,0.005943490390544123,True,0.5810981830346107,0.3584912883405335
1288,top_6,0.35345471402652423,True,1.4691924729007548,0.7347565733014183
1288,flag_nested,0.2522034289007572,True,0.6896476147067204,0.3726883484811255
1302,market_1,0.15445531192280573,True,0.06936914089208183,0.07036754153567418
1302,block_2_3,0.08483951956652065,True,0.42475392182905286,0.33120270703761856
1302,block_4_6,-0.02469002373099536,False,0.5955174098966397,0.8456585369788678
1302,top_3,0.08595778381654542,True,0.4278181559628976,0.33851992392395663
1302,top_6,0.010204782186400616,True,0.6333110981164348,0.8732302170291708
1302,flag_nested,0.03888728716614449,True,0.36423713941814195,0.41259989399142777
1316,market_1,0.13727329980503578,True,0.07529802658586265,0.07639731779985436
1316,block_2_3,0.0647420441226486,True,0.4094767379929596,0.387222292685411
1316,block_4_6,0.3556706837292731,True,0.7955489043115881,0.9926409914843742
1316,top_3,0.06444058635912853,True,0.4143080480381041,0.39459533292915927
1316,top_6,0.3646332085804445,True,0.8102038710937043,1.0159461827318352
1316,flag_nested,0.27303757026434683,True,0.4150805919577272,0.4793358079586807
1330,market_1,0.22117205606983117,True,0.0779747832312678,0.06638954253778194
1330,block_2_3,0.09030513633481588,True,0.3512005788073876,0.387460743413158
1330,block_4_6,0.41546912263265157,True,0.7131683965860695,1.255573271586347
1330,top_3,0.09632191026332743,True,0.3584912883405336,0.3930098358212183
1330,top_6,0.38920986851992073,True,0.734756573301418,1.2997217748668217
1330,flag_nested,0.31232640530165007,True,0.37268834848112536,0.5808952261119124
1344,market_1,0.22244600606757042,True,0.07036754153567414,0.07531126437123721
1344,block_2_3,0.1154623084624525,True,0.3312027070376183,0.4388344868572833
1344,block_4_6,0.3608442012660289,True,0.8456585369788682,0.7453653890377795
1344,top_3,0.11893413161964532,True,0.3385199239239564,0.445242607708674
1344,top_6,0.29168995169041645,True,0.8732302170291708,0.8264892084601033
1344,flag_nested,0.2376351641578553,True,0.4125998939914276,0.4308126217561828
1358,market_1,0.150850693333618,True,0.07639731779985444,0.07376501407660567
1358,block_2_3,0.16898630563166275,True,0.3872222926854112,0.42654635662049495
1358,block_4_6,-0.14071265171838934,False,0.9926409914843738,0.8201635875175205
1358,top_3,0.16865585384784879,True,0.39459533292915955,0.43247859065081184
1358,top_6,-0.14197668002946912,False,1.015946182731835,0.8653187859784535
1358,flag_nested,-0.04924247971509327,False,0.4793358079586807,0.43884312457494046
1372,market_1,0.1301082998745806,True,0.06638954253778194,0.08124854475278151
1372,block_2_3,0.11145011559366515,True,0.38746074341315806,0.34805861388086184
1372,block_4_6,-0.49010711315814015,False,1.2555732715863477,1.3674959879252362
1372,top_3,0.11358224646124665,True,0.39300983582121835,0.3566130693245562
1372,top_6,-0.46740772434210004,False,1.2997217748668226,1.3682606268397162
1372,flag_nested,-0.3797065688392739,False,0.5808952261119128,0.6008453574662734
1386,market_1,0.1171984161792788,True,0.07531126437123714,0.07058284866586534
1386,block_2_3,-0.05994281992356022,False,0.4388344868572828,0.27592454348708295
1386,block_4_6,0.0444418333637828,True,0.7453653890377793,0.8216470758358482
1386,top_3,-0.05420847851477473,False,0.44524260770867363,0.28164331278934235
1386,top_6,-0.013348499672838925,False,0.8264892084601025,0.8578093427105129
1386,flag_nested,-0.019043463696706283,False,0.43081262175618235,0.39250783662539435
1400,market_1,0.1149507005588006,True,0.0737650140766057,0.0826886259358532
1400,block_2_3,0.04965136458128665,True,0.42654635662049517,0.275396818805616
1400,block_4_6,0.1298793449036971,True,0.8201635875175208,0.6014306230761772
1400,top_3,0.05452505226479432,True,0.43247859065081196,0.28066736201403114
1400,top_6,0.05274276398920578,True,0.8653187859784536,0.6429734339956981
1400,flag_nested,0.055639477960295884,True,0.4388431245749405,0.31937115977574
1414,market_1,0.16248425956432397,True,0.08124854475278147,0.06618432665658602
1414,block_2_3,0.31283018027764103,True,0.3480586138808616,0.3905203222664474
1414,block_4_6,-0.35979832136397416,False,1.3674959879252375,0.8551894983115694
1414,top_3,0.30006384047995516,True,0.35661306932455583,0.3936711763973931
1414,top_6,-0.3612617840324555,False,1.3682606268397168,0.8350038615314106
1414,flag_nested,-0.2160482853851625,False,0.6008453574662735,0.41502361972834273
1428,market_1,0.35221886335438146,True,0.07058284866586541,0.06022799352704501
1428,block_2_3,0.1388361553886713,True,0.275924543487083,0.3502330643231237
1428,block_4_6,-0.05164037448134392,False,0.8216470758358488,0.7363779989256966
1428,top_3,0.14073796936756852,True,0.2816433127893422,0.3544917859512606
1428,top_6,-0.04788629422742525,False,0.8578093427105143,0.7220668386254122
1428,flag_nested,0.008665322929765115,True,0.39250783662539485,0.3638850183052536
1442,market_1,0.09062249491629387,True,0.08268862593585316,0.06379183053941485
1442,block_2_3,0.22260591572326818,True,0.27539681880561573,0.2903059452887212
1442,block_4_6,0.2913095473857368,True,0.601430623076177,0.6856683859047026
1442,top_3,0.23063119049264988,True,0.28066736201403086,0.29656937979570785
1442,top_6,0.2304637970900531,True,0.6429734339956975,0.6983570465046698
1442,flag_nested,0.22306636450350384,True,0.3193711597757397,0.33863100476501057
1456,market_1,0.09084465124031954,True,0.06618432665658604,0.06049336753009978
1456,block_2_3,-0.17351430627310388,False,0.390520322266448,0.268635873655226
1456,block_4_6,0.17778581723097867,True,0.8551894983115685,0.688993293966723
1456,top_3,-0.15759268607632138,False,0.3936711763973936,0.27352625738186537
1456,top_6,0.1920364410913864,True,0.8350038615314095,0.7036573238860484
1456,flag_nested,0.0976717174051765,True,0.4150236197283425,0.33334755173940367
1470,market_1,0.12680673045719465,True,0.06022799352704502,0.06049383687178324
1470,block_2_3,0.1046940157107899,True,0.35023306432312395,0.27546043096093065
1470,block_4_6,0.33172664847898664,True,0.7363779989256961,1.2974531619686378
1470,top_3,0.1121450805612331,True,0.3544917859512611,0.28010055581759824
1470,top_6,0.3361682157562468,True,0.7220668386254124,1.3105086397812056
1470,flag_nested,0.2795699696912121,True,0.3638850183052538,0.5621836241354866
1484,market_1,0.047465809454318955,True,0.06379183053941484,0.056880845870069446
1484,block_2_3,-0.005095825467659725,False,0.2903059452887215,0.31959889501739625
1484,block_4_6,-0.26007714943369664,False,0.685668385904703,1.1813339791973867
1484,top_3,-0.005557883786514665,False,0.29656937979570797,0.3242630643516059
1484,top_6,-0.2471862648594015,False,0.6983570465046699,1.2016613028807446
1484,flag_nested,-0.19333827301099052,False,0.33863100476501057,0.5281564699354102
1498,market_1,0.06913404723139956,True,0.060493367530099824,0.055560121666472076
1498,block_2_3,0.3646221483663607,True,0.2686358736552257,0.4306385333919616
1498,block_4_6,0.030818143487616474,True,0.688993293966723,0.8519876896836036
1498,top_3,0.360833033189291,True,0.273526257381865,0.4340201820878531
1498,top_6,-0.013735504449893524,False,0.703657323886048,0.8684577604636168
1498,flag_nested,0.08986788367485017,True,0.3333475517394034,0.4376999507551161
1512,market_1,0.02353179585393389,True,0.06049383687178327,0.05797730397495206
1512,block_2_3,0.19240018324251343,True,0.27546043096093087,0.4433093854071426
1512,block_4_6,-0.5116204118760261,False,1.2974531619686394,1.1275482895468858
1512,top_3,0.19531760706737733,True,0.2801005558175985,0.44625119607055524
1512,top_6,-0.48797556899834965,False,1.3105086397812065,1.166689069669296
1512,flag_nested,-0.3792916617832269,False,0.562183624135487,0.5446117656844849
1526,market_1,0.08538100070587291,True,0.05688084587006942,0.058810474343110104
1526,block_2_3,0.23705344511571408,True,0.31959889501739647,0.4475455464958844
1526,block_4_6,0.5348753431235933,True,1.1813339791973863,1.63409658580555
1526,top_3,0.23637070407513994,True,0.324263064351606,0.4508030242783747
1526,top_6,0.5239056717362339,True,1.201661302880744,1.6515198624783096
1526,flag_nested,0.48330090492721056,True,0.52815646993541,0.7251110973398263
1540,market_1,0.16286432993918468,True,0.055560121666472014,0.05618595748151082
1540,block_2_3,0.05279463464186415,True,0.430638533391962,0.36884119334917687
1540,block_4_6,-0.11081415163282368,False,0.8519876896836037,1.1537537479237956
1540,top_3,0.05602294231538574,True,0.43402018208785303,0.3727393308528409
1540,top_6,-0.07619172814643997,False,0.8684577604636171,1.1756755020213143
1540,flag_nested,-0.04075346639043957,False,0.4376999507551161,0.5289964200400291
1554,market_1,0.09367744575745385,True,0.057977303974952064,0.05727722197035281
1554,block_2_3,0.10650896006869613,True,0.4433093854071426,0.34759599822267206
1554,block_4_6,-0.4055077344059943,False,1.1275482895468856,1.3300285346833456
1554,top_3,0.10974932820619342,True,0.4462511960705554,0.3517856056244604
1554,top_6,-0.39479832866598596,False,1.1666890696692958,1.3672113149621292
1554,flag_nested,-0.3043366777405037,False,0.5446117656844849,0.5967211919243159
1568,market_1,0.05844985111908412,True,0.058810474343110104,0.051606096510139046
1568,block_2_3,-0.12581692027377092,False,0.4475455464958846,0.3490076789246613
1568,block_4_6,-0.06866406976988748,False,1.63409658580555,1.5041513964704383
1568,top_3,-0.11959694468739812,False,0.45080302427837493,0.3521860397553557
1568,top_6,-0.06749603055988698,False,1.6515198624783096,1.532558057991484
1568,flag_nested,-0.07236087853088799,False,0.7251110973398263,0.6598968795064162
1582,market_1,-0.017629659395557485,False,0.056185957481510874,0.05188363793719803
1582,block_2_3,-0.16024823911477531,False,0.36884119334917703,0.3456852270890514
1582,block_4_6,-0.27134678783325217,False,1.1537537479237956,1.0016914905649188
1582,top_3,-0.15674176691537123,False,0.3727393308528411,0.34922013366162136
1582,top_6,-0.23806331776559858,False,1.1756755020213148,1.0233341512866025
1582,flag_nested,-0.22107491788885336,False,0.5289964200400293,0.4667750457505096
1596,market_1,0.07212286891915685,True,0.057277221970352774,0.0536601683451868
1596,block_2_3,-0.23801406903579958,False,0.34759599822267195,0.518415717984119
1596,block_4_6,-0.18381474645928372,False,1.330028534683346,0.9281660985564837
1596,top_3,-0.2348983300488702,False,0.35178560562446015,0.5207623682488917
1596,top_6,-0.15506288498022808,False,1.3672113149621288,0.8914610849587393
1596,flag_nested,-0.1609179474204035,False,0.5967211919243158,0.47510809934252585
1610,market_1,0.16443562930822903,True,0.05160609651013904,0.05619648975532668
1610,block_2_3,-0.27449640969629624,False,0.34900767892466106,0.6190136574001585
1610,block_4_6,0.31623963660381005,True,1.5041513964704387,1.5131516191212502
1610,top_3,-0.2722449798316897,False,0.3521860397553553,0.6205867056670753
1610,top_6,0.29867206068677093,True,1.5325580579914848,1.5226894874160986
1610,flag_nested,0.20383539974514736,True,0.6598968795064163,0.7196975367418653
1624,market_1,0.07575483173576428,True,0.05188363793719799,0.05605890687096138
1624,block_2_3,-0.16407403029162151,False,0.345685227089051,0.4987903654694054
1624,block_4_6,-0.006433388265769916,False,1.0016914905649195,1.2724798630849516
1624,top_3,-0.15854478528970833,False,0.34922013366162086,0.4992674139270671
1624,top_6,0.03941775661959328,True,1.0233341512866032,1.2977977516486316
1624,flag_nested,-0.0009513164033493926,False,0.4667750457505097,0.6057599237927637
1638,market_1,0.0889832925523467,True,0.0536601683451868,0.06789858368925081
1638,block_2_3,-0.1147354216451341,False,0.5184157179841195,0.2974301032031351
1638,block_4_6,0.42565315426576095,True,0.9281660985564832,1.4194306328953923
1638,top_3,-0.1146480515442915,False,0.5207623682488923,0.2964959903409606
1638,top_6,0.47203755412503307,True,0.89146108495874,1.4346405287070307
1638,flag_nested,0.32581888270395337,True,0.4751080993425262,0.613959078059138
1652,market_1,0.3697686074306114,True,0.05619648975532672,0.06468961309238175
1652,block_2_3,-0.609796307951063,False,0.6190136574001589,0.44859368524522575
1652,block_4_6,-0.09080271686904506,False,1.5131516191212493,0.7886307533828456
1652,top_3,-0.6076773779630814,False,0.6205867056670755,0.44986233930654
1652,top_6,-0.019698702215610965,False,1.522689487416098,0.7543354869175166
1652,flag_nested,-0.200840342488804,False,0.7196975367418651,0.4080201693805598
1666,market_1,0.4998192483516243,True,0.056058906870961385,0.06717359509292675
1666,block_2_3,-0.31516201769720564,False,0.4987903654694062,0.37182105323433345
1666,block_4_6,0.09726029474024546,True,1.272479863084954,0.5545833505913907
1666,top_3,-0.32175782835668953,False,0.4992674139270681,0.3725951995355632
1666,top_6,0.10200688400995214,True,1.2977977516486325,0.5842491699257011
1666,flag_nested,-0.026052121627184406,False,0.6057599237927642,0.32814509221252874
1680,market_1,0.4085410753624046,True,0.06789858368925084,0.059109676967202485
1680,block_2_3,-0.2226938522326174,False,0.29743010320313473,0.45492718724543163
1680,block_4_6,0.04751596466858078,True,1.4194306328953927,0.5992808452322324
1680,top_3,-0.22790299527587904,False,0.2964959903409602,0.457073970948558
1680,top_6,0.07185790753663267,True,1.434640528707032,0.5868236324857747
1680,flag_nested,0.006433840388611982,True,0.6139590780591385,0.36128449753349234
1694,market_1,0.005287689011817526,True,0.06468961309238173,0.057675834854699154
1694,block_2_3,-0.32600306350841607,False,0.4485936852452257,0.4847097927396275
1694,block_4_6,-0.3504635425015236,False,0.7886307533828459,0.7989556187692771
1694,top_3,-0.3205332386799461,False,0.44986233930653996,0.4880006033290895
1694,top_6,-0.14385157385530198,False,0.7543354869175167,0.7658958901981102
1694,flag_nested,-0.21511777594495599,False,0.40802016938055985,0.42482245387114087
1708,market_1,-0.15211518538850763,False,0.0671735950929268,0.06759906924263348
1708,block_2_3,-0.1391396775814993,False,0.3718210532343337,0.4794658249742101
1708,block_4_6,-0.16001369888362615,False,0.5545833505913901,0.709790187492749
1708,top_3,-0.1310696680144037,False,0.3725951995355633,0.4831892180389716
1708,top_6,-0.011457067500160123,False,0.584249169925701,0.6633002315885519
1708,flag_nested,-0.07179176076002401,False,0.32814509221252874,0.39461556039992357
1722,market_1,0.04423625072204412,True,0.05910967696720245,0.06457133687309814
1722,block_2_3,0.491012787735409,True,0.45492718724543163,0.30784397112455997
1722,block_4_6,0.16464383425954127,True,0.5992808452322324,0.7191727969298526
1722,top_3,0.4868388741591871,True,0.45707397094855784,0.31341049827718714
1722,top_6,0.06280648161664094,True,0.5868236324857746,0.7277097377695735
1722,flag_nested,0.21816279204746758,True,0.3612844975334923,0.3537961957066162
1736,market_1,0.17854783302376173,True,0.057675834854699126,0.06735173823195718
1736,block_2_3,0.48950384710285816,True,0.4847097927396273,0.30057732057695996
1736,block_4_6,-0.275080223245038,False,0.7989556187692761,1.0770336551835786
1736,top_3,0.4827741847360083,True,0.48800060332908923,0.3069117667699232
1736,top_6,-0.36328332907272715,False,0.7658958901981093,1.0914617522668286
1736,flag_nested,-0.12550673034942367,False,0.4248224538711405,0.48423409656939076
1750,market_1,0.13919837343347646,True,0.06759906924263347,0.06062393512465907
1750,block_2_3,0.19601713805293627,True,0.4794658249742098,0.27882149357660285
1750,block_4_6,0.12123065758622092,True,0.7097901874927492,0.6399042910030771
1750,top_3,0.194374521882968,True,0.4831892180389712,0.28526085358831754
1750,top_6,0.12007962101792914,True,0.6633002315885527,0.6848713215037825
1750,flag_nested,0.14272543663633688,True,0.3946155603999236,0.33011306276744073
1764,market_1,0.04708415672285327,True,0.06457133687309817,0.06617493454668089
1764,block_2_3,0.16847578928547063,True,0.3078439711245602,0.3305522907387078
1764,block_4_6,0.13738303374944455,True,0.7191727969298529,0.694195072023406
1764,top_3,0.1622885973791741,True,0.3134104982771874,0.33601594797489054
1764,top_6,0.14758542247259823,True,0.7277097377695739,0.7292839581375706
1764,flag_nested,0.1481972462483772,True,0.3537961957066164,0.361465364398231
1778,market_1,-0.009868332119450436,False,0.0673517382319572,0.06253877507394172
1778,block_2_3,-0.019223704259473322,False,0.3005773205769602,0.3277917143279783
1778,block_4_6,-0.16061009990373773,False,1.0770336551835797,0.546238213207513
1778,top_3,-0.010237121376469732,False,0.30691176676992354,0.33091868538729174
1778,top_6,-0.10982569568602765,False,1.0914617522668306,0.5963891922401362
1778,flag_nested,-0.08046816655576783,False,0.4842340965693914,0.31574277812386126
1792,market_1,0.10957893907672979,True,0.06062393512465898,0.06992074450348806
1792,block_2_3,0.14228861681630736,True,0.2788214935766026,0.33054451538703955
1792,block_4_6,-0.16246171294361664,False,0.6399042910030768,0.7241495289145
1792,top_3,0.14323308505888385,True,0.2852608535883173,0.3315017312302731
1792,top_6,-0.1386843167103932,False,0.6848713215037825,0.7628059080086801
1792,flag_nested,-0.05775945087137317,False,0.3301130627674407,0.3721543389468532
1806,market_1,0.18087933757965477,True,0.06617493454668094,0.06964239966898848
1806,block_2_3,0.17943713502643413,True,0.3305522907387074,0.32505172733005
1806,block_4_6,-0.15096919309402004,False,0.6941950720234059,0.6260609765138218
1806,top_3,0.17225754688016917,True,0.3360159479748905,0.32708070772746406
1806,top_6,-0.1090090721270008,False,0.7292839581375709,0.6467579173265178
1806,flag_nested,-0.01187566413720004,False,0.36146536439823107,0.3320039571424471
1820,market_1,0.1984833680063898,True,0.06253877507394179,0.06560893879077903
1820,block_2_3,0.35713753639618045,True,0.3277917143279781,0.3576752698827323
1820,block_4_6,0.02347943925144675,True,0.5462382132075128,0.6458989362138505
1820,top_3,0.3448843443586269,True,0.3309186853872917,0.36099598479307143
1820,top_6,0.009138158967289778,True,0.5963891922401356,0.6430624327590543
1820,flag_nested,0.14030946955082615,True,0.3157427781238611,0.34156324245907604
1834,market_1,0.012808095174729157,True,0.06992074450348815,0.05914488790314887
1834,block_2_3,0.3016524124350508,True,0.33054451538703944,0.3352878134009163
1834,block_4_6,0.19948818629486278,True,0.7241495289144998,0.6695429302295379
1834,top_3,0.3026838218830224,True,0.331501731230273,0.34014903029289184
1834,top_6,0.16984889404400838,True,0.7628059080086798,0.6849137859432061
1834,flag_nested,0.20317073294871027,True,0.372154338946853,0.3467704154970311
1848,market_1,0.17481024349423738,True,0.06964239966898846,0.05638081496806907
1848,block_2_3,0.27575378683268165,True,0.32505172733005044,0.41084772080687587
1848,block_4_6,0.04414811136428994,True,0.6260609765138221,0.8467476536691179
1848,top_3,0.27559751935091775,True,0.32708070772746445,0.41445702982737653
1848,top_6,0.003428475471096917,True,0.6467579173265179,0.8444128672961685
1848,flag_nested,0.0956926559820857,True,0.3320039571424473,0.42340979507264986
1862,market_1,0.36218442095658376,True,0.06560893879077899,0.06799637745192667
1862,block_2_3,0.3192572029604477,True,0.35767526988273246,0.368076034481433
1862,block_4_6,-0.010452720272444902,False,0.6458989362138502,0.7790147541319833
1862,top_3,0.31880921466044104,True,0.3609959847930717,0.3710842964342711
1862,top_6,-0.07035572167530477,False,0.643062432759054,0.7957484569043767
1862,flag_nested,0.07300886625160558,True,0.341563242459076,0.3950450946549102
1876,market_1,0.1774856108187093,True,0.059144887903148896,0.060027465598284514
1876,block_2_3,0.31814966286410257,True,0.33528781340091623,0.4639624861511801
1876,block_4_6,0.06226673999446858,True,0.6695429302295381,0.7765790641939364
1876,top_3,0.3208224482361341,True,0.34014903029289195,0.4654916719585528
1876,top_6,0.02601277390260097,True,0.6849137859432066,0.7129744025970283
1876,flag_nested,0.14163531047200226,True,0.34677041549703125,0.4006905023084205
1890,market_1,0.2792888144423056,True,0.05638081496806905,0.05211349331367347
1890,block_2_3,0.2700717454009227,True,0.4108477208068755,0.3231459113200059
1890,block_4_6,-0.1523948846403209,False,0.8467476536691176,0.7335900740980253
1890,top_3,0.2700527969170746,True,0.4144570298273762,0.3257946871452933
1890,top_6,-0.18763309866126393,False,0.8444128672961682,0.7367990584579273
1890,flag_nested,-0.04268692019875109,False,0.4234097950726497,0.3585740523241127
1904,market_1,0.1664340766848036,True,0.06799637745192667,0.04440537689129213
1904,block_2_3,0.25515142032800076,True,0.368076034481433,0.3765327086206342
1904,block_4_6,-0.026872421640649864,False,0.7790147541319831,0.8383390211145234
1904,top_3,0.25114857893504955,True,0.371084296434271,0.3789136094348681
1904,top_6,-0.09129641701155558,False,0.7957484569043765,0.8232641070156927
1904,flag_nested,0.01446484769090302,True,0.3950450946549101,0.4034736384844764
1918,market_1,0.2181953885796614,True,0.06002746559828452,0.05368410685271153
1918,block_2_3,-0.058276947708280756,False,0.46396248615118035,0.29623874576102827
1918,block_4_6,-0.08352845434842533,False,0.7765790641939357,0.8675918711664837
1918,top_3,-0.06523523864806734,False,0.46549167195855323,0.2990006264371721
1918,top_6,-0.10162558688002062,False,0.712974402597028,0.8832364973301113
1918,flag_nested,-0.08036864269049784,False,0.40069050230842074,0.40336116145191897
1932,market_1,0.17248164035030317,True,0.05211349331367349,0.049726573866748405
1932,block_2_3,0.29613894041357747,True,0.3231459113200063,0.4133796512605623
1932,block_4_6,0.03784376387777824,True,0.7335900740980258,0.8377406720872891
1932,top_3,0.28805517054300117,True,0.3257946871452936,0.41527099018901603
1932,top_6,0.006606357025773137,True,0.7367990584579273,0.892638255974808
1932,flag_nested,0.08995674463550828,True,0.35857405232411277,0.4390405143617214
1946,market_1,0.006316467476965023,True,0.04440537689129215,0.047786132078534785
1946,block_2_3,0.6104782070807547,True,0.3765327086206343,0.4950251303811747
1946,block_4_6,0.0164303923631804,True,0.8383390211145234,1.0185752729404012
1946,top_3,0.6038437492847624,True,0.3789136094348684,0.4973206747872365
1946,top_6,-0.03626155917812548,False,0.8232641070156933,1.0144430718688833
1946,flag_nested,0.16106475304532442,True,0.4034736384844767,0.5062034406110195
1960,market_1,-0.08191071837712981,False,0.053684106852711494,0.048460408831868626
1960,block_2_3,0.20688984925991236,True,0.29623874576102815,0.6065843324356818
1960,block_4_6,0.031930102175465526,True,0.8675918711664832,1.2122634065369522
1960,top_3,0.20431727321514673,True,0.29900062643717196,0.6084825841972853
1960,top_6,0.05913610009671471,True,0.8832364973301102,1.1987507085206852
1960,flag_nested,0.09276054210508204,True,0.4033611614519186,0.6043723795622709
1974,market_1,-0.15482349193224315,False,0.04972657386674837,0.04400385319605114
1974,block_2_3,0.31408637647453735,True,0.4133796512605617,0.43099828989751654
1974,block_4_6,0.20399399952394004,True,0.837740672087289,1.1153748823337437
1974,top_3,0.3142234746498706,True,0.4152709901890153,0.4323962697841553
1974,top_6,0.18094719046055252,True,0.8926382559748076,1.1369021165522704
1974,flag_nested,0.21135648868545262,True,0.4390405143617211,0.5288505657625373
1988,market_1,-0.19789088384075607,False,0.0477861320785348,0.05905406761680939
1988,block_2_3,-0.25511954354317073,False,0.49502513038117446,0.5141210091209449
1988,block_4_6,0.13178862243112963,True,1.018575272940401,0.9053968623761722
1988,top_3,-0.254840612696734,False,0.49732067478723596,0.5162422730981809
1988,top_6,0.2750387492239575,True,1.0144430718688828,0.8795003494749655
1988,flag_nested,0.07782805012095105,True,0.5062034406110192,0.4703646335922597
2002,market_1,-0.05148657700013864,False,0.048460408831868654,0.06905771930473971
2002,block_2_3,-0.43518041254254436,False,0.6065843324356816,0.6918148231362413
2002,block_4_6,-0.20533809490644464,False,1.2122634065369526,0.8872643848406714
2002,top_3,-0.4338150178948005,False,0.6084825841972853,0.6925320386425756
2002,top_6,0.0906182023353637,True,1.1987507085206859,0.6757090950898998
2002,flag_nested,-0.1648196028634505,False,0.604372379562271,0.4906454663423017
2016,market_1,0.23235513794228527,True,0.044003853196051164,0.06379846828709697
2016,block_2_3,-0.24420876350592374,False,0.4309982898975168,0.5258334428533635
2016,block_4_6,-0.16435652054019284,False,1.1153748823337433,0.8334686669078387
2016,top_3,-0.24471614839831302,False,0.4323962697841554,0.5276830524019912
2016,top_6,-0.03579484835398113,False,1.1369021165522695,0.7381031356341351
2016,flag_nested,-0.10023913762662863,False,0.528850565762537,0.4332275217773731
2030,market_1,0.3025730025870062,True,0.05905406761680937,0.04560180907729053
2030,block_2_3,0.5930275382421467,True,0.5141210091209448,0.41323027691788045
2030,block_4_6,-0.0293230995660603,False,0.9053968623761719,0.7523642198609746
2030,top_3,0.5882977878714355,True,0.5162422730981809,0.4152886625045859
2030,top_6,-0.22124517734383822,False,0.8795003494749651,0.7159090694594556
2030,flag_nested,0.10965172451973322,True,0.47036463359225955,0.38077383753148647
2044,market_1,0.3596419739367344,True,0.06905771930473968,0.04020104641632449
2044,block_2_3,-0.15585101275815808,False,0.6918148231362417,0.3070848323622795
2044,block_4_6,0.10393715065747032,True,0.8872643848406712,0.7518506223990571
2044,top_3,-0.15213813644536814,False,0.6925320386425753,0.3095013797984796
2044,top_6,0.2169747106337321,True,0.6757090950898997,0.7815289295203511
2044,flag_nested,0.051110004205282965,True,0.49064546634230155,0.3678918366108342
2058,market_1,0.3033251631960685,True,0.06379846828709695,0.04033688889482639
2058,block_2_3,0.2063796980470112,True,0.5258334428533639,0.3125927388289988
2058,block_4_6,0.2379307144971624,True,0.8334686669078385,1.4364512803858474
2058,top_3,0.20705549644180268,True,0.5276830524019913,0.31507777723463154
2058,top_6,0.24318295070431223,True,0.7381031356341351,1.4510387103229736
2058,flag_nested,0.20690584466036455,True,0.4332275217773732,0.6209970125940317
2072,market_1,0.2419442366516435,True,0.04560180907729054,0.04250652492273593
2072,block_2_3,0.08363038320084624,True,0.41323027691788056,0.3239367406129481
2072,block_4_6,-0.06466516743682302,False,0.7523642198609752,1.2839497529479864
2072,top_3,0.08531338667837846,True,0.41528866250458607,0.3259088877848141
2072,top_6,-0.06372936925587358,False,0.7159090694594562,1.3067353904002816
2072,flag_nested,-0.026011362162157912,False,0.3807738375314867,0.5672787989993527
2086,market_1,0.1425440054888895,True,0.0402010464163245,0.045680588508881695
2086,block_2_3,0.009840230824642545,True,0.30708483236227974,0.401450561043493
2086,block_4_6,0.3729522451300386,True,0.7518506223990572,1.5673535257367912
2086,top_3,0.010315612128121631,True,0.30950137979847964,0.4038123525800737
2086,top_6,0.38361243951441065,True,0.7815289295203509,1.5821886820056055
2086,flag_nested,0.3149725735926966,True,0.36789183661083413,0.6882308424090289
2100,market_1,-0.0367969161148345,False,0.040336888894826416,0.0511603965123173
2100,block_2_3,0.25053517318277824,True,0.3125927388289988,0.329078876497037
2100,block_4_6,0.5006308816409949,True,1.4364512803858474,0.6700375301342174
2100,top_3,0.24521122792875408,True,0.3150777772346315,0.33245874617404514
2100,top_6,0.46705184395221455,True,1.4510387103229727,0.7230785432361683
2100,flag_nested,0.4080388382709373,True,0.6209970125940314,0.35580999904714145
2114,market_1,0.09131373327372061,True,0.042506524922735926,0.05322296480865321
2114,block_2_3,0.17486816320995235,True,0.32393674061294814,0.33223910910979365
2114,block_4_6,-0.07483204880852745,False,1.2839497529479866,0.5989448726210881
2114,top_3,0.1742312347245088,True,0.32590888778481397,0.3363168910086354
2114,top_6,-0.04597998223739121,False,1.3067353904002816,0.6317063585795946
2114,flag_nested,0.0013279037826370473,True,0.5672787989993527,0.3271765908810966
2128,market_1,0.3676794866669215,True,0.045680588508881674,0.04660974858761268
2128,block_2_3,-0.001975218520350742,False,0.40145056104349247,0.5443779599047427
2128,block_4_6,-0.019558266383600767,False,1.5673535257367908,0.7790050803480085
2128,top_3,0.0018338453886656064,True,0.40381235258007325,0.5463437141211568
2128,top_6,-0.017315513540020134,False,1.5821886820056041,0.6921328451894698
2128,flag_nested,-0.007648378448628086,False,0.6882308424090282,0.4260409986706823
2142,market_1,0.3342135655038115,True,0.05116039651231728,0.04336316850243523
2142,block_2_3,0.17793456224587917,True,0.3290788764970369,0.364790790968758
2142,block_4_6,-0.44942774692289794,False,0.670037530134217,1.120273323218949
2142,top_3,0.1814664352684234,True,0.33245874617404514,0.3673388694644836
2142,top_6,-0.3742463938054836,False,0.7230785432361682,1.1236329814799233
2142,flag_nested,-0.23575669355371526,False,0.35580999904714145,0.5072325162756188
2156,market_1,0.12985368970623068,True,0.053222964808653205,0.04368849103736768
2156,block_2_3,0.029687405132257663,True,0.3322391091097936,0.3303821455244048
2156,block_4_6,-0.10806938968879397,False,0.5989448726210876,1.0520518034469353
2156,top_3,0.030467721267127473,True,0.3363168910086353,0.3326648069001283
2156,top_6,-0.059248951382533756,False,0.6317063585795943,1.0871866249675095
2156,flag_nested,-0.03363502305929104,False,0.3271765908810965,0.4855853187138824
2170,market_1,0.14307316761562514,True,0.046609748587612694,0.03952085305401312
2170,block_2_3,-0.2909370573567081,False,0.544377959904743,0.3096655386975611
2170,block_4_6,-0.14353966968025883,False,0.7790050803480084,1.061829125696969
2170,top_3,-0.2867513516872734,False,0.546343714121157,0.31200738413007123
2170,top_6,-0.06554961858518231,False,0.69213284518947,1.0760391407325778
2170,flag_nested,-0.11905837376957432,False,0.42604099867068246,0.47643272257626357
2184,market_1,0.15944688713181498,True,0.0433631685024352,0.039436825367001875
2184,block_2_3,0.3028485014097489,True,0.3647907909687579,0.3221520898204189
2184,block_4_6,0.09630590302223951,True,1.1202733232189495,0.7104584599244992
2184,top_3,0.3015059412601843,True,0.3673388694644837,0.3243441689105021
2184,top_6,0.05936100398411635,True,1.1236329814799237,0.7533756372566963
2184,flag_nested,0.11223448306857689,True,0.5072325162756189,0.36223949485448304
2198,market_1,0.06866374707728823,True,0.04368849103736768,0.04619991641830327
2198,block_2_3,-0.006807513530754001,False,0.3303821455244048,0.4665454297669593
2198,block_4_6,-0.2242095525155484,False,1.0520518034469357,0.7475382233076733
2198,top_3,-0.0048440885260973374,False,0.33266480690012834,0.4682220223807037
2198,top_6,-0.2109319044445631,False,1.0871866249675093,0.7082548534114241
2198,flag_nested,-0.1404688322517427,False,0.4855853187138823,0.3985170961468152
2212,market_1,0.034985442780318114,True,0.03952085305401312,0.05203377414330858
2212,block_2_3,-0.2078606086448071,False,0.30966553869756086,0.4130300998990615
2212,block_4_6,-0.19133604747329608,False,1.0618291256969683,0.8227132814099412
2212,top_3,-0.20595029545898735,False,0.31200738413007095,0.4155062197730436
2212,top_6,-0.13162910667969885,False,1.0760391407325778,0.8264403990524816
2212,flag_nested,-0.1425502254815209,False,0.47643272257626346,0.4172408681716465
2226,market_1,0.11696544440375636,True,0.039436825367001924,0.05951976134724804
2226,block_2_3,0.2013906772886314,True,0.322152089820419,0.3600624708140092
2226,block_4_6,0.009549835341519042,True,0.7104584599244995,0.7496496175126106
2226,top_3,0.2011748213817346,True,0.3243441689105021,0.36099795822093117
2226,top_6,0.007499091186955299,True,0.7533756372566962,0.7699392203824638
2226,flag_nested,0.06399604225734132,True,0.36223949485448304,0.38181606974814425
2240,market_1,-0.022329805283086465,False,0.04619991641830328,0.06867266259642893
2240,block_2_3,0.4583210290657345,True,0.46654542976695995,0.4608011819588892
2240,block_4_6,0.373900940045234,True,0.747538223307673,0.666475720683725
2240,top_3,0.4603146457849234,True,0.4682220223807043,0.4606384027071802
2240,top_6,0.138994779939601,True,0.708254853411424,0.6526420537826677
2240,flag_nested,0.2867602087306697,True,0.3985170961468154,0.3826688590220447
2254,market_1,0.049311939355132096,True,0.05203377414330861,0.06331127234043153
2254,block_2_3,-0.3282209635034817,False,0.4130300998990614,0.49026579762682676
2254,block_4_6,0.032564130562796174,True,0.8227132814099414,0.6747361146065847
2254,top_3,-0.32518414754537556,False,0.41550621977304375,0.4908242793596853
2254,top_6,0.180183989939945,True,0.826440399052481,0.5964831008291487
2254,flag_nested,-0.045155000565209186,False,0.4172408681716464,0.3789588674304136
2268,market_1,0.14675116164147997,True,0.059519761347248,0.05102261066846967
2268,block_2_3,-0.3942633439714035,False,0.3600624708140092,0.6242553694009838
2268,block_4_6,0.014015213662712163,True,0.7496496175126102,0.8480922730236893
2268,top_3,-0.39191407464778377,False,0.36099795822093117,0.625771000859821
2268,top_6,0.201231756994453,True,0.7699392203824633,0.7038499185343307
2268,flag_nested,-0.061413683432873026,False,0.3818160697481441,0.46443572207779654
2282,market_1,-0.27029781315788254,False,0.0686726625964289,0.05024437613973643
2282,block_2_3,-0.587753253524321,False,0.4608011819588886,0.7645309344892716
2282,block_4_6,-0.19183090395545854,False,0.6664757206837254,1.00446646530218
2282,top_3,-0.5855103319334775,False,0.46063840270717965,0.7658854822593062
2282,top_6,0.1240222779010084,True,0.6526420537826678,0.7555297128513828
2282,flag_nested,-0.28761863934428417,False,0.3826688590220445,0.5414691857767564
2296,market_1,-0.22587472420346225,False,0.0633112723404315,0.05358140292032768
2296,block_2_3,0.523564146852887,True,0.49026579762682715,0.3662681424963022
2296,block_4_6,0.23488182160430013,True,0.6747361146065844,0.7871914121022552
2296,top_3,0.5265455922506153,True,0.4908242793596858,0.36828941510351393
2296,top_6,0.12274473335936499,True,0.5964831008291486,0.7844417518299176
2296,flag_nested,0.27557795656945117,True,0.3789588674304138,0.38812559157271714
2310,market_1,0.0024220613305736094,True,0.05102261066846968,0.048799113977834756
2310,block_2_3,0.5512927757277045,True,0.624255369400984,0.30684305186132
2310,block_4_6,0.33006588769644013,True,0.8480922730236887,1.0324391800030626
2310,top_3,0.5465991032311347,True,0.6257710008598211,0.3098727290223754
2310,top_6,0.29718879421398386,True,0.7038499185343298,1.0412556116026095
2310,flag_nested,0.3325849853257385,True,0.4644357220777963,0.4637786085025921
2324,market_1,0.029861118341943174,True,0.050244376139736445,0.04417129558418239
2324,block_2_3,0.5723587484264867,True,0.764530934489272,0.3383716180312018
2324,block_4_6,0.561476677806027,True,1.00446646530218,0.9341820421793269
2324,top_3,0.5671887066878565,True,0.7658854822593065,0.3411745880757689
2324,top_6,0.54637918709798,True,0.7555297128513822,0.9432908558856766
2324,flag_nested,0.48578152023895543,True,0.5414691857767563,0.43479965846666757
2338,market_1,0.15332649632103915,True,0.05358140292032771,0.050254855053533276
2338,block_2_3,0.10785534108869976,True,0.3662681424963023,0.28724528291775947
2338,block_4_6,0.10504861358793777,True,0.7871914121022551,0.7736934723693091
2338,top_3,0.10915794884975308,True,0.3682894151035139,0.29123607548733516
2338,top_6,0.09138214105225184,True,0.7844417518299175,0.8160685187342552
2338,flag_nested,0.09623952391209808,True,0.38812559157271703,0.3765541203550872
2352,market_1,0.29084952773885947,True,0.048799113977834735,0.06196716877509884
2352,block_2_3,-0.19375385950808113,False,0.30684305186132016,0.2677591285934001
2352,block_4_6,-0.29363969420625075,False,1.032439180003063,0.606730118063685
2352,top_3,-0.18984456006352146,False,0.3098727290223755,0.2714320100584707
2352,top_6,-0.255638181648803,False,1.04125561160261,0.6418011308774584
2352,flag_nested,-0.22782370708814406,False,0.46377860850259234,0.31152820733719483
2366,market_1,0.18400966301984306,True,0.0441712955841824,0.06708676460336814
2366,block_2_3,-0.35238146409528964,False,0.33837161803120175,0.2666999343671177
2366,block_4_6,-0.3455323579769674,False,0.9341820421793268,0.6829890765679317
2366,top_3,-0.3391233795268778,False,0.34117458807576884,0.2705417442752048
2366,top_6,-0.28568566606046114,False,0.9432908558856771,0.6939994460531123
2366,flag_nested,-0.28580252874744067,False,0.4347996584666678,0.33041002452070917
2380,market_1,0.20801011373685158,True,0.05025485505353325,0.05980768618347714
2380,block_2_3,-0.14357391440102935,False,0.28724528291775925,0.2159487304950176
2380,block_4_6,0.07447045779961196,True,0.7736934723693091,0.7833508043317781
2380,top_3,-0.1334676409389705,False,0.291236075487335,0.22252541495797193
2380,top_6,0.0761430391668139,True,0.8160685187342552,0.7994736879493549
2380,flag_nested,0.044941776659325396,True,0.3765541203550871,0.35582183141929924
2394,market_1,0.1504043974435083,True,0.06196716877509884,0.05060415371694993
2394,block_2_3,-0.16906344465722178,False,0.2677591285934001,0.2630006109417517
2394,block_4_6,0.16330390045421728,True,0.6067301180636846,1.3837203513877336
2394,top_3,-0.15396219929255237,False,0.2714320100584708,0.2670196755606799
2394,top_6,0.16765014033388706,True,0.6418011308774584,1.3928409225195562
2394,flag_nested,0.1179602093460128,True,0.31152820733719483,0.5913218993575103
2408,market_1,0.3013145123541157,True,0.06708676460336811,0.048570727040978826
2408,block_2_3,-0.33639864668099984,False,0.26669993436711764,0.33044477475554335
2408,block_4_6,0.0108818673009707,True,0.6829890765679315,1.6267185100448789
2408,top_3,-0.32568928241140954,False,0.2705417442752047,0.33363313452524
2408,top_6,0.04240746818127405,True,0.6939994460531119,1.6241138138311662
2408,flag_nested,-0.0037201424936166437,False,0.330410024520709,0.6921611698555987
2422,market_1,0.3206057425148252,True,0.05980768618347717,0.044081067657793724
2422,block_2_3,0.10861932691712452,True,0.21594873049501778,0.23088517820638213
2422,block_4_6,0.41432520409792883,True,0.783350804331778,1.533980333142511
2422,top_3,0.1113617088147641,True,0.22252541495797215,0.23427801522358996
2422,top_6,0.401688660130705,True,0.7994736879493544,1.544290328139979
2422,flag_nested,0.37150951822486367,True,0.3558218314192992,0.6463053764251075
2436,market_1,0.3466508018685437,True,0.05060415371694998,0.04587754382943247
2436,block_2_3,0.23714649499679702,True,0.26300061094175164,0.20752789171228397
2436,block_4_6,0.2885222298764672,True,1.383720351387733,0.924348803044303
2436,top_3,0.23830266308659057,True,0.2670196755606797,0.21092839976695382
2436,top_6,0.27682947264284513,True,1.3928409225195586,0.9390606382859937
2436,flag_nested,0.27412645296374627,True,0.5913218993575113,0.4048549032681385
2450,market_1,0.09752924809186084,True,0.04857072704097881,0.04874815226352215
2450,block_2_3,-0.25191023808347496,False,0.33044477475554346,0.24490443976792245
2450,block_4_6,-0.12715108034033576,False,1.6267185100448793,0.8902636371674181
2450,top_3,-0.24230392151119048,False,0.3336331345252402,0.24909512944006137
2450,top_6,-0.10557410773426924,False,1.624113813831166,0.9053076270533214
2450,flag_nested,-0.11697984919417433,False,0.6921611698555985,0.3995699689910564
2464,market_1,0.1626494852736391,True,0.0440810676577937,0.04846455379263868
2464,block_2_3,0.11342970050503337,True,0.23088517820638188,0.2627041592026714
2464,block_4_6,-0.12052169499895851,False,1.533980333142511,0.9448330270776624
2464,top_3,0.11115647686826204,True,0.2342780152235896,0.2665344634764449
2464,top_6,-0.12231008342276053,False,1.5442903281399785,0.9729896173483032
2464,flag_nested,-0.10093674681743295,False,0.6463053764251072,0.4287351384702969
2478,market_1,0.186627784712058,True,0.04587754382943247,0.053065517406648964
2478,block_2_3,-0.2041556128089024,False,0.207527891712284,0.38789527471562635
2478,block_4_6,-0.11769268430771289,False,0.9243488030443018,1.1853663853107823
2478,top_3,-0.19335050709969712,False,0.21092839976695388,0.390065691628295
2478,top_6,-0.11294472463745439,False,0.939060638285993,1.1833691353470963
2478,flag_nested,-0.11881595926666683,False,0.4048549032681382,0.5356554696333684
2492,market_1,0.18092836802264733,True,0.04874815226352212,0.04561165065553633
2492,block_2_3,0.25039668279746896,True,0.24490443976792234,0.31178807787327184
2492,block_4_6,0.09129264022834357,True,0.8902636371674182,0.980292901316015
2492,top_3,0.2516582599679729,True,0.24909512944006112,0.3138321969282328
2492,top_6,0.08615884386670875,True,0.9053076270533212,1.0199755009134996
2492,flag_nested,0.11087548923661039,True,0.3995699689910563,0.4564014778997549
2506,market_1,0.3299817270900429,True,0.048464553792638705,0.04528438648006296
2506,block_2_3,0.0813633694229274,True,0.2627041592026714,0.347384013906893
2506,block_4_6,0.155457989098697,True,0.9448330270776626,1.1006266632290573
2506,top_3,0.08301612992635271,True,0.26653446347644516,0.3495629450450084
2506,top_6,0.1392748609069822,True,0.9729896173483036,1.1319550481373444
2506,flag_nested,0.1329921301119089,True,0.428735138470297,0.5062961567524734
2520,market_1,0.23524878048852893,True,0.05306551740664891,0.04018729564734385
2520,block_2_3,-0.10191686276778195,False,0.38789527471562674,0.37857041390957963
2520,block_4_6,-0.1817124891860346,False,1.1853663853107825,1.0980101374932458
2520,top_3,-0.10064410765498895,False,0.39006569162829535,0.3804673257696421
2520,top_6,-0.13818593003110086,False,1.1833691353470972,1.1114980105367986
2520,flag_nested,-0.12834931396264385,False,0.5356554696333687,0.5057385213349795
2534,market_1,0.21964088393071618,True,0.04561165065553637,0.04660381208719738
2534,block_2_3,0.1380058947168322,True,0.31178807787327195,0.338507895406957
2534,block_4_6,0.08006982319099384,True,0.9802929013160149,0.7907024784434477
2534,top_3,0.13413187847684982,True,0.31383219692823283,0.34093170796077854
2534,top_6,0.06259762234057482,True,1.0199755009134999,0.8328815238353017
2534,flag_nested,0.07816133575380686,True,0.45640147789975505,0.3956412481737031
2548,market_1,0.1520514666878027,True,0.04528438648006291,0.04615485753490908
2548,block_2_3,0.040993100700551025,True,0.347384013906893,0.30630210863124263
2548,block_4_6,0.07661913766711517,True,1.1006266632290582,0.8486726099764804
2548,top_3,0.04502236548625765,True,0.34956294504500846,0.309642233446524
2548,top_6,0.06757364680206336,True,1.1319550481373448,0.8873554492830792
2548,flag_nested,0.06438635132061686,True,0.5062961567524736,0.4065992999018987
2562,market_1,0.17901869957443017,True,0.04018729564734386,0.048216365869496014
2562,block_2_3,-0.2897987529608106,False,0.3785704139095795,0.30917544643110384
2562,block_4_6,-0.3371891967280912,False,1.098010137493246,0.8538569714211245
2562,top_3,-0.2822812721917121,False,0.380467325769642,0.3127321512161286
2562,top_6,-0.29863093619935155,False,1.1114980105367986,0.8818619290923168
2562,flag_nested,-0.29069515269747687,False,0.5057385213349795,0.40563369485635764
2576,market_1,0.07243026863924368,True,0.04660381208719739,0.04652863846772231
2576,block_2_3,0.1613411064409174,True,0.33850789540695736,0.2692626989422201
2576,block_4_6,-0.25024606238850267,False,0.7907024784434479,0.9176682419235375
2576,top_3,0.16038454228855334,True,0.3409317079607787,0.2731721235716064
2576,top_6,-0.22574292853984587,False,0.8328815238353018,0.9504811070194095
2576,flag_nested,-0.14782736603077104,False,0.39564124817370316,0.4214360050628574
2590,market_1,0.11333904759415896,True,0.046154857534909104,0.04039698444824332
2590,block_2_3,-0.26363813672013175,False,0.30630210863124274,0.36341324806522884
2590,block_4_6,0.14555426499074842,True,0.8486726099764794,0.816857401660359
2590,top_3,-0.25689574839061124,False,0.30964223344652414,0.36558813787817335
2590,top_6,0.10959678480672845,True,0.8873554492830789,0.8599421326687537
2590,flag_nested,0.026624784774286668,True,0.40659929990189864,0.41162307652519814
2604,market_1,0.061710041456698624,True,0.048216365869496035,0.03999620085821042
2604,block_2_3,-0.08255644290485373,False,0.30917544643110334,0.3398100171065539
2604,block_4_6,-0.1320632710339736,False,0.853856971421124,0.833513086605104
2604,top_3,-0.07956588491279576,False,0.3127321512161282,0.3421469697477071
2604,top_6,-0.1357741704298076,False,0.8818619290923161,0.8782681604472664
2604,flag_nested,-0.12134307626211062,False,0.4056336948563573,0.4113154174857871
2618,market_1,0.11492055103688976,True,0.046528638467722254,0.0412521564373938
2618,block_2_3,0.10880889960918617,True,0.26926269894221977,0.28719957488425024
2618,block_4_6,0.16056245431159233,True,0.9176682419235381,0.9217403291400399
2618,top_3,0.10890007195645691,True,0.27317212357160614,0.29007381303620794
2618,top_6,0.1472875710976546,True,0.9504811070194102,0.9569782815120785
2618,flag_nested,0.14126848683546542,True,0.42143600506285755,0.42706430190486777
2632,market_1,0.05910975352154514,True,0.04039698444824332,0.046171385229439414
2632,block_2_3,0.027309404681505695,True,0.3634132480652288,0.3091542405669547
2632,block_4_6,0.04810061208700733,True,0.8168574016603587,0.9691816714140292
2632,top_3,0.02516940604968003,True,0.3655881378781733,0.3112925684489808
2632,top_6,0.0609492475609622,True,0.8599421326687537,0.9941505496321497
2632,flag_nested,0.05307417387216381,True,0.41162307652519814,0.4462682718128682
2646,market_1,-0.006574065972538634,False,0.03999620085821041,0.047061923357041256
2646,block_2_3,0.13571993970110202,True,0.3398100171065542,0.3218078421488483
2646,block_4_6,0.01526585557033856,True,0.8335130866051045,1.1310366999171244
2646,top_3,0.13422843557444258,True,0.34214696974770725,0.3229217117704216
2646,top_6,0.022440605356564666,True,0.878268160447266,1.163871493029711
2646,flag_nested,0.04152201903411538,True,0.411315417485787,0.5125821338954814
2660,market_1,0.13018661144477373,True,0.041252156437393814,0.04710699367186921
2660,block_2_3,0.1746273056713546,True,0.28719957488425035,0.3449546548940875
2660,block_4_6,0.05603864043981923,True,0.9217403291400407,0.9401736173348464
2660,top_3,0.17307015420949973,True,0.2900738130362081,0.3469221983934103
2660,top_6,0.07202623694361819,True,0.9569782815120788,0.97676074643638
2660,flag_nested,0.09017034793235473,True,0.4270643019048679,0.4487178015137496
2674,market_1,-0.055454251050806695,False,0.046171385229439435,0.049984655595315
2674,block_2_3,-0.24211112047966576,False,0.30915424056695445,0.3964272948573763
2674,block_4_6,-0.04702436782523213,False,0.9691816714140294,0.7125401366307176
2674,top_3,-0.23677399675218358,False,0.3112925684489805,0.3994222977938928
2674,top_6,-0.009771450601665153,False,0.9941505496321494,0.7304798179019113
2674,flag_nested,-0.0655482759593005,False,0.446268271812868,0.38027794727054787
2688,market_1,-0.0627356270550084,False,0.04706192335704124,0.05619302113120411
2688,block_2_3,-0.049805163286260695,False,0.3218078421488483,0.36454903796076443
2688,block_4_6,0.0025188733597302105,True,1.1310366999171244,0.6118331727690973
2688,top_3,-0.04258829029590306,False,0.32292171177042167,0.3677636859747352
2688,top_6,-0.006633160257146432,False,1.163871493029712,0.6547285568890958
2688,flag_nested,-0.015193345472006445,False,0.5125821338954818,0.34595656625088966
2702,market_1,0.016231415366638552,True,0.047106993671869206,0.060083045086839544
2702,block_2_3,0.004329694247668806,True,0.3449546548940876,0.4196479024681351
2702,block_4_6,-0.008600125569904513,False,0.9401736173348464,0.9315769767993829
2702,top_3,0.013708558855346524,True,0.3469221983934104,0.42114430823223525
2702,top_6,0.02601302084951276,True,0.9767607464363799,0.9847172907426824
2702,flag_nested,0.022977942802723157,True,0.44871780151374957,0.47364773007687677
2716,market_1,0.23530486064802397,True,0.04998465559531497,0.05264313662183924
2716,block_2_3,0.059671731976447005,True,0.39642729485737654,0.43384432216427543
2716,block_4_6,-0.1654418563564153,False,0.7125401366307178,0.9985968404946868
2716,top_3,0.06089232674373159,True,0.3994222977938928,0.4359733781069667
2716,top_6,-0.10952928689410238,False,0.7304798179019111,1.0332624900821135
2716,flag_nested,-0.05123056827362841,False,0.3802779472705478,0.4940318385905581
2730,market_1,0.46386315631640374,True,0.05619302113120415,0.05814943398803086
2730,block_2_3,0.3792143636260064,True,0.36454903796076443,0.5213353682404939
2730,block_4_6,0.003931141120272641,True,0.6118331727690978,0.8230316082927491
2730,top_3,0.3773579597561226,True,0.36776368597473497,0.5230631367577034
2730,top_6,-0.008597022076997423,False,0.6547285568890961,0.8298454802846157
2730,flag_nested,0.1575171606604883,True,0.3459565662508896,0.4575517732558052
2744,market_1,0.36390077131127035,True,0.060083045086839565,0.05487767551590255
2744,block_2_3,0.2979769337860126,True,0.41964790246813505,0.43160229299569175
2744,block_4_6,-0.06391247373332157,False,0.9315769767993832,0.7935411529443299
2744,top_3,0.29593078469962664,True,0.4211443082322351,0.43451880002096954
2744,top_6,-0.12840762913208925,False,0.9847172907426824,0.766213108516645
2744,flag_nested,0.016191711905113947,True,0.47364773007687666,0.404714932272548
2758,market_1,0.41645008919448057,True,0.052643136621839275,0.05647202256056059
2758,block_2_3,0.4757361255114811,True,0.43384432216427576,0.4354954828088206
2758,block_4_6,0.061306096632423354,True,0.9985968404946869,0.893152506734744
2758,top_3,0.47297369238496617,True,0.4359733781069673,0.4381493166460823
2758,top_6,0.01931098009165151,True,1.033262490082113,0.864438296226975
2758,flag_nested,0.15823405477027333,True,0.4940318385905581,0.4378618030328626
2772,market_1,0.40893865831301984,True,0.05814943398803084,0.057062029661997055
2772,block_2_3,0.30253313409432,True,0.5213353682404936,0.3287245449568163
2772,block_4_6,0.07816646864555196,True,0.8230316082927494,0.806673490361652
2772,top_3,0.30185058624581673,True,0.5230631367577031,0.3331139968049404
2772,top_6,0.09639211812187377,True,0.8298454802846156,0.8184034535702011
2772,flag_nested,0.16711670220673847,True,0.45755177325580504,0.38971154587404677
2786,market_1,0.40154807433274897,True,0.05487767551590256,0.05935177301536563
2786,block_2_3,0.20869160130786424,True,0.43160229299569175,0.36972628779452166
2786,block_4_6,0.17200939010595198,True,0.7935411529443297,0.9304145698943135
2786,top_3,0.21151718213276696,True,0.43451880002096943,0.3733573208068906
2786,top_6,0.1719932861037945,True,0.7662131085166445,0.9675505819064466
2786,flag_nested,0.18507468725544277,True,0.4047149322725478,0.45388715637041094
2800,market_1,0.3696453465649945,True,0.05647202256056057,0.0622155657502409
2800,block_2_3,-0.0031263577117833694,False,0.43549548280882006,0.3602913949328923
2800,block_4_6,0.016037205386218643,True,0.8931525067347438,1.0605333314138357
2800,top_3,0.0018701770388934807,True,0.43814931664608175,0.3650854544305241
2800,top_6,0.031186286372773507,True,0.8644382962269742,1.088298441384467
2800,flag_nested,0.028972999826331187,True,0.43786180303286215,0.49568016154960914
2814,market_1,0.27456172083655833,True,0.05706202966199704,0.05701633619512058
2814,block_2_3,-0.12883861061694266,False,0.3287245449568166,0.36816532334806945
2814,block_4_6,0.19480841032722673,True,0.8066734903616523,0.9914220817991101
2814,top_3,-0.1242016032547515,False,0.33311399680494064,0.37109870797541894
2814,top_6,0.2276049673133012,True,0.8184034535702011,0.9998628008578204
2814,flag_nested,0.14813526388565257,True,0.3897115458740468,0.4645175450974172
2828,market_1,0.39330544064996215,True,0.059351773015365636,0.05086018083622322
2828,block_2_3,-0.09201146724642881,False,0.36972628779452194,0.37637661462580946
2828,block_4_6,0.07289509452361953,True,0.9304145698943131,0.9397289584949045
2828,top_3,-0.08625881391442833,False,0.373357320806891,0.3787168141096041
2828,top_6,0.10315405857501579,True,0.9675505819064465,0.9476508765913807
2828,flag_nested,0.0634684366401074,True,0.45388715637041105,0.44729102801405657
2842,market_1,0.1969733671044399,True,0.06221556575024089,0.055770327376767334
2842,block_2_3,-0.06959296694969369,False,0.3602913949328923,0.5100736721352634
2842,block_4_6,0.1314252156159786,True,1.0605333314138352,1.217953362075668
2842,top_3,-0.06693075541853905,False,0.36508545443052437,0.5119445530682035
2842,top_6,0.141458161003329,True,1.088298441384466,1.1690283199055147
2842,flag_nested,0.09479950684701742,True,0.495680161549609,0.5641311372467378
2856,market_1,0.2751163190048934,True,0.057016336195120594,0.058750268981463405
2856,block_2_3,0.11286754322625193,True,0.36816532334806906,0.5211079397581522
2856,block_4_6,0.4936022646384301,True,0.9914220817991092,1.0015824483774225
2856,top_3,0.10944028339368322,True,0.3710987079754188,0.5226105518797326
2856,top_6,0.4779775153929746,True,0.9998628008578199,0.9531161968935578
2856,flag_nested,0.36429739047728316,True,0.46451754509741694,0.49588029928019295
2870,market_1,0.3408411877812792,True,0.05086018083622324,0.060159078432717054
2870,block_2_3,0.3080544627543911,True,0.37637661462580946,0.3903335679408214
2870,block_4_6,0.3400419964759906,True,0.9397289584949043,0.8588344831813624
2870,top_3,0.30209805553052227,True,0.378716814109604,0.3911664181314302
2870,top_6,0.2641666859062273,True,0.9476508765913808,0.8802567703773191
2870,flag_nested,0.2747808300832609,True,0.44729102801405657,0.4286780072598968
2884,market_1,0.3911390664078296,True,0.05577032737676734,0.05827314190668288
2884,block_2_3,-0.1311515266717582,False,0.5100736721352629,0.3215328835970991
2884,block_4_6,-0.08918186144810421,False,1.2179533620756677,0.5861215175261337
2884,top_3,-0.13001291782872693,False,0.5119445530682031,0.3221721749363337
2884,top_6,-0.058771540097534755,False,1.1690283199055156,0.6396448254507359
2884,flag_nested,-0.07181292440152097,False,0.564131137246738,0.3258603682914857
2898,market_1,0.3569983858089467,True,0.05875026898146345,0.059528342134642545
2898,block_2_3,-0.2816496810057493,False,0.5211079397581526,0.3000555312789499
2898,block_4_6,-0.2779579899407876,False,1.0015824483774234,0.6543050804576392
2898,top_3,-0.2821447233480375,False,0.5226105518797326,0.30103990911765593
2898,top_6,-0.2009061529691399,False,0.9531161968935584,0.6944265901048795
2898,flag_nested,-0.21316999589828228,False,0.49588029928019317,0.33782147255407396
2912,market_1,0.3438854878082011,True,0.060159078432717034,0.062534752382042
2912,block_2_3,-0.11276054658764528,False,0.39033356794082097,0.24513026488799433
2912,block_4_6,-0.15980711963550073,False,0.8588344831813627,0.6625471510591855
2912,top_3,-0.12387512651998278,False,0.39116641813143,0.24858494728868655
2912,top_6,-0.14375134016191363,False,0.8802567703773192,0.6957580997386602
2912,flag_nested,-0.12511292753772424,False,0.42867800725989674,0.32432798648947164
2926,market_1,0.1167017999170003,True,0.05827314190668288,0.05857896857029694
2926,block_2_3,-0.05707087742477693,False,0.32153288359709936,0.24613114156778362
2926,block_4_6,0.07422130557317583,True,0.5861215175261343,0.5800903111070953
2926,top_3,-0.05811006346781486,False,0.32217217493633404,0.25082460926012984
2926,top_6,0.09555447770736368,True,0.6396448254507363,0.6242208142685289
2926,flag_nested,0.05330446412446933,True,0.32586036829148585,0.29890538289443647
2940,market_1,-0.052551342795927776,False,0.05952834213464252,0.050523839498976535
2940,block_2_3,-0.07367489635006236,False,0.3000555312789501,0.27517587300456114
2940,block_4_6,0.09906830085645164,True,0.6543050804576389,0.47440093136709754
2940,top_3,-0.0652293678262055,False,0.301039909117656,0.27933546895682015
2940,top_6,0.11117783909408423,True,0.6944265901048788,0.5000509450071663
2940,flag_nested,0.04968067690779257,True,0.3378214725540738,0.26502311414400676
2954,market_1,-0.17821861398982974,False,0.06253475238204202,0.05745768649542361
2954,block_2_3,-0.11977939507343846,False,0.24513026488799475,0.37520305927295294
2954,block_4_6,0.09818662554808957,True,0.6625471510591855,0.56327795161715
2954,top_3,-0.10246321780928298,False,0.24858494728868694,0.3770287205850509
2954,top_6,0.11803363207767426,True,0.6957580997386603,0.5367112019132351
2954,flag_nested,0.03439601278869691,True,0.3243279864894718,0.31415721673911096
2968,market_1,0.05914952069980126,True,0.05857896857029692,0.052719501739197774
2968,block_2_3,0.034595251428281425,True,0.24613114156778357,0.4418514217380183
2968,block_4_6,-0.03190363769216789,False,0.5800903111070951,0.6515932053527581
2968,top_3,0.03852766827376093,True,0.2508246092601298,0.44469831931189857
2968,top_6,-0.07062325676411166,False,0.6242208142685287,0.5919654449382649
2968,flag_nested,-0.025658539326622085,False,0.29890538289443636,0.35651375699973303
2982,market_1,0.3552155206158312,True,0.050523839498976555,0.04962248767608852
2982,block_2_3,-0.010527965984172851,False,0.27517587300456087,0.3445449264981615
2982,block_4_6,0.04923097019173155,True,0.4744009313670974,0.6472645956786083
2982,top_3,-0.00233516342996927,False,0.27933546895682,0.3479819166262079
2982,top_6,0.10695481647749563,True,0.5000509450071661,0.6770557902878048
2982,flag_nested,0.0748553538899198,True,0.26502311414400664,0.34529256181266627
2996,market_1,0.06258475316978383,True,0.05745768649542358,0.05740914601414846
2996,block_2_3,-0.36754681609342515,False,0.3752030592729527,0.346566874691191
2996,block_4_6,-0.11907722378757266,False,0.5632779516171496,0.6183015825669193
2996,top_3,-0.35337362517140536,False,0.37702872058505055,0.3501431827457689
2996,top_6,0.07289378983308727,True,0.5367112019132348,0.6157959136323556
2996,flag_nested,-0.1100505252704282,False,0.31415721673911073,0.3276634361580554
3010,market_1,0.01202301812045914,True,0.052719501739197774,0.05494228531875673
3010,block_2_3,-0.532780615697699,False,0.4418514217380184,0.37677112933991136
3010,block_4_6,-0.13260216034900435,False,0.6515932053527577,0.6348387759030493
3010,top_3,-0.5226260576937697,False,0.4446983193118985,0.3796291709889827
3010,top_6,0.15354326477994523,True,0.591965444938265,0.5848763984634784
3010,flag_nested,-0.1750412633184064,False,0.35651375699973303,0.3287422862738785
3024,market_1,0.11451429494172735,True,0.049622487676088504,0.04735001758350014
3024,block_2_3,0.03088033715983943,True,0.34454492649816165,0.26925632025000024
3024,block_4_6,0.15256887129126054,True,0.6472645956786078,0.5110912076086105
3024,top_3,0.0315064563799333,True,0.34798191662620787,0.2728137052085404
3024,top_6,0.11620407151139862,True,0.6770557902878049,0.5501508342919033
3024,flag_nested,0.08822156351437954,True,0.3452925618126662,0.27838005225538004
3038,market_1,-0.21995545465651187,False,0.05740914601414849,0.06871415011170294
3038,block_2_3,0.4589420581201252,True,0.3465668746911911,0.32207884360219435
3038,block_4_6,0.2036932094099516,True,0.6183015825669191,0.6769270724490897
3038,top_3,0.45716590693699527,True,0.35014318274576905,0.3233658722480823
3038,top_6,0.11779635900523787,True,0.6157959136323559,0.6947938578160852
3038,flag_nested,0.218339902172865,True,0.32766343615805554,0.3464580989773334
3052,market_1,-0.31473618121519326,False,0.054942285318756744,0.09379298349882266
3052,block_2_3,0.5632146808734627,True,0.37677112933991136,0.3823713143186705
3052,block_4_6,0.09045725671339373,True,0.6348387759030494,0.8364656188857523
3052,top_3,0.5726137407772586,True,0.3796291709889827,0.3797078510817778
3052,top_6,-0.032773409783488625,False,0.5848763984634785,0.845653013831931
3052,flag_nested,0.1681270809131352,True,0.3287422862738785,0.41957674440459913
3066,market_1,0.3873542754643001,True,0.04735001758350019,0.07920785302824182
3066,block_2_3,0.23678716495594335,True,0.26925632025000024,0.6667082804405859
3066,block_4_6,0.09547966729550875,True,0.5110912076086107,1.121148805176209
3066,top_3,0.23391927241614335,True,0.27281370520854054,0.6664319640824063
3066,top_6,0.023344444864461064,True,0.5501508342919029,0.9800463277736952
3066,flag_nested,0.11356791955415056,True,0.27838005225537993,0.5607134196676341
3080,market_1,0.47199375616177003,True,0.0687141501117029,0.06010043019001916
3080,block_2_3,0.5581577392465017,True,0.32207884360219413,0.5158890986591174
3080,block_4_6,0.25502998563283763,True,0.6769270724490902,0.9652200899542038
3080,top_3,0.5527209369037218,True,0.32336587224808205,0.517894555304454
3080,top_6,0.11189701921462092,True,0.6947938578160853,0.8845959170587535
3080,flag_nested,0.2702987608684653,True,0.3464580989773333,0.47268944131060053
3094,market_1,0.4123715134202848,True,0.09379298349882266,0.05404087055046419
3094,block_2_3,0.5527841958245183,True,0.38237131431867044,0.6132856471147795
3094,block_4_6,0.42895715238535853,True,0.8364656188857521,0.9664196503843089
3094,top_3,0.5550719869361135,True,0.37970785108177746,0.6143799323083768
3094,top_6,0.32443350601953547,True,0.8456530138319314,0.821824284589553
3094,flag_nested,0.401887286443486,True,0.41957674440459913,0.4912302670043066
3108,market_1,0.5479812726007389,True,0.07920785302824183,0.06480529992258983
3108,block_2_3,0.6592202141895307,True,0.6667082804405855,0.32762165777288577
3108,block_4_6,0.31801857572014963,True,1.1211488051762084,0.6477207912290948
3108,top_3,0.6534142201617836,True,0.6664319640824058,0.32780194775496707
3108,top_6,0.12141197164299984,True,0.9800463277736956,0.6458390080865163
3108,flag_nested,0.3405740583663837,True,0.560713419667634,0.33096188593714143
3122,market_1,0.439765544083229,True,0.06010043019001919,0.071280423716503
3122,block_2_3,0.6581701214957705,True,0.5158890986591175,0.40913628082154674
3122,block_4_6,-0.024132905139921876,False,0.9652200899542038,1.1038427103784916
3122,top_3,0.652608316217907,True,0.5178945553044546,0.4082500534271437
3122,top_6,-0.17473226713724646,False,0.884595917058754,1.0779597063821713
3122,flag_nested,0.08435677414612149,True,0.47268944131060076,0.5042847630822116
3136,market_1,0.2804024159602642,True,0.054040870550464165,0.07787538416027451
3136,block_2_3,0.46727098796187183,True,0.6132856471147797,0.40969754442139783
3136,block_4_6,-0.16376789467521896,False,0.9664196503843088,1.4939513972281584
3136,top_3,0.4655573254002088,True,0.6143799323083773,0.40889991584509355
3136,top_6,-0.31603826758140896,False,0.8218242845895525,1.484024378301934
3136,flag_nested,-0.07483767555329571,False,0.4912302670043066,0.6548681916359648
3150,market_1,0.34698974148821965,True,0.06480529992258977,0.07149567512456767
3150,block_2_3,0.40066011357136866,True,0.3276216577728857,0.36088368676998606
3150,block_4_6,0.2795173343698404,True,0.6477207912290951,1.2483630359199014
3150,top_3,0.38729749069635366,True,0.32780194775496696,0.3620637146500575
3150,top_6,0.20891891187614337,True,0.6458390080865163,1.2521019543924696
3150,flag_nested,0.24463728268165275,True,0.3309618859371414,0.5568676324607948
3164,market_1,0.588600135720012,True,0.07128042371650298,0.07408653726012958
3164,block_2_3,0.16150052708405954,True,0.40913628082154657,0.30224761964728675
3164,block_4_6,0.27739399352544003,True,1.1038427103784914,0.8519251592010035
3164,top_3,0.14355364623530184,True,0.40825005342714343,0.30193262374323365
3164,top_6,0.26441190415634785,True,1.0779597063821706,0.8677697235381373
3164,flag_nested,0.24794569188549925,True,0.5042847630822113,0.4017220850433752
3178,market_1,0.6457316596183046,True,0.07787538416027451,0.0743851954114017
3178,block_2_3,-0.545580489411132,False,0.4096975444213977,0.4213979453963235
3178,block_4_6,-0.04022300499813501,False,1.4939513972281582,0.6528787677870129
3178,top_3,-0.5602597215639566,False,0.4088999158450936,0.42147768718288836
3178,top_6,0.07516801553319913,True,1.4840243783019322,0.5779562832961499
3178,flag_nested,-0.07788619365227063,False,0.6548681916359643,0.3470156794646623
3192,market_1,0.5700536896581668,True,0.0714956751245677,0.05974796006392416
3192,block_2_3,-0.5477382063374153,False,0.36088368676998667,0.49477457683182496
3192,block_4_6,0.0804081740586127,True,1.2483630359199018,0.6632702544737926
3192,top_3,-0.5502291282626285,False,0.36206371465005766,0.49563971703299664
3192,top_6,0.22440204240156877,True,1.2521019543924705,0.5660670994635125
3192,flag_nested,-0.019131265843732162,False,0.5568676324607952,0.3726410989336643
3206,market_1,0.586203996050939,True,0.07408653726012959,0.06081524113932289
3206,block_2_3,0.01960349386324646,True,0.3022476196472867,0.43027053018004385
3206,block_4_6,0.3284162372020953,True,0.8519251592010039,0.6757686014252232
3206,top_3,0.013110416629225857,True,0.30193262374323365,0.4316926331568783
3206,top_6,0.37400861043854655,True,0.8677697235381365,0.6276960337634808
3206,flag_nested,0.2551301921482859,True,0.4017220850433749,0.36260868053023015
3220,market_1,0.5022909221957607,True,0.07438519541140165,0.05779252407615028
3220,block_2_3,0.18033187412672022,True,0.4213979453963235,0.29593624975756583
3220,block_4_6,0.0469908754802618,True,0.6528787677870133,0.7662103007412567
3220,top_3,0.17398489439259726,True,0.42147768718288836,0.2992350551237132
3220,top_6,-0.008537154130110034,False,0.5779562832961503,0.7973153068297492
3220,flag_nested,0.06812346111384698,True,0.3470156794646624,0.37301358106851706
3234,market_1,0.3854724580710678,True,0.05974796006392417,0.055327979471270335
3234,block_2_3,-0.16956233078040048,False,0.4947745768318247,0.357213130646012
3234,block_4_6,0.22841950694015317,True,0.663270254473793,0.8741108562791746
3234,top_3,-0.170066081983347,False,0.49563971703299636,0.3590954978676748
3234,top_6,0.29514852834605326,True,0.5660670994635122,0.9137232410597187
3234,flag_nested,0.10368957463809021,True,0.3726410989336641,0.4303402580719477
3248,market_1,0.19847019035643904,True,0.06081524113932288,0.048509393306199716
3248,block_2_3,-0.17081907013431022,False,0.43027053018004385,0.4441044632716192
3248,block_4_6,0.0961668237653383,True,0.6757686014252229,0.9018910764304293
3248,top_3,-0.1714927002790198,False,0.43169263315687817,0.4458637549719448
3248,top_6,0.16520995872071492,True,0.6276960337634804,0.9476757345109488
3248,flag_nested,0.03519074084867276,True,0.36260868053023,0.4672253633971948
3262,market_1,0.2520149663690882,True,0.05779252407615028,0.04832321975840028
3262,block_2_3,0.1918877944300125,True,0.29593624975756605,0.4953213733080597
3262,block_4_6,-0.344397712586698,False,0.7662103007412565,1.2558670540365853
3262,top_3,0.1862178080583139,True,0.29923505512371323,0.4964506510823226
3262,top_6,-0.3138503355649142,False,0.797315306829749,1.2676437202735935
3262,flag_nested,-0.19396004411159998,False,0.373013581068517,0.5935567792098906
3276,market_1,0.21621646993034724,True,0.05532797947127033,0.04794275723085735
3276,block_2_3,0.3583928430451707,True,0.3572131306460119,0.3280098234413433
3276,block_4_6,-0.020915212290509758,False,0.8741108562791743,0.536089113756708
3276,top_3,0.3539547459140976,True,0.35909549786767486,0.3305987260086933
3276,top_6,0.0459435805364016,True,0.9137232410597184,0.5976321073345628
3276,flag_nested,0.13908386284997926,True,0.4303402580719476,0.31346084785282574
3290,market_1,-0.0025073985906111226,False,0.048509393306199744,0.04707927843493407
3290,block_2_3,0.21067223586761175,True,0.4441044632716191,0.3428579991792369
3290,block_4_6,-0.3733055847849178,False,0.9018910764304292,0.8010929430310997
3290,top_3,0.2080995311444361,True,0.44586375497194464,0.3453322703629635
3290,top_6,-0.32218862640682033,False,0.947675734510949,0.8426744945386535
3290,flag_nested,-0.1721635921231554,False,0.46722536339719484,0.40039726281152677
3304,market_1,0.0194018480756846,True,0.048323219758400315,0.04567059170494529
3304,block_2_3,-0.2662103093782016,False,0.49532137330805937,0.39814430214883273
3304,block_4_6,-0.5118739911756892,False,1.2558670540365848,0.9325331426435309
3304,top_3,-0.26274212339271813,False,0.4964506510823222,0.4000989827015552
3304,top_6,-0.4353317159004707,False,1.2676437202735935,0.9531468020800081
3304,flag_nested,-0.3890127972564139,False,0.5935567792098905,0.4548190182026736
3318,market_1,0.13291777385641299,True,0.047942757230857336,0.044644214427943106
3318,block_2_3,-0.07979432569824704,False,0.3280098234413432,0.46044577221285693
3318,block_4_6,0.024201314926794525,True,0.5360891137567086,1.2474450344722134
3318,top_3,-0.07870425395324748,False,0.3305987260086931,0.4619408076644179
3318,top_6,0.06782562175308622,True,0.5976321073345635,1.250259745112846
3318,flag_nested,0.02609325160591454,True,0.31346084785282585,0.5776225245366097
3332,market_1,0.13490304654226207,True,0.047079278434934105,0.04151758744967734
3332,block_2_3,-0.036951011789179325,False,0.342857999179237,0.4210013241825386
3332,block_4_6,0.3358620563418031,True,0.8010929430310996,0.9970456791061623
3332,top_3,-0.03675358894573536,False,0.3453322703629634,0.42251388500451725
3332,top_6,0.3360926701065158,True,0.8426744945386535,0.9936143415431749
3332,flag_nested,0.2385129537829007,True,0.40039726281152677,0.47515746270216347
3346,market_1,0.13386773412406444,True,0.0456705917049453,0.0385281887914609
3346,block_2_3,0.1517684303797179,True,0.3981443021488331,0.4285715190809532
3346,block_4_6,0.4262765915114258,True,0.9325331426435315,0.9895110277304626
3346,top_3,0.15014536747191978,True,0.4000989827015557,0.4300161793299392
3346,top_6,0.4111072859743625,True,0.9531468020800087,0.991823688028124
3346,flag_nested,0.3396820242243148,True,0.454819018202674,0.4765236239498956
3360,market_1,0.1294932220298185,True,0.0446442144279431,0.04229567762842166
3360,block_2_3,0.14006594815912754,True,0.460445772212857,0.41332802953307146
3360,block_4_6,0.3167581644511582,True,1.2474450344722119,0.8654952212260648
3360,top_3,0.13921122689783544,True,0.4619408076644179,0.4153466961227291
3360,top_6,0.27809707901486047,True,1.2502597451128439,0.9107708111305893
3360,flag_nested,0.24121102671506026,True,0.5776225245366089,0.4444589918173721
3374,market_1,0.07944666820774589,True,0.04151758744967731,0.04013140949514026
3374,block_2_3,0.2306218444508325,True,0.4210013241825386,0.5225152944909354
3374,block_4_6,0.16488708970368032,True,0.9970456791061617,0.7587521445481185
3374,top_3,0.22949510618276375,True,0.4225138850045174,0.5240415474905269
3374,top_6,0.07742865768243001,True,0.9936143415431737,0.7794067990456781
3374,flag_nested,0.12918495475093897,True,0.4751574627021632,0.4409038492233051
3388,market_1,0.2667689177184829,True,0.03852818879146089,0.03916188930659917
3388,block_2_3,0.34752014752456106,True,0.4285715190809529,0.5446037418464935
3388,block_4_6,0.029237043568727857,True,0.9895110277304627,0.8758132967950696
3388,top_3,0.3471642671679144,True,0.4300161793299389,0.5459657045798408
3388,top_6,-0.05589091557020142,False,0.9918236880281248,0.8811479120226766
3388,flag_nested,0.08496579447758229,True,0.47652362394989584,0.4798924645968478
3402,market_1,0.010420869078050751,True,0.04229567762842166,0.052963028994617724
3402,block_2_3,0.28283268898125924,True,0.41332802953307146,0.5499302391134109
3402,block_4_6,-0.08034363968390301,False,0.8654952212260656,0.9566393805350693
3402,top_3,0.2808578087466657,True,0.41534669612272923,0.5520596625647664
3402,top_6,-0.12381983936298382,False,0.9107708111305896,0.9538906761312025
3402,flag_nested,0.015834848767601065,True,0.4444589918173722,0.506010154495276
3416,market_1,0.1362769151155292,True,0.04013140949514028,0.06045058488218932
3416,block_2_3,0.16762124938888276,True,0.5225152944909353,0.5551100100503723
3416,block_4_6,0.16899693673790975,True,0.7587521445481188,0.851844420511334
3416,top_3,0.16740121267683825,True,0.5240415474905267,0.5577523573332202
3416,top_6,0.09197651149125939,True,0.7794067990456784,0.8631035307185648
3416,flag_nested,0.1270491458817131,True,0.4409038492233052,0.48115290851522685
3430,market_1,0.19558948605715143,True,0.03916188930659916,0.06149235769102313
3430,block_2_3,0.307542997182694,True,0.544603741846494,0.6436303775637416
3430,block_4_6,-0.000932142894996891,False,0.8758132967950698,1.272080487511482
3430,top_3,0.3062520160321846,True,0.5459657045798415,0.6452048140680714
3430,top_6,-0.0477552185742209,False,0.8811479120226771,1.2034014314481583
3430,flag_nested,0.09413844528380147,True,0.47989246459684815,0.6196022070289816
3444,market_1,0.2004583100121797,True,0.05296302899461774,0.056884299191756575
3444,block_2_3,0.21967396284899263,True,0.5499302391134102,0.7629571445687372
3444,block_4_6,-0.10022223858012518,False,0.9566393805350687,1.2193575951216735
3444,top_3,0.2177616210619058,True,0.5520596625647656,0.7643273525853657
3444,top_6,-0.18128646179458344,False,0.9538906761312016,1.073844346160378
3444,flag_nested,0.0008950234931285091,True,0.5060101544952754,0.6246264516450534
3458,market_1,0.11621151574362726,True,0.06045058488218929,0.05508977525016806
3458,block_2_3,0.2397090597298423,True,0.5551100100503723,0.7704389598993857
3458,block_4_6,0.2723137271991412,True,0.8518444205113339,1.1198200194843702
3458,top_3,0.2373096849039669,True,0.5577523573332202,0.7718512269683382
3458,top_6,0.22068367380365592,True,0.8631035307185644,0.9270688992666092
3458,flag_nested,0.22604762358564798,True,0.4811529085152267,0.5872499009727666
3472,market_1,0.2413103734650662,True,0.06149235769102313,0.05292076979382551
3472,block_2_3,0.6669331307372652,True,0.6436303775637411,0.6010557356577964
3472,block_4_6,0.289796974518581,True,1.2720804875114822,0.8034951838717179
3472,top_3,0.6645421902500599,True,0.645204814068071,0.6023805745540675
3472,top_6,0.029624821848292314,True,1.2034014314481583,0.712820770539602
3472,flag_nested,0.32209332606620433,True,0.6196022070289815,0.4565526277378975
3486,market_1,0.2354365884771267,True,0.05688429919175656,0.05217728614752578
3486,block_2_3,0.41398225922970755,True,0.7629571445687374,0.3974315221399685
3486,block_4_6,0.3260548299514659,True,1.2193575951216744,0.9471628320838656
3486,top_3,0.41010517973430927,True,0.7643273525853659,0.3996137767470212
3486,top_6,0.23701623369859237,True,1.0738443461603786,0.9750783766236037
3486,flag_nested,0.2897829378079768,True,0.6246264516450536,0.46305057262126403
3500,market_1,0.24388098113196321,True,0.05508977525016801,0.05550054164204387
3500,block_2_3,0.045515636715542755,True,0.7704389598993856,0.2984264698425647
3500,block_4_6,0.17408206907852328,True,1.1198200194843697,1.0850627760776304
3500,top_3,0.04269461258020622,True,0.7718512269683381,0.3010004598838282
3500,top_6,0.19820862306472553,True,0.9270688992666085,1.1161147711572186
3500,flag_nested,0.1326492171682242,True,0.5872499009727663,0.49081506986359674
3514,market_1,0.17549417767245373,True,0.052920769793825526,0.05434378883915229
3514,block_2_3,0.023890786944617253,True,0.6010557356577964,0.305970409908093
3514,block_4_6,0.3179039675738414,True,0.8034951838717185,0.9877425521492244
3514,top_3,0.021376927487438052,True,0.6023805745540672,0.30872409489305336
3514,top_6,0.312477031326292,True,0.7128207705396026,1.0082413903406742
3514,flag_nested,0.19031674041080127,True,0.4565526277378975,0.45182801282559054
3528,market_1,0.17307655368779978,True,0.05217728614752575,0.05681133019203546
3528,block_2_3,0.2071110548963,True,0.3974315221399687,0.4031308095114861
3528,block_4_6,0.2977821929066952,True,0.9471628320838648,0.9748746773828335
3528,top_3,0.2019481690675783,True,0.3996137767470213,0.4057165938882161
3528,top_6,0.27174090420139324,True,0.9750783766236026,0.957561225034602
3528,flag_nested,0.25258397591342974,True,0.46305057262126376,0.45925674958411694
3542,market_1,0.2844733582724236,True,0.0555005416420439,0.05685517796867863
3542,block_2_3,0.22171939705461524,True,0.29842646984256493,0.3068017112050263
3542,block_4_6,0.34985341034056155,True,1.0850627760776295,0.7420986271968888
3542,top_3,0.216905900855895,True,0.3010004598838283,0.31100830714867067
3542,top_6,0.3351628726577327,True,1.1161147711572181,0.773539796362394
3542,flag_nested,0.30970919906963873,True,0.4908150698635966,0.36769806870094707
3556,market_1,0.19547103814231004,True,0.054343788839152286,0.05233267727703404
3556,block_2_3,0.2638527945067015,True,0.3059704099080928,0.3363823061403083
3556,block_4_6,0.19149675493817062,True,0.9877425521492246,0.6764225212468502
3556,top_3,0.2623598349400991,True,0.3087240948930529,0.34029641979515834
3556,top_6,0.1827593043638678,True,1.0082413903406742,0.7211632232519625
3556,flag_nested,0.19726960812154853,True,0.4518280128255905,0.3577969526346515
3570,market_1,0.11542035462153732,True,0.05681133019203549,0.05476798800483052
3570,block_2_3,-0.09370000547145624,False,0.4031308095114862,0.35813078246372254
3570,block_4_6,-0.14320607912413313,False,0.9748746773828337,0.7661834131412076
3570,top_3,-0.08768544928070501,False,0.40571659388821624,0.36220730567438586
3570,top_6,-0.09421038100967714,False,0.9575612250346023,0.8106178082917017
3570,flag_nested,-0.08882013549040367,False,0.4592567495841171,0.39528190167440874
3584,market_1,0.05029841726955709,True,0.05685517796867862,0.05983384800967178
3584,block_2_3,0.21886846975889887,True,0.30680171120502614,0.3240660710207553
3584,block_4_6,-0.03762161314054284,False,0.7420986271968888,0.7824551923620964
3584,top_3,0.21755290597952884,True,0.31100830714867056,0.3292806528725087
3584,top_6,-0.028480646176210673,False,0.7735397963623941,0.8206820657689934
3584,flag_nested,0.03198035293141557,True,0.36769806870094707,0.38983994279554884
3598,market_1,0.15035836790856888,True,0.05233267727703409,0.055081638254617246
3598,block_2_3,-0.18894448788925045,False,0.3363823061403086,0.43363475507880656
3598,block_4_6,0.11531771256015107,True,0.6764225212468498,0.8624992657549484
3598,top_3,-0.18210072809828515,False,0.3402964197951589,0.4370863599902946
3598,top_6,0.18860661812841067,True,0.7211632232519625,0.8465058123419048
3598,flag_nested,0.06863193729621522,True,0.35779695263465167,0.43144427676982694
3612,market_1,0.11226498793268579,True,0.05476798800483051,0.05511390277503213
3612,block_2_3,-0.26025034757783255,False,0.35813078246372254,0.3944929889117585
3612,block_4_6,-0.12567382846055042,False,0.7661834131412076,0.6791508281566052
3612,top_3,-0.25244744272711744,False,0.36220730567438586,0.39812119735326346
3612,top_6,-0.053528875832279936,False,0.8106178082917012,0.6588028963089677
3612,flag_nested,-0.11700303432414365,False,0.3952819016744085,0.35806132748074754
3626,market_1,0.00684073746398155,True,0.059833848009671745,0.052319788489207895
3626,block_2_3,0.06778715046487169,True,0.32406607102075524,0.35560711407458195
3626,block_4_6,0.09589307185120806,True,0.7824551923620972,0.768407422622437
3626,top_3,0.06564604941748761,True,0.32928065287250874,0.3594059233680616
3626,top_6,0.08073868609462917,True,0.8206820657689937,0.7871968823317008
3626,flag_nested,0.07510354461201765,True,0.38983994279554895,0.3861019573165833
3640,market_1,0.1207222466516036,True,0.05508163825461719,0.049810185766666994
3640,block_2_3,-0.12700762506274121,False,0.4336347550788063,0.5670778303549154
3640,block_4_6,0.050644070828012804,True,0.8624992657549484,0.8556421450608895
3640,top_3,-0.12423460045184978,False,0.4370863599902941,0.5692170024827807
3640,top_6,0.07636792304650362,True,0.8465058123419049,0.8362618574859126
3640,flag_nested,-0.004678040457080436,False,0.4314442767698268,0.4764864835007411
3654,market_1,-0.041703832931564135,False,0.055113902775032135,0.055175484677772786
3654,block_2_3,-0.030684504994861247,False,0.39449298891175816,1.0306015066108085
3654,block_4_6,0.029925418320111887,True,0.6791508281566055,1.205594747456156
3654,top_3,-0.030004185376304386,False,0.39812119735326323,1.0318570411139318
3654,top_6,0.09297990805189257,True,0.6588028963089673,0.8179151993355505
3654,flag_nested,0.016772664930619654,True,0.3580613274807473,0.6851653309668493
3668,market_1,0.011332517655032202,True,0.05231978848920788,0.05695404674847458
3668,block_2_3,-0.03080095923621155,False,0.35560711407458195,1.5499086277334637
3668,block_4_6,0.027276576618153973,True,0.7684074226224366,1.602369950435236
3668,top_3,-0.030543905365047794,False,0.35940592336806165,1.550961850440377
3668,top_6,0.21553570937318384,True,0.7871968823317009,0.7071448194863826
3668,flag_nested,0.039445757003168276,True,0.38610195731658337,0.9425569566711844
3682,market_1,0.05911376907991744,True,0.049810185766667035,0.058826701306413064
3682,block_2_3,0.6521013291825368,True,0.5670778303549154,1.340444470132925
3682,block_4_6,0.3736637937985585,True,0.8556421450608895,1.3965623009085502
3682,top_3,0.6493206549336878,True,0.5692170024827805,1.3417122942438586
3682,top_6,0.10205777625819024,True,0.8362618574859128,0.5955676409158981
3682,flag_nested,0.44846032214901965,True,0.4764864835007411,0.8140278517630635
3696,market_1,0.09744541376742342,True,0.05517548467777276,0.05896629769727503
3696,block_2_3,0.7445728696786087,True,1.0306015066108087,0.7244708178383047
3696,block_4_6,0.503048562513239,True,1.205594747456156,0.8782251045444976
3696,top_3,0.7421517856799138,True,1.0318570411139318,0.7264347321964427
3696,top_6,0.19987377431477357,True,0.8179151993355508,0.7023871849228388
3696,flag_nested,0.5846538301639811,True,0.6851653309668493,0.5114725055189847
3710,market_1,0.12216792060031895,True,0.05695404674847461,0.05403404200317186
3710,block_2_3,0.008369978707801463,True,1.549908627733463,0.3032565692194055
3710,block_4_6,-0.08560872690834445,False,1.6023699504352347,0.8194709520475851
3710,top_3,0.009248899083849642,True,1.5509618504403764,0.30779315740574886
3710,top_6,0.06080220235218421,True,0.7071448194863831,0.8460977292494625
3710,flag_nested,0.021400266346793415,True,0.942556956671184,0.39218887650040507
3724,market_1,0.25409852324918336,True,0.05882670130641302,0.04512287704946325
3724,block_2_3,-0.3740395338784856,False,1.3404444701329261,0.4388574947365567
3724,block_4_6,-0.130172663919014,False,1.396562300908551,1.1293873669313943
3724,top_3,-0.3706615917106801,False,1.34171229424386,0.44107386402613735
3724,top_6,0.09643383407884379,True,0.5955676409158982,1.1427518758629935
3724,flag_nested,-0.14164737463238705,False,0.8140278517630642,0.5334151917974108
3738,market_1,-0.054250223648299345,False,0.058966297697275,0.05442364541220578
3738,block_2_3,0.36798503949335093,True,0.7244708178383051,0.36077518324662794
3738,block_4_6,-0.00920104748103649,False,0.8782251045444975,1.3585684281951884
3738,top_3,0.36346856890058177,True,0.7264347321964432,0.36469801869578317
3738,top_6,-0.08625061735043658,False,0.7023871849228387,1.367951587971489
3738,flag_nested,0.05908550899064697,True,0.5114725055189849,0.5993152253189606
3752,market_1,0.0013288279578605202,True,0.054034042003171856,0.05514838249933515
3752,block_2_3,0.4608595456238667,True,0.3032565692194055,0.4140244700208863
3752,block_4_6,0.17324170169971517,True,0.8194709520475855,1.3714687296380068
3752,top_3,0.4521282875833839,True,0.3077931574057491,0.4172844770746857
3752,top_6,0.166486394477545,True,0.8460977292494628,1.384294627529696
3752,flag_nested,0.2143793441208297,True,0.3921888765004053,0.6168160652328922
3766,market_1,0.13886314401490024,True,0.04512287704946325,0.05600937757205689
3766,block_2_3,0.2861539760099016,True,0.4388574947365563,0.3300927022926237
3766,block_4_6,0.1876922495020406,True,1.129387366931393,0.9167979487333084
3766,top_3,0.284970155980047,True,0.44107386402613663,0.3342663691337085
3766,top_6,0.225277890894769,True,1.1427518758629929,0.9738449010635953
3766,flag_nested,0.2362580736483724,True,0.5334151917974105,0.44547057603005324
3780,market_1,0.3172971198132806,True,0.05442364541220583,0.049163182526545036
3780,block_2_3,-0.124204369791441,False,0.3607751832466281,0.4141143736223045
3780,block_4_6,0.3498889448970956,True,1.3585684281951875,0.8025938390294618
3780,top_3,-0.11770329236816401,False,0.36469801869578333,0.4166168708806301
3780,top_6,0.34960202746881985,True,1.367951587971489,0.85814371490923
3780,flag_nested,0.2468456266000711,True,0.5993152253189605,0.4277951185516612
3794,market_1,0.13105517585378604,True,0.055148382499335166,0.05200543113718721
3794,block_2_3,0.15481353515693577,True,0.414024470020887,0.4008877068613465
3794,block_4_6,0.14714566695965928,True,1.3714687296380057,0.7755496085950033
3794,top_3,0.1558488779098564,True,0.4172844770746861,0.40346935846842485
3794,top_6,0.20895176136303775,True,1.3842946275296963,0.7867658819394917
3794,flag_nested,0.1906212374011515,True,0.6168160652328925,0.40016725433174793
3808,market_1,0.060820445782681136,True,0.05600937757205687,0.05051365672390135
3808,block_2_3,0.08376873881212082,True,0.33009270229262355,0.42745764543900705
3808,block_4_6,0.1949486395524775,True,0.9167979487333084,0.8653558916583781
3808,top_3,0.08339242806695846,True,0.33426636913370833,0.4297735097110848
3808,top_6,0.1939947883952501,True,0.9738449010635947,0.9050339220037131
3808,flag_nested,0.163689845329879,True,0.44547057603005297,0.44792237355184505
3822,market_1,-0.02207034277646214,False,0.049163182526545036,0.05881247416125893
3822,block_2_3,0.23127070196447552,True,0.4141143736223045,0.639132456973804
3822,block_4_6,-0.12289989605062139,False,0.802593839029462,1.150037821243504
3822,top_3,0.22842607144891772,True,0.41661687088063004,0.6418102065655498
3822,top_6,-0.133751700458291,False,0.8581437149092297,1.070332770291356
3822,flag_nested,-0.0007282152412618019,False,0.42779511855166114,0.5759349448743913
3836,market_1,-0.12883753143571622,False,0.052005431137187155,0.06605659683670198
3836,block_2_3,0.08177652241865575,True,0.40088770686134617,0.5883253230009514
3836,block_4_6,0.09913964900894541,True,0.7755496085950031,0.8803272263765834
3836,top_3,0.07946385202640992,True,0.40346935846842463,0.5920002620020167
3836,top_6,0.14288184957674313,True,0.7867658819394917,0.7849815463697629
3836,flag_nested,0.10875073294928161,True,0.40016725433174793,0.4731640822653132
3850,market_1,0.11498982166004076,True,0.05051365672390135,0.05938579498621875
3850,block_2_3,0.16560512430699556,True,0.4274576454390072,0.4314871909014961
3850,block_4_6,0.2685462253523572,True,0.8653558916583778,0.6757508992698223
3850,top_3,0.16700768849513575,True,0.42977350971108497,0.4353239844475072
3850,top_6,0.20395957299733683,True,0.9050339220037131,0.7230117740425572
3850,flag_nested,0.18786793788813394,True,0.44792237355184517,0.3921989299984436
3864,market_1,0.3861771124062544,True,0.058812474161258954,0.04430367837897407
3864,block_2_3,-0.4265867114371895,False,0.6391324569738046,0.42706368941437495
3864,block_4_6,-0.07983032285170347,False,1.1500378212435034,0.7030589119120919
3864,top_3,-0.4192339322185439,False,0.6418102065655499,0.42911893862993655
3864,top_6,0.037098414443504146,True,1.0703327702913557,0.6846194931159513
3864,flag_nested,-0.15211419711575871,False,0.5759349448743912,0.37611320832154466
3878,market_1,0.19205677529654944,True,0.06605659683670197,0.04588085427173863
3878,block_2_3,-0.3903637128908222,False,0.5883253230009511,0.40269374577190203
3878,block_4_6,0.018652602013173036,True,0.8803272263765829,0.7871310992939321
3878,top_3,-0.38328246193852233,False,0.5920002620020166,0.40439650507054153
3878,top_6,0.15342550860641024,True,0.784981546369763,0.7879474149367507
3878,flag_nested,-0.07494138817369066,False,0.4731640822653132,0.40011758939597414
3892,market_1,0.05279509156161849,True,0.059385794986218744,0.04531718400964444
3892,block_2_3,0.20125824564577954,True,0.43148719090149584,0.2883435218305997
3892,block_4_6,0.20576445823301887,True,0.6757508992698216,0.7846763862552069
3892,top_3,0.20211355859705063,True,0.435323984447507,0.2906112737487508
3892,top_6,0.2165171486658122,True,0.723011774042557,0.8089610970420743
3892,flag_nested,0.20340395108481366,True,0.39219892999844336,0.37319560652706935
3906,market_1,0.3068400664889445,True,0.04430367837897404,0.046149491267569266
3906,block_2_3,0.26816395634777673,True,0.42706368941437456,0.32518998090642803
3906,block_4_6,0.15753654089466204,True,0.7030589119120914,0.8667347127985658
3906,top_3,0.26739595648611975,True,0.4291189386299364,0.32725890622035714
3906,top_6,0.17677233132406392,True,0.6846194931159508,0.8990560145228336
3906,flag_nested,0.2002059063880836,True,0.3761132083215445,0.4153867984413851
3920,market_1,0.3167461361428198,True,0.04588085427173865,0.04762722213632056
3920,block_2_3,-0.1168242272400068,False,0.40269374577190226,0.6749134602146126
3920,block_4_6,0.22569137742965256,True,0.7871310992939322,0.9858669293910163
3920,top_3,-0.11695925323104867,False,0.4043965050705417,0.6757203545054526
3920,top_6,0.3534242469944411,True,0.7879474149367507,0.8446236423702613
3920,flag_nested,0.13977364210486776,True,0.4001175893959742,0.5228440184808612
3934,market_1,0.25568706842461514,True,0.04531718400964446,0.04718107924008081
3934,block_2_3,0.03288100283583618,True,0.2883435218305997,0.9334619946457282
3934,block_4_6,0.23704902098848,True,0.7846763862552071,1.1574224000820432
3934,top_3,0.03218115596378364,True,0.2906112737487509,0.934278736603667
3934,top_6,0.30722661838583326,True,0.808961097042075,0.8260888115010095
3934,flag_nested,0.15826805174061503,True,0.37319560652706957,0.6379044553923144
3948,market_1,0.12665663627507898,True,0.04614949126756931,0.04663812806672104
3948,block_2_3,0.25217037966048733,True,0.325189980906428,1.0764143087214952
3948,block_4_6,0.1386610162383588,True,0.8667347127985664,1.2415152953669903
3948,top_3,0.24997812166933872,True,0.3272589062203572,1.0773032731756433
3948,top_6,0.14743991532728556,True,0.8990560145228337,0.7265824477872641
3948,flag_nested,0.15929903765294748,True,0.41538679844138515,0.6906684477325632
3962,market_1,0.1764148611636732,True,0.047627222136320556,0.046271532812291905
3962,block_2_3,0.6517706626927068,True,0.6749134602146126,0.6175684192427284
3962,block_4_6,-0.009081602347900657,False,0.9858669293910155,1.115283188041302
3962,top_3,0.6497358274506209,True,0.6757203545054526,0.6192069058387231
3962,top_6,-0.2437028702238124,False,0.8446236423702608,1.003037580166618
3962,flag_nested,0.19842030693664636,True,0.522844018480861,0.545552487575062
3976,market_1,0.5212408861494068,True,0.047181079240080824,0.05653979214191328
3976,block_2_3,-0.28222323314860936,False,0.9334619946457285,0.293215540442867
3976,block_4_6,-0.22361448912137324,False,1.1574224000820426,1.3100795111589656
3976,top_3,-0.2770982024393248,False,0.9342787366036676,0.296145887687398
3976,top_6,-0.2353829021768642,False,0.8260888115010093,1.3230301547546293
3976,flag_nested,-0.18459044565332058,False,0.6379044553923147,0.5693554912575969
3990,market_1,0.43838678715217416,True,0.046638128066721046,0.052402824307973946
3990,block_2_3,-0.6541978982649901,False,1.0764143087214957,0.32298610819219725
3990,block_4_6,-0.08535847040538795,False,1.2415152953669908,1.2808351885704643
3990,top_3,-0.6459754020996757,False,1.0773032731756436,0.3254796151871703
3990,top_6,0.10466119499548597,True,0.7265824477872646,1.2732539907477631
3990,flag_nested,-0.15201655658815252,False,0.6906684477325632,0.555206571276643
4004,market_1,0.26106827693265033,True,0.04627153281229189,0.058474241221420156
4004,block_2_3,-0.2165413945789038,False,0.6175684192427282,0.22877439153994047
4004,block_4_6,0.26743584752978,True,1.1152831880413026,0.8304550958270449
4004,top_3,-0.2093004464452369,False,0.619206905838723,0.23201672752245042
4004,top_6,0.2926800250743092,True,1.0030375801666176,0.8492308677912438
4004,flag_nested,0.15704049344442078,True,0.5455524875750618,0.3762472617460597
4018,market_1,0.3261502339478249,True,0.05653979214191325,0.05760962892222106
4018,block_2_3,-0.19627539190982668,False,0.29321554044286696,0.25218372594953803
4018,block_4_6,0.21892623685870796,True,1.3100795111589676,0.5958826312207061
4018,top_3,-0.19383213391064014,False,0.2961458876873981,0.2561988934467355
4018,top_6,0.22452647895926592,True,1.3230301547546313,0.6107659991508272
4018,flag_nested,0.15686163879720277,True,0.5693554912575977,0.29558531419109996
4032,market_1,0.23499433702648415,True,0.052402824307973925,0.05672812338733674
4032,block_2_3,-0.3460070655194608,False,0.32298610819219736,0.2839990140173095
4032,block_4_6,-0.5399602146704043,False,1.280835188570464,1.5837548630818803
4032,top_3,-0.34126474500167986,False,0.32547961518717033,0.2882032492231426
4032,top_6,-0.5304075393836487,False,1.2732539907477638,1.5903676793556158
4032,flag_nested,-0.5060284074913527,False,0.5552065712766432,0.6726440441970793
4046,market_1,0.18309961367079877,True,0.05847424122142014,0.04551465860094328
4046,block_2_3,-0.05044685960010461,False,0.22877439153994064,0.2963450778677378
4046,block_4_6,0.38832460793252016,True,0.8304550958270454,1.4717707373609181
4046,top_3,-0.04143011995959332,False,0.23201672752245062,0.29976585923562316
4046,top_6,0.3840099167274725,True,0.8492308677912439,1.4817719785249175
4046,flag_nested,0.3373205117330532,True,0.3762472617460598,0.6308455756566677
4060,market_1,0.0033055856156103324,True,0.05760962892222105,0.05364644884035235
4060,block_2_3,0.3068626929858383,True,0.25218372594953786,0.3776422891700557
4060,block_4_6,0.10734301029054207,True,0.5958826312207062,1.3897742400164845
4060,top_3,0.308065490065809,True,0.2561988934467354,0.3801191816216089
4060,top_6,0.06343172228244938,True,0.6107659991508271,1.4048389013186755
4060,flag_nested,0.10472708017394877,True,0.2955853141910999,0.6164172250419774
4074,market_1,0.02685383421356496,True,0.056728123387336744,0.05390227165004753
4074,block_2_3,0.4422534556038552,True,0.2839990140173096,0.3719994767521728
4074,block_4_6,0.4107648350027268,True,1.5837548630818812,1.0158169359188036
4074,top_3,0.4311255184328341,True,0.2882032492231427,0.3757880194832712
4074,top_6,0.3856855740005518,True,1.5903676793556172,1.0130828267942995
4074,flag_nested,0.3769750403517933,True,0.6726440441970797,0.4701423214400189
4088,market_1,0.055464901611725875,True,0.0455146586009433,0.06351190405478545
4088,block_2_3,0.29877225071380004,True,0.29634507786773784,0.40617839389239196
4088,block_4_6,0.04640838708269548,True,1.4717707373609183,0.7744767898431094
4088,top_3,0.29544033294854993,True,0.2997658592356232,0.4092513362039517
4088,top_6,0.02742078435286415,True,1.4817719785249173,0.7362271293427829
4088,flag_nested,0.07046318642856343,True,0.6308455756566675,0.3875577957091777
4102,market_1,-0.16054182253124497,False,0.05364644884035236,0.07191308701105102
4102,block_2_3,0.49365481942063655,True,0.37764228917005604,0.3648764094106739
4102,block_4_6,0.2833844645494664,True,1.389774240016484,1.2409436295192728
4102,top_3,0.4982179680355704,True,0.3801191816216093,0.366231218566874
4102,top_6,0.2442390308855546,True,1.4048389013186744,1.2473356192772107
4102,flag_nested,0.2737514429187179,True,0.616417225041977,0.556046417505525
4116,market_1,0.2542521056857623,True,0.05390227165004755,0.055673812258011046
4116,block_2_3,0.3126072166562134,True,0.3719994767521727,0.33752190530882376
4116,block_4_6,0.39488234238404235,True,1.015816935918803,1.4218107045413158
4116,top_3,0.31179414894391133,True,0.37578801948327084,0.34136853763419817
4116,top_6,0.3487421643721829,True,1.0130828267942984,1.4219654485472617
4116,flag_nested,0.3380198106209216,True,0.47014232144001844,0.6155821274835821
4130,market_1,0.026856662343490392,True,0.06351190405478543,0.058318276057302415
4130,block_2_3,0.19132504626322516,True,0.4061783938923919,0.34924522863850216
4130,block_4_6,0.10518489234700967,True,0.7744767898431097,1.4707087244682948
4130,top_3,0.1950321677258311,True,0.4092513362039516,0.35216013365794957
4130,top_6,0.06961492513981304,True,0.7362271293427833,1.4777849598515682
4130,flag_nested,0.08916493247786805,True,0.3875577957091778,0.6393079637354292
4144,market_1,-0.2844103529551152,False,0.07191308701105097,0.06640208612026098
4144,block_2_3,0.29533941637678934,True,0.3648764094106738,0.310637676440702
4144,block_4_6,0.4430104666840814,True,1.2409436295192724,1.204170789706167
4144,top_3,0.3023823389520256,True,0.3662312185668737,0.31341989650610663
4144,top_6,0.45020349679066857,True,1.2473356192772094,1.2234611765250643
4144,flag_nested,0.41894637614002583,True,0.5560464175055244,0.5353778627851901
4158,market_1,0.08766142323202378,True,0.055673812258011005,0.05647415464403424
4158,block_2_3,0.39658560598492065,True,0.3375219053088237,0.3211361178338845
4158,block_4_6,-0.006895515421007826,False,1.4218107045413153,0.6863088782868466
4158,top_3,0.3911265141530528,True,0.3413685376341983,0.32376710656851904
4158,top_6,-0.0020422246019951625,False,1.4219654485472624,0.7122562493358655
4158,flag_nested,0.06650999510843607,True,0.6155821274835824,0.35026067058836
4172,market_1,0.25971754719414525,True,0.05831827605730242,0.05455180921490951
4172,block_2_3,0.33180354061633766,True,0.3492452286385022,0.3078682325803497
4172,block_4_6,-0.1308936223173345,False,1.4707087244682937,1.029461164279062
4172,top_3,0.32186710417797326,True,0.3521601336579497,0.3106387202735838
4172,top_6,-0.10761924077175984,False,1.477784959851568,1.0527774712821418
4172,flag_nested,-0.051179905493471234,False,0.6393079637354292,0.46889740036909283
4186,market_1,0.2524453560158277,True,0.066402086120261,0.05793910343972143
4186,block_2_3,0.2924791897772801,True,0.310637676440702,0.29651417958465337
4186,block_4_6,-0.05639574679471578,False,1.2041707897061662,0.8448198841963821
4186,top_3,0.27825678551999666,True,0.31341989650610647,0.3002873332301975
4186,top_6,-0.04444701030504322,False,1.2234611765250634,0.8853370841780343
4186,flag_nested,0.007732306366893341,True,0.5353778627851896,0.40503258220013677
4200,market_1,0.22164944785521176,True,0.05647415464403427,0.06337313054323712
4200,block_2_3,0.17753789814501064,True,0.3211361178338846,0.2689855665328969
4200,block_4_6,0.032695419280521276,True,0.6863088782868466,1.0560897604532726
4200,top_3,0.16881341116161153,True,0.323767106568519,0.2743968853113748
4200,top_6,0.04037945521941539,True,0.712256249335866,1.0719876397332935
4200,flag_nested,0.0664390022454253,True,0.3502606705883602,0.46972362851773913
4214,market_1,0.23394955516969643,True,0.054551809214909514,0.06941519140950117
4214,block_2_3,0.1042687938666517,True,0.30786823258034995,0.29241575593588753
4214,block_4_6,-0.31145217012185467,False,1.029461164279062,1.3254352127094498
4214,top_3,0.10085156825241794,True,0.310638720273584,0.29705246461845325
4214,top_6,-0.30641666503681014,False,1.0527774712821416,1.3417778377177545
4214,flag_nested,-0.25138513879550434,False,0.4688974003690928,0.5781808990349003
4228,market_1,0.3378671124372216,True,0.05793910343972148,0.0683647699033996
4228,block_2_3,0.08216713823178441,True,0.29651417958465326,0.31391566437406093
4228,block_4_6,0.49840265808427864,True,0.8448198841963817,1.6436810514729447
4228,top_3,0.08429375252189593,True,0.3002873332301976,0.31914646851034917
4228,top_6,0.4708157385437666,True,0.8853370841780337,1.6514279736278188
4228,flag_nested,0.4175236963574585,True,0.40503258220013666,0.7022541965448844
4242,market_1,0.24805530300295367,True,0.06337313054323714,0.0689775036861595
4242,block_2_3,0.23217578792636664,True,0.2689855665328969,0.3440741149014207
4242,block_4_6,-0.16342228775247183,False,1.0560897604532726,1.5935038887836703
4242,top_3,0.2268406079799363,True,0.2743968853113748,0.349218363450758
4242,top_6,-0.15867975412135354,False,1.0719876397332928,1.6191040510458026
4242,flag_nested,-0.1151744901658337,False,0.4697236285177389,0.6944964884653275
4256,market_1,0.1016201077810196,True,0.06941519140950117,0.07987486823484023
4256,block_2_3,0.35348687014497376,True,0.2924157559358873,0.28680040515803495
4256,block_4_6,0.4503647757315034,True,1.3254352127094502,1.3411987846527065
4256,top_3,0.33706497275811265,True,0.29705246461845286,0.2930922009255517
4256,top_6,0.43552390818478715,True,1.3417778377177556,1.3645578241454641
4256,flag_nested,0.4215943330519304,True,0.5781808990349007,0.5876654517916026
4270,market_1,0.34198987800426467,True,0.0683647699033995,0.07238061754262713
4270,block_2_3,0.3548019048446187,True,0.3139156643740607,0.2557466495948234
4270,block_4_6,-0.43384046312487223,False,1.6436810514729447,0.7866942049178799
4270,top_3,0.34452956339897856,True,0.31914646851034906,0.26209452599789534
4270,top_6,-0.4257391242887028,False,1.6514279736278208,0.8100132952519395
4270,flag_nested,-0.3211234117446255,False,0.7022541965448852,0.3707969665410217
4284,market_1,0.07333413634761271,True,0.06897750368615946,0.08189094723360933
4284,block_2_3,0.3436762162101008,True,0.3440741149014212,0.21690292387259516
4284,block_4_6,-0.4518171676588786,False,1.5935038887836703,1.407355984380429
4284,top_3,0.31783666703130814,True,0.34921836345075835,0.22715324452936386
4284,top_6,-0.44870770768081825,False,1.619104051045805,1.4112535112865607
4284,flag_nested,-0.3911832500762673,False,0.6944964884653285,0.5965275111778148
4298,market_1,0.20155989459107967,True,0.07987486823484018,0.06876292501986296
4298,block_2_3,0.16358474695279357,True,0.2868004051580351,0.2227220873505792
4298,block_4_6,-0.026637776103619906,False,1.3411987846527054,0.951347432396129
4298,top_3,0.1586091028452252,True,0.29309220092555166,0.23213923971861694
4298,top_6,-0.026823178776790343,False,1.3645578241454637,0.9717446543808129
4298,flag_nested,-0.004907127571922921,False,0.5876654517916023,0.42434949544286493
4312,market_1,0.21583895302829365,True,0.07238061754262722,0.07033936558048978
4312,block_2_3,0.08083300111718572,True,0.25574664959482346,0.24664000731665023
4312,block_4_6,-0.14762958463266063,False,0.7866942049178803,1.1928884326280937
4312,top_3,0.08361160443214126,True,0.2620945259978954,0.2534016324565543
4312,top_6,-0.13438016403169958,False,0.8100132952519391,1.2122316302266756
4312,flag_nested,-0.09859947892752059,False,0.37079696654102146,0.5208352359570974
4326,market_1,0.15384909351092257,True,0.08189094723360935,0.06296090501891231
4326,block_2_3,0.1015391723688513,True,0.2169029238725949,0.25049057050272205
4326,block_4_6,0.7340639962430183,True,1.4073559843804282,1.177592503155336
4326,top_3,0.10440855316545353,True,0.22715324452936358,0.2577485977874832
4326,top_6,0.7208501233179767,True,1.411253511286561,1.2000458273775347
4326,flag_nested,0.6703818641333882,True,0.5965275111778148,0.5158751658579593
4340,market_1,0.29940245483769445,True,0.06876292501986302,0.06001172149175832
4340,block_2_3,0.01570732087470386,True,0.22272208735057916,0.2789406524088376
4340,block_4_6,-0.614391426215008,False,0.9513474323961288,1.5570138623827958
4340,top_3,0.024999716157070074,True,0.23213923971861686,0.2841408461296532
4340,top_6,-0.591245101246556,False,0.9717446543808129,1.5712489693550344
4340,flag_nested,-0.5269905431398912,False,0.42434949544286493,0.6648187478398699
4354,market_1,-0.014805774056777894,False,0.07033936558048975,0.057901937851708225
4354,block_2_3,0.2488248643911774,True,0.24664000731665028,0.31639338418535906
4354,block_4_6,0.5322490559981367,True,1.1928884326280926,1.5787097084370136
4354,top_3,0.240156131729036,True,0.2534016324565542,0.32080380116625806
4354,top_6,0.5089018526669334,True,1.212231630226674,1.583803256272186
4354,flag_nested,0.4814803151720904,True,0.5208352359570968,0.6750776151309958
4368,market_1,0.022797260625078,True,0.06296090501891237,0.05849195159662031
4368,block_2_3,0.31479381053855443,True,0.2504905705027221,0.39079621546613885
4368,block_4_6,-0.3782666161499224,False,1.1775925031553365,1.6174163536394746
4368,top_3,0.3042032535193857,True,0.25774859778748327,0.3937007478528551
4368,top_6,-0.35346861689216924,False,1.2000458273775356,1.6312426618762057
4368,flag_nested,-0.2881160531114245,False,0.5158751658579598,0.7061020972038736
4382,market_1,-0.0337487989246014,False,0.060011721491758284,0.06694915686082444
4382,block_2_3,0.322536027887423,True,0.2789406524088375,0.36189967555415936
4382,block_4_6,0.19605435427734655,True,1.557013862382796,0.8706600740485042
4382,top_3,0.3071712744255933,True,0.28414084612965307,0.36734473188196315
4382,top_6,0.2104266417508342,True,1.571248969355035,0.8933155275267773
4382,flag_nested,0.2104989552312634,True,0.6648187478398702,0.42715923522529603
4396,market_1,0.07505902240431936,True,0.057901937851708225,0.06501839279080537
4396,block_2_3,0.2545770301851677,True,0.3163933841853594,0.28964456554595863
4396,block_4_6,0.2548790105895569,True,1.5787097084370145,0.8726886352306328
4396,top_3,0.25140389699853605,True,0.3208038011662584,0.2948893338146759
4396,top_6,0.22391262706124712,True,1.583803256272187,0.8830576241870778
4396,flag_nested,0.22150289962949882,True,0.6750776151309963,0.4039543197022921
4410,market_1,0.24267483181655017,True,0.05849195159662028,0.0764022462189307
4410,block_2_3,0.005128643681741404,True,0.39079621546613874,0.26780248109828914
4410,block_4_6,-0.25486525941130156,False,1.6174163536394741,0.9685576481803003
4410,top_3,0.002884821863525334,True,0.3937007478528549,0.2736416360311807
4410,top_6,-0.2451208990240007,False,1.6312426618762053,0.980401129803807
4410,flag_nested,-0.20787533893075155,False,0.7061020972038736,0.4370296871350222
4424,market_1,0.2253798088076806,True,0.06694915686082444,0.0693628298903915
4424,block_2_3,0.031553421314912226,True,0.3618996755541591,0.26367294895885834
4424,block_4_6,0.07346308422346373,True,0.8706600740485043,0.6884058143664906
4424,top_3,0.036092803805469684,True,0.3673447318819628,0.2701262074711361
4424,top_6,0.025582928954980304,True,0.8933155275267769,0.7083507083922111
4424,flag_nested,0.03442916596308984,True,0.42715923522529575,0.3357986189736457
4438,market_1,0.37492883942453453,True,0.06501839279080543,0.06676930785079152
4438,block_2_3,0.04802249095778368,True,0.28964456554595885,0.2850125984338605
4438,block_4_6,-0.0871083087276824,False,0.8726886352306326,0.6654038910313262
4438,top_3,0.04812907023503777,True,0.29488933381467575,0.28937760845017246
4438,top_6,-0.10438875722758308,False,0.8830576241870772,0.6946148417899888
4438,flag_nested,-0.05657469783384359,False,0.40395431970229184,0.33583662243340295
4452,market_1,0.14539818726908077,True,0.07640224621893069,0.06477387313246337
4452,block_2_3,0.18907861976513832,True,0.2678024810982892,0.22036405884096014
4452,block_4_6,-0.24779119760229623,False,0.9685576481802995,0.6797036280820656
4452,top_3,0.1790758484136801,True,0.27364163603118064,0.22921650356159606
4452,top_6,-0.22130038326194487,False,0.9804011298038066,0.712820432639837
4452,flag_nested,-0.14950661304429724,False,0.437029687135022,0.32618177653018704
4466,market_1,0.2179476511699708,True,0.06936282989039153,0.05910318301894339
4466,block_2_3,0.29750915275908746,True,0.2636729489588585,0.25382256108517054
4466,block_4_6,0.0529149615975313,True,0.6884058143664914,0.5940391285801156
4466,top_3,0.28696096227277557,True,0.27012620747113625,0.25757772199161355
4466,top_6,0.05743619645737,True,0.7083507083922115,0.6292703005513783
4466,flag_nested,0.11625918095551654,True,0.3357986189736458,0.30266394850466977
4480,market_1,0.15775323712095468,True,0.0667693078507915,0.05344829887209393
4480,block_2_3,0.18916473594261451,True,0.2850125984338604,0.2709721438059155
4480,block_4_6,-0.14897251452242535,False,0.6654038910313268,0.7415151854751055
4480,top_3,0.18167203849403,True,0.28937760845017213,0.2755799346438779
4480,top_6,-0.12572736161903875,False,0.6946148417899889,0.7568304193660513
4480,flag_nested,-0.04762344631051493,False,0.33583662243340295,0.3516203464790695
4494,market_1,0.1104609181675865,True,0.06477387313246334,0.051708115616587884
4494,block_2_3,0.22639784840814914,True,0.22036405884096022,0.2882499187678273
4494,block_4_6,-0.07903500274335751,False,0.6797036280820661,0.8029710342024361
4494,top_3,0.21892202087567472,True,0.22921650356159606,0.29282922288347923
4494,top_6,-0.07414401189672054,False,0.7128204326398369,0.8116434767636571
4494,flag_nested,-0.015357396188755517,False,0.32618177653018704,0.3755674409578552
4508,market_1,0.2532695475116518,True,0.05910318301894336,0.0615101414783743
4508,block_2_3,0.35309574316462455,True,0.25382256108517065,0.2177640521442148
4508,block_4_6,-0.10342718488146757,False,0.594039128580115,0.9432890875873078
4508,top_3,0.34173310000311413,True,0.25757772199161366,0.22386440977084351
4508,top_6,-0.08688628145717167,False,0.6292703005513779,0.955442488483756
4508,flag_nested,-0.009680149085514412,False,0.3026639485046696,0.41549205402595973
4522,market_1,0.28039853014317684,True,0.05344829887209396,0.06629439687939441
4522,block_2_3,0.25434206207074117,True,0.27097214380591544,0.18817813186575014
4522,block_4_6,0.15823002084269344,True,0.7415151854751053,0.6962643732332445
4522,top_3,0.24982988244682522,True,0.2755799346438779,0.19150472568077354
4522,top_6,0.15014812825622345,True,0.756830419366051,0.7139606771395101
4522,flag_nested,0.16874552855847055,True,0.35162034647906937,0.31871033106444807
4536,market_1,0.15081118612935224,True,0.05170811561658793,0.07830669282585502
4536,block_2_3,0.10375723610086862,True,0.28824991876782713,0.19509372270423447
4536,block_4_6,-0.11004818551349389,False,0.802971034202436,0.7789143849611174
4536,top_3,0.10795741695256268,True,0.29282922288347923,0.19514027549349208
4536,top_6,-0.11262358030376102,False,0.811643476763658,0.8000665751472232
4536,flag_nested,-0.0715656539675742,False,0.3755674409578555,0.35427334262193094
4550,market_1,0.2904221395149134,True,0.061510141478374324,0.06983254382920664
4550,block_2_3,0.03333065516318479,True,0.21776405214421468,0.21488706048506606
4550,block_4_6,-0.22154946493175007,False,0.943289087587308,0.6685161112766017
4550,top_3,0.02557100781092312,True,0.2238644097708436,0.21998132958460162
4550,top_6,-0.20572471024625336,False,0.9554424884837561,0.7006742876067233
4550,flag_nested,-0.15976501050110134,False,0.4154920540259598,0.320673128775174
4564,market_1,0.4577088408642495,True,0.06629439687939434,0.06550692271835089
4564,block_2_3,0.07160883455783418,True,0.18817813186575033,0.23622387708673404
4564,block_4_6,0.2756161506293207,True,0.6962643732332447,1.0765446021906604
4564,top_3,0.06698534668090143,True,0.1915047256807737,0.24210829189169977
4564,top_6,0.2693682873594822,True,0.71396067713951,1.100155032873926
4564,flag_nested,0.25294292028890686,True,0.318710331064448,0.47492471121000335
4578,market_1,0.2011908191135651,True,0.07830669282585498,0.061455132132441394
4578,block_2_3,0.11222504751705267,True,0.1950937227042345,0.2163955536022945
4578,block_4_6,0.14000952019405064,True,0.7789143849611174,1.0696122169095166
4578,top_3,0.11909626514047493,True,0.19514027549349205,0.22480218306576527
4578,top_6,0.14242117796183387,True,0.8000665751472229,1.0876062953671124
4578,flag_nested,0.14132507530671773,True,0.3542733426219307,0.46665831474733505
4592,market_1,0.3107314090591519,True,0.0698325438292067,0.0649696403253814
4592,block_2_3,0.08549672861307066,True,0.214887060485066,0.2381356437877822
4592,block_4_6,0.3617676218020587,True,0.6685161112766024,1.258037761340579
4592,top_3,0.08970427453323283,True,0.21998132958460156,0.24587816273379137
4592,top_6,0.34578077831311227,True,0.700674287606724,1.2785498794919663
4592,flag_nested,0.3128375646636586,True,0.32067312877517423,0.5448131577509956
4606,market_1,0.3033772163318074,True,0.06550692271835093,0.06068950060008641
4606,block_2_3,0.12986695377473337,True,0.23622387708673365,0.22797074659574929
4606,block_4_6,0.034079096324046286,True,1.0765446021906597,1.419470194441125
4606,top_3,0.12712647412299913,True,0.24210829189169947,0.23476271070645927
4606,top_6,0.03967859450680633,True,1.1001550328739251,1.4349144034079597
4606,flag_nested,0.048967451395272296,True,0.4749247112100029,0.6043323724963824
4620,market_1,0.20365332806113512,True,0.0614551321324414,0.05974822411937326
4620,block_2_3,0.13503666505442094,True,0.2163955536022946,0.23135283090261421
4620,block_4_6,-0.041238461887186786,False,1.069612216909517,1.0896832671285128
4620,top_3,0.1360152209667901,True,0.22480218306576544,0.23665154347228357
4620,top_6,-0.02743621012662548,False,1.0876062953671133,1.1006575014418172
4620,flag_nested,-0.010474239051266166,False,0.46665831474733543,0.4734402361524076
4634,market_1,0.10444225750756145,True,0.06496964032538134,0.05934481130614048
4634,block_2_3,0.1617609195941448,True,0.23813564378778224,0.26441070646753356
4634,block_4_6,-0.238864886573324,False,1.2580377613405793,1.0836825431243975
4634,top_3,0.15374356698924874,True,0.2458781627337914,0.2706532765557524
4634,top_6,-0.21973924907485537,False,1.2785498794919656,1.1044852565789256
4634,flag_nested,-0.18284330849128722,False,0.5448131577509954,0.48088891891210395
4648,market_1,0.08094754077240947,True,0.06068950060008643,0.0543617003250755
4648,block_2_3,0.2749473399468684,True,0.22797074659574948,0.24999832010932055
4648,block_4_6,-0.02635870838512841,False,1.4194701944411243,1.0338360736629697
4648,top_3,0.2663321429558269,True,0.2347627107064594,0.25572238924512813
4648,top_6,-0.01363544880855452,False,1.43491440340796,1.0586496784902708
4648,flag_nested,0.007715355961172013,True,0.6043323724963825,0.4599380735967665
4662,market_1,0.02229397576453407,True,0.05974822411937324,0.0653886679075609
4662,block_2_3,0.1957616732640681,True,0.23135283090261427,0.3188778062622041
4662,block_4_6,0.13958188168181312,True,1.0896832671285122,0.7904454210205416
4662,top_3,0.1916926920421395,True,0.2366515434722836,0.3254749598072436
4662,top_6,0.15397877842698043,True,1.1006575014418163,0.8466163664649582
4662,flag_nested,0.15318238550721547,True,0.4734402361524073,0.39880681167572307
4676,market_1,0.24888405454712456,True,0.0593448113061405,0.056666128806141566
4676,block_2_3,0.03641822738380943,True,0.26441070646753345,0.41583606315151816
4676,block_4_6,0.31994655998463367,True,1.0836825431243966,0.8908008836820867
4676,top_3,0.04189331212659247,True,0.2706532765557522,0.41950328642598456
4676,top_6,0.3216397438675996,True,1.1044852565789238,0.9477375098293033
4676,flag_nested,0.26463482910226216,True,0.48088891891210334,0.45997077861988456
4690,market_1,0.3893811172976446,True,0.05436170032507545,0.06157322119964307
4690,block_2_3,0.36862380733460604,True,0.2499983201093207,0.46621626424498736
4690,block_4_6,0.24174028387143523,True,1.0338360736629701,0.8549463253463511
4690,top_3,0.3708688194702206,True,0.2557223892451282,0.46898392424365776
4690,top_6,0.24797757347049687,True,1.0586496784902704,0.8535994836416481
4690,flag_nested,0.26094043584164023,True,0.4599380735967663,0.44558416531646994
4704,market_1,0.2444421661829015,True,0.06538866790756091,0.07294563027733067
4704,block_2_3,0.26102372624856396,True,0.31887780626220397,0.5763950601777442
4704,block_4_6,0.14750588446582702,True,0.7904454210205414,0.919266178458612
4704,top_3,0.26259426986525913,True,0.32547495980724345,0.5766172998653619
4704,top_6,0.17443289506837292,True,0.8466163664649585,0.858513632044041
4704,flag_nested,0.19862129295582615,True,0.3988068116757231,0.48886723952296673
4718,market_1,0.3626595077224978,True,0.056666128806141566,0.06820388741613417
4718,block_2_3,0.3716729761799296,True,0.4158360631515181,0.4859756470211388
4718,block_4_6,0.004318707917827986,True,0.8908008836820875,0.733027023145393
4718,top_3,0.3705835685290468,True,0.41950328642598433,0.48791427794659975
4718,top_6,0.02351768372431248,True,0.9477375098293033,0.7420079061901269
4718,flag_nested,0.1526742518055474,True,0.45997077861988456,0.41924675304824877
4732,market_1,0.289914579249718,True,0.061573221199643126,0.06644091832658844
4732,block_2_3,0.09947838105136396,True,0.46621626424498686,0.4154494682927632
4732,block_4_6,-0.12306596423062476,False,0.8549463253463504,0.794272790739252
4732,top_3,0.09807636188448486,True,0.4689839242436576,0.4178579713942967
4732,top_6,-0.08617451585089951,False,0.8535994836416473,0.8137603657275938
4732,flag_nested,-0.012863043116575964,False,0.4455841653164696,0.4159132271506288
4746,market_1,0.18298151055247655,True,0.07294563027733067,0.06346222799065682
4746,block_2_3,-0.018226587908393564,False,0.576395060177744,0.3876961617210221
4746,block_4_6,-0.02055263691066118,False,0.9192661784586125,0.6734788621338829
4746,top_3,-0.015675461964844425,False,0.5766172998653617,0.3912076667488914
4746,top_6,0.0002829708814406128,True,0.8585136320440415,0.6986623271222813
4746,flag_nested,-0.0016799513250345419,False,0.48886723952296673,0.36931934029043517
4760,market_1,0.1626687994915873,True,0.06820388741613415,0.06324089742118312
4760,block_2_3,0.054834138193614046,True,0.48597564702113893,0.3068521362252019
4760,block_4_6,-0.054183800750012376,False,0.7330270231453931,0.7769728779739509
4760,top_3,0.06205598349278605,True,0.4879142779466,0.31062073607009605
4760,top_6,-0.06946912852962817,False,0.7420079061901274,0.8189111090459201
4760,flag_nested,-0.019837121468504835,False,0.41924675304824904,0.3846172024476837
4774,market_1,-0.1142721190770058,False,0.06644091832658841,0.06250898039842245
4774,block_2_3,-0.1315441177528701,False,0.41544946829276336,0.3404936568036567
4774,block_4_6,-0.34865781126779183,False,0.7942727907392526,0.9286822872590316
4774,top_3,-0.12454213645188403,False,0.41785797139429703,0.34183139506028215
4774,top_6,-0.27937175117899493,False,0.8137603657275949,0.9663246340570915
4774,flag_nested,-0.23215997699512575,False,0.41591322715062934,0.4455193485259631
4788,market_1,-0.17609081866162654,False,0.06346222799065686,0.07793986562902344
4788,block_2_3,-0.10749016849595998,False,0.3876961617210221,0.42284188733047606
4788,block_4_6,-0.0988956115712857,False,0.6734788621338827,1.2740682119735958
4788,top_3,-0.10696204622626111,False,0.39120766674889146,0.4223903310824493
4788,top_6,-0.06394831105367671,False,0.6986623271222809,1.3260934268549704
4788,flag_nested,-0.07522310923790637,False,0.36931934029043506,0.5988598467445538
4802,market_1,-0.06891855647248514,False,0.06324089742118313,0.07798824310249278
4802,block_2_3,-0.02417707074489641,False,0.30685213622520185,0.4356188833700672
4802,block_4_6,0.39611637016610174,True,0.7769728779739511,1.2344261030611479
4802,top_3,-0.03235940674835448,False,0.31062073607009594,0.43853411355105815
4802,top_6,0.37683427782442,True,0.8189111090459198,1.294151165579286
4802,flag_nested,0.2848458248558301,True,0.38461720244768355,0.5910364587230822
4816,market_1,0.1867896299206154,True,0.06250898039842245,0.07699746949238065
4816,block_2_3,-0.014310440856177291,False,0.3404936568036565,0.47262863514654446
4816,block_4_6,0.17426412503386682,True,0.9286822872590312,1.2660742113908736
4816,top_3,-0.018290195908943714,False,0.3418313950602819,0.4776033750977104
4816,top_6,0.19729567461935132,True,0.9663246340570909,1.3110536661552257
4816,flag_nested,0.1536930339575327,True,0.4455193485259628,0.6069930457039695
4830,market_1,0.20516367338981284,True,0.07793986562902339,0.0730294340617619
4830,block_2_3,0.19223545611161064,True,0.42284188733047645,0.3432656913132636
4830,block_4_6,-0.061457745936230414,False,1.274068211973596,1.112309215631942
4830,top_3,0.1929750782002789,True,0.42239033108244983,0.35080250682774794
4830,top_6,-0.0194400727016041,False,1.3260934268549698,1.1316150122559772
4830,flag_nested,0.019123658397731946,True,0.5988598467445536,0.5096857075676877
4844,market_1,0.21034391575108188,True,0.07798824310249275,0.07294589759238806
4844,block_2_3,-0.03952017373230911,False,0.4356188833700672,0.42021684155025085
4844,block_4_6,-0.11843441630228511,False,1.2344261030611485,1.149851235060716
4844,top_3,-0.031715933189610745,False,0.43853411355105826,0.42619747726542095
4844,top_6,-0.08177965220667652,False,1.2941511655792868,1.1438674507813462
4844,flag_nested,-0.06654020333559758,False,0.5910364587230826,0.5328614497949081
4858,market_1,0.3623474598994729,True,0.07699746949238064,0.0670037412126064
4858,block_2_3,-0.16346102292187203,False,0.4726286351465445,0.47722546731431065
4858,block_4_6,0.05889923575153052,True,1.2660742113908745,0.8770721433553417
4858,top_3,-0.15451668628766635,False,0.47760337509771067,0.4800509818440317
4858,top_6,0.06865119810244642,True,1.311053666155227,0.8169399609739604
4858,flag_nested,0.008693087030927084,True,0.6069930457039701,0.4387911040943228
4872,market_1,0.5042595085990653,True,0.0730294340617619,0.06683608959081863
4872,block_2_3,0.31827548232038566,True,0.3432656913132635,0.5120468983190359
4872,block_4_6,-0.05764745274991958,False,1.1123092156319418,1.1096162642198852
4872,top_3,0.32294506511529475,True,0.3508025068277479,0.5144601568297311
4872,top_6,-0.09648889730405015,False,1.131615012255977,1.06510258046526
4872,flag_nested,0.009263490140445047,True,0.5096857075676876,0.5308145297677037
4886,market_1,0.47539441356112505,True,0.07294589759238804,0.057584928751733544
4886,block_2_3,0.518654312259651,True,0.42021684155025074,0.47786529242149706
4886,block_4_6,-0.2678589132556221,False,1.149851235060715,1.309883327057679
4886,top_3,0.5150247207586659,True,0.4261974772654208,0.47944820385365383
4886,top_6,-0.32314168304534413,False,1.1438674507813449,1.2909869440825552
4886,flag_nested,-0.1332117210265336,False,0.5328614497949076,0.5980920489724886
4900,market_1,0.5563551317251406,True,0.06700374121260637,0.05434167946270185
4900,block_2_3,0.4181745322251619,True,0.47722546731431065,0.361827170638457
4900,block_4_6,0.048743559345122485,True,0.8770721433553408,0.744054778465776
4900,top_3,0.41626984130591066,True,0.480050981844032,0.36325411888559456
4900,top_6,-0.021296094932915906,False,0.8169399609739598,0.7901131909750074
4900,flag_nested,0.14035913908333583,True,0.43879110409432276,0.388566612283396
4914,market_1,0.4326130918132012,True,0.0668360895908186,0.05725868843592547
4914,block_2_3,0.3996574419383406,True,0.5120468983190354,0.342485857268354
4914,block_4_6,0.5896726257840961,True,1.109616264219885,1.608069129243425
4914,top_3,0.394846617864812,True,0.5144601568297308,0.34382288790570353
4914,top_6,0.6116070939974145,True,1.0651025804652603,1.6214265078421561
4914,flag_nested,0.5460016312768564,True,0.5308145297677037,0.6934363250312725
4928,market_1,0.38981894875654044,True,0.057584928751733565,0.06185977650970025
4928,block_2_3,0.3179842844252974,True,0.47786529242149717,0.279473465157769
4928,block_4_6,0.5342302937336836,True,1.3098833270576795,1.2812404679418974
4928,top_3,0.3111679021864152,True,0.47944820385365394,0.28222833812259496
4928,top_6,0.5529650161564262,True,1.2909869440825552,1.301316098167267
4928,flag_nested,0.5091199295905905,True,0.5980920489724886,0.5591197022592962
4942,market_1,0.425033965603913,True,0.054341679462701846,0.06239895808442378
4942,block_2_3,0.3890444232878779,True,0.36182717063845726,0.27853832641057186
4942,block_4_6,0.23600432845896138,True,0.7440547784657757,1.4165368527626516
4942,top_3,0.38116866015980144,True,0.3632541188855946,0.2825730951285635
4942,top_6,0.2277783704914152,True,0.7901131909750078,1.4289300094133315
4942,flag_nested,0.24234980853357388,True,0.3885666122833961,0.6089468859984404
4956,market_1,0.5879933705541388,True,0.05725868843592551,0.06012111151295023
4956,block_2_3,0.2298975657553335,True,0.3424858572683544,0.278837220138857
4956,block_4_6,0.6106227877462704,True,1.6080691292434257,1.0950149282630048
4956,top_3,0.2292928275086082,True,0.343822887905704,0.28307485394680393
4956,top_6,0.5978829412768444,True,1.6214265078421564,1.109955688406109
4956,flag_nested,0.5608564657870281,True,0.6934363250312727,0.4854468155552511
4970,market_1,0.42338390791636105,True,0.06185977650970023,0.0550796108256078
4970,block_2_3,0.24578078095102354,True,0.2794734651577688,0.23123242749510162
4970,block_4_6,-0.11793298592458848,False,1.281240467941896,0.7891452184575815
4970,top_3,0.24912625536128113,True,0.2822283381225949,0.23715582907467378
4970,top_6,-0.10512212812844579,False,1.3013160981672667,0.8060684884499603
4970,flag_nested,-0.056420800025264714,False,0.5591197022592961,0.3606555983604483
4984,market_1,0.22647014167860013,True,0.0623989580844238,0.051985038769525094
4984,block_2_3,0.09824910431823114,True,0.2785383264105721,0.18089356041557705
4984,block_4_6,0.22287176033960665,True,1.4165368527626518,1.1009564862824464
4984,top_3,0.11382460366450368,True,0.28257309512856355,0.18784986135951126
4984,top_6,0.22144056705326673,True,1.4289300094133308,1.1140138235571837
4984,flag_nested,0.2146802560796792,True,0.6089468859984402,0.47042828100878553
4998,market_1,0.30269777380538165,True,0.0601211115129502,0.05278149883312764
4998,block_2_3,0.029639704795597917,True,0.27883722013885676,0.18948167171853045
4998,block_4_6,-0.6387889642871074,False,1.095014928263004,1.5920799152365195
4998,top_3,0.044389102574366686,True,0.2830748539468037,0.1964590501182588
4998,top_6,-0.6209536215068385,False,1.1099556884061084,1.6020743884473418
4998,flag_nested,-0.563787378531955,False,0.4854468155552508,0.665901642209029
5012,market_1,0.14291318524005625,True,0.05507961082560777,0.05577756893679338
5012,block_2_3,0.015389540983838101,True,0.23123242749510142,0.20404392564481583
5012,block_4_6,-0.0065326214162182115,False,0.7891452184575816,0.713461941714799
5012,top_3,0.021150463541825718,True,0.23715582907467356,0.21141238231306977
5012,top_6,0.009837846719941175,True,0.8060684884499604,0.7308982447240115
5012,flag_nested,0.014903084949535315,True,0.3606555983604483,0.32717718393102346
5026,market_1,0.2760310046421285,True,0.05198503876952509,0.06405584430958788
5026,block_2_3,0.10472541618291956,True,0.18089356041557686,0.22640307893291123
5026,block_4_6,-0.3540749465303461,False,1.1009564862824461,0.9261339570815881
5026,top_3,0.11561766712807185,True,0.1878498613595111,0.23177949524493033
5026,top_6,-0.33838584630491336,False,1.1140138235571817,0.9488177725922066
5026,flag_nested,-0.2921891966677433,False,0.47042828100878475,0.4147926272167235
5040,market_1,0.28028024978791155,True,0.05278149883312763,0.06732130264620353
5040,block_2_3,0.0893240539080842,True,0.1894816717185305,0.2836441339506932
5040,block_4_6,0.038240078190351676,True,1.5920799152365184,1.198651307068529
5040,top_3,0.09386847097240807,True,0.1964590501182588,0.28477524485015193
5040,top_6,0.0453603718108762,True,1.6020743884473412,1.2127123306766348
5040,flag_nested,0.049775458875212626,True,0.6659016422090287,0.5260003206389983
5054,market_1,0.21531405698952433,True,0.05577756893679337,0.0787629422237364
5054,block_2_3,0.08474445148431957,True,0.20404392564481616,0.3087213576631566
5054,block_4_6,0.1412864308713877,True,0.7134619417147998,1.2061919441852442
5054,top_3,0.08578919743411084,True,0.21141238231306997,0.309913353362494
5054,top_6,0.13547628779232257,True,0.730898244724012,1.2315874800583706
5054,flag_nested,0.1311315313908651,True,0.32717718393102374,0.5394629892506896
5068,market_1,0.2914548194907162,True,0.06405584430958793,0.06585713311331724
5068,block_2_3,0.04879804968149072,True,0.22640307893291112,0.29343491165771407
5068,block_4_6,0.29501759844982134,True,0.9261339570815883,1.0114069062192506
5068,top_3,0.04274080687722206,True,0.23177949524493033,0.2960065539186332
5068,top_6,0.2829040459394757,True,0.9488177725922073,1.0329217026174684
5068,flag_nested,0.2538938002698279,True,0.41479262721672383,0.4597444898265358
5082,market_1,0.2459148295232103,True,0.06732130264620356,0.05654662910797663
5082,block_2_3,0.1484846563797621,True,0.2836441339506929,0.24113911107227226
5082,block_4_6,0.07054109434548117,True,1.198651307068529,0.5687863335017407
5082,top_3,0.15124622402240534,True,0.2847752448501516,0.24441113121886526
5082,top_6,0.05530122278446106,True,1.2127123306766348,0.6031849700830326
5082,flag_nested,0.07349329079870351,True,0.5260003206389983,0.28939328425814415
5096,market_1,0.07743560488693163,True,0.07876294222373639,0.07033398920019374
5096,block_2_3,0.21477868417649043,True,0.30872135766315617,0.21163018752523705
5096,block_4_6,-0.011732173374486959,False,1.2061919441852444,0.6451526760157046
5096,top_3,0.22650346060822216,True,0.30991335336249337,0.2131949207130809
5096,top_6,-0.02282576707922978,False,1.2315874800583706,0.6645447212004332
5096,flag_nested,0.013951641501317473,True,0.5394629892506895,0.3061059334968732
5110,market_1,0.14152192471764496,True,0.06585713311331716,0.06198702111514953
5110,block_2_3,0.188082766429048,True,0.2934349116577142,0.20348670568781885
5110,block_4_6,0.0898458389200706,True,1.0114069062192503,0.5899587353164325
5110,top_3,0.18332181711824505,True,0.2960065539186334,0.21157196955855978
5110,top_6,0.08919235830585885,True,1.0329217026174682,0.6223683073137086
5110,flag_nested,0.10520220748778812,True,0.4597444898265358,0.2886526318589777
5124,market_1,0.24052280435326154,True,0.05654662910797662,0.0730238009519208
5124,block_2_3,0.19574373046127344,True,0.24113911107227262,0.2017866065481925
5124,block_4_6,-0.08282671199413165,False,0.5687863335017405,0.7831686712825314
5124,top_3,0.19461187916431671,True,0.2444111312188656,0.20866755692889347
5124,top_6,-0.05168653416100774,False,0.6031849700830328,0.806443613385505
5124,flag_nested,0.001073701015950863,True,0.2893932842581443,0.35810390792627267
5138,market_1,0.06097324884776327,True,0.07033398920019372,0.06807761643521625
5138,block_2_3,-0.05664329637989685,False,0.21163018752523713,0.23271703356441859
5138,block_4_6,-0.10589238000060651,False,0.6451526760157047,0.8365340363128594
5138,top_3,-0.03659348431951938,False,0.213194920713081,0.23484337380065698
5138,top_6,-0.0861625638936791,False,0.6645447212004337,0.8605962780255562
5138,flag_nested,-0.07282878338407975,False,0.30610593349687343,0.3826957332190925
5152,market_1,0.17271135392318146,True,0.06198702111514952,0.07320005976144393
5152,block_2_3,0.07299060159292307,True,0.20348670568781885,0.2416335701034393
5152,block_4_6,0.05084343441405591,True,0.5899587353164324,0.7183230766060845
5152,top_3,0.07232026552068879,True,0.2115719695585597,0.242495907656523
5152,top_6,0.06163632298128132,True,0.6223683073137086,0.750233602093185
5152,flag_nested,0.06852827970301803,True,0.28865263185897766,0.3446274511856997
5166,market_1,0.2750980191816727,True,0.0730238009519208,0.07855915511689619
5166,block_2_3,0.12664203189940473,True,0.20178660654819253,0.2592897277779592
5166,block_4_6,0.10124908742981792,True,0.7831686712825316,0.7331578859376113
5166,top_3,0.10405669118190665,True,0.20866755692889347,0.25858309164051746
5166,top_6,0.09476181521427322,True,0.8064436133855044,0.7655291304779188
5166,flag_nested,0.10378911227613004,True,0.35810390792627245,0.3551512647898776
5180,market_1,0.49124530109605746,True,0.06807761643521633,0.0784825735667495
5180,block_2_3,0.1049370585996156,True,0.23271703356441864,0.27457004956342546
5180,block_4_6,0.13557617500163777,True,0.8365340363128593,0.7367614835253374
5180,top_3,0.08143752937736434,True,0.23484337380065703,0.27655398083692395
5180,top_6,0.1372846088581657,True,0.8605962780255559,0.7541747841211591
5180,flag_nested,0.14136837109735417,True,0.3826957332190925,0.35559829858977526
5194,market_1,0.46869773962249206,True,0.07320005976144402,0.08068837134750878
5194,block_2_3,0.1366910066719791,True,0.24163357010343925,0.28826144751558647
5194,block_4_6,0.0639080204241752,True,0.7183230766060849,0.745552497231185
5194,top_3,0.11048983578360995,True,0.242495907656523,0.29078413074954823
5194,top_6,0.055311358391535316,True,0.7502336020931852,0.759149845584673
5194,flag_nested,0.08518862159410866,True,0.3446274511856998,0.36158977425323996
5208,market_1,0.5114076613037337,True,0.07855915511689622,0.06326113514204894
5208,block_2_3,0.29026525752745397,True,0.25928972777795906,0.2359708521414062
5208,block_4_6,0.007809544518832666,True,0.7331578859376116,0.5156384198243299
5208,top_3,0.2717764505205381,True,0.2585830916405175,0.24027407209135973
5208,top_6,-0.010622698700956562,False,0.7655291304779188,0.5347571651940525
5208,flag_nested,0.0787278401648915,True,0.35515126478987763,0.26628315520696844
5222,market_1,0.4248149430249286,True,0.07848257356674943,0.06423590007266924
5222,block_2_3,0.3388047831539892,True,0.2745700495634256,0.23759161756600872
5222,block_4_6,0.08837255841778931,True,0.7367614835253378,0.532242649071547
5222,top_3,0.312827186886757,True,0.2765539808369241,0.24117877678313673
5222,top_6,0.07064398746068272,True,0.7541747841211588,0.5611978811848085
5222,flag_nested,0.14362137440725012,True,0.3555982985897752,0.2756915461575413
5236,market_1,0.22357919653866243,True,0.08068837134750884,0.060170941333773306
5236,block_2_3,0.28541679197937614,True,0.28826144751558663,0.24995582161390553
5236,block_4_6,0.3048768170422105,True,0.7455524972311844,0.4279148769402623
5236,top_3,0.25566911969316025,True,0.29078413074954845,0.2540837111575625
5236,top_6,0.27102185611323687,True,0.7591498455846727,0.4746788699119861
5236,flag_nested,0.261321387701234,True,0.36158977425323996,0.2503864836534625
5250,market_1,0.1790584459300262,True,0.06326113514204894,0.06281306482327122
5250,block_2_3,0.08789436374480523,True,0.23597085214140612,0.2953942936676773
5250,block_4_6,0.39044582186524857,True,0.51563841982433,0.6815325227045479
5250,top_3,0.0731404320896151,True,0.24027407209135973,0.29979013265085674
5250,top_6,0.37359677696528454,True,0.5347571651940524,0.7083123653662048
5250,flag_nested,0.2853959333180758,True,0.2662831552069684,0.3428137348656602
5264,market_1,0.15814162139121093,True,0.06423590007266922,0.06681660770457833
5264,block_2_3,0.3429792294499314,True,0.23759161756600858,0.3382207741844446
5264,block_4_6,0.3112806277939735,True,0.532242649071547,0.7497225109456516
5264,top_3,0.32284500762665563,True,0.24117877678313662,0.3434512727522348
5264,top_6,0.28800949426656786,True,0.5611978811848084,0.7377720649182823
5264,flag_nested,0.29144155177476766,True,0.27569154615754127,0.36674512668312564
5278,market_1,0.42896260669755304,True,0.06017094133377325,0.06297099789355064
5278,block_2_3,0.4056977056151193,True,0.24995582161390534,0.2738535895257942
5278,block_4_6,0.2007095808746256,True,0.4279148769402624,0.7626300326297941
5278,top_3,0.3958358909421957,True,0.2540837111575624,0.27821789095646765
5278,top_6,0.17977947420082502,True,0.4746788699119862,0.7775148604907001
5278,flag_nested,0.24332716069136767,True,0.25038648365346244,0.3612782462854773
5292,market_1,0.448804599523481,True,0.06281306482327118,0.07330604982046675
5292,block_2_3,0.2888089586251835,True,0.295394293667677,0.2524856483958089
5292,block_4_6,0.3480659917741309,True,0.6815325227045477,0.7104095927192405
5292,top_3,0.28064465242209846,True,0.29979013265085636,0.2560108160820452
5292,top_6,0.35731541548762813,True,0.7083123653662046,0.7297963927863835
5292,flag_nested,0.3428671378325738,True,0.3428137348656601,0.3405702356508594
5306,market_1,0.374603839842861,True,0.06681660770457835,0.07018411558007423
5306,block_2_3,-0.16529647383771134,False,0.3382207741844449,0.27560432735479273
5306,block_4_6,0.1369972668036866,True,0.7497225109456505,0.558037878924409
5306,top_3,-0.15600777747568906,False,0.3434512727522353,0.2794579721506605
5306,top_6,0.26269772579645717,True,0.7377720649182817,0.5817608438834285
5306,flag_nested,0.14351680584634485,True,0.3667451266831256,0.2955768530494285
5320,market_1,0.40284550561076465,True,0.06297099789355065,0.05650099336672621
5320,block_2_3,-0.18294068976063863,False,0.2738535895257942,0.31894828599773706
5320,block_4_6,-0.3225553233604465,False,0.762630032629794,1.0114891765448948
5320,top_3,-0.17032446904997114,False,0.27821789095646765,0.32257740147374386
5320,top_6,-0.2769372375786112,False,0.7775148604907,1.0023738423873207
5320,flag_nested,-0.2421013213378773,False,0.3612782462854772,0.4531408635464967
5334,market_1,0.2122374683439106,True,0.07330604982046683,0.054216012495503285
5334,block_2_3,-0.20189142199788646,False,0.2524856483958088,0.31454601691856626
5334,block_4_6,0.3381576782228824,True,0.7104095927192405,1.4562361431752746
5334,top_3,-0.19687924475397447,False,0.2560108160820451,0.31866683666393303
5334,top_6,0.365497302082637,True,0.7297963927863833,1.4548671247020306
5334,flag_nested,0.2830537818484185,True,0.3405702356508593,0.6241489822394202
5348,market_1,0.27208873217372664,True,0.07018411558007429,0.056049964233737114
5348,block_2_3,0.16155953645989926,True,0.2756043273547926,0.37073804388670206
5348,block_4_6,-0.13281582743534143,False,0.5580378789244095,1.5236407852763378
5348,top_3,0.1525614274178854,True,0.27945797215066026,0.37292872919563874
5348,top_6,-0.14737913710093353,False,0.5817608438834292,1.5104063704134194
5348,flag_nested,-0.0785164154353205,False,0.2955768530494287,0.6555314216786264
5362,market_1,0.29367092404039047,True,0.05650099336672623,0.06673357438117782
5362,block_2_3,0.003868249726640364,True,0.31894828599773656,0.2260606856979447
5362,block_4_6,0.5386030771436124,True,1.0114891765448948,0.8127536352930171
5362,top_3,-0.002901878501265791,False,0.32257740147374325,0.22976144513365024
5362,top_6,0.5407268649274086,True,1.0023738423873199,0.8346950675787206
5362,flag_nested,0.45380488901937543,True,0.45314086354649613,0.37171151871628016
5376,market_1,0.2020025074130908,True,0.05421601249550321,0.06787248570730606
5376,block_2_3,0.18238290670893528,True,0.3145460169185665,0.21507754528742346
5376,block_4_6,0.6210207418909813,True,1.456236143175276,0.7212078263204484
5376,top_3,0.1770314203049139,True,0.31866683666393314,0.2178942882753612
5376,top_6,0.6003815896674642,True,1.4548671247020302,0.7450183332656007
5376,flag_nested,0.5401507265248788,True,0.6241489822394201,0.336067504261777
5390,market_1,0.27139377114945845,True,0.056049964233737065,0.058779143476341875
5390,block_2_3,-0.3939673105834507,False,0.3707380438867018,0.31192859803403244
5390,block_4_6,-0.4450751686849427,False,1.5236407852763358,0.5864755287762077
5390,top_3,-0.3885244742496398,False,0.3729287291956382,0.3152615906147111
5390,top_6,-0.4068072314090517,False,1.510406370413418,0.565367302425165
5390,flag_nested,-0.36757387089072757,False,0.6555314216786259,0.2997637552952374
5404,market_1,0.08600980952123233,True,0.06673357438117783,0.05335505814965875
5404,block_2_3,0.23445725806759443,True,0.22606068569794494,0.2929333953498631
5404,block_4_6,-0.25140818590931974,False,0.8127536352930176,0.48532959356701216
5404,top_3,0.2243663736010528,True,0.22976144513365057,0.2958206769080353
5404,top_6,-0.2723552745294358,False,0.8346950675787214,0.4616062121625496
5404,flag_nested,-0.1252679997580082,False,0.3717115187162805,0.25986554672901974
5418,market_1,-0.15995697042660892,False,0.0678724857073061,0.05176691063959143
5418,block_2_3,0.15457796869033788,True,0.2150775452874236,0.3064419488404591
5418,block_4_6,-0.08887651936936955,False,0.7212078263204478,0.4740460404107043
5418,top_3,0.15204758870177154,True,0.21789428827536125,0.30921629828504676
5418,top_6,-0.10132762892161637,False,0.7450183332656002,0.4544387133710923
5418,flag_nested,-0.03245992327860241,False,0.33606750426177684,0.26262230823103877
5432,market_1,0.21343251136431962,True,0.058779143476341854,0.04953456924522154
5432,block_2_3,0.09446671643155644,True,0.3119285980340326,0.23477262401537533
5432,block_4_6,-0.24560450501649653,False,0.5864755287762078,0.4495967116672387
5432,top_3,0.09388581114731195,True,0.31526159061471126,0.23956918229068547
5432,top_6,-0.26634180545755315,False,0.5653673024251648,0.48203743370220314
5432,flag_nested,-0.12378283397786367,False,0.29976375529523736,0.2455839690068413
5446,market_1,0.0566828833204188,True,0.05335505814965871,0.05783331044069608
5446,block_2_3,-0.05100384148056624,False,0.292933395349863,0.20129418524328552
5446,block_4_6,-0.04962578013993562,False,0.4853295935670124,0.43315831134236826
5446,top_3,-0.04031368178925358,False,0.2958206769080352,0.20799624050751486
5446,top_6,-0.03147879762133245,False,0.4616062121625498,0.4735013267983663
5446,flag_nested,-0.029477633079209736,False,0.25986554672901974,0.23480365179922594
5460,market_1,0.062646006411069,True,0.051766910639591414,0.07054617535698533
5460,block_2_3,-0.32175529430133554,False,0.3064419488404591,0.23044747760058876
5460,block_4_6,0.04500011525065531,True,0.4740460404107047,0.5865460714155375
5460,top_3,-0.30280088096951374,False,0.3092162982850465,0.23692483080810514
5460,top_6,0.14999729252956562,True,0.45443871337109215,0.6058212984192245
5460,flag_nested,-0.003700879822070149,False,0.26262230823103866,0.2913036141411696
5474,market_1,0.24455386860372774,True,0.04953456924522157,0.07039435387098705
5474,block_2_3,0.06623659170047184,True,0.23477262401537544,0.2365367811452147
5474,block_4_6,0.18761958392329017,True,0.44959671166723847,1.125959103359718
5474,top_3,0.06740323851918788,True,0.2395691822906857,0.2418192876689317
5474,top_6,0.19575168683242247,True,0.4820374337022033,1.1411473521397515
5474,flag_nested,0.1665589445643361,True,0.24558396900684146,0.4914099791101906
5488,market_1,0.1935455199691332,True,0.05783331044069613,0.07115596102191007
5488,block_2_3,0.24662515435786736,True,0.20129418524328566,0.2547719427392831
5488,block_4_6,0.008790267309598887,True,0.4331583113423681,1.5648871723275375
5488,top_3,0.23542956167636514,True,0.20799624050751506,0.26172035824594175
5488,top_6,0.015912151795659295,True,0.4735013267983656,1.568730166841055
5488,flag_nested,0.04529063659363585,True,0.23480365179922574,0.6618520042189243
5502,market_1,0.2976167516990927,True,0.07054617535698536,0.05809187226229359
5502,block_2_3,0.1311857494994595,True,0.23044747760058856,0.21754952614689965
5502,block_4_6,0.17948420303203394,True,0.5865460714155372,1.3483254147715826
5502,top_3,0.1346219775610098,True,0.23692483080810503,0.2239784456035443
5502,top_6,0.1713403206024715,True,0.6058212984192245,1.3644777231400815
5502,flag_nested,0.1624851688331704,True,0.2913036141411697,0.5748014351166747
5516,market_1,0.03179855341873242,True,0.07039435387098701,0.0660157572198995
5516,block_2_3,-0.08561517574938739,False,0.23653678114521454,0.222200564360101
5516,block_4_6,0.6003064218686921,True,1.1259591033597176,0.6821872041010354
5516,top_3,-0.08265932684042379,False,0.24181928766893168,0.22971985944206724
5516,top_6,0.5751824470761434,True,1.1411473521397517,0.7065923138482229
5516,flag_nested,0.47638141057246897,True,0.49140997911019063,0.324284753172643
5530,market_1,-0.005548462785662676,False,0.07115596102191009,0.05792951090990068
5530,block_2_3,-0.2834468536595246,False,0.25477194273928305,0.20582133922582377
5530,block_4_6,0.02125935404664876,True,1.564887172327537,0.46924796517326645
5530,top_3,-0.26326355150639563,False,0.26172035824594164,0.20999719222958138
5530,top_6,0.031118672987697663,True,1.5687301668410556,0.49526245629869015
5530,flag_nested,-0.0050809269365232005,False,0.6618520042189246,0.24276789721638423
5544,market_1,0.214870392428812,True,0.05809187226229359,0.07038337020718964
5544,block_2_3,0.0199929712717525,True,0.21754952614689987,0.16489112119646035
5544,block_4_6,0.7473479731683446,True,1.3483254147715813,0.9096264489507195
5544,top_3,0.028898094082162283,True,0.22397844560354452,0.17313467483528427
5544,top_6,0.7261036541823136,True,1.36447772314008,0.921345184554246
5544,flag_nested,0.6747215827066398,True,0.5748014351166741,0.39550623534323504
5558,market_1,0.12422640152628894,True,0.06601575721989945,0.06625931222692252
5558,block_2_3,-0.2419536945891238,False,0.22220056436010094,0.19482683665654504
5558,block_4_6,0.5941023027867122,True,0.6821872041010354,0.9936810961269197
5558,top_3,-0.2236473135207115,False,0.22971985944206733,0.2027557992228326
5558,top_6,0.576417806129704,True,0.7065923138482221,1.0018558616236726
5558,flag_nested,0.46610586180301883,True,0.3242847531726427,0.4305571534743093
5572,market_1,0.17037017197692159,True,0.057929510909900665,0.0622976392975093
5572,block_2_3,0.15740307754810604,True,0.2058213392258237,0.2038261170626238
5572,block_4_6,-0.13748332750948922,False,0.46924796517326645,1.0501684247489464
5572,top_3,0.15825358370830261,True,0.2099971922295814,0.21230705961485177
5572,top_6,-0.13767750109030458,False,0.4952624562986904,1.0629595190351704
5572,flag_nested,-0.08246412601683804,False,0.2427678972163843,0.4552137756784067
5586,market_1,0.03186613500293768,True,0.07038337020718954,0.059154670975198435
5586,block_2_3,0.020204917752989937,True,0.1648911211964602,0.2488970767912174
5586,block_4_6,0.36364646519736415,True,0.9096264489507209,0.6288462622688249
5586,top_3,0.019168409265938588,True,0.17313467483528416,0.2554198141680047
5586,top_6,0.3634468548054537,True,0.9213451845542465,0.642187188362784
5586,flag_nested,0.29902380034056725,True,0.39550623534323526,0.3065611952029692
5600,market_1,0.07496648042436638,True,0.06625931222692265,0.058600827750726475
5600,block_2_3,-0.16816513855632642,False,0.19482683665654513,0.26754414414296723
5600,block_4_6,-0.33643508808286887,False,0.9936810961269207,0.8921440907335443
5600,top_3,-0.1599216419486666,False,0.20275579922283257,0.2725611093866193
5600,top_6,-0.3148703880700018,False,1.0018558616236737,0.8929540558597199
5600,flag_nested,-0.28703651692983506,False,0.43055715347430973,0.4013623476475413
5614,market_1,0.2628046203383102,True,0.062297639297509304,0.06506372405678647
5614,block_2_3,0.12836091177543663,True,0.20382611706262363,0.2201788614914808
5614,block_4_6,-0.2220686211489475,False,1.0501684247489458,1.042752485973849
5614,top_3,0.12845676296533423,True,0.21230705961485177,0.22573761820085458
5614,top_6,-0.21036951353461025,False,1.0629595190351695,1.0615509555272558
5614,flag_nested,-0.17511424164310416,False,0.4552137756784064,0.45720256357761263
5628,market_1,0.16449284183453416,True,0.059154670975198505,0.07196842790686397
5628,block_2_3,-0.003674190463953823,False,0.24889707679121753,0.21715923820231375
5628,block_4_6,-0.10804243594840876,False,0.6288462622688243,1.1439866677989132
5628,top_3,-0.002844086883198689,False,0.2554198141680048,0.22328634578655215
5628,top_6,-0.08819623210032662,False,0.6421871883627838,1.1607133733555624
5628,flag_nested,-0.06776403552702549,False,0.3065611952029692,0.49632748718431624
5642,market_1,0.1405327044891542,True,0.058600827750726434,0.06735703464880008
5642,block_2_3,-0.10746705700230787,False,0.26754414414296723,0.24477573115505033
5642,block_4_6,0.29085981091846885,True,0.8921440907335442,0.6209273636231141
5642,top_3,-0.10437032586712214,False,0.27256110938661926,0.2514160685766978
5642,top_6,0.3263644964769446,True,0.8929540558597194,0.6394568984529894
5642,flag_nested,0.2378419144721192,True,0.40136234764754114,0.3061990160980056
5656,market_1,0.3061321353747478,True,0.06506372405678647,0.06262060794159834
5656,block_2_3,0.15288106985966485,True,0.22017886149148114,0.20874552828119752
5656,block_4_6,0.23013577766478216,True,1.0427524859738493,0.4717534624227688
5656,top_3,0.14011435184262538,True,0.22573761820085486,0.212730808362167
5656,top_6,0.21574656127410216,True,1.0615509555272555,0.5078697999967129
5656,flag_nested,0.2009527876666371,True,0.4572025635776125,0.2489874731237817
5670,market_1,0.15507785121890072,True,0.07196842790686402,0.05538925782108807
5670,block_2_3,-0.09821863754255086,False,0.21715923820231356,0.2257654406949091
5670,block_4_6,0.12494953198696383,True,1.1439866677989134,0.4468926979103438
5670,top_3,-0.0868227856633308,False,0.22328634578655207,0.23080566295279376
5670,top_6,0.11155330744955406,True,1.1607133733555628,0.4881395879381646
5670,flag_nested,0.07911007691173635,True,0.49632748718431635,0.24604558680131622
5684,market_1,0.270495933950057,True,0.06735703464880008,0.058392809788307146
5684,block_2_3,0.021067178309014428,True,0.24477573115505025,0.24389333784104716
5684,block_4_6,-0.13729024354418148,False,0.6209273636231137,0.47053744084266663
5684,top_3,0.020697851101130472,True,0.2514160685766979,0.24844500370169054
5684,top_6,-0.11538844173365524,False,0.6394568984529891,0.49910800382063186
5684,flag_nested,-0.05924682820749166,False,0.3061990160980056,0.2559352003327934
5698,market_1,-0.09046325766880156,False,0.06262060794159832,0.059095507767065514
5698,block_2_3,0.14591710667502497,True,0.20874552828119744,0.2902425403314678
5698,block_4_6,-0.19054778561324318,False,0.4717534624227689,0.5423626705108318
5698,top_3,0.14000596143562746,True,0.21273080836216665,0.2954900666759303
5698,top_6,-0.16793946600359275,False,0.5078697999967129,0.5591450780975671
5698,flag_nested,-0.0738223563802237,False,0.24898747312378153,0.2910399891190526
5712,market_1,0.0474689037175444,True,0.05538925782108805,0.05959443194472567
5712,block_2_3,0.2894709595417428,True,0.22576544069490942,0.25617635958463497
5712,block_4_6,-0.004727530195015264,False,0.44689269791034336,0.5747916416262538
5712,top_3,0.2663257210265628,True,0.230805662952794,0.26112078671565864
5712,top_6,0.008015698185637668,True,0.48813958793816425,0.6065854094047467
5712,flag_nested,0.08105222225924502,True,0.24604558680131616,0.2959794382851677
5726,market_1,0.26070355357254565,True,0.05839280978830712,0.06231311204686186
5726,block_2_3,0.32718419478496535,True,0.24389333784104716,0.2305184922105212
5726,block_4_6,0.32403626221089626,True,0.47053744084266674,0.9020469470825175
5726,top_3,0.30524021937365897,True,0.2484450037016906,0.234077840445127
5726,top_6,0.3081968652774683,True,0.49910800382063203,0.9246964053340965
5726,flag_nested,0.29438029061309356,True,0.25593520033279343,0.40578028874636435
5740,market_1,-0.06438837969381754,False,0.059095507767065514,0.0786005423108469
5740,block_2_3,0.027124603076866906,True,0.2902425403314681,0.21899622702364108
5740,block_4_6,0.05613353730963271,True,0.5423626705108321,1.1224799350010337
5740,top_3,0.026539335115803184,True,0.2954900666759306,0.22511273055260003
5740,top_6,0.05656071371729,True,0.559145078097567,1.1393676366216887
5740,flag_nested,0.04420261613848265,True,0.2910399891190527,0.4893155706024391
5754,market_1,0.08673056199739002,True,0.059594431944725655,0.06887274290835126
5754,block_2_3,-0.04019789333919501,False,0.2561763595846348,0.24354633364298825
5754,block_4_6,0.15628066030450097,True,0.5747916416262538,1.046176587111999
5754,top_3,-0.04373928167676439,False,0.26112078671565847,0.251658198277709
5754,top_6,0.1524953191944714,True,0.6065854094047471,1.0652512179945814
5754,flag_nested,0.11528330311407506,True,0.2959794382851678,0.4636601814644758
5768,market_1,0.0365648757379917,True,0.06231311204686186,0.0634975418139293
5768,block_2_3,-0.12258307863077647,False,0.23051849221052126,0.26796344244553505
5768,block_4_6,0.40996193201168163,True,0.9020469470825178,0.6054202703008559
5768,top_3,-0.1132452083037044,False,0.23407784044512717,0.2752181370478665
5768,top_6,0.3840183277091051,True,0.924696405334097,0.6417584334967474
5768,flag_nested,0.28110344039553886,True,0.40578028874636457,0.31292585910586607
5782,market_1,0.08439646326365319,True,0.07860054231084689,0.0557726000546784
5782,block_2_3,0.2138835319755052,True,0.21899622702364077,0.25382156493249547
5782,block_4_6,0.18943997075401584,True,1.122479935001034,0.4867014543596516
5782,top_3,0.21011628948364433,True,0.22511273055259967,0.25941150693876247
5782,top_6,0.17652298088756238,True,1.1393676366216894,0.5379218223258724
5782,flag_nested,0.16923673871074632,True,0.4893155706024392,0.2716038918167476
5796,market_1,0.04219125660211769,True,0.06887274290835126,0.061056182800217906
5796,block_2_3,0.13169367678271385,True,0.24354633364298806,0.24698938021903158
5796,block_4_6,-0.38705468984534547,False,1.0461765871119992,0.536895184745934
5796,top_3,0.12905213552579514,True,0.2516581982777088,0.25359665887957905
5796,top_6,-0.3438355763595196,False,1.0652512179945817,0.5768608717514542
5796,flag_nested,-0.24527551701163794,False,0.46366018146447585,0.28394780649983914
5810,market_1,-0.011645365121224901,False,0.06349754181392932,0.06069679228601031
5810,block_2_3,-0.0515608462753004,False,0.26796344244553505,0.26663280254363647
5810,block_4_6,-0.2383199322479587,False,0.6054202703008552,0.5934835377048349
5810,top_3,-0.049445422902197736,False,0.2752181370478664,0.2734554993201199
5810,top_6,-0.21202804256329683,False,0.6417584334967469,0.636362817400898
5810,flag_nested,-0.16201701220976,False,0.31292585910586584,0.3100048545722328
5824,market_1,-0.04511216273134662,False,0.0557726000546784,0.07081852842189243
5824,block_2_3,-0.05945093855756071,False,0.2538215649324957,0.2844322282222357
5824,block_4_6,0.09009485872507146,True,0.4867014543596516,0.5833221140126199
5824,top_3,-0.052649863327379365,False,0.2594115069387626,0.2909898682777689
5824,top_6,0.0920152226292712,True,0.5379218223258724,0.610452492172767
5824,flag_nested,0.042125559972127725,True,0.27160389181674766,0.308786343579619
5838,market_1,0.01096434324161611,True,0.06105618280021788,0.07221706939217122
5838,block_2_3,0.11543498461612324,True,0.2469893802190315,0.2855667082075674
5838,block_4_6,-0.008236394755837735,False,0.5368951847459345,0.6238688189649579
5838,top_3,0.12184408641395932,True,0.2535966588795789,0.29023197571687565
5838,top_6,-0.001720807104538381,False,0.5768608717514544,0.6490175316265354
5838,flag_nested,0.032077950777597106,True,0.28394780649983914,0.32171021807552347
5852,market_1,0.08287092383576232,True,0.060696792286010305,0.0716559658076052
5852,block_2_3,0.20394248984949476,True,0.2666328025436366,0.28596335877207085
5852,block_4_6,0.06279369258286323,True,0.5934835377048354,0.5388356790837568
5852,top_3,0.20027790923284317,True,0.27345549932011987,0.28934887477214527
5852,top_6,0.06067393080448127,True,0.6363628174008983,0.5721388534101091
5852,flag_nested,0.10162610395028328,True,0.3100048545722329,0.2959718102737071
5866,market_1,0.2028564043312904,True,0.07081852842189244,0.0655395233581279
5866,block_2_3,0.1242499860393251,True,0.28443222822223563,0.28180849327642804
5866,block_4_6,-0.059764016619678575,False,0.5833221140126196,0.6911944199639044
5866,top_3,0.11569593036254729,True,0.2909898682777688,0.2876177898907529
5866,top_6,-0.08828245748069434,False,0.6104524921727668,0.7146829722566016
5866,flag_nested,-0.021303530734499223,False,0.30878634357961887,0.342050754442689
5880,market_1,0.06321099355787703,True,0.07221706939217132,0.0713893058815694
5880,block_2_3,0.10542348677786784,True,0.285566708207568,0.29094760656760776
5880,block_4_6,-0.06599431189237306,False,0.6238688189649572,0.6547096360672658
5880,top_3,0.09264343966476236,True,0.29023197571687603,0.2953858679200376
5880,top_6,-0.08387754094370888,False,0.6490175316265353,0.6821543166532108
5880,flag_nested,-0.029904249730884208,False,0.3217102180755236,0.3342700334629351
5894,market_1,0.1437820050378017,True,0.07165596580760518,0.06977045800112876
5894,block_2_3,0.17937153962482105,True,0.2859633587720709,0.27257478161326437
5894,block_4_6,0.3642433386395142,True,0.5388356790837564,0.7396995447511211
5894,top_3,0.18203840292180204,True,0.2893488747721451,0.2765803364610332
5894,top_6,0.30814834200079716,True,0.5721388534101086,0.7805329412951597
5894,flag_nested,0.2652259962807736,True,0.29597181027370695,0.363187861934379
5908,market_1,0.2221923800123627,True,0.06553952335812795,0.07607963753198203
5908,block_2_3,0.23022695175379485,True,0.281808493276428,0.2956549320737435
5908,block_4_6,0.41085827264114616,True,0.6911944199639047,0.6242717886846956
5908,top_3,0.2296607554171591,True,0.28761778989075293,0.2989651087967858
5908,top_6,0.3816288410267848,True,0.7146829722566018,0.6592614485685969
5908,flag_nested,0.3349851640669469,True,0.3420507544426891,0.32866259233609657
5922,market_1,0.3509550894071996,True,0.07138930588156936,0.0678951290299573
5922,block_2_3,0.01067629280453657,True,0.2909476065676076,0.33329286072052317
5922,block_4_6,0.5118582015806977,True,0.6547096360672654,1.2881176306964224
5922,top_3,0.014954827458497489,True,0.2953858679200374,0.33889551636312926
5922,top_6,0.49656042220643953,True,0.6821543166532104,1.2889094716741252
5922,flag_nested,0.3965911742612042,True,0.3342700334629349,0.56548599444332
5936,market_1,0.450605401912588,True,0.0697704580011288,0.06606067193102108
5936,block_2_3,0.014696984028793237,True,0.27257478161326426,0.42221953696421116
5936,block_4_6,0.5464020418325756,True,0.7396995447511213,1.1029119661814777
5936,top_3,0.02016183315356995,True,0.2765803364610332,0.426415980521217
5936,top_6,0.5150442099508796,True,0.7805329412951593,1.075925479052829
5936,flag_nested,0.4063994328766822,True,0.3631878619343789,0.5078485482271706
5950,market_1,-0.049695892284817786,False,0.07607963753198194,0.07228879372726317
5950,block_2_3,0.2936323703657383,True,0.2956549320737437,0.3695121055828456
5950,block_4_6,0.39802947672788924,True,0.624271788684695,1.3347998514330355
5950,top_3,0.28596889586410884,True,0.29896510879678595,0.3764645612314729
5950,top_6,0.3357910362034699,True,0.6592614485685961,1.3240416228733651
5950,flag_nested,0.3073725755446842,True,0.3286625923360964,0.5870677656822367
5964,market_1,0.17147002816685866,True,0.06789512902995733,0.06894913393446447
5964,block_2_3,0.41752123686466586,True,0.33329286072052294,0.4263930953425141
5964,block_4_6,0.42538834169534206,True,1.2881176306964233,0.9513975444389499
5964,top_3,0.4120083900100818,True,0.3388955163631292,0.43176857549492886
5964,top_6,0.36522620886163926,True,1.2889094716741258,0.9361155966655846
5964,flag_nested,0.36153758654582596,True,0.5654859944433203,0.46146226178534544
5978,market_1,0.170743517245743,True,0.06606067193102101,0.0770866876934515
5978,block_2_3,0.5236399391512955,True,0.4222195369642115,0.36786984205667994
5978,block_4_6,0.5564937569296254,True,1.1029119661814775,1.0164885957341991
5978,top_3,0.5164038688858835,True,0.42641598052121715,0.3754817835501601
5978,top_6,0.5059612436569088,True,1.0759254790528279,1.0227365183238282
5978,flag_nested,0.500701009616259,True,0.5078485482271703,0.4767279570129508
5992,market_1,0.23163038180029968,True,0.07228879372726327,0.06177317091702745
5992,block_2_3,0.6026861345562952,True,0.36951210558284553,0.3406131181713745
5992,block_4_6,0.5122212210576423,True,1.3347998514330366,0.7428709378474488
5992,top_3,0.591110737703761,True,0.376464561231473,0.3458399726628358
5992,top_6,0.45650516156166787,True,1.3240416228733674,0.7565200194738658
5992,flag_nested,0.47000502546348993,True,0.5870677656822376,0.37292283856012937
6006,market_1,0.1653074578439575,True,0.06894913393446443,0.06046825293516092
6006,block_2_3,0.5263472220388501,True,0.42639309534251457,0.3391146862154224
6006,block_4_6,-0.07528614948075484,False,0.95139754443895,0.7671505244100688
6006,top_3,0.515950939854787,True,0.4317685754949293,0.34417940931211244
6006,top_6,-0.14944093825065596,False,0.936115596665584,0.7587384956298362
6006,flag_nested,0.04971770390913958,True,0.46146226178534533,0.37294805134622516
6020,market_1,0.12219221595743741,True,0.07708668769345155,0.054522230935728826
6020,block_2_3,0.43444243184008086,True,0.36786984205668016,0.3399722535388509
6020,block_4_6,-0.37396912100629925,False,1.0164885957341987,0.9805232017408656
6020,top_3,0.4246530973424512,True,0.37548178355016043,0.34383077129325507
6020,top_6,-0.4086349791980061,False,1.0227365183238277,0.982780107081736
6020,flag_nested,-0.23102951637676727,False,0.47672795701295073,0.45094936512670536
6034,market_1,0.03869360183814278,True,0.06177317091702738,0.06671184849512703
6034,block_2_3,0.4328712890652659,True,0.34061311817137435,0.43115763618722824
6034,block_4_6,-0.19363153880359893,False,0.742870937847449,1.0240671308433413
6034,top_3,0.42257340862996406,True,0.34583997266283595,0.43564772239853317
6034,top_6,-0.2935647468266027,False,0.756520019473866,0.9983491072723694
6034,flag_nested,-0.0863513164405712,False,0.37292283856012953,0.48355999979861447
6048,market_1,-0.022021241596198348,False,0.060468252935160935,0.07699050468406528
6048,block_2_3,0.42984363997475034,True,0.3391146862154221,0.45665711197967146
6048,block_4_6,0.04373651751753819,True,0.7671505244100688,0.93275065972975
6048,top_3,0.4224255949841085,True,0.3441794093121121,0.46067738461245544
6048,top_6,-0.04592905331532271,False,0.7587384956298365,0.9106961521109401
6048,flag_nested,0.09794891467709235,True,0.3729480513462253,0.4635694866514008
6062,market_1,0.22885254083778064,True,0.054522230935728826,0.06814893959163669
6062,block_2_3,0.5665783037795209,True,0.3399722535388509,0.5193607618416572
6062,block_4_6,0.1406828106187608,True,0.980523201740866,0.8649233677239656
6062,top_3,0.5610770088774091,True,0.3438307712932548,0.5222652117394777
6062,top_6,0.03787521392827593,True,0.9827801070817357,0.787632470775699
6062,flag_nested,0.19548597679109364,True,0.45094936512670514,0.44604791962515683
6076,market_1,0.23271698768768856,True,0.06671184849512701,0.08670799598874711
6076,block_2_3,0.5677165093501484,True,0.4311576361872281,0.46894594091215425
6076,block_4_6,0.08559538324176724,True,1.0240671308433418,0.8145084016549764
6076,top_3,0.5583666882924258,True,0.43564772239853305,0.4734770764122711
6076,top_6,-0.0366014425046601,False,0.9983491072723705,0.7668384721449173
6076,flag_nested,0.17080920961375362,True,0.48355999979861486,0.4245609468513093
6090,market_1,0.3751920246257653,True,0.07699050468406526,0.09078341199082181
6090,block_2_3,0.5052414371139043,True,0.4566571119796715,0.4833135091950379
6090,block_4_6,0.09629100659053311,True,0.9327506597297497,0.7907666562216319
6090,top_3,0.49842030147607114,True,0.4606773846124551,0.48770822416101317
6090,top_6,-0.05244822252121682,False,0.9106961521109403,0.7291917326321412
6090,flag_nested,0.17549948970385085,True,0.46356948665140074,0.4197000861972379
6104,market_1,0.4792866075967208,True,0.06814893959163666,0.08825079078161895
6104,block_2_3,0.5269964976562475,True,0.5193607618416571,0.38250099501809326
6104,block_4_6,-0.00918399709020582,False,0.8649233677239654,0.7494886498497969
6104,top_3,0.5264302636389975,True,0.5222652117394775,0.3885589235604498
6104,top_6,-0.1589243175027893,False,0.7876324707756988,0.7329627544655987
6104,flag_nested,0.13536330533183843,True,0.4460479196251567,0.38425679044795785
6118,market_1,0.2590285451401634,True,0.0867079959887472,0.07836348941422007
6118,block_2_3,0.49082173027614273,True,0.4689459409121539,0.2962280000871823
6118,block_4_6,-0.11751430580110274,False,0.8145084016549758,0.8116242140718746
6118,top_3,0.4895699603756586,True,0.47347707641227077,0.30247744231368473
6118,top_6,-0.19550007541407474,False,0.7668384721449171,0.8293564387385612
6118,flag_nested,0.026700355870311474,True,0.4245609468513092,0.3889435107941772
6132,market_1,0.20009885282661966,True,0.09078341199082186,0.0818540696317956
6132,block_2_3,0.3896481331318596,True,0.4833135091950376,0.29247585478331617
6132,block_4_6,0.10222122291828924,True,0.790766656221632,0.6185898407739389
6132,top_3,0.40068776740578177,True,0.4877082241610128,0.2967328513968901
6132,top_6,0.024912980930016808,True,0.7291917326321411,0.6376656784912403
6132,flag_nested,0.16820483135056682,True,0.4197000861972378,0.3222108057399878
6146,market_1,0.1826093585541608,True,0.08825079078161897,0.07494222397028774
6146,block_2_3,0.3270707922765279,True,0.3825009950180936,0.3234714651750811
6146,block_4_6,0.09394849068477483,True,0.7494886498497968,0.6946258758377781
6146,top_3,0.3302498362756556,True,0.38855892356044996,0.32674878805775404
6146,top_6,0.06252248365730158,True,0.7329627544655983,0.7125340787710663
6146,flag_nested,0.15132800149491896,True,0.38425679044795785,0.3547140576121916
6160,market_1,0.23166003131418603,True,0.07836348941422006,0.08207324633314769
6160,block_2_3,0.4514204502495153,True,0.2962280000871822,0.30836858794091443
6160,block_4_6,0.3976398757635962,True,0.8116242140718741,1.1732715761375478
6160,top_3,0.4326718979727694,True,0.3024774423136848,0.3170458742436959
6160,top_6,0.37381187582844744,True,0.8293564387385601,1.180981010142466
6160,flag_nested,0.3758749393544407,True,0.38894351079417677,0.5222018169330366
6174,market_1,0.07480969505169122,True,0.08185406963179558,0.0814971754417472
6174,block_2_3,0.4310430137156509,True,0.29247585478331617,0.2867063969469382
6174,block_4_6,0.10006380925928829,True,0.6185898407739392,0.645723260079145
6174,top_3,0.40702979880944495,True,0.29673285139689015,0.2977797421594007
6174,top_6,0.07845588532480081,True,0.6376656784912403,0.6678720182656571
6174,flag_nested,0.16854941543242002,True,0.3222108057399877,0.33247789903821123
6188,market_1,0.35571452400281167,True,0.07494222397028776,0.07790942318813007
6188,block_2_3,0.2831099217301957,True,0.32347146517508113,0.2628880517067255
6188,block_4_6,0.21363183794366444,True,0.6946258758377786,0.6556095328898295
6188,top_3,0.2786029851077069,True,0.3267487880577539,0.27275467308077295
6188,top_6,0.19309664375644217,True,0.7125340787710668,0.6809305423908282
6188,flag_nested,0.22261633132560263,True,0.35471405761219166,0.3288555651205427
6202,market_1,0.18890331877020852,True,0.0820732463331477,0.07058825044352815
6202,block_2_3,0.3866800997044685,True,0.30836858794091454,0.2718000359649422
6202,block_4_6,-0.33439771729270246,False,1.1732715761375487,0.8643380615806868
6202,top_3,0.37617133025954763,True,0.3170458742436958,0.28081523277673476
6202,top_6,-0.3447501713466266,False,1.180981010142466,0.8722349273793715
6202,flag_nested,-0.22603999833185956,False,0.5222018169330365,0.39757690347559804
6216,market_1,0.2466363034556625,True,0.08149717544174721,0.0788661386767453
6216,block_2_3,0.4966006426779238,True,0.28670639694693817,0.22509635818181817
6216,block_4_6,-0.01653308425981963,False,0.6457232600791453,0.9117825154768338
6216,top_3,0.47864171013320717,True,0.2977797421594006,0.23776195425612776
6216,top_6,-0.032151651839673154,False,0.6678720182656571,0.9226528623337926
6216,flag_nested,0.07051495066649728,True,0.3324778990382113,0.4085888326779552
6230,market_1,0.02011338016509902,True,0.07790942318813003,0.08967527027106144
6230,block_2_3,0.26870119125528363,True,0.2628880517067253,0.22072555554579376
6230,block_4_6,0.12963423125353624,True,0.6556095328898291,0.6810314944895093
6230,top_3,0.27146001348971605,True,0.2727546730807728,0.2322213069828154
6230,top_6,0.09652158925236516,True,0.6809305423908276,0.6942840596395572
6230,flag_nested,0.12566445188687564,True,0.3288555651205424,0.32612210159497157
6244,market_1,0.2590145282544053,True,0.07058825044352818,0.07433793923486412
6244,block_2_3,0.17252941976696176,True,0.27180003596494207,0.2091174287836792
6244,block_4_6,0.33075995710963424,True,0.8643380615806865,0.8020393427530021
6244,top_3,0.18039987599821142,True,0.28081523277673465,0.22048579747607328
6244,top_6,0.3016515934918806,True,0.8722349273793712,0.8127900704177858
6244,flag_nested,0.28211138305944433,True,0.397576903475598,0.3630914594619349
6258,market_1,0.10157386607923767,True,0.07886613867674526,0.07238102067749294
6258,block_2_3,0.22065831968317995,True,0.22509635818181817,0.22981229585960408
6258,block_4_6,-0.25680588895949186,False,0.9117825154768336,0.7888604120565973
6258,top_3,0.21805227917012554,True,0.23776195425612778,0.23900147568225033
6258,top_6,-0.24982511357822434,False,0.9226528623337928,0.8058964194591363
6258,flag_nested,-0.1764795470540308,False,0.40858883267795526,0.36403903695884426
6272,market_1,-0.1624627484908754,False,0.08967527027106147,0.08662550010668675
6272,block_2_3,0.34335678059454633,True,0.2207255555457939,0.23995198339427906
6272,block_4_6,-0.10362568756853965,False,0.681031494489509,1.1696267084907566
6272,top_3,0.3414814589589266,True,0.23222130698281548,0.24941380412262276
6272,top_6,-0.105653558026995,False,0.6942840596395571,1.1805374542745501
6272,flag_nested,-0.05468138784247913,False,0.32612210159497157,0.5104094820062406
6286,market_1,-0.033988466174535825,False,0.07433793923486401,0.08722671028339557
6286,block_2_3,0.2691375322830715,True,0.20911742878367925,0.25688900527563485
6286,block_4_6,0.6620290055537627,True,0.8020393427530029,1.2649677846404344
6286,top_3,0.27960264470527807,True,0.2204857974760733,0.26027614397139265
6286,top_6,0.6429110913349425,True,0.8127900704177865,1.274523687528073
6286,flag_nested,0.5830359183458318,True,0.3630914594619351,0.5485661561793879
6300,market_1,0.1610562976741866,True,0.07238102067749295,0.0848728827415755
6300,block_2_3,0.09184969163755603,True,0.22981229585960405,0.30361303132102796
6300,block_4_6,0.6059008066120859,True,0.7888604120565973,1.1498257122223103
6300,top_3,0.101804807126094,True,0.23900147568225039,0.30654802312643853
6300,top_6,0.6050751320217667,True,0.8058964194591361,1.1586313390540204
6300,flag_nested,0.5237280067521488,True,0.36403903695884426,0.5121182152187062
6314,market_1,0.2702652609224296,True,0.08662550010668672,0.07407238025847235
6314,block_2_3,0.22989660572805423,True,0.23995198339427906,0.2852977723680446
6314,block_4_6,0.5702461128100725,True,1.1696267084907568,0.6682904992280885
6314,top_3,0.22350459912113216,True,0.2494138041226227,0.29150793850206647
6314,top_6,0.5314268550638137,True,1.18053745427455,0.7076193086228221
6314,flag_nested,0.4642295496690941,True,0.5104094820062406,0.34244200177018397
6328,market_1,0.3695852235149386,True,0.0872267102833956,0.08295647431248451
6328,block_2_3,0.3610093694589728,True,0.25688900527563474,0.3253679506201872
6328,block_4_6,-0.44978149103440673,False,1.2649677846404335,0.7755898063114416
6328,top_3,0.34899513784815533,True,0.26027614397139265,0.33120033540871263
6328,top_6,-0.43444549417102,False,1.2745236875280712,0.7966151871058492
6328,flag_nested,-0.28699005879550554,False,0.5485661561793873,0.3862800668900571
