label,N,T,example,estimator,split,current_date,target_window_start,target_date,relative_frobenius,gaussian_nll_per_asset,gmv_long_short_variance,gmv_long_short_annualised_volatility,gmv_long_only_variance,gmv_long_only_annualised_volatility,flag_market_1_loss,flag_top_3_loss,flag_top_6_loss,flag_nested_loss,raw_min_eigenvalue,raw_max_eigenvalue,raw_condition_number,score_eigenvalue_floor,n_eigenvalues_floored,score_condition_number,horizon,step,bahc_bootstraps,seed
cac40_full,23,250,344,2.9 Cross-validated eigenvalue shrinkage,test,2019-11-12,2019-11-13,2020-01-13,2.0661053713758357,-8.325409876126255,3.23192055941057e-05,0.09024655012638785,2.739683424547381e-05,0.08309032572965037,0.1698497553003615,0.13660525258847178,0.3977896722067542,0.23474822669852916,3.468710301972444e-05,0.0026250317823459665,75.67745801237051,2.6250317823459665e-11,0,75.67745801237051,42,14,100,20260803
cac40_full,23,250,345,2.9 Cross-validated eigenvalue shrinkage,test,2019-12-02,2019-12-03,2020-01-31,1.0043040472919036,-8.244141221262531,4.015097404492701e-05,0.10058849566089359,3.7971413773580164e-05,0.09782022424295603,0.1565898903841937,0.3428660821970131,0.49490393127663285,0.3314533012859466,3.91360810330269e-05,0.002383286731789757,60.8974294022568,2.383286731789757e-11,0,60.8974294022568,42,14,100,20260803
cac40_full,23,250,346,2.9 Cross-validated eigenvalue shrinkage,test,2019-12-20,2019-12-23,2020-02-20,0.6290760189533625,-8.063313412907394,3.488495765038374e-05,0.09376038250720133,3.526757671254204e-05,0.09427316336880075,0.11716363846610389,0.3466778768757525,0.35638624665726404,0.27340925399970684,3.7987066733854907e-05,0.0021191197817164655,55.78529652114096,2.1191197817164654e-11,0,55.78529652114096,42,14,100,20260803
cac40_full,23,250,347,2.9 Cross-validated eigenvalue shrinkage,test,2020-01-13,2020-01-14,2020-03-11,0.8309445667800931,-6.945140232157411,0.0003002163249686635,0.275053656387446,0.00029896617066389275,0.2744803727177974,0.0876712780958443,0.2691393669191979,0.4026864929761924,0.2531657126637448,3.587295151261033e-05,0.0019483927816116887,54.31370153433778,1.9483927816116887e-11,0,54.31370153433778,42,14,100,20260803
cac40_full,23,250,348,2.9 Cross-validated eigenvalue shrinkage,test,2020-01-31,2020-02-03,2020-03-31,0.9553109766624429,-0.594318771456102,0.0008684285439417387,0.4678076453771552,0.0008490436692091171,0.4625570285280481,0.17525707672450952,0.512118789370753,0.49991462172085804,0.39576349593870686,2.9474175827457296e-05,0.0018966737392310162,64.35035708323791,1.896673739231016e-11,0,64.35035708323791,42,14,100,20260803
cac40_full,23,250,349,2.9 Cross-validated eigenvalue shrinkage,test,2020-02-20,2020-02-21,2020-04-22,0.9619344724722965,1.3512655820502064,0.0009673059788562715,0.4937216894889067,0.0009340166450441511,0.485151723228029,0.15665334965739686,0.5883302993351534,0.5220422639112684,0.4223419709679395,3.3266743487635535e-05,0.0018941920845953852,56.939510334079195,1.8941920845953853e-11,0,56.939510334079195,42,14,100,20260803
cac40_full,23,250,350,2.9 Cross-validated eigenvalue shrinkage,test,2020-03-11,2020-03-12,2020-05-13,0.9279531442490611,-0.2847772326972579,0.0004696766216539787,0.3440327145153534,0.0006593644876223034,0.407627097824495,0.17206522818369696,0.6511195841035776,0.5715044596889873,0.46489642399208736,4.204827887757362e-05,0.0035529108899316204,84.49598853442154,3.5529108899316204e-11,0,84.49598853442154,42,14,100,20260803
cac40_full,23,250,351,2.9 Cross-validated eigenvalue shrinkage,test,2020-03-31,2020-04-01,2020-06-02,0.5909708491107767,-6.17912335781597,0.00016520725537419586,0.20403977150128685,0.00018849857293950272,0.21794871043609018,0.0515807930504405,0.4626640908330035,0.32126733485708564,0.2785040729135099,8.657105911080946e-05,0.00784381032204619,90.60545640323342,7.84381032204619e-11,0,90.60545640323342,42,14,100,20260803
cac40_full,23,250,352,2.9 Cross-validated eigenvalue shrinkage,test,2020-04-22,2020-04-23,2020-06-22,0.45813141635216564,-6.829528053612134,0.00017360083865690173,0.20915881846467588,0.00016017891278454193,0.20091064188266525,0.05233796538288893,0.30029561054962145,0.3031568764502232,0.2185968174609112,9.564804082572128e-05,0.0090178020108915,94.28109486657117,9.0178020108915e-11,0,94.28109486657117,42,14,100,20260803
cac40_full,23,250,353,2.9 Cross-validated eigenvalue shrinkage,test,2020-05-13,2020-05-14,2020-07-10,0.3999541551517822,-7.099499377226152,0.0001627058683652333,0.20248920669516882,0.00016377573210292026,0.20315384438876835,0.0778831011434129,0.3691481892537711,0.27748454838893766,0.2415052795953739,9.632439383541017e-05,0.009852799184601538,102.28768427483749,9.852799184601538e-11,0,102.28768427483749,42,14,100,20260803
cac40_full,23,250,354,2.9 Cross-validated eigenvalue shrinkage,test,2020-06-02,2020-06-03,2020-07-30,0.47209589925828566,-7.362481778786357,0.0001472667460852679,0.19264272634461835,0.00014607806987116547,0.19186368496287592,0.06962948695074278,0.35764780496549314,0.272138201751363,0.23313849788919963,0.00010272795788840932,0.010441901418789876,101.64615002015945,1.0441901418789877e-10,0,101.64615002015945,42,14,100,20260803
cac40_full,23,250,355,2.9 Cross-validated eigenvalue shrinkage,test,2020-06-22,2020-06-23,2020-08-19,1.3433523917021302,-7.445007392565762,0.00011648569691032634,0.17133124531562313,0.00010627501799562255,0.1636499451111942,0.05850802247850306,0.27849465152879543,0.3238517019518903,0.22028479198639625,0.0001111742753829394,0.011134624428031238,100.15468407307414,1.1134624428031238e-10,0,100.15468407307414,42,14,100,20260803
cac40_full,23,250,356,2.9 Cross-validated eigenvalue shrinkage,test,2020-07-10,2020-07-13,2020-09-08,1.9349614228706145,-7.433577944562324,0.00011435001068811448,0.16975335841568748,0.00010134551053638072,0.15980947611192506,0.050411685778472215,0.3907257484935618,0.2731230579634453,0.2380868307451598,0.00010162763922390621,0.011611116925713134,114.25156595570914,1.1611116925713134e-10,0,114.25156595570914,42,14,100,20260803
cac40_full,23,250,357,2.9 Cross-validated eigenvalue shrinkage,test,2020-07-30,2020-07-31,2020-09-28,1.22383165529603,-7.340534581878274,9.832349448959482e-05,0.15740876916924892,0.00010548454439733787,0.16304019500763958,0.10794409968634944,0.4684265937464311,0.2540448831387323,0.2768051921905043,9.944334033544065e-05,0.01152868326205304,115.93218030654114,1.152868326205304e-10,0,115.93218030654114,42,14,100,20260803
cac40_full,23,250,358,2.9 Cross-validated eigenvalue shrinkage,test,2020-08-19,2020-08-20,2020-10-16,1.3020848873451687,-7.274413123608894,0.00010326918970476908,0.16131904972941605,9.771640102645984e-05,0.15692206045890386,0.13923237410850597,0.1888258251821099,0.20356227513186628,0.17720682480749406,0.00011221803965527303,0.011502558346836528,102.50186496014085,1.1502558346836528e-10,0,102.50186496014085,42,14,100,20260803
cac40_full,23,250,359,2.9 Cross-validated eigenvalue shrinkage,test,2020-09-08,2020-09-09,2020-11-05,0.8571615676152491,-7.113244362121381,0.00013388454199129009,0.18368153032301615,0.00013796479932008467,0.18645945786862445,0.0895994084762397,0.35153581094525,0.3393194814591099,0.26015156696019986,8.828435178874933e-05,0.011538218318121019,130.69381022052667,1.1538218318121019e-10,0,130.69381022052667,42,14,100,20260803
cac40_full,23,250,360,2.9 Cross-validated eigenvalue shrinkage,test,2020-09-28,2020-09-29,2020-11-25,0.5186492466472438,-6.981676364469178,0.00015909594774399311,0.2002303144668316,0.00018216698822972604,0.21425704430401107,0.16591336694974135,0.17387621019259628,0.32227919222176427,0.22068958978803396,9.594178039514925e-05,0.01179951133224037,122.98616185401687,1.179951133224037e-10,0,122.98616185401687,42,14,100,20260803
cac40_full,23,250,361,2.9 Cross-validated eigenvalue shrinkage,test,2020-10-16,2020-10-19,2020-12-15,0.502053837658478,-7.112467483155468,0.00014244825719716077,0.18946493293927644,0.00018320276943383637,0.21486530175281157,0.14132689782292585,0.3632408833115468,0.3631466170361159,0.28923813272352955,9.205860811964773e-05,0.011915298354439429,129.43165878581635,1.1915298354439428e-10,0,129.43165878581635,42,14,100,20260803
cac40_full,23,250,362,2.9 Cross-validated eigenvalue shrinkage,test,2020-11-05,2020-11-06,2021-01-06,0.7166842572676104,-7.248063375356518,0.00011755567105797504,0.17211632434667465,0.00014147552608051217,0.18881692872274208,0.2021683470263037,0.21039070587122843,0.27653439857346074,0.22969781715699764,8.9681764667476e-05,0.012310927289373793,137.27347287400642,1.2310927289373794e-10,0,137.27347287400642,42,14,100,20260803
cac40_full,23,250,363,2.9 Cross-validated eigenvalue shrinkage,test,2020-11-25,2020-11-26,2021-01-26,3.205998027257754,-7.375732972300079,9.182672714802038e-05,0.15211947686375055,7.120068010202127e-05,0.1339498838585139,0.15037750720872145,0.3937195081351466,0.3457874001030992,0.2966281384823224,9.3382536817167e-05,0.013419219073631502,143.70159058652365,1.3419219073631502e-10,0,143.70159058652365,42,14,100,20260803
cac40_full,23,250,364,2.9 Cross-validated eigenvalue shrinkage,test,2020-12-15,2020-12-16,2021-02-15,2.964940881992655,-7.334549992148892,7.85067232924877e-05,0.14065452097144585,8.015945692587529e-05,0.14212734833704796,0.11530964597579829,0.3702364516220187,0.4021002055479499,0.295882101048589,0.00011870872567389187,0.013401553280473854,112.89442460438539,1.3401553280473856e-10,0,112.89442460438539,42,14,100,20260803
cac40_full,23,250,365,2.9 Cross-validated eigenvalue shrinkage,test,2021-01-06,2021-01-07,2021-03-05,3.520980433006237,-7.277284813294949,6.483206960515387e-05,0.12781894046071096,5.997922474807155e-05,0.12294211905003928,0.2377765295663118,0.3568408159556107,0.3014387278738096,0.29868535779857736,0.0001245911840812959,0.013617076525313862,109.29406141953594,1.3617076525313862e-10,0,109.29406141953594,42,14,100,20260803
cac40_full,23,250,366,2.9 Cross-validated eigenvalue shrinkage,test,2021-01-26,2021-01-27,2021-03-25,4.514827902018519,-7.363824528881009,5.830046553187523e-05,0.12120939449577561,6.513113231926734e-05,0.1281134081369135,0.22171040389722418,0.3548059105746777,0.3361404042521606,0.3042189062413541,0.00012807114528458975,0.013786819703033963,107.64969480360281,1.3786819703033964e-10,0,107.64969480360281,42,14,100,20260803
cac40_full,23,250,367,2.9 Cross-validated eigenvalue shrinkage,test,2021-02-15,2021-02-16,2021-04-16,5.650856828509381,-7.4560348711558575,4.2826534655068495e-05,0.10388593135298571,4.650128232893422e-05,0.10825120390504404,0.6194799503519691,0.3801361543940271,0.3618678125536614,0.4538279724332192,0.00011697075126216223,0.01362149595122049,116.45215410039671,1.362149595122049e-10,0,116.45215410039671,42,14,100,20260803
cac40_full,23,250,368,2.9 Cross-validated eigenvalue shrinkage,test,2021-03-05,2021-03-08,2021-05-06,4.128182953046234,-7.587446228042107,3.557752934072813e-05,0.09468652171171718,3.402988786047329e-05,0.09260416697341038,0.13417649849620217,0.26017504196732855,0.2852290446164815,0.22652686169333744,0.00010083586217416939,0.01029720460313699,102.11847631501458,1.029720460313699e-10,0,102.11847631501458,42,14,100,20260803
cac40_full,23,250,369,2.9 Cross-validated eigenvalue shrinkage,test,2021-03-25,2021-03-26,2021-05-26,2.7532656619364277,-7.814545734321557,3.827922526989946e-05,0.0982159089354401,3.79655570653458e-05,0.09781268005973019,0.044468999345952165,0.23377748383710376,0.3048737200506844,0.19437340107791345,9.562022593499146e-05,0.007401248914770407,77.40254577313208,7.401248914770407e-11,0,77.40254577313208,42,14,100,20260803
cac40_full,23,250,370,2.9 Cross-validated eigenvalue shrinkage,test,2021-04-16,2021-04-19,2021-06-15,2.302022406092735,-7.894584015302956,3.563465678404262e-05,0.09476251109789535,3.6033265759280426e-05,0.09529104350010376,0.05525721977156772,0.12215177949315503,0.22540300243051256,0.1342706672317451,6.085670545482485e-05,0.006379927566649795,104.83524402065675,6.379927566649795e-11,0,104.83524402065675,42,14,100,20260803
cac40_full,23,250,371,2.9 Cross-validated eigenvalue shrinkage,test,2021-05-06,2021-05-07,2021-07-05,1.8634342644105033,-7.96613410991746,3.0665152148577596e-05,0.0879068731183265,3.1571861362416865e-05,0.0891970238479348,0.2050445630914467,0.23007856277604866,0.22865598438038917,0.2212597034159615,6.47676552631934e-05,0.005867285092399146,90.58974064379088,5.867285092399146e-11,0,90.58974064379088,42,14,100,20260803
cac40_full,23,250,372,2.9 Cross-validated eigenvalue shrinkage,test,2021-05-26,2021-05-27,2021-07-23,1.033623772287211,-8.001309111673946,4.988767109500959e-05,0.11212356182329572,4.792468200935033e-05,0.10989549520501868,0.04282456364998255,0.3086179470237278,0.28944478813541535,0.21362909960304188,5.4907723812285744e-05,0.0051147944497477145,93.1525493067929,5.114794449747715e-11,0,93.1525493067929,42,14,100,20260803
cac40_full,23,250,373,2.9 Cross-validated eigenvalue shrinkage,test,2021-06-15,2021-06-16,2021-08-12,0.7841268165259915,-7.897525581223761,4.620873882456634e-05,0.10791015792681762,5.0017976802622416e-05,0.11226989870067955,0.03553534741871145,0.1522593644765665,0.3081728870429467,0.16532253297940822,4.887180341785945e-05,0.004346787425405362,88.94264425316656,4.346787425405362e-11,0,88.94264425316656,42,14,100,20260803
cac40_full,23,250,374,2.9 Cross-validated eigenvalue shrinkage,test,2021-07-05,2021-07-06,2021-09-01,1.031114486398348,-7.854591380679454,4.446730627229759e-05,0.10585726796313512,4.148761510424406e-05,0.10224910271620725,0.16528515264687837,0.19038171760715925,0.38291336990051805,0.2461934133848519,4.943030605308215e-05,0.004264808619303902,86.27922745863671,4.264808619303902e-11,0,86.27922745863671,42,14,100,20260803
cac40_full,23,250,375,2.9 Cross-validated eigenvalue shrinkage,test,2021-07-23,2021-07-26,2021-09-21,1.3678697107672038,-7.708484186724971,2.3870171408678524e-05,0.07755825678151224,2.1593747293936796e-05,0.07376736621346916,0.24126064281073223,0.1855426848589364,0.3760297588212727,0.2676110288303138,4.460366895096414e-05,0.00420220164883724,94.21201770322992,4.2022016488372404e-11,0,94.21201770322992,42,14,100,20260803
cac40_full,23,250,376,2.9 Cross-validated eigenvalue shrinkage,test,2021-08-12,2021-08-13,2021-10-11,0.8288015603721001,-7.754595846208663,3.4207065176288e-05,0.09284492675652545,3.235512549939688e-05,0.09029668668255782,0.113868510663786,0.18534178422123126,0.3654410818732743,0.2215504589194305,5.682943902903528e-05,0.004050729610237328,71.27871890777824,4.050729610237328e-11,0,71.27871890777824,42,14,100,20260803
cac40_full,23,250,377,2.9 Cross-validated eigenvalue shrinkage,test,2021-09-01,2021-09-02,2021-10-29,0.8615344529909542,-7.785088410536348,3.390793517973463e-05,0.09243808557782407,3.8516735736255335e-05,0.09852013705601685,0.12490178336420632,0.17877243378116367,0.34315035770744645,0.2156081916176055,5.4138439994863375e-05,0.0040869259274305715,75.49027877083893,4.0869259274305714e-11,0,75.49027877083893,42,14,100,20260803
cac40_full,23,250,378,2.9 Cross-validated eigenvalue shrinkage,test,2021-09-21,2021-09-22,2021-11-18,0.917942661090876,-7.854052399895134,3.008804668620691e-05,0.08707575876743275,2.9801353905457597e-05,0.0866599168253427,0.22060079912821806,0.40264259531688507,0.307800072333061,0.31034782225938806,5.119230178094635e-05,0.0036721390259677406,71.73225071380756,3.672139025967741e-11,0,71.73225071380756,42,14,100,20260803
cac40_full,23,250,379,2.9 Cross-validated eigenvalue shrinkage,test,2021-10-11,2021-10-12,2021-12-08,0.5149419063195554,-7.775064725487033,6.022799061009671e-05,0.12319680853717101,7.235667920449515e-05,0.13503289658276896,0.1440140673654925,0.37673576630522154,0.29828986118314765,0.2730132316179539,5.303125981972421e-05,0.0036907614462878477,69.59596017206295,3.6907614462878475e-11,0,69.59596017206295,42,14,100,20260803
cac40_full,23,250,380,2.9 Cross-validated eigenvalue shrinkage,test,2021-10-29,2021-11-01,2021-12-28,0.5220918740558338,-7.834629247837197,6.399487066166844e-05,0.12699097372152263,6.779056238202241e-05,0.13070279920594527,0.33408064430843365,0.37692967309663833,0.31845746241527967,0.34315592660678385,5.1326998061953575e-05,0.0026701196145046562,52.02173739601376,2.6701196145046564e-11,0,52.02173739601376,42,14,100,20260803
cac40_full,23,250,381,2.9 Cross-validated eigenvalue shrinkage,test,2021-11-18,2021-11-19,2022-01-17,0.5812065429890794,-7.784971589417439,6.92922342690692e-05,0.1321425103280751,7.51616007056385e-05,0.13762530064570577,0.3101193838631239,0.3700930879216959,0.3517367862746869,0.34398308601983557,4.2067935594379004e-05,0.0020885761337703,49.64769733196438,2.0885761337703e-11,0,49.64769733196438,42,14,100,20260803
cac40_full,23,250,382,2.9 Cross-validated eigenvalue shrinkage,test,2021-12-08,2021-12-09,2022-02-04,0.5026194319052232,-7.8481377938559005,4.1572540282476914e-05,0.10235370120901434,4.554834599525914e-05,0.10713628326017896,0.15743341235012587,0.4040090759160226,0.3034660329084498,0.2883028403915327,4.3383735700478966e-05,0.0023000083038180216,53.01545076010199,2.3000083038180215e-11,0,53.01545076010199,42,14,100,20260803
cac40_full,23,250,383,2.9 Cross-validated eigenvalue shrinkage,test,2021-12-28,2021-12-29,2022-02-24,0.5846224602386619,-7.505507727513129,5.669271657476373e-05,0.11952641790349304,7.258429302321407e-05,0.13524511762666314,0.13078891762843192,0.13262391733572057,0.3866032148522238,0.21667201660545876,4.750455892408552e-05,0.0021972753664284113,46.25398943161979,2.1972753664284114e-11,0,46.25398943161979,42,14,100,20260803
cac40_full,23,250,384,2.9 Cross-validated eigenvalue shrinkage,test,2022-01-17,2022-01-18,2022-03-16,0.8471180457257589,-6.549383724241132,0.00015249879219377013,0.19603493472549752,0.0002133894294588364,0.23189251006366457,0.2620515062173243,0.3579938968112954,0.4118142957856366,0.34395323293808544,4.3475875625406383e-05,0.0019865543797319934,45.69325749407317,1.9865543797319936e-11,0,45.69325749407317,42,14,100,20260803
cac40_full,23,250,385,2.9 Cross-validated eigenvalue shrinkage,test,2022-02-04,2022-02-07,2022-04-05,0.8439550364779952,-6.544495350539134,0.00012185779453076728,0.17523745096797474,0.00015905503156787932,0.20020456527038935,0.30818514677823405,0.15243389333704935,0.44175544256029475,0.30079149422519275,4.136250067497806e-05,0.0021343299226241116,51.60060169948232,2.1343299226241115e-11,0,51.60060169948232,42,14,100,20260803
cac40_full,23,250,386,2.9 Cross-validated eigenvalue shrinkage,test,2022-02-24,2022-02-25,2022-04-27,0.8115732724504332,-6.7796659235022165,8.866912660570896e-05,0.14948116906366052,0.00012414182995093554,0.1768721039272043,0.28514661353316995,0.11693108494757265,0.3656863471172875,0.25592134853267673,4.6782809970108725e-05,0.0024593488983728354,52.56949935124044,2.4593488983728356e-11,0,52.56949935124044,42,14,100,20260803
cac40_full,23,250,387,2.9 Cross-validated eigenvalue shrinkage,test,2022-03-16,2022-03-17,2022-05-17,0.3876401015444359,-7.643457511548358,5.201604839678753e-05,0.11449036726288574,2.8081109087600126e-05,0.08412157565140606,0.07072499092873041,0.1424037491224183,0.42044992253371477,0.21119288752828783,5.141585340915212e-05,0.003620529125203624,70.41659109287804,3.620529125203624e-11,0,70.41659109287804,42,14,100,20260803
cac40_full,23,250,388,2.9 Cross-validated eigenvalue shrinkage,test,2022-04-05,2022-04-06,2022-06-06,0.4914626535316452,-7.728645982800777,5.044461210430797e-05,0.11274769288231848,3.475629965126795e-05,0.09358732559550743,0.12009419125496168,0.13616249586240384,0.3326307921233698,0.19629582641357843,5.0295112561947073e-05,0.003731279960792293,74.1877246262563,3.731279960792293e-11,0,74.1877246262563,42,14,100,20260803
cac40_full,23,250,389,2.9 Cross-validated eigenvalue shrinkage,test,2022-04-27,2022-04-28,2022-06-24,0.3814308319314502,-7.5010840612403635,7.566716911100303e-05,0.13808738760644568,5.669268877581749e-05,0.11952638859894499,0.044955797267084985,0.28671761320798667,0.24097131963932647,0.19088157670479936,5.562405274782973e-05,0.003827532165593447,68.81073881735064,3.827532165593447e-11,0,68.81073881735064,42,14,100,20260803
cac40_full,23,250,390,2.9 Cross-validated eigenvalue shrinkage,test,2022-05-17,2022-05-18,2022-07-14,0.3818458658709703,-7.373872739456523,6.595714584869089e-05,0.12892323589590088,6.703394349740924e-05,0.12997135746520128,0.05947068811382983,0.28690532701202026,0.23191573523167497,0.1927639167858417,4.548188592629747e-05,0.003931953193020341,86.45097081928388,3.931953193020341e-11,0,86.45097081928388,42,14,100,20260803
cac40_full,23,250,391,2.9 Cross-validated eigenvalue shrinkage,test,2022-06-06,2022-06-07,2022-08-03,0.4364387138187298,-7.216207555911709,7.668700121514259e-05,0.13901483484224242,7.860485149627285e-05,0.14074239793701385,0.08924804698331534,0.371078256245501,0.33979233455891605,0.2667062125959108,4.821777778971555e-05,0.0040585164319125195,84.17054078295095,4.0585164319125194e-11,0,84.17054078295095,42,14,100,20260803
cac40_full,23,250,392,2.9 Cross-validated eigenvalue shrinkage,test,2022-06-24,2022-06-27,2022-08-23,0.5494675674231765,-7.488325077698098,5.294486391598441e-05,0.11550803308353957,5.9631861746449046e-05,0.12258559931780388,0.15316399704482497,0.406449396875672,0.36201849113681117,0.30721062835243607,4.9296954892099796e-05,0.00431959240787616,87.62391951654617,4.3195924078761594e-11,0,87.62391951654617,42,14,100,20260803
cac40_full,23,250,393,2.9 Cross-validated eigenvalue shrinkage,test,2022-07-14,2022-07-15,2022-09-12,0.7837156168082245,-7.660763522103619,4.84495898746572e-05,0.11049568610771017,5.2280788327792816e-05,0.11478135152804131,0.08167647125138411,0.40733586953770384,0.4497494663264787,0.31292060237185554,6.435818870599364e-05,0.004391272674890624,68.23176293775445,4.391272674890624e-11,0,68.23176293775445,42,14,100,20260803
cac40_full,23,250,394,2.9 Cross-validated eigenvalue shrinkage,test,2022-08-03,2022-08-04,2022-09-30,0.6737451327470171,-7.629574156319686,6.404944522169589e-05,0.12704511086959375,7.099013107234536e-05,0.13375168421455869,0.11061807893898368,0.411770175230117,0.3807716952858447,0.3010533164849818,5.5755699255028714e-05,0.004503068543215201,80.76427348920856,4.503068543215201e-11,0,80.76427348920856,42,14,100,20260803
cac40_full,23,250,395,2.9 Cross-validated eigenvalue shrinkage,test,2022-08-23,2022-08-24,2022-10-20,0.4553202739530569,-7.597760134901091,8.023434076121259e-05,0.14219371952314058,8.587551487388065e-05,0.14710754483784277,0.11448663089601163,0.18404336150512757,0.35505255595606394,0.21786084945240103,5.929849742727897e-05,0.0045552224092141776,76.8185132313091,4.555222409214178e-11,0,76.8185132313091,42,14,100,20260803
cac40_full,23,250,396,2.9 Cross-validated eigenvalue shrinkage,test,2022-09-12,2022-09-13,2022-11-09,0.5810053449715261,-7.461311239326465,8.562714517476866e-05,0.1468946581194895,9.482747428070768e-05,0.1545850041845532,0.1616158878360653,0.2376467929300321,0.3666217710904103,0.2552948172855026,5.8117501676586645e-05,0.004654926610266508,80.09509142650917,4.6549266102665076e-11,0,80.09509142650917,42,14,100,20260803
cac40_full,23,250,397,2.9 Cross-validated eigenvalue shrinkage,test,2022-09-30,2022-10-03,2022-11-29,0.836782760751907,-7.625073980497076,5.8883919878070734e-05,0.12181439902275028,5.4397308355684785e-05,0.11708168817382403,0.20016723434484263,0.37227276437050366,0.3286796534811975,0.300373217398848,5.9177479282296216e-05,0.004753637526776471,80.32848956103796,4.7536375267764716e-11,0,80.32848956103796,42,14,100,20260803
cac40_full,23,250,398,2.9 Cross-validated eigenvalue shrinkage,test,2022-10-20,2022-10-21,2022-12-19,1.1652417462497147,-7.642743749515074,6.938768031206468e-05,0.13223348834028503,6.204001071388221e-05,0.12503632552141924,0.24841550074815721,0.38983452165677884,0.37563699817042356,0.33796234019178656,6.124978323222217e-05,0.004897332945172043,79.95673921986491,4.8973329451720433e-11,0,79.95673921986491,42,14,100,20260803
cac40_full,23,250,399,2.9 Cross-validated eigenvalue shrinkage,test,2022-11-09,2022-11-10,2023-01-09,1.0680829224474109,-7.740285902314997,7.467778563957862e-05,0.13718163864444036,6.675453983778117e-05,0.1297002083233518,0.1784211005303591,0.3704540974653338,0.34170535057508605,0.29686018285692634,4.574437391935379e-05,0.00498777196991525,109.03574675015926,4.98777196991525e-11,0,109.03574675015926,42,14,100,20260803
cac40_full,23,250,400,2.9 Cross-validated eigenvalue shrinkage,test,2022-11-29,2022-11-30,2023-01-27,1.2399099595181162,-7.820751120257843,6.105293456913925e-05,0.12403765360334373,5.531529090705914e-05,0.11806546196317916,0.11225240537586145,0.3844338030591592,0.3101697009262243,0.26895196978708164,6.0967215397113964e-05,0.004723064350251614,77.46892029572983,4.723064350251614e-11,0,77.46892029572983,42,14,100,20260803
cac40_full,23,250,401,2.9 Cross-validated eigenvalue shrinkage,test,2022-12-19,2022-12-20,2023-02-16,1.5022562746868549,-7.642882673080601,7.477982618593565e-05,0.13727532989891442,7.716684421771024e-05,0.13944907580497973,0.17905894100361475,0.34927500200383804,0.36989923311332956,0.2994110587069274,5.964594173285831e-05,0.004739213925117429,79.45576492602592,4.739213925117429e-11,0,79.45576492602592,42,14,100,20260803
cac40_full,23,250,402,2.9 Cross-validated eigenvalue shrinkage,test,2023-01-09,2023-01-10,2023-03-08,2.247921140105851,-7.603386125993592,5.348494034299714e-05,0.11609567160938981,5.555356869371279e-05,0.11831947984510253,0.194680602472164,0.5002053778572075,0.4407232666784286,0.3785364156692667,6.329756974450015e-05,0.004854831104956061,76.69853873620308,4.854831104956061e-11,0,76.69853873620308,42,14,100,20260803
cac40_full,23,250,403,2.9 Cross-validated eigenvalue shrinkage,test,2023-01-27,2023-01-30,2023-03-28,0.5118254192509489,-7.556052362329284,6.293722278249732e-05,0.125937207135895,6.919252596391803e-05,0.13204740263597517,0.1324773517955261,0.36181066050804284,0.4135340160601429,0.30260734278790397,6.102851057063948e-05,0.004628882594479149,75.84787095731748,4.6288825944791494e-11,0,75.84787095731748,42,14,100,20260803
cac40_full,23,250,404,2.9 Cross-validated eigenvalue shrinkage,test,2023-02-16,2023-02-17,2023-04-19,0.5580494898039683,-7.745852951523008,3.628917167715506e-05,0.09562882025123531,3.692336353760041e-05,0.09646080868142928,0.20207966554187695,0.3002912681562437,0.3303181439590574,0.277563025885726,7.062716390185934e-05,0.004163385580242952,58.94878613600037,4.1633855802429525e-11,0,58.94878613600037,42,14,100,20260803
cac40_full,23,250,405,2.9 Cross-validated eigenvalue shrinkage,test,2023-03-08,2023-03-09,2023-05-10,0.5161922281175796,-7.793455612529446,3.950963476415199e-05,0.09978190196907605,4.3804406797988635e-05,0.10506526787237129,0.14955610114541473,0.2676047989949411,0.2974015069249451,0.238187469021767,6.077447831288198e-05,0.0030729889952016555,50.56380705369697,3.072988995201655e-11,0,50.56380705369697,42,14,100,20260803
cac40_full,23,250,406,2.9 Cross-validated eigenvalue shrinkage,test,2023-03-28,2023-03-29,2023-05-30,1.2002031484120377,-7.905205088619457,4.240749340143116e-05,0.10337643995205412,3.519266090120946e-05,0.09417298204424018,0.13402988616790035,0.22960238271331587,0.26813996374716265,0.21059074420945964,5.499343944967003e-05,0.003423130049728511,62.246153068155664,3.4231300497285115e-11,0,62.246153068155664,42,14,100,20260803
cac40_full,23,250,407,2.9 Cross-validated eigenvalue shrinkage,test,2023-04-19,2023-04-20,2023-06-19,1.0765552188737824,-7.89986369756926,3.391804313909511e-05,0.0924518624531273,3.076993832081981e-05,0.08805693872061754,0.07246881484260081,0.15271677143532703,0.29483568095015283,0.1733404224093602,6.783925266886563e-05,0.00335388783133785,49.43874968241055,3.35388783133785e-11,0,49.43874968241055,42,14,100,20260803
cac40_full,23,250,408,2.9 Cross-validated eigenvalue shrinkage,test,2023-05-10,2023-05-11,2023-07-07,0.8695482742080182,-7.980277265228156,3.920826250905461e-05,0.09940061444619827,3.657905754630549e-05,0.09601001250738896,0.032521348261655314,0.3690040244586985,0.32232534082242276,0.2412835711809255,6.0455353600854905e-05,0.0032068115489372476,53.044293977827294,3.2068115489372474e-11,0,53.044293977827294,42,14,100,20260803
cac40_full,23,250,409,2.9 Cross-validated eigenvalue shrinkage,test,2023-05-30,2023-05-31,2023-07-27,0.8251313226368581,-7.946832139291665,3.728154152793291e-05,0.09692754234498621,3.731669911856724e-05,0.09697323433751678,0.06755631223802172,0.47571126296402383,0.37924539599044493,0.30750432373083014,6.243034073885247e-05,0.0031389309198969406,50.27893301154898,3.138930919896941e-11,0,50.27893301154898,42,14,100,20260803
cac40_full,23,250,410,2.9 Cross-validated eigenvalue shrinkage,test,2023-06-19,2023-06-20,2023-08-16,0.880199489088289,-8.00203743292908,4.361294203043174e-05,0.10483540142370228,4.532040291076341e-05,0.10686786950956016,0.10047722426648309,0.527798860745597,0.43119624670842965,0.35315744390683657,5.7938727834358904e-05,0.0028629252353195435,49.412980614699784,2.8629252353195436e-11,0,49.412980614699784,42,14,100,20260803
cac40_full,23,250,411,2.9 Cross-validated eigenvalue shrinkage,test,2023-07-07,2023-07-10,2023-09-05,1.282642263007128,-8.042208582704726,3.16348820157636e-05,0.0892860026430371,3.3998220915265074e-05,0.09256106995193389,0.14833281545976185,0.48568896596018685,0.4517240992457918,0.3619152935552468,6.719007673413364e-05,0.002606735674438598,38.79643841981705,2.606735674438598e-11,0,38.79643841981705,42,14,100,20260803
cac40_full,23,250,412,2.9 Cross-validated eigenvalue shrinkage,test,2023-07-27,2023-07-28,2023-09-25,1.3292835288427305,-8.016249665213975,3.291958628530095e-05,0.09108092963895263,3.2238138760781754e-05,0.0901332955556214,0.2317057798097617,0.44893841101531246,0.37503801985989554,0.35189407022832325,5.995030002925382e-05,0.002583700574081492,43.09737520614124,2.583700574081492e-11,0,43.09737520614124,42,14,100,20260803
cac40_full,23,250,413,2.9 Cross-validated eigenvalue shrinkage,test,2023-08-16,2023-08-17,2023-10-13,0.9633003594212834,-8.03067956102428,2.645378054622157e-05,0.08164773541040704,2.5421092207473298e-05,0.08003821110121884,0.16397929666637145,0.30463858897666246,0.36690479646722735,0.2785075607034204,6.731831085919908e-05,0.002539769998684107,37.72777371072504,2.539769998684107e-11,0,37.72777371072504,42,14,100,20260803
cac40_full,23,250,414,2.9 Cross-validated eigenvalue shrinkage,test,2023-09-05,2023-09-06,2023-11-02,0.7324573362907412,-7.594889940228443,6.431891173056973e-05,0.12731208016564483,6.347326167527407e-05,0.12647237620195592,0.13249845617997136,0.569901008917832,0.36042297132296336,0.35427414547358893,6.841893457472258e-05,0.0023509432333441616,34.36100325088545,2.3509432333441617e-11,0,34.36100325088545,42,14,100,20260803
cac40_full,23,250,415,2.9 Cross-validated eigenvalue shrinkage,test,2023-09-25,2023-09-26,2023-11-22,0.7052962313158849,-7.669896425138618,5.276964804428123e-05,0.11531674339469906,6.180422670625249e-05,0.12479849810785235,0.1434347328995138,0.46973079328528766,0.48307243997017385,0.36541265538499174,6.177067257213014e-05,0.0021015937583145597,34.02251701016386,2.1015937583145597e-11,0,34.02251701016386,42,14,100,20260803
cac40_full,23,250,416,2.9 Cross-validated eigenvalue shrinkage,test,2023-10-13,2023-10-16,2023-12-12,0.9670134641759233,-7.772142528397101,4.1677694089564796e-05,0.10248306645768523,4.797863247288954e-05,0.1099573343764215,0.97170191258603,0.5101594348923998,0.45203378463057575,0.6446317107030018,6.0861435953886034e-05,0.002073285385153794,34.06566658605783,2.0732853851537942e-11,0,34.06566658605783,42,14,100,20260803
cac40_full,23,250,417,2.9 Cross-validated eigenvalue shrinkage,test,2023-11-02,2023-11-03,2024-01-04,1.0199549587780852,-8.123097593977265,1.8566828688925896e-05,0.06840205281721687,1.6044083024162087e-05,0.06358544583541777,0.36081560859462736,0.31568848188969767,0.4426780517066189,0.37306071406364794,5.976831878776606e-05,0.001977397330163731,33.084372628672355,1.977397330163731e-11,0,33.084372628672355,42,14,100,20260803
cac40_full,23,250,418,2.9 Cross-validated eigenvalue shrinkage,test,2023-11-22,2023-11-23,2024-01-24,1.0375823589742401,-8.134948973044224,1.575437238636316e-05,0.06300874416589744,1.4072818618060698e-05,0.059551240891784075,0.21569462592988342,0.4076504231257447,0.4180929137252649,0.34714598759363097,5.2723485648080896e-05,0.0020043486836101828,38.016239991961534,2.004348683610183e-11,0,38.016239991961534,42,14,100,20260803
cac40_full,23,250,419,2.9 Cross-validated eigenvalue shrinkage,test,2023-12-12,2023-12-13,2024-02-13,0.7918004858424222,-7.706697618934189,1.9244245575960887e-05,0.06963870967459222,1.665878834944844e-05,0.064792087974235,0.360498297900516,0.4351134914689025,0.4317426849490111,0.4091181581061432,6.178143097104127e-05,0.0018863361407017248,30.532412588272756,1.886336140701725e-11,0,30.532412588272756,42,14,100,20260803
cac40_full,23,250,420,2.9 Cross-validated eigenvalue shrinkage,test,2024-01-04,2024-01-05,2024-03-04,0.8914539213780278,-7.566641700718979,2.1321838694380046e-05,0.07330145531286382,2.09510010305409e-05,0.0726612156497282,0.4197596155096095,0.5127170523761043,0.42659803964788484,0.4530249025111996,6.271895715060491e-05,0.001815413651280472,28.94521423436905,1.815413651280472e-11,0,28.94521423436905,42,14,100,20260803
cac40_full,23,250,421,2.9 Cross-validated eigenvalue shrinkage,test,2024-01-24,2024-01-25,2024-03-22,0.9619214504296351,-7.519115423886733,2.091072276038679e-05,0.07259133650524331,1.8894383220040583e-05,0.06900278669336643,0.6733702620766039,0.5310408103631518,0.48231564102656904,0.5622422378221082,6.320993737958014e-05,0.0017998740352639436,28.474542293177304,1.7998740352639437e-11,0,28.474542293177304,42,14,100,20260803
cac40_full,23,250,422,2.9 Cross-validated eigenvalue shrinkage,test,2024-02-13,2024-02-14,2024-04-15,1.1992397428413129,-7.887111313991767,1.8964701091604185e-05,0.06913106881196221,1.7900183071203306e-05,0.0671628329803265,0.3423482757364332,0.5158966938723505,0.4962024998688217,0.45148248982586847,4.768541034627915e-05,0.0017523558556762132,36.74825995941016,1.7523558556762133e-11,0,36.74825995941016,42,14,100,20260803
cac40_full,23,250,423,2.9 Cross-validated eigenvalue shrinkage,test,2024-03-04,2024-03-05,2024-05-06,0.9143135571010239,-7.911927766612264,1.7942737980712535e-05,0.06724262019835009,1.6755880860992032e-05,0.06498062770526299,0.2818714194725319,0.4119740826157066,0.45883770095247395,0.3842277343469042,4.420922441868973e-05,0.0016759949561837805,37.91052609996123,1.6759949561837805e-11,0,37.91052609996123,42,14,100,20260803
cac40_full,23,250,424,2.9 Cross-validated eigenvalue shrinkage,test,2024-03-22,2024-03-25,2024-05-24,0.7030288084976933,-8.02197408718615,1.8967943843998546e-05,0.06913697888024638,1.9249079003193806e-05,0.06964745443162183,0.10608353727821673,0.42538632396806514,0.4666834487093298,0.3327177699852039,4.437041973510087e-05,0.0012142909959744134,27.367128894068212,1.2142909959744135e-11,0,27.367128894068212,42,14,100,20260803
cac40_full,23,250,425,2.9 Cross-validated eigenvalue shrinkage,test,2024-04-15,2024-04-16,2024-06-13,0.544934475538745,-7.881272142246565,3.289635061554026e-05,0.09104878008582074,3.458562201589237e-05,0.09335725332294688,0.1771459070140865,0.525288930881204,0.41978740021003086,0.37407407936844045,5.264164962099143e-05,0.0012037899465096955,22.867633426701566,1.2037899465096956e-11,0,22.867633426701566,42,14,100,20260803
cac40_full,23,250,426,2.9 Cross-validated eigenvalue shrinkage,test,2024-05-06,2024-05-07,2024-07-03,0.6252097170771438,-7.935291761945317,5.538691338428779e-05,0.11814187307149199,5.660330977168414e-05,0.11943213161651434,0.24054946928083365,0.4684697261081954,0.43475010758191246,0.38125643432364714,4.238770072523076e-05,0.001184195903312996,27.93725262404049,1.1841959033129961e-11,0,27.93725262404049,42,14,100,20260803
cac40_full,23,250,427,2.9 Cross-validated eigenvalue shrinkage,test,2024-05-24,2024-05-27,2024-07-23,0.6056270254125072,-7.9423670787927065,5.203176684620761e-05,0.11450766456986326,5.3478375183180434e-05,0.11608854614543791,0.17368074349081564,0.41725999726457697,0.4439627406236741,0.3449678271263556,4.998985317406327e-05,0.0011395312947011054,22.795251883082937,1.1395312947011053e-11,0,22.795251883082937,42,14,100,20260803
cac40_full,23,250,428,2.9 Cross-validated eigenvalue shrinkage,test,2024-06-13,2024-06-14,2024-08-12,0.6210791950050198,-7.889067063055897,5.38550007898115e-05,0.11649661024696169,5.7083439076223116e-05,0.1199375948033319,0.08288417681231086,0.480925847565812,0.5173054589485153,0.3603718277755461,5.195455714114864e-05,0.0011671738758978216,22.465283896595967,1.1671738758978216e-11,0,22.465283896595967,42,14,100,20260803
cac40_full,23,250,429,2.9 Cross-validated eigenvalue shrinkage,test,2024-07-03,2024-07-04,2024-08-30,0.5210061511578051,-8.082402905574536,3.056344115837471e-05,0.08776096610629595,3.1914402780806185e-05,0.0896795935581956,0.06206582493472923,0.42622455795752834,0.43769834504628546,0.3086629093128477,5.294880779249661e-05,0.0011802427150435961,22.290260427938257,1.1802427150435962e-11,0,22.290260427938257,42,14,100,20260803
cac40_full,23,250,430,2.9 Cross-validated eigenvalue shrinkage,test,2024-07-23,2024-07-24,2024-09-19,0.581897353667761,-8.010068989147046,2.6408828341992446e-05,0.08157833500496377,2.7350214042974883e-05,0.08301959972699019,0.12078340225329598,0.5609953697709313,0.47789118022996524,0.3865566507513975,5.986322778947393e-05,0.0011586820396410297,19.35548887734328,1.1586820396410297e-11,0,19.35548887734328,42,14,100,20260803
cac40_full,23,250,431,2.9 Cross-validated eigenvalue shrinkage,test,2024-08-12,2024-08-13,2024-10-09,0.5589939020654895,-7.990821669274696,2.2361757620455468e-05,0.07506772222703162,2.2585753310814835e-05,0.07544275866062519,0.16695219679627904,0.39602134939027644,0.33549462934038593,0.2994893918423138,5.5571508714259804e-05,0.0013187089127086127,23.72994621199169,1.3187089127086128e-11,0,23.72994621199169,42,14,100,20260803
cac40_full,23,250,432,2.9 Cross-validated eigenvalue shrinkage,test,2024-08-30,2024-09-02,2024-10-29,0.5832825640295579,-7.782487328371462,2.335292069797294e-05,0.07671333662336152,2.3297263055004866e-05,0.07662186561198589,0.19380135763257922,0.41783395481325253,0.3853848796155655,0.33234006402046573,5.974232244976113e-05,0.0013202316482453557,22.09876673869806,1.3202316482453557e-11,0,22.09876673869806,42,14,100,20260803
cac40_full,23,250,433,2.9 Cross-validated eigenvalue shrinkage,test,2024-09-19,2024-09-20,2024-11-18,0.6403381196231422,-7.520320696813227,4.094158420546678e-05,0.10157400858377909,3.7154001595725576e-05,0.09676160603319296,0.23934359369251945,0.3542916698177407,0.4043392303625135,0.3326581646242579,6.23707408434002e-05,0.0013156144404695758,21.093455403597122,1.3156144404695759e-11,0,21.093455403597122,42,14,100,20260803
cac40_full,23,250,434,2.9 Cross-validated eigenvalue shrinkage,test,2024-10-09,2024-10-10,2024-12-06,0.5107283156821408,-7.673185824986247,3.5228035052994967e-05,0.09422029947604037,3.32302915144684e-05,0.09150974517310184,0.13871103209710278,0.3691738136402815,0.41538364937238587,0.3077561650365901,6.279033174612857e-05,0.0014209483724264352,22.63005040603318,1.4209483724264352e-11,0,22.63005040603318,42,14,100,20260803
cac40_full,23,250,435,2.9 Cross-validated eigenvalue shrinkage,test,2024-10-29,2024-10-30,2024-12-30,0.4969815448126938,-7.800927643421416,3.436497243237945e-05,0.09305897620842184,3.420682982246896e-05,0.09284460735692826,0.09161526763791317,0.4286176455956381,0.43615143688354535,0.3187947833723655,6.365681552877296e-05,0.0013799703933409892,21.67828192280905,1.3799703933409893e-11,0,21.67828192280905,42,14,100,20260803
cac40_full,23,250,436,2.9 Cross-validated eigenvalue shrinkage,test,2024-11-18,2024-11-19,2025-01-20,0.4232642136704101,-8.064331787723479,2.6110234989097505e-05,0.0811158382638839,2.8737603022315075e-05,0.08509921246182833,0.05288588635270075,0.3588816005124387,0.34098780463521483,0.25091843050011814,6.443660171924499e-05,0.0014253217133719644,22.11975298731916,1.4253217133719645e-11,0,22.11975298731916,42,14,100,20260803
cac40_full,23,250,437,2.9 Cross-validated eigenvalue shrinkage,test,2024-12-06,2024-12-09,2025-02-07,0.493466833383187,-7.796777526908019,2.269018424998083e-05,0.07561697184491832,2.34722103067287e-05,0.0769090176591512,0.11293788944660343,0.43357257643526864,0.4085506916710651,0.3183537191843124,6.728933838218048e-05,0.0014539242764096544,21.60705263814396,1.4539242764096544e-11,0,21.60705263814396,42,14,100,20260803
cac40_full,23,250,438,2.9 Cross-validated eigenvalue shrinkage,test,2024-12-30,2024-12-31,2025-02-27,0.5796321715427021,-7.357204220367205,2.3072635210606413e-05,0.07625158406926912,1.9390947473553586e-05,0.06990363912798463,0.17342877043756288,0.4517331588118294,0.39878816259202066,0.3413166972804709,6.197230224502532e-05,0.0014568221749100762,23.507633606221546,1.456822174910076e-11,0,23.507633606221546,42,14,100,20260803
cac40_full,23,250,439,2.9 Cross-validated eigenvalue shrinkage,test,2025-01-20,2025-01-21,2025-03-19,0.6312424115908832,-7.046845730137413,2.6141209517302473e-05,0.08116393779481268,1.7241844816814317e-05,0.06591619599034222,0.2069057109394783,0.35319729028385294,0.4689806000239145,0.3430278670824152,5.686534105385284e-05,0.001483316926528912,26.08472751661113,1.483316926528912e-11,0,26.08472751661113,42,14,100,20260803
cac40_full,23,250,440,2.9 Cross-validated eigenvalue shrinkage,test,2025-02-07,2025-02-10,2025-04-08,0.7133447257604142,-7.05002255175379,9.052805794184727e-05,0.15103996359025484,8.731249867091098e-05,0.14833323857136527,0.15985668570667966,0.4123432644459744,0.4013662987663286,0.32452208297299423,7.050349765385481e-05,0.0015520960258178305,22.014454281942548,1.5520960258178304e-11,0,22.014454281942548,42,14,100,20260803
cac40_full,23,250,441,2.9 Cross-validated eigenvalue shrinkage,test,2025-02-27,2025-02-28,2025-04-30,0.7770458474240586,-7.159150793356667,0.00011815316604964912,0.17255317396243855,0.00012153362942213251,0.17500421313321973,0.1752549261209011,0.30084283331366324,0.35409222995105005,0.27672999646187146,4.1688876223565206e-05,0.0015930547408929275,38.21294515951551,1.5930547408929275e-11,0,38.21294515951551,42,14,100,20260803
cac40_full,23,250,442,2.9 Cross-validated eigenvalue shrinkage,test,2025-03-19,2025-03-20,2025-05-21,0.7375152771721066,-7.4103479589878,0.00012506833729891315,0.17753090153358123,0.00013147977391139454,0.18202445721845023,0.10113864821634733,0.24497859409161768,0.3429041005435786,0.22967378095051458,3.944002685840107e-05,0.0016904566029141564,42.86144654473212,1.6904566029141564e-11,0,42.86144654473212,42,14,100,20260803
cac40_full,23,250,443,2.9 Cross-validated eigenvalue shrinkage,test,2025-04-08,2025-04-09,2025-06-10,0.42661301601823853,-7.719301514048956,4.2339266140400986e-05,0.10329324792735026,4.899984921837644e-05,0.11112138409429062,0.07990552908104454,0.18761156779938246,0.36571244950725434,0.21107651546256045,3.802123611124374e-05,0.0021718518254546576,57.12207301993509,2.1718518254546575e-11,0,57.12207301993509,42,14,100,20260803
cac40_full,23,250,444,2.9 Cross-validated eigenvalue shrinkage,test,2025-04-30,2025-05-02,2025-06-30,0.6394434793694183,-7.794137668786725,2.9565932540703426e-05,0.0863169450354753,2.9620852717024108e-05,0.08639707682954369,0.1864680516238011,0.4952890965730076,0.42572359132860566,0.3691602465084715,3.933076781240786e-05,0.002416863633300681,61.44969365531231,2.416863633300681e-11,0,61.44969365531231,42,14,100,20260803
cac40_full,23,250,445,2.9 Cross-validated eigenvalue shrinkage,test,2025-05-21,2025-05-22,2025-07-18,0.6804492722991663,-7.67187346134825,2.6646742692596674e-05,0.08194497640816283,2.14185659054024e-05,0.0734675343819391,0.21851234931141983,0.42149166524507264,0.31678395008246457,0.318929321546319,4.186131895145709e-05,0.002519406065584605,60.18458397133019,2.5194060655846053e-11,0,60.18458397133019,42,14,100,20260803
cac40_full,23,250,446,2.9 Cross-validated eigenvalue shrinkage,test,2025-06-10,2025-06-11,2025-08-07,0.5517301528342169,-7.335775622619417,3.4313985067877835e-05,0.09298991470640897,2.9521570815679796e-05,0.08625216429488194,0.11447549081619834,0.42938022248171226,0.48334740128725606,0.3424010381950556,3.734093352724693e-05,0.0023715906187346627,63.51181919445481,2.3715906187346627e-11,0,63.51181919445481,42,14,100,20260803
cac40_full,23,250,447,2.9 Cross-validated eigenvalue shrinkage,test,2025-06-30,2025-07-01,2025-08-27,0.5763896273252126,-7.485473518118312,3.645479192266285e-05,0.09584679214512627,4.0633585929638076e-05,0.10119122320769126,0.16859788232883177,0.4251140403538412,0.3057821797049865,0.2998313674625532,4.283894752166221e-05,0.002439599198708058,56.9481590899131,2.439599198708058e-11,0,56.9481590899131,42,14,100,20260803
cac40_full,23,250,448,2.9 Cross-validated eigenvalue shrinkage,test,2025-07-18,2025-07-21,2025-09-16,0.6420716825211761,-7.562346621836418,3.166146601415653e-05,0.08932350998235261,3.4678379267142346e-05,0.09348235970128199,0.1611164129072794,0.3840145260553088,0.3673841146556291,0.3041716845394058,3.6603319928054245e-05,0.002396168622135495,65.46314997779685,2.396168622135495e-11,0,65.46314997779685,42,14,100,20260803
cac40_full,23,250,449,2.9 Cross-validated eigenvalue shrinkage,test,2025-08-07,2025-08-08,2025-10-06,0.8832987538793364,-7.873110704916361,2.7726822739392512e-05,0.0835892297507694,3.0410008335936842e-05,0.08754040267588495,0.26400518534298145,0.3949114319478568,0.32769530461494795,0.3288706406352621,4.106733326005627e-05,0.0023913125903714952,58.22906920273252,2.3913125903714952e-11,0,58.22906920273252,42,14,100,20260803
cac40_full,23,250,450,2.9 Cross-validated eigenvalue shrinkage,test,2025-08-27,2025-08-28,2025-10-24,0.886942751476895,-7.532494368967122,2.833955198414753e-05,0.0845077931317886,2.4581550981042147e-05,0.07870546897911619,0.2761471723134782,0.42086004122485504,0.4882511848497397,0.3950861327960243,4.9352512392074595e-05,0.0024392177315683203,49.42438820926224,2.4392177315683205e-11,0,49.42438820926224,42,14,100,20260803
cac40_full,23,250,451,2.9 Cross-validated eigenvalue shrinkage,test,2025-09-16,2025-09-17,2025-11-13,0.7661118649438318,-7.565527189200287,2.8092380234287894e-05,0.08413845624350705,2.668737664926451e-05,0.08200743207548115,0.1748538236998589,0.478985400722361,0.4725674242902717,0.3754688829041639,4.1683720722457355e-05,0.0023835839804939056,57.18261084140062,2.3835839804939058e-11,0,57.18261084140062,42,14,100,20260803
cac40_full,23,250,452,2.9 Cross-validated eigenvalue shrinkage,test,2025-10-06,2025-10-07,2025-12-03,0.6918887190747243,-7.613996890001422,3.248317769887532e-05,0.09047519428062357,2.9702092860152467e-05,0.08651547492072399,0.17362000311329162,0.45706853008987985,0.4413468749040412,0.3573451360357376,4.840566618063619e-05,0.002243991676820528,46.358037268748426,2.243991676820528e-11,0,46.358037268748426,42,14,100,20260803
cac40_full,23,250,453,2.9 Cross-validated eigenvalue shrinkage,test,2025-10-24,2025-10-27,2025-12-23,1.0214019956989246,-7.924981555926694,2.491361964353939e-05,0.07923529611336053,2.5743553767488195e-05,0.08054424591121966,0.13709460159315734,0.35739067253899487,0.33221533526684405,0.27556686979966544,5.06162853814041e-05,0.0022855439576770233,45.15432020455433,2.2855439576770235e-11,0,45.15432020455433,42,14,100,20260803
cac40_full,23,250,454,2.9 Cross-validated eigenvalue shrinkage,test,2025-11-13,2025-11-14,2026-01-15,1.202143946505429,-7.795609263883778,2.589190040238553e-05,0.08077597973037005,2.6629155156564458e-05,0.08191792904764038,0.2018035195606782,0.5046428126733468,0.4427666957937839,0.383071009342603,4.8832247163721994e-05,0.0022246609064475557,45.55720933728154,2.2246609064475557e-11,0,45.55720933728154,42,14,100,20260803
cac40_full,23,250,455,2.9 Cross-validated eigenvalue shrinkage,test,2025-12-03,2025-12-04,2026-02-04,0.9683058491083465,-7.537921119607559,4.00806153360923e-05,0.10050032370443021,4.285030228276616e-05,0.10391475436749621,0.27497006473559493,0.5072224448275905,0.4771956697318711,0.4197960597650188,5.084858760442939e-05,0.002228472792473104,43.82565765266178,2.228472792473104e-11,0,43.82565765266178,42,14,100,20260803
cac40_full,23,250,456,2.9 Cross-validated eigenvalue shrinkage,test,2025-12-23,2025-12-24,2026-02-24,0.9162791183617307,-7.050037285632402,5.2984632801062425e-05,0.11555140616136063,5.203771661705596e-05,0.114514211290556,0.552091156453759,0.629156903921899,0.5581558219023146,0.5798012940926575,5.576836794050753e-05,0.0022368189108841535,40.10909756710727,2.2368189108841534e-11,0,40.10909756710727,42,14,100,20260803
cac40_full,23,250,457,2.9 Cross-validated eigenvalue shrinkage,test,2026-01-15,2026-01-16,2026-03-16,0.5985389392946067,-6.975733354088487,7.95551892006481e-05,0.14159063414846096,8.2990454763132e-05,0.14461533321300774,0.2058832104159336,0.48546935630704485,0.5317841827557114,0.40771224982623,6.198783251076402e-05,0.0021409115411696114,34.53760930901799,2.1409115411696114e-11,0,34.53760930901799,42,14,100,20260803
cac40_full,23,250,458,2.9 Cross-validated eigenvalue shrinkage,test,2026-02-04,2026-02-05,2026-04-07,0.6188677784982775,-7.034978779932935,8.042478007990848e-05,0.14236237066070842,8.130193370813993e-05,0.1431366036150476,0.24882233006548493,0.4627856808759941,0.4590437761767381,0.39021726237273907,6.885029218786916e-05,0.002118729323664268,30.77298957400169,2.118729323664268e-11,0,30.77298957400169,42,14,100,20260803
cac40_full,23,250,459,2.9 Cross-validated eigenvalue shrinkage,test,2026-02-24,2026-02-25,2026-04-27,0.7225365996619596,-7.133783732175316,7.520287957820543e-05,0.13766308747702766,7.3420224429492e-05,0.13602167678804722,0.2466305062699785,0.5277375554209903,0.4174371853228875,0.3972684156712854,8.460423278491948e-05,0.002098011514732163,24.79794976766374,2.098011514732163e-11,0,24.79794976766374,42,14,100,20260803
cac40_full,23,250,460,2.9 Cross-validated eigenvalue shrinkage,test,2026-03-16,2026-03-17,2026-05-18,0.7121584678464421,-7.1786709785155765,6.431747070878323e-05,0.1273106539870618,5.836699094799139e-05,0.12127852950499454,0.2632051643686718,0.5687617699456559,0.45039212493585806,0.4274530197500619,7.794960376716679e-05,0.0021698370469649645,27.83640893732064,2.1698370469649644e-11,0,27.83640893732064,42,14,100,20260803
cac40_full,23,250,461,2.9 Cross-validated eigenvalue shrinkage,test,2026-04-07,2026-04-08,2026-06-05,0.7256712909849098,-7.216252235967213,4.324981793945319e-05,0.10439805611572565,4.1970624646910124e-05,0.10284258559089883,0.21818076525274432,0.552796424796668,0.3882914800982109,0.3864228900492077,8.198976262645669e-05,0.0016684757573003307,20.3498059251844,1.6684757573003307e-11,0,20.3498059251844,42,14,100,20260803
cac40_full,23,250,462,2.9 Cross-validated eigenvalue shrinkage,test,2026-04-27,2026-04-28,2026-06-25,0.588898604455237,-7.42425295776275,4.040528916931163e-05,0.10090655514220337,3.886580395972743e-05,0.09896556268647855,0.2030530658268005,0.49250401439145913,0.23693419057847143,0.31083042359891033,7.931318689746284e-05,0.0018384428407030797,23.179535618457034,1.8384428407030795e-11,0,23.179535618457034,42,14,100,20260803
cac40_full,23,250,463,2.9 Cross-validated eigenvalue shrinkage,test,2026-05-18,2026-05-19,2026-07-15,0.5020958287755011,-7.528943560591261,3.884597212214613e-05,0.09894031016113111,3.814431276776213e-05,0.09804267855110883,0.15598276566982194,0.4111426481198764,0.16101945867714784,0.24271495748894875,7.035154540843888e-05,0.0019790090236309925,28.130285015652326,1.9790090236309924e-11,0,28.130285015652326,42,14,100,20260803
cac40_full,23,250,344,2.10 HCAL,test,2019-11-12,2019-11-13,2020-01-13,2.123240744074799,-8.314687115686088,3.670457809923368e-05,0.09617459997840848,3.0780184701021025e-05,0.08807159896730216,0.16531650662111197,0.2592632951449246,0.42640512382577794,0.28366164186393816,2.999987181047569e-05,0.0026955232158971743,89.85115779581169,2.6955232158971742e-11,0,89.85115779581169,42,14,100,20260803
cac40_full,23,250,345,2.10 HCAL,test,2019-12-02,2019-12-03,2020-01-31,1.0317930579705736,-8.245694935248316,4.157117058510053e-05,0.10235201506294506,3.1385218552554924e-05,0.08893298080714399,0.14871592022801572,0.4034962901539291,0.47921279856198756,0.3438083363146442,3.076624265238981e-05,0.002446624017513049,79.52300335000459,2.446624017513049e-11,0,79.52300335000459,42,14,100,20260803
cac40_full,23,250,346,2.10 HCAL,test,2019-12-20,2019-12-23,2020-02-20,0.6348526734010059,-8.069999808079046,3.8952887626153435e-05,0.09907637297454255,2.958482006826023e-05,0.08634451144804502,0.10449071584754599,0.4189836696424869,0.40104252938721235,0.3081723049590817,3.101630069707451e-05,0.0022016699671963836,70.98428625319742,2.2016699671963837e-11,0,70.98428625319742,42,14,100,20260803
cac40_full,23,250,347,2.10 HCAL,test,2020-01-13,2020-01-14,2020-03-11,0.8232090733792562,-6.843019362896551,0.00029743090539954126,0.27377470328846015,0.0003041671985439003,0.27685760605961846,0.07921760918021803,0.3851173496459916,0.40661719429105964,0.2903173843724231,2.934370614455087e-05,0.00204424957752946,69.66569142490809,2.0442495775294602e-11,0,69.66569142490809,42,14,100,20260803
cac40_full,23,250,348,2.10 HCAL,test,2020-01-31,2020-02-03,2020-03-31,0.9548954554718915,0.09919459789284207,0.0008589154743619953,0.4652383255270602,0.0010172390925989232,0.5063045045572167,0.2034918602553143,0.5215850344350007,0.5063739544159008,0.4104836163687386,2.6050492783562812e-05,0.001994220720874912,76.55213041241254,1.994220720874912e-11,0,76.55213041241254,42,14,100,20260803
cac40_full,23,250,349,2.10 HCAL,test,2020-02-20,2020-02-21,2020-04-22,0.9619245807814607,2.2683373103688025,0.0010367825503750496,0.5111449918511503,0.0011454379663149116,0.5372619170491779,0.1857702062053075,0.5832716782800774,0.5065792731008619,0.42520705252874896,2.6861147354117297e-05,0.0019654957351147397,73.17244156413398,1.9654957351147398e-11,0,73.17244156413398,42,14,100,20260803
cac40_full,23,250,350,2.10 HCAL,test,2020-03-11,2020-03-12,2020-05-13,0.9281995660526766,0.5312794074929507,0.0005156906908311167,0.36049140640165256,0.0007175279415699604,0.42522587089172975,0.19350208722444318,0.6486238450630973,0.5698838488973021,0.4706699270616142,3.005290470492963e-05,0.003645398690935798,121.29937943528756,3.645398690935798e-11,0,121.29937943528756,42,14,100,20260803
cac40_full,23,250,351,2.10 HCAL,test,2020-03-31,2020-04-01,2020-06-02,0.5889298094278941,-5.9984581786936495,0.0002601015081820587,0.2560187103746107,0.00020510186212358068,0.2273448245620347,0.05835549661497186,0.40703135349292885,0.3165076253021361,0.2606314918033456,5.414413000748929e-05,0.008020668586081343,148.1355150590085,8.020668586081343e-11,0,148.1355150590085,42,14,100,20260803
cac40_full,23,250,352,2.10 HCAL,test,2020-04-22,2020-04-23,2020-06-22,0.4479416995979528,-6.757115804056645,0.00020631948355690104,0.22801866120197062,0.00015442181806829953,0.19726707316025016,0.05323413131432175,0.22438990939303358,0.39590782608847724,0.22451062226527752,6.294403375430543e-05,0.00930998093456994,147.90887045641762,9.30998093456994e-11,0,147.90887045641762,42,14,100,20260803
cac40_full,23,250,353,2.10 HCAL,test,2020-05-13,2020-05-14,2020-07-10,0.3979494664917068,-7.082703426439937,0.00017352644706369484,0.20911399919673263,0.00015695226989154165,0.19887677595101066,0.07595213401480483,0.25209209848505515,0.3611595988983826,0.22973461046608087,7.032625170418632e-05,0.009916607062167352,141.00861089369056,9.916607062167352e-11,0,141.00861089369056,42,14,100,20260803
cac40_full,23,250,354,2.10 HCAL,test,2020-06-02,2020-06-03,2020-07-30,0.47496079962214977,-7.3683037594158485,0.0001278065488912999,0.17946378554072567,0.00014211104405119327,0.1892405429629198,0.0660191311752476,0.3243313419759917,0.3293145148218268,0.23988832932435536,7.534334794024313e-05,0.010525129316904398,139.6955352349376,1.0525129316904398e-10,0,139.6955352349376,42,14,100,20260803
cac40_full,23,250,355,2.10 HCAL,test,2020-06-22,2020-06-23,2020-08-19,1.3662241381295703,-7.450024792315057,0.0001190764938119347,0.17322608475806275,0.00010396360921496726,0.16186052490391767,0.05620536201920301,0.352238058453802,0.3414802753495294,0.24997456527417813,8.2352598388516e-05,0.01125009718435171,136.60889157712995,1.125009718435171e-10,0,136.60889157712995,42,14,100,20260803
cac40_full,23,250,356,2.10 HCAL,test,2020-07-10,2020-07-13,2020-09-08,1.9247805462376986,-7.433975336589934,0.00015816806041555457,0.19964556399960343,0.00010258419789685317,0.1607831392590871,0.047826007192565356,0.37295906285967745,0.25348635100611494,0.22475714035278593,8.352613880766676e-05,0.011545937286331374,138.23142612778824,1.1545937286331374e-10,0,138.23142612778824,42,14,100,20260803
cac40_full,23,250,357,2.10 HCAL,test,2020-07-30,2020-07-31,2020-09-28,1.2223723927347494,-7.386987670832787,0.00016541969562004592,0.2041709168717513,0.00010940886854562341,0.1660452795881205,0.11254452524990954,0.27005831012355097,0.2102090076779263,0.1976039476837956,8.21792084527537e-05,0.01150800241795613,140.03544977647584,1.150800241795613e-10,0,140.03544977647584,42,14,100,20260803
cac40_full,23,250,358,2.10 HCAL,test,2020-08-19,2020-08-20,2020-10-16,1.3189699232643182,-7.300404550843541,0.00017345233388417922,0.20906933811253423,0.00011051695370584734,0.1668840086223768,0.14982470357451383,0.27902080242740573,0.2697727449476437,0.2328727503165211,8.410632922829656e-05,0.011557884170784296,137.4199097360652,1.1557884170784296e-10,0,137.4199097360652,42,14,100,20260803
cac40_full,23,250,359,2.10 HCAL,test,2020-09-08,2020-09-09,2020-11-05,0.8828158968808341,-7.150082195746623,0.00017188611225407604,0.20812328146564277,0.0001537764304730994,0.19685441442655294,0.10000800624081241,0.17400561047753463,0.3411151900361353,0.20504293558482742,8.04481704307366e-05,0.011687974589365447,145.28577252640488,1.1687974589365446e-10,0,145.28577252640488,42,14,100,20260803
cac40_full,23,250,360,2.10 HCAL,test,2020-09-28,2020-09-29,2020-11-25,0.5301835764105528,-6.9850342482265075,0.0002110398869130459,0.2306123403074683,0.00018771756479421233,0.2174967271665059,0.17800894208364382,0.14375225308389247,0.34889222857068036,0.22355114124607223,8.163938561954756e-05,0.011831386927272806,144.92253754099693,1.1831386927272807e-10,0,144.92253754099693,42,14,100,20260803
cac40_full,23,250,361,2.10 HCAL,test,2020-10-16,2020-10-19,2020-12-15,0.5164345405536775,-7.109636785438183,0.00018045766515510992,0.2132494586607143,0.00019398223556894612,0.2210961857730124,0.15223481707677555,0.34850613280908943,0.37099227670819074,0.29057774219801863,7.512148118843824e-05,0.011837401340139778,157.576783003603,1.1837401340139778e-10,0,157.576783003603,42,14,100,20260803
cac40_full,23,250,362,2.10 HCAL,test,2020-11-05,2020-11-06,2021-01-06,0.7358681421812813,-7.237184871682113,0.00015902154392707492,0.20018348850397946,0.0001365849767299276,0.1855246995306602,0.21485077273462994,0.23800588655887234,0.3179347839979078,0.2569304810971367,7.774192385731724e-05,0.012328930513912787,158.58792659338545,1.2328930513912788e-10,0,158.58792659338545,42,14,100,20260803
cac40_full,23,250,363,2.10 HCAL,test,2020-11-25,2020-11-26,2021-01-26,3.2234619325541543,-7.359271604466696,0.00010496868219890554,0.16264104006714972,6.971560626119392e-05,0.13254558754564735,0.1752852654574839,0.41067332423118036,0.45707799177349195,0.34767886048738544,7.862169059295121e-05,0.01336822324650169,170.03225376713297,1.3368223246501692e-10,0,170.03225376713297,42,14,100,20260803
cac40_full,23,250,364,2.10 HCAL,test,2020-12-15,2020-12-16,2021-02-15,2.996156295846529,-7.320748462963235,0.00010118353970705896,0.15968172095195762,7.539249069454148e-05,0.13783652511226643,0.13404411571111274,0.46667812085674926,0.441599232102214,0.347440489556692,8.430427327255878e-05,0.013424338112828912,159.2367455612545,1.3424338112828912e-10,0,159.2367455612545,42,14,100,20260803
cac40_full,23,250,365,2.10 HCAL,test,2021-01-06,2021-01-07,2021-03-05,3.536824083412618,-7.267382483824214,7.447238409996809e-05,0.1369928494235811,5.933810591208251e-05,0.12228328867774531,0.26322385945867655,0.40209532477453186,0.3905680916059197,0.3519624252797094,9.011495288080131e-05,0.013593446499916347,150.84562622916695,1.3593446499916346e-10,0,150.84562622916695,42,14,100,20260803
cac40_full,23,250,366,2.10 HCAL,test,2021-01-26,2021-01-27,2021-03-25,4.484007342850382,-7.363533690666211,9.843283716240772e-05,0.1574962696857508,6.918414645699832e-05,0.13203940664499966,0.244284763406994,0.38352619850824565,0.4066340509245135,0.3448150042799177,9.042277396779683e-05,0.01365482915326109,151.0109517113921,1.365482915326109e-10,0,151.0109517113921,42,14,100,20260803
cac40_full,23,250,367,2.10 HCAL,test,2021-02-15,2021-02-16,2021-04-16,5.66384280007954,-7.448653496570443,9.325744343592338e-05,0.15329995350897108,5.107060047137234e-05,0.11344510266549998,0.6449915934268423,0.4197941228326824,0.4163270204188163,0.493704245559447,9.163471131912621e-05,0.013602959396797792,148.44767011295806,1.3602959396797793e-10,0,148.44767011295806,42,14,100,20260803
cac40_full,23,250,368,2.10 HCAL,test,2021-03-05,2021-03-08,2021-05-06,4.13771221913992,-7.591067354050398,5.2988347378805884e-05,0.11555545655424102,3.8552661980998825e-05,0.0985660733681306,0.15941573956559574,0.3351420218400752,0.3045931482028612,0.26638363653617736,9.841006250735186e-05,0.010247246997350709,104.12804073348875,1.0247246997350709e-10,0,104.12804073348875,42,14,100,20260803
cac40_full,23,250,369,2.10 HCAL,test,2021-03-25,2021-03-26,2021-05-26,2.6665685232325536,-7.814722178551513,4.675998264804788e-05,0.10855190291887133,3.8823261040800945e-05,0.0989113834817906,0.0563780951210644,0.3212541991805624,0.27716265955525854,0.2182649846189618,7.652655599730585e-05,0.007131452551948241,93.18925252822442,7.131452551948242e-11,0,93.18925252822442,42,14,100,20260803
cac40_full,23,250,370,2.10 HCAL,test,2021-04-16,2021-04-19,2021-06-15,2.245159326507468,-7.8996521853192085,3.946621098426489e-05,0.09972705334077986,3.849533047121902e-05,0.09849275749387461,0.06869398132758109,0.21175727040629067,0.1917135858820617,0.15738827920531115,6.410787622754328e-05,0.006183879251671517,96.46052272458024,6.183879251671516e-11,0,96.46052272458024,42,14,100,20260803
cac40_full,23,250,371,2.10 HCAL,test,2021-05-06,2021-05-07,2021-07-05,1.7602702968500745,-7.958574568572291,4.1777133061949524e-05,0.10260525099433888,3.503219669312188e-05,0.0939580415220896,0.23780114987251644,0.2122005737967303,0.29402422057808586,0.2480086480824442,5.842185911655577e-05,0.005550138262133478,95.00105518827391,5.550138262133478e-11,0,95.00105518827391,42,14,100,20260803
cac40_full,23,250,372,2.10 HCAL,test,2021-05-26,2021-05-27,2021-07-23,1.0408858099784628,-7.993374468727741,5.7440374781042164e-05,0.12031198795141998,4.588884550868395e-05,0.10753598964155375,0.03420184916147484,0.21603837974223383,0.2861288290635812,0.17878968598909664,5.435627960678768e-05,0.005114915136425457,94.09980177868424,5.114915136425457e-11,0,94.09980177868424,42,14,100,20260803
cac40_full,23,250,373,2.10 HCAL,test,2021-06-15,2021-06-16,2021-08-12,0.8154575114946313,-7.89480775405152,5.395012060056085e-05,0.11659944421540497,4.3216924524170525e-05,0.10435834887583731,0.03666818322070653,0.18345261738478,0.31795351338537586,0.1793581046636208,5.365051497182133e-05,0.004387707756358842,81.78314334286226,4.387707756358842e-11,0,81.78314334286226,42,14,100,20260803
cac40_full,23,250,374,2.10 HCAL,test,2021-07-05,2021-07-06,2021-09-01,1.0947095327745942,-7.853012303388968,4.605165276334976e-05,0.10772658212513817,3.6970862228144684e-05,0.09652283295413816,0.17453544680263955,0.27889352420217844,0.37656720919608994,0.27666539340030266,5.06512859196696e-05,0.004439022251310109,87.63888558229648,4.439022251310109e-11,0,87.63888558229648,42,14,100,20260803
cac40_full,23,250,375,2.10 HCAL,test,2021-07-23,2021-07-26,2021-09-21,1.4463412348976445,-7.69111780964212,4.144285388554678e-05,0.10219392926763207,2.2706749897489305e-05,0.07564457002434018,0.24901915687490783,0.29846701368078365,0.3946786939066312,0.3140549548207742,4.739124288794782e-05,0.00441381898461674,93.13575073464108,4.41381898461674e-11,0,93.13575073464108,42,14,100,20260803
cac40_full,23,250,376,2.10 HCAL,test,2021-08-12,2021-08-13,2021-10-11,0.8920298550709869,-7.718778172717388,4.690155729969786e-05,0.1087161093836781,3.058728265033917e-05,0.08779518909305607,0.10662050693570913,0.30412337219088803,0.34503069172834144,0.2519248569516462,5.036409955781747e-05,0.004256379371902355,84.51217055942944,4.256379371902355e-11,0,84.51217055942944,42,14,100,20260803
cac40_full,23,250,377,2.10 HCAL,test,2021-09-01,2021-09-02,2021-10-29,0.891515059604164,-7.7770297070971734,4.540775657220693e-05,0.10697081216947053,3.942052658984998e-05,0.09966931674613905,0.10098016321528114,0.32304205572414757,0.32179973371598924,0.24860731755180598,5.0968221824056665e-05,0.0041863895699019976,82.1372498407635,4.1863895699019973e-11,0,82.1372498407635,42,14,100,20260803
cac40_full,23,250,378,2.10 HCAL,test,2021-09-21,2021-09-22,2021-11-18,0.9703110695884738,-7.8448494353095075,3.882382954965531e-05,0.09891210768411084,3.198699165893215e-05,0.08978152314396823,0.19694561632915275,0.40664021091668356,0.3604791088621162,0.32135497870265084,5.231133795414214e-05,0.0038505274826286144,73.60789521392313,3.850527482628614e-11,0,73.60789521392313,42,14,100,20260803
cac40_full,23,250,379,2.10 HCAL,test,2021-10-11,2021-10-12,2021-12-08,0.5410702900569556,-7.770927821093976,6.215222775904484e-05,0.12514935635183788,6.691898382857617e-05,0.12985986263969787,0.12236490853269966,0.31717763266787485,0.3598750248494773,0.2664725220166839,4.8858261905400876e-05,0.0038071503739516375,77.92234568890362,3.807150373951638e-11,0,77.92234568890362,42,14,100,20260803
cac40_full,23,250,380,2.10 HCAL,test,2021-10-29,2021-11-01,2021-12-28,0.5419206306812894,-7.824415766228625,6.250241296590062e-05,0.1255014265552665,6.303740386085924e-05,0.12603739831072572,0.2979279107772259,0.35065242326595863,0.35673585509608735,0.3351053963797573,4.6634142186012646e-05,0.002782956537528005,59.67637458468614,2.782956537528005e-11,0,59.67637458468614,42,14,100,20260803
cac40_full,23,250,381,2.10 HCAL,test,2021-11-18,2021-11-19,2022-01-17,0.5893707711415899,-7.772615593644559,6.629770774342446e-05,0.12925564727060462,6.853491530347763e-05,0.13141841064507043,0.2996866957122769,0.29143130994884503,0.3424351830840047,0.31118439624837557,4.576433249247131e-05,0.002188387518527988,47.81862641365958,2.188387518527988e-11,0,47.81862641365958,42,14,100,20260803
cac40_full,23,250,382,2.10 HCAL,test,2021-12-08,2021-12-09,2022-02-04,0.4904223753066194,-7.792463222052413,3.97988430709366e-05,0.100146435053256,4.601657155908415e-05,0.10768554235777988,0.13306435483043066,0.2308909413437057,0.3770530897463897,0.24700279530684202,4.4662867527166146e-05,0.0023999730078818732,53.7353094586256,2.3999730078818732e-11,0,53.7353094586256,42,14,100,20260803
cac40_full,23,250,383,2.10 HCAL,test,2021-12-28,2021-12-29,2022-02-24,0.5946696740212591,-7.484294135141911,5.614977888995141e-05,0.11895269765863974,7.84248435117912e-05,0.14058115295078277,0.09752174483991916,0.2044820082515614,0.39924346121902654,0.23374907143683568,4.577811138051016e-05,0.002086092144533297,45.56964194511183,2.0860921445332973e-11,0,45.56964194511183,42,14,100,20260803
cac40_full,23,250,384,2.10 HCAL,test,2022-01-17,2022-01-18,2022-03-16,0.844612461240336,-6.552001536748584,0.000137956362632812,0.18645375668907457,0.00021756251621446167,0.23414899975452455,0.2095650735340021,0.15838279603943337,0.37940873238453793,0.24911886731932445,4.5513417789520024e-05,0.001974993330947307,43.39365019961369,1.974993330947307e-11,0,43.39365019961369,42,14,100,20260803
cac40_full,23,250,385,2.10 HCAL,test,2022-02-04,2022-02-07,2022-04-05,0.842846037465262,-6.524956098434366,0.0001196784062221283,0.17366334779675396,0.00018641727278836804,0.21674213421176036,0.26942974652906126,0.13425533159043676,0.41829586894681436,0.27399364902210416,4.4813991552148764e-05,0.0021129137432186547,47.148528172499816,2.1129137432186546e-11,0,47.148528172499816,42,14,100,20260803
cac40_full,23,250,386,2.10 HCAL,test,2022-02-24,2022-02-25,2022-04-27,0.8121610249191782,-6.609892237234757,0.00011184546372674531,0.16788405778733076,0.0001351955478481547,0.1845786500593581,0.24670237670719408,0.17511632338604435,0.49165416891663233,0.3044909563366236,4.477906371324776e-05,0.0023510173151947405,52.502600997867646,2.3510173151947406e-11,0,52.502600997867646,42,14,100,20260803
cac40_full,23,250,387,2.10 HCAL,test,2022-03-16,2022-03-17,2022-05-17,0.40151504464393,-7.574886127539186,5.7810580826953886e-05,0.12069907360204708,3.124409021283201e-05,0.08873280528436857,0.06786926530076098,0.19204762125748553,0.5141014752205411,0.2580061205929292,4.771030148122483e-05,0.0035833313726319456,75.1060308022173,3.5833313726319456e-11,0,75.1060308022173,42,14,100,20260803
cac40_full,23,250,388,2.10 HCAL,test,2022-04-05,2022-04-06,2022-06-06,0.5010822230772617,-7.651371710762118,6.19142519462888e-05,0.12490953322490954,3.561379286137853e-05,0.0947347655355065,0.11763570517184452,0.19995836373981893,0.4569180665521409,0.2581707118212681,4.978227886286279e-05,0.0037373533969235,75.07397174843953,3.7373533969235e-11,0,75.07397174843953,42,14,100,20260803
cac40_full,23,250,389,2.10 HCAL,test,2022-04-27,2022-04-28,2022-06-24,0.37747810335475834,-7.453144987974079,8.133220451497149e-05,0.14316324785982196,5.614407724384912e-05,0.11894665806759759,0.04804243794639129,0.3132808993609822,0.34095503036627606,0.23409278922454982,4.6072596299304295e-05,0.00395712916047748,85.8889986309982,3.95712916047748e-11,0,85.8889986309982,42,14,100,20260803
cac40_full,23,250,390,2.10 HCAL,test,2022-05-17,2022-05-18,2022-07-14,0.37097149993205536,-7.334030383783238,8.167146263711344e-05,0.14346152301071038,6.328621339066692e-05,0.1262858890551437,0.04345762658854335,0.30668892367780504,0.322343973366511,0.22416350787761977,4.941668613674038e-05,0.004106516122605981,83.09978761511617,4.106516122605981e-11,0,83.09978761511617,42,14,100,20260803
cac40_full,23,250,391,2.10 HCAL,test,2022-06-06,2022-06-07,2022-08-03,0.45454053675451267,-7.175100135583088,8.590767622568825e-05,0.14713508897905164,7.048429188769609e-05,0.13327430943621285,0.09733294698754302,0.39864111306922173,0.3354082504293838,0.2771274368287162,5.1474806419938715e-05,0.004045153043756216,78.58510454134179,4.045153043756216e-11,0,78.58510454134179,42,14,100,20260803
cac40_full,23,250,392,2.10 HCAL,test,2022-06-24,2022-06-27,2022-08-23,0.5786790724087527,-7.44305202218053,5.844723447721863e-05,0.12136186834528832,5.956002231868882e-05,0.12251173667983645,0.16176241866088692,0.4509006791663992,0.4364739677938371,0.3497123552070411,5.131507976086846e-05,0.0042898762902144685,83.59874544101977,4.289876290214469e-11,0,83.59874544101977,42,14,100,20260803
cac40_full,23,250,393,2.10 HCAL,test,2022-07-14,2022-07-15,2022-09-12,0.8055065019586518,-7.679967331081565,4.773809223382485e-05,0.10968135321431743,4.99099122081078e-05,0.11214855271666757,0.09261142366646946,0.40367308286293896,0.41405974170159254,0.30344808274366697,5.3015651417990845e-05,0.004475109659643609,84.41110389006712,4.475109659643609e-11,0,84.41110389006712,42,14,100,20260803
cac40_full,23,250,394,2.10 HCAL,test,2022-08-03,2022-08-04,2022-09-30,0.6481136156587378,-7.654562191049239,5.4387227446302894e-05,0.11707083888171438,6.596420086730072e-05,0.12893013076298254,0.08398932841035434,0.3971267734320569,0.37233660598910706,0.2844842359438394,4.8518223137739126e-05,0.004591090496711819,94.62610540534641,4.591090496711819e-11,0,94.62610540534641,42,14,100,20260803
cac40_full,23,250,395,2.10 HCAL,test,2022-08-23,2022-08-24,2022-10-20,0.4236991705647635,-7.585901865207449,7.557279378064919e-05,0.13800124648974588,9.21749613605164e-05,0.15240764502757115,0.0872642086997486,0.22413207682957856,0.3458278165043074,0.21907470067787818,4.8906826470348765e-05,0.0045837147201196315,93.72341349726804,4.583714720119632e-11,0,93.72341349726804,42,14,100,20260803
cac40_full,23,250,396,2.10 HCAL,test,2022-09-12,2022-09-13,2022-11-09,0.5693034535821878,-7.396100503630888,9.407794833129187e-05,0.15397286442579924,9.426348767608821e-05,0.1541246213113733,0.13739313198937442,0.30661322284965814,0.46961463845731477,0.3045403310987824,4.894612781107489e-05,0.004687068858113238,95.75974786411417,4.6870688581132384e-11,0,95.75974786411417,42,14,100,20260803
cac40_full,23,250,397,2.10 HCAL,test,2022-09-30,2022-10-03,2022-11-29,0.8358603537844571,-7.543968110888752,8.74360951306616e-05,0.14843818906510117,5.487754027927265e-05,0.11759736455540451,0.16992258615849254,0.3843618203085661,0.3768302064096147,0.3103715376255578,4.967050913277153e-05,0.0047747902212162815,96.1292788131696,4.774790221216282e-11,0,96.1292788131696,42,14,100,20260803
cac40_full,23,250,398,2.10 HCAL,test,2022-10-20,2022-10-21,2022-12-19,1.165697673305475,-7.582666293407719,8.543338968221642e-05,0.14672836876323045,5.18770964579903e-05,0.11433734432552453,0.2295310171092465,0.396282806948133,0.36583818691366066,0.3305506703236801,4.8522279075899706e-05,0.004938356504975865,101.77503198584654,4.938356504975865e-11,0,101.77503198584654,42,14,100,20260803
cac40_full,23,250,399,2.10 HCAL,test,2022-11-09,2022-11-10,2023-01-09,1.0881037946578944,-7.707439951242204,9.588284686564528e-05,0.15544284290420904,6.779847717508088e-05,0.13071042899524268,0.18642462613840316,0.36629889447470876,0.37086984964345193,0.30786445675218793,4.10371541962473e-05,0.0050388970305995885,122.78865650631245,5.0388970305995887e-11,0,122.78865650631245,42,14,100,20260803
cac40_full,23,250,400,2.10 HCAL,test,2022-11-29,2022-11-30,2023-01-27,1.2499449850364437,-7.788782240999905,5.5727564602430527e-05,0.11850462556293949,5.557848751095643e-05,0.11834601325250049,0.12159942558547931,0.38565323784122457,0.3488338611109507,0.28536217484588483,5.0154961840168406e-05,0.00473756893994702,94.45862913911674,4.73756893994702e-11,0,94.45862913911674,42,14,100,20260803
cac40_full,23,250,401,2.10 HCAL,test,2022-12-19,2022-12-20,2023-02-16,1.5286741534226733,-7.624529945605856,7.228547955309589e-05,0.13496644341235403,7.923155517466363e-05,0.14130234217455576,0.1960692880928795,0.35230689333750104,0.4448998547726352,0.3310920120676719,5.155275615466937e-05,0.00477410696733113,92.60624112914121,4.7741069673311304e-11,0,92.60624112914121,42,14,100,20260803
cac40_full,23,250,402,2.10 HCAL,test,2023-01-09,2023-01-10,2023-03-08,2.2471524043055218,-7.5882863907162905,5.7808212614277515e-05,0.12069660135562199,5.8305356956010125e-05,0.12121447913889888,0.19739809396637897,0.5002760440821874,0.4836570178874911,0.39377705197868584,5.204652560359341e-05,0.004871736965512224,93.60350011866821,4.871736965512224e-11,0,93.60350011866821,42,14,100,20260803
cac40_full,23,250,403,2.10 HCAL,test,2023-01-27,2023-01-30,2023-03-28,0.5297973776399905,-7.536825713707007,6.408320486984912e-05,0.12707858839002728,7.168608655559222e-05,0.13440570602474153,0.13333309531670468,0.3308065517349255,0.3853199866639448,0.283153211238525,5.032648753664056e-05,0.004672804926833096,92.84981240606206,4.672804926833096e-11,0,92.84981240606206,42,14,100,20260803
cac40_full,23,250,404,2.10 HCAL,test,2023-02-16,2023-02-17,2023-04-19,0.5742770741227693,-7.7023699769471135,4.63951596883194e-05,0.10812761091162834,3.867550051856972e-05,0.09872297671099453,0.2027458960143097,0.22945590802741567,0.3567467508314859,0.26298285162440377,5.369466795131943e-05,0.004182544306678569,77.8949654828025,4.182544306678569e-11,0,77.8949654828025,42,14,100,20260803
cac40_full,23,250,405,2.10 HCAL,test,2023-03-08,2023-03-09,2023-05-10,0.5551013423321582,-7.704898556919647,5.073532594817872e-05,0.11307211034972788,4.471971869410942e-05,0.10615728477554225,0.1780409842007339,0.26156522608683996,0.3343357811099348,0.25798066379916956,5.348879055746486e-05,0.0031068558592431575,58.084242078821255,3.106855859243157e-11,0,58.084242078821255,42,14,100,20260803
cac40_full,23,250,406,2.10 HCAL,test,2023-03-28,2023-03-29,2023-05-30,1.2124645205284645,-7.820815646174351,5.758334759304901e-05,0.12046162705794884,3.647967804798201e-05,0.09587950181395118,0.16254383587173005,0.26129582216027814,0.39084561301037746,0.27156175701412855,5.208614570065412e-05,0.0033713626070956235,64.72666698110635,3.3713626070956236e-11,0,64.72666698110635,42,14,100,20260803
cac40_full,23,250,407,2.10 HCAL,test,2023-04-19,2023-04-20,2023-06-19,1.0921142769279226,-7.8441957632997035,4.7131096938086254e-05,0.10898181696227006,3.500946932081415e-05,0.09392755862282999,0.08843804388346843,0.39103663805812955,0.38789255732093264,0.28912241308751024,5.263331401614717e-05,0.0033053622500306937,62.799812472698456,3.3053622500306935e-11,0,62.799812472698456,42,14,100,20260803
cac40_full,23,250,408,2.10 HCAL,test,2023-05-10,2023-05-11,2023-07-07,0.844259248528826,-7.950931472546059,4.6615085650787996e-05,0.10838358539925949,3.9176151688604e-05,0.09935990250361665,0.028170944467364678,0.39720430208022633,0.39262108203202,0.2726654428598703,5.2062224699213037e-05,0.0031249187001287683,60.02276541547799,3.1249187001287685e-11,0,60.02276541547799,42,14,100,20260803
cac40_full,23,250,409,2.10 HCAL,test,2023-05-30,2023-05-31,2023-07-27,0.8103977081918032,-7.9266080967155315,4.477868213548266e-05,0.10622724649609265,3.963489962759621e-05,0.09993995550406376,0.064397989283144,0.49249412520896824,0.4454099007893786,0.3341006717604969,5.3902761095499226e-05,0.003070530114421169,56.96424546752118,3.070530114421169e-11,0,56.96424546752118,42,14,100,20260803
cac40_full,23,250,410,2.10 HCAL,test,2023-06-19,2023-06-20,2023-08-16,0.8436553562695543,-7.985605672846371,4.8156773107763827e-05,0.11016127642305387,4.517815090665399e-05,0.10670001887758411,0.08470730323892639,0.4753585415443157,0.47266103736841897,0.3442422940505537,5.3885164620721e-05,0.002796600689671256,51.899269666438975,2.796600689671256e-11,0,51.899269666438975,42,14,100,20260803
cac40_full,23,250,411,2.10 HCAL,test,2023-07-07,2023-07-10,2023-09-05,1.2597628057809094,-8.012162102250338,3.6928563782797956e-05,0.09646760115844638,3.3572797612101614e-05,0.09198013371511049,0.13452477911246752,0.6227388888421376,0.48142093689469784,0.412894868283101,5.096633212804853e-05,0.002571148062907254,50.44797134797665,2.571148062907254e-11,0,50.44797134797665,42,14,100,20260803
cac40_full,23,250,412,2.10 HCAL,test,2023-07-27,2023-07-28,2023-09-25,1.2878658720852554,-8.000687651269635,4.008435289506737e-05,0.10050500947493601,3.6189737296363145e-05,0.09549771619616625,0.21743732779388447,0.481838262777559,0.29833843321806963,0.3325380079298377,5.081577010750899e-05,0.00255473757525341,50.27450277440347,2.55473757525341e-11,0,50.27450277440347,42,14,100,20260803
cac40_full,23,250,413,2.10 HCAL,test,2023-08-16,2023-08-17,2023-10-13,0.9395675456906667,-8.04175636175276,3.235997120547841e-05,0.090303448127857,3.411470671584902e-05,0.09271950222253111,0.15417500162507347,0.2959490012618349,0.2511105467284132,0.23374484987177388,5.7349768868414705e-05,0.0025440519778110117,44.36028301436005,2.5440519778110117e-11,0,44.36028301436005,42,14,100,20260803
cac40_full,23,250,414,2.10 HCAL,test,2023-09-05,2023-09-06,2023-11-02,0.7579366814978677,-7.632768446857929,5.426274213838342e-05,0.11693678214690457,6.721412164633034e-05,0.13014591293957425,0.15150293873265142,0.6231404390056813,0.3236298366866885,0.366091071475007,5.7133356052934555e-05,0.0024202735831767574,42.36183116801948,2.4202735831767574e-11,0,42.36183116801948,42,14,100,20260803
cac40_full,23,250,415,2.10 HCAL,test,2023-09-25,2023-09-26,2023-11-22,0.7503808016785717,-7.679636492167494,3.867807949812021e-05,0.09872626820419322,4.912951492046331e-05,0.11126831426761508,0.19140513384435032,0.5056255357704856,0.4772988414549903,0.39144317035660875,5.508858907728089e-05,0.002161182793901344,39.23104276403838,2.1611827939013442e-11,0,39.23104276403838,42,14,100,20260803
cac40_full,23,250,416,2.10 HCAL,test,2023-10-13,2023-10-16,2023-12-12,0.9785121156144331,-7.779397752425736,3.0374713626111682e-05,0.08748958700199781,3.681346850213664e-05,0.09631715352178154,0.9533005669015566,0.5125130287628132,0.43211159557788076,0.6326417304140836,5.229274497907739e-05,0.0020870171298741635,39.91026156131583,2.0870171298741635e-11,0,39.91026156131583,42,14,100,20260803
cac40_full,23,250,417,2.10 HCAL,test,2023-11-02,2023-11-03,2024-01-04,1.05270377401327,-8.107039198121411,2.4463994908580826e-05,0.0785170473016043,1.5238643050715386e-05,0.061968847405614036,0.35956558524167226,0.40138857943468526,0.4850207917400217,0.41532498547212643,4.733406707700164e-05,0.0020076222706392473,42.4138975290948,2.0076222706392472e-11,0,42.4138975290948,42,14,100,20260803
cac40_full,23,250,418,2.10 HCAL,test,2023-11-22,2023-11-23,2024-01-24,1.0571242453074665,-8.112769210464283,2.5244810936501182e-05,0.07976021787832765,1.566741480923482e-05,0.06283461253104991,0.22068305373710573,0.37240057866793363,0.5002932432090769,0.3644589585380387,4.656665132155651e-05,0.0020004963562698435,42.95985001059716,2.0004963562698437e-11,0,42.95985001059716,42,14,100,20260803
cac40_full,23,250,419,2.10 HCAL,test,2023-12-12,2023-12-13,2024-02-13,0.7910386912689101,-7.678330353196777,3.350836819155257e-05,0.09189183197799056,2.275368162498872e-05,0.07572270313120866,0.34837371951273444,0.3201116543414946,0.4332286896263726,0.3672380211602005,4.531887378353428e-05,0.0018664801461339233,41.18549271654831,1.8664801461339235e-11,0,41.18549271654831,42,14,100,20260803
cac40_full,23,250,420,2.10 HCAL,test,2024-01-04,2024-01-05,2024-03-04,0.87790365617868,-7.486531460645933,3.675829565819297e-05,0.09624495054736446,2.277679137474007e-05,0.0757611472090708,0.3935875594721673,0.48156547079991885,0.47966125675429877,0.45160476234212826,4.909303115762293e-05,0.0017849964022482205,36.359466102574416,1.7849964022482204e-11,0,36.359466102574416,42,14,100,20260803
cac40_full,23,250,421,2.10 HCAL,test,2024-01-24,2024-01-25,2024-03-22,0.9520629627796408,-7.4323013294336535,3.5527398895232696e-05,0.09461978927052543,2.199932761146571e-05,0.07445690403239554,0.6651492683788514,0.3370757504213415,0.4989333615818676,0.5003861267940202,4.451497001002549e-05,0.0017739994193763612,39.85174917509386,1.7739994193763612e-11,0,39.85174917509386,42,14,100,20260803
cac40_full,23,250,422,2.10 HCAL,test,2024-02-13,2024-02-14,2024-04-15,1.2279136051636328,-7.800797108592185,2.7056704145370182e-05,0.082572934092433,2.027788731711353e-05,0.07148445707923233,0.3603933575306947,0.4738924628414944,0.5607157330417629,0.4650005178046506,4.664528587035977e-05,0.0017510456278965333,37.5396054547329,1.7510456278965335e-11,0,37.5396054547329,42,14,100,20260803
cac40_full,23,250,423,2.10 HCAL,test,2024-03-04,2024-03-05,2024-05-06,0.9736367553660902,-7.883362961528136,2.7085964691055336e-05,0.08261757138857292,2.0791133242070038e-05,0.07238346204072896,0.33118526540399407,0.39840570696981503,0.42920676485806847,0.38626591241062586,4.7746346231257904e-05,0.0017105481118457578,35.82573844626294,1.7105481118457577e-11,0,35.82573844626294,42,14,100,20260803
cac40_full,23,250,424,2.10 HCAL,test,2024-03-22,2024-03-25,2024-05-24,0.7643391961579293,-8.000116475296428,2.4219137758712318e-05,0.07812312535475974,1.9365603794452606e-05,0.06985794268515254,0.12340905827404747,0.5382806569142754,0.5636086520589555,0.40843278908242614,4.864122369827813e-05,0.0012353837907072994,25.39787646730259,1.2353837907072994e-11,0,25.39787646730259,42,14,100,20260803
cac40_full,23,250,425,2.10 HCAL,test,2024-04-15,2024-04-16,2024-06-13,0.5723895359207437,-7.851649342265517,4.340207977633084e-05,0.10458166236790928,3.993222587192731e-05,0.10031411126918127,0.19268954309435338,0.5266966159962426,0.475911749074073,0.3984326360548897,4.8420903406673126e-05,0.0012101402567278115,24.992104062251677,1.2101402567278115e-11,0,24.992104062251677,42,14,100,20260803
cac40_full,23,250,426,2.10 HCAL,test,2024-05-06,2024-05-07,2024-07-03,0.6286370664556296,-7.899510530777967,6.345074026774144e-05,0.12644993692157716,5.902105510651721e-05,0.12195616379192295,0.2381806617751231,0.5419127315569607,0.46834049086769025,0.4161446280665914,4.6644713838172217e-05,0.0012179062456359148,26.11027371421513,1.2179062456359148e-11,0,26.11027371421513,42,14,100,20260803
cac40_full,23,250,427,2.10 HCAL,test,2024-05-24,2024-05-27,2024-07-23,0.6166101740754317,-7.887029103317481,6.375863846800577e-05,0.1267563682579201,6.108418123567912e-05,0.12406939054976912,0.17906329992102044,0.4455104505293324,0.42488949740147913,0.34982108261727735,4.5348089185124414e-05,0.0011497726410090096,25.354379019484043,1.1497726410090096e-11,0,25.354379019484043,42,14,100,20260803
cac40_full,23,250,428,2.10 HCAL,test,2024-06-13,2024-06-14,2024-08-12,0.6241702917820411,-7.868391877748824,5.710410312828156e-05,0.11995930138312307,6.031568684931651e-05,0.12328646757056413,0.09204822837458404,0.4556412134578119,0.49432958234731644,0.34733967472657074,4.9762127076247964e-05,0.0011841137256437125,23.795480523357764,1.1841137256437126e-11,0,23.795480523357764,42,14,100,20260803
cac40_full,23,250,429,2.10 HCAL,test,2024-07-03,2024-07-04,2024-08-30,0.5405008408235947,-8.077978985347993,2.9902358193972675e-05,0.08680664873660954,3.247971868280024e-05,0.09047037696431723,0.0809466307513712,0.46011852366711786,0.403054446580364,0.31470653366628437,4.886486450207632e-05,0.0011798333669715826,24.144820189186245,1.1798333669715826e-11,0,24.144820189186245,42,14,100,20260803
cac40_full,23,250,430,2.10 HCAL,test,2024-07-23,2024-07-24,2024-09-19,0.6038910606300399,-7.98329765924719,2.623277273090383e-05,0.0813059575196539,2.6704490526875128e-05,0.08203372241202109,0.15094563329291255,0.5158544770110247,0.47098213704154235,0.3792607491151599,4.89897904415432e-05,0.0011796453709388389,24.079412471593326,1.1796453709388389e-11,0,24.079412471593326,42,14,100,20260803
cac40_full,23,250,431,2.10 HCAL,test,2024-08-12,2024-08-13,2024-10-09,0.5448847964062329,-8.021394520006808,2.1616166298794357e-05,0.07380564956218581,2.1017898009075154e-05,0.07277712757650537,0.15336291007662783,0.3262290118171654,0.35849846523969453,0.2793634623778292,4.804437681275022e-05,0.0013261098724654324,27.60177070531808,1.3261098724654324e-11,0,27.60177070531808,42,14,100,20260803
cac40_full,23,250,432,2.10 HCAL,test,2024-08-30,2024-09-02,2024-10-29,0.5706472152420777,-7.781496498007021,2.307642472661184e-05,0.07625784570197472,2.0936277398116925e-05,0.07263567927902558,0.179146591654036,0.3576671466229431,0.41866959783487995,0.3184944453706197,4.766088801932528e-05,0.0013297981635098377,27.90124604834552,1.3297981635098377e-11,0,27.90124604834552,42,14,100,20260803
cac40_full,23,250,433,2.10 HCAL,test,2024-09-19,2024-09-20,2024-11-18,0.618211712520408,-7.495871259842187,3.8973468103765366e-05,0.09910254266238012,3.628161228879968e-05,0.0956188595245599,0.20608287734617237,0.3184091717699249,0.38415312308630684,0.302881724067468,4.8262523655125284e-05,0.0013190733385914125,27.331213510865222,1.3190733385914126e-11,0,27.331213510865222,42,14,100,20260803
cac40_full,23,250,434,2.10 HCAL,test,2024-10-09,2024-10-10,2024-12-06,0.510811718493484,-7.5802170025672835,3.554994788973839e-05,0.09464981177062147,3.14359990671905e-05,0.0890048974210521,0.11108235519816378,0.40096398917573434,0.41103887917200593,0.3076950745153013,4.863227002777718e-05,0.001427465794428592,29.352234506291186,1.427465794428592e-11,0,29.352234506291186,42,14,100,20260803
cac40_full,23,250,435,2.10 HCAL,test,2024-10-29,2024-10-30,2024-12-30,0.4916013302616845,-7.753405829614752,3.494263075589273e-05,0.09383785457098306,3.153838205468289e-05,0.08914971832698121,0.0683506434767377,0.4995419956034999,0.41548255443675014,0.32779173117232924,4.816652716507165e-05,0.0013968172872594353,28.9997508533758,1.3968172872594353e-11,0,28.9997508533758,42,14,100,20260803
cac40_full,23,250,436,2.10 HCAL,test,2024-11-18,2024-11-19,2025-01-20,0.4360653411973644,-8.031427024980093,2.7711762984428282e-05,0.08356652602613038,2.9089894184656494e-05,0.08561923460609441,0.05383981074257305,0.378998595338613,0.3090678479493449,0.24730208467684367,4.9274026773849234e-05,0.0014792021036560022,30.019915166361965,1.479202103656002e-11,0,30.019915166361965,42,14,100,20260803
cac40_full,23,250,437,2.10 HCAL,test,2024-12-06,2024-12-09,2025-02-07,0.5130807949426164,-7.782161857883216,2.8385855892060787e-05,0.0845768034676135,2.791925811633422e-05,0.08387879973697897,0.11978580922024074,0.43587817908360954,0.41086335370968263,0.32217578067117764,4.8770193619178825e-05,0.0014569194163829944,29.873152191260985,1.4569194163829942e-11,0,29.873152191260985,42,14,100,20260803
cac40_full,23,250,438,2.10 HCAL,test,2024-12-30,2024-12-31,2025-02-27,0.600165404859738,-7.326250039887441,2.5916189104135322e-05,0.08081385805814557,2.143699143688203e-05,0.07349912817234142,0.19221372055046293,0.4282545236106295,0.33613216565541865,0.3188668032721704,4.986695871890048e-05,0.0014662921748409218,29.404082633280193,1.4662921748409218e-11,0,29.404082633280193,42,14,100,20260803
cac40_full,23,250,439,2.10 HCAL,test,2025-01-20,2025-01-21,2025-03-19,0.6425050917973052,-7.005335161261484,3.194570261026762e-05,0.08972355910120508,2.0914633141793513e-05,0.07259812361026947,0.2359585715664566,0.422236902698125,0.4399791669067549,0.3660582137237789,5.0820702075900025e-05,0.0015390627116369337,30.28416863148338,1.5390627116369337e-11,0,30.28416863148338,42,14,100,20260803
cac40_full,23,250,440,2.10 HCAL,test,2025-02-07,2025-02-10,2025-04-08,0.7170057079423942,-6.924354822902296,0.00010748663643305443,0.16458017007261147,8.746163927696796e-05,0.14845987032796415,0.17462480073616604,0.44908586599425093,0.4597238377769856,0.36114483483580084,5.047983457709516e-05,0.00160301720588415,31.755595463292323,1.60301720588415e-11,0,31.755595463292323,42,14,100,20260803
cac40_full,23,250,441,2.10 HCAL,test,2025-02-27,2025-02-28,2025-04-30,0.7730273065983577,-6.9881464585286555,0.00013895277279138,0.18712589009388242,0.00011840889827062768,0.17273981117333137,0.17777281322313143,0.38369833420617633,0.4201486516156751,0.32720659968166094,4.004381868953705e-05,0.0016657697473320197,41.59867369910114,1.6657697473320197e-11,0,41.59867369910114,42,14,100,20260803
cac40_full,23,250,442,2.10 HCAL,test,2025-03-19,2025-03-20,2025-05-21,0.7331982374502283,-7.270089588690032,0.000143431854307935,0.1901179299424429,0.00013243220018356415,0.1826825510174909,0.10687640900367956,0.3869746578797171,0.40484726787497677,0.2995661115861245,4.1669666959927e-05,0.0017635468420461957,42.32207672171146,1.763546842046196e-11,0,42.32207672171146,42,14,100,20260803
cac40_full,23,250,443,2.10 HCAL,test,2025-04-08,2025-04-09,2025-06-10,0.4357985610979268,-7.683891737715155,6.33434261812862e-05,0.12634295943060747,5.792431583434527e-05,0.12081774534502375,0.08483667696578745,0.354724591809321,0.40015955170714196,0.27990694016075013,4.1539517748792064e-05,0.002234773729127521,53.79874033786795,2.234773729127521e-11,0,53.79874033786795,42,14,100,20260803
cac40_full,23,250,444,2.10 HCAL,test,2025-04-30,2025-05-02,2025-06-30,0.6517249377709168,-7.80280606367116,4.1152281663736526e-05,0.10183503807266733,3.3458539215983425e-05,0.0918234821950672,0.1909352911473201,0.4545108443533172,0.4249510822123728,0.35679907257100335,4.07460676765304e-05,0.002472646793889512,60.6843048884874,2.4726467938895123e-11,0,60.6843048884874,42,14,100,20260803
cac40_full,23,250,445,2.10 HCAL,test,2025-05-21,2025-05-22,2025-07-18,0.6847213016703577,-7.705282012113428,2.0258243006731923e-05,0.07144982321669134,2.0978435768986106e-05,0.07270877398075488,0.22053201302316394,0.35841458504263796,0.3851283838233124,0.3213583272963714,4.195756941544447e-05,0.002554960956892502,60.89392194277173,2.554960956892502e-11,0,60.89392194277173,42,14,100,20260803
cac40_full,23,250,446,2.10 HCAL,test,2025-06-10,2025-06-11,2025-08-07,0.5731568968111933,-7.329895703523287,3.477257713254302e-05,0.09360923799177537,2.8690689485554017e-05,0.08502972274657616,0.13792437815314573,0.3777554223765936,0.4947954828411814,0.33682509445697356,3.7286108387003706e-05,0.002428468609291164,65.13065359584753,2.428468609291164e-11,0,65.13065359584753,42,14,100,20260803
cac40_full,23,250,447,2.10 HCAL,test,2025-06-30,2025-07-01,2025-08-27,0.6012196864622678,-7.433194551796014,5.863665647186151e-05,0.12155837046830259,4.3341578440949914e-05,0.10450874493131844,0.17935962437362107,0.4254898990526024,0.38711284830137654,0.3306541239092,3.562895758300131e-05,0.0024657111242920504,69.20525582450522,2.4657111242920504e-11,0,69.20525582450522,42,14,100,20260803
cac40_full,23,250,448,2.10 HCAL,test,2025-07-18,2025-07-21,2025-09-16,0.7142050190647461,-7.5039931758006615,5.7434357403095725e-05,0.12030568592373397,4.216133026481925e-05,0.10307596823088518,0.2003880701713333,0.39666232316662314,0.4526813062939255,0.34991056654396063,3.654497449831336e-05,0.0024722469316721964,67.64943649875298,2.4722469316721964e-11,0,67.64943649875298,42,14,100,20260803
cac40_full,23,250,449,2.10 HCAL,test,2025-08-07,2025-08-08,2025-10-06,0.9261004317003598,-7.825562651430032,4.7677607746018534e-05,0.10961184768078983,3.802632086215284e-05,0.09789092326289764,0.2551639056233669,0.48480165056124114,0.42005500420271774,0.38667352012910855,4.2182926114940314e-05,0.0024229207885571834,57.43842382947055,2.4229207885571836e-11,0,57.43842382947055,42,14,100,20260803
cac40_full,23,250,450,2.10 HCAL,test,2025-08-27,2025-08-28,2025-10-24,0.9140091714959079,-7.467939235973978,3.8378000889569814e-05,0.09834254534112687,2.8942873466085713e-05,0.08540260015628096,0.2583475307405001,0.40941056728219793,0.5399590855943996,0.40257239453903254,4.633754207069456e-05,0.002492537827775737,53.790894302788296,2.4925378277757368e-11,0,53.790894302788296,42,14,100,20260803
cac40_full,23,250,451,2.10 HCAL,test,2025-09-16,2025-09-17,2025-11-13,0.7883412882111817,-7.507192095217585,3.887209513566968e-05,0.09897357209977195,2.9886448352500053e-05,0.08678355250178466,0.1699703810553801,0.4082902888513929,0.5444036513408862,0.37422144041588634,4.527054135483044e-05,0.0024325057358375304,53.73264076458803,2.4325057358375304e-11,0,53.73264076458803,42,14,100,20260803
cac40_full,23,250,452,2.10 HCAL,test,2025-10-06,2025-10-07,2025-12-03,0.7277355065627799,-7.536114101516139,4.11140640577426e-05,0.1017877406299557,3.321308094874313e-05,0.09148604483244026,0.1740035563298602,0.38136675572160966,0.5186085227173262,0.35799294492293204,4.499166142439437e-05,0.002304321183201918,51.21662793169315,2.3043211832019177e-11,0,51.21662793169315,42,14,100,20260803
cac40_full,23,250,453,2.10 HCAL,test,2025-10-24,2025-10-27,2025-12-23,1.0677233010448053,-7.912494734710918,3.0920705501491674e-05,0.08827240671000142,2.6675737842539225e-05,0.08198954772603569,0.16055275580081285,0.576300228773851,0.4045161415735207,0.3804563753827282,5.21083128801673e-05,0.0023140456491393077,44.408377881296666,2.3140456491393078e-11,0,44.408377881296666,42,14,100,20260803
cac40_full,23,250,454,2.10 HCAL,test,2025-11-13,2025-11-14,2026-01-15,1.24653335872,-7.786128707613673,3.2197278897727006e-05,0.09007615823416985,2.79547779179175e-05,0.08393213946585187,0.22119058862795327,0.5237597850920183,0.4626194429204753,0.4025232722134822,5.093866477901611e-05,0.0022631144328242024,44.428224466466176,2.2631144328242025e-11,0,44.428224466466176,42,14,100,20260803
cac40_full,23,250,455,2.10 HCAL,test,2025-12-03,2025-12-04,2026-02-04,1.0087115308895962,-7.504078265633082,5.248274161485406e-05,0.11500282990841235,4.8279047123514986e-05,0.1103010420400722,0.2841991883791912,0.5997433614116183,0.48582014573112997,0.45658756517397986,5.107689972489542e-05,0.002283265495772209,44.70250755370967,2.283265495772209e-11,0,44.70250755370967,42,14,100,20260803
cac40_full,23,250,456,2.10 HCAL,test,2025-12-23,2025-12-24,2026-02-24,0.9366403545639957,-7.01441496606278,6.198515869562145e-05,0.1249810385270366,5.432162146646508e-05,0.11700020773293182,0.547024633363776,0.6459151700873056,0.574076360522948,0.5890053879913432,5.302650179984987e-05,0.0022741670927757017,42.887367930843595,2.2741670927757017e-11,0,42.887367930843595,42,14,100,20260803
cac40_full,23,250,457,2.10 HCAL,test,2026-01-15,2026-01-16,2026-03-16,0.6067183548522327,-6.913758044527822,8.367528845525003e-05,0.1452107871017956,8.17765418198987e-05,0.14355378273878566,0.1827156548923453,0.5535151994361894,0.5605328254997061,0.4322545599427469,5.29850128691717e-05,0.002181181445690314,41.16600766099638,2.181181445690314e-11,0,41.16600766099638,42,14,100,20260803
cac40_full,23,250,458,2.10 HCAL,test,2026-02-04,2026-02-05,2026-04-07,0.6034160591431976,-7.031247032880097,7.694512061737425e-05,0.13924859207754423,7.822226943180142e-05,0.14039947256601057,0.2253364780225725,0.528907485706892,0.4254286109206436,0.3932241915500361,5.419120817028205e-05,0.0021577053696960865,39.81652084441535,2.1577053696960864e-11,0,39.81652084441535,42,14,100,20260803
cac40_full,23,250,459,2.10 HCAL,test,2026-02-24,2026-02-25,2026-04-27,0.7057149464091839,-7.140586345025143,7.139496510566993e-05,0.13413251360736078,7.358544706118405e-05,0.13617464029480078,0.21781002906599067,0.6106304820428522,0.38839963494674823,0.40561338201853037,6.277305824795335e-05,0.00213033387050686,33.93707316428728,2.1303338705068603e-11,0,33.93707316428728,42,14,100,20260803
cac40_full,23,250,460,2.10 HCAL,test,2026-03-16,2026-03-17,2026-05-18,0.7183550183639141,-7.127857709163307,6.147360551543923e-05,0.12446424623115944,5.462927666733884e-05,0.11733106033855395,0.2731407622223788,0.5879606032227832,0.46475812131752475,0.4419531622542289,6.088331026241059e-05,0.0021399136672297864,35.147787760005734,2.1399136672297864e-11,0,35.147787760005734,42,14,100,20260803
cac40_full,23,250,461,2.10 HCAL,test,2026-04-07,2026-04-08,2026-06-05,0.7285401805751497,-7.17014017393912,4.577210091387665e-05,0.10739911280032492,3.939116761016621e-05,0.09963219478543009,0.21016499683473933,0.5930506713268568,0.3467930250515039,0.3833362310710333,6.0201197230929697e-05,0.001650979992878518,27.424371421475495,1.650979992878518e-11,0,27.424371421475495,42,14,100,20260803
cac40_full,23,250,462,2.10 HCAL,test,2026-04-27,2026-04-28,2026-06-25,0.6118785234426225,-7.358423503757609,4.751515401766874e-05,0.10942494602444418,4.434631242659758e-05,0.10571315306764145,0.23183846691982268,0.5740450987314719,0.24545058097681074,0.3504447155427018,6.049464394848444e-05,0.0018736822230035438,30.972696105115016,1.8736822230035438e-11,0,30.972696105115016,42,14,100,20260803
cac40_full,23,250,463,2.10 HCAL,test,2026-05-18,2026-05-19,2026-07-15,0.5404032087920354,-7.464108487177725,4.6373820076011254e-05,0.108102741219429,4.2208681204594814e-05,0.10313383374798929,0.1767025915183451,0.3990485238390014,0.18958772659495896,0.2551129473174351,6.243014675093826e-05,0.002013863141458433,32.25786332831528,2.013863141458433e-11,0,32.25786332831528,42,14,100,20260803
cac40_full,23,250,344,2.5 BAHC (100 bootstraps),test,2019-11-12,2019-11-13,2020-01-13,2.103821816033515,-8.316703725324071,3.587245041884924e-05,0.09507816524076393,3.0446992352000913e-05,0.0875936189040288,0.1679135439844801,0.20088161627266712,0.39600910382280613,0.2549347546933178,2.9757684758588736e-05,0.0026870492277783174,90.29765754887146,2.6870492277783176e-11,0,90.29765754887146,42,14,100,20260803
cac40_full,23,250,345,2.5 BAHC (100 bootstraps),test,2019-12-02,2019-12-03,2020-01-31,1.0089247005045452,-8.243655107023521,4.087556028755198e-05,0.10149207453029571,3.142624264516911e-05,0.0889910846466241,0.1522862592142762,0.35256670839058696,0.47708488560677703,0.32731261773721343,3.067684313825465e-05,0.002420130084814437,78.89110603419572,2.4201300848144373e-11,0,78.89110603419572,42,14,100,20260803
cac40_full,23,250,346,2.5 BAHC (100 bootstraps),test,2019-12-20,2019-12-23,2020-02-20,0.6252559362431451,-8.081290460121338,3.660314685442611e-05,0.09604162122390156,2.8466722536329156e-05,0.08469719050331567,0.10709641483264687,0.37121708128538505,0.373530387923162,0.2839479613470646,3.112912398643688e-05,0.002189834961067932,70.34682254540971,2.1898349610679322e-11,0,70.34682254540971,42,14,100,20260803
cac40_full,23,250,347,2.5 BAHC (100 bootstraps),test,2020-01-13,2020-01-14,2020-03-11,0.8214545470667024,-6.939203339732421,0.0002865447980980859,0.2687178615587688,0.0003010675940330814,0.2754433402649926,0.08207015984554245,0.33028759903283306,0.39262473663579317,0.26832749850472287,2.9714881135511028e-05,0.0020629091348084664,69.42343553052847,2.0629091348084665e-11,0,69.42343553052847,42,14,100,20260803
cac40_full,23,250,348,2.5 BAHC (100 bootstraps),test,2020-01-31,2020-02-03,2020-03-31,0.954208180937752,-0.5156403728348368,0.0009082602530959554,0.47841570185371296,0.0009976799481854605,0.5014133493862485,0.1952274496235249,0.5166672853444304,0.4970261941993761,0.40297364305577715,2.564486191311217e-05,0.0020049371743195775,78.18085280055483,2.0049371743195776e-11,0,78.18085280055483,42,14,100,20260803
cac40_full,23,250,349,2.5 BAHC (100 bootstraps),test,2020-02-20,2020-02-21,2020-04-22,0.9612253206404335,1.6297477862695078,0.0010111308625300292,0.5047821087930587,0.001117994573505716,0.5307868051519747,0.17264867624010805,0.5928024250599198,0.5569532506890998,0.4408014506630426,2.6325659236558086e-05,0.001977759916972975,75.12670050163403,1.977759916972975e-11,0,75.12670050163403,42,14,100,20260803
cac40_full,23,250,350,2.5 BAHC (100 bootstraps),test,2020-03-11,2020-03-12,2020-05-13,0.9291044233589719,-0.4704758844864873,0.0005485417149709492,0.37179633157506975,0.0006687830703736492,0.41052811564393443,0.18736079619187052,0.6509509889077696,0.6132927695295848,0.4838681848764083,3.202446031837575e-05,0.003562488910675715,111.24274617772545,3.562488910675715e-11,0,111.24274617772545,42,14,100,20260803
cac40_full,23,250,351,2.5 BAHC (100 bootstraps),test,2020-03-31,2020-04-01,2020-06-02,0.5893258349105843,-6.141626694651463,0.0002218028599611306,0.23641979762745105,0.00019424545035490713,0.22124613779552538,0.05687673306764118,0.3686301861882067,0.3056642052008692,0.243723708152239,5.518403879013751e-05,0.00796728725683219,144.37666092421097,7.96728725683219e-11,0,144.37666092421097,42,14,100,20260803
cac40_full,23,250,352,2.5 BAHC (100 bootstraps),test,2020-04-22,2020-04-23,2020-06-22,0.4541322746324239,-6.813812261637827,0.0001931869168366289,0.22064247787502406,0.00015802917856490582,0.19955789385127382,0.05501880015586491,0.30844816318217205,0.3043029725327607,0.2225899786235992,6.313212944349724e-05,0.009198993640545513,145.710175177578,9.198993640545514e-11,0,145.710175177578,42,14,100,20260803
cac40_full,23,250,353,2.5 BAHC (100 bootstraps),test,2020-05-13,2020-05-14,2020-07-10,0.39820770409390316,-7.111964046984987,0.00017049498238485072,0.20727936597978677,0.0001611235067487594,0.2015021679801172,0.07617817121083403,0.22665834923392314,0.2754225222981857,0.1927530142476476,6.933711846763684e-05,0.009851818384318568,142.08577746011917,9.851818384318568e-11,0,142.08577746011917,42,14,100,20260803
cac40_full,23,250,354,2.5 BAHC (100 bootstraps),test,2020-06-02,2020-06-03,2020-07-30,0.477179510401062,-7.387202614050999,0.00011681165570214016,0.17157079365946676,0.0001359833948089625,0.1851156813775066,0.06715470761027453,0.4318142441216933,0.3225127432931072,0.273827231675025,7.814746184331696e-05,0.010560424575634459,135.13458180903885,1.0560424575634459e-10,0,135.13458180903885,42,14,100,20260803
cac40_full,23,250,355,2.5 BAHC (100 bootstraps),test,2020-06-22,2020-06-23,2020-08-19,1.3653179770576025,-7.462842915445458,0.00011867521303261081,0.17293395757981694,0.0001033166235723648,0.16135609421473962,0.05652384754944029,0.3482944413387677,0.3376894737418255,0.2475025875433445,8.246762273711698e-05,0.011261837343293566,136.56071279261994,1.1261837343293566e-10,0,136.56071279261994,42,14,100,20260803
cac40_full,23,250,356,2.5 BAHC (100 bootstraps),test,2020-07-10,2020-07-13,2020-09-08,1.8665716417851852,-7.434252859128365,0.00015194410946278895,0.1956780917339057,0.00010553241878292184,0.16307718888089867,0.04892016777852293,0.3801938151803474,0.26835357805817256,0.23248918700568097,8.730922597994996e-05,0.011298644077107525,129.40950913597825,1.1298644077107525e-10,0,129.40950913597825,42,14,100,20260803
cac40_full,23,250,357,2.5 BAHC (100 bootstraps),test,2020-07-30,2020-07-31,2020-09-28,1.2242220325652522,-7.384257635365544,0.0001660823921717014,0.20457947802081408,0.00011473707095075745,0.1700404124894752,0.10890100960534055,0.1487290496057551,0.2444376455462162,0.1673559015857706,8.362033156827883e-05,0.01153399787161966,137.93293634816266,1.1533997871619661e-10,0,137.93293634816266,42,14,100,20260803
cac40_full,23,250,358,2.5 BAHC (100 bootstraps),test,2020-08-19,2020-08-20,2020-10-16,1.31259971193637,-7.298339151733757,0.00016295807406255385,0.2026460822808168,0.00010574210276680904,0.1632391187713162,0.14950939055696133,0.17539854108799258,0.24180799502402786,0.1889053088896606,8.31833727488015e-05,0.011522753227580848,138.52231337598494,1.1522753227580848e-10,0,138.52231337598494,42,14,100,20260803
cac40_full,23,250,359,2.5 BAHC (100 bootstraps),test,2020-09-08,2020-09-09,2020-11-05,0.8736942443861826,-7.15826292575949,0.00017574782692297906,0.2104482178223202,0.00015666736664602136,0.19869619119348358,0.0942047372514968,0.2020206683052407,0.3321832625068315,0.20946955602118966,7.99823147306363e-05,0.011654182513170618,145.70949280999764,1.1654182513170618e-10,0,145.70949280999764,42,14,100,20260803
cac40_full,23,250,360,2.5 BAHC (100 bootstraps),test,2020-09-28,2020-09-29,2020-11-25,0.5323070110241115,-7.006300886809197,0.0002087915756075526,0.2293806379211272,0.00018536347751206436,0.2161286568991725,0.17942858768625847,0.1395982860308768,0.3488563528746251,0.22262774219725343,7.886447289264312e-05,0.011895807724197504,150.83861322944574,1.1895807724197503e-10,0,150.83861322944574,42,14,100,20260803
cac40_full,23,250,361,2.5 BAHC (100 bootstraps),test,2020-10-16,2020-10-19,2020-12-15,0.515017146633366,-7.127573765548832,0.0001719862485942348,0.20818389622097855,0.00018956971758837368,0.21856708085224127,0.15077279893269813,0.3480431524800329,0.36598924577237857,0.2882683990617032,7.394128610293764e-05,0.01186888529011166,160.51770148531563,1.186888529011166e-10,0,160.51770148531563,42,14,100,20260803
cac40_full,23,250,362,2.5 BAHC (100 bootstraps),test,2020-11-05,2020-11-06,2021-01-06,0.7305551925905611,-7.241778135459182,0.00015264995941871657,0.1961320722715094,0.00013347314772524913,0.1833991091220532,0.21298632986990162,0.23498400167851807,0.3282302099058521,0.2587335138180906,7.72075970101935e-05,0.012269945730429964,158.92148189523368,1.2269945730429965e-10,0,158.92148189523368,42,14,100,20260803
cac40_full,23,250,363,2.5 BAHC (100 bootstraps),test,2020-11-25,2020-11-26,2021-01-26,3.2195373078983787,-7.369022517058485,0.0001041010306827114,0.16196746504172765,6.984548170646624e-05,0.132668991818094,0.16854870274562472,0.4162248960931029,0.4515971372450544,0.3454569120279274,7.82923459336312e-05,0.013383329464140965,170.94045790230984,1.3383329464140964e-10,0,170.94045790230984,42,14,100,20260803
cac40_full,23,250,364,2.5 BAHC (100 bootstraps),test,2020-12-15,2020-12-16,2021-02-15,2.9983270789866054,-7.332976534369825,9.592593085845057e-05,0.15547776232094912,7.285774747344192e-05,0.13549963971652237,0.1289722863281626,0.466049648439224,0.4346605595348432,0.34322749810074327,8.31345661328888e-05,0.01346142971497572,161.92337725631378,1.346142971497572e-10,0,161.92337725631378,42,14,100,20260803
cac40_full,23,250,365,2.5 BAHC (100 bootstraps),test,2021-01-06,2021-01-07,2021-03-05,3.5024094634866403,-7.280214553300619,7.165364213684785e-05,0.13437528723126754,5.591193244883117e-05,0.11870049274162872,0.25630536234300716,0.4024935584337675,0.3848714152701976,0.3478901120156574,9.205672370265656e-05,0.013496676954235688,146.6126146073804,1.3496676954235688e-10,0,146.6126146073804,42,14,100,20260803
cac40_full,23,250,366,2.5 BAHC (100 bootstraps),test,2021-01-26,2021-01-27,2021-03-25,4.427533731536822,-7.365222828422143,9.096290407967618e-05,0.1514022847518438,6.763197465070722e-05,0.13054982808099833,0.2377592126365904,0.3764946829454067,0.40815430404314573,0.34080273320838095,9.189725356400607e-05,0.013516892907925642,147.08701711647106,1.3516892907925642e-10,0,147.08701711647106,42,14,100,20260803
cac40_full,23,250,367,2.5 BAHC (100 bootstraps),test,2021-02-15,2021-02-16,2021-04-16,5.652154389374234,-7.451651987099598,8.42989012278952e-05,0.145750894026176,5.1090853131522364e-05,0.11346759444503808,0.6427828066068655,0.41387039291366173,0.40054500613832333,0.48573273521961685,9.1277675096639e-05,0.01358570484478369,148.83929537425234,1.358570484478369e-10,0,148.83929537425234,42,14,100,20260803
cac40_full,23,250,368,2.5 BAHC (100 bootstraps),test,2021-03-05,2021-03-08,2021-05-06,4.08869234934906,-7.58324998041914,5.356904882987253e-05,0.11618691968172612,3.9223007484501314e-05,0.09941930338769393,0.15393776679249171,0.33288047881479715,0.29762997368811234,0.26148273976513375,9.912177249958718e-05,0.010150463983958762,102.40397975128054,1.0150463983958762e-10,0,102.40397975128054,42,14,100,20260803
cac40_full,23,250,369,2.5 BAHC (100 bootstraps),test,2021-03-25,2021-03-26,2021-05-26,2.672560796493263,-7.813788622757832,4.3741768339470545e-05,0.10499012154267932,3.881797326292029e-05,0.09890464732385386,0.053066132598705296,0.32041365365161106,0.2776595175380409,0.21704643459611908,8.102397942007406e-05,0.0071656947379009715,88.43918540152124,7.165694737900971e-11,0,88.43918540152124,42,14,100,20260803
cac40_full,23,250,370,2.5 BAHC (100 bootstraps),test,2021-04-16,2021-04-19,2021-06-15,2.2264031270485183,-7.89307093706721,3.730699082684705e-05,0.09696061926558357,3.8177155240628306e-05,0.09808487712506109,0.06459466718384055,0.21408729108080107,0.18078082674005205,0.1531542616682312,6.891772530106806e-05,0.006160385098803164,89.38752798197322,6.160385098803165e-11,0,89.38752798197322,42,14,100,20260803
cac40_full,23,250,371,2.5 BAHC (100 bootstraps),test,2021-05-06,2021-05-07,2021-07-05,1.789979050721854,-7.954837979032682,4.021606107459475e-05,0.1006699925042109,3.522053737460225e-05,0.09421027236135011,0.2125933808581928,0.209495519666368,0.2799513177833233,0.23401340610262802,5.859808532610711e-05,0.005669716360325017,96.75600028178732,5.669716360325017e-11,0,96.75600028178732,42,14,100,20260803
cac40_full,23,250,372,2.5 BAHC (100 bootstraps),test,2021-05-26,2021-05-27,2021-07-23,1.0101605578786188,-8.000556601679577,5.612862367478073e-05,0.11893028700059857,4.66076271609558e-05,0.1083749142770635,0.04049682167153423,0.1995343373423116,0.26122894991608464,0.1670867029766435,5.5460225179862306e-05,0.005039583699736819,90.86843198694223,5.039583699736819e-11,0,90.86843198694223,42,14,100,20260803
cac40_full,23,250,373,2.5 BAHC (100 bootstraps),test,2021-06-15,2021-06-16,2021-08-12,0.8198231421363846,-7.899027006720903,5.382585511976904e-05,0.11646508270800222,4.389409295344783e-05,0.10517276940476966,0.036261315583495324,0.1685267175211762,0.29368185896304366,0.1661566306892384,5.4282324224955247e-05,0.004435012709267533,81.70270474948863,4.435012709267533e-11,0,81.70270474948863,42,14,100,20260803
cac40_full,23,250,374,2.5 BAHC (100 bootstraps),test,2021-07-05,2021-07-06,2021-09-01,1.0531088405191398,-7.852265562076418,4.529358540259876e-05,0.10683624629054919,3.631464420221416e-05,0.09566237682055558,0.1652731327057314,0.27196748242322677,0.3709670806303336,0.2694025652530973,5.358287732834026e-05,0.004320776743779553,80.63726621665148,4.320776743779553e-11,0,80.63726621665148,42,14,100,20260803
cac40_full,23,250,375,2.5 BAHC (100 bootstraps),test,2021-07-23,2021-07-26,2021-09-21,1.4320602847066064,-7.702771685007295,3.7270624440953535e-05,0.09691334974666953,2.23485751022011e-05,0.07504559231397057,0.24227900229095656,0.2905964515114386,0.39934735874031624,0.31074093751423715,4.906749694658611e-05,0.004385453079381248,89.37592810481374,4.385453079381248e-11,0,89.37592810481374,42,14,100,20260803
cac40_full,23,250,376,2.5 BAHC (100 bootstraps),test,2021-08-12,2021-08-13,2021-10-11,0.8754564817432474,-7.732354957007276,4.504349576609465e-05,0.10654088855015173,3.083580412951701e-05,0.08815113522036053,0.10571641514591767,0.29432553943158996,0.3565254210199346,0.25218912519914743,5.1089011919981215e-05,0.004196475628473799,82.1404734749339,4.196475628473799e-11,0,82.1404734749339,42,14,100,20260803
cac40_full,23,250,377,2.5 BAHC (100 bootstraps),test,2021-09-01,2021-09-02,2021-10-29,0.877456603297853,-7.777919665619536,4.1902277832290214e-05,0.10275881477390217,3.9657980295197146e-05,0.0999690503825543,0.09948000103974364,0.3110718648496853,0.3288118684274597,0.24645457810562954,5.214390791442422e-05,0.0041581751502477275,79.74421781106051,4.1581751502477277e-11,0,79.74421781106051,42,14,100,20260803
cac40_full,23,250,378,2.5 BAHC (100 bootstraps),test,2021-09-21,2021-09-22,2021-11-18,0.9611192827110657,-7.849603101889241,3.646852420355466e-05,0.09586484287420376,3.16275606339678e-05,0.08927567014455778,0.1914740950111573,0.3976090310465618,0.37168637886903344,0.3202565016422509,5.2160861543374005e-05,0.0038448792063007684,73.71195744348636,3.8448792063007686e-11,0,73.71195744348636,42,14,100,20260803
cac40_full,23,250,379,2.5 BAHC (100 bootstraps),test,2021-10-11,2021-10-12,2021-12-08,0.5432759890635994,-7.782118278312446,6.157541635056524e-05,0.12456727066265215,6.712330399477126e-05,0.13005795864414588,0.12320025738226725,0.30707913371796236,0.3625845381426854,0.26428797641430496,4.968349999131115e-05,0.0038359224401053344,77.20717020290793,3.8359224401053345e-11,0,77.20717020290793,42,14,100,20260803
cac40_full,23,250,380,2.5 BAHC (100 bootstraps),test,2021-10-29,2021-11-01,2021-12-28,0.5501204546894972,-7.83309751096317,6.372382777045415e-05,0.126721760554983,6.367703847619756e-05,0.12667522921235147,0.30645883309926036,0.3391160189432772,0.35598977541602417,0.33385487581952056,4.895342511207629e-05,0.0028300886664611416,57.81186219313159,2.8300886664611417e-11,0,57.81186219313159,42,14,100,20260803
cac40_full,23,250,381,2.5 BAHC (100 bootstraps),test,2021-11-18,2021-11-19,2022-01-17,0.5930711604415123,-7.78346340579026,6.404455583663743e-05,0.12704026161352405,6.706267827606252e-05,0.12999921124979089,0.3080895050614617,0.275380682701019,0.33815730493551577,0.3072091642326655,4.642425596194251e-05,0.0021924049818234388,47.225419910245186,2.1924049818234388e-11,0,47.225419910245186,42,14,100,20260803
cac40_full,23,250,382,2.5 BAHC (100 bootstraps),test,2021-12-08,2021-12-09,2022-02-04,0.48719659837124735,-7.824713423869258,3.888307947597702e-05,0.09898755491447503,4.3557656944881574e-05,0.10476893408883264,0.11599160635918182,0.24106023501345705,0.3555914278949599,0.23754775642253292,4.449773699368528e-05,0.002259819689914317,50.78504756848669,2.2598196899143168e-11,0,50.78504756848669,42,14,100,20260803
cac40_full,23,250,383,2.5 BAHC (100 bootstraps),test,2021-12-28,2021-12-29,2022-02-24,0.5869117924088517,-7.502336987508787,5.73078135433095e-05,0.1201730794018111,7.720361282789811e-05,0.13948229433383408,0.12691294121946817,0.20262099728783825,0.396933381237712,0.24215577324833948,4.652760515840775e-05,0.002198929837081047,47.26075691182851,2.198929837081047e-11,0,47.26075691182851,42,14,100,20260803
cac40_full,23,250,384,2.5 BAHC (100 bootstraps),test,2022-01-17,2022-01-18,2022-03-16,0.846848841160433,-6.572989720575025,0.00013832643299436568,0.18670367193652124,0.00020397179295629012,0.2267176478022501,0.2550090980468258,0.15810403232401202,0.3743036629169332,0.26247226442925703,4.548072036545158e-05,0.0020218651783185334,44.45543434827383,2.0218651783185334e-11,0,44.45543434827383,42,14,100,20260803
cac40_full,23,250,385,2.5 BAHC (100 bootstraps),test,2022-02-04,2022-02-07,2022-04-05,0.8457664246291359,-6.556503708205109,0.00011969482216980009,0.17367525784287646,0.00019336404229880044,0.22074360389215744,0.3120109104592913,0.1425276086795829,0.41323375202594553,0.28925742372160657,4.42642199570857e-05,0.002158118628850904,48.75537467831144,2.158118628850904e-11,0,48.75537467831144,42,14,100,20260803
cac40_full,23,250,386,2.5 BAHC (100 bootstraps),test,2022-02-24,2022-02-25,2022-04-27,0.8148665327088801,-6.676406917581504,0.00011167143326402985,0.1677533939523595,0.00013774888310440187,0.1863134953306101,0.2768713036286472,0.15516825926884792,0.4617329327426644,0.29792416521338655,4.7965445439612346e-05,0.002384568947939583,49.7143084169147,2.384568947939583e-11,0,49.7143084169147,42,14,100,20260803
cac40_full,23,250,387,2.5 BAHC (100 bootstraps),test,2022-03-16,2022-03-17,2022-05-17,0.40604469099548407,-7.593393782386974,5.816273495644357e-05,0.12106613568221206,3.161088514811518e-05,0.08925213194834634,0.07706087267738781,0.1857881200176156,0.48924162091881396,0.25069687120460576,4.8465220546814465e-05,0.0035703318979367583,73.66791809990907,3.570331897936758e-11,0,73.66791809990907,42,14,100,20260803
cac40_full,23,250,388,2.5 BAHC (100 bootstraps),test,2022-04-05,2022-04-06,2022-06-06,0.4916761257167469,-7.679072736039675,6.255255487865151e-05,0.12555175757200765,3.631493717094091e-05,0.09566276269833059,0.11710462947411726,0.16879330180412686,0.4264251060091548,0.23744101242913299,5.065865095156781e-05,0.0037256513847623925,73.54422817781509,3.725651384762393e-11,0,73.54422817781509,42,14,100,20260803
cac40_full,23,250,389,2.5 BAHC (100 bootstraps),test,2022-04-27,2022-04-28,2022-06-24,0.3791400468930009,-7.485950167986336,7.997175632891029e-05,0.14196084881010465,4.9251604885258953e-05,0.11140648289523036,0.0404258057387642,0.2895868834333566,0.3081430065425641,0.2127185652382283,4.693416679285648e-05,0.0037784747304047068,80.50584443271298,3.7784747304047067e-11,0,80.50584443271298,42,14,100,20260803
cac40_full,23,250,390,2.5 BAHC (100 bootstraps),test,2022-05-17,2022-05-18,2022-07-14,0.377847742547084,-7.370977933536276,7.917858965121949e-05,0.14125510465858326,6.025736568411216e-05,0.12322684834238139,0.05041709126824068,0.2828046861821827,0.2986652948847535,0.2106290241117256,4.915354484543661e-05,0.003962733581289589,80.61948723638163,3.962733581289589e-11,0,80.61948723638163,42,14,100,20260803
cac40_full,23,250,391,2.5 BAHC (100 bootstraps),test,2022-06-06,2022-06-07,2022-08-03,0.4383911716377377,-7.20978586211735,8.383335266016871e-05,0.14534787535551566,7.196234653293878e-05,0.13466443972445202,0.08222599718869406,0.39698953559432865,0.3292464822330093,0.26948733833867733,5.1558618430300605e-05,0.00405223710054909,78.5947572669562,4.05223710054909e-11,0,78.5947572669562,42,14,100,20260803
cac40_full,23,250,392,2.5 BAHC (100 bootstraps),test,2022-06-24,2022-06-27,2022-08-23,0.545708856520782,-7.474294118238032,5.753667850871168e-05,0.12041280240985733,5.907838148381088e-05,0.12201537662901485,0.1385624564079193,0.43170123425780504,0.410819134661688,0.3270276084424708,5.3055556149429514e-05,0.0042794221143864835,80.65926408034643,4.279422114386484e-11,0,80.65926408034643,42,14,100,20260803
cac40_full,23,250,393,2.5 BAHC (100 bootstraps),test,2022-07-14,2022-07-15,2022-09-12,0.7842119388835813,-7.680064145266482,4.828664890661708e-05,0.11030972543011565,4.995753677918118e-05,0.11220204663175114,0.08172267307017311,0.4221327460727118,0.39285081350894707,0.29890207755061066,5.3578882413063566e-05,0.004406560161293859,82.24434633260388,4.406560161293859e-11,0,82.24434633260388,42,14,100,20260803
cac40_full,23,250,394,2.5 BAHC (100 bootstraps),test,2022-08-03,2022-08-04,2022-09-30,0.6430287221394106,-7.656583690999924,5.6584876896896064e-05,0.11941268348888995,6.55589025334598e-05,0.12853343315430374,0.09223867351795179,0.40747044106941943,0.3377537683104665,0.27915429429927924,5.000376992050634e-05,0.0045189043929727835,90.37127400907426,4.518904392972783e-11,0,90.37127400907426,42,14,100,20260803
cac40_full,23,250,395,2.5 BAHC (100 bootstraps),test,2022-08-23,2022-08-24,2022-10-20,0.4209537773135173,-7.5983805824319735,7.778311568407087e-05,0.14000480403323973,9.061563106119748e-05,0.15111300085506132,0.09144145493215983,0.21325741437798604,0.323535566425954,0.20941147857869993,4.9790494135968027e-05,0.004511783494244336,90.61535886596234,4.511783494244336e-11,0,90.61535886596234,42,14,100,20260803
cac40_full,23,250,396,2.5 BAHC (100 bootstraps),test,2022-09-12,2022-09-13,2022-11-09,0.562337697478419,-7.423037820833435,9.46518980569969e-05,0.15444182824080793,9.708907265097263e-05,0.15641753836461275,0.13967027511193386,0.3025812384766307,0.42134324744959306,0.28786492034605254,5.075892627344777e-05,0.0046272330396002264,91.16097166186026,4.627233039600227e-11,0,91.16097166186026,42,14,100,20260803
cac40_full,23,250,397,2.5 BAHC (100 bootstraps),test,2022-09-30,2022-10-03,2022-11-29,0.8400176974659337,-7.5635829110518475,8.168383998925895e-05,0.1434723934326505,5.446711592329022e-05,0.11715678901655309,0.17488065085860927,0.3802140048673322,0.37202266417753677,0.3090391066344928,4.9191918055064855e-05,0.004789131221652153,97.35605788518463,4.789131221652153e-11,0,97.35605788518463,42,14,100,20260803
cac40_full,23,250,398,2.5 BAHC (100 bootstraps),test,2022-10-20,2022-10-21,2022-12-19,1.1630118312748945,-7.609965840127252,7.963721211838828e-05,0.14166360666675773,5.1103095697589984e-05,0.1134811883784827,0.23304939138470693,0.3938305377180526,0.3696978062576968,0.33219257845348543,5.271504051812456e-05,0.004919702229698723,93.32634825552726,4.919702229698723e-11,0,93.32634825552726,42,14,100,20260803
cac40_full,23,250,399,2.5 BAHC (100 bootstraps),test,2022-11-09,2022-11-10,2023-01-09,1.0781967679624254,-7.715662712946915,9.298781099676396e-05,0.15307817731859927,6.77954854606897e-05,0.13070754506184332,0.1833532800567803,0.3653752611677487,0.3681662288934995,0.30563159003934287,4.319827971589054e-05,0.005020111271897436,116.21090712209036,5.020111271897436e-11,0,116.21090712209036,42,14,100,20260803
cac40_full,23,250,400,2.5 BAHC (100 bootstraps),test,2022-11-29,2022-11-30,2023-01-27,1.2471107706862519,-7.796602716720334,5.270032064676831e-05,0.11524096842263004,5.44613539485887e-05,0.11715059195345259,0.11676827030075376,0.3866916670764635,0.34011367027058265,0.28119120254926666,5.126895434941282e-05,0.004747276027037603,92.59553051703644,4.747276027037603e-11,0,92.59553051703644,42,14,100,20260803
cac40_full,23,250,401,2.5 BAHC (100 bootstraps),test,2022-12-19,2022-12-20,2023-02-16,1.5026220257123333,-7.6241541945039355,6.822253972497408e-05,0.13111857233318805,7.437193713722063e-05,0.13690043155001227,0.19092031387845876,0.343109013325177,0.4322116831452904,0.32208033678297543,5.308942595748362e-05,0.004723904571113513,88.98014031827405,4.7239045711135135e-11,0,88.98014031827405,42,14,100,20260803
cac40_full,23,250,402,2.5 BAHC (100 bootstraps),test,2023-01-09,2023-01-10,2023-03-08,2.2301286002086584,-7.596774424595865,5.704045765614304e-05,0.11989243232726596,5.78668665949455e-05,0.12075781706343595,0.1951970663002741,0.4847500141311598,0.46845005392693345,0.3827990447861225,5.26898731741969e-05,0.0048448813108047505,91.95090097839463,4.8448813108047506e-11,0,91.95090097839463,42,14,100,20260803
cac40_full,23,250,403,2.5 BAHC (100 bootstraps),test,2023-01-27,2023-01-30,2023-03-28,0.5211293890044834,-7.551604096654471,6.406849003824735e-05,0.12706399761395173,7.21383683159576e-05,0.1348290355065307,0.1305633148933355,0.3399873667018203,0.404970269892127,0.2918403171624276,5.079431405303734e-05,0.004651949491532823,91.58405971730316,4.651949491532823e-11,0,91.58405971730316,42,14,100,20260803
cac40_full,23,250,404,2.5 BAHC (100 bootstraps),test,2023-02-16,2023-02-17,2023-04-19,0.57061688287353,-7.721749998639315,4.568486667584517e-05,0.10729672130271728,3.898573323124866e-05,0.09911813544591455,0.20187906819228252,0.2755742859358589,0.34987967060092745,0.27577767490968963,6.192320862120502e-05,0.0041638843028380295,67.24270908358818,4.16388430283803e-11,0,67.24270908358818,42,14,100,20260803
cac40_full,23,250,405,2.5 BAHC (100 bootstraps),test,2023-03-08,2023-03-09,2023-05-10,0.5469532891548686,-7.733043452070641,5.089056005420274e-05,0.11324496074289174,4.4667397232997565e-05,0.10609516531263517,0.17160351342709135,0.2699143233773548,0.2874450435064615,0.24298762677030253,5.907402010483766e-05,0.0031140569811863934,52.714492354844474,3.1140569811863936e-11,0,52.714492354844474,42,14,100,20260803
cac40_full,23,250,406,2.5 BAHC (100 bootstraps),test,2023-03-28,2023-03-29,2023-05-30,1.2004792107861184,-7.853490499028743,5.623805702440236e-05,0.11904616906960674,3.733308607907065e-05,0.09699452403061631,0.15852705381986543,0.23200483772680203,0.3560901890234729,0.24887402685671345,5.9262958564477444e-05,0.003370933561524133,56.88095301311349,3.370933561524133e-11,0,56.88095301311349,42,14,100,20260803
cac40_full,23,250,407,2.5 BAHC (100 bootstraps),test,2023-04-19,2023-04-20,2023-06-19,1.0769376569358486,-7.858293691499117,4.510353252661321e-05,0.1066118670538441,3.314452962064399e-05,0.09139158311574587,0.08784140180457267,0.24275155668930237,0.36719196087323264,0.23259497312236924,5.9967797123999536e-05,0.0033009436900227067,55.045271768064424,3.3009436900227067e-11,0,55.045271768064424,42,14,100,20260803
cac40_full,23,250,408,2.5 BAHC (100 bootstraps),test,2023-05-10,2023-05-11,2023-07-07,0.8343236805742344,-7.958700770837602,4.555031610917482e-05,0.10713860023125212,3.777170647138227e-05,0.0975626466983565,0.02488796472611976,0.37803162164322157,0.38000618260502766,0.26097525632478963,5.52825662259633e-05,0.0031374399266297856,56.7527909939227,3.137439926629786e-11,0,56.7527909939227,42,14,100,20260803
cac40_full,23,250,409,2.5 BAHC (100 bootstraps),test,2023-05-30,2023-05-31,2023-07-27,0.7941563794282344,-7.930027824780982,4.5004274760429427e-05,0.10649449394042969,3.882057079921856e-05,0.09890795641101416,0.05725654171289474,0.48293431446432394,0.4484053521435158,0.3295320694402448,5.643978833370109e-05,0.003072550515848758,54.43944080162486,3.072550515848758e-11,0,54.43944080162486,42,14,100,20260803
cac40_full,23,250,410,2.5 BAHC (100 bootstraps),test,2023-06-19,2023-06-20,2023-08-16,0.8391846981656701,-7.987799758089763,4.70645625446832e-05,0.10890486564548053,4.381929256311518e-05,0.10508311817749331,0.08109308583562658,0.4383666324219459,0.4688702836040027,0.32944333395385833,5.572267667692342e-05,0.0028290725529803184,50.77057890422428,2.8290725529803184e-11,0,50.77057890422428,42,14,100,20260803
cac40_full,23,250,411,2.5 BAHC (100 bootstraps),test,2023-07-07,2023-07-10,2023-09-05,1.2441828215520379,-8.019635737996055,3.5616622130903786e-05,0.09473852847172451,3.264577538596237e-05,0.09070135278628713,0.12638370529679233,0.5820160037715885,0.48235816472104465,0.3969192912631418,5.340616429900459e-05,0.0025745315886226755,48.20663723776659,2.5745315886226757e-11,0,48.20663723776659,42,14,100,20260803
cac40_full,23,250,412,2.5 BAHC (100 bootstraps),test,2023-07-27,2023-07-28,2023-09-25,1.2674997222201014,-8.004306356797747,3.766104511049347e-05,0.0974196251678498,3.458421183854264e-05,0.09335535005189978,0.21605790409769943,0.4587398901348536,0.29497693566716016,0.32325824329990444,5.356015463765158e-05,0.0025280650618406185,47.200481009504884,2.5280650618406187e-11,0,47.200481009504884,42,14,100,20260803
cac40_full,23,250,413,2.5 BAHC (100 bootstraps),test,2023-08-16,2023-08-17,2023-10-13,0.9571927057824045,-8.038515738732928,2.9755823257865107e-05,0.08659369180824898,3.0861714808407894e-05,0.08818816321774023,0.16659745838698414,0.2869143396985156,0.25196953295716257,0.23516044368088743,6.203748666257262e-05,0.0025699597306499578,41.425916311345695,2.5699597306499577e-11,0,41.425916311345695,42,14,100,20260803
cac40_full,23,250,414,2.5 BAHC (100 bootstraps),test,2023-09-05,2023-09-06,2023-11-02,0.7292028989837575,-7.646884237661086,6.243799606734444e-05,0.12543673707877928,7.356624207447253e-05,0.13615686909872407,0.13146148217946396,0.5859520952557881,0.3231746157282432,0.34686273105449844,6.153325785906197e-05,0.0023829362217677045,38.72598826516985,2.3829362217677044e-11,0,38.72598826516985,42,14,100,20260803
cac40_full,23,250,415,2.5 BAHC (100 bootstraps),test,2023-09-25,2023-09-26,2023-11-22,0.7356363905824481,-7.705901982906356,4.492582588923454e-05,0.10640163590888584,4.628561877142392e-05,0.10799988856660375,0.1772932473644241,0.47563959791804766,0.4779389301129519,0.3769572584651412,5.853545567361996e-05,0.0021598117277109147,36.8974957631409,2.1598117277109147e-11,0,36.8974957631409,42,14,100,20260803
cac40_full,23,250,416,2.5 BAHC (100 bootstraps),test,2023-10-13,2023-10-16,2023-12-12,0.9772409895208766,-7.794092630239865,3.5559924780452956e-05,0.09466309230462602,4.242066390888584e-05,0.1033924915312482,0.9549002765903091,0.5583578294951853,0.43428941823827366,0.6491825081079227,5.559636795580429e-05,0.0020861505388568807,37.52314432689637,2.0861505388568806e-11,0,37.52314432689637,42,14,100,20260803
cac40_full,23,250,417,2.5 BAHC (100 bootstraps),test,2023-11-02,2023-11-03,2024-01-04,1.0650632740844295,-8.112195332913727,2.515978054252798e-05,0.07962577909645249,1.5586868280867744e-05,0.06267288733398735,0.37274792280808866,0.3761164210949839,0.4805065710627914,0.4097903049886213,5.345582259983598e-05,0.0020268794454937405,37.916906838507046,2.0268794454937404e-11,0,37.916906838507046,42,14,100,20260803
cac40_full,23,250,418,2.5 BAHC (100 bootstraps),test,2023-11-22,2023-11-23,2024-01-24,1.0610713315732838,-8.117729737738603,2.5640739744118813e-05,0.08038324710732915,1.64719027971646e-05,0.06442762998035453,0.23459931323816852,0.3828770562204778,0.48344106666921,0.3669724787092854,4.9685268141541587e-05,0.0020025345964408145,40.30439346198287,2.0025345964408146e-11,0,40.30439346198287,42,14,100,20260803
cac40_full,23,250,419,2.5 BAHC (100 bootstraps),test,2023-12-12,2023-12-13,2024-02-13,0.7987138736838721,-7.682167218764522,3.4311902308161826e-05,0.0929870925540571,2.0636979939870586e-05,0.07211462365461936,0.3606424053676591,0.32509966730864753,0.4275295545598266,0.37109054241204437,5.0131154739443716e-05,0.0018734291150843043,37.370555791531984,1.8734291150843042e-11,0,37.370555791531984,42,14,100,20260803
cac40_full,23,250,420,2.5 BAHC (100 bootstraps),test,2024-01-04,2024-01-05,2024-03-04,0.8900250477864154,-7.499067624649321,3.74407600760809e-05,0.09713429641054898,2.3124634648339664e-05,0.07633746086543353,0.4083325130959192,0.48646055757677903,0.46881073889665087,0.45453460318978306,5.355480580610236e-05,0.001801505314258106,33.638536955591604,1.801505314258106e-11,0,33.638536955591604,42,14,100,20260803
cac40_full,23,250,421,2.5 BAHC (100 bootstraps),test,2024-01-24,2024-01-25,2024-03-22,0.9586788489514094,-7.458957753888863,3.513845585996391e-05,0.09410042973712131,2.0294678088082587e-05,0.0715140467194859,0.6708733523996147,0.3382777650788132,0.5102405907388726,0.5064639027391001,4.7548622651015186e-05,0.0018006102164188724,37.8688196634951,1.8006102164188724e-11,0,37.8688196634951,42,14,100,20260803
cac40_full,23,250,422,2.5 BAHC (100 bootstraps),test,2024-02-13,2024-02-14,2024-04-15,1.2194509140636276,-7.816657961463768,2.781121077122222e-05,0.08371633720097887,1.951602879686141e-05,0.07012873346075113,0.34841107861589404,0.4701964165200146,0.5542755459518409,0.45762768036258317,4.69830513930873e-05,0.0017537126533018362,37.326495434050564,1.7537126533018362e-11,0,37.326495434050564,42,14,100,20260803
cac40_full,23,250,423,2.5 BAHC (100 bootstraps),test,2024-03-04,2024-03-05,2024-05-06,0.9630743654955328,-7.894207516274289,2.744300908688114e-05,0.08316031679770133,2.1068052210403283e-05,0.07286390846654897,0.32294152343323657,0.38982475866984756,0.417935171543073,0.3769004845487191,5.2007335684801786e-05,0.0017083585230688076,32.84841456640981,1.7083585230688077e-11,0,32.84841456640981,42,14,100,20260803
cac40_full,23,250,424,2.5 BAHC (100 bootstraps),test,2024-03-22,2024-03-25,2024-05-24,0.7540187786858636,-8.004856647084349,2.3767132883727054e-05,0.07739068087760449,1.9710106856407026e-05,0.07047657006278449,0.1271946329449406,0.5423812495845534,0.5319321844051815,0.4005026889782252,5.0606279928529964e-05,0.0012233974929661104,24.174815748043233,1.2233974929661104e-11,0,24.174815748043233,42,14,100,20260803
cac40_full,23,250,425,2.5 BAHC (100 bootstraps),test,2024-04-15,2024-04-16,2024-06-13,0.5685773435564503,-7.857948458401422,4.312973334048484e-05,0.1042530229863968,4.072602628158426e-05,0.10130626151901587,0.18901691313758195,0.5322914647378417,0.4144324105073449,0.3785802627942562,5.214202355730086e-05,0.0012062699997157941,23.134315038429186,1.2062699997157941e-11,0,23.134315038429186,42,14,100,20260803
cac40_full,23,250,426,2.5 BAHC (100 bootstraps),test,2024-05-06,2024-05-07,2024-07-03,0.6232099055063569,-7.910559518203248,6.27327463270248e-05,0.12573246229359483,5.863439774527477e-05,0.12155602918740493,0.23088024385255201,0.5395867077292855,0.44400691819884486,0.4048246232602275,5.0454211012898197e-05,0.0012183808609537415,24.148249204457336,1.2183808609537415e-11,0,24.148249204457336,42,14,100,20260803
cac40_full,23,250,427,2.5 BAHC (100 bootstraps),test,2024-05-24,2024-05-27,2024-07-23,0.6090902938837172,-7.902489405169139,6.198911745679503e-05,0.12498502949998591,5.9972272722155454e-05,0.12293499390321364,0.17451447369743012,0.4436158942366788,0.41931794147124846,0.34581610313511907,4.9284294579393964e-05,0.0011649783756639868,23.637923310179033,1.1649783756639869e-11,0,23.637923310179033,42,14,100,20260803
cac40_full,23,250,428,2.5 BAHC (100 bootstraps),test,2024-06-13,2024-06-14,2024-08-12,0.6220250672207189,-7.873606735383942,5.7051318082133075e-05,0.11990384546251023,5.672923789019019e-05,0.119564911024631,0.09283571079180386,0.46398514510613714,0.5068370107462629,0.35455262221473466,4.931103505026463e-05,0.0011934272176598259,24.202031379858884,1.193427217659826e-11,0,24.202031379858884,42,14,100,20260803
cac40_full,23,250,429,2.5 BAHC (100 bootstraps),test,2024-07-03,2024-07-04,2024-08-30,0.5279803705447135,-8.096995294433775,3.0353011880987993e-05,0.08745832718505982,3.243443897432458e-05,0.09040729296649576,0.07515832343241213,0.4629406467630222,0.40651419901160457,0.3148710564023463,5.200139170584459e-05,0.0011966005765200233,23.010933693636776,1.1966005765200234e-11,0,23.010933693636776,42,14,100,20260803
cac40_full,23,250,430,2.5 BAHC (100 bootstraps),test,2024-07-23,2024-07-24,2024-09-19,0.5937219987120063,-8.00862415523935,2.649393182271697e-05,0.08170967396413155,2.7353273663546946e-05,0.08302424322578213,0.1434659946334329,0.509858365667924,0.46628270250496257,0.3732023542687732,5.2087255276902e-05,0.0011899443912715918,22.84521203787197,1.1899443912715919e-11,0,22.84521203787197,42,14,100,20260803
cac40_full,23,250,431,2.5 BAHC (100 bootstraps),test,2024-08-12,2024-08-13,2024-10-09,0.5447090310244694,-8.023291855483265,2.2295396222827208e-05,0.0749562528956221,2.201890033580975e-05,0.07449001869125861,0.15574332430691584,0.31035149226790776,0.35931021160428517,0.27513500939303626,5.470722713743836e-05,0.001331591573688019,24.340322903639862,1.331591573688019e-11,0,24.340322903639862,42,14,100,20260803
cac40_full,23,250,432,2.5 BAHC (100 bootstraps),test,2024-08-30,2024-09-02,2024-10-29,0.5736891037450519,-7.779159156716704,2.37256742567065e-05,0.07732315250098147,2.1572683970848216e-05,0.0737313797555271,0.18774781964657028,0.35540469343345177,0.4158238750468844,0.31965879604230213,5.2407067959066775e-05,0.0013433619628303844,25.633221150239407,1.3433619628303844e-11,0,25.633221150239407,42,14,100,20260803
cac40_full,23,250,433,2.5 BAHC (100 bootstraps),test,2024-09-19,2024-09-20,2024-11-18,0.6206683787326363,-7.489915484562118,3.882344976005243e-05,0.09891162388482565,3.492121241403123e-05,0.09380909086189819,0.2102369033482473,0.303690336421692,0.3836413229937161,0.2991895209212185,5.360542895787009e-05,0.0013162431510971848,24.55428818845298,1.3162431510971849e-11,0,24.55428818845298,42,14,100,20260803
cac40_full,23,250,434,2.5 BAHC (100 bootstraps),test,2024-10-09,2024-10-10,2024-12-06,0.5038966026648976,-7.5880457454280315,3.564193558355301e-05,0.09477218878476616,3.0250511714169156e-05,0.08731053173569972,0.10808713386712587,0.38217396165788076,0.40680626620345106,0.2990224539094859,4.846346888962456e-05,0.0014076044842101733,29.044649845762986,1.4076044842101733e-11,0,29.044649845762986,42,14,100,20260803
cac40_full,23,250,435,2.5 BAHC (100 bootstraps),test,2024-10-29,2024-10-30,2024-12-30,0.48533988834132247,-7.760600623690875,3.522136275547981e-05,0.0942113762471439,3.1758312944247024e-05,0.08946001823133197,0.06732975032110211,0.47305502398380583,0.42029941785511,0.3202280640533393,4.9462595780134e-05,0.0013695394851258628,27.688386820893864,1.3695394851258627e-11,0,27.688386820893864,42,14,100,20260803
cac40_full,23,250,436,2.5 BAHC (100 bootstraps),test,2024-11-18,2024-11-19,2025-01-20,0.4210677885310563,-8.040407263522168,2.8035061014131527e-05,0.08405257506799625,2.833641676542438e-05,0.08450311843291314,0.049924539477554375,0.3726400549566415,0.3025357440628043,0.2417001128323334,4.9795716262776494e-05,0.001438349623868807,28.8850072218764,1.4383496238688071e-11,0,28.8850072218764,42,14,100,20260803
cac40_full,23,250,437,2.5 BAHC (100 bootstraps),test,2024-12-06,2024-12-09,2025-02-07,0.5012117021057679,-7.803046405882914,2.855349926353326e-05,0.08482618590040684,2.7289859174584328e-05,0.08292794771363422,0.11264389111137663,0.4290290106632247,0.3885434972750747,0.3100721330165587,4.919544139398545e-05,0.0014456218290273214,29.38528018175401,1.4456218290273214e-11,0,29.38528018175401,42,14,100,20260803
cac40_full,23,250,438,2.5 BAHC (100 bootstraps),test,2024-12-30,2024-12-31,2025-02-27,0.5940427021035272,-7.358728764317695,2.6216280264056867e-05,0.08128039509341924,2.1443368529453872e-05,0.07351005964779499,0.19269929794859342,0.4818154147730016,0.33693574280067967,0.33715015184075825,5.0089401484937514e-05,0.001485754476946668,29.662052907409013,1.485754476946668e-11,0,29.662052907409013,42,14,100,20260803
cac40_full,23,250,439,2.5 BAHC (100 bootstraps),test,2025-01-20,2025-01-21,2025-03-19,0.6583333401986522,-6.994466609139023,3.398468947965123e-05,0.09254264827025488,2.124235818300347e-05,0.07316470639671066,0.2636673416486105,0.4277906120263852,0.4006131144535718,0.3640236893761892,5.190400625110397e-05,0.0014914603392306189,28.734975331483135,1.4914603392306188e-11,0,28.734975331483135,42,14,100,20260803
cac40_full,23,250,440,2.5 BAHC (100 bootstraps),test,2025-02-07,2025-02-10,2025-04-08,0.7192870615728091,-6.958526074103189,0.00010848172621279099,0.16534024012811682,8.85074131304506e-05,0.1493447960555491,0.17870804358516523,0.4344341913396539,0.43470416285871033,0.34928213259450985,5.2855525777249824e-05,0.0015867623971997508,30.020747573051825,1.5867623971997507e-11,0,30.020747573051825,42,14,100,20260803
cac40_full,23,250,441,2.5 BAHC (100 bootstraps),test,2025-02-27,2025-02-28,2025-04-30,0.7741443687969388,-7.019964396794118,0.0001409734117527486,0.18848156345301426,0.00012286676802266842,0.175961431972215,0.18531232504117756,0.384188798744602,0.42720468208980106,0.33223526862519354,4.1109464744224694e-05,0.001673968638677788,40.71978677155988,1.673968638677788e-11,0,40.71978677155988,42,14,100,20260803
cac40_full,23,250,442,2.5 BAHC (100 bootstraps),test,2025-03-19,2025-03-20,2025-05-21,0.7311489340315451,-7.290461373927636,0.00014265786678358607,0.18960427851043785,0.00013199779531958858,0.18238268673461394,0.1060818420860663,0.3885326491924344,0.38847629348991425,0.294363594922805,4.1545803800913344e-05,0.0017814421981432597,42.878992224579285,1.7814421981432598e-11,0,42.878992224579285,42,14,100,20260803
cac40_full,23,250,443,2.5 BAHC (100 bootstraps),test,2025-04-08,2025-04-09,2025-06-10,0.4464789451308925,-7.687719368899273,5.981588973692548e-05,0.1227746073653067,5.6788318766441085e-05,0.1196271554837912,0.09295401369544332,0.3781240797555758,0.3840780954843899,0.2850520629784697,4.249236337072957e-05,0.002210183324714788,52.0136596176538,2.210183324714788e-11,0,52.0136596176538,42,14,100,20260803
cac40_full,23,250,444,2.5 BAHC (100 bootstraps),test,2025-04-30,2025-05-02,2025-06-30,0.6512051734617157,-7.801134291506356,4.0198815074882686e-05,0.100648404850104,3.3125094308502745e-05,0.09136478405678357,0.19228879499732887,0.46684124280692885,0.4276094963385168,0.36224651138092484,4.179505350102772e-05,0.0024652103684757523,58.9833045294495,2.4652103684757523e-11,0,58.9833045294495,42,14,100,20260803
cac40_full,23,250,445,2.5 BAHC (100 bootstraps),test,2025-05-21,2025-05-22,2025-07-18,0.675516459223039,-7.71470805007319,1.839393922466018e-05,0.06808283693130278,2.0606703665415726e-05,0.07206170497347925,0.21799873997500985,0.35541561589669585,0.3635090258663778,0.31230779391269453,4.699295111097085e-05,0.0025382108590999127,54.01258697514208,2.5382108590999127e-11,0,54.01258697514208,42,14,100,20260803
cac40_full,23,250,446,2.5 BAHC (100 bootstraps),test,2025-06-10,2025-06-11,2025-08-07,0.5655998712348567,-7.356059934656022,3.328146686433598e-05,0.091580181534067,2.8399760882379828e-05,0.08459751617133754,0.13408818643810938,0.36239734351593605,0.44056233561561164,0.312349288523219,3.6186552329500166e-05,0.002429518508104871,67.13871180605034,2.429518508104871e-11,0,67.13871180605034,42,14,100,20260803
cac40_full,23,250,447,2.5 BAHC (100 bootstraps),test,2025-06-30,2025-07-01,2025-08-27,0.5996193255981567,-7.4622555735504195,5.574427411545721e-05,0.11852239061500243,4.397612115381829e-05,0.10527099567669249,0.18328011450312454,0.4125524130816376,0.3677964539033322,0.32120966049603145,3.681471297894401e-05,0.002468509848124168,67.05226384722923,2.468509848124168e-11,0,67.05226384722923,42,14,100,20260803
cac40_full,23,250,448,2.5 BAHC (100 bootstraps),test,2025-07-18,2025-07-21,2025-09-16,0.700750587857682,-7.5406176450465425,5.394711062252135e-05,0.11659619151960059,4.04317349615173e-05,0.10093957207310895,0.18410136272285926,0.39174582999403645,0.4393541935525642,0.33840046208982,3.6659721970602825e-05,0.002481491730218795,67.68986770299801,2.481491730218795e-11,0,67.68986770299801,42,14,100,20260803
cac40_full,23,250,449,2.5 BAHC (100 bootstraps),test,2025-08-07,2025-08-08,2025-10-06,0.9118075217593903,-7.834819204803865,4.6438375494571314e-05,0.10817795812748533,3.829580568154929e-05,0.0982371774418953,0.26373692357668177,0.46482345772313854,0.4015936010688466,0.3767179941228889,4.326399421401172e-05,0.002399303188330508,55.45727415878436,2.399303188330508e-11,0,55.45727415878436,42,14,100,20260803
cac40_full,23,250,450,2.5 BAHC (100 bootstraps),test,2025-08-27,2025-08-28,2025-10-24,0.8976033969576755,-7.492930930998967,3.661173266390142e-05,0.09605288455482822,2.924596650712145e-05,0.08584860837424568,0.25317867022885554,0.3982758543452683,0.5176998403876283,0.3897181216539174,4.791379192750284e-05,0.002472868153712783,51.610779573748154,2.472868153712783e-11,0,51.610779573748154,42,14,100,20260803
cac40_full,23,250,451,2.5 BAHC (100 bootstraps),test,2025-09-16,2025-09-17,2025-11-13,0.7639463872132528,-7.530780401297391,3.659958409904697e-05,0.0960369470201955,2.9068814396851524e-05,0.08558820729520267,0.16507562724810476,0.3960543636836236,0.5320282219146134,0.36438607094878056,4.6773064640833404e-05,0.0023864420827240276,51.02171732917918,2.3864420827240277e-11,0,51.02171732917918,42,14,100,20260803
cac40_full,23,250,452,2.5 BAHC (100 bootstraps),test,2025-10-06,2025-10-07,2025-12-03,0.7104130058446955,-7.561823627501033,3.994688439531464e-05,0.10033252148540517,3.318122923654944e-05,0.09144216624517629,0.16486984273439254,0.3789476999529591,0.5053446558187724,0.3497207328353747,4.475633776950032e-05,0.0022947580232524512,51.27224740930967,2.2947580232524513e-11,0,51.27224740930967,42,14,100,20260803
cac40_full,23,250,453,2.5 BAHC (100 bootstraps),test,2025-10-24,2025-10-27,2025-12-23,1.0678765537088502,-7.924131912447522,3.0306915204806316e-05,0.0873918911090222,2.6546275920172e-05,0.08179035109279911,0.15713045486573707,0.5727291051154167,0.3763734562240218,0.3687443387350586,5.612353362189683e-05,0.002347614050081233,41.82940557337433,2.347614050081233e-11,0,41.82940557337433,42,14,100,20260803
cac40_full,23,250,454,2.5 BAHC (100 bootstraps),test,2025-11-13,2025-11-14,2026-01-15,1.250449186566174,-7.79776329766835,3.065658259805041e-05,0.0878945892231638,2.7616227259247504e-05,0.08342235473379046,0.22116909248263816,0.5189012456519749,0.45140742390533933,0.3971592540133175,5.3778778048859294e-05,0.0022926008232721884,42.63021411883524,2.2926008232721883e-11,0,42.63021411883524,42,14,100,20260803
cac40_full,23,250,455,2.5 BAHC (100 bootstraps),test,2025-12-03,2025-12-04,2026-02-04,0.993983743656195,-7.528113657086199,5.199709809449979e-05,0.11446951000075936,4.801537359816122e-05,0.10999942793822441,0.2795427430197345,0.5897629133111321,0.4691148029530366,0.44614015309463434,5.478016936347431e-05,0.002277222403210951,41.570196472034475,2.277222403210951e-11,0,41.570196472034475,42,14,100,20260803
cac40_full,23,250,456,2.5 BAHC (100 bootstraps),test,2025-12-23,2025-12-24,2026-02-24,0.9307853048780146,-7.055488843929292,5.9929373006192694e-05,0.12289101674882733,5.4748599807940225e-05,0.11745912970731963,0.5500655740833711,0.6398135574311937,0.550432813667422,0.580103981727329,5.973337546338721e-05,0.002268646203122388,37.97954134557363,2.268646203122388e-11,0,37.97954134557363,42,14,100,20260803
cac40_full,23,250,457,2.5 BAHC (100 bootstraps),test,2026-01-15,2026-01-16,2026-03-16,0.5947716192019825,-6.935970751059763,8.216963148697909e-05,0.14389839170303026,8.270211315765967e-05,0.14436388923733745,0.1753122508581807,0.5150797277137253,0.5521895464066086,0.41419384165950485,5.411445145355218e-05,0.0021911313907349897,40.490688381378014,2.1911313907349898e-11,0,40.490688381378014,42,14,100,20260803
cac40_full,23,250,458,2.5 BAHC (100 bootstraps),test,2026-02-04,2026-02-05,2026-04-07,0.6055237740950202,-7.032149090743477,7.524005260751085e-05,0.13769710693072942,7.575929090495744e-05,0.13817142001169877,0.22561027048126214,0.5429883333511561,0.4459480188659533,0.40484887423279053,5.6811163768670495e-05,0.0021359001486790504,37.59648644721004,2.1359001486790504e-11,0,37.59648644721004,42,14,100,20260803
cac40_full,23,250,459,2.5 BAHC (100 bootstraps),test,2026-02-24,2026-02-25,2026-04-27,0.7120175573322239,-7.143676248855018,6.950414420095646e-05,0.1323444155929559,7.242363482125171e-05,0.13509535882092855,0.22593034602650763,0.6106403235871612,0.38976461890994946,0.40877842950787274,6.17185122787943e-05,0.0020913377714815305,33.88509693873628,2.0913377714815306e-11,0,33.88509693873628,42,14,100,20260803
cac40_full,23,250,460,2.5 BAHC (100 bootstraps),test,2026-03-16,2026-03-17,2026-05-18,0.7125183278164902,-7.1650681981938416,6.236293809565507e-05,0.12536131939360354,5.661436144309394e-05,0.11944379047761199,0.2678826400230774,0.5864627875319752,0.45508533190453493,0.43647691981986253,6.028039753686921e-05,0.002168904990201012,35.98027018442352,2.1689049902010122e-11,0,35.98027018442352,42,14,100,20260803
cac40_full,23,250,461,2.5 BAHC (100 bootstraps),test,2026-04-07,2026-04-08,2026-06-05,0.7325983426977271,-7.1880589932283225,4.5187919018448e-05,0.10671155322948352,3.9540485100644046e-05,0.09982085075455077,0.22134217461628747,0.5994757915894466,0.3577584438365493,0.3928588033474278,5.9104125497480404e-05,0.0016357794546607938,27.676231411807738,1.635779454660794e-11,0,27.676231411807738,42,14,100,20260803
cac40_full,23,250,462,2.5 BAHC (100 bootstraps),test,2026-04-27,2026-04-28,2026-06-25,0.598572781993673,-7.3786969053613465,4.7711046819610354e-05,0.10965027951875822,4.382096346186648e-05,0.10508512165092807,0.21215029584204625,0.5482383501095179,0.25120628273300866,0.3371983095615243,6.010235203410529e-05,0.0018814398016996931,31.303929680356994,1.8814398016996933e-11,0,31.303929680356994,42,14,100,20260803
cac40_full,23,250,463,2.5 BAHC (100 bootstraps),test,2026-05-18,2026-05-19,2026-07-15,0.5381482842161046,-7.477511808139434,4.422224150210602e-05,0.10556516877517279,4.074670133842026e-05,0.10133197292701798,0.18322168362521352,0.4029888209166718,0.19575845797898608,0.26065632084029045,6.302849056285234e-05,0.001962198757840941,31.13193319907013,1.9621987578409413e-11,0,31.13193319907013,42,14,100,20260803
