label,N,T,estimator,split,current_date,target_window_start,target_date,example,component,loss
sp500_full,357,357,1.4 HCAL Flag,test,2019-11-08,2018-08-10,2020-01-10,328,market_1,0.03242374209829235
sp500_full,357,357,1.4 HCAL Flag,test,2019-11-08,2018-08-10,2020-01-10,328,block_2_3,0.36907116685015307
sp500_full,357,357,1.4 HCAL Flag,test,2019-11-08,2018-08-10,2020-01-10,328,block_4_6,0.5688587544287383
sp500_full,357,357,1.4 HCAL Flag,test,2019-11-08,2018-08-10,2020-01-10,328,top_3,0.2556961078329218
sp500_full,357,357,1.4 HCAL Flag,test,2019-11-08,2018-08-10,2020-01-10,328,top_6,0.3512351414940402
sp500_full,357,357,1.4 HCAL Flag,test,2019-11-08,2018-08-10,2020-01-10,328,flag_nested,0.21311833047508477
sp500_full,357,357,1.4 HCAL Flag,test,2019-11-29,2018-08-30,2020-01-31,329,market_1,0.030070568401381337
sp500_full,357,357,1.4 HCAL Flag,test,2019-11-29,2018-08-30,2020-01-31,329,block_2_3,0.37921921668978487
sp500_full,357,357,1.4 HCAL Flag,test,2019-11-29,2018-08-30,2020-01-31,329,block_4_6,0.5844319815257835
sp500_full,357,357,1.4 HCAL Flag,test,2019-11-29,2018-08-30,2020-01-31,329,top_3,0.2621486585505215
sp500_full,357,357,1.4 HCAL Flag,test,2019-11-29,2018-08-30,2020-01-31,329,top_6,0.35402032592011534
sp500_full,357,357,1.4 HCAL Flag,test,2019-11-29,2018-08-30,2020-01-31,329,flag_nested,0.21541318429067272
sp500_full,357,357,1.4 HCAL Flag,test,2019-12-19,2018-09-20,2020-02-21,330,market_1,0.03200718714990336
sp500_full,357,357,1.4 HCAL Flag,test,2019-12-19,2018-09-20,2020-02-21,330,block_2_3,0.3490995730066192
sp500_full,357,357,1.4 HCAL Flag,test,2019-12-19,2018-09-20,2020-02-21,330,block_4_6,0.5858501870371008
sp500_full,357,357,1.4 HCAL Flag,test,2019-12-19,2018-09-20,2020-02-21,330,top_3,0.24220113380846056
sp500_full,357,357,1.4 HCAL Flag,test,2019-12-19,2018-09-20,2020-02-21,330,top_6,0.3711774711558589
sp500_full,357,357,1.4 HCAL Flag,test,2019-12-19,2018-09-20,2020-02-21,330,flag_nested,0.21512859737140758
sp500_full,357,357,1.4 HCAL Flag,test,2020-01-10,2018-10-10,2020-03-12,331,market_1,0.025116658951336412
sp500_full,357,357,1.4 HCAL Flag,test,2020-01-10,2018-10-10,2020-03-12,331,block_2_3,0.42564890404227407
sp500_full,357,357,1.4 HCAL Flag,test,2020-01-10,2018-10-10,2020-03-12,331,block_4_6,0.633561741357546
sp500_full,357,357,1.4 HCAL Flag,test,2020-01-10,2018-10-10,2020-03-12,331,top_3,0.29123649779004185
sp500_full,357,357,1.4 HCAL Flag,test,2020-01-10,2018-10-10,2020-03-12,331,top_6,0.38333612920606774
sp500_full,357,357,1.4 HCAL Flag,test,2020-01-10,2018-10-10,2020-03-12,331,flag_nested,0.233229761982482
sp500_full,357,357,1.4 HCAL Flag,test,2020-01-31,2018-10-30,2020-04-02,332,market_1,0.026738759030685122
sp500_full,357,357,1.4 HCAL Flag,test,2020-01-31,2018-10-30,2020-04-02,332,block_2_3,0.4516311217309439
sp500_full,357,357,1.4 HCAL Flag,test,2020-01-31,2018-10-30,2020-04-02,332,block_4_6,0.7494482062980415
sp500_full,357,357,1.4 HCAL Flag,test,2020-01-31,2018-10-30,2020-04-02,332,top_3,0.3077006523861403
sp500_full,357,357,1.4 HCAL Flag,test,2020-01-31,2018-10-30,2020-04-02,332,top_6,0.4500111046486299
sp500_full,357,357,1.4 HCAL Flag,test,2020-01-31,2018-10-30,2020-04-02,332,flag_nested,0.2614835053551518
sp500_full,357,357,1.4 HCAL Flag,test,2020-02-21,2018-11-19,2020-04-23,333,market_1,0.03551850770678011
sp500_full,357,357,1.4 HCAL Flag,test,2020-02-21,2018-11-19,2020-04-23,333,block_2_3,0.43338598652784943
sp500_full,357,357,1.4 HCAL Flag,test,2020-02-21,2018-11-19,2020-04-23,333,block_4_6,0.7149899305350368
sp500_full,357,357,1.4 HCAL Flag,test,2020-02-21,2018-11-19,2020-04-23,333,top_3,0.29287068151966134
sp500_full,357,357,1.4 HCAL Flag,test,2020-02-21,2018-11-19,2020-04-23,333,top_6,0.46141820709308495
sp500_full,357,357,1.4 HCAL Flag,test,2020-02-21,2018-11-19,2020-04-23,333,flag_nested,0.2632691321065088
sp500_full,357,357,1.4 HCAL Flag,test,2020-03-12,2018-12-11,2020-05-13,334,market_1,0.028223012648592394
sp500_full,357,357,1.4 HCAL Flag,test,2020-03-12,2018-12-11,2020-05-13,334,block_2_3,0.4439144614222541
sp500_full,357,357,1.4 HCAL Flag,test,2020-03-12,2018-12-11,2020-05-13,334,block_4_6,0.7031655490317767
sp500_full,357,357,1.4 HCAL Flag,test,2020-03-12,2018-12-11,2020-05-13,334,top_3,0.3020775963024926
sp500_full,357,357,1.4 HCAL Flag,test,2020-03-12,2018-12-11,2020-05-13,334,top_6,0.4637770621674928
sp500_full,357,357,1.4 HCAL Flag,test,2020-03-12,2018-12-11,2020-05-13,334,flag_nested,0.26469255703952593
sp500_full,357,357,1.4 HCAL Flag,test,2020-04-02,2019-01-02,2020-06-03,335,market_1,0.023911327641446656
sp500_full,357,357,1.4 HCAL Flag,test,2020-04-02,2019-01-02,2020-06-03,335,block_2_3,0.4970615414041528
sp500_full,357,357,1.4 HCAL Flag,test,2020-04-02,2019-01-02,2020-06-03,335,block_4_6,0.6868958931016108
sp500_full,357,357,1.4 HCAL Flag,test,2020-04-02,2019-01-02,2020-06-03,335,top_3,0.3374230086292136
sp500_full,357,357,1.4 HCAL Flag,test,2020-04-02,2019-01-02,2020-06-03,335,top_6,0.4421580679482357
sp500_full,357,357,1.4 HCAL Flag,test,2020-04-02,2019-01-02,2020-06-03,335,flag_nested,0.26783080140629867
sp500_full,357,357,1.4 HCAL Flag,test,2020-04-23,2019-01-23,2020-06-23,336,market_1,0.02567210217889415
sp500_full,357,357,1.4 HCAL Flag,test,2020-04-23,2019-01-23,2020-06-23,336,block_2_3,0.47524529391307224
sp500_full,357,357,1.4 HCAL Flag,test,2020-04-23,2019-01-23,2020-06-23,336,block_4_6,0.7258419193996195
sp500_full,357,357,1.4 HCAL Flag,test,2020-04-23,2019-01-23,2020-06-23,336,top_3,0.3238362898067539
sp500_full,357,357,1.4 HCAL Flag,test,2020-04-23,2019-01-23,2020-06-23,336,top_6,0.47035480888108966
sp500_full,357,357,1.4 HCAL Flag,test,2020-04-23,2019-01-23,2020-06-23,336,flag_nested,0.2732877336222459
sp500_full,357,357,1.4 HCAL Flag,test,2020-05-13,2019-02-12,2020-07-14,337,market_1,0.02450454991279305
sp500_full,357,357,1.4 HCAL Flag,test,2020-05-13,2019-02-12,2020-07-14,337,block_2_3,0.48928136192835125
sp500_full,357,357,1.4 HCAL Flag,test,2020-05-13,2019-02-12,2020-07-14,337,block_4_6,0.7374626090132786
sp500_full,357,357,1.4 HCAL Flag,test,2020-05-13,2019-02-12,2020-07-14,337,top_3,0.3333515826708051
sp500_full,357,357,1.4 HCAL Flag,test,2020-05-13,2019-02-12,2020-07-14,337,top_6,0.4895968508275981
sp500_full,357,357,1.4 HCAL Flag,test,2020-05-13,2019-02-12,2020-07-14,337,flag_nested,0.28248432780373206
sp500_full,357,357,1.4 HCAL Flag,test,2020-06-03,2019-03-05,2020-08-03,338,market_1,0.02431303458497558
sp500_full,357,357,1.4 HCAL Flag,test,2020-06-03,2019-03-05,2020-08-03,338,block_2_3,0.47603528176294074
sp500_full,357,357,1.4 HCAL Flag,test,2020-06-03,2019-03-05,2020-08-03,338,block_4_6,0.7538495955126114
sp500_full,357,357,1.4 HCAL Flag,test,2020-06-03,2019-03-05,2020-08-03,338,top_3,0.32482276649962377
sp500_full,357,357,1.4 HCAL Flag,test,2020-06-03,2019-03-05,2020-08-03,338,top_6,0.49712668012378985
sp500_full,357,357,1.4 HCAL Flag,test,2020-06-03,2019-03-05,2020-08-03,338,flag_nested,0.28208749373612974
sp500_full,357,357,1.4 HCAL Flag,test,2020-06-23,2019-03-25,2020-08-21,339,market_1,0.02372932183205234
sp500_full,357,357,1.4 HCAL Flag,test,2020-06-23,2019-03-25,2020-08-21,339,block_2_3,0.46594520940986905
sp500_full,357,357,1.4 HCAL Flag,test,2020-06-23,2019-03-25,2020-08-21,339,block_4_6,0.7304271422724015
sp500_full,357,357,1.4 HCAL Flag,test,2020-06-23,2019-03-25,2020-08-21,339,top_3,0.3180805629116696
sp500_full,357,357,1.4 HCAL Flag,test,2020-06-23,2019-03-25,2020-08-21,339,top_6,0.4862432499154339
sp500_full,357,357,1.4 HCAL Flag,test,2020-06-23,2019-03-25,2020-08-21,339,flag_nested,0.27601771155305194
sp500_full,357,357,1.4 HCAL Flag,test,2020-07-14,2019-04-12,2020-09-11,340,market_1,0.022494721202363732
sp500_full,357,357,1.4 HCAL Flag,test,2020-07-14,2019-04-12,2020-09-11,340,block_2_3,0.4448004913260156
sp500_full,357,357,1.4 HCAL Flag,test,2020-07-14,2019-04-12,2020-09-11,340,block_4_6,0.7990307513417313
sp500_full,357,357,1.4 HCAL Flag,test,2020-07-14,2019-04-12,2020-09-11,340,top_3,0.30365142095799297
sp500_full,357,357,1.4 HCAL Flag,test,2020-07-14,2019-04-12,2020-09-11,340,top_6,0.5086122621258519
sp500_full,357,357,1.4 HCAL Flag,test,2020-07-14,2019-04-12,2020-09-11,340,flag_nested,0.2782528014287362
sp500_full,357,357,1.4 HCAL Flag,test,2020-08-03,2019-05-03,2020-10-01,341,market_1,0.022585851156944337
sp500_full,357,357,1.4 HCAL Flag,test,2020-08-03,2019-05-03,2020-10-01,341,block_2_3,0.430338862535664
sp500_full,357,357,1.4 HCAL Flag,test,2020-08-03,2019-05-03,2020-10-01,341,block_4_6,0.8292836155034563
sp500_full,357,357,1.4 HCAL Flag,test,2020-08-03,2019-05-03,2020-10-01,341,top_3,0.2940609898751223
sp500_full,357,357,1.4 HCAL Flag,test,2020-08-03,2019-05-03,2020-10-01,341,top_6,0.5007907772188794
sp500_full,357,357,1.4 HCAL Flag,test,2020-08-03,2019-05-03,2020-10-01,341,flag_nested,0.2724792060836487
sp500_full,357,357,1.4 HCAL Flag,test,2020-08-21,2019-05-23,2020-10-21,342,market_1,0.021709012066505884
sp500_full,357,357,1.4 HCAL Flag,test,2020-08-21,2019-05-23,2020-10-21,342,block_2_3,0.42071578822515887
sp500_full,357,357,1.4 HCAL Flag,test,2020-08-21,2019-05-23,2020-10-21,342,block_4_6,0.8591595676156834
sp500_full,357,357,1.4 HCAL Flag,test,2020-08-21,2019-05-23,2020-10-21,342,top_3,0.28739049480023143
sp500_full,357,357,1.4 HCAL Flag,test,2020-08-21,2019-05-23,2020-10-21,342,top_6,0.5229581269279567
sp500_full,357,357,1.4 HCAL Flag,test,2020-08-21,2019-05-23,2020-10-21,342,flag_nested,0.2773525445982314
sp500_full,357,357,1.4 HCAL Flag,test,2020-09-11,2019-06-13,2020-11-10,343,market_1,0.02111031813046016
sp500_full,357,357,1.4 HCAL Flag,test,2020-09-11,2019-06-13,2020-11-10,343,block_2_3,0.4501085378851477
sp500_full,357,357,1.4 HCAL Flag,test,2020-09-11,2019-06-13,2020-11-10,343,block_4_6,0.7972403758384378
sp500_full,357,357,1.4 HCAL Flag,test,2020-09-11,2019-06-13,2020-11-10,343,top_3,0.3066505933843457
sp500_full,357,357,1.4 HCAL Flag,test,2020-09-11,2019-06-13,2020-11-10,343,top_6,0.48725740540717616
sp500_full,357,357,1.4 HCAL Flag,test,2020-09-11,2019-06-13,2020-11-10,343,flag_nested,0.27167277230732734
sp500_full,357,357,1.4 HCAL Flag,test,2020-10-01,2019-07-03,2020-12-01,344,market_1,0.02535153206415286
sp500_full,357,357,1.4 HCAL Flag,test,2020-10-01,2019-07-03,2020-12-01,344,block_2_3,0.3755118990841493
sp500_full,357,357,1.4 HCAL Flag,test,2020-10-01,2019-07-03,2020-12-01,344,block_4_6,0.7336353172483605
sp500_full,357,357,1.4 HCAL Flag,test,2020-10-01,2019-07-03,2020-12-01,344,top_3,0.25782758190103916
sp500_full,357,357,1.4 HCAL Flag,test,2020-10-01,2019-07-03,2020-12-01,344,top_6,0.4589297707109163
sp500_full,357,357,1.4 HCAL Flag,test,2020-10-01,2019-07-03,2020-12-01,344,flag_nested,0.24736962822536945
sp500_full,357,357,1.4 HCAL Flag,test,2020-10-21,2019-07-24,2020-12-21,345,market_1,0.022519862433765248
sp500_full,357,357,1.4 HCAL Flag,test,2020-10-21,2019-07-24,2020-12-21,345,block_2_3,0.40300718794952606
sp500_full,357,357,1.4 HCAL Flag,test,2020-10-21,2019-07-24,2020-12-21,345,block_4_6,0.813927118307377
sp500_full,357,357,1.4 HCAL Flag,test,2020-10-21,2019-07-24,2020-12-21,345,top_3,0.27503053421022683
sp500_full,357,357,1.4 HCAL Flag,test,2020-10-21,2019-07-24,2020-12-21,345,top_6,0.47662508606327975
sp500_full,357,357,1.4 HCAL Flag,test,2020-10-21,2019-07-24,2020-12-21,345,flag_nested,0.2580584942357573
sp500_full,357,357,1.4 HCAL Flag,test,2020-11-10,2019-08-13,2021-01-12,346,market_1,0.026019279939554107
sp500_full,357,357,1.4 HCAL Flag,test,2020-11-10,2019-08-13,2021-01-12,346,block_2_3,0.3444908358874038
sp500_full,357,357,1.4 HCAL Flag,test,2020-11-10,2019-08-13,2021-01-12,346,block_4_6,0.7371887735261929
sp500_full,357,357,1.4 HCAL Flag,test,2020-11-10,2019-08-13,2021-01-12,346,top_3,0.2369439422519597
sp500_full,357,357,1.4 HCAL Flag,test,2020-11-10,2019-08-13,2021-01-12,346,top_6,0.44961601132348056
sp500_full,357,357,1.4 HCAL Flag,test,2020-11-10,2019-08-13,2021-01-12,346,flag_nested,0.23752641117166476
sp500_full,357,357,1.4 HCAL Flag,test,2020-12-01,2019-09-03,2021-02-02,347,market_1,0.02415559148790758
sp500_full,357,357,1.4 HCAL Flag,test,2020-12-01,2019-09-03,2021-02-02,347,block_2_3,0.3639131927499315
sp500_full,357,357,1.4 HCAL Flag,test,2020-12-01,2019-09-03,2021-02-02,347,block_4_6,0.8457959801261866
sp500_full,357,357,1.4 HCAL Flag,test,2020-12-01,2019-09-03,2021-02-02,347,top_3,0.24967345881842537
sp500_full,357,357,1.4 HCAL Flag,test,2020-12-01,2019-09-03,2021-02-02,347,top_6,0.48969917977909433
sp500_full,357,357,1.4 HCAL Flag,test,2020-12-01,2019-09-03,2021-02-02,347,flag_nested,0.25450941002847577
sp500_full,357,357,1.4 HCAL Flag,test,2020-12-21,2019-09-23,2021-02-23,348,market_1,0.028630548772863862
sp500_full,357,357,1.4 HCAL Flag,test,2020-12-21,2019-09-23,2021-02-23,348,block_2_3,0.32977369930693456
sp500_full,357,357,1.4 HCAL Flag,test,2020-12-21,2019-09-23,2021-02-23,348,block_4_6,0.7725574247706201
sp500_full,357,357,1.4 HCAL Flag,test,2020-12-21,2019-09-23,2021-02-23,348,top_3,0.22805140209536168
sp500_full,357,357,1.4 HCAL Flag,test,2020-12-21,2019-09-23,2021-02-23,348,top_6,0.4631347561766909
sp500_full,357,357,1.4 HCAL Flag,test,2020-12-21,2019-09-23,2021-02-23,348,flag_nested,0.23993890234830548
sp500_full,357,357,1.4 HCAL Flag,test,2021-01-12,2019-10-11,2021-03-15,349,market_1,0.029189556526437177
sp500_full,357,357,1.4 HCAL Flag,test,2021-01-12,2019-10-11,2021-03-15,349,block_2_3,0.35542996769552104
sp500_full,357,357,1.4 HCAL Flag,test,2021-01-12,2019-10-11,2021-03-15,349,block_4_6,0.8517076160993696
sp500_full,357,357,1.4 HCAL Flag,test,2021-01-12,2019-10-11,2021-03-15,349,top_3,0.2451741207434499
sp500_full,357,357,1.4 HCAL Flag,test,2021-01-12,2019-10-11,2021-03-15,349,top_6,0.5035611191094961
sp500_full,357,357,1.4 HCAL Flag,test,2021-01-12,2019-10-11,2021-03-15,349,flag_nested,0.2593082654597944
sp500_full,357,357,1.4 HCAL Flag,test,2021-02-02,2019-10-31,2021-04-05,350,market_1,0.029451289438554462
sp500_full,357,357,1.4 HCAL Flag,test,2021-02-02,2019-10-31,2021-04-05,350,block_2_3,0.37484932901867574
sp500_full,357,357,1.4 HCAL Flag,test,2021-02-02,2019-10-31,2021-04-05,350,block_4_6,0.82877267790106
sp500_full,357,357,1.4 HCAL Flag,test,2021-02-02,2019-10-31,2021-04-05,350,top_3,0.258194270419344
sp500_full,357,357,1.4 HCAL Flag,test,2021-02-02,2019-10-31,2021-04-05,350,top_6,0.4949879720937416
sp500_full,357,357,1.4 HCAL Flag,test,2021-02-02,2019-10-31,2021-04-05,350,flag_nested,0.26087784398388003
sp500_full,357,357,1.4 HCAL Flag,test,2021-02-23,2019-11-20,2021-04-23,351,market_1,0.02775908447272879
sp500_full,357,357,1.4 HCAL Flag,test,2021-02-23,2019-11-20,2021-04-23,351,block_2_3,0.3410937814709112
sp500_full,357,357,1.4 HCAL Flag,test,2021-02-23,2019-11-20,2021-04-23,351,block_4_6,0.8863930639764109
sp500_full,357,357,1.4 HCAL Flag,test,2021-02-23,2019-11-20,2021-04-23,351,top_3,0.23581556915901483
sp500_full,357,357,1.4 HCAL Flag,test,2021-02-23,2019-11-20,2021-04-23,351,top_6,0.5134401787868639
sp500_full,357,357,1.4 HCAL Flag,test,2021-02-23,2019-11-20,2021-04-23,351,flag_nested,0.25900494413953584
sp500_full,357,357,1.4 HCAL Flag,test,2021-03-15,2019-12-11,2021-05-13,352,market_1,0.03074334330418549
sp500_full,357,357,1.4 HCAL Flag,test,2021-03-15,2019-12-11,2021-05-13,352,block_2_3,0.34658617789356205
sp500_full,357,357,1.4 HCAL Flag,test,2021-03-15,2019-12-11,2021-05-13,352,block_4_6,0.8108676346849636
sp500_full,357,357,1.4 HCAL Flag,test,2021-03-15,2019-12-11,2021-05-13,352,top_3,0.24035834935498737
sp500_full,357,357,1.4 HCAL Flag,test,2021-03-15,2019-12-11,2021-05-13,352,top_6,0.4685696690413797
sp500_full,357,357,1.4 HCAL Flag,test,2021-03-15,2019-12-11,2021-05-13,352,flag_nested,0.24655712056685086
sp500_full,357,357,1.4 HCAL Flag,test,2021-04-05,2020-01-02,2021-06-03,353,market_1,0.02763455155118777
sp500_full,357,357,1.4 HCAL Flag,test,2021-04-05,2020-01-02,2021-06-03,353,block_2_3,0.3566125637004678
sp500_full,357,357,1.4 HCAL Flag,test,2021-04-05,2020-01-02,2021-06-03,353,block_4_6,0.8309247070670743
sp500_full,357,357,1.4 HCAL Flag,test,2021-04-05,2020-01-02,2021-06-03,353,top_3,0.24678241436811174
sp500_full,357,357,1.4 HCAL Flag,test,2021-04-05,2020-01-02,2021-06-03,353,top_6,0.4743211974453385
sp500_full,357,357,1.4 HCAL Flag,test,2021-04-05,2020-01-02,2021-06-03,353,flag_nested,0.24957938778821268
sp500_full,357,357,1.4 HCAL Flag,test,2021-04-23,2020-01-23,2021-06-23,354,market_1,0.02812237259119299
sp500_full,357,357,1.4 HCAL Flag,test,2021-04-23,2020-01-23,2021-06-23,354,block_2_3,0.32219102211713246
sp500_full,357,357,1.4 HCAL Flag,test,2021-04-23,2020-01-23,2021-06-23,354,block_4_6,0.8252118554843212
sp500_full,357,357,1.4 HCAL Flag,test,2021-04-23,2020-01-23,2021-06-23,354,top_3,0.2238857673477385
sp500_full,357,357,1.4 HCAL Flag,test,2021-04-23,2020-01-23,2021-06-23,354,top_6,0.47525064860110894
sp500_full,357,357,1.4 HCAL Flag,test,2021-04-23,2020-01-23,2021-06-23,354,flag_nested,0.24241959618001344
sp500_full,357,357,1.4 HCAL Flag,test,2021-05-13,2020-02-12,2021-07-14,355,market_1,0.030031339346346053
sp500_full,357,357,1.4 HCAL Flag,test,2021-05-13,2020-02-12,2021-07-14,355,block_2_3,0.3179140123378582
sp500_full,357,357,1.4 HCAL Flag,test,2021-05-13,2020-02-12,2021-07-14,355,block_4_6,0.8086971071436443
sp500_full,357,357,1.4 HCAL Flag,test,2021-05-13,2020-02-12,2021-07-14,355,top_3,0.22131680875557805
sp500_full,357,357,1.4 HCAL Flag,test,2021-05-13,2020-02-12,2021-07-14,355,top_6,0.46662375537663325
sp500_full,357,357,1.4 HCAL Flag,test,2021-05-13,2020-02-12,2021-07-14,355,flag_nested,0.23932396782618579
sp500_full,357,357,1.4 HCAL Flag,test,2021-06-03,2020-03-04,2021-08-03,356,market_1,0.03192055221375967
sp500_full,357,357,1.4 HCAL Flag,test,2021-06-03,2020-03-04,2021-08-03,356,block_2_3,0.359125874143025
sp500_full,357,357,1.4 HCAL Flag,test,2021-06-03,2020-03-04,2021-08-03,356,block_4_6,0.80649063656038
sp500_full,357,357,1.4 HCAL Flag,test,2021-06-03,2020-03-04,2021-08-03,356,top_3,0.2487314239567223
sp500_full,357,357,1.4 HCAL Flag,test,2021-06-03,2020-03-04,2021-08-03,356,top_6,0.47205720636436754
sp500_full,357,357,1.4 HCAL Flag,test,2021-06-03,2020-03-04,2021-08-03,356,flag_nested,0.25090306084494984
sp500_full,357,357,1.4 HCAL Flag,test,2021-06-23,2020-03-24,2021-08-23,357,market_1,0.037968602065430734
sp500_full,357,357,1.4 HCAL Flag,test,2021-06-23,2020-03-24,2021-08-23,357,block_2_3,0.3430588495922925
sp500_full,357,357,1.4 HCAL Flag,test,2021-06-23,2020-03-24,2021-08-23,357,block_4_6,0.8392147026725483
sp500_full,357,357,1.4 HCAL Flag,test,2021-06-23,2020-03-24,2021-08-23,357,top_3,0.23769368257420828
sp500_full,357,357,1.4 HCAL Flag,test,2021-06-23,2020-03-24,2021-08-23,357,top_6,0.4779834012516762
sp500_full,357,357,1.4 HCAL Flag,test,2021-06-23,2020-03-24,2021-08-23,357,flag_nested,0.2512152286304384
sp500_full,357,357,1.4 HCAL Flag,test,2021-07-14,2020-04-15,2021-09-13,358,market_1,0.04282627408650197
sp500_full,357,357,1.4 HCAL Flag,test,2021-07-14,2020-04-15,2021-09-13,358,block_2_3,0.3477896957571135
sp500_full,357,357,1.4 HCAL Flag,test,2021-07-14,2020-04-15,2021-09-13,358,block_4_6,0.8903719750777973
sp500_full,357,357,1.4 HCAL Flag,test,2021-07-14,2020-04-15,2021-09-13,358,top_3,0.24099062534621218
sp500_full,357,357,1.4 HCAL Flag,test,2021-07-14,2020-04-15,2021-09-13,358,top_6,0.5061655920102871
sp500_full,357,357,1.4 HCAL Flag,test,2021-07-14,2020-04-15,2021-09-13,358,flag_nested,0.26332749714766707
sp500_full,357,357,1.4 HCAL Flag,test,2021-08-03,2020-05-05,2021-10-01,359,market_1,0.04707333164677552
sp500_full,357,357,1.4 HCAL Flag,test,2021-08-03,2020-05-05,2021-10-01,359,block_2_3,0.3311279996657107
sp500_full,357,357,1.4 HCAL Flag,test,2021-08-03,2020-05-05,2021-10-01,359,block_4_6,0.8668900608605189
sp500_full,357,357,1.4 HCAL Flag,test,2021-08-03,2020-05-05,2021-10-01,359,top_3,0.23161702478813462
sp500_full,357,357,1.4 HCAL Flag,test,2021-08-03,2020-05-05,2021-10-01,359,top_6,0.4936180293589556
sp500_full,357,357,1.4 HCAL Flag,test,2021-08-03,2020-05-05,2021-10-01,359,flag_nested,0.2574361285979552
sp500_full,357,357,1.4 HCAL Flag,test,2021-08-23,2020-05-26,2021-10-21,360,market_1,0.04391538643118997
sp500_full,357,357,1.4 HCAL Flag,test,2021-08-23,2020-05-26,2021-10-21,360,block_2_3,0.32298913584596944
sp500_full,357,357,1.4 HCAL Flag,test,2021-08-23,2020-05-26,2021-10-21,360,block_4_6,0.8705507174531162
sp500_full,357,357,1.4 HCAL Flag,test,2021-08-23,2020-05-26,2021-10-21,360,top_3,0.22795927903835386
sp500_full,357,357,1.4 HCAL Flag,test,2021-08-23,2020-05-26,2021-10-21,360,top_6,0.49416628665730045
sp500_full,357,357,1.4 HCAL Flag,test,2021-08-23,2020-05-26,2021-10-21,360,flag_nested,0.25534698404228146
sp500_full,357,357,1.4 HCAL Flag,test,2021-09-13,2020-06-15,2021-11-10,361,market_1,0.04296257463394226
sp500_full,357,357,1.4 HCAL Flag,test,2021-09-13,2020-06-15,2021-11-10,361,block_2_3,0.301382832535952
sp500_full,357,357,1.4 HCAL Flag,test,2021-09-13,2020-06-15,2021-11-10,361,block_4_6,0.8689087757580086
sp500_full,357,357,1.4 HCAL Flag,test,2021-09-13,2020-06-15,2021-11-10,361,top_3,0.21471903831915565
sp500_full,357,357,1.4 HCAL Flag,test,2021-09-13,2020-06-15,2021-11-10,361,top_6,0.48700041637462393
sp500_full,357,357,1.4 HCAL Flag,test,2021-09-13,2020-06-15,2021-11-10,361,flag_nested,0.24822734310924063
sp500_full,357,357,1.4 HCAL Flag,test,2021-10-01,2020-07-06,2021-12-01,362,market_1,0.04311718571824419
sp500_full,357,357,1.4 HCAL Flag,test,2021-10-01,2020-07-06,2021-12-01,362,block_2_3,0.30720050138494936
sp500_full,357,357,1.4 HCAL Flag,test,2021-10-01,2020-07-06,2021-12-01,362,block_4_6,0.8614621413152598
sp500_full,357,357,1.4 HCAL Flag,test,2021-10-01,2020-07-06,2021-12-01,362,top_3,0.21892530898589704
sp500_full,357,357,1.4 HCAL Flag,test,2021-10-01,2020-07-06,2021-12-01,362,top_6,0.4840616712770083
sp500_full,357,357,1.4 HCAL Flag,test,2021-10-01,2020-07-06,2021-12-01,362,flag_nested,0.24870138866038316
sp500_full,357,357,1.4 HCAL Flag,test,2021-10-21,2020-07-24,2021-12-21,363,market_1,0.043348356324137804
sp500_full,357,357,1.4 HCAL Flag,test,2021-10-21,2020-07-24,2021-12-21,363,block_2_3,0.32032073133817085
sp500_full,357,357,1.4 HCAL Flag,test,2021-10-21,2020-07-24,2021-12-21,363,block_4_6,0.8680028924369063
sp500_full,357,357,1.4 HCAL Flag,test,2021-10-21,2020-07-24,2021-12-21,363,top_3,0.227890242695167
sp500_full,357,357,1.4 HCAL Flag,test,2021-10-21,2020-07-24,2021-12-21,363,top_6,0.4844696233603501
sp500_full,357,357,1.4 HCAL Flag,test,2021-10-21,2020-07-24,2021-12-21,363,flag_nested,0.25190274079321834
sp500_full,357,357,1.4 HCAL Flag,test,2021-11-10,2020-08-13,2022-01-11,364,market_1,0.04575109313536385
sp500_full,357,357,1.4 HCAL Flag,test,2021-11-10,2020-08-13,2022-01-11,364,block_2_3,0.33117875261452656
sp500_full,357,357,1.4 HCAL Flag,test,2021-11-10,2020-08-13,2022-01-11,364,block_4_6,0.8331248989827191
sp500_full,357,357,1.4 HCAL Flag,test,2021-11-10,2020-08-13,2022-01-11,364,top_3,0.23591691239160065
sp500_full,357,357,1.4 HCAL Flag,test,2021-11-10,2020-08-13,2022-01-11,364,top_6,0.47019653435118963
sp500_full,357,357,1.4 HCAL Flag,test,2021-11-10,2020-08-13,2022-01-11,364,flag_nested,0.25062151329271803
sp500_full,357,357,1.4 HCAL Flag,test,2021-12-01,2020-09-02,2022-02-01,365,market_1,0.051094079335176734
sp500_full,357,357,1.4 HCAL Flag,test,2021-12-01,2020-09-02,2022-02-01,365,block_2_3,0.3191536018838207
sp500_full,357,357,1.4 HCAL Flag,test,2021-12-01,2020-09-02,2022-02-01,365,block_4_6,0.832122193716578
sp500_full,357,357,1.4 HCAL Flag,test,2021-12-01,2020-09-02,2022-02-01,365,top_3,0.22945439230737655
sp500_full,357,357,1.4 HCAL Flag,test,2021-12-01,2020-09-02,2022-02-01,365,top_6,0.4735070063047859
sp500_full,357,357,1.4 HCAL Flag,test,2021-12-01,2020-09-02,2022-02-01,365,flag_nested,0.2513518259824464
sp500_full,357,357,1.4 HCAL Flag,test,2021-12-21,2020-09-23,2022-02-22,366,market_1,0.0459314619845026
sp500_full,357,357,1.4 HCAL Flag,test,2021-12-21,2020-09-23,2022-02-22,366,block_2_3,0.3269501818984277
sp500_full,357,357,1.4 HCAL Flag,test,2021-12-21,2020-09-23,2022-02-22,366,block_4_6,0.8410902804507151
sp500_full,357,357,1.4 HCAL Flag,test,2021-12-21,2020-09-23,2022-02-22,366,top_3,0.2331444425063743
sp500_full,357,357,1.4 HCAL Flag,test,2021-12-21,2020-09-23,2022-02-22,366,top_6,0.48085595658217084
sp500_full,357,357,1.4 HCAL Flag,test,2021-12-21,2020-09-23,2022-02-22,366,flag_nested,0.2533106203576826
sp500_full,357,357,1.4 HCAL Flag,test,2022-01-11,2020-10-13,2022-03-14,367,market_1,0.047453046983965685
sp500_full,357,357,1.4 HCAL Flag,test,2022-01-11,2020-10-13,2022-03-14,367,block_2_3,0.3457696832433025
sp500_full,357,357,1.4 HCAL Flag,test,2022-01-11,2020-10-13,2022-03-14,367,block_4_6,0.8379223667296464
sp500_full,357,357,1.4 HCAL Flag,test,2022-01-11,2020-10-13,2022-03-14,367,top_3,0.24604869080491554
sp500_full,357,357,1.4 HCAL Flag,test,2022-01-11,2020-10-13,2022-03-14,367,top_6,0.47929997470589053
sp500_full,357,357,1.4 HCAL Flag,test,2022-01-11,2020-10-13,2022-03-14,367,flag_nested,0.25760057083159055
sp500_full,357,357,1.4 HCAL Flag,test,2022-02-01,2020-11-02,2022-04-01,368,market_1,0.04729107986341308
sp500_full,357,357,1.4 HCAL Flag,test,2022-02-01,2020-11-02,2022-04-01,368,block_2_3,0.32155653707251863
sp500_full,357,357,1.4 HCAL Flag,test,2022-02-01,2020-11-02,2022-04-01,368,block_4_6,0.8569910127590189
sp500_full,357,357,1.4 HCAL Flag,test,2022-02-01,2020-11-02,2022-04-01,368,top_3,0.22981127841176097
sp500_full,357,357,1.4 HCAL Flag,test,2022-02-01,2020-11-02,2022-04-01,368,top_6,0.4895457077501326
sp500_full,357,357,1.4 HCAL Flag,test,2022-02-01,2020-11-02,2022-04-01,368,flag_nested,0.25554935534176887
sp500_full,357,357,1.4 HCAL Flag,test,2022-02-22,2020-11-20,2022-04-22,369,market_1,0.048388965848045085
sp500_full,357,357,1.4 HCAL Flag,test,2022-02-22,2020-11-20,2022-04-22,369,block_2_3,0.3689746194746668
sp500_full,357,357,1.4 HCAL Flag,test,2022-02-22,2020-11-20,2022-04-22,369,block_4_6,0.6926803214634093
sp500_full,357,357,1.4 HCAL Flag,test,2022-02-22,2020-11-20,2022-04-22,369,top_3,0.2601073307010113
sp500_full,357,357,1.4 HCAL Flag,test,2022-02-22,2020-11-20,2022-04-22,369,top_6,0.40605124254121344
sp500_full,357,357,1.4 HCAL Flag,test,2022-02-22,2020-11-20,2022-04-22,369,flag_nested,0.23818251303008994
sp500_full,357,357,1.4 HCAL Flag,test,2022-03-14,2020-12-11,2022-05-12,370,market_1,0.04756519562505579
sp500_full,357,357,1.4 HCAL Flag,test,2022-03-14,2020-12-11,2022-05-12,370,block_2_3,0.36915952696118515
sp500_full,357,357,1.4 HCAL Flag,test,2022-03-14,2020-12-11,2022-05-12,370,block_4_6,0.6891341731388639
sp500_full,357,357,1.4 HCAL Flag,test,2022-03-14,2020-12-11,2022-05-12,370,top_3,0.260290694257554
sp500_full,357,357,1.4 HCAL Flag,test,2022-03-14,2020-12-11,2022-05-12,370,top_6,0.39645584968181535
sp500_full,357,357,1.4 HCAL Flag,test,2022-03-14,2020-12-11,2022-05-12,370,flag_nested,0.2347705798548084
sp500_full,357,357,1.4 HCAL Flag,test,2022-04-01,2021-01-04,2022-06-02,371,market_1,0.046165805763912826
sp500_full,357,357,1.4 HCAL Flag,test,2022-04-01,2021-01-04,2022-06-02,371,block_2_3,0.3801113356896314
sp500_full,357,357,1.4 HCAL Flag,test,2022-04-01,2021-01-04,2022-06-02,371,block_4_6,0.6696860690184921
sp500_full,357,357,1.4 HCAL Flag,test,2022-04-01,2021-01-04,2022-06-02,371,top_3,0.26732661554350406
sp500_full,357,357,1.4 HCAL Flag,test,2022-04-01,2021-01-04,2022-06-02,371,top_6,0.38871210930358163
sp500_full,357,357,1.4 HCAL Flag,test,2022-04-01,2021-01-04,2022-06-02,371,flag_nested,0.23406817687033285
sp500_full,357,357,1.4 HCAL Flag,test,2022-04-22,2021-01-25,2022-06-23,372,market_1,0.041793006728043425
sp500_full,357,357,1.4 HCAL Flag,test,2022-04-22,2021-01-25,2022-06-23,372,block_2_3,0.3681838225573436
sp500_full,357,357,1.4 HCAL Flag,test,2022-04-22,2021-01-25,2022-06-23,372,block_4_6,0.65832739442998
sp500_full,357,357,1.4 HCAL Flag,test,2022-04-22,2021-01-25,2022-06-23,372,top_3,0.25876081053976324
sp500_full,357,357,1.4 HCAL Flag,test,2022-04-22,2021-01-25,2022-06-23,372,top_6,0.38120231632201934
sp500_full,357,357,1.4 HCAL Flag,test,2022-04-22,2021-01-25,2022-06-23,372,flag_nested,0.227252044529942
sp500_full,357,357,1.4 HCAL Flag,test,2022-05-12,2021-02-12,2022-07-14,373,market_1,0.041469139437753544
sp500_full,357,357,1.4 HCAL Flag,test,2022-05-12,2021-02-12,2022-07-14,373,block_2_3,0.3675525527173641
sp500_full,357,357,1.4 HCAL Flag,test,2022-05-12,2021-02-12,2022-07-14,373,block_4_6,0.6645533323683018
sp500_full,357,357,1.4 HCAL Flag,test,2022-05-12,2021-02-12,2022-07-14,373,top_3,0.258672678802552
sp500_full,357,357,1.4 HCAL Flag,test,2022-05-12,2021-02-12,2022-07-14,373,top_6,0.3876775496898955
sp500_full,357,357,1.4 HCAL Flag,test,2022-05-12,2021-02-12,2022-07-14,373,flag_nested,0.22927312264340036
sp500_full,357,357,1.4 HCAL Flag,test,2022-06-02,2021-03-05,2022-08-03,374,market_1,0.041195498758362814
sp500_full,357,357,1.4 HCAL Flag,test,2022-06-02,2021-03-05,2022-08-03,374,block_2_3,0.3712293334889498
sp500_full,357,357,1.4 HCAL Flag,test,2022-06-02,2021-03-05,2022-08-03,374,block_4_6,0.6734219314649096
sp500_full,357,357,1.4 HCAL Flag,test,2022-06-02,2021-03-05,2022-08-03,374,top_3,0.26108925849042297
sp500_full,357,357,1.4 HCAL Flag,test,2022-06-02,2021-03-05,2022-08-03,374,top_6,0.3913053705379277
sp500_full,357,357,1.4 HCAL Flag,test,2022-06-02,2021-03-05,2022-08-03,374,flag_nested,0.23119670926223782
sp500_full,357,357,1.4 HCAL Flag,test,2022-06-23,2021-03-25,2022-08-23,375,market_1,0.04113373659887076
sp500_full,357,357,1.4 HCAL Flag,test,2022-06-23,2021-03-25,2022-08-23,375,block_2_3,0.3665889738205883
sp500_full,357,357,1.4 HCAL Flag,test,2022-06-23,2021-03-25,2022-08-23,375,block_4_6,0.6864304738770587
sp500_full,357,357,1.4 HCAL Flag,test,2022-06-23,2021-03-25,2022-08-23,375,top_3,0.2573750871605743
sp500_full,357,357,1.4 HCAL Flag,test,2022-06-23,2021-03-25,2022-08-23,375,top_6,0.4002011984059736
sp500_full,357,357,1.4 HCAL Flag,test,2022-06-23,2021-03-25,2022-08-23,375,flag_nested,0.2329033407218062
sp500_full,357,357,1.4 HCAL Flag,test,2022-07-14,2021-04-15,2022-09-13,376,market_1,0.030549642155617396
sp500_full,357,357,1.4 HCAL Flag,test,2022-07-14,2021-04-15,2022-09-13,376,block_2_3,0.4765594570974889
sp500_full,357,357,1.4 HCAL Flag,test,2022-07-14,2021-04-15,2022-09-13,376,block_4_6,0.7361470063867532
sp500_full,357,357,1.4 HCAL Flag,test,2022-07-14,2021-04-15,2022-09-13,376,top_3,0.3276470839947884
sp500_full,357,357,1.4 HCAL Flag,test,2022-07-14,2021-04-15,2022-09-13,376,top_6,0.3987069933120842
sp500_full,357,357,1.4 HCAL Flag,test,2022-07-14,2021-04-15,2022-09-13,376,flag_nested,0.25230123982083
sp500_full,357,357,1.4 HCAL Flag,test,2022-08-03,2021-05-05,2022-10-03,377,market_1,0.027660071534675534
sp500_full,357,357,1.4 HCAL Flag,test,2022-08-03,2021-05-05,2022-10-03,377,block_2_3,0.4900275221442336
sp500_full,357,357,1.4 HCAL Flag,test,2022-08-03,2021-05-05,2022-10-03,377,block_4_6,0.7581302377695045
sp500_full,357,357,1.4 HCAL Flag,test,2022-08-03,2021-05-05,2022-10-03,377,top_3,0.33568506388888153
sp500_full,357,357,1.4 HCAL Flag,test,2022-08-03,2021-05-05,2022-10-03,377,top_6,0.41060596926605
sp500_full,357,357,1.4 HCAL Flag,test,2022-08-03,2021-05-05,2022-10-03,377,flag_nested,0.25798370156320233
sp500_full,357,357,1.4 HCAL Flag,test,2022-08-23,2021-05-25,2022-10-21,378,market_1,0.032409257889830956
sp500_full,357,357,1.4 HCAL Flag,test,2022-08-23,2021-05-25,2022-10-21,378,block_2_3,0.3951600252788485
sp500_full,357,357,1.4 HCAL Flag,test,2022-08-23,2021-05-25,2022-10-21,378,block_4_6,0.7270343792335779
sp500_full,357,357,1.4 HCAL Flag,test,2022-08-23,2021-05-25,2022-10-21,378,top_3,0.27388288173637115
sp500_full,357,357,1.4 HCAL Flag,test,2022-08-23,2021-05-25,2022-10-21,378,top_6,0.4207677684259121
sp500_full,357,357,1.4 HCAL Flag,test,2022-08-23,2021-05-25,2022-10-21,378,flag_nested,0.2423533026840381
sp500_full,357,357,1.4 HCAL Flag,test,2022-09-13,2021-06-15,2022-11-10,379,market_1,0.03021477937501582
sp500_full,357,357,1.4 HCAL Flag,test,2022-09-13,2021-06-15,2022-11-10,379,block_2_3,0.39947709824534905
sp500_full,357,357,1.4 HCAL Flag,test,2022-09-13,2021-06-15,2022-11-10,379,block_4_6,0.765424204869953
sp500_full,357,357,1.4 HCAL Flag,test,2022-09-13,2021-06-15,2022-11-10,379,top_3,0.27601920833568655
sp500_full,357,357,1.4 HCAL Flag,test,2022-09-13,2021-06-15,2022-11-10,379,top_6,0.4372626506162575
sp500_full,357,357,1.4 HCAL Flag,test,2022-09-13,2021-06-15,2022-11-10,379,flag_nested,0.2478322127756533
sp500_full,357,357,1.4 HCAL Flag,test,2022-10-03,2021-07-06,2022-12-01,380,market_1,0.02290850853159687
sp500_full,357,357,1.4 HCAL Flag,test,2022-10-03,2021-07-06,2022-12-01,380,block_2_3,0.6164044809102366
sp500_full,357,357,1.4 HCAL Flag,test,2022-10-03,2021-07-06,2022-12-01,380,block_4_6,0.8122607040390836
sp500_full,357,357,1.4 HCAL Flag,test,2022-10-03,2021-07-06,2022-12-01,380,top_3,0.41851330390876096
sp500_full,357,357,1.4 HCAL Flag,test,2022-10-03,2021-07-06,2022-12-01,380,top_6,0.41615407355796763
sp500_full,357,357,1.4 HCAL Flag,test,2022-10-03,2021-07-06,2022-12-01,380,flag_nested,0.2858586286661085
sp500_full,357,357,1.4 HCAL Flag,test,2022-10-21,2021-07-26,2022-12-21,381,market_1,0.022334461185970156
sp500_full,357,357,1.4 HCAL Flag,test,2022-10-21,2021-07-26,2022-12-21,381,block_2_3,0.5732207915515037
sp500_full,357,357,1.4 HCAL Flag,test,2022-10-21,2021-07-26,2022-12-21,381,block_4_6,0.8235047840145865
sp500_full,357,357,1.4 HCAL Flag,test,2022-10-21,2021-07-26,2022-12-21,381,top_3,0.38928495849357986
sp500_full,357,357,1.4 HCAL Flag,test,2022-10-21,2021-07-26,2022-12-21,381,top_6,0.43712662335675606
sp500_full,357,357,1.4 HCAL Flag,test,2022-10-21,2021-07-26,2022-12-21,381,flag_nested,0.2829153476787687
sp500_full,357,357,1.4 HCAL Flag,test,2022-11-10,2021-08-13,2023-01-12,382,market_1,0.023250073559512918
sp500_full,357,357,1.4 HCAL Flag,test,2022-11-10,2021-08-13,2023-01-12,382,block_2_3,0.5950231810755302
sp500_full,357,357,1.4 HCAL Flag,test,2022-11-10,2021-08-13,2023-01-12,382,block_4_6,0.8476050388051984
sp500_full,357,357,1.4 HCAL Flag,test,2022-11-10,2021-08-13,2023-01-12,382,top_3,0.40419398428833153
sp500_full,357,357,1.4 HCAL Flag,test,2022-11-10,2021-08-13,2023-01-12,382,top_6,0.43820902006456314
sp500_full,357,357,1.4 HCAL Flag,test,2022-11-10,2021-08-13,2023-01-12,382,flag_nested,0.28855102597080257
sp500_full,357,357,1.4 HCAL Flag,test,2022-12-01,2021-09-02,2023-02-02,383,market_1,0.022129304995427423
sp500_full,357,357,1.4 HCAL Flag,test,2022-12-01,2021-09-02,2023-02-02,383,block_2_3,0.6798095395905006
sp500_full,357,357,1.4 HCAL Flag,test,2022-12-01,2021-09-02,2023-02-02,383,block_4_6,0.8832723479037864
sp500_full,357,357,1.4 HCAL Flag,test,2022-12-01,2021-09-02,2023-02-02,383,top_3,0.4603342431260738
sp500_full,357,357,1.4 HCAL Flag,test,2022-12-01,2021-09-02,2023-02-02,383,top_6,0.4410894433156512
sp500_full,357,357,1.4 HCAL Flag,test,2022-12-01,2021-09-02,2023-02-02,383,flag_nested,0.30785099714571745
sp500_full,357,357,1.4 HCAL Flag,test,2022-12-21,2021-09-23,2023-02-23,384,market_1,0.022089932576581095
sp500_full,357,357,1.4 HCAL Flag,test,2022-12-21,2021-09-23,2023-02-23,384,block_2_3,0.5218007312469588
sp500_full,357,357,1.4 HCAL Flag,test,2022-12-21,2021-09-23,2023-02-23,384,block_4_6,0.8444435246876054
sp500_full,357,357,1.4 HCAL Flag,test,2022-12-21,2021-09-23,2023-02-23,384,top_3,0.35460543309059495
sp500_full,357,357,1.4 HCAL Flag,test,2022-12-21,2021-09-23,2023-02-23,384,top_6,0.45013782127403695
sp500_full,357,357,1.4 HCAL Flag,test,2022-12-21,2021-09-23,2023-02-23,384,flag_nested,0.27561106231373766
sp500_full,357,357,1.4 HCAL Flag,test,2023-01-12,2021-10-13,2023-03-15,385,market_1,0.021415931445341707
sp500_full,357,357,1.4 HCAL Flag,test,2023-01-12,2021-10-13,2023-03-15,385,block_2_3,0.47755552697382797
sp500_full,357,357,1.4 HCAL Flag,test,2023-01-12,2021-10-13,2023-03-15,385,block_4_6,0.833714118071017
sp500_full,357,357,1.4 HCAL Flag,test,2023-01-12,2021-10-13,2023-03-15,385,top_3,0.32502848791584266
sp500_full,357,357,1.4 HCAL Flag,test,2023-01-12,2021-10-13,2023-03-15,385,top_6,0.45112488885853064
sp500_full,357,357,1.4 HCAL Flag,test,2023-01-12,2021-10-13,2023-03-15,385,flag_nested,0.26585643607323833
sp500_full,357,357,1.4 HCAL Flag,test,2023-02-02,2021-11-02,2023-04-04,386,market_1,0.020764493630378245
sp500_full,357,357,1.4 HCAL Flag,test,2023-02-02,2021-11-02,2023-04-04,386,block_2_3,0.45221247842632906
sp500_full,357,357,1.4 HCAL Flag,test,2023-02-02,2021-11-02,2023-04-04,386,block_4_6,0.7634770290185596
sp500_full,357,357,1.4 HCAL Flag,test,2023-02-02,2021-11-02,2023-04-04,386,top_3,0.3081111532015699
sp500_full,357,357,1.4 HCAL Flag,test,2023-02-02,2021-11-02,2023-04-04,386,top_6,0.4348799842435771
sp500_full,357,357,1.4 HCAL Flag,test,2023-02-02,2021-11-02,2023-04-04,386,flag_nested,0.2545852103585084
sp500_full,357,357,1.4 HCAL Flag,test,2023-02-23,2021-11-22,2023-04-25,387,market_1,0.020951327930006647
sp500_full,357,357,1.4 HCAL Flag,test,2023-02-23,2021-11-22,2023-04-25,387,block_2_3,0.42384047504272426
sp500_full,357,357,1.4 HCAL Flag,test,2023-02-23,2021-11-22,2023-04-25,387,block_4_6,0.6976116829659057
sp500_full,357,357,1.4 HCAL Flag,test,2023-02-23,2021-11-22,2023-04-25,387,top_3,0.2894686271029349
sp500_full,357,357,1.4 HCAL Flag,test,2023-02-23,2021-11-22,2023-04-25,387,top_6,0.4033031376396154
sp500_full,357,357,1.4 HCAL Flag,test,2023-02-23,2021-11-22,2023-04-25,387,flag_nested,0.23790769755751898
sp500_full,357,357,1.4 HCAL Flag,test,2023-03-15,2021-12-13,2023-05-15,388,market_1,0.020257358108590973
sp500_full,357,357,1.4 HCAL Flag,test,2023-03-15,2021-12-13,2023-05-15,388,block_2_3,0.4012366518738901
sp500_full,357,357,1.4 HCAL Flag,test,2023-03-15,2021-12-13,2023-05-15,388,block_4_6,0.6931488712022968
sp500_full,357,357,1.4 HCAL Flag,test,2023-03-15,2021-12-13,2023-05-15,388,top_3,0.2740905689434447
sp500_full,357,357,1.4 HCAL Flag,test,2023-03-15,2021-12-13,2023-05-15,388,top_6,0.40550312439404235
sp500_full,357,357,1.4 HCAL Flag,test,2023-03-15,2021-12-13,2023-05-15,388,flag_nested,0.23328368381535936
sp500_full,357,357,1.4 HCAL Flag,test,2023-04-04,2022-01-03,2023-06-05,389,market_1,0.02147348328085552
sp500_full,357,357,1.4 HCAL Flag,test,2023-04-04,2022-01-03,2023-06-05,389,block_2_3,0.4058594743101396
sp500_full,357,357,1.4 HCAL Flag,test,2023-04-04,2022-01-03,2023-06-05,389,block_4_6,0.703794553843487
sp500_full,357,357,1.4 HCAL Flag,test,2023-04-04,2022-01-03,2023-06-05,389,top_3,0.27748313359806936
sp500_full,357,357,1.4 HCAL Flag,test,2023-04-04,2022-01-03,2023-06-05,389,top_6,0.4130995232464836
sp500_full,357,357,1.4 HCAL Flag,test,2023-04-04,2022-01-03,2023-06-05,389,flag_nested,0.23735204670846946
sp500_full,357,357,1.4 HCAL Flag,test,2023-04-25,2022-01-24,2023-06-26,390,market_1,0.021201985276210644
sp500_full,357,357,1.4 HCAL Flag,test,2023-04-25,2022-01-24,2023-06-26,390,block_2_3,0.42998494606263316
sp500_full,357,357,1.4 HCAL Flag,test,2023-04-25,2022-01-24,2023-06-26,390,block_4_6,0.6934070124578614
sp500_full,357,357,1.4 HCAL Flag,test,2023-04-25,2022-01-24,2023-06-26,390,top_3,0.2936352017000834
sp500_full,357,357,1.4 HCAL Flag,test,2023-04-25,2022-01-24,2023-06-26,390,top_6,0.4065507566830296
sp500_full,357,357,1.4 HCAL Flag,test,2023-04-25,2022-01-24,2023-06-26,390,flag_nested,0.2404626478864412
sp500_full,357,357,1.4 HCAL Flag,test,2023-05-15,2022-02-11,2023-07-17,391,market_1,0.02268370649083551
sp500_full,357,357,1.4 HCAL Flag,test,2023-05-15,2022-02-11,2023-07-17,391,block_2_3,0.4122067488033051
sp500_full,357,357,1.4 HCAL Flag,test,2023-05-15,2022-02-11,2023-07-17,391,block_4_6,0.7214144002821218
sp500_full,357,357,1.4 HCAL Flag,test,2023-05-15,2022-02-11,2023-07-17,391,top_3,0.28224052712087894
sp500_full,357,357,1.4 HCAL Flag,test,2023-05-15,2022-02-11,2023-07-17,391,top_6,0.423707891124278
sp500_full,357,357,1.4 HCAL Flag,test,2023-05-15,2022-02-11,2023-07-17,391,flag_nested,0.24287737491199746
sp500_full,357,357,1.4 HCAL Flag,test,2023-06-05,2022-03-04,2023-08-04,392,market_1,0.02185836347781156
sp500_full,357,357,1.4 HCAL Flag,test,2023-06-05,2022-03-04,2023-08-04,392,block_2_3,0.4343856393402784
sp500_full,357,357,1.4 HCAL Flag,test,2023-06-05,2022-03-04,2023-08-04,392,block_4_6,0.7436827471380895
sp500_full,357,357,1.4 HCAL Flag,test,2023-06-05,2022-03-04,2023-08-04,392,top_3,0.29671602222297394
sp500_full,357,357,1.4 HCAL Flag,test,2023-06-05,2022-03-04,2023-08-04,392,top_6,0.4338640357883705
sp500_full,357,357,1.4 HCAL Flag,test,2023-06-05,2022-03-04,2023-08-04,392,flag_nested,0.250812807163052
sp500_full,357,357,1.4 HCAL Flag,test,2023-06-26,2022-03-24,2023-08-24,393,market_1,0.022218497839917473
sp500_full,357,357,1.4 HCAL Flag,test,2023-06-26,2022-03-24,2023-08-24,393,block_2_3,0.4423631105662693
sp500_full,357,357,1.4 HCAL Flag,test,2023-06-26,2022-03-24,2023-08-24,393,block_4_6,0.7588611372074464
sp500_full,357,357,1.4 HCAL Flag,test,2023-06-26,2022-03-24,2023-08-24,393,top_3,0.30183133024270337
sp500_full,357,357,1.4 HCAL Flag,test,2023-06-26,2022-03-24,2023-08-24,393,top_6,0.4408192583061655
sp500_full,357,357,1.4 HCAL Flag,test,2023-06-26,2022-03-24,2023-08-24,393,flag_nested,0.25495636212959544
sp500_full,357,357,1.4 HCAL Flag,test,2023-07-17,2022-04-13,2023-09-14,394,market_1,0.023524124596749352
sp500_full,357,357,1.4 HCAL Flag,test,2023-07-17,2022-04-13,2023-09-14,394,block_2_3,0.4861199120379791
sp500_full,357,357,1.4 HCAL Flag,test,2023-07-17,2022-04-13,2023-09-14,394,block_4_6,0.7217837418211072
sp500_full,357,357,1.4 HCAL Flag,test,2023-07-17,2022-04-13,2023-09-14,394,top_3,0.3316466669570664
sp500_full,357,357,1.4 HCAL Flag,test,2023-07-17,2022-04-13,2023-09-14,394,top_6,0.4113694091876769
sp500_full,357,357,1.4 HCAL Flag,test,2023-07-17,2022-04-13,2023-09-14,394,flag_nested,0.25551340024716424
sp500_full,357,357,1.4 HCAL Flag,test,2023-08-04,2022-05-04,2023-10-04,395,market_1,0.02279030861384157
sp500_full,357,357,1.4 HCAL Flag,test,2023-08-04,2022-05-04,2023-10-04,395,block_2_3,0.46200025783412146
sp500_full,357,357,1.4 HCAL Flag,test,2023-08-04,2022-05-04,2023-10-04,395,block_4_6,0.7239049188676486
sp500_full,357,357,1.4 HCAL Flag,test,2023-08-04,2022-05-04,2023-10-04,395,top_3,0.3154252615079063
sp500_full,357,357,1.4 HCAL Flag,test,2023-08-04,2022-05-04,2023-10-04,395,top_6,0.4195640771024672
sp500_full,357,357,1.4 HCAL Flag,test,2023-08-04,2022-05-04,2023-10-04,395,flag_nested,0.25259321574140503
sp500_full,357,357,1.4 HCAL Flag,test,2023-08-24,2022-05-24,2023-10-24,396,market_1,0.022562636564334437
sp500_full,357,357,1.4 HCAL Flag,test,2023-08-24,2022-05-24,2023-10-24,396,block_2_3,0.46226434279560646
sp500_full,357,357,1.4 HCAL Flag,test,2023-08-24,2022-05-24,2023-10-24,396,block_4_6,0.6980562589757199
sp500_full,357,357,1.4 HCAL Flag,test,2023-08-24,2022-05-24,2023-10-24,396,top_3,0.31553512636180825
sp500_full,357,357,1.4 HCAL Flag,test,2023-08-24,2022-05-24,2023-10-24,396,top_6,0.39643876356079805
sp500_full,357,357,1.4 HCAL Flag,test,2023-08-24,2022-05-24,2023-10-24,396,flag_nested,0.24484550882898026
sp500_full,357,357,1.4 HCAL Flag,test,2023-09-14,2022-06-14,2023-11-13,397,market_1,0.024209648472379608
sp500_full,357,357,1.4 HCAL Flag,test,2023-09-14,2022-06-14,2023-11-13,397,block_2_3,0.5239338181929967
sp500_full,357,357,1.4 HCAL Flag,test,2023-09-14,2022-06-14,2023-11-13,397,block_4_6,0.6986105311671488
sp500_full,357,357,1.4 HCAL Flag,test,2023-09-14,2022-06-14,2023-11-13,397,top_3,0.35710017934385113
sp500_full,357,357,1.4 HCAL Flag,test,2023-09-14,2022-06-14,2023-11-13,397,top_6,0.38462522865698645
sp500_full,357,357,1.4 HCAL Flag,test,2023-09-14,2022-06-14,2023-11-13,397,flag_nested,0.2553116854910724
sp500_full,357,357,1.4 HCAL Flag,test,2023-10-04,2022-07-06,2023-12-04,398,market_1,0.024022670763058307
sp500_full,357,357,1.4 HCAL Flag,test,2023-10-04,2022-07-06,2023-12-04,398,block_2_3,0.49701432142077073
sp500_full,357,357,1.4 HCAL Flag,test,2023-10-04,2022-07-06,2023-12-04,398,block_4_6,0.7046536667643076
sp500_full,357,357,1.4 HCAL Flag,test,2023-10-04,2022-07-06,2023-12-04,398,top_3,0.33913430214676116
sp500_full,357,357,1.4 HCAL Flag,test,2023-10-04,2022-07-06,2023-12-04,398,top_6,0.38614232180832114
sp500_full,357,357,1.4 HCAL Flag,test,2023-10-04,2022-07-06,2023-12-04,398,flag_nested,0.24976643157271353
sp500_full,357,357,1.4 HCAL Flag,test,2023-10-24,2022-07-26,2023-12-22,399,market_1,0.023967337910729025
sp500_full,357,357,1.4 HCAL Flag,test,2023-10-24,2022-07-26,2023-12-22,399,block_2_3,0.5050321494066863
sp500_full,357,357,1.4 HCAL Flag,test,2023-10-24,2022-07-26,2023-12-22,399,block_4_6,0.7061013084295649
sp500_full,357,357,1.4 HCAL Flag,test,2023-10-24,2022-07-26,2023-12-22,399,top_3,0.3443911394164265
sp500_full,357,357,1.4 HCAL Flag,test,2023-10-24,2022-07-26,2023-12-22,399,top_6,0.3815340926185415
sp500_full,357,357,1.4 HCAL Flag,test,2023-10-24,2022-07-26,2023-12-22,399,flag_nested,0.24996418998189904
sp500_full,357,357,1.4 HCAL Flag,test,2023-11-13,2022-08-15,2024-01-16,400,market_1,0.02549695468469082
sp500_full,357,357,1.4 HCAL Flag,test,2023-11-13,2022-08-15,2024-01-16,400,block_2_3,0.5226529425819066
sp500_full,357,357,1.4 HCAL Flag,test,2023-11-13,2022-08-15,2024-01-16,400,block_4_6,0.7058451915119192
sp500_full,357,357,1.4 HCAL Flag,test,2023-11-13,2022-08-15,2024-01-16,400,top_3,0.3566053899434933
sp500_full,357,357,1.4 HCAL Flag,test,2023-11-13,2022-08-15,2024-01-16,400,top_6,0.3876368499662488
sp500_full,357,357,1.4 HCAL Flag,test,2023-11-13,2022-08-15,2024-01-16,400,flag_nested,0.2565797315314777
sp500_full,357,357,1.4 HCAL Flag,test,2023-12-04,2022-09-02,2024-02-05,401,market_1,0.02556058555689733
sp500_full,357,357,1.4 HCAL Flag,test,2023-12-04,2022-09-02,2024-02-05,401,block_2_3,0.6165319927696615
sp500_full,357,357,1.4 HCAL Flag,test,2023-12-04,2022-09-02,2024-02-05,401,block_4_6,0.69333597300631
sp500_full,357,357,1.4 HCAL Flag,test,2023-12-04,2022-09-02,2024-02-05,401,top_3,0.419241126445604
sp500_full,357,357,1.4 HCAL Flag,test,2023-12-04,2022-09-02,2024-02-05,401,top_6,0.3744829464243038
sp500_full,357,357,1.4 HCAL Flag,test,2023-12-04,2022-09-02,2024-02-05,401,flag_nested,0.2730948861422684
sp500_full,357,357,1.4 HCAL Flag,test,2023-12-22,2022-09-23,2024-02-26,402,market_1,0.028126693415619797
sp500_full,357,357,1.4 HCAL Flag,test,2023-12-22,2022-09-23,2024-02-26,402,block_2_3,0.6603846078509257
sp500_full,357,357,1.4 HCAL Flag,test,2023-12-22,2022-09-23,2024-02-26,402,block_4_6,0.7481828490489929
sp500_full,357,357,1.4 HCAL Flag,test,2023-12-22,2022-09-23,2024-02-26,402,top_3,0.4490639115613582
sp500_full,357,357,1.4 HCAL Flag,test,2023-12-22,2022-09-23,2024-02-26,402,top_6,0.3944735082593664
sp500_full,357,357,1.4 HCAL Flag,test,2023-12-22,2022-09-23,2024-02-26,402,flag_nested,0.2905547044121148
sp500_full,357,357,1.4 HCAL Flag,test,2024-01-16,2022-10-13,2024-03-15,403,market_1,0.03209513324055413
sp500_full,357,357,1.4 HCAL Flag,test,2024-01-16,2022-10-13,2024-03-15,403,block_2_3,0.6645691073698892
sp500_full,357,357,1.4 HCAL Flag,test,2024-01-16,2022-10-13,2024-03-15,403,block_4_6,0.7346016799447582
sp500_full,357,357,1.4 HCAL Flag,test,2024-01-16,2022-10-13,2024-03-15,403,top_3,0.4529092169943844
sp500_full,357,357,1.4 HCAL Flag,test,2024-01-16,2022-10-13,2024-03-15,403,top_6,0.3890387411236646
sp500_full,357,357,1.4 HCAL Flag,test,2024-01-16,2022-10-13,2024-03-15,403,flag_nested,0.2913476971195344
sp500_full,357,357,1.4 HCAL Flag,test,2024-02-05,2022-11-02,2024-04-05,404,market_1,0.0362900055170412
sp500_full,357,357,1.4 HCAL Flag,test,2024-02-05,2022-11-02,2024-04-05,404,block_2_3,0.6694546608671627
sp500_full,357,357,1.4 HCAL Flag,test,2024-02-05,2022-11-02,2024-04-05,404,block_4_6,0.7452506541800857
sp500_full,357,357,1.4 HCAL Flag,test,2024-02-05,2022-11-02,2024-04-05,404,top_3,0.4570536244970198
sp500_full,357,357,1.4 HCAL Flag,test,2024-02-05,2022-11-02,2024-04-05,404,top_6,0.39471403985010856
sp500_full,357,357,1.4 HCAL Flag,test,2024-02-05,2022-11-02,2024-04-05,404,flag_nested,0.2960192232880565
sp500_full,357,357,1.4 HCAL Flag,test,2024-02-26,2022-11-22,2024-04-25,405,market_1,0.03763580427318158
sp500_full,357,357,1.4 HCAL Flag,test,2024-02-26,2022-11-22,2024-04-25,405,block_2_3,0.6701702631012133
sp500_full,357,357,1.4 HCAL Flag,test,2024-02-26,2022-11-22,2024-04-25,405,block_4_6,0.7458355589762545
sp500_full,357,357,1.4 HCAL Flag,test,2024-02-26,2022-11-22,2024-04-25,405,top_3,0.4579807259905572
sp500_full,357,357,1.4 HCAL Flag,test,2024-02-26,2022-11-22,2024-04-25,405,top_6,0.39112919312223915
sp500_full,357,357,1.4 HCAL Flag,test,2024-02-26,2022-11-22,2024-04-25,405,flag_nested,0.29558190779532595
sp500_full,357,357,1.4 HCAL Flag,test,2024-03-15,2022-12-13,2024-05-15,406,market_1,0.040641263264918126
sp500_full,357,357,1.4 HCAL Flag,test,2024-03-15,2022-12-13,2024-05-15,406,block_2_3,0.668595863842028
sp500_full,357,357,1.4 HCAL Flag,test,2024-03-15,2022-12-13,2024-05-15,406,block_4_6,0.7566364957595747
sp500_full,357,357,1.4 HCAL Flag,test,2024-03-15,2022-12-13,2024-05-15,406,top_3,0.4576365745379987
sp500_full,357,357,1.4 HCAL Flag,test,2024-03-15,2022-12-13,2024-05-15,406,top_6,0.4062579153749484
sp500_full,357,357,1.4 HCAL Flag,test,2024-03-15,2022-12-13,2024-05-15,406,flag_nested,0.3015119177259551
sp500_full,357,357,1.4 HCAL Flag,test,2024-04-05,2023-01-04,2024-06-05,407,market_1,0.038060338633095325
sp500_full,357,357,1.4 HCAL Flag,test,2024-04-05,2023-01-04,2024-06-05,407,block_2_3,0.6911211436502831
sp500_full,357,357,1.4 HCAL Flag,test,2024-04-05,2023-01-04,2024-06-05,407,block_4_6,0.7993372851125423
sp500_full,357,357,1.4 HCAL Flag,test,2024-04-05,2023-01-04,2024-06-05,407,top_3,0.47246996731313023
sp500_full,357,357,1.4 HCAL Flag,test,2024-04-05,2023-01-04,2024-06-05,407,top_6,0.40781820508162364
sp500_full,357,357,1.4 HCAL Flag,test,2024-04-05,2023-01-04,2024-06-05,407,flag_nested,0.30611617034261646
sp500_full,357,357,1.4 HCAL Flag,test,2024-04-25,2023-01-25,2024-06-26,408,market_1,0.04251191888824868
sp500_full,357,357,1.4 HCAL Flag,test,2024-04-25,2023-01-25,2024-06-26,408,block_2_3,0.6384092846864158
sp500_full,357,357,1.4 HCAL Flag,test,2024-04-25,2023-01-25,2024-06-26,408,block_4_6,0.765141766330165
sp500_full,357,357,1.4 HCAL Flag,test,2024-04-25,2023-01-25,2024-06-26,408,top_3,0.4379295380219083
sp500_full,357,357,1.4 HCAL Flag,test,2024-04-25,2023-01-25,2024-06-26,408,top_6,0.3705086920671606
sp500_full,357,357,1.4 HCAL Flag,test,2024-04-25,2023-01-25,2024-06-26,408,flag_nested,0.28365004965910584
sp500_full,357,357,1.4 HCAL Flag,test,2024-05-15,2023-02-14,2024-07-17,409,market_1,0.049153528759254606
sp500_full,357,357,1.4 HCAL Flag,test,2024-05-15,2023-02-14,2024-07-17,409,block_2_3,0.6366109208189578
sp500_full,357,357,1.4 HCAL Flag,test,2024-05-15,2023-02-14,2024-07-17,409,block_4_6,0.7400126146931418
sp500_full,357,357,1.4 HCAL Flag,test,2024-05-15,2023-02-14,2024-07-17,409,top_3,0.43842005632700864
sp500_full,357,357,1.4 HCAL Flag,test,2024-05-15,2023-02-14,2024-07-17,409,top_6,0.3709392876643594
sp500_full,357,357,1.4 HCAL Flag,test,2024-05-15,2023-02-14,2024-07-17,409,flag_nested,0.2861709575835409
sp500_full,357,357,1.4 HCAL Flag,test,2024-06-05,2023-03-07,2024-08-06,410,market_1,0.04974948611735164
sp500_full,357,357,1.4 HCAL Flag,test,2024-06-05,2023-03-07,2024-08-06,410,block_2_3,0.6700390628433899
sp500_full,357,357,1.4 HCAL Flag,test,2024-06-05,2023-03-07,2024-08-06,410,block_4_6,0.748052868160216
sp500_full,357,357,1.4 HCAL Flag,test,2024-06-05,2023-03-07,2024-08-06,410,top_3,0.4604431780751945
sp500_full,357,357,1.4 HCAL Flag,test,2024-06-05,2023-03-07,2024-08-06,410,top_6,0.4021225895680794
sp500_full,357,357,1.4 HCAL Flag,test,2024-06-05,2023-03-07,2024-08-06,410,flag_nested,0.3041050845868752
sp500_full,357,357,1.4 HCAL Flag,test,2024-06-26,2023-03-27,2024-08-26,411,market_1,0.05057689473327798
sp500_full,357,357,1.4 HCAL Flag,test,2024-06-26,2023-03-27,2024-08-26,411,block_2_3,0.6813372628130956
sp500_full,357,357,1.4 HCAL Flag,test,2024-06-26,2023-03-27,2024-08-26,411,block_4_6,0.7161031070564121
sp500_full,357,357,1.4 HCAL Flag,test,2024-06-26,2023-03-27,2024-08-26,411,top_3,0.4680316426929922
sp500_full,357,357,1.4 HCAL Flag,test,2024-06-26,2023-03-27,2024-08-26,411,top_6,0.3942615915030346
sp500_full,357,357,1.4 HCAL Flag,test,2024-06-26,2023-03-27,2024-08-26,411,flag_nested,0.30429004297643486
sp500_full,357,357,1.4 HCAL Flag,test,2024-07-17,2023-04-17,2024-09-16,412,market_1,0.047038232050440776
sp500_full,357,357,1.4 HCAL Flag,test,2024-07-17,2023-04-17,2024-09-16,412,block_2_3,0.677830391429975
sp500_full,357,357,1.4 HCAL Flag,test,2024-07-17,2023-04-17,2024-09-16,412,block_4_6,0.705399139734341
sp500_full,357,357,1.4 HCAL Flag,test,2024-07-17,2023-04-17,2024-09-16,412,top_3,0.46452408867602674
sp500_full,357,357,1.4 HCAL Flag,test,2024-07-17,2023-04-17,2024-09-16,412,top_6,0.41054149754785074
sp500_full,357,357,1.4 HCAL Flag,test,2024-07-17,2023-04-17,2024-09-16,412,flag_nested,0.30736793942477275
sp500_full,357,357,1.4 HCAL Flag,test,2024-08-06,2023-05-05,2024-10-04,413,market_1,0.04569171584079479
sp500_full,357,357,1.4 HCAL Flag,test,2024-08-06,2023-05-05,2024-10-04,413,block_2_3,0.6906444576652535
sp500_full,357,357,1.4 HCAL Flag,test,2024-08-06,2023-05-05,2024-10-04,413,block_4_6,0.6928335355849202
sp500_full,357,357,1.4 HCAL Flag,test,2024-08-06,2023-05-05,2024-10-04,413,top_3,0.4725925845434537
sp500_full,357,357,1.4 HCAL Flag,test,2024-08-06,2023-05-05,2024-10-04,413,top_6,0.40216691300715474
sp500_full,357,357,1.4 HCAL Flag,test,2024-08-06,2023-05-05,2024-10-04,413,flag_nested,0.3068170711304678
sp500_full,357,357,1.4 HCAL Flag,test,2024-08-26,2023-05-25,2024-10-24,414,market_1,0.045824107246072776
sp500_full,357,357,1.4 HCAL Flag,test,2024-08-26,2023-05-25,2024-10-24,414,block_2_3,0.6807434122019494
sp500_full,357,357,1.4 HCAL Flag,test,2024-08-26,2023-05-25,2024-10-24,414,block_4_6,0.7000627085639596
sp500_full,357,357,1.4 HCAL Flag,test,2024-08-26,2023-05-25,2024-10-24,414,top_3,0.46738713166340945
sp500_full,357,357,1.4 HCAL Flag,test,2024-08-26,2023-05-25,2024-10-24,414,top_6,0.38666194776117524
sp500_full,357,357,1.4 HCAL Flag,test,2024-08-26,2023-05-25,2024-10-24,414,flag_nested,0.29995772889021916
sp500_full,357,357,1.4 HCAL Flag,test,2024-09-16,2023-06-15,2024-11-13,415,market_1,0.044501928152773096
sp500_full,357,357,1.4 HCAL Flag,test,2024-09-16,2023-06-15,2024-11-13,415,block_2_3,0.685312682746833
sp500_full,357,357,1.4 HCAL Flag,test,2024-09-16,2023-06-15,2024-11-13,415,block_4_6,0.7181877831141618
sp500_full,357,357,1.4 HCAL Flag,test,2024-09-16,2023-06-15,2024-11-13,415,top_3,0.4693929237055288
sp500_full,357,357,1.4 HCAL Flag,test,2024-09-16,2023-06-15,2024-11-13,415,top_6,0.393208067449837
sp500_full,357,357,1.4 HCAL Flag,test,2024-09-16,2023-06-15,2024-11-13,415,flag_nested,0.3023676397693797
sp500_full,357,357,1.4 HCAL Flag,test,2024-10-04,2023-07-07,2024-12-04,416,market_1,0.048652186487410654
sp500_full,357,357,1.4 HCAL Flag,test,2024-10-04,2023-07-07,2024-12-04,416,block_2_3,0.6783468443758656
sp500_full,357,357,1.4 HCAL Flag,test,2024-10-04,2023-07-07,2024-12-04,416,block_4_6,0.7242827191740963
sp500_full,357,357,1.4 HCAL Flag,test,2024-10-04,2023-07-07,2024-12-04,416,top_3,0.4655471940940701
sp500_full,357,357,1.4 HCAL Flag,test,2024-10-04,2023-07-07,2024-12-04,416,top_6,0.37760000222405127
sp500_full,357,357,1.4 HCAL Flag,test,2024-10-04,2023-07-07,2024-12-04,416,flag_nested,0.29726646093517733
sp500_full,357,357,1.4 HCAL Flag,test,2024-10-24,2023-07-27,2024-12-24,417,market_1,0.04483345244852577
sp500_full,357,357,1.4 HCAL Flag,test,2024-10-24,2023-07-27,2024-12-24,417,block_2_3,0.6980652695600147
sp500_full,357,357,1.4 HCAL Flag,test,2024-10-24,2023-07-27,2024-12-24,417,block_4_6,0.7574632121069702
sp500_full,357,357,1.4 HCAL Flag,test,2024-10-24,2023-07-27,2024-12-24,417,top_3,0.4784840271465367
sp500_full,357,357,1.4 HCAL Flag,test,2024-10-24,2023-07-27,2024-12-24,417,top_6,0.3889439348173527
sp500_full,357,357,1.4 HCAL Flag,test,2024-10-24,2023-07-27,2024-12-24,417,flag_nested,0.30408713813747174
sp500_full,357,357,1.4 HCAL Flag,test,2024-11-13,2023-08-16,2025-01-16,418,market_1,0.04215627073124406
sp500_full,357,357,1.4 HCAL Flag,test,2024-11-13,2023-08-16,2025-01-16,418,block_2_3,0.6863755213169889
sp500_full,357,357,1.4 HCAL Flag,test,2024-11-13,2023-08-16,2025-01-16,418,block_4_6,0.7342244677334447
sp500_full,357,357,1.4 HCAL Flag,test,2024-11-13,2023-08-16,2025-01-16,418,top_3,0.47069871918718675
sp500_full,357,357,1.4 HCAL Flag,test,2024-11-13,2023-08-16,2025-01-16,418,top_6,0.3827511527061447
sp500_full,357,357,1.4 HCAL Flag,test,2024-11-13,2023-08-16,2025-01-16,418,flag_nested,0.2985353808748585
sp500_full,357,357,1.4 HCAL Flag,test,2024-12-04,2023-09-06,2025-02-06,419,market_1,0.04544155128283267
sp500_full,357,357,1.4 HCAL Flag,test,2024-12-04,2023-09-06,2025-02-06,419,block_2_3,0.6621027860962951
sp500_full,357,357,1.4 HCAL Flag,test,2024-12-04,2023-09-06,2025-02-06,419,block_4_6,0.7282637005703322
sp500_full,357,357,1.4 HCAL Flag,test,2024-12-04,2023-09-06,2025-02-06,419,top_3,0.4550541557316324
sp500_full,357,357,1.4 HCAL Flag,test,2024-12-04,2023-09-06,2025-02-06,419,top_6,0.38337637625610294
sp500_full,357,357,1.4 HCAL Flag,test,2024-12-04,2023-09-06,2025-02-06,419,flag_nested,0.294624027756856
sp500_full,357,357,1.4 HCAL Flag,test,2024-12-24,2023-09-26,2025-02-27,420,market_1,0.04581935013579974
sp500_full,357,357,1.4 HCAL Flag,test,2024-12-24,2023-09-26,2025-02-27,420,block_2_3,0.6994180119732838
sp500_full,357,357,1.4 HCAL Flag,test,2024-12-24,2023-09-26,2025-02-27,420,block_4_6,0.7386315854138212
sp500_full,357,357,1.4 HCAL Flag,test,2024-12-24,2023-09-26,2025-02-27,420,top_3,0.4791540964240282
sp500_full,357,357,1.4 HCAL Flag,test,2024-12-24,2023-09-26,2025-02-27,420,top_6,0.3817039448735735
sp500_full,357,357,1.4 HCAL Flag,test,2024-12-24,2023-09-26,2025-02-27,420,flag_nested,0.3022257971444671
sp500_full,357,357,1.4 HCAL Flag,test,2025-01-16,2023-10-16,2025-03-19,421,market_1,0.04247979852111117
sp500_full,357,357,1.4 HCAL Flag,test,2025-01-16,2023-10-16,2025-03-19,421,block_2_3,0.71568456180973
sp500_full,357,357,1.4 HCAL Flag,test,2025-01-16,2023-10-16,2025-03-19,421,block_4_6,0.739005809938606
sp500_full,357,357,1.4 HCAL Flag,test,2025-01-16,2023-10-16,2025-03-19,421,top_3,0.4889920734758533
sp500_full,357,357,1.4 HCAL Flag,test,2025-01-16,2023-10-16,2025-03-19,421,top_6,0.38911431198631
sp500_full,357,357,1.4 HCAL Flag,test,2025-01-16,2023-10-16,2025-03-19,421,flag_nested,0.3068620613277582
sp500_full,357,357,1.4 HCAL Flag,test,2025-02-06,2023-11-03,2025-04-08,422,market_1,0.041122565573215364
sp500_full,357,357,1.4 HCAL Flag,test,2025-02-06,2023-11-03,2025-04-08,422,block_2_3,0.7063720101475721
sp500_full,357,357,1.4 HCAL Flag,test,2025-02-06,2023-11-03,2025-04-08,422,block_4_6,0.7188434873549209
sp500_full,357,357,1.4 HCAL Flag,test,2025-02-06,2023-11-03,2025-04-08,422,top_3,0.48304259543923966
sp500_full,357,357,1.4 HCAL Flag,test,2025-02-06,2023-11-03,2025-04-08,422,top_6,0.38383377454099654
sp500_full,357,357,1.4 HCAL Flag,test,2025-02-06,2023-11-03,2025-04-08,422,flag_nested,0.3026663118511505
sp500_full,357,357,1.4 HCAL Flag,test,2025-02-27,2023-11-24,2025-04-29,423,market_1,0.037579390430048876
sp500_full,357,357,1.4 HCAL Flag,test,2025-02-27,2023-11-24,2025-04-29,423,block_2_3,0.7076873606097236
sp500_full,357,357,1.4 HCAL Flag,test,2025-02-27,2023-11-24,2025-04-29,423,block_4_6,0.7261512004553472
sp500_full,357,357,1.4 HCAL Flag,test,2025-02-27,2023-11-24,2025-04-29,423,top_3,0.4832427872397566
sp500_full,357,357,1.4 HCAL Flag,test,2025-02-27,2023-11-24,2025-04-29,423,top_6,0.3840868884515671
sp500_full,357,357,1.4 HCAL Flag,test,2025-02-27,2023-11-24,2025-04-29,423,flag_nested,0.30163635537379085
sp500_full,357,357,1.4 HCAL Flag,test,2025-03-19,2023-12-14,2025-05-19,424,market_1,0.03733706048466867
sp500_full,357,357,1.4 HCAL Flag,test,2025-03-19,2023-12-14,2025-05-19,424,block_2_3,0.7047750336265115
sp500_full,357,357,1.4 HCAL Flag,test,2025-03-19,2023-12-14,2025-05-19,424,block_4_6,0.7401097537600864
sp500_full,357,357,1.4 HCAL Flag,test,2025-03-19,2023-12-14,2025-05-19,424,top_3,0.4814674087298307
sp500_full,357,357,1.4 HCAL Flag,test,2025-03-19,2023-12-14,2025-05-19,424,top_6,0.3905892180453608
sp500_full,357,357,1.4 HCAL Flag,test,2025-03-19,2023-12-14,2025-05-19,424,flag_nested,0.30313122908662
sp500_full,357,357,1.4 HCAL Flag,test,2025-04-08,2024-01-05,2025-06-09,425,market_1,0.03795116083040062
sp500_full,357,357,1.4 HCAL Flag,test,2025-04-08,2024-01-05,2025-06-09,425,block_2_3,0.6961081135719842
sp500_full,357,357,1.4 HCAL Flag,test,2025-04-08,2024-01-05,2025-06-09,425,block_4_6,0.7560098882294146
sp500_full,357,357,1.4 HCAL Flag,test,2025-04-08,2024-01-05,2025-06-09,425,top_3,0.47603655047440435
sp500_full,357,357,1.4 HCAL Flag,test,2025-04-08,2024-01-05,2025-06-09,425,top_6,0.3940542962798667
sp500_full,357,357,1.4 HCAL Flag,test,2025-04-08,2024-01-05,2025-06-09,425,flag_nested,0.3026806691948906
sp500_full,357,357,1.4 HCAL Flag,test,2025-04-29,2024-01-26,2025-06-30,426,market_1,0.041048239771993233
sp500_full,357,357,1.4 HCAL Flag,test,2025-04-29,2024-01-26,2025-06-30,426,block_2_3,0.6986660367992363
sp500_full,357,357,1.4 HCAL Flag,test,2025-04-29,2024-01-26,2025-06-30,426,block_4_6,0.730890190339902
sp500_full,357,357,1.4 HCAL Flag,test,2025-04-29,2024-01-26,2025-06-30,426,top_3,0.47874650357952403
sp500_full,357,357,1.4 HCAL Flag,test,2025-04-29,2024-01-26,2025-06-30,426,top_6,0.3850487293356624
sp500_full,357,357,1.4 HCAL Flag,test,2025-04-29,2024-01-26,2025-06-30,426,flag_nested,0.30161449089572656
sp500_full,357,357,1.4 HCAL Flag,test,2025-05-19,2024-02-15,2025-07-21,427,market_1,0.04499072091376033
sp500_full,357,357,1.4 HCAL Flag,test,2025-05-19,2024-02-15,2025-07-21,427,block_2_3,0.6707846504688996
sp500_full,357,357,1.4 HCAL Flag,test,2025-05-19,2024-02-15,2025-07-21,427,block_4_6,0.687455689125608
sp500_full,357,357,1.4 HCAL Flag,test,2025-05-19,2024-02-15,2025-07-21,427,top_3,0.46183202664842943
sp500_full,357,357,1.4 HCAL Flag,test,2025-05-19,2024-02-15,2025-07-21,427,top_6,0.39326245202213167
sp500_full,357,357,1.4 HCAL Flag,test,2025-05-19,2024-02-15,2025-07-21,427,flag_nested,0.30002839986144053
sp500_full,357,357,1.4 HCAL Flag,test,2025-06-09,2024-03-07,2025-08-08,428,market_1,0.043492778250583286
sp500_full,357,357,1.4 HCAL Flag,test,2025-06-09,2024-03-07,2025-08-08,428,block_2_3,0.6527913493268537
sp500_full,357,357,1.4 HCAL Flag,test,2025-06-09,2024-03-07,2025-08-08,428,block_4_6,0.6153434201260207
sp500_full,357,357,1.4 HCAL Flag,test,2025-06-09,2024-03-07,2025-08-08,428,top_3,0.4492394943493137
sp500_full,357,357,1.4 HCAL Flag,test,2025-06-09,2024-03-07,2025-08-08,428,top_6,0.380463421701654
sp500_full,357,357,1.4 HCAL Flag,test,2025-06-09,2024-03-07,2025-08-08,428,flag_nested,0.2910652314338503
sp500_full,357,357,1.4 HCAL Flag,test,2025-06-30,2024-03-27,2025-08-28,429,market_1,0.041409970250272043
sp500_full,357,357,1.4 HCAL Flag,test,2025-06-30,2024-03-27,2025-08-28,429,block_2_3,0.6229216422107818
sp500_full,357,357,1.4 HCAL Flag,test,2025-06-30,2024-03-27,2025-08-28,429,block_4_6,0.6250776378279147
sp500_full,357,357,1.4 HCAL Flag,test,2025-06-30,2024-03-27,2025-08-28,429,top_3,0.4282101457289687
sp500_full,357,357,1.4 HCAL Flag,test,2025-06-30,2024-03-27,2025-08-28,429,top_6,0.4123999804654644
sp500_full,357,357,1.4 HCAL Flag,test,2025-06-30,2024-03-27,2025-08-28,429,flag_nested,0.2940066988149017
sp500_full,357,357,1.4 HCAL Flag,test,2025-07-21,2024-04-17,2025-09-18,430,market_1,0.04466195995447564
sp500_full,357,357,1.4 HCAL Flag,test,2025-07-21,2024-04-17,2025-09-18,430,block_2_3,0.5976186024008883
sp500_full,357,357,1.4 HCAL Flag,test,2025-07-21,2024-04-17,2025-09-18,430,block_4_6,0.6266172513876213
sp500_full,357,357,1.4 HCAL Flag,test,2025-07-21,2024-04-17,2025-09-18,430,top_3,0.4115779365447436
sp500_full,357,357,1.4 HCAL Flag,test,2025-07-21,2024-04-17,2025-09-18,430,top_6,0.40261587664847803
sp500_full,357,357,1.4 HCAL Flag,test,2025-07-21,2024-04-17,2025-09-18,430,flag_nested,0.28628525771589913
sp500_full,357,357,1.4 HCAL Flag,test,2025-08-08,2024-05-07,2025-10-08,431,market_1,0.04759334508820412
sp500_full,357,357,1.4 HCAL Flag,test,2025-08-08,2024-05-07,2025-10-08,431,block_2_3,0.5923849686058584
sp500_full,357,357,1.4 HCAL Flag,test,2025-08-08,2024-05-07,2025-10-08,431,block_4_6,0.6361825284613214
sp500_full,357,357,1.4 HCAL Flag,test,2025-08-08,2024-05-07,2025-10-08,431,top_3,0.40926573258653626
sp500_full,357,357,1.4 HCAL Flag,test,2025-08-08,2024-05-07,2025-10-08,431,top_6,0.4150710411271255
sp500_full,357,357,1.4 HCAL Flag,test,2025-08-08,2024-05-07,2025-10-08,431,flag_nested,0.2906433729339553
sp500_full,357,357,1.4 HCAL Flag,test,2025-08-28,2024-05-28,2025-10-28,432,market_1,0.04478782420462435
sp500_full,357,357,1.4 HCAL Flag,test,2025-08-28,2024-05-28,2025-10-28,432,block_2_3,0.5953452284810921
sp500_full,357,357,1.4 HCAL Flag,test,2025-08-28,2024-05-28,2025-10-28,432,block_4_6,0.6402841335890267
sp500_full,357,357,1.4 HCAL Flag,test,2025-08-28,2024-05-28,2025-10-28,432,top_3,0.41085365240705324
sp500_full,357,357,1.4 HCAL Flag,test,2025-08-28,2024-05-28,2025-10-28,432,top_6,0.42031764299687996
sp500_full,357,357,1.4 HCAL Flag,test,2025-08-28,2024-05-28,2025-10-28,432,flag_nested,0.29198637320285253
sp500_full,357,357,1.4 HCAL Flag,test,2025-09-18,2024-06-17,2025-11-17,433,market_1,0.04661804728471741
sp500_full,357,357,1.4 HCAL Flag,test,2025-09-18,2024-06-17,2025-11-17,433,block_2_3,0.5702861473184524
sp500_full,357,357,1.4 HCAL Flag,test,2025-09-18,2024-06-17,2025-11-17,433,block_4_6,0.6324463747040073
sp500_full,357,357,1.4 HCAL Flag,test,2025-09-18,2024-06-17,2025-11-17,433,top_3,0.3942028362937359
sp500_full,357,357,1.4 HCAL Flag,test,2025-09-18,2024-06-17,2025-11-17,433,top_6,0.42156312819469166
sp500_full,357,357,1.4 HCAL Flag,test,2025-09-18,2024-06-17,2025-11-17,433,flag_nested,0.287461337257715
sp500_full,357,357,1.4 HCAL Flag,test,2025-10-08,2024-07-09,2025-12-08,434,market_1,0.040951116250785624
sp500_full,357,357,1.4 HCAL Flag,test,2025-10-08,2024-07-09,2025-12-08,434,block_2_3,0.5765167521439594
sp500_full,357,357,1.4 HCAL Flag,test,2025-10-08,2024-07-09,2025-12-08,434,block_4_6,0.6144523405880408
sp500_full,357,357,1.4 HCAL Flag,test,2025-10-08,2024-07-09,2025-12-08,434,top_3,0.39661362863486843
sp500_full,357,357,1.4 HCAL Flag,test,2025-10-08,2024-07-09,2025-12-08,434,top_6,0.40594350701558773
sp500_full,357,357,1.4 HCAL Flag,test,2025-10-08,2024-07-09,2025-12-08,434,flag_nested,0.28116941730041395
sp500_full,357,357,1.4 HCAL Flag,test,2025-10-28,2024-07-29,2025-12-29,435,market_1,0.04143451032498091
sp500_full,357,357,1.4 HCAL Flag,test,2025-10-28,2024-07-29,2025-12-29,435,block_2_3,0.5685443748438753
sp500_full,357,357,1.4 HCAL Flag,test,2025-10-28,2024-07-29,2025-12-29,435,block_4_6,0.6408616908590051
sp500_full,357,357,1.4 HCAL Flag,test,2025-10-28,2024-07-29,2025-12-29,435,top_3,0.39176391487552786
sp500_full,357,357,1.4 HCAL Flag,test,2025-10-28,2024-07-29,2025-12-29,435,top_6,0.39745732731622013
sp500_full,357,357,1.4 HCAL Flag,test,2025-10-28,2024-07-29,2025-12-29,435,flag_nested,0.27688525083890964
sp500_full,357,357,1.4 HCAL Flag,test,2025-11-17,2024-08-16,2026-01-20,436,market_1,0.04086827790464542
sp500_full,357,357,1.4 HCAL Flag,test,2025-11-17,2024-08-16,2026-01-20,436,block_2_3,0.6032538324052932
sp500_full,357,357,1.4 HCAL Flag,test,2025-11-17,2024-08-16,2026-01-20,436,block_4_6,0.6381963820400035
sp500_full,357,357,1.4 HCAL Flag,test,2025-11-17,2024-08-16,2026-01-20,436,top_3,0.41386138746112383
sp500_full,357,357,1.4 HCAL Flag,test,2025-11-17,2024-08-16,2026-01-20,436,top_6,0.40669025830408717
sp500_full,357,357,1.4 HCAL Flag,test,2025-11-17,2024-08-16,2026-01-20,436,flag_nested,0.2871399745566188
sp500_full,357,357,1.4 HCAL Flag,test,2025-12-08,2024-09-06,2026-02-09,437,market_1,0.043331266302793825
sp500_full,357,357,1.4 HCAL Flag,test,2025-12-08,2024-09-06,2026-02-09,437,block_2_3,0.6054875697052937
sp500_full,357,357,1.4 HCAL Flag,test,2025-12-08,2024-09-06,2026-02-09,437,block_4_6,0.6090074693039814
sp500_full,357,357,1.4 HCAL Flag,test,2025-12-08,2024-09-06,2026-02-09,437,top_3,0.4150604985304332
sp500_full,357,357,1.4 HCAL Flag,test,2025-12-08,2024-09-06,2026-02-09,437,top_6,0.3871548844328132
sp500_full,357,357,1.4 HCAL Flag,test,2025-12-08,2024-09-06,2026-02-09,437,flag_nested,0.28184888308868006
sp500_full,357,357,1.4 HCAL Flag,test,2025-12-29,2024-09-26,2026-03-02,438,market_1,0.0475392867080614
sp500_full,357,357,1.4 HCAL Flag,test,2025-12-29,2024-09-26,2026-03-02,438,block_2_3,0.5712916607168028
sp500_full,357,357,1.4 HCAL Flag,test,2025-12-29,2024-09-26,2026-03-02,438,block_4_6,0.6209841716576429
sp500_full,357,357,1.4 HCAL Flag,test,2025-12-29,2024-09-26,2026-03-02,438,top_3,0.39426773897024825
sp500_full,357,357,1.4 HCAL Flag,test,2025-12-29,2024-09-26,2026-03-02,438,top_6,0.40312086935645425
sp500_full,357,357,1.4 HCAL Flag,test,2025-12-29,2024-09-26,2026-03-02,438,flag_nested,0.2816426316782546
sp500_full,357,357,1.4 HCAL Flag,test,2026-01-20,2024-10-16,2026-03-20,439,market_1,0.04459495727990015
sp500_full,357,357,1.4 HCAL Flag,test,2026-01-20,2024-10-16,2026-03-20,439,block_2_3,0.5890090194679406
sp500_full,357,357,1.4 HCAL Flag,test,2026-01-20,2024-10-16,2026-03-20,439,block_4_6,0.6130415456359296
sp500_full,357,357,1.4 HCAL Flag,test,2026-01-20,2024-10-16,2026-03-20,439,top_3,0.404807271495287
sp500_full,357,357,1.4 HCAL Flag,test,2026-01-20,2024-10-16,2026-03-20,439,top_6,0.34721640209077237
sp500_full,357,357,1.4 HCAL Flag,test,2026-01-20,2024-10-16,2026-03-20,439,flag_nested,0.2655395436219865
sp500_full,357,357,1.4 HCAL Flag,test,2026-02-09,2024-11-05,2026-04-10,440,market_1,0.04276667188357408
sp500_full,357,357,1.4 HCAL Flag,test,2026-02-09,2024-11-05,2026-04-10,440,block_2_3,0.6058840937379172
sp500_full,357,357,1.4 HCAL Flag,test,2026-02-09,2024-11-05,2026-04-10,440,block_4_6,0.6408264866988856
sp500_full,357,357,1.4 HCAL Flag,test,2026-02-09,2024-11-05,2026-04-10,440,top_3,0.415426150136132
sp500_full,357,357,1.4 HCAL Flag,test,2026-02-09,2024-11-05,2026-04-10,440,top_6,0.36804187532723115
sp500_full,357,357,1.4 HCAL Flag,test,2026-02-09,2024-11-05,2026-04-10,440,flag_nested,0.2754115657823124
sp500_full,357,357,1.4 HCAL Flag,test,2026-03-02,2024-11-25,2026-04-30,441,market_1,0.04750902780033128
sp500_full,357,357,1.4 HCAL Flag,test,2026-03-02,2024-11-25,2026-04-30,441,block_2_3,0.6070010384500844
sp500_full,357,357,1.4 HCAL Flag,test,2026-03-02,2024-11-25,2026-04-30,441,block_4_6,0.6822313523472809
sp500_full,357,357,1.4 HCAL Flag,test,2026-03-02,2024-11-25,2026-04-30,441,top_3,0.41796336815529456
sp500_full,357,357,1.4 HCAL Flag,test,2026-03-02,2024-11-25,2026-04-30,441,top_6,0.39737718770035385
sp500_full,357,357,1.4 HCAL Flag,test,2026-03-02,2024-11-25,2026-04-30,441,flag_nested,0.2876165278853266
sp500_full,357,357,1.4 HCAL Flag,test,2026-03-20,2024-12-16,2026-05-20,442,market_1,0.049896080029376955
sp500_full,357,357,1.4 HCAL Flag,test,2026-03-20,2024-12-16,2026-05-20,442,block_2_3,0.5944080659389606
sp500_full,357,357,1.4 HCAL Flag,test,2026-03-20,2024-12-16,2026-05-20,442,block_4_6,0.6624527107932467
sp500_full,357,357,1.4 HCAL Flag,test,2026-03-20,2024-12-16,2026-05-20,442,top_3,0.4097533212058064
sp500_full,357,357,1.4 HCAL Flag,test,2026-03-20,2024-12-16,2026-05-20,442,top_6,0.43300931618407795
sp500_full,357,357,1.4 HCAL Flag,test,2026-03-20,2024-12-16,2026-05-20,442,flag_nested,0.2975529058064204
sp500_full,357,357,1.4 HCAL Flag,test,2026-04-10,2025-01-07,2026-06-10,443,market_1,0.05327850209328899
sp500_full,357,357,1.4 HCAL Flag,test,2026-04-10,2025-01-07,2026-06-10,443,block_2_3,0.6083895653709233
sp500_full,357,357,1.4 HCAL Flag,test,2026-04-10,2025-01-07,2026-06-10,443,block_4_6,0.6774724124503928
sp500_full,357,357,1.4 HCAL Flag,test,2026-04-10,2025-01-07,2026-06-10,443,top_3,0.42000910647741235
sp500_full,357,357,1.4 HCAL Flag,test,2026-04-10,2025-01-07,2026-06-10,443,top_6,0.3964749619706615
sp500_full,357,357,1.4 HCAL Flag,test,2026-04-10,2025-01-07,2026-06-10,443,flag_nested,0.28992085684712093
sp500_full,357,357,1.4 HCAL Flag,test,2026-04-30,2025-01-29,2026-07-01,444,market_1,0.04847681445437857
sp500_full,357,357,1.4 HCAL Flag,test,2026-04-30,2025-01-29,2026-07-01,444,block_2_3,0.6208609313090689
sp500_full,357,357,1.4 HCAL Flag,test,2026-04-30,2025-01-29,2026-07-01,444,block_4_6,0.6524965212747366
sp500_full,357,357,1.4 HCAL Flag,test,2026-04-30,2025-01-29,2026-07-01,444,top_3,0.42723392748495265
sp500_full,357,357,1.4 HCAL Flag,test,2026-04-30,2025-01-29,2026-07-01,444,top_6,0.40598698328934496
sp500_full,357,357,1.4 HCAL Flag,test,2026-04-30,2025-01-29,2026-07-01,444,flag_nested,0.29389924174289206
sp500_full,357,357,1.4 HCAL Flag,test,2026-05-20,2025-02-19,2026-07-22,445,market_1,0.05891192091306918
sp500_full,357,357,1.4 HCAL Flag,test,2026-05-20,2025-02-19,2026-07-22,445,block_2_3,0.6226966340453901
sp500_full,357,357,1.4 HCAL Flag,test,2026-05-20,2025-02-19,2026-07-22,445,block_4_6,0.656527923609327
sp500_full,357,357,1.4 HCAL Flag,test,2026-05-20,2025-02-19,2026-07-22,445,top_3,0.4317711644934399
sp500_full,357,357,1.4 HCAL Flag,test,2026-05-20,2025-02-19,2026-07-22,445,top_6,0.3973414213090333
sp500_full,357,357,1.4 HCAL Flag,test,2026-05-20,2025-02-19,2026-07-22,445,flag_nested,0.2960081689051808
nikkei_full,131,250,1.4 HCAL Flag,test,2019-10-31,2018-12-20,2020-01-06,335,market_1,0.016700298044650785
nikkei_full,131,250,1.4 HCAL Flag,test,2019-10-31,2018-12-20,2020-01-06,335,block_2_3,0.5253758781524277
nikkei_full,131,250,1.4 HCAL Flag,test,2019-10-31,2018-12-20,2020-01-06,335,block_4_6,0.8049881802589683
nikkei_full,131,250,1.4 HCAL Flag,test,2019-10-31,2018-12-20,2020-01-06,335,top_3,0.3553552492164427
nikkei_full,131,250,1.4 HCAL Flag,test,2019-10-31,2018-12-20,2020-01-06,335,top_6,0.5153846232990741
nikkei_full,131,250,1.4 HCAL Flag,test,2019-10-31,2018-12-20,2020-01-06,335,flag_nested,0.29581339018672254
nikkei_full,131,250,1.4 HCAL Flag,test,2019-11-21,2019-01-15,2020-01-27,336,market_1,0.017404757322078246
nikkei_full,131,250,1.4 HCAL Flag,test,2019-11-21,2019-01-15,2020-01-27,336,block_2_3,0.5169360352163297
nikkei_full,131,250,1.4 HCAL Flag,test,2019-11-21,2019-01-15,2020-01-27,336,block_4_6,0.8525202243364274
nikkei_full,131,250,1.4 HCAL Flag,test,2019-11-21,2019-01-15,2020-01-27,336,top_3,0.3501329139551994
nikkei_full,131,250,1.4 HCAL Flag,test,2019-11-21,2019-01-15,2020-01-27,336,top_6,0.5441714883205132
nikkei_full,131,250,1.4 HCAL Flag,test,2019-11-21,2019-01-15,2020-01-27,336,flag_nested,0.30390305319926364
nikkei_full,131,250,1.4 HCAL Flag,test,2019-12-11,2019-02-04,2020-02-17,337,market_1,0.015869800625377573
nikkei_full,131,250,1.4 HCAL Flag,test,2019-12-11,2019-02-04,2020-02-17,337,block_2_3,0.5419674469068103
nikkei_full,131,250,1.4 HCAL Flag,test,2019-12-11,2019-02-04,2020-02-17,337,block_4_6,0.8311611238599944
nikkei_full,131,250,1.4 HCAL Flag,test,2019-12-11,2019-02-04,2020-02-17,337,top_3,0.3659918820097747
nikkei_full,131,250,1.4 HCAL Flag,test,2019-12-11,2019-02-04,2020-02-17,337,top_6,0.5450607585389803
nikkei_full,131,250,1.4 HCAL Flag,test,2019-12-11,2019-02-04,2020-02-17,337,flag_nested,0.3089741470580442
nikkei_full,131,250,1.4 HCAL Flag,test,2020-01-06,2019-02-25,2020-03-09,338,market_1,0.013698287117959507
nikkei_full,131,250,1.4 HCAL Flag,test,2020-01-06,2019-02-25,2020-03-09,338,block_2_3,0.5366341346165923
nikkei_full,131,250,1.4 HCAL Flag,test,2020-01-06,2019-02-25,2020-03-09,338,block_4_6,0.8469707506571508
nikkei_full,131,250,1.4 HCAL Flag,test,2020-01-06,2019-02-25,2020-03-09,338,top_3,0.3616415971494246
nikkei_full,131,250,1.4 HCAL Flag,test,2020-01-06,2019-02-25,2020-03-09,338,top_6,0.5430605978938161
nikkei_full,131,250,1.4 HCAL Flag,test,2020-01-06,2019-02-25,2020-03-09,338,flag_nested,0.3061334940537334
nikkei_full,131,250,1.4 HCAL Flag,test,2020-01-27,2019-03-15,2020-03-30,339,market_1,0.016880964681866617
nikkei_full,131,250,1.4 HCAL Flag,test,2020-01-27,2019-03-15,2020-03-30,339,block_2_3,0.5295813182934432
nikkei_full,131,250,1.4 HCAL Flag,test,2020-01-27,2019-03-15,2020-03-30,339,block_4_6,0.8543078786065635
nikkei_full,131,250,1.4 HCAL Flag,test,2020-01-27,2019-03-15,2020-03-30,339,top_3,0.3571976979698365
nikkei_full,131,250,1.4 HCAL Flag,test,2020-01-27,2019-03-15,2020-03-30,339,top_6,0.5510381126534364
nikkei_full,131,250,1.4 HCAL Flag,test,2020-01-27,2019-03-15,2020-03-30,339,flag_nested,0.3083722584350465
nikkei_full,131,250,1.4 HCAL Flag,test,2020-02-17,2019-04-05,2020-04-17,340,market_1,0.014938648779374564
nikkei_full,131,250,1.4 HCAL Flag,test,2020-02-17,2019-04-05,2020-04-17,340,block_2_3,0.5422211828462444
nikkei_full,131,250,1.4 HCAL Flag,test,2020-02-17,2019-04-05,2020-04-17,340,block_4_6,0.8869414602648472
nikkei_full,131,250,1.4 HCAL Flag,test,2020-02-17,2019-04-05,2020-04-17,340,top_3,0.36574343273013366
nikkei_full,131,250,1.4 HCAL Flag,test,2020-02-17,2019-04-05,2020-04-17,340,top_6,0.5869725506749963
nikkei_full,131,250,1.4 HCAL Flag,test,2020-02-17,2019-04-05,2020-04-17,340,flag_nested,0.3225515440615015
nikkei_full,131,250,1.4 HCAL Flag,test,2020-03-09,2019-04-25,2020-05-13,341,market_1,0.015567915109805375
nikkei_full,131,250,1.4 HCAL Flag,test,2020-03-09,2019-04-25,2020-05-13,341,block_2_3,0.5159974321106638
nikkei_full,131,250,1.4 HCAL Flag,test,2020-03-09,2019-04-25,2020-05-13,341,block_4_6,0.84473753630059
nikkei_full,131,250,1.4 HCAL Flag,test,2020-03-09,2019-04-25,2020-05-13,341,top_3,0.34897532573468376
nikkei_full,131,250,1.4 HCAL Flag,test,2020-03-09,2019-04-25,2020-05-13,341,top_6,0.5605695720122831
nikkei_full,131,250,1.4 HCAL Flag,test,2020-03-09,2019-04-25,2020-05-13,341,flag_nested,0.3083709376189241
nikkei_full,131,250,1.4 HCAL Flag,test,2020-03-30,2019-05-23,2020-06-02,342,market_1,0.017880167412564374
nikkei_full,131,250,1.4 HCAL Flag,test,2020-03-30,2019-05-23,2020-06-02,342,block_2_3,0.4989680207308149
nikkei_full,131,250,1.4 HCAL Flag,test,2020-03-30,2019-05-23,2020-06-02,342,block_4_6,0.8583833918962268
nikkei_full,131,250,1.4 HCAL Flag,test,2020-03-30,2019-05-23,2020-06-02,342,top_3,0.3385165014091398
nikkei_full,131,250,1.4 HCAL Flag,test,2020-03-30,2019-05-23,2020-06-02,342,top_6,0.5794014916296945
nikkei_full,131,250,1.4 HCAL Flag,test,2020-03-30,2019-05-23,2020-06-02,342,flag_nested,0.3119327201504662
nikkei_full,131,250,1.4 HCAL Flag,test,2020-04-17,2019-06-12,2020-06-22,343,market_1,0.018229967020321203
nikkei_full,131,250,1.4 HCAL Flag,test,2020-04-17,2019-06-12,2020-06-22,343,block_2_3,0.5433462370678295
nikkei_full,131,250,1.4 HCAL Flag,test,2020-04-17,2019-06-12,2020-06-22,343,block_4_6,0.8384494460877169
nikkei_full,131,250,1.4 HCAL Flag,test,2020-04-17,2019-06-12,2020-06-22,343,top_3,0.36792965076799894
nikkei_full,131,250,1.4 HCAL Flag,test,2020-04-17,2019-06-12,2020-06-22,343,top_6,0.5699127791830211
nikkei_full,131,250,1.4 HCAL Flag,test,2020-04-17,2019-06-12,2020-06-22,343,flag_nested,0.31869079899044706
nikkei_full,131,250,1.4 HCAL Flag,test,2020-05-13,2019-07-02,2020-07-10,344,market_1,0.01811887668770673
nikkei_full,131,250,1.4 HCAL Flag,test,2020-05-13,2019-07-02,2020-07-10,344,block_2_3,0.5306111358360697
nikkei_full,131,250,1.4 HCAL Flag,test,2020-05-13,2019-07-02,2020-07-10,344,block_4_6,0.8833489931390988
nikkei_full,131,250,1.4 HCAL Flag,test,2020-05-13,2019-07-02,2020-07-10,344,top_3,0.35877165525348403
nikkei_full,131,250,1.4 HCAL Flag,test,2020-05-13,2019-07-02,2020-07-10,344,top_6,0.5905191051787887
nikkei_full,131,250,1.4 HCAL Flag,test,2020-05-13,2019-07-02,2020-07-10,344,flag_nested,0.32246987903999313
nikkei_full,131,250,1.4 HCAL Flag,test,2020-06-02,2019-07-23,2020-08-03,345,market_1,0.01858285494305656
nikkei_full,131,250,1.4 HCAL Flag,test,2020-06-02,2019-07-23,2020-08-03,345,block_2_3,0.5195020343257779
nikkei_full,131,250,1.4 HCAL Flag,test,2020-06-02,2019-07-23,2020-08-03,345,block_4_6,0.8264126559979585
nikkei_full,131,250,1.4 HCAL Flag,test,2020-06-02,2019-07-23,2020-08-03,345,top_3,0.3509731849051699
nikkei_full,131,250,1.4 HCAL Flag,test,2020-06-02,2019-07-23,2020-08-03,345,top_6,0.5454256385198413
nikkei_full,131,250,1.4 HCAL Flag,test,2020-06-02,2019-07-23,2020-08-03,345,flag_nested,0.3049938927893559
nikkei_full,131,250,1.4 HCAL Flag,test,2020-06-22,2019-08-13,2020-08-24,346,market_1,0.01362769973491007
nikkei_full,131,250,1.4 HCAL Flag,test,2020-06-22,2019-08-13,2020-08-24,346,block_2_3,0.5526747166871975
nikkei_full,131,250,1.4 HCAL Flag,test,2020-06-22,2019-08-13,2020-08-24,346,block_4_6,0.9122152092718956
nikkei_full,131,250,1.4 HCAL Flag,test,2020-06-22,2019-08-13,2020-08-24,346,top_3,0.3717250342197909
nikkei_full,131,250,1.4 HCAL Flag,test,2020-06-22,2019-08-13,2020-08-24,346,top_6,0.5757477549370426
nikkei_full,131,250,1.4 HCAL Flag,test,2020-06-22,2019-08-13,2020-08-24,346,flag_nested,0.3203668296305812
nikkei_full,131,250,1.4 HCAL Flag,test,2020-07-10,2019-09-02,2020-09-11,347,market_1,0.01159865085054379
nikkei_full,131,250,1.4 HCAL Flag,test,2020-07-10,2019-09-02,2020-09-11,347,block_2_3,0.5725188954683438
nikkei_full,131,250,1.4 HCAL Flag,test,2020-07-10,2019-09-02,2020-09-11,347,block_4_6,0.9149682171146853
nikkei_full,131,250,1.4 HCAL Flag,test,2020-07-10,2019-09-02,2020-09-11,347,top_3,0.38435640222987394
nikkei_full,131,250,1.4 HCAL Flag,test,2020-07-10,2019-09-02,2020-09-11,347,top_6,0.5703372112829108
nikkei_full,131,250,1.4 HCAL Flag,test,2020-07-10,2019-09-02,2020-09-11,347,flag_nested,0.3220974214544428
nikkei_full,131,250,1.4 HCAL Flag,test,2020-08-03,2019-09-24,2020-10-06,348,market_1,0.011792324653098984
nikkei_full,131,250,1.4 HCAL Flag,test,2020-08-03,2019-09-24,2020-10-06,348,block_2_3,0.5596504865823555
nikkei_full,131,250,1.4 HCAL Flag,test,2020-08-03,2019-09-24,2020-10-06,348,block_4_6,0.8981584861397902
nikkei_full,131,250,1.4 HCAL Flag,test,2020-08-03,2019-09-24,2020-10-06,348,top_3,0.3761665824651144
nikkei_full,131,250,1.4 HCAL Flag,test,2020-08-03,2019-09-24,2020-10-06,348,top_6,0.558382739597359
nikkei_full,131,250,1.4 HCAL Flag,test,2020-08-03,2019-09-24,2020-10-06,348,flag_nested,0.31544721557185745
nikkei_full,131,250,1.4 HCAL Flag,test,2020-08-24,2019-10-15,2020-10-26,349,market_1,0.012810285321987913
nikkei_full,131,250,1.4 HCAL Flag,test,2020-08-24,2019-10-15,2020-10-26,349,block_2_3,0.5232805821263644
nikkei_full,131,250,1.4 HCAL Flag,test,2020-08-24,2019-10-15,2020-10-26,349,block_4_6,0.8607128266307079
nikkei_full,131,250,1.4 HCAL Flag,test,2020-08-24,2019-10-15,2020-10-26,349,top_3,0.3524714241566109
nikkei_full,131,250,1.4 HCAL Flag,test,2020-08-24,2019-10-15,2020-10-26,349,top_6,0.5310880209887264
nikkei_full,131,250,1.4 HCAL Flag,test,2020-08-24,2019-10-15,2020-10-26,349,flag_nested,0.2987899101557751
nikkei_full,131,250,1.4 HCAL Flag,test,2020-09-11,2019-11-06,2020-11-16,350,market_1,0.014015914545251085
nikkei_full,131,250,1.4 HCAL Flag,test,2020-09-11,2019-11-06,2020-11-16,350,block_2_3,0.4736582370255574
nikkei_full,131,250,1.4 HCAL Flag,test,2020-09-11,2019-11-06,2020-11-16,350,block_4_6,0.817935224435801
nikkei_full,131,250,1.4 HCAL Flag,test,2020-09-11,2019-11-06,2020-11-16,350,top_3,0.320069236418093
nikkei_full,131,250,1.4 HCAL Flag,test,2020-09-11,2019-11-06,2020-11-16,350,top_6,0.5176090247445851
nikkei_full,131,250,1.4 HCAL Flag,test,2020-09-11,2019-11-06,2020-11-16,350,flag_nested,0.2838980585693098
nikkei_full,131,250,1.4 HCAL Flag,test,2020-10-06,2019-11-26,2020-12-07,351,market_1,0.010632166777640228
nikkei_full,131,250,1.4 HCAL Flag,test,2020-10-06,2019-11-26,2020-12-07,351,block_2_3,0.5260608829691571
nikkei_full,131,250,1.4 HCAL Flag,test,2020-10-06,2019-11-26,2020-12-07,351,block_4_6,0.8410286741511827
nikkei_full,131,250,1.4 HCAL Flag,test,2020-10-06,2019-11-26,2020-12-07,351,top_3,0.35364587202086756
nikkei_full,131,250,1.4 HCAL Flag,test,2020-10-06,2019-11-26,2020-12-07,351,top_6,0.510459450670771
nikkei_full,131,250,1.4 HCAL Flag,test,2020-10-06,2019-11-26,2020-12-07,351,flag_nested,0.29157916315642624
nikkei_full,131,250,1.4 HCAL Flag,test,2020-10-26,2019-12-16,2020-12-25,352,market_1,0.016382464927292673
nikkei_full,131,250,1.4 HCAL Flag,test,2020-10-26,2019-12-16,2020-12-25,352,block_2_3,0.5267117406804722
nikkei_full,131,250,1.4 HCAL Flag,test,2020-10-26,2019-12-16,2020-12-25,352,block_4_6,0.6797676293744473
nikkei_full,131,250,1.4 HCAL Flag,test,2020-10-26,2019-12-16,2020-12-25,352,top_3,0.35607402566779883
nikkei_full,131,250,1.4 HCAL Flag,test,2020-10-26,2019-12-16,2020-12-25,352,top_6,0.44268790662139307
nikkei_full,131,250,1.4 HCAL Flag,test,2020-10-26,2019-12-16,2020-12-25,352,flag_nested,0.2717147990721615
nikkei_full,131,250,1.4 HCAL Flag,test,2020-11-16,2020-01-09,2021-01-19,353,market_1,0.011692542007119888
nikkei_full,131,250,1.4 HCAL Flag,test,2020-11-16,2020-01-09,2021-01-19,353,block_2_3,0.4798811807401362
nikkei_full,131,250,1.4 HCAL Flag,test,2020-11-16,2020-01-09,2021-01-19,353,block_4_6,0.7442411277933729
nikkei_full,131,250,1.4 HCAL Flag,test,2020-11-16,2020-01-09,2021-01-19,353,top_3,0.323552190582206
nikkei_full,131,250,1.4 HCAL Flag,test,2020-11-16,2020-01-09,2021-01-19,353,top_6,0.4857505694538074
nikkei_full,131,250,1.4 HCAL Flag,test,2020-11-16,2020-01-09,2021-01-19,353,flag_nested,0.27366510068104444
nikkei_full,131,250,1.4 HCAL Flag,test,2020-12-07,2020-01-30,2021-02-08,354,market_1,0.013560995157400724
nikkei_full,131,250,1.4 HCAL Flag,test,2020-12-07,2020-01-30,2021-02-08,354,block_2_3,0.4834236482531823
nikkei_full,131,250,1.4 HCAL Flag,test,2020-12-07,2020-01-30,2021-02-08,354,block_4_6,0.7352843583440354
nikkei_full,131,250,1.4 HCAL Flag,test,2020-12-07,2020-01-30,2021-02-08,354,top_3,0.3264346162819837
nikkei_full,131,250,1.4 HCAL Flag,test,2020-12-07,2020-01-30,2021-02-08,354,top_6,0.48118282769868265
nikkei_full,131,250,1.4 HCAL Flag,test,2020-12-07,2020-01-30,2021-02-08,354,flag_nested,0.2737261463793557
nikkei_full,131,250,1.4 HCAL Flag,test,2020-12-25,2020-02-20,2021-03-02,355,market_1,0.014429778213526423
nikkei_full,131,250,1.4 HCAL Flag,test,2020-12-25,2020-02-20,2021-03-02,355,block_2_3,0.43415013322874374
nikkei_full,131,250,1.4 HCAL Flag,test,2020-12-25,2020-02-20,2021-03-02,355,block_4_6,0.7298849461783882
nikkei_full,131,250,1.4 HCAL Flag,test,2020-12-25,2020-02-20,2021-03-02,355,top_3,0.2938567181479095
nikkei_full,131,250,1.4 HCAL Flag,test,2020-12-25,2020-02-20,2021-03-02,355,top_6,0.46925477124901455
nikkei_full,131,250,1.4 HCAL Flag,test,2020-12-25,2020-02-20,2021-03-02,355,flag_nested,0.25918042253681683
nikkei_full,131,250,1.4 HCAL Flag,test,2021-01-19,2020-03-12,2021-03-22,356,market_1,0.01821331393319814
nikkei_full,131,250,1.4 HCAL Flag,test,2021-01-19,2020-03-12,2021-03-22,356,block_2_3,0.47582516315781254
nikkei_full,131,250,1.4 HCAL Flag,test,2021-01-19,2020-03-12,2021-03-22,356,block_4_6,0.7430359792555263
nikkei_full,131,250,1.4 HCAL Flag,test,2021-01-19,2020-03-12,2021-03-22,356,top_3,0.32194218561690874
nikkei_full,131,250,1.4 HCAL Flag,test,2021-01-19,2020-03-12,2021-03-22,356,top_6,0.47023016481075613
nikkei_full,131,250,1.4 HCAL Flag,test,2021-01-19,2020-03-12,2021-03-22,356,flag_nested,0.27012855478695436
nikkei_full,131,250,1.4 HCAL Flag,test,2021-02-08,2020-04-02,2021-04-09,357,market_1,0.021522483824397143
nikkei_full,131,250,1.4 HCAL Flag,test,2021-02-08,2020-04-02,2021-04-09,357,block_2_3,0.5142386438554468
nikkei_full,131,250,1.4 HCAL Flag,test,2021-02-08,2020-04-02,2021-04-09,357,block_4_6,0.7337322466542585
nikkei_full,131,250,1.4 HCAL Flag,test,2021-02-08,2020-04-02,2021-04-09,357,top_3,0.34771495030047395
nikkei_full,131,250,1.4 HCAL Flag,test,2021-02-08,2020-04-02,2021-04-09,357,top_6,0.46844732350331686
nikkei_full,131,250,1.4 HCAL Flag,test,2021-02-08,2020-04-02,2021-04-09,357,flag_nested,0.2792282525427293
nikkei_full,131,250,1.4 HCAL Flag,test,2021-03-02,2020-04-22,2021-04-30,358,market_1,0.020230488001941938
nikkei_full,131,250,1.4 HCAL Flag,test,2021-03-02,2020-04-22,2021-04-30,358,block_2_3,0.48044817275306473
nikkei_full,131,250,1.4 HCAL Flag,test,2021-03-02,2020-04-22,2021-04-30,358,block_4_6,0.7554727998435032
nikkei_full,131,250,1.4 HCAL Flag,test,2021-03-02,2020-04-22,2021-04-30,358,top_3,0.32490664839226896
nikkei_full,131,250,1.4 HCAL Flag,test,2021-03-02,2020-04-22,2021-04-30,358,top_6,0.472197165096327
nikkei_full,131,250,1.4 HCAL Flag,test,2021-03-02,2020-04-22,2021-04-30,358,flag_nested,0.2724447671635126
nikkei_full,131,250,1.4 HCAL Flag,test,2021-03-22,2020-05-18,2021-05-25,359,market_1,0.01759492426846221
nikkei_full,131,250,1.4 HCAL Flag,test,2021-03-22,2020-05-18,2021-05-25,359,block_2_3,0.5413569597899625
nikkei_full,131,250,1.4 HCAL Flag,test,2021-03-22,2020-05-18,2021-05-25,359,block_4_6,0.794341126730768
nikkei_full,131,250,1.4 HCAL Flag,test,2021-03-22,2020-05-18,2021-05-25,359,top_3,0.3659490972297317
nikkei_full,131,250,1.4 HCAL Flag,test,2021-03-22,2020-05-18,2021-05-25,359,top_6,0.4732272181231356
nikkei_full,131,250,1.4 HCAL Flag,test,2021-03-22,2020-05-18,2021-05-25,359,flag_nested,0.2855904132071098
nikkei_full,131,250,1.4 HCAL Flag,test,2021-04-09,2020-06-05,2021-06-14,360,market_1,0.01984518377079425
nikkei_full,131,250,1.4 HCAL Flag,test,2021-04-09,2020-06-05,2021-06-14,360,block_2_3,0.5252652431588448
nikkei_full,131,250,1.4 HCAL Flag,test,2021-04-09,2020-06-05,2021-06-14,360,block_4_6,0.7571142724060923
nikkei_full,131,250,1.4 HCAL Flag,test,2021-04-09,2020-06-05,2021-06-14,360,top_3,0.3565328815408089
nikkei_full,131,250,1.4 HCAL Flag,test,2021-04-09,2020-06-05,2021-06-14,360,top_6,0.4479562350568127
nikkei_full,131,250,1.4 HCAL Flag,test,2021-04-09,2020-06-05,2021-06-14,360,flag_nested,0.2747781001228053
nikkei_full,131,250,1.4 HCAL Flag,test,2021-04-30,2020-06-25,2021-07-02,361,market_1,0.021052185244036292
nikkei_full,131,250,1.4 HCAL Flag,test,2021-04-30,2020-06-25,2021-07-02,361,block_2_3,0.4956569070346686
nikkei_full,131,250,1.4 HCAL Flag,test,2021-04-30,2020-06-25,2021-07-02,361,block_4_6,0.7362614404351165
nikkei_full,131,250,1.4 HCAL Flag,test,2021-04-30,2020-06-25,2021-07-02,361,top_3,0.3371172031841381
nikkei_full,131,250,1.4 HCAL Flag,test,2021-04-30,2020-06-25,2021-07-02,361,top_6,0.4364214639169601
nikkei_full,131,250,1.4 HCAL Flag,test,2021-04-30,2020-06-25,2021-07-02,361,flag_nested,0.26486361744837816
nikkei_full,131,250,1.4 HCAL Flag,test,2021-05-25,2020-07-15,2021-07-26,362,market_1,0.02026920561550749
nikkei_full,131,250,1.4 HCAL Flag,test,2021-05-25,2020-07-15,2021-07-26,362,block_2_3,0.4952511124652619
nikkei_full,131,250,1.4 HCAL Flag,test,2021-05-25,2020-07-15,2021-07-26,362,block_4_6,0.7685345466654633
nikkei_full,131,250,1.4 HCAL Flag,test,2021-05-25,2020-07-15,2021-07-26,362,top_3,0.33675015039152906
nikkei_full,131,250,1.4 HCAL Flag,test,2021-05-25,2020-07-15,2021-07-26,362,top_6,0.46219469104900707
nikkei_full,131,250,1.4 HCAL Flag,test,2021-05-25,2020-07-15,2021-07-26,362,flag_nested,0.2730713490186812
nikkei_full,131,250,1.4 HCAL Flag,test,2021-06-14,2020-08-06,2021-08-16,363,market_1,0.017852769110600075
nikkei_full,131,250,1.4 HCAL Flag,test,2021-06-14,2020-08-06,2021-08-16,363,block_2_3,0.4839393158901528
nikkei_full,131,250,1.4 HCAL Flag,test,2021-06-14,2020-08-06,2021-08-16,363,block_4_6,0.758218667048525
nikkei_full,131,250,1.4 HCAL Flag,test,2021-06-14,2020-08-06,2021-08-16,363,top_3,0.32829369034797323
nikkei_full,131,250,1.4 HCAL Flag,test,2021-06-14,2020-08-06,2021-08-16,363,top_6,0.4526092880870463
nikkei_full,131,250,1.4 HCAL Flag,test,2021-06-14,2020-08-06,2021-08-16,363,flag_nested,0.26625191584853986
nikkei_full,131,250,1.4 HCAL Flag,test,2021-07-02,2020-08-27,2021-09-03,364,market_1,0.020206692487946043
nikkei_full,131,250,1.4 HCAL Flag,test,2021-07-02,2020-08-27,2021-09-03,364,block_2_3,0.4731082487794148
nikkei_full,131,250,1.4 HCAL Flag,test,2021-07-02,2020-08-27,2021-09-03,364,block_4_6,0.801919322154857
nikkei_full,131,250,1.4 HCAL Flag,test,2021-07-02,2020-08-27,2021-09-03,364,top_3,0.3217007586422076
nikkei_full,131,250,1.4 HCAL Flag,test,2021-07-02,2020-08-27,2021-09-03,364,top_6,0.4599218121339534
nikkei_full,131,250,1.4 HCAL Flag,test,2021-07-02,2020-08-27,2021-09-03,364,flag_nested,0.2672764210880357
nikkei_full,131,250,1.4 HCAL Flag,test,2021-07-26,2020-09-16,2021-09-27,365,market_1,0.01972866975995935
nikkei_full,131,250,1.4 HCAL Flag,test,2021-07-26,2020-09-16,2021-09-27,365,block_2_3,0.45206574286581414
nikkei_full,131,250,1.4 HCAL Flag,test,2021-07-26,2020-09-16,2021-09-27,365,block_4_6,0.7499357400697203
nikkei_full,131,250,1.4 HCAL Flag,test,2021-07-26,2020-09-16,2021-09-27,365,top_3,0.3069846797472908
nikkei_full,131,250,1.4 HCAL Flag,test,2021-07-26,2020-09-16,2021-09-27,365,top_6,0.44882153443657585
nikkei_full,131,250,1.4 HCAL Flag,test,2021-07-26,2020-09-16,2021-09-27,365,flag_nested,0.25851162798127536
nikkei_full,131,250,1.4 HCAL Flag,test,2021-08-16,2020-10-09,2021-10-15,366,market_1,0.02034024106543808
nikkei_full,131,250,1.4 HCAL Flag,test,2021-08-16,2020-10-09,2021-10-15,366,block_2_3,0.42995159429252416
nikkei_full,131,250,1.4 HCAL Flag,test,2021-08-16,2020-10-09,2021-10-15,366,block_4_6,0.7888381286864542
nikkei_full,131,250,1.4 HCAL Flag,test,2021-08-16,2020-10-09,2021-10-15,366,top_3,0.2924226405229156
nikkei_full,131,250,1.4 HCAL Flag,test,2021-08-16,2020-10-09,2021-10-15,366,top_6,0.47834050780400195
nikkei_full,131,250,1.4 HCAL Flag,test,2021-08-16,2020-10-09,2021-10-15,366,flag_nested,0.26370112979745186
nikkei_full,131,250,1.4 HCAL Flag,test,2021-09-03,2020-10-29,2021-11-05,367,market_1,0.018052305754926
nikkei_full,131,250,1.4 HCAL Flag,test,2021-09-03,2020-10-29,2021-11-05,367,block_2_3,0.4715616674964931
nikkei_full,131,250,1.4 HCAL Flag,test,2021-09-03,2020-10-29,2021-11-05,367,block_4_6,0.7700023110201308
nikkei_full,131,250,1.4 HCAL Flag,test,2021-09-03,2020-10-29,2021-11-05,367,top_3,0.3198943858153398
nikkei_full,131,250,1.4 HCAL Flag,test,2021-09-03,2020-10-29,2021-11-05,367,top_6,0.4903504888336628
nikkei_full,131,250,1.4 HCAL Flag,test,2021-09-03,2020-10-29,2021-11-05,367,flag_nested,0.27609906013464286
nikkei_full,131,250,1.4 HCAL Flag,test,2021-09-27,2020-11-19,2021-11-26,368,market_1,0.01933107913316423
nikkei_full,131,250,1.4 HCAL Flag,test,2021-09-27,2020-11-19,2021-11-26,368,block_2_3,0.5152967344546606
nikkei_full,131,250,1.4 HCAL Flag,test,2021-09-27,2020-11-19,2021-11-26,368,block_4_6,0.7681238489178647
nikkei_full,131,250,1.4 HCAL Flag,test,2021-09-27,2020-11-19,2021-11-26,368,top_3,0.34942255965492586
nikkei_full,131,250,1.4 HCAL Flag,test,2021-09-27,2020-11-19,2021-11-26,368,top_6,0.47350834661679425
nikkei_full,131,250,1.4 HCAL Flag,test,2021-09-27,2020-11-19,2021-11-26,368,flag_nested,0.2807539951349614
nikkei_full,131,250,1.4 HCAL Flag,test,2021-10-15,2020-12-10,2021-12-16,369,market_1,0.016326653232688226
nikkei_full,131,250,1.4 HCAL Flag,test,2021-10-15,2020-12-10,2021-12-16,369,block_2_3,0.3980888758495933
nikkei_full,131,250,1.4 HCAL Flag,test,2021-10-15,2020-12-10,2021-12-16,369,block_4_6,0.629099290859473
nikkei_full,131,250,1.4 HCAL Flag,test,2021-10-15,2020-12-10,2021-12-16,369,top_3,0.27036101411433666
nikkei_full,131,250,1.4 HCAL Flag,test,2021-10-15,2020-12-10,2021-12-16,369,top_6,0.39537323912165795
nikkei_full,131,250,1.4 HCAL Flag,test,2021-10-15,2020-12-10,2021-12-16,369,flag_nested,0.22735363548956097
nikkei_full,131,250,1.4 HCAL Flag,test,2021-11-05,2020-12-30,2022-01-07,370,market_1,0.015177237176675185
nikkei_full,131,250,1.4 HCAL Flag,test,2021-11-05,2020-12-30,2022-01-07,370,block_2_3,0.3725559660337704
nikkei_full,131,250,1.4 HCAL Flag,test,2021-11-05,2020-12-30,2022-01-07,370,block_4_6,0.66488783527588
nikkei_full,131,250,1.4 HCAL Flag,test,2021-11-05,2020-12-30,2022-01-07,370,top_3,0.2527090803457493
nikkei_full,131,250,1.4 HCAL Flag,test,2021-11-05,2020-12-30,2022-01-07,370,top_6,0.4066384173981716
nikkei_full,131,250,1.4 HCAL Flag,test,2021-11-05,2020-12-30,2022-01-07,370,flag_nested,0.22484157830686535
nikkei_full,131,250,1.4 HCAL Flag,test,2021-11-26,2021-01-22,2022-01-28,371,market_1,0.01560699977503488
nikkei_full,131,250,1.4 HCAL Flag,test,2021-11-26,2021-01-22,2022-01-28,371,block_2_3,0.3634411146181147
nikkei_full,131,250,1.4 HCAL Flag,test,2021-11-26,2021-01-22,2022-01-28,371,block_4_6,0.7304570653347838
nikkei_full,131,250,1.4 HCAL Flag,test,2021-11-26,2021-01-22,2022-01-28,371,top_3,0.24703941130718152
nikkei_full,131,250,1.4 HCAL Flag,test,2021-11-26,2021-01-22,2022-01-28,371,top_6,0.4373129518999097
nikkei_full,131,250,1.4 HCAL Flag,test,2021-11-26,2021-01-22,2022-01-28,371,flag_nested,0.2333197876607087
nikkei_full,131,250,1.4 HCAL Flag,test,2021-12-16,2021-02-12,2022-02-18,372,market_1,0.016873123898952458
nikkei_full,131,250,1.4 HCAL Flag,test,2021-12-16,2021-02-12,2022-02-18,372,block_2_3,0.38604251448469284
nikkei_full,131,250,1.4 HCAL Flag,test,2021-12-16,2021-02-12,2022-02-18,372,block_4_6,0.7346628954942939
nikkei_full,131,250,1.4 HCAL Flag,test,2021-12-16,2021-02-12,2022-02-18,372,top_3,0.2624913245895015
nikkei_full,131,250,1.4 HCAL Flag,test,2021-12-16,2021-02-12,2022-02-18,372,top_6,0.43824084170020633
nikkei_full,131,250,1.4 HCAL Flag,test,2021-12-16,2021-02-12,2022-02-18,372,flag_nested,0.2392017633962201
nikkei_full,131,250,1.4 HCAL Flag,test,2022-01-07,2021-03-05,2022-03-11,373,market_1,0.015040538143503479
nikkei_full,131,250,1.4 HCAL Flag,test,2022-01-07,2021-03-05,2022-03-11,373,block_2_3,0.41727018342172706
nikkei_full,131,250,1.4 HCAL Flag,test,2022-01-07,2021-03-05,2022-03-11,373,block_4_6,0.7764446645539348
nikkei_full,131,250,1.4 HCAL Flag,test,2022-01-07,2021-03-05,2022-03-11,373,top_3,0.2828984022200027
nikkei_full,131,250,1.4 HCAL Flag,test,2022-01-07,2021-03-05,2022-03-11,373,top_6,0.452159622477951
nikkei_full,131,250,1.4 HCAL Flag,test,2022-01-07,2021-03-05,2022-03-11,373,flag_nested,0.2500328542804857
nikkei_full,131,250,1.4 HCAL Flag,test,2022-01-28,2021-03-25,2022-04-01,374,market_1,0.016812962865389802
nikkei_full,131,250,1.4 HCAL Flag,test,2022-01-28,2021-03-25,2022-04-01,374,block_2_3,0.371491307918804
nikkei_full,131,250,1.4 HCAL Flag,test,2022-01-28,2021-03-25,2022-04-01,374,block_4_6,0.7275861061618324
nikkei_full,131,250,1.4 HCAL Flag,test,2022-01-28,2021-03-25,2022-04-01,374,top_3,0.2531922357255298
nikkei_full,131,250,1.4 HCAL Flag,test,2022-01-28,2021-03-25,2022-04-01,374,top_6,0.42939655382138664
nikkei_full,131,250,1.4 HCAL Flag,test,2022-01-28,2021-03-25,2022-04-01,374,flag_nested,0.23313391747076873
nikkei_full,131,250,1.4 HCAL Flag,test,2022-02-18,2021-04-14,2022-04-21,375,market_1,0.017483725690207286
nikkei_full,131,250,1.4 HCAL Flag,test,2022-02-18,2021-04-14,2022-04-21,375,block_2_3,0.35943204483956126
nikkei_full,131,250,1.4 HCAL Flag,test,2022-02-18,2021-04-14,2022-04-21,375,block_4_6,0.7311027193486668
nikkei_full,131,250,1.4 HCAL Flag,test,2022-02-18,2021-04-14,2022-04-21,375,top_3,0.245093422673235
nikkei_full,131,250,1.4 HCAL Flag,test,2022-02-18,2021-04-14,2022-04-21,375,top_6,0.4421207479098164
nikkei_full,131,250,1.4 HCAL Flag,test,2022-02-18,2021-04-14,2022-04-21,375,flag_nested,0.23489929875775287
nikkei_full,131,250,1.4 HCAL Flag,test,2022-03-11,2021-05-10,2022-05-17,376,market_1,0.01631400497249913
nikkei_full,131,250,1.4 HCAL Flag,test,2022-03-11,2021-05-10,2022-05-17,376,block_2_3,0.3596902927172624
nikkei_full,131,250,1.4 HCAL Flag,test,2022-03-11,2021-05-10,2022-05-17,376,block_4_6,0.6735931377179444
nikkei_full,131,250,1.4 HCAL Flag,test,2022-03-11,2021-05-10,2022-05-17,376,top_3,0.24509893595612878
nikkei_full,131,250,1.4 HCAL Flag,test,2022-03-11,2021-05-10,2022-05-17,376,top_6,0.41013750837278184
nikkei_full,131,250,1.4 HCAL Flag,test,2022-03-11,2021-05-10,2022-05-17,376,flag_nested,0.22385014976713657
nikkei_full,131,250,1.4 HCAL Flag,test,2022-04-01,2021-05-28,2022-06-06,377,market_1,0.013846128887792686
nikkei_full,131,250,1.4 HCAL Flag,test,2022-04-01,2021-05-28,2022-06-06,377,block_2_3,0.40050544118344267
nikkei_full,131,250,1.4 HCAL Flag,test,2022-04-01,2021-05-28,2022-06-06,377,block_4_6,0.592467198151594
nikkei_full,131,250,1.4 HCAL Flag,test,2022-04-01,2021-05-28,2022-06-06,377,top_3,0.27153656354069405
nikkei_full,131,250,1.4 HCAL Flag,test,2022-04-01,2021-05-28,2022-06-06,377,top_6,0.34945077479471925
nikkei_full,131,250,1.4 HCAL Flag,test,2022-04-01,2021-05-28,2022-06-06,377,flag_nested,0.21161115574106867
nikkei_full,131,250,1.4 HCAL Flag,test,2022-04-21,2021-06-17,2022-06-24,378,market_1,0.012206367826556375
nikkei_full,131,250,1.4 HCAL Flag,test,2022-04-21,2021-06-17,2022-06-24,378,block_2_3,0.4412691502745233
nikkei_full,131,250,1.4 HCAL Flag,test,2022-04-21,2021-06-17,2022-06-24,378,block_4_6,0.6708340176083017
nikkei_full,131,250,1.4 HCAL Flag,test,2022-04-21,2021-06-17,2022-06-24,378,top_3,0.29814750359025927
nikkei_full,131,250,1.4 HCAL Flag,test,2022-04-21,2021-06-17,2022-06-24,378,top_6,0.3948388036907411
nikkei_full,131,250,1.4 HCAL Flag,test,2022-04-21,2021-06-17,2022-06-24,378,flag_nested,0.23506422503585225
nikkei_full,131,250,1.4 HCAL Flag,test,2022-05-17,2021-07-07,2022-07-14,379,market_1,0.012653726560255985
nikkei_full,131,250,1.4 HCAL Flag,test,2022-05-17,2021-07-07,2022-07-14,379,block_2_3,0.5048091289385068
nikkei_full,131,250,1.4 HCAL Flag,test,2022-05-17,2021-07-07,2022-07-14,379,block_4_6,0.689103534359692
nikkei_full,131,250,1.4 HCAL Flag,test,2022-05-17,2021-07-07,2022-07-14,379,top_3,0.34047756909723653
nikkei_full,131,250,1.4 HCAL Flag,test,2022-05-17,2021-07-07,2022-07-14,379,top_6,0.38217921554784406
nikkei_full,131,250,1.4 HCAL Flag,test,2022-05-17,2021-07-07,2022-07-14,379,flag_nested,0.24510350373511222
nikkei_full,131,250,1.4 HCAL Flag,test,2022-06-06,2021-07-29,2022-08-04,380,market_1,0.014459993622055411
nikkei_full,131,250,1.4 HCAL Flag,test,2022-06-06,2021-07-29,2022-08-04,380,block_2_3,0.5266027811062475
nikkei_full,131,250,1.4 HCAL Flag,test,2022-06-06,2021-07-29,2022-08-04,380,block_4_6,0.6843179908296997
nikkei_full,131,250,1.4 HCAL Flag,test,2022-06-06,2021-07-29,2022-08-04,380,top_3,0.3550695419783622
nikkei_full,131,250,1.4 HCAL Flag,test,2022-06-06,2021-07-29,2022-08-04,380,top_6,0.37642672910251035
nikkei_full,131,250,1.4 HCAL Flag,test,2022-06-06,2021-07-29,2022-08-04,380,flag_nested,0.24865208823430932
nikkei_full,131,250,1.4 HCAL Flag,test,2022-06-24,2021-08-19,2022-08-25,381,market_1,0.014570332903227401
nikkei_full,131,250,1.4 HCAL Flag,test,2022-06-24,2021-08-19,2022-08-25,381,block_2_3,0.6335854521164161
nikkei_full,131,250,1.4 HCAL Flag,test,2022-06-24,2021-08-19,2022-08-25,381,block_4_6,0.7619862120846571
nikkei_full,131,250,1.4 HCAL Flag,test,2022-06-24,2021-08-19,2022-08-25,381,top_3,0.42642167537528836
nikkei_full,131,250,1.4 HCAL Flag,test,2022-06-24,2021-08-19,2022-08-25,381,top_6,0.3696062404281874
nikkei_full,131,250,1.4 HCAL Flag,test,2022-06-24,2021-08-19,2022-08-25,381,flag_nested,0.2701994162355677
nikkei_full,131,250,1.4 HCAL Flag,test,2022-07-14,2021-09-08,2022-09-14,382,market_1,0.014534431499868439
nikkei_full,131,250,1.4 HCAL Flag,test,2022-07-14,2021-09-08,2022-09-14,382,block_2_3,0.615539553261409
nikkei_full,131,250,1.4 HCAL Flag,test,2022-07-14,2021-09-08,2022-09-14,382,block_4_6,0.7363064526162203
nikkei_full,131,250,1.4 HCAL Flag,test,2022-07-14,2021-09-08,2022-09-14,382,top_3,0.41495307823776334
nikkei_full,131,250,1.4 HCAL Flag,test,2022-07-14,2021-09-08,2022-09-14,382,top_6,0.3377715062416833
nikkei_full,131,250,1.4 HCAL Flag,test,2022-07-14,2021-09-08,2022-09-14,382,flag_nested,0.25575300532643835
nikkei_full,131,250,1.4 HCAL Flag,test,2022-08-04,2021-09-30,2022-10-06,383,market_1,0.015286238032952926
nikkei_full,131,250,1.4 HCAL Flag,test,2022-08-04,2021-09-30,2022-10-06,383,block_2_3,0.5732027288284881
nikkei_full,131,250,1.4 HCAL Flag,test,2022-08-04,2021-09-30,2022-10-06,383,block_4_6,0.6714593187022254
nikkei_full,131,250,1.4 HCAL Flag,test,2022-08-04,2021-09-30,2022-10-06,383,top_3,0.38702456764382154
nikkei_full,131,250,1.4 HCAL Flag,test,2022-08-04,2021-09-30,2022-10-06,383,top_6,0.31870123491032976
nikkei_full,131,250,1.4 HCAL Flag,test,2022-08-04,2021-09-30,2022-10-06,383,flag_nested,0.24033734686236807
nikkei_full,131,250,1.4 HCAL Flag,test,2022-08-25,2021-10-20,2022-10-27,384,market_1,0.013350339148681889
nikkei_full,131,250,1.4 HCAL Flag,test,2022-08-25,2021-10-20,2022-10-27,384,block_2_3,0.6460204835139796
nikkei_full,131,250,1.4 HCAL Flag,test,2022-08-25,2021-10-20,2022-10-27,384,block_4_6,0.7312974893630363
nikkei_full,131,250,1.4 HCAL Flag,test,2022-08-25,2021-10-20,2022-10-27,384,top_3,0.43500247082046584
nikkei_full,131,250,1.4 HCAL Flag,test,2022-08-25,2021-10-20,2022-10-27,384,top_6,0.33721696670443446
nikkei_full,131,250,1.4 HCAL Flag,test,2022-08-25,2021-10-20,2022-10-27,384,flag_nested,0.2618565922245274
nikkei_full,131,250,1.4 HCAL Flag,test,2022-09-14,2021-11-10,2022-11-17,385,market_1,0.014655759850393246
nikkei_full,131,250,1.4 HCAL Flag,test,2022-09-14,2021-11-10,2022-11-17,385,block_2_3,0.6529474069738082
nikkei_full,131,250,1.4 HCAL Flag,test,2022-09-14,2021-11-10,2022-11-17,385,block_4_6,0.7586489743069467
nikkei_full,131,250,1.4 HCAL Flag,test,2022-09-14,2021-11-10,2022-11-17,385,top_3,0.43999000239907976
nikkei_full,131,250,1.4 HCAL Flag,test,2022-09-14,2021-11-10,2022-11-17,385,top_6,0.34027528862544704
nikkei_full,131,250,1.4 HCAL Flag,test,2022-09-14,2021-11-10,2022-11-17,385,flag_nested,0.26497368362497337
nikkei_full,131,250,1.4 HCAL Flag,test,2022-10-06,2021-12-01,2022-12-08,386,market_1,0.015565318155425723
nikkei_full,131,250,1.4 HCAL Flag,test,2022-10-06,2021-12-01,2022-12-08,386,block_2_3,0.6329593642134417
nikkei_full,131,250,1.4 HCAL Flag,test,2022-10-06,2021-12-01,2022-12-08,386,block_4_6,0.7942995446664592
nikkei_full,131,250,1.4 HCAL Flag,test,2022-10-06,2021-12-01,2022-12-08,386,top_3,0.4267588328267644
nikkei_full,131,250,1.4 HCAL Flag,test,2022-10-06,2021-12-01,2022-12-08,386,top_6,0.38418567275774024
nikkei_full,131,250,1.4 HCAL Flag,test,2022-10-06,2021-12-01,2022-12-08,386,flag_nested,0.2755032745799768
nikkei_full,131,250,1.4 HCAL Flag,test,2022-10-27,2021-12-21,2022-12-28,387,market_1,0.017644633685036548
nikkei_full,131,250,1.4 HCAL Flag,test,2022-10-27,2021-12-21,2022-12-28,387,block_2_3,0.6188514629682593
nikkei_full,131,250,1.4 HCAL Flag,test,2022-10-27,2021-12-21,2022-12-28,387,block_4_6,0.7829562288630699
nikkei_full,131,250,1.4 HCAL Flag,test,2022-10-27,2021-12-21,2022-12-28,387,top_3,0.41750244139706455
nikkei_full,131,250,1.4 HCAL Flag,test,2022-10-27,2021-12-21,2022-12-28,387,top_6,0.39247219438318665
nikkei_full,131,250,1.4 HCAL Flag,test,2022-10-27,2021-12-21,2022-12-28,387,flag_nested,0.27587308982176256
nikkei_full,131,250,1.4 HCAL Flag,test,2022-11-17,2022-01-13,2023-01-20,388,market_1,0.0192610356257219
nikkei_full,131,250,1.4 HCAL Flag,test,2022-11-17,2022-01-13,2023-01-20,388,block_2_3,0.6147909060757673
nikkei_full,131,250,1.4 HCAL Flag,test,2022-11-17,2022-01-13,2023-01-20,388,block_4_6,0.6639518711252547
nikkei_full,131,250,1.4 HCAL Flag,test,2022-11-17,2022-01-13,2023-01-20,388,top_3,0.41510411419482685
nikkei_full,131,250,1.4 HCAL Flag,test,2022-11-17,2022-01-13,2023-01-20,388,top_6,0.3509758771827716
nikkei_full,131,250,1.4 HCAL Flag,test,2022-11-17,2022-01-13,2023-01-20,388,flag_nested,0.2617803423344401
nikkei_full,131,250,1.4 HCAL Flag,test,2022-12-08,2022-02-02,2023-02-09,389,market_1,0.019893177323403566
nikkei_full,131,250,1.4 HCAL Flag,test,2022-12-08,2022-02-02,2023-02-09,389,block_2_3,0.6144242796503692
nikkei_full,131,250,1.4 HCAL Flag,test,2022-12-08,2022-02-02,2023-02-09,389,block_4_6,0.7111017473738576
nikkei_full,131,250,1.4 HCAL Flag,test,2022-12-08,2022-02-02,2023-02-09,389,top_3,0.4155759536404819
nikkei_full,131,250,1.4 HCAL Flag,test,2022-12-08,2022-02-02,2023-02-09,389,top_6,0.3703243744600542
nikkei_full,131,250,1.4 HCAL Flag,test,2022-12-08,2022-02-02,2023-02-09,389,flag_nested,0.2685978351413132
nikkei_full,131,250,1.4 HCAL Flag,test,2022-12-28,2022-02-24,2023-03-02,390,market_1,0.018532799107316977
nikkei_full,131,250,1.4 HCAL Flag,test,2022-12-28,2022-02-24,2023-03-02,390,block_2_3,0.6145995440669241
nikkei_full,131,250,1.4 HCAL Flag,test,2022-12-28,2022-02-24,2023-03-02,390,block_4_6,0.8796417295941689
nikkei_full,131,250,1.4 HCAL Flag,test,2022-12-28,2022-02-24,2023-03-02,390,top_3,0.4155984175641106
nikkei_full,131,250,1.4 HCAL Flag,test,2022-12-28,2022-02-24,2023-03-02,390,top_6,0.46582679500092655
nikkei_full,131,250,1.4 HCAL Flag,test,2022-12-28,2022-02-24,2023-03-02,390,flag_nested,0.2999860038907847
nikkei_full,131,250,1.4 HCAL Flag,test,2023-01-20,2022-03-16,2023-03-23,391,market_1,0.019282544199847096
nikkei_full,131,250,1.4 HCAL Flag,test,2023-01-20,2022-03-16,2023-03-23,391,block_2_3,0.6033753049242419
nikkei_full,131,250,1.4 HCAL Flag,test,2023-01-20,2022-03-16,2023-03-23,391,block_4_6,0.6962285619195882
nikkei_full,131,250,1.4 HCAL Flag,test,2023-01-20,2022-03-16,2023-03-23,391,top_3,0.4083906043942462
nikkei_full,131,250,1.4 HCAL Flag,test,2023-01-20,2022-03-16,2023-03-23,391,top_6,0.39041881666447503
nikkei_full,131,250,1.4 HCAL Flag,test,2023-01-20,2022-03-16,2023-03-23,391,flag_nested,0.2726973217528561
nikkei_full,131,250,1.4 HCAL Flag,test,2023-02-09,2022-04-06,2023-04-12,392,market_1,0.018684834824585494
nikkei_full,131,250,1.4 HCAL Flag,test,2023-02-09,2022-04-06,2023-04-12,392,block_2_3,0.6125549079536676
nikkei_full,131,250,1.4 HCAL Flag,test,2023-02-09,2022-04-06,2023-04-12,392,block_4_6,0.8108809390481667
nikkei_full,131,250,1.4 HCAL Flag,test,2023-02-09,2022-04-06,2023-04-12,392,top_3,0.41436535256065815
nikkei_full,131,250,1.4 HCAL Flag,test,2023-02-09,2022-04-06,2023-04-12,392,top_6,0.4544395715346374
nikkei_full,131,250,1.4 HCAL Flag,test,2023-02-09,2022-04-06,2023-04-12,392,flag_nested,0.29582991963996036
nikkei_full,131,250,1.4 HCAL Flag,test,2023-03-02,2022-04-26,2023-05-02,393,market_1,0.02611759601156538
nikkei_full,131,250,1.4 HCAL Flag,test,2023-03-02,2022-04-26,2023-05-02,393,block_2_3,0.569164981855159
nikkei_full,131,250,1.4 HCAL Flag,test,2023-03-02,2022-04-26,2023-05-02,393,block_4_6,0.7139374757597649
nikkei_full,131,250,1.4 HCAL Flag,test,2023-03-02,2022-04-26,2023-05-02,393,top_3,0.38762542547353046
nikkei_full,131,250,1.4 HCAL Flag,test,2023-03-02,2022-04-26,2023-05-02,393,top_6,0.3600284826796499
nikkei_full,131,250,1.4 HCAL Flag,test,2023-03-02,2022-04-26,2023-05-02,393,flag_nested,0.2579238347215819
nikkei_full,131,250,1.4 HCAL Flag,test,2023-03-23,2022-05-20,2023-05-25,394,market_1,0.019539881031912842
nikkei_full,131,250,1.4 HCAL Flag,test,2023-03-23,2022-05-20,2023-05-25,394,block_2_3,0.6097902476030039
nikkei_full,131,250,1.4 HCAL Flag,test,2023-03-23,2022-05-20,2023-05-25,394,block_4_6,0.8336110619786806
nikkei_full,131,250,1.4 HCAL Flag,test,2023-03-23,2022-05-20,2023-05-25,394,top_3,0.41287707866252804
nikkei_full,131,250,1.4 HCAL Flag,test,2023-03-23,2022-05-20,2023-05-25,394,top_6,0.4244864859167689
nikkei_full,131,250,1.4 HCAL Flag,test,2023-03-23,2022-05-20,2023-05-25,394,flag_nested,0.28563448187040325
nikkei_full,131,250,1.4 HCAL Flag,test,2023-04-12,2022-06-09,2023-06-14,395,market_1,0.019837892830003367
nikkei_full,131,250,1.4 HCAL Flag,test,2023-04-12,2022-06-09,2023-06-14,395,block_2_3,0.6126218930116178
nikkei_full,131,250,1.4 HCAL Flag,test,2023-04-12,2022-06-09,2023-06-14,395,block_4_6,0.8461268001529199
nikkei_full,131,250,1.4 HCAL Flag,test,2023-04-12,2022-06-09,2023-06-14,395,top_3,0.41492776593929376
nikkei_full,131,250,1.4 HCAL Flag,test,2023-04-12,2022-06-09,2023-06-14,395,top_6,0.4366010085212733
nikkei_full,131,250,1.4 HCAL Flag,test,2023-04-12,2022-06-09,2023-06-14,395,flag_nested,0.2904555557635235
nikkei_full,131,250,1.4 HCAL Flag,test,2023-05-02,2022-06-29,2023-07-04,396,market_1,0.028527147208089687
nikkei_full,131,250,1.4 HCAL Flag,test,2023-05-02,2022-06-29,2023-07-04,396,block_2_3,0.5490575870027159
nikkei_full,131,250,1.4 HCAL Flag,test,2023-05-02,2022-06-29,2023-07-04,396,block_4_6,0.7428898919919131
nikkei_full,131,250,1.4 HCAL Flag,test,2023-05-02,2022-06-29,2023-07-04,396,top_3,0.3754079278949407
nikkei_full,131,250,1.4 HCAL Flag,test,2023-05-02,2022-06-29,2023-07-04,396,top_6,0.36340213908982366
nikkei_full,131,250,1.4 HCAL Flag,test,2023-05-02,2022-06-29,2023-07-04,396,flag_nested,0.255779071397618
nikkei_full,131,250,1.4 HCAL Flag,test,2023-05-25,2022-07-20,2023-07-25,397,market_1,0.032021038481187425
nikkei_full,131,250,1.4 HCAL Flag,test,2023-05-25,2022-07-20,2023-07-25,397,block_2_3,0.5326947143347054
nikkei_full,131,250,1.4 HCAL Flag,test,2023-05-25,2022-07-20,2023-07-25,397,block_4_6,0.7341931106700534
nikkei_full,131,250,1.4 HCAL Flag,test,2023-05-25,2022-07-20,2023-07-25,397,top_3,0.3656177134367376
nikkei_full,131,250,1.4 HCAL Flag,test,2023-05-25,2022-07-20,2023-07-25,397,top_6,0.3753113542457733
nikkei_full,131,250,1.4 HCAL Flag,test,2023-05-25,2022-07-20,2023-07-25,397,flag_nested,0.25765003538789943
nikkei_full,131,250,1.4 HCAL Flag,test,2023-06-14,2022-08-09,2023-08-15,398,market_1,0.024610588963575486
nikkei_full,131,250,1.4 HCAL Flag,test,2023-06-14,2022-08-09,2023-08-15,398,block_2_3,0.5804586968733874
nikkei_full,131,250,1.4 HCAL Flag,test,2023-06-14,2022-08-09,2023-08-15,398,block_4_6,0.7637906073972939
nikkei_full,131,250,1.4 HCAL Flag,test,2023-06-14,2022-08-09,2023-08-15,398,top_3,0.3944401564508595
nikkei_full,131,250,1.4 HCAL Flag,test,2023-06-14,2022-08-09,2023-08-15,398,top_6,0.41342550240682585
nikkei_full,131,250,1.4 HCAL Flag,test,2023-06-14,2022-08-09,2023-08-15,398,flag_nested,0.27749208260708697
nikkei_full,131,250,1.4 HCAL Flag,test,2023-07-04,2022-08-30,2023-09-04,399,market_1,0.025482306103381314
nikkei_full,131,250,1.4 HCAL Flag,test,2023-07-04,2022-08-30,2023-09-04,399,block_2_3,0.5877567708374035
nikkei_full,131,250,1.4 HCAL Flag,test,2023-07-04,2022-08-30,2023-09-04,399,block_4_6,0.8600977339117987
nikkei_full,131,250,1.4 HCAL Flag,test,2023-07-04,2022-08-30,2023-09-04,399,top_3,0.3994554341602416
nikkei_full,131,250,1.4 HCAL Flag,test,2023-07-04,2022-08-30,2023-09-04,399,top_6,0.496326486178207
nikkei_full,131,250,1.4 HCAL Flag,test,2023-07-04,2022-08-30,2023-09-04,399,flag_nested,0.30708807548060996
nikkei_full,131,250,1.4 HCAL Flag,test,2023-07-25,2022-09-20,2023-09-25,400,market_1,0.02542125787529048
nikkei_full,131,250,1.4 HCAL Flag,test,2023-07-25,2022-09-20,2023-09-25,400,block_2_3,0.5615301816752076
nikkei_full,131,250,1.4 HCAL Flag,test,2023-07-25,2022-09-20,2023-09-25,400,block_4_6,0.886343012204954
nikkei_full,131,250,1.4 HCAL Flag,test,2023-07-25,2022-09-20,2023-09-25,400,top_3,0.38258915108666036
nikkei_full,131,250,1.4 HCAL Flag,test,2023-07-25,2022-09-20,2023-09-25,400,top_6,0.4685783723155414
nikkei_full,131,250,1.4 HCAL Flag,test,2023-07-25,2022-09-20,2023-09-25,400,flag_nested,0.29219626042583074
nikkei_full,131,250,1.4 HCAL Flag,test,2023-08-15,2022-10-12,2023-10-16,401,market_1,0.032497748422002815
nikkei_full,131,250,1.4 HCAL Flag,test,2023-08-15,2022-10-12,2023-10-16,401,block_2_3,0.45260996309016643
nikkei_full,131,250,1.4 HCAL Flag,test,2023-08-15,2022-10-12,2023-10-16,401,block_4_6,0.7120548546957073
nikkei_full,131,250,1.4 HCAL Flag,test,2023-08-15,2022-10-12,2023-10-16,401,top_3,0.3124041571102631
nikkei_full,131,250,1.4 HCAL Flag,test,2023-08-15,2022-10-12,2023-10-16,401,top_6,0.38496775068806977
nikkei_full,131,250,1.4 HCAL Flag,test,2023-08-15,2022-10-12,2023-10-16,401,flag_nested,0.24328988540677857
nikkei_full,131,250,1.4 HCAL Flag,test,2023-09-04,2022-11-01,2023-11-06,402,market_1,0.032254644021677326
nikkei_full,131,250,1.4 HCAL Flag,test,2023-09-04,2022-11-01,2023-11-06,402,block_2_3,0.5482385037660208
nikkei_full,131,250,1.4 HCAL Flag,test,2023-09-04,2022-11-01,2023-11-06,402,block_4_6,0.7522614492004975
nikkei_full,131,250,1.4 HCAL Flag,test,2023-09-04,2022-11-01,2023-11-06,402,top_3,0.3757946601630737
nikkei_full,131,250,1.4 HCAL Flag,test,2023-09-04,2022-11-01,2023-11-06,402,top_6,0.3864815855322077
nikkei_full,131,250,1.4 HCAL Flag,test,2023-09-04,2022-11-01,2023-11-06,402,flag_nested,0.2648436299056529
nikkei_full,131,250,1.4 HCAL Flag,test,2023-09-25,2022-11-22,2023-11-27,403,market_1,0.023302011466196704
nikkei_full,131,250,1.4 HCAL Flag,test,2023-09-25,2022-11-22,2023-11-27,403,block_2_3,0.5701095540266508
nikkei_full,131,250,1.4 HCAL Flag,test,2023-09-25,2022-11-22,2023-11-27,403,block_4_6,0.6502300277638052
nikkei_full,131,250,1.4 HCAL Flag,test,2023-09-25,2022-11-22,2023-11-27,403,top_3,0.38773162876982026
nikkei_full,131,250,1.4 HCAL Flag,test,2023-09-25,2022-11-22,2023-11-27,403,top_6,0.37778767152297604
nikkei_full,131,250,1.4 HCAL Flag,test,2023-09-25,2022-11-22,2023-11-27,403,flag_nested,0.2629404372529977
nikkei_full,131,250,1.4 HCAL Flag,test,2023-10-16,2022-12-13,2023-12-15,404,market_1,0.020004007729965356
nikkei_full,131,250,1.4 HCAL Flag,test,2023-10-16,2022-12-13,2023-12-15,404,block_2_3,0.6142166465358112
nikkei_full,131,250,1.4 HCAL Flag,test,2023-10-16,2022-12-13,2023-12-15,404,block_4_6,0.7457146588791215
nikkei_full,131,250,1.4 HCAL Flag,test,2023-10-16,2022-12-13,2023-12-15,404,top_3,0.41599323320103726
nikkei_full,131,250,1.4 HCAL Flag,test,2023-10-16,2022-12-13,2023-12-15,404,top_6,0.4648693035831992
nikkei_full,131,250,1.4 HCAL Flag,test,2023-10-16,2022-12-13,2023-12-15,404,flag_nested,0.3002888481714006
nikkei_full,131,250,1.4 HCAL Flag,test,2023-11-06,2023-01-04,2024-01-10,405,market_1,0.021447953574417755
nikkei_full,131,250,1.4 HCAL Flag,test,2023-11-06,2023-01-04,2024-01-10,405,block_2_3,0.5510500937597366
nikkei_full,131,250,1.4 HCAL Flag,test,2023-11-06,2023-01-04,2024-01-10,405,block_4_6,0.7633832057940939
nikkei_full,131,250,1.4 HCAL Flag,test,2023-11-06,2023-01-04,2024-01-10,405,top_3,0.3739582433776139
nikkei_full,131,250,1.4 HCAL Flag,test,2023-11-06,2023-01-04,2024-01-10,405,top_6,0.43035278098960456
nikkei_full,131,250,1.4 HCAL Flag,test,2023-11-06,2023-01-04,2024-01-10,405,flag_nested,0.2752529926472121
nikkei_full,131,250,1.4 HCAL Flag,test,2023-11-27,2023-01-25,2024-01-30,406,market_1,0.0213176300383352
nikkei_full,131,250,1.4 HCAL Flag,test,2023-11-27,2023-01-25,2024-01-30,406,block_2_3,0.5362531092419984
nikkei_full,131,250,1.4 HCAL Flag,test,2023-11-27,2023-01-25,2024-01-30,406,block_4_6,0.7313227310392126
nikkei_full,131,250,1.4 HCAL Flag,test,2023-11-27,2023-01-25,2024-01-30,406,top_3,0.36372935866225203
nikkei_full,131,250,1.4 HCAL Flag,test,2023-11-27,2023-01-25,2024-01-30,406,top_6,0.4124916951712055
nikkei_full,131,250,1.4 HCAL Flag,test,2023-11-27,2023-01-25,2024-01-30,406,flag_nested,0.26584622795726426
nikkei_full,131,250,1.4 HCAL Flag,test,2023-12-15,2023-02-14,2024-02-20,407,market_1,0.022364692643355943
nikkei_full,131,250,1.4 HCAL Flag,test,2023-12-15,2023-02-14,2024-02-20,407,block_2_3,0.5227985653807039
nikkei_full,131,250,1.4 HCAL Flag,test,2023-12-15,2023-02-14,2024-02-20,407,block_4_6,0.7466952774050406
nikkei_full,131,250,1.4 HCAL Flag,test,2023-12-15,2023-02-14,2024-02-20,407,top_3,0.35521208612671384
nikkei_full,131,250,1.4 HCAL Flag,test,2023-12-15,2023-02-14,2024-02-20,407,top_6,0.40495129538310276
nikkei_full,131,250,1.4 HCAL Flag,test,2023-12-15,2023-02-14,2024-02-20,407,flag_nested,0.26084269138439087
nikkei_full,131,250,1.4 HCAL Flag,test,2024-01-10,2023-03-07,2024-03-12,408,market_1,0.021143218536996855
nikkei_full,131,250,1.4 HCAL Flag,test,2024-01-10,2023-03-07,2024-03-12,408,block_2_3,0.5277116654349241
nikkei_full,131,250,1.4 HCAL Flag,test,2024-01-10,2023-03-07,2024-03-12,408,block_4_6,0.7448102061664746
nikkei_full,131,250,1.4 HCAL Flag,test,2024-01-10,2023-03-07,2024-03-12,408,top_3,0.3584619507838633
nikkei_full,131,250,1.4 HCAL Flag,test,2024-01-10,2023-03-07,2024-03-12,408,top_6,0.40461672479530003
nikkei_full,131,250,1.4 HCAL Flag,test,2024-01-10,2023-03-07,2024-03-12,408,flag_nested,0.26140729803872004
nikkei_full,131,250,1.4 HCAL Flag,test,2024-01-30,2023-03-28,2024-04-02,409,market_1,0.021660119110180176
nikkei_full,131,250,1.4 HCAL Flag,test,2024-01-30,2023-03-28,2024-04-02,409,block_2_3,0.47355427231509417
nikkei_full,131,250,1.4 HCAL Flag,test,2024-01-30,2023-03-28,2024-04-02,409,block_4_6,0.5933233381875508
nikkei_full,131,250,1.4 HCAL Flag,test,2024-01-30,2023-03-28,2024-04-02,409,top_3,0.32271296704663993
nikkei_full,131,250,1.4 HCAL Flag,test,2024-01-30,2023-03-28,2024-04-02,409,top_6,0.3591818494624775
nikkei_full,131,250,1.4 HCAL Flag,test,2024-01-30,2023-03-28,2024-04-02,409,flag_nested,0.2345183118730992
nikkei_full,131,250,1.4 HCAL Flag,test,2024-02-20,2023-04-17,2024-04-22,410,market_1,0.020829409167384405
nikkei_full,131,250,1.4 HCAL Flag,test,2024-02-20,2023-04-17,2024-04-22,410,block_2_3,0.5103790327321864
nikkei_full,131,250,1.4 HCAL Flag,test,2024-02-20,2023-04-17,2024-04-22,410,block_4_6,0.6094422858467142
nikkei_full,131,250,1.4 HCAL Flag,test,2024-02-20,2023-04-17,2024-04-22,410,top_3,0.3469826901140523
nikkei_full,131,250,1.4 HCAL Flag,test,2024-02-20,2023-04-17,2024-04-22,410,top_6,0.3673439300205752
nikkei_full,131,250,1.4 HCAL Flag,test,2024-02-20,2023-04-17,2024-04-22,410,flag_nested,0.2450520097673373
nikkei_full,131,250,1.4 HCAL Flag,test,2024-03-12,2023-05-10,2024-05-15,411,market_1,0.020659890446892537
nikkei_full,131,250,1.4 HCAL Flag,test,2024-03-12,2023-05-10,2024-05-15,411,block_2_3,0.5177504784129929
nikkei_full,131,250,1.4 HCAL Flag,test,2024-03-12,2023-05-10,2024-05-15,411,block_4_6,0.6185288535122209
nikkei_full,131,250,1.4 HCAL Flag,test,2024-03-12,2023-05-10,2024-05-15,411,top_3,0.3519146540195131
nikkei_full,131,250,1.4 HCAL Flag,test,2024-03-12,2023-05-10,2024-05-15,411,top_6,0.354498056755334
nikkei_full,131,250,1.4 HCAL Flag,test,2024-03-12,2023-05-10,2024-05-15,411,flag_nested,0.2423575337405799
nikkei_full,131,250,1.4 HCAL Flag,test,2024-04-02,2023-05-30,2024-06-04,412,market_1,0.01938233107755516
nikkei_full,131,250,1.4 HCAL Flag,test,2024-04-02,2023-05-30,2024-06-04,412,block_2_3,0.5057515489059166
nikkei_full,131,250,1.4 HCAL Flag,test,2024-04-02,2023-05-30,2024-06-04,412,block_4_6,0.6419817517120566
nikkei_full,131,250,1.4 HCAL Flag,test,2024-04-02,2023-05-30,2024-06-04,412,top_3,0.343348963760339
nikkei_full,131,250,1.4 HCAL Flag,test,2024-04-02,2023-05-30,2024-06-04,412,top_6,0.37464337220909577
nikkei_full,131,250,1.4 HCAL Flag,test,2024-04-02,2023-05-30,2024-06-04,412,flag_nested,0.24579155568233
nikkei_full,131,250,1.4 HCAL Flag,test,2024-04-22,2023-06-19,2024-06-24,413,market_1,0.02191677836766226
nikkei_full,131,250,1.4 HCAL Flag,test,2024-04-22,2023-06-19,2024-06-24,413,block_2_3,0.5087190735216626
nikkei_full,131,250,1.4 HCAL Flag,test,2024-04-22,2023-06-19,2024-06-24,413,block_4_6,0.6502778943539212
nikkei_full,131,250,1.4 HCAL Flag,test,2024-04-22,2023-06-19,2024-06-24,413,top_3,0.3456794812925464
nikkei_full,131,250,1.4 HCAL Flag,test,2024-04-22,2023-06-19,2024-06-24,413,top_6,0.3755732924219326
nikkei_full,131,250,1.4 HCAL Flag,test,2024-04-22,2023-06-19,2024-06-24,413,flag_nested,0.24772318402738044
nikkei_full,131,250,1.4 HCAL Flag,test,2024-05-15,2023-07-07,2024-07-12,414,market_1,0.021178720036736487
nikkei_full,131,250,1.4 HCAL Flag,test,2024-05-15,2023-07-07,2024-07-12,414,block_2_3,0.5488719092733897
nikkei_full,131,250,1.4 HCAL Flag,test,2024-05-15,2023-07-07,2024-07-12,414,block_4_6,0.760857828458613
nikkei_full,131,250,1.4 HCAL Flag,test,2024-05-15,2023-07-07,2024-07-12,414,top_3,0.37160628569811505
nikkei_full,131,250,1.4 HCAL Flag,test,2024-05-15,2023-07-07,2024-07-12,414,top_6,0.42151449490989473
nikkei_full,131,250,1.4 HCAL Flag,test,2024-05-15,2023-07-07,2024-07-12,414,flag_nested,0.2714331668815821
nikkei_full,131,250,1.4 HCAL Flag,test,2024-06-04,2023-07-28,2024-08-02,415,market_1,0.016235746558335484
nikkei_full,131,250,1.4 HCAL Flag,test,2024-06-04,2023-07-28,2024-08-02,415,block_2_3,0.5922464765987707
nikkei_full,131,250,1.4 HCAL Flag,test,2024-06-04,2023-07-28,2024-08-02,415,block_4_6,0.738290969029813
nikkei_full,131,250,1.4 HCAL Flag,test,2024-06-04,2023-07-28,2024-08-02,415,top_3,0.39925309910785883
nikkei_full,131,250,1.4 HCAL Flag,test,2024-06-04,2023-07-28,2024-08-02,415,top_6,0.4111569203220242
nikkei_full,131,250,1.4 HCAL Flag,test,2024-06-04,2023-07-28,2024-08-02,415,flag_nested,0.2755485886627395
nikkei_full,131,250,1.4 HCAL Flag,test,2024-06-24,2023-08-18,2024-08-23,416,market_1,0.016016867807916002
nikkei_full,131,250,1.4 HCAL Flag,test,2024-06-24,2023-08-18,2024-08-23,416,block_2_3,0.5448344326886791
nikkei_full,131,250,1.4 HCAL Flag,test,2024-06-24,2023-08-18,2024-08-23,416,block_4_6,0.6426132973511176
nikkei_full,131,250,1.4 HCAL Flag,test,2024-06-24,2023-08-18,2024-08-23,416,top_3,0.3681659352797089
nikkei_full,131,250,1.4 HCAL Flag,test,2024-06-24,2023-08-18,2024-08-23,416,top_6,0.3719239576868818
nikkei_full,131,250,1.4 HCAL Flag,test,2024-06-24,2023-08-18,2024-08-23,416,flag_nested,0.2520355869248356
nikkei_full,131,250,1.4 HCAL Flag,test,2024-07-12,2023-09-07,2024-09-12,417,market_1,0.013492977158246822
nikkei_full,131,250,1.4 HCAL Flag,test,2024-07-12,2023-09-07,2024-09-12,417,block_2_3,0.5684512786435341
nikkei_full,131,250,1.4 HCAL Flag,test,2024-07-12,2023-09-07,2024-09-12,417,block_4_6,0.627162420286231
nikkei_full,131,250,1.4 HCAL Flag,test,2024-07-12,2023-09-07,2024-09-12,417,top_3,0.3831124065718954
nikkei_full,131,250,1.4 HCAL Flag,test,2024-07-12,2023-09-07,2024-09-12,417,top_6,0.3800339740169773
nikkei_full,131,250,1.4 HCAL Flag,test,2024-07-12,2023-09-07,2024-09-12,417,flag_nested,0.25887978591570654
nikkei_full,131,250,1.4 HCAL Flag,test,2024-08-02,2023-09-28,2024-10-04,418,market_1,0.014135088739265389
nikkei_full,131,250,1.4 HCAL Flag,test,2024-08-02,2023-09-28,2024-10-04,418,block_2_3,0.6416120910975834
nikkei_full,131,250,1.4 HCAL Flag,test,2024-08-02,2023-09-28,2024-10-04,418,block_4_6,0.7029485303773294
nikkei_full,131,250,1.4 HCAL Flag,test,2024-08-02,2023-09-28,2024-10-04,418,top_3,0.4320340269896977
nikkei_full,131,250,1.4 HCAL Flag,test,2024-08-02,2023-09-28,2024-10-04,418,top_6,0.40245507962044935
nikkei_full,131,250,1.4 HCAL Flag,test,2024-08-02,2023-09-28,2024-10-04,418,flag_nested,0.2828747317831375
nikkei_full,131,250,1.4 HCAL Flag,test,2024-08-23,2023-10-19,2024-10-25,419,market_1,0.016404821647555523
nikkei_full,131,250,1.4 HCAL Flag,test,2024-08-23,2023-10-19,2024-10-25,419,block_2_3,0.5113380253747175
nikkei_full,131,250,1.4 HCAL Flag,test,2024-08-23,2023-10-19,2024-10-25,419,block_4_6,0.6316851351023779
nikkei_full,131,250,1.4 HCAL Flag,test,2024-08-23,2023-10-19,2024-10-25,419,top_3,0.3457148866841329
nikkei_full,131,250,1.4 HCAL Flag,test,2024-08-23,2023-10-19,2024-10-25,419,top_6,0.39499336789918876
nikkei_full,131,250,1.4 HCAL Flag,test,2024-08-23,2023-10-19,2024-10-25,419,flag_nested,0.2523710254102924
nikkei_full,131,250,1.4 HCAL Flag,test,2024-09-12,2023-11-09,2024-11-15,420,market_1,0.01731286805424448
nikkei_full,131,250,1.4 HCAL Flag,test,2024-09-12,2023-11-09,2024-11-15,420,block_2_3,0.4671302188116363
nikkei_full,131,250,1.4 HCAL Flag,test,2024-09-12,2023-11-09,2024-11-15,420,block_4_6,0.7610929982911117
nikkei_full,131,250,1.4 HCAL Flag,test,2024-09-12,2023-11-09,2024-11-15,420,top_3,0.3168405441031161
nikkei_full,131,250,1.4 HCAL Flag,test,2024-09-12,2023-11-09,2024-11-15,420,top_6,0.45471245550370143
nikkei_full,131,250,1.4 HCAL Flag,test,2024-09-12,2023-11-09,2024-11-15,420,flag_nested,0.262955289220354
nikkei_full,131,250,1.4 HCAL Flag,test,2024-10-04,2023-11-30,2024-12-05,421,market_1,0.018851169570019755
nikkei_full,131,250,1.4 HCAL Flag,test,2024-10-04,2023-11-30,2024-12-05,421,block_2_3,0.5103719446845316
nikkei_full,131,250,1.4 HCAL Flag,test,2024-10-04,2023-11-30,2024-12-05,421,block_4_6,0.7796614238876827
nikkei_full,131,250,1.4 HCAL Flag,test,2024-10-04,2023-11-30,2024-12-05,421,top_3,0.34583354736651956
nikkei_full,131,250,1.4 HCAL Flag,test,2024-10-04,2023-11-30,2024-12-05,421,top_6,0.46986541144655963
nikkei_full,131,250,1.4 HCAL Flag,test,2024-10-04,2023-11-30,2024-12-05,421,flag_nested,0.27818337612769967
nikkei_full,131,250,1.4 HCAL Flag,test,2024-10-25,2023-12-20,2024-12-25,422,market_1,0.020332624519696085
nikkei_full,131,250,1.4 HCAL Flag,test,2024-10-25,2023-12-20,2024-12-25,422,block_2_3,0.48385617123738756
nikkei_full,131,250,1.4 HCAL Flag,test,2024-10-25,2023-12-20,2024-12-25,422,block_4_6,0.7605924201786033
nikkei_full,131,250,1.4 HCAL Flag,test,2024-10-25,2023-12-20,2024-12-25,422,top_3,0.32888469661033587
nikkei_full,131,250,1.4 HCAL Flag,test,2024-10-25,2023-12-20,2024-12-25,422,top_6,0.4641045970199414
nikkei_full,131,250,1.4 HCAL Flag,test,2024-10-25,2023-12-20,2024-12-25,422,flag_nested,0.2711073060499911
nikkei_full,131,250,1.4 HCAL Flag,test,2024-11-15,2024-01-15,2025-01-21,423,market_1,0.02053444842673291
nikkei_full,131,250,1.4 HCAL Flag,test,2024-11-15,2024-01-15,2025-01-21,423,block_2_3,0.5103647196656922
nikkei_full,131,250,1.4 HCAL Flag,test,2024-11-15,2024-01-15,2025-01-21,423,block_4_6,0.7431937641643422
nikkei_full,131,250,1.4 HCAL Flag,test,2024-11-15,2024-01-15,2025-01-21,423,top_3,0.346753320205142
nikkei_full,131,250,1.4 HCAL Flag,test,2024-11-15,2024-01-15,2025-01-21,423,top_6,0.4571412463765597
nikkei_full,131,250,1.4 HCAL Flag,test,2024-11-15,2024-01-15,2025-01-21,423,flag_nested,0.2748096716694782
nikkei_full,131,250,1.4 HCAL Flag,test,2024-12-05,2024-02-02,2025-02-10,424,market_1,0.02243654531938566
nikkei_full,131,250,1.4 HCAL Flag,test,2024-12-05,2024-02-02,2025-02-10,424,block_2_3,0.4429554795091467
nikkei_full,131,250,1.4 HCAL Flag,test,2024-12-05,2024-02-02,2025-02-10,424,block_4_6,0.7569454512666338
nikkei_full,131,250,1.4 HCAL Flag,test,2024-12-05,2024-02-02,2025-02-10,424,top_3,0.30236636036855735
nikkei_full,131,250,1.4 HCAL Flag,test,2024-12-05,2024-02-02,2025-02-10,424,top_6,0.45968106782976
nikkei_full,131,250,1.4 HCAL Flag,test,2024-12-05,2024-02-02,2025-02-10,424,flag_nested,0.2614946578392343
nikkei_full,131,250,1.4 HCAL Flag,test,2024-12-25,2024-02-26,2025-03-04,425,market_1,0.02254530195900173
nikkei_full,131,250,1.4 HCAL Flag,test,2024-12-25,2024-02-26,2025-03-04,425,block_2_3,0.4491529086789441
nikkei_full,131,250,1.4 HCAL Flag,test,2024-12-25,2024-02-26,2025-03-04,425,block_4_6,0.748749002216711
nikkei_full,131,250,1.4 HCAL Flag,test,2024-12-25,2024-02-26,2025-03-04,425,top_3,0.3066105056482254
nikkei_full,131,250,1.4 HCAL Flag,test,2024-12-25,2024-02-26,2025-03-04,425,top_6,0.4668638249430555
nikkei_full,131,250,1.4 HCAL Flag,test,2024-12-25,2024-02-26,2025-03-04,425,flag_nested,0.26533987751676086
nikkei_full,131,250,1.4 HCAL Flag,test,2025-01-21,2024-03-15,2025-03-25,426,market_1,0.020930128313174867
nikkei_full,131,250,1.4 HCAL Flag,test,2025-01-21,2024-03-15,2025-03-25,426,block_2_3,0.4714599674707355
nikkei_full,131,250,1.4 HCAL Flag,test,2025-01-21,2024-03-15,2025-03-25,426,block_4_6,0.7303434470519337
nikkei_full,131,250,1.4 HCAL Flag,test,2025-01-21,2024-03-15,2025-03-25,426,top_3,0.3207502191947584
nikkei_full,131,250,1.4 HCAL Flag,test,2025-01-21,2024-03-15,2025-03-25,426,top_6,0.46224757233282826
nikkei_full,131,250,1.4 HCAL Flag,test,2025-01-21,2024-03-15,2025-03-25,426,flag_nested,0.26797597328025385
nikkei_full,131,250,1.4 HCAL Flag,test,2025-02-10,2024-04-05,2025-04-14,427,market_1,0.020103363806022956
nikkei_full,131,250,1.4 HCAL Flag,test,2025-02-10,2024-04-05,2025-04-14,427,block_2_3,0.44407899846666665
nikkei_full,131,250,1.4 HCAL Flag,test,2025-02-10,2024-04-05,2025-04-14,427,block_4_6,0.7361450265059183
nikkei_full,131,250,1.4 HCAL Flag,test,2025-02-10,2024-04-05,2025-04-14,427,top_3,0.30250912923441814
nikkei_full,131,250,1.4 HCAL Flag,test,2025-02-10,2024-04-05,2025-04-14,427,top_6,0.4798283241797076
nikkei_full,131,250,1.4 HCAL Flag,test,2025-02-10,2024-04-05,2025-04-14,427,flag_nested,0.26748027240671624
nikkei_full,131,250,1.4 HCAL Flag,test,2025-03-04,2024-04-25,2025-05-07,428,market_1,0.02004947469826035
nikkei_full,131,250,1.4 HCAL Flag,test,2025-03-04,2024-04-25,2025-05-07,428,block_2_3,0.4211499591494965
nikkei_full,131,250,1.4 HCAL Flag,test,2025-03-04,2024-04-25,2025-05-07,428,block_4_6,0.7804030624982593
nikkei_full,131,250,1.4 HCAL Flag,test,2025-03-04,2024-04-25,2025-05-07,428,top_3,0.28680533918442785
nikkei_full,131,250,1.4 HCAL Flag,test,2025-03-04,2024-04-25,2025-05-07,428,top_6,0.4993910938212567
nikkei_full,131,250,1.4 HCAL Flag,test,2025-03-04,2024-04-25,2025-05-07,428,flag_nested,0.268748635901315
nikkei_full,131,250,1.4 HCAL Flag,test,2025-03-25,2024-05-20,2025-05-27,429,market_1,0.020087892757487014
nikkei_full,131,250,1.4 HCAL Flag,test,2025-03-25,2024-05-20,2025-05-27,429,block_2_3,0.44601918170646515
nikkei_full,131,250,1.4 HCAL Flag,test,2025-03-25,2024-05-20,2025-05-27,429,block_4_6,0.8809994790106215
nikkei_full,131,250,1.4 HCAL Flag,test,2025-03-25,2024-05-20,2025-05-27,429,top_3,0.30253595302415776
nikkei_full,131,250,1.4 HCAL Flag,test,2025-03-25,2024-05-20,2025-05-27,429,top_6,0.5564087348288597
nikkei_full,131,250,1.4 HCAL Flag,test,2025-03-25,2024-05-20,2025-05-27,429,flag_nested,0.2930108602035015
nikkei_full,131,250,1.4 HCAL Flag,test,2025-04-14,2024-06-07,2025-06-16,430,market_1,0.021848566129148206
nikkei_full,131,250,1.4 HCAL Flag,test,2025-04-14,2024-06-07,2025-06-16,430,block_2_3,0.49134990680948265
nikkei_full,131,250,1.4 HCAL Flag,test,2025-04-14,2024-06-07,2025-06-16,430,block_4_6,0.7865412676003514
nikkei_full,131,250,1.4 HCAL Flag,test,2025-04-14,2024-06-07,2025-06-16,430,top_3,0.33298512923708073
nikkei_full,131,250,1.4 HCAL Flag,test,2025-04-14,2024-06-07,2025-06-16,430,top_6,0.5159971849836572
nikkei_full,131,250,1.4 HCAL Flag,test,2025-04-14,2024-06-07,2025-06-16,430,flag_nested,0.2902769601166287
nikkei_full,131,250,1.4 HCAL Flag,test,2025-05-07,2024-06-27,2025-07-04,431,market_1,0.026521992824450003
nikkei_full,131,250,1.4 HCAL Flag,test,2025-05-07,2024-06-27,2025-07-04,431,block_2_3,0.5291533734844036
nikkei_full,131,250,1.4 HCAL Flag,test,2025-05-07,2024-06-27,2025-07-04,431,block_4_6,0.7455591591593848
nikkei_full,131,250,1.4 HCAL Flag,test,2025-05-07,2024-06-27,2025-07-04,431,top_3,0.3595331736673246
nikkei_full,131,250,1.4 HCAL Flag,test,2025-05-07,2024-06-27,2025-07-04,431,top_6,0.49200740134588666
nikkei_full,131,250,1.4 HCAL Flag,test,2025-05-07,2024-06-27,2025-07-04,431,flag_nested,0.29268752261255376
nikkei_full,131,250,1.4 HCAL Flag,test,2025-05-27,2024-07-18,2025-07-25,432,market_1,0.031246729748358626
nikkei_full,131,250,1.4 HCAL Flag,test,2025-05-27,2024-07-18,2025-07-25,432,block_2_3,0.5179239562916048
nikkei_full,131,250,1.4 HCAL Flag,test,2025-05-27,2024-07-18,2025-07-25,432,block_4_6,0.7557474493036572
nikkei_full,131,250,1.4 HCAL Flag,test,2025-05-27,2024-07-18,2025-07-25,432,top_3,0.3527747419315739
nikkei_full,131,250,1.4 HCAL Flag,test,2025-05-27,2024-07-18,2025-07-25,432,top_6,0.5051149806560162
nikkei_full,131,250,1.4 HCAL Flag,test,2025-05-27,2024-07-18,2025-07-25,432,flag_nested,0.29637881744531624
nikkei_full,131,250,1.4 HCAL Flag,test,2025-06-16,2024-08-07,2025-08-15,433,market_1,0.03541896307003711
nikkei_full,131,250,1.4 HCAL Flag,test,2025-06-16,2024-08-07,2025-08-15,433,block_2_3,0.42258017273629944
nikkei_full,131,250,1.4 HCAL Flag,test,2025-06-16,2024-08-07,2025-08-15,433,block_4_6,0.7572451267656589
nikkei_full,131,250,1.4 HCAL Flag,test,2025-06-16,2024-08-07,2025-08-15,433,top_3,0.2906560767994084
nikkei_full,131,250,1.4 HCAL Flag,test,2025-06-16,2024-08-07,2025-08-15,433,top_6,0.4807663799480588
nikkei_full,131,250,1.4 HCAL Flag,test,2025-06-16,2024-08-07,2025-08-15,433,flag_nested,0.26894713993916813
nikkei_full,131,250,1.4 HCAL Flag,test,2025-07-04,2024-08-28,2025-09-04,434,market_1,0.03630392795893367
nikkei_full,131,250,1.4 HCAL Flag,test,2025-07-04,2024-08-28,2025-09-04,434,block_2_3,0.4635546143772723
nikkei_full,131,250,1.4 HCAL Flag,test,2025-07-04,2024-08-28,2025-09-04,434,block_4_6,0.730233056287401
nikkei_full,131,250,1.4 HCAL Flag,test,2025-07-04,2024-08-28,2025-09-04,434,top_3,0.31853559476445953
nikkei_full,131,250,1.4 HCAL Flag,test,2025-07-04,2024-08-28,2025-09-04,434,top_6,0.5020644353104344
nikkei_full,131,250,1.4 HCAL Flag,test,2025-07-04,2024-08-28,2025-09-04,434,flag_nested,0.2856346526779425
nikkei_full,131,250,1.4 HCAL Flag,test,2025-07-25,2024-09-18,2025-09-26,435,market_1,0.03431562929180154
nikkei_full,131,250,1.4 HCAL Flag,test,2025-07-25,2024-09-18,2025-09-26,435,block_2_3,0.387304494430153
nikkei_full,131,250,1.4 HCAL Flag,test,2025-07-25,2024-09-18,2025-09-26,435,block_4_6,0.7481812268459809
nikkei_full,131,250,1.4 HCAL Flag,test,2025-07-25,2024-09-18,2025-09-26,435,top_3,0.2668888971895232
nikkei_full,131,250,1.4 HCAL Flag,test,2025-07-25,2024-09-18,2025-09-26,435,top_6,0.477929628678971
nikkei_full,131,250,1.4 HCAL Flag,test,2025-07-25,2024-09-18,2025-09-26,435,flag_nested,0.2597113850534319
nikkei_full,131,250,1.4 HCAL Flag,test,2025-08-15,2024-10-09,2025-10-17,436,market_1,0.040623719506178935
nikkei_full,131,250,1.4 HCAL Flag,test,2025-08-15,2024-10-09,2025-10-17,436,block_2_3,0.37205325507636966
nikkei_full,131,250,1.4 HCAL Flag,test,2025-08-15,2024-10-09,2025-10-17,436,block_4_6,0.7284575966360358
nikkei_full,131,250,1.4 HCAL Flag,test,2025-08-15,2024-10-09,2025-10-17,436,top_3,0.2582769417481254
nikkei_full,131,250,1.4 HCAL Flag,test,2025-08-15,2024-10-09,2025-10-17,436,top_6,0.45995401804835195
nikkei_full,131,250,1.4 HCAL Flag,test,2025-08-15,2024-10-09,2025-10-17,436,flag_nested,0.25295155976755207
nikkei_full,131,250,1.4 HCAL Flag,test,2025-09-04,2024-10-30,2025-11-07,437,market_1,0.03897077265861382
nikkei_full,131,250,1.4 HCAL Flag,test,2025-09-04,2024-10-30,2025-11-07,437,block_2_3,0.3581215188942506
nikkei_full,131,250,1.4 HCAL Flag,test,2025-09-04,2024-10-30,2025-11-07,437,block_4_6,0.6697796066706331
nikkei_full,131,250,1.4 HCAL Flag,test,2025-09-04,2024-10-30,2025-11-07,437,top_3,0.2497567266069393
nikkei_full,131,250,1.4 HCAL Flag,test,2025-09-04,2024-10-30,2025-11-07,437,top_6,0.43366058965079524
nikkei_full,131,250,1.4 HCAL Flag,test,2025-09-04,2024-10-30,2025-11-07,437,flag_nested,0.24079602963878277
nikkei_full,131,250,1.4 HCAL Flag,test,2025-09-26,2024-11-20,2025-11-28,438,market_1,0.03826203527635974
nikkei_full,131,250,1.4 HCAL Flag,test,2025-09-26,2024-11-20,2025-11-28,438,block_2_3,0.34985919983027525
nikkei_full,131,250,1.4 HCAL Flag,test,2025-09-26,2024-11-20,2025-11-28,438,block_4_6,0.6832858731568267
nikkei_full,131,250,1.4 HCAL Flag,test,2025-09-26,2024-11-20,2025-11-28,438,top_3,0.24502258459217283
nikkei_full,131,250,1.4 HCAL Flag,test,2025-09-26,2024-11-20,2025-11-28,438,top_6,0.43679894157581783
nikkei_full,131,250,1.4 HCAL Flag,test,2025-09-26,2024-11-20,2025-11-28,438,flag_nested,0.24002785381478345
nikkei_full,131,250,1.4 HCAL Flag,test,2025-10-17,2024-12-10,2025-12-18,439,market_1,0.033495348923516244
nikkei_full,131,250,1.4 HCAL Flag,test,2025-10-17,2024-12-10,2025-12-18,439,block_2_3,0.38862646427372605
nikkei_full,131,250,1.4 HCAL Flag,test,2025-10-17,2024-12-10,2025-12-18,439,block_4_6,0.7708935709167458
nikkei_full,131,250,1.4 HCAL Flag,test,2025-10-17,2024-12-10,2025-12-18,439,top_3,0.2689247941634516
nikkei_full,131,250,1.4 HCAL Flag,test,2025-10-17,2024-12-10,2025-12-18,439,top_6,0.4822758385744397
nikkei_full,131,250,1.4 HCAL Flag,test,2025-10-17,2024-12-10,2025-12-18,439,flag_nested,0.26156532722046916
nikkei_full,131,250,1.4 HCAL Flag,test,2025-11-07,2024-12-30,2026-01-13,440,market_1,0.03842180732398459
nikkei_full,131,250,1.4 HCAL Flag,test,2025-11-07,2024-12-30,2026-01-13,440,block_2_3,0.35670703151151695
nikkei_full,131,250,1.4 HCAL Flag,test,2025-11-07,2024-12-30,2026-01-13,440,block_4_6,0.6575294550346839
nikkei_full,131,250,1.4 HCAL Flag,test,2025-11-07,2024-12-30,2026-01-13,440,top_3,0.24957257403053004
nikkei_full,131,250,1.4 HCAL Flag,test,2025-11-07,2024-12-30,2026-01-13,440,top_6,0.4181497322079384
nikkei_full,131,250,1.4 HCAL Flag,test,2025-11-07,2024-12-30,2026-01-13,440,flag_nested,0.23538137118748434
nikkei_full,131,250,1.4 HCAL Flag,test,2025-11-28,2025-01-24,2026-02-02,441,market_1,0.03742748311900557
nikkei_full,131,250,1.4 HCAL Flag,test,2025-11-28,2025-01-24,2026-02-02,441,block_2_3,0.3975717221628021
nikkei_full,131,250,1.4 HCAL Flag,test,2025-11-28,2025-01-24,2026-02-02,441,block_4_6,0.7239811949217926
nikkei_full,131,250,1.4 HCAL Flag,test,2025-11-28,2025-01-24,2026-02-02,441,top_3,0.27606220139168824
nikkei_full,131,250,1.4 HCAL Flag,test,2025-11-28,2025-01-24,2026-02-02,441,top_6,0.45086267530449176
nikkei_full,131,250,1.4 HCAL Flag,test,2025-11-28,2025-01-24,2026-02-02,441,flag_nested,0.25478411993839517
nikkei_full,131,250,1.4 HCAL Flag,test,2025-12-18,2025-02-14,2026-02-24,442,market_1,0.045348231539630746
nikkei_full,131,250,1.4 HCAL Flag,test,2025-12-18,2025-02-14,2026-02-24,442,block_2_3,0.3488450283230641
nikkei_full,131,250,1.4 HCAL Flag,test,2025-12-18,2025-02-14,2026-02-24,442,block_4_6,0.6296033301366807
nikkei_full,131,250,1.4 HCAL Flag,test,2025-12-18,2025-02-14,2026-02-24,442,top_3,0.24614279477550408
nikkei_full,131,250,1.4 HCAL Flag,test,2025-12-18,2025-02-14,2026-02-24,442,top_6,0.40005292916136476
nikkei_full,131,250,1.4 HCAL Flag,test,2025-12-18,2025-02-14,2026-02-24,442,flag_nested,0.23051465182549982
nikkei_full,131,250,1.4 HCAL Flag,test,2026-01-13,2025-03-07,2026-03-16,443,market_1,0.04798582961587583
nikkei_full,131,250,1.4 HCAL Flag,test,2026-01-13,2025-03-07,2026-03-16,443,block_2_3,0.3449269806096561
nikkei_full,131,250,1.4 HCAL Flag,test,2026-01-13,2025-03-07,2026-03-16,443,block_4_6,0.7926664267802407
nikkei_full,131,250,1.4 HCAL Flag,test,2026-01-13,2025-03-07,2026-03-16,443,top_3,0.24453617158761723
nikkei_full,131,250,1.4 HCAL Flag,test,2026-01-13,2025-03-07,2026-03-16,443,top_6,0.46643926942200603
nikkei_full,131,250,1.4 HCAL Flag,test,2026-01-13,2025-03-07,2026-03-16,443,flag_nested,0.2529870902084997
nikkei_full,131,250,1.4 HCAL Flag,test,2026-02-02,2025-03-28,2026-04-06,444,market_1,0.04310066902934684
nikkei_full,131,250,1.4 HCAL Flag,test,2026-02-02,2025-03-28,2026-04-06,444,block_2_3,0.38265335711199533
nikkei_full,131,250,1.4 HCAL Flag,test,2026-02-02,2025-03-28,2026-04-06,444,block_4_6,0.7632683286428451
nikkei_full,131,250,1.4 HCAL Flag,test,2026-02-02,2025-03-28,2026-04-06,444,top_3,0.2685397610984171
nikkei_full,131,250,1.4 HCAL Flag,test,2026-02-02,2025-03-28,2026-04-06,444,top_6,0.4625888850232453
nikkei_full,131,250,1.4 HCAL Flag,test,2026-02-02,2025-03-28,2026-04-06,444,flag_nested,0.2580764383836697
nikkei_full,131,250,1.4 HCAL Flag,test,2026-02-24,2025-04-17,2026-04-24,445,market_1,0.046204305523915745
nikkei_full,131,250,1.4 HCAL Flag,test,2026-02-24,2025-04-17,2026-04-24,445,block_2_3,0.3834918651914988
nikkei_full,131,250,1.4 HCAL Flag,test,2026-02-24,2025-04-17,2026-04-24,445,block_4_6,0.7751058151876423
nikkei_full,131,250,1.4 HCAL Flag,test,2026-02-24,2025-04-17,2026-04-24,445,top_3,0.2683501134745403
nikkei_full,131,250,1.4 HCAL Flag,test,2026-02-24,2025-04-17,2026-04-24,445,top_6,0.4652957159518339
nikkei_full,131,250,1.4 HCAL Flag,test,2026-02-24,2025-04-17,2026-04-24,445,flag_nested,0.25995004498343
nikkei_full,131,250,1.4 HCAL Flag,test,2026-03-16,2025-05-12,2026-05-20,446,market_1,0.05290908842801223
nikkei_full,131,250,1.4 HCAL Flag,test,2026-03-16,2025-05-12,2026-05-20,446,block_2_3,0.40987933909386254
nikkei_full,131,250,1.4 HCAL Flag,test,2026-03-16,2025-05-12,2026-05-20,446,block_4_6,0.7883813991676201
nikkei_full,131,250,1.4 HCAL Flag,test,2026-03-16,2025-05-12,2026-05-20,446,top_3,0.2878627152393416
nikkei_full,131,250,1.4 HCAL Flag,test,2026-03-16,2025-05-12,2026-05-20,446,top_6,0.44880571114588735
nikkei_full,131,250,1.4 HCAL Flag,test,2026-03-16,2025-05-12,2026-05-20,446,flag_nested,0.26319250493774704
nikkei_full,131,250,1.4 HCAL Flag,test,2026-04-06,2025-05-30,2026-06-09,447,market_1,0.039092850121980716
nikkei_full,131,250,1.4 HCAL Flag,test,2026-04-06,2025-05-30,2026-06-09,447,block_2_3,0.5161192493783158
nikkei_full,131,250,1.4 HCAL Flag,test,2026-04-06,2025-05-30,2026-06-09,447,block_4_6,0.7482802760656543
nikkei_full,131,250,1.4 HCAL Flag,test,2026-04-06,2025-05-30,2026-06-09,447,top_3,0.35355623875588343
nikkei_full,131,250,1.4 HCAL Flag,test,2026-04-06,2025-05-30,2026-06-09,447,top_6,0.47309742339224065
nikkei_full,131,250,1.4 HCAL Flag,test,2026-04-06,2025-05-30,2026-06-09,447,flag_nested,0.2885821707567016
nikkei_full,131,250,1.4 HCAL Flag,test,2026-04-24,2025-06-19,2026-06-29,448,market_1,0.0387126121648903
nikkei_full,131,250,1.4 HCAL Flag,test,2026-04-24,2025-06-19,2026-06-29,448,block_2_3,0.5251061372748298
nikkei_full,131,250,1.4 HCAL Flag,test,2026-04-24,2025-06-19,2026-06-29,448,block_4_6,0.7223898569110833
nikkei_full,131,250,1.4 HCAL Flag,test,2026-04-24,2025-06-19,2026-06-29,448,top_3,0.3606953351934865
nikkei_full,131,250,1.4 HCAL Flag,test,2026-04-24,2025-06-19,2026-06-29,448,top_6,0.4584854211057361
nikkei_full,131,250,1.4 HCAL Flag,test,2026-04-24,2025-06-19,2026-06-29,448,flag_nested,0.2859644561547043
nikkei_full,131,250,1.4 HCAL Flag,test,2026-05-20,2025-07-09,2026-07-17,449,market_1,0.03526215479925465
nikkei_full,131,250,1.4 HCAL Flag,test,2026-05-20,2025-07-09,2026-07-17,449,block_2_3,0.49417661424436776
nikkei_full,131,250,1.4 HCAL Flag,test,2026-05-20,2025-07-09,2026-07-17,449,block_4_6,0.7975264380318432
nikkei_full,131,250,1.4 HCAL Flag,test,2026-05-20,2025-07-09,2026-07-17,449,top_3,0.3398432826767001
nikkei_full,131,250,1.4 HCAL Flag,test,2026-05-20,2025-07-09,2026-07-17,449,top_6,0.4859257668461023
nikkei_full,131,250,1.4 HCAL Flag,test,2026-05-20,2025-07-09,2026-07-17,449,flag_nested,0.2870104014406857
dax_full,29,250,1.4 HCAL Flag,test,2019-11-11,2019-01-17,2020-01-15,342,market_1,0.017746127373469034
dax_full,29,250,1.4 HCAL Flag,test,2019-11-11,2019-01-17,2020-01-15,342,block_2_3,0.5463036157286698
dax_full,29,250,1.4 HCAL Flag,test,2019-11-11,2019-01-17,2020-01-15,342,block_4_6,0.5506619245845664
dax_full,29,250,1.4 HCAL Flag,test,2019-11-11,2019-01-17,2020-01-15,342,top_3,0.3694305460285516
dax_full,29,250,1.4 HCAL Flag,test,2019-11-11,2019-01-17,2020-01-15,342,top_6,0.27982162181784975
dax_full,29,250,1.4 HCAL Flag,test,2019-11-11,2019-01-17,2020-01-15,342,flag_nested,0.2223327650732901
dax_full,29,250,1.4 HCAL Flag,test,2019-11-29,2019-02-06,2020-02-04,343,market_1,0.021478844018360865
dax_full,29,250,1.4 HCAL Flag,test,2019-11-29,2019-02-06,2020-02-04,343,block_2_3,0.6256350022712884
dax_full,29,250,1.4 HCAL Flag,test,2019-11-29,2019-02-06,2020-02-04,343,block_4_6,0.5307595227137734
dax_full,29,250,1.4 HCAL Flag,test,2019-11-29,2019-02-06,2020-02-04,343,top_3,0.4235658793897386
dax_full,29,250,1.4 HCAL Flag,test,2019-11-29,2019-02-06,2020-02-04,343,top_6,0.26508923050806343
dax_full,29,250,1.4 HCAL Flag,test,2019-11-29,2019-02-06,2020-02-04,343,flag_nested,0.23671131797205427
dax_full,29,250,1.4 HCAL Flag,test,2019-12-19,2019-02-26,2020-02-24,344,market_1,0.021681005004395182
dax_full,29,250,1.4 HCAL Flag,test,2019-12-19,2019-02-26,2020-02-24,344,block_2_3,0.5255825599648741
dax_full,29,250,1.4 HCAL Flag,test,2019-12-19,2019-02-26,2020-02-24,344,block_4_6,0.6659874484138519
dax_full,29,250,1.4 HCAL Flag,test,2019-12-19,2019-02-26,2020-02-24,344,top_3,0.3572986501296256
dax_full,29,250,1.4 HCAL Flag,test,2019-12-19,2019-02-26,2020-02-24,344,top_6,0.3344842356661253
dax_full,29,250,1.4 HCAL Flag,test,2019-12-19,2019-02-26,2020-02-24,344,flag_nested,0.23782129693338203
dax_full,29,250,1.4 HCAL Flag,test,2020-01-15,2019-03-18,2020-03-13,345,market_1,0.02114134724314609
dax_full,29,250,1.4 HCAL Flag,test,2020-01-15,2019-03-18,2020-03-13,345,block_2_3,0.5964913806425514
dax_full,29,250,1.4 HCAL Flag,test,2020-01-15,2019-03-18,2020-03-13,345,block_4_6,0.6045475535914325
dax_full,29,250,1.4 HCAL Flag,test,2020-01-15,2019-03-18,2020-03-13,345,top_3,0.40115385854005514
dax_full,29,250,1.4 HCAL Flag,test,2020-01-15,2019-03-18,2020-03-13,345,top_6,0.33864945153770903
dax_full,29,250,1.4 HCAL Flag,test,2020-01-15,2019-03-18,2020-03-13,345,flag_nested,0.25364821910697005
dax_full,29,250,1.4 HCAL Flag,test,2020-02-04,2019-04-05,2020-04-02,346,market_1,0.019400007024532817
dax_full,29,250,1.4 HCAL Flag,test,2020-02-04,2019-04-05,2020-04-02,346,block_2_3,0.6153510008772394
dax_full,29,250,1.4 HCAL Flag,test,2020-02-04,2019-04-05,2020-04-02,346,block_4_6,0.6130535623945056
dax_full,29,250,1.4 HCAL Flag,test,2020-02-04,2019-04-05,2020-04-02,346,top_3,0.413048858286199
dax_full,29,250,1.4 HCAL Flag,test,2020-02-04,2019-04-05,2020-04-02,346,top_6,0.3333102576192588
dax_full,29,250,1.4 HCAL Flag,test,2020-02-04,2019-04-05,2020-04-02,346,flag_nested,0.25525304097666357
dax_full,29,250,1.4 HCAL Flag,test,2020-02-24,2019-04-29,2020-04-24,347,market_1,0.023701607977439476
dax_full,29,250,1.4 HCAL Flag,test,2020-02-24,2019-04-29,2020-04-24,347,block_2_3,0.6521902777088402
dax_full,29,250,1.4 HCAL Flag,test,2020-02-24,2019-04-29,2020-04-24,347,block_4_6,0.5962331197796151
dax_full,29,250,1.4 HCAL Flag,test,2020-02-24,2019-04-29,2020-04-24,347,top_3,0.4365821576587014
dax_full,29,250,1.4 HCAL Flag,test,2020-02-24,2019-04-29,2020-04-24,347,top_6,0.3029467098702292
dax_full,29,250,1.4 HCAL Flag,test,2020-02-24,2019-04-29,2020-04-24,347,flag_nested,0.2544101585021234
dax_full,29,250,1.4 HCAL Flag,test,2020-03-13,2019-05-20,2020-05-15,348,market_1,0.025505613541688232
dax_full,29,250,1.4 HCAL Flag,test,2020-03-13,2019-05-20,2020-05-15,348,block_2_3,0.28490108035007167
dax_full,29,250,1.4 HCAL Flag,test,2020-03-13,2019-05-20,2020-05-15,348,block_4_6,0.6022083171851865
dax_full,29,250,1.4 HCAL Flag,test,2020-03-13,2019-05-20,2020-05-15,348,top_3,0.196172245658042
dax_full,29,250,1.4 HCAL Flag,test,2020-03-13,2019-05-20,2020-05-15,348,top_6,0.3149504196474009
dax_full,29,250,1.4 HCAL Flag,test,2020-03-13,2019-05-20,2020-05-15,348,flag_nested,0.17887609294904372
dax_full,29,250,1.4 HCAL Flag,test,2020-04-02,2019-06-07,2020-06-05,349,market_1,0.02175959927453852
dax_full,29,250,1.4 HCAL Flag,test,2020-04-02,2019-06-07,2020-06-05,349,block_2_3,0.29023901258525797
dax_full,29,250,1.4 HCAL Flag,test,2020-04-02,2019-06-07,2020-06-05,349,block_4_6,0.6332720673216515
dax_full,29,250,1.4 HCAL Flag,test,2020-04-02,2019-06-07,2020-06-05,349,top_3,0.19950962249596685
dax_full,29,250,1.4 HCAL Flag,test,2020-04-02,2019-06-07,2020-06-05,349,top_6,0.3352222598800487
dax_full,29,250,1.4 HCAL Flag,test,2020-04-02,2019-06-07,2020-06-05,349,flag_nested,0.1854971605501847
dax_full,29,250,1.4 HCAL Flag,test,2020-04-24,2019-06-28,2020-06-25,350,market_1,0.02066064793188671
dax_full,29,250,1.4 HCAL Flag,test,2020-04-24,2019-06-28,2020-06-25,350,block_2_3,0.3697232852213753
dax_full,29,250,1.4 HCAL Flag,test,2020-04-24,2019-06-28,2020-06-25,350,block_4_6,0.6371820230199642
dax_full,29,250,1.4 HCAL Flag,test,2020-04-24,2019-06-28,2020-06-25,350,top_3,0.2518030007424213
dax_full,29,250,1.4 HCAL Flag,test,2020-04-24,2019-06-28,2020-06-25,350,top_6,0.35178308199559605
dax_full,29,250,1.4 HCAL Flag,test,2020-04-24,2019-06-28,2020-06-25,350,flag_nested,0.20808224355663466
dax_full,29,250,1.4 HCAL Flag,test,2020-05-15,2019-07-18,2020-07-15,351,market_1,0.013065135884166579
dax_full,29,250,1.4 HCAL Flag,test,2020-05-15,2019-07-18,2020-07-15,351,block_2_3,0.6403781902166389
dax_full,29,250,1.4 HCAL Flag,test,2020-05-15,2019-07-18,2020-07-15,351,block_4_6,0.5693515729801426
dax_full,29,250,1.4 HCAL Flag,test,2020-05-15,2019-07-18,2020-07-15,351,top_3,0.4302281343465015
dax_full,29,250,1.4 HCAL Flag,test,2020-05-15,2019-07-18,2020-07-15,351,top_6,0.30482133520797666
dax_full,29,250,1.4 HCAL Flag,test,2020-05-15,2019-07-18,2020-07-15,351,flag_nested,0.2493715351462149
dax_full,29,250,1.4 HCAL Flag,test,2020-06-05,2019-08-07,2020-08-04,352,market_1,0.010343713399146637
dax_full,29,250,1.4 HCAL Flag,test,2020-06-05,2019-08-07,2020-08-04,352,block_2_3,0.5597302400381687
dax_full,29,250,1.4 HCAL Flag,test,2020-06-05,2019-08-07,2020-08-04,352,block_4_6,0.6056646945915054
dax_full,29,250,1.4 HCAL Flag,test,2020-06-05,2019-08-07,2020-08-04,352,top_3,0.3749117045234856
dax_full,29,250,1.4 HCAL Flag,test,2020-06-05,2019-08-07,2020-08-04,352,top_6,0.31598621576945024
dax_full,29,250,1.4 HCAL Flag,test,2020-06-05,2019-08-07,2020-08-04,352,flag_nested,0.23374721123069417
dax_full,29,250,1.4 HCAL Flag,test,2020-06-25,2019-08-27,2020-08-24,353,market_1,0.01235352221880448
dax_full,29,250,1.4 HCAL Flag,test,2020-06-25,2019-08-27,2020-08-24,353,block_2_3,0.5999964729110847
dax_full,29,250,1.4 HCAL Flag,test,2020-06-25,2019-08-27,2020-08-24,353,block_4_6,0.6695918038809759
dax_full,29,250,1.4 HCAL Flag,test,2020-06-25,2019-08-27,2020-08-24,353,top_3,0.40322246199399037
dax_full,29,250,1.4 HCAL Flag,test,2020-06-25,2019-08-27,2020-08-24,353,top_6,0.29374527894992025
dax_full,29,250,1.4 HCAL Flag,test,2020-06-25,2019-08-27,2020-08-24,353,flag_nested,0.23644042105423835
dax_full,29,250,1.4 HCAL Flag,test,2020-07-15,2019-09-16,2020-09-11,354,market_1,0.015047037697895838
dax_full,29,250,1.4 HCAL Flag,test,2020-07-15,2019-09-16,2020-09-11,354,block_2_3,0.4519682089461946
dax_full,29,250,1.4 HCAL Flag,test,2020-07-15,2019-09-16,2020-09-11,354,block_4_6,0.7662432275698384
dax_full,29,250,1.4 HCAL Flag,test,2020-07-15,2019-09-16,2020-09-11,354,top_3,0.3034667319438554
dax_full,29,250,1.4 HCAL Flag,test,2020-07-15,2019-09-16,2020-09-11,354,top_6,0.361900380579758
dax_full,29,250,1.4 HCAL Flag,test,2020-07-15,2019-09-16,2020-09-11,354,flag_nested,0.22680471674050307
dax_full,29,250,1.4 HCAL Flag,test,2020-08-04,2019-10-07,2020-10-01,355,market_1,0.013792860720095113
dax_full,29,250,1.4 HCAL Flag,test,2020-08-04,2019-10-07,2020-10-01,355,block_2_3,0.43725179309290574
dax_full,29,250,1.4 HCAL Flag,test,2020-08-04,2019-10-07,2020-10-01,355,block_4_6,0.6619014526257504
dax_full,29,250,1.4 HCAL Flag,test,2020-08-04,2019-10-07,2020-10-01,355,top_3,0.2943365124427812
dax_full,29,250,1.4 HCAL Flag,test,2020-08-04,2019-10-07,2020-10-01,355,top_6,0.30438542298239346
dax_full,29,250,1.4 HCAL Flag,test,2020-08-04,2019-10-07,2020-10-01,355,flag_nested,0.2041715987150899
dax_full,29,250,1.4 HCAL Flag,test,2020-08-24,2019-10-25,2020-10-21,356,market_1,0.014439977882237165
dax_full,29,250,1.4 HCAL Flag,test,2020-08-24,2019-10-25,2020-10-21,356,block_2_3,0.38724752353902503
dax_full,29,250,1.4 HCAL Flag,test,2020-08-24,2019-10-25,2020-10-21,356,block_4_6,0.6482080863249314
dax_full,29,250,1.4 HCAL Flag,test,2020-08-24,2019-10-25,2020-10-21,356,top_3,0.2602831739416585
dax_full,29,250,1.4 HCAL Flag,test,2020-08-24,2019-10-25,2020-10-21,356,top_6,0.29951272067087525
dax_full,29,250,1.4 HCAL Flag,test,2020-08-24,2019-10-25,2020-10-21,356,flag_nested,0.19141195749825698
dax_full,29,250,1.4 HCAL Flag,test,2020-09-11,2019-11-14,2020-11-10,357,market_1,0.009873309268981556
dax_full,29,250,1.4 HCAL Flag,test,2020-09-11,2019-11-14,2020-11-10,357,block_2_3,0.4271911841725189
dax_full,29,250,1.4 HCAL Flag,test,2020-09-11,2019-11-14,2020-11-10,357,block_4_6,0.5172067691002241
dax_full,29,250,1.4 HCAL Flag,test,2020-09-11,2019-11-14,2020-11-10,357,top_3,0.2871020740121784
dax_full,29,250,1.4 HCAL Flag,test,2020-09-11,2019-11-14,2020-11-10,357,top_6,0.27594425473461087
dax_full,29,250,1.4 HCAL Flag,test,2020-09-11,2019-11-14,2020-11-10,357,flag_nested,0.1909732126719236
dax_full,29,250,1.4 HCAL Flag,test,2020-10-01,2019-12-04,2020-11-30,358,market_1,0.010044161327563028
dax_full,29,250,1.4 HCAL Flag,test,2020-10-01,2019-12-04,2020-11-30,358,block_2_3,0.306130481468036
dax_full,29,250,1.4 HCAL Flag,test,2020-10-01,2019-12-04,2020-11-30,358,block_4_6,0.5698445129060205
dax_full,29,250,1.4 HCAL Flag,test,2020-10-01,2019-12-04,2020-11-30,358,top_3,0.2067806676778884
dax_full,29,250,1.4 HCAL Flag,test,2020-10-01,2019-12-04,2020-11-30,358,top_6,0.29972791266823684
dax_full,29,250,1.4 HCAL Flag,test,2020-10-01,2019-12-04,2020-11-30,358,flag_nested,0.17218424722456274
dax_full,29,250,1.4 HCAL Flag,test,2020-10-21,2019-12-27,2020-12-18,359,market_1,0.008439708380312605
dax_full,29,250,1.4 HCAL Flag,test,2020-10-21,2019-12-27,2020-12-18,359,block_2_3,0.35333474335541726
dax_full,29,250,1.4 HCAL Flag,test,2020-10-21,2019-12-27,2020-12-18,359,block_4_6,0.6836406152923439
dax_full,29,250,1.4 HCAL Flag,test,2020-10-21,2019-12-27,2020-12-18,359,top_3,0.23792618134363477
dax_full,29,250,1.4 HCAL Flag,test,2020-10-21,2019-12-27,2020-12-18,359,top_6,0.34049276043975407
dax_full,29,250,1.4 HCAL Flag,test,2020-10-21,2019-12-27,2020-12-18,359,flag_nested,0.19561955005456713
dax_full,29,250,1.4 HCAL Flag,test,2020-11-10,2020-01-20,2021-01-13,360,market_1,0.0076488276932844546
dax_full,29,250,1.4 HCAL Flag,test,2020-11-10,2020-01-20,2021-01-13,360,block_2_3,0.34514637200458875
dax_full,29,250,1.4 HCAL Flag,test,2020-11-10,2020-01-20,2021-01-13,360,block_4_6,0.5982954990072253
dax_full,29,250,1.4 HCAL Flag,test,2020-11-10,2020-01-20,2021-01-13,360,top_3,0.23237390085336207
dax_full,29,250,1.4 HCAL Flag,test,2020-11-10,2020-01-20,2021-01-13,360,top_6,0.3019737555072921
dax_full,29,250,1.4 HCAL Flag,test,2020-11-10,2020-01-20,2021-01-13,360,flag_nested,0.1806654946846462
dax_full,29,250,1.4 HCAL Flag,test,2020-11-30,2020-02-07,2021-02-02,361,market_1,0.009525278040454443
dax_full,29,250,1.4 HCAL Flag,test,2020-11-30,2020-02-07,2021-02-02,361,block_2_3,0.37464818323283233
dax_full,29,250,1.4 HCAL Flag,test,2020-11-30,2020-02-07,2021-02-02,361,block_4_6,0.5999858922835221
dax_full,29,250,1.4 HCAL Flag,test,2020-11-30,2020-02-07,2021-02-02,361,top_3,0.2526332499407437
dax_full,29,250,1.4 HCAL Flag,test,2020-11-30,2020-02-07,2021-02-02,361,top_6,0.30302008951872966
dax_full,29,250,1.4 HCAL Flag,test,2020-11-30,2020-02-07,2021-02-02,361,flag_nested,0.18839287249997594
dax_full,29,250,1.4 HCAL Flag,test,2020-12-18,2020-02-27,2021-02-22,362,market_1,0.011401742577794471
dax_full,29,250,1.4 HCAL Flag,test,2020-12-18,2020-02-27,2021-02-22,362,block_2_3,0.31110351924347524
dax_full,29,250,1.4 HCAL Flag,test,2020-12-18,2020-02-27,2021-02-22,362,block_4_6,0.728712695582753
dax_full,29,250,1.4 HCAL Flag,test,2020-12-18,2020-02-27,2021-02-22,362,top_3,0.21006617141535702
dax_full,29,250,1.4 HCAL Flag,test,2020-12-18,2020-02-27,2021-02-22,362,top_6,0.36308308293767394
dax_full,29,250,1.4 HCAL Flag,test,2020-12-18,2020-02-27,2021-02-22,362,flag_nested,0.19485033231027515
dax_full,29,250,1.4 HCAL Flag,test,2021-01-13,2020-03-18,2021-03-12,363,market_1,0.012927117375019614
dax_full,29,250,1.4 HCAL Flag,test,2021-01-13,2020-03-18,2021-03-12,363,block_2_3,0.19742840746835655
dax_full,29,250,1.4 HCAL Flag,test,2021-01-13,2020-03-18,2021-03-12,363,block_4_6,0.6343863445056986
dax_full,29,250,1.4 HCAL Flag,test,2021-01-13,2020-03-18,2021-03-12,363,top_3,0.13441694217956313
dax_full,29,250,1.4 HCAL Flag,test,2021-01-13,2020-03-18,2021-03-12,363,top_6,0.3279364920126837
dax_full,29,250,1.4 HCAL Flag,test,2021-01-13,2020-03-18,2021-03-12,363,flag_nested,0.15842685052242214
dax_full,29,250,1.4 HCAL Flag,test,2021-02-02,2020-04-07,2021-04-01,364,market_1,0.014863617200439938
dax_full,29,250,1.4 HCAL Flag,test,2021-02-02,2020-04-07,2021-04-01,364,block_2_3,0.17756461398228696
dax_full,29,250,1.4 HCAL Flag,test,2021-02-02,2020-04-07,2021-04-01,364,block_4_6,0.5547902061385036
dax_full,29,250,1.4 HCAL Flag,test,2021-02-02,2020-04-07,2021-04-01,364,top_3,0.1230282892959534
dax_full,29,250,1.4 HCAL Flag,test,2021-02-02,2020-04-07,2021-04-01,364,top_6,0.29092852486293763
dax_full,29,250,1.4 HCAL Flag,test,2021-02-02,2020-04-07,2021-04-01,364,flag_nested,0.14294014378644365
dax_full,29,250,1.4 HCAL Flag,test,2021-02-22,2020-04-29,2021-04-23,365,market_1,0.01648807096044802
dax_full,29,250,1.4 HCAL Flag,test,2021-02-22,2020-04-29,2021-04-23,365,block_2_3,0.17188291013754853
dax_full,29,250,1.4 HCAL Flag,test,2021-02-22,2020-04-29,2021-04-23,365,block_4_6,0.4883715993204636
dax_full,29,250,1.4 HCAL Flag,test,2021-02-22,2020-04-29,2021-04-23,365,top_3,0.11956409739237477
dax_full,29,250,1.4 HCAL Flag,test,2021-02-22,2020-04-29,2021-04-23,365,top_6,0.26779951191689183
dax_full,29,250,1.4 HCAL Flag,test,2021-02-22,2020-04-29,2021-04-23,365,flag_nested,0.13461722675657153
dax_full,29,250,1.4 HCAL Flag,test,2021-03-12,2020-05-20,2021-05-13,366,market_1,0.017008313811653908
dax_full,29,250,1.4 HCAL Flag,test,2021-03-12,2020-05-20,2021-05-13,366,block_2_3,0.18580482518879238
dax_full,29,250,1.4 HCAL Flag,test,2021-03-12,2020-05-20,2021-05-13,366,block_4_6,0.4583526579656459
dax_full,29,250,1.4 HCAL Flag,test,2021-03-12,2020-05-20,2021-05-13,366,top_3,0.12928281579727866
dax_full,29,250,1.4 HCAL Flag,test,2021-03-12,2020-05-20,2021-05-13,366,top_6,0.24947052897027597
dax_full,29,250,1.4 HCAL Flag,test,2021-03-12,2020-05-20,2021-05-13,366,flag_nested,0.13192055285973617
dax_full,29,250,1.4 HCAL Flag,test,2021-04-01,2020-06-10,2021-06-03,367,market_1,0.01859321324430563
dax_full,29,250,1.4 HCAL Flag,test,2021-04-01,2020-06-10,2021-06-03,367,block_2_3,0.21941304251905314
dax_full,29,250,1.4 HCAL Flag,test,2021-04-01,2020-06-10,2021-06-03,367,block_4_6,0.4645630582773437
dax_full,29,250,1.4 HCAL Flag,test,2021-04-01,2020-06-10,2021-06-03,367,top_3,0.1522137397538188
dax_full,29,250,1.4 HCAL Flag,test,2021-04-01,2020-06-10,2021-06-03,367,top_6,0.23594329754605173
dax_full,29,250,1.4 HCAL Flag,test,2021-04-01,2020-06-10,2021-06-03,367,flag_nested,0.13558341684805872
dax_full,29,250,1.4 HCAL Flag,test,2021-04-23,2020-06-30,2021-06-23,368,market_1,0.021075875632843855
dax_full,29,250,1.4 HCAL Flag,test,2021-04-23,2020-06-30,2021-06-23,368,block_2_3,0.19881798474300194
dax_full,29,250,1.4 HCAL Flag,test,2021-04-23,2020-06-30,2021-06-23,368,block_4_6,0.4389142028512436
dax_full,29,250,1.4 HCAL Flag,test,2021-04-23,2020-06-30,2021-06-23,368,top_3,0.13929115085779178
dax_full,29,250,1.4 HCAL Flag,test,2021-04-23,2020-06-30,2021-06-23,368,top_6,0.23196508337326746
dax_full,29,250,1.4 HCAL Flag,test,2021-04-23,2020-06-30,2021-06-23,368,flag_nested,0.13077736995463438
dax_full,29,250,1.4 HCAL Flag,test,2021-05-13,2020-07-20,2021-07-13,369,market_1,0.024998237242179866
dax_full,29,250,1.4 HCAL Flag,test,2021-05-13,2020-07-20,2021-07-13,369,block_2_3,0.21692055103235552
dax_full,29,250,1.4 HCAL Flag,test,2021-05-13,2020-07-20,2021-07-13,369,block_4_6,0.37901490053550063
dax_full,29,250,1.4 HCAL Flag,test,2021-05-13,2020-07-20,2021-07-13,369,top_3,0.1523088612932916
dax_full,29,250,1.4 HCAL Flag,test,2021-05-13,2020-07-20,2021-07-13,369,top_6,0.2050336065176014
dax_full,29,250,1.4 HCAL Flag,test,2021-05-13,2020-07-20,2021-07-13,369,flag_nested,0.12744690168435763
dax_full,29,250,1.4 HCAL Flag,test,2021-06-03,2020-08-07,2021-08-02,370,market_1,0.02537784685639033
dax_full,29,250,1.4 HCAL Flag,test,2021-06-03,2020-08-07,2021-08-02,370,block_2_3,0.23265932194011696
dax_full,29,250,1.4 HCAL Flag,test,2021-06-03,2020-08-07,2021-08-02,370,block_4_6,0.38588798745353586
dax_full,29,250,1.4 HCAL Flag,test,2021-06-03,2020-08-07,2021-08-02,370,top_3,0.16195017024966063
dax_full,29,250,1.4 HCAL Flag,test,2021-06-03,2020-08-07,2021-08-02,370,top_6,0.2062694042515075
dax_full,29,250,1.4 HCAL Flag,test,2021-06-03,2020-08-07,2021-08-02,370,flag_nested,0.13119914045251949
dax_full,29,250,1.4 HCAL Flag,test,2021-06-23,2020-08-27,2021-08-20,371,market_1,0.02475721208153525
dax_full,29,250,1.4 HCAL Flag,test,2021-06-23,2020-08-27,2021-08-20,371,block_2_3,0.22079238689834935
dax_full,29,250,1.4 HCAL Flag,test,2021-06-23,2020-08-27,2021-08-20,371,block_4_6,0.4301733158942229
dax_full,29,250,1.4 HCAL Flag,test,2021-06-23,2020-08-27,2021-08-20,371,top_3,0.1543732678381593
dax_full,29,250,1.4 HCAL Flag,test,2021-06-23,2020-08-27,2021-08-20,371,top_6,0.24000207201763057
dax_full,29,250,1.4 HCAL Flag,test,2021-06-23,2020-08-27,2021-08-20,371,flag_nested,0.13971085064577504
dax_full,29,250,1.4 HCAL Flag,test,2021-07-13,2020-09-16,2021-09-09,372,market_1,0.031018173742778266
dax_full,29,250,1.4 HCAL Flag,test,2021-07-13,2020-09-16,2021-09-09,372,block_2_3,0.20661240395985803
dax_full,29,250,1.4 HCAL Flag,test,2021-07-13,2020-09-16,2021-09-09,372,block_4_6,0.4983000040726903
dax_full,29,250,1.4 HCAL Flag,test,2021-07-13,2020-09-16,2021-09-09,372,top_3,0.14492218530271397
dax_full,29,250,1.4 HCAL Flag,test,2021-07-13,2020-09-16,2021-09-09,372,top_6,0.27153684070600104
dax_full,29,250,1.4 HCAL Flag,test,2021-07-13,2020-09-16,2021-09-09,372,flag_nested,0.14915906658383107
dax_full,29,250,1.4 HCAL Flag,test,2021-08-02,2020-10-06,2021-09-29,373,market_1,0.0389381742446302
dax_full,29,250,1.4 HCAL Flag,test,2021-08-02,2020-10-06,2021-09-29,373,block_2_3,0.21745161808417468
dax_full,29,250,1.4 HCAL Flag,test,2021-08-02,2020-10-06,2021-09-29,373,block_4_6,0.3699241826565351
dax_full,29,250,1.4 HCAL Flag,test,2021-08-02,2020-10-06,2021-09-29,373,top_3,0.15511526217458949
dax_full,29,250,1.4 HCAL Flag,test,2021-08-02,2020-10-06,2021-09-29,373,top_6,0.19282383228932756
dax_full,29,250,1.4 HCAL Flag,test,2021-08-02,2020-10-06,2021-09-29,373,flag_nested,0.12895908956951574
dax_full,29,250,1.4 HCAL Flag,test,2021-08-20,2020-10-26,2021-10-19,374,market_1,0.04925535970952444
dax_full,29,250,1.4 HCAL Flag,test,2021-08-20,2020-10-26,2021-10-19,374,block_2_3,0.30481923930642285
dax_full,29,250,1.4 HCAL Flag,test,2021-08-20,2020-10-26,2021-10-19,374,block_4_6,0.4074036294363383
dax_full,29,250,1.4 HCAL Flag,test,2021-08-20,2020-10-26,2021-10-19,374,top_3,0.21557178163134413
dax_full,29,250,1.4 HCAL Flag,test,2021-08-20,2020-10-26,2021-10-19,374,top_6,0.2010116774244639
dax_full,29,250,1.4 HCAL Flag,test,2021-08-20,2020-10-26,2021-10-19,374,flag_nested,0.15527960625511084
dax_full,29,250,1.4 HCAL Flag,test,2021-09-09,2020-11-13,2021-11-08,375,market_1,0.03468506387032755
dax_full,29,250,1.4 HCAL Flag,test,2021-09-09,2020-11-13,2021-11-08,375,block_2_3,0.23158803173112907
dax_full,29,250,1.4 HCAL Flag,test,2021-09-09,2020-11-13,2021-11-08,375,block_4_6,0.329041507302606
dax_full,29,250,1.4 HCAL Flag,test,2021-09-09,2020-11-13,2021-11-08,375,top_3,0.16473303063090686
dax_full,29,250,1.4 HCAL Flag,test,2021-09-09,2020-11-13,2021-11-08,375,top_6,0.20638261444706707
dax_full,29,250,1.4 HCAL Flag,test,2021-09-09,2020-11-13,2021-11-08,375,flag_nested,0.13526690298276714
dax_full,29,250,1.4 HCAL Flag,test,2021-09-29,2020-12-03,2021-11-26,376,market_1,0.04774257739658061
dax_full,29,250,1.4 HCAL Flag,test,2021-09-29,2020-12-03,2021-11-26,376,block_2_3,0.257547613374594
dax_full,29,250,1.4 HCAL Flag,test,2021-09-29,2020-12-03,2021-11-26,376,block_4_6,0.4449100738045057
dax_full,29,250,1.4 HCAL Flag,test,2021-09-29,2020-12-03,2021-11-26,376,top_3,0.18585031102834648
dax_full,29,250,1.4 HCAL Flag,test,2021-09-29,2020-12-03,2021-11-26,376,top_6,0.2399647171659942
dax_full,29,250,1.4 HCAL Flag,test,2021-09-29,2020-12-03,2021-11-26,376,flag_nested,0.15785253519697376
dax_full,29,250,1.4 HCAL Flag,test,2021-10-19,2020-12-23,2021-12-16,377,market_1,0.05601916608928237
dax_full,29,250,1.4 HCAL Flag,test,2021-10-19,2020-12-23,2021-12-16,377,block_2_3,0.3274076030822298
dax_full,29,250,1.4 HCAL Flag,test,2021-10-19,2020-12-23,2021-12-16,377,block_4_6,0.408932241347203
dax_full,29,250,1.4 HCAL Flag,test,2021-10-19,2020-12-23,2021-12-16,377,top_3,0.23581867689799538
dax_full,29,250,1.4 HCAL Flag,test,2021-10-19,2020-12-23,2021-12-16,377,top_6,0.21809311772132892
dax_full,29,250,1.4 HCAL Flag,test,2021-10-19,2020-12-23,2021-12-16,377,flag_nested,0.1699769869028689
dax_full,29,250,1.4 HCAL Flag,test,2021-11-08,2021-01-18,2022-01-07,378,market_1,0.05785146789912565
dax_full,29,250,1.4 HCAL Flag,test,2021-11-08,2021-01-18,2022-01-07,378,block_2_3,0.31017012440144076
dax_full,29,250,1.4 HCAL Flag,test,2021-11-08,2021-01-18,2022-01-07,378,block_4_6,0.458947908698685
dax_full,29,250,1.4 HCAL Flag,test,2021-11-08,2021-01-18,2022-01-07,378,top_3,0.22555156597421902
dax_full,29,250,1.4 HCAL Flag,test,2021-11-08,2021-01-18,2022-01-07,378,top_6,0.25036971784837386
dax_full,29,250,1.4 HCAL Flag,test,2021-11-08,2021-01-18,2022-01-07,378,flag_nested,0.17792425057390618
dax_full,29,250,1.4 HCAL Flag,test,2021-11-26,2021-02-05,2022-01-27,379,market_1,0.053921970550121934
dax_full,29,250,1.4 HCAL Flag,test,2021-11-26,2021-02-05,2022-01-27,379,block_2_3,0.43259727514492896
dax_full,29,250,1.4 HCAL Flag,test,2021-11-26,2021-02-05,2022-01-27,379,block_4_6,0.4392012096152957
dax_full,29,250,1.4 HCAL Flag,test,2021-11-26,2021-02-05,2022-01-27,379,top_3,0.30545704399274093
dax_full,29,250,1.4 HCAL Flag,test,2021-11-26,2021-02-05,2022-01-27,379,top_6,0.20691171412898882
dax_full,29,250,1.4 HCAL Flag,test,2021-11-26,2021-02-05,2022-01-27,379,flag_nested,0.18876357622395057
dax_full,29,250,1.4 HCAL Flag,test,2021-12-16,2021-02-25,2022-02-16,380,market_1,0.04345622911763447
dax_full,29,250,1.4 HCAL Flag,test,2021-12-16,2021-02-25,2022-02-16,380,block_2_3,0.28886465616209533
dax_full,29,250,1.4 HCAL Flag,test,2021-12-16,2021-02-25,2022-02-16,380,block_4_6,0.36169934506413615
dax_full,29,250,1.4 HCAL Flag,test,2021-12-16,2021-02-25,2022-02-16,380,top_3,0.20679677108845892
dax_full,29,250,1.4 HCAL Flag,test,2021-12-16,2021-02-25,2022-02-16,380,top_6,0.2302615535888576
dax_full,29,250,1.4 HCAL Flag,test,2021-12-16,2021-02-25,2022-02-16,380,flag_nested,0.16017151793165033
dax_full,29,250,1.4 HCAL Flag,test,2022-01-07,2021-03-17,2022-03-08,381,market_1,0.027227164100432022
dax_full,29,250,1.4 HCAL Flag,test,2022-01-07,2021-03-17,2022-03-08,381,block_2_3,0.5682832005896992
dax_full,29,250,1.4 HCAL Flag,test,2022-01-07,2021-03-17,2022-03-08,381,block_4_6,0.6028208643826853
dax_full,29,250,1.4 HCAL Flag,test,2022-01-07,2021-03-17,2022-03-08,381,top_3,0.3867000948421809
dax_full,29,250,1.4 HCAL Flag,test,2022-01-07,2021-03-17,2022-03-08,381,top_6,0.27801987132431166
dax_full,29,250,1.4 HCAL Flag,test,2022-01-07,2021-03-17,2022-03-08,381,flag_nested,0.2306490434223082
dax_full,29,250,1.4 HCAL Flag,test,2022-01-27,2021-04-08,2022-03-28,382,market_1,0.03712109889343318
dax_full,29,250,1.4 HCAL Flag,test,2022-01-27,2021-04-08,2022-03-28,382,block_2_3,0.37848133464941147
dax_full,29,250,1.4 HCAL Flag,test,2022-01-27,2021-04-08,2022-03-28,382,block_4_6,0.43002894652281975
dax_full,29,250,1.4 HCAL Flag,test,2022-01-27,2021-04-08,2022-03-28,382,top_3,0.26228626237250746
dax_full,29,250,1.4 HCAL Flag,test,2022-01-27,2021-04-08,2022-03-28,382,top_6,0.24915845003714784
dax_full,29,250,1.4 HCAL Flag,test,2022-01-27,2021-04-08,2022-03-28,382,flag_nested,0.1828552704343628
dax_full,29,250,1.4 HCAL Flag,test,2022-02-16,2021-04-28,2022-04-19,383,market_1,0.04003777594354552
dax_full,29,250,1.4 HCAL Flag,test,2022-02-16,2021-04-28,2022-04-19,383,block_2_3,0.40189396019371926
dax_full,29,250,1.4 HCAL Flag,test,2022-02-16,2021-04-28,2022-04-19,383,block_4_6,0.44655971836439895
dax_full,29,250,1.4 HCAL Flag,test,2022-02-16,2021-04-28,2022-04-19,383,top_3,0.278767465041695
dax_full,29,250,1.4 HCAL Flag,test,2022-02-16,2021-04-28,2022-04-19,383,top_6,0.25522127436425307
dax_full,29,250,1.4 HCAL Flag,test,2022-02-16,2021-04-28,2022-04-19,383,flag_nested,0.1913421717831645
dax_full,29,250,1.4 HCAL Flag,test,2022-03-08,2021-05-18,2022-05-09,384,market_1,0.033051201876344694
dax_full,29,250,1.4 HCAL Flag,test,2022-03-08,2021-05-18,2022-05-09,384,block_2_3,0.6472661913258151
dax_full,29,250,1.4 HCAL Flag,test,2022-03-08,2021-05-18,2022-05-09,384,block_4_6,0.5367167908704853
dax_full,29,250,1.4 HCAL Flag,test,2022-03-08,2021-05-18,2022-05-09,384,top_3,0.44162109142798794
dax_full,29,250,1.4 HCAL Flag,test,2022-03-08,2021-05-18,2022-05-09,384,top_6,0.24427753239448924
dax_full,29,250,1.4 HCAL Flag,test,2022-03-08,2021-05-18,2022-05-09,384,flag_nested,0.23964994189960728
dax_full,29,250,1.4 HCAL Flag,test,2022-03-28,2021-06-08,2022-05-27,385,market_1,0.03064411843488446
dax_full,29,250,1.4 HCAL Flag,test,2022-03-28,2021-06-08,2022-05-27,385,block_2_3,0.3755407590649996
dax_full,29,250,1.4 HCAL Flag,test,2022-03-28,2021-06-08,2022-05-27,385,block_4_6,0.595446517127551
dax_full,29,250,1.4 HCAL Flag,test,2022-03-28,2021-06-08,2022-05-27,385,top_3,0.25923895109207207
dax_full,29,250,1.4 HCAL Flag,test,2022-03-28,2021-06-08,2022-05-27,385,top_6,0.32845067399444927
dax_full,29,250,1.4 HCAL Flag,test,2022-03-28,2021-06-08,2022-05-27,385,flag_nested,0.2061112478404686
dax_full,29,250,1.4 HCAL Flag,test,2022-04-19,2021-06-28,2022-06-16,386,market_1,0.01237075571047963
dax_full,29,250,1.4 HCAL Flag,test,2022-04-19,2021-06-28,2022-06-16,386,block_2_3,0.6129142866711957
dax_full,29,250,1.4 HCAL Flag,test,2022-04-19,2021-06-28,2022-06-16,386,block_4_6,0.7120875022929515
dax_full,29,250,1.4 HCAL Flag,test,2022-04-19,2021-06-28,2022-06-16,386,top_3,0.41250464719936303
dax_full,29,250,1.4 HCAL Flag,test,2022-04-19,2021-06-28,2022-06-16,386,top_6,0.3416819785731906
dax_full,29,250,1.4 HCAL Flag,test,2022-04-19,2021-06-28,2022-06-16,386,flag_nested,0.2555191271610111
dax_full,29,250,1.4 HCAL Flag,test,2022-05-09,2021-07-16,2022-07-06,387,market_1,0.013845101689896278
dax_full,29,250,1.4 HCAL Flag,test,2022-05-09,2021-07-16,2022-07-06,387,block_2_3,0.661032803300369
dax_full,29,250,1.4 HCAL Flag,test,2022-05-09,2021-07-16,2022-07-06,387,block_4_6,0.6829323559439814
dax_full,29,250,1.4 HCAL Flag,test,2022-05-09,2021-07-16,2022-07-06,387,top_3,0.4451082200617345
dax_full,29,250,1.4 HCAL Flag,test,2022-05-09,2021-07-16,2022-07-06,387,top_6,0.32664959099874036
dax_full,29,250,1.4 HCAL Flag,test,2022-05-09,2021-07-16,2022-07-06,387,flag_nested,0.26186763758345705
dax_full,29,250,1.4 HCAL Flag,test,2022-05-27,2021-08-05,2022-07-26,388,market_1,0.013124807151939089
dax_full,29,250,1.4 HCAL Flag,test,2022-05-27,2021-08-05,2022-07-26,388,block_2_3,0.6677466014410768
dax_full,29,250,1.4 HCAL Flag,test,2022-05-27,2021-08-05,2022-07-26,388,block_4_6,0.6359887425630614
dax_full,29,250,1.4 HCAL Flag,test,2022-05-27,2021-08-05,2022-07-26,388,top_3,0.4493701414868945
dax_full,29,250,1.4 HCAL Flag,test,2022-05-27,2021-08-05,2022-07-26,388,top_6,0.31782309436637995
dax_full,29,250,1.4 HCAL Flag,test,2022-05-27,2021-08-05,2022-07-26,388,flag_nested,0.2601060143350712
dax_full,29,250,1.4 HCAL Flag,test,2022-06-16,2021-08-25,2022-08-15,389,market_1,0.01253429194162703
dax_full,29,250,1.4 HCAL Flag,test,2022-06-16,2021-08-25,2022-08-15,389,block_2_3,0.6606029201600179
dax_full,29,250,1.4 HCAL Flag,test,2022-06-16,2021-08-25,2022-08-15,389,block_4_6,0.6480603458830724
dax_full,29,250,1.4 HCAL Flag,test,2022-06-16,2021-08-25,2022-08-15,389,top_3,0.4445433922436022
dax_full,29,250,1.4 HCAL Flag,test,2022-06-16,2021-08-25,2022-08-15,389,top_6,0.3551385537323499
dax_full,29,250,1.4 HCAL Flag,test,2022-06-16,2021-08-25,2022-08-15,389,flag_nested,0.2707387459725264
dax_full,29,250,1.4 HCAL Flag,test,2022-07-06,2021-09-14,2022-09-02,390,market_1,0.012830025884976726
dax_full,29,250,1.4 HCAL Flag,test,2022-07-06,2021-09-14,2022-09-02,390,block_2_3,0.6407173749323406
dax_full,29,250,1.4 HCAL Flag,test,2022-07-06,2021-09-14,2022-09-02,390,block_4_6,0.6055711947459846
dax_full,29,250,1.4 HCAL Flag,test,2022-07-06,2021-09-14,2022-09-02,390,top_3,0.4313757188600729
dax_full,29,250,1.4 HCAL Flag,test,2022-07-06,2021-09-14,2022-09-02,390,top_6,0.32583061935185764
dax_full,29,250,1.4 HCAL Flag,test,2022-07-06,2021-09-14,2022-09-02,390,flag_nested,0.25667878803230243
dax_full,29,250,1.4 HCAL Flag,test,2022-07-26,2021-10-04,2022-09-22,391,market_1,0.012567641264593532
dax_full,29,250,1.4 HCAL Flag,test,2022-07-26,2021-10-04,2022-09-22,391,block_2_3,0.6401962550248488
dax_full,29,250,1.4 HCAL Flag,test,2022-07-26,2021-10-04,2022-09-22,391,block_4_6,0.6070002480995947
dax_full,29,250,1.4 HCAL Flag,test,2022-07-26,2021-10-04,2022-09-22,391,top_3,0.4308192569553275
dax_full,29,250,1.4 HCAL Flag,test,2022-07-26,2021-10-04,2022-09-22,391,top_6,0.3040318435879512
dax_full,29,250,1.4 HCAL Flag,test,2022-07-26,2021-10-04,2022-09-22,391,flag_nested,0.2491395806026241
dax_full,29,250,1.4 HCAL Flag,test,2022-08-15,2021-10-22,2022-10-12,392,market_1,0.010956453836471702
dax_full,29,250,1.4 HCAL Flag,test,2022-08-15,2021-10-22,2022-10-12,392,block_2_3,0.5580292185949217
dax_full,29,250,1.4 HCAL Flag,test,2022-08-15,2021-10-22,2022-10-12,392,block_4_6,0.5458415617227174
dax_full,29,250,1.4 HCAL Flag,test,2022-08-15,2021-10-22,2022-10-12,392,top_3,0.37550660536406744
dax_full,29,250,1.4 HCAL Flag,test,2022-08-15,2021-10-22,2022-10-12,392,top_6,0.3640745386952007
dax_full,29,250,1.4 HCAL Flag,test,2022-08-15,2021-10-22,2022-10-12,392,flag_nested,0.25017919929857996
dax_full,29,250,1.4 HCAL Flag,test,2022-09-02,2021-11-11,2022-11-01,393,market_1,0.01261146068748309
dax_full,29,250,1.4 HCAL Flag,test,2022-09-02,2021-11-11,2022-11-01,393,block_2_3,0.5838205100049942
dax_full,29,250,1.4 HCAL Flag,test,2022-09-02,2021-11-11,2022-11-01,393,block_4_6,0.6095646450501849
dax_full,29,250,1.4 HCAL Flag,test,2022-09-02,2021-11-11,2022-11-01,393,top_3,0.3931301126323002
dax_full,29,250,1.4 HCAL Flag,test,2022-09-02,2021-11-11,2022-11-01,393,top_6,0.35277262877981447
dax_full,29,250,1.4 HCAL Flag,test,2022-09-02,2021-11-11,2022-11-01,393,flag_nested,0.2528380673665326
dax_full,29,250,1.4 HCAL Flag,test,2022-09-22,2021-12-01,2022-11-21,394,market_1,0.01343326719604998
dax_full,29,250,1.4 HCAL Flag,test,2022-09-22,2021-12-01,2022-11-21,394,block_2_3,0.6253273000688053
dax_full,29,250,1.4 HCAL Flag,test,2022-09-22,2021-12-01,2022-11-21,394,block_4_6,0.697081649139471
dax_full,29,250,1.4 HCAL Flag,test,2022-09-22,2021-12-01,2022-11-21,394,top_3,0.42091510605530247
dax_full,29,250,1.4 HCAL Flag,test,2022-09-22,2021-12-01,2022-11-21,394,top_6,0.36382158705160456
dax_full,29,250,1.4 HCAL Flag,test,2022-09-22,2021-12-01,2022-11-21,394,flag_nested,0.266056653434319
dax_full,29,250,1.4 HCAL Flag,test,2022-10-12,2021-12-21,2022-12-09,395,market_1,0.013060855464473442
dax_full,29,250,1.4 HCAL Flag,test,2022-10-12,2021-12-21,2022-12-09,395,block_2_3,0.595170916828879
dax_full,29,250,1.4 HCAL Flag,test,2022-10-12,2021-12-21,2022-12-09,395,block_4_6,0.6682888697246776
dax_full,29,250,1.4 HCAL Flag,test,2022-10-12,2021-12-21,2022-12-09,395,top_3,0.40050259855279324
dax_full,29,250,1.4 HCAL Flag,test,2022-10-12,2021-12-21,2022-12-09,395,top_6,0.36278536033699454
dax_full,29,250,1.4 HCAL Flag,test,2022-10-12,2021-12-21,2022-12-09,395,flag_nested,0.25878293811808706
dax_full,29,250,1.4 HCAL Flag,test,2022-11-01,2022-01-12,2022-12-30,396,market_1,0.008893547594957196
dax_full,29,250,1.4 HCAL Flag,test,2022-11-01,2022-01-12,2022-12-30,396,block_2_3,0.5953589446996355
dax_full,29,250,1.4 HCAL Flag,test,2022-11-01,2022-01-12,2022-12-30,396,block_4_6,0.7019236085796124
dax_full,29,250,1.4 HCAL Flag,test,2022-11-01,2022-01-12,2022-12-30,396,top_3,0.3996056876789373
dax_full,29,250,1.4 HCAL Flag,test,2022-11-01,2022-01-12,2022-12-30,396,top_6,0.3814057042154433
dax_full,29,250,1.4 HCAL Flag,test,2022-11-01,2022-01-12,2022-12-30,396,flag_nested,0.26330164649644594
dax_full,29,250,1.4 HCAL Flag,test,2022-11-21,2022-02-01,2023-01-19,397,market_1,0.010902846659495702
dax_full,29,250,1.4 HCAL Flag,test,2022-11-21,2022-02-01,2023-01-19,397,block_2_3,0.5590084973364504
dax_full,29,250,1.4 HCAL Flag,test,2022-11-21,2022-02-01,2023-01-19,397,block_4_6,0.7000415793248257
dax_full,29,250,1.4 HCAL Flag,test,2022-11-21,2022-02-01,2023-01-19,397,top_3,0.37615114653755694
dax_full,29,250,1.4 HCAL Flag,test,2022-11-21,2022-02-01,2023-01-19,397,top_6,0.37098939149413135
dax_full,29,250,1.4 HCAL Flag,test,2022-11-21,2022-02-01,2023-01-19,397,flag_nested,0.2526811282303947
dax_full,29,250,1.4 HCAL Flag,test,2022-12-09,2022-02-21,2023-02-08,398,market_1,0.01405273904185489
dax_full,29,250,1.4 HCAL Flag,test,2022-12-09,2022-02-21,2023-02-08,398,block_2_3,0.5769846274184507
dax_full,29,250,1.4 HCAL Flag,test,2022-12-09,2022-02-21,2023-02-08,398,block_4_6,0.6775293089476452
dax_full,29,250,1.4 HCAL Flag,test,2022-12-09,2022-02-21,2023-02-08,398,top_3,0.3889889053103188
dax_full,29,250,1.4 HCAL Flag,test,2022-12-09,2022-02-21,2023-02-08,398,top_6,0.317011267089244
dax_full,29,250,1.4 HCAL Flag,test,2022-12-09,2022-02-21,2023-02-08,398,flag_nested,0.24001763714713922
dax_full,29,250,1.4 HCAL Flag,test,2022-12-30,2022-03-11,2023-02-28,399,market_1,0.016983394451668632
dax_full,29,250,1.4 HCAL Flag,test,2022-12-30,2022-03-11,2023-02-28,399,block_2_3,0.5311442435604224
dax_full,29,250,1.4 HCAL Flag,test,2022-12-30,2022-03-11,2023-02-28,399,block_4_6,0.6663848821257715
dax_full,29,250,1.4 HCAL Flag,test,2022-12-30,2022-03-11,2023-02-28,399,top_3,0.358410419727883
dax_full,29,250,1.4 HCAL Flag,test,2022-12-30,2022-03-11,2023-02-28,399,top_6,0.33026952530713266
dax_full,29,250,1.4 HCAL Flag,test,2022-12-30,2022-03-11,2023-02-28,399,flag_nested,0.23522111316222807
dax_full,29,250,1.4 HCAL Flag,test,2023-01-19,2022-03-31,2023-03-20,400,market_1,0.017753958133251646
dax_full,29,250,1.4 HCAL Flag,test,2023-01-19,2022-03-31,2023-03-20,400,block_2_3,0.5284553573702262
dax_full,29,250,1.4 HCAL Flag,test,2023-01-19,2022-03-31,2023-03-20,400,block_4_6,0.6811279260630275
dax_full,29,250,1.4 HCAL Flag,test,2023-01-19,2022-03-31,2023-03-20,400,top_3,0.35701721574101414
dax_full,29,250,1.4 HCAL Flag,test,2023-01-19,2022-03-31,2023-03-20,400,top_6,0.3161031870021909
dax_full,29,250,1.4 HCAL Flag,test,2023-01-19,2022-03-31,2023-03-20,400,flag_nested,0.23029145362548556
dax_full,29,250,1.4 HCAL Flag,test,2023-02-08,2022-04-22,2023-04-11,401,market_1,0.020377051545916958
dax_full,29,250,1.4 HCAL Flag,test,2023-02-08,2022-04-22,2023-04-11,401,block_2_3,0.47745426558968374
dax_full,29,250,1.4 HCAL Flag,test,2023-02-08,2022-04-22,2023-04-11,401,block_4_6,0.4722028385237118
dax_full,29,250,1.4 HCAL Flag,test,2023-02-08,2022-04-22,2023-04-11,401,top_3,0.3238923415842492
dax_full,29,250,1.4 HCAL Flag,test,2023-02-08,2022-04-22,2023-04-11,401,top_6,0.21667531759878322
dax_full,29,250,1.4 HCAL Flag,test,2023-02-08,2022-04-22,2023-04-11,401,flag_nested,0.18698157024298312
dax_full,29,250,1.4 HCAL Flag,test,2023-02-28,2022-05-12,2023-05-02,402,market_1,0.01840287711505717
dax_full,29,250,1.4 HCAL Flag,test,2023-02-28,2022-05-12,2023-05-02,402,block_2_3,0.4583535063326215
dax_full,29,250,1.4 HCAL Flag,test,2023-02-28,2022-05-12,2023-05-02,402,block_4_6,0.5346099153504639
dax_full,29,250,1.4 HCAL Flag,test,2023-02-28,2022-05-12,2023-05-02,402,top_3,0.31116591129948185
dax_full,29,250,1.4 HCAL Flag,test,2023-02-28,2022-05-12,2023-05-02,402,top_6,0.27974106159621154
dax_full,29,250,1.4 HCAL Flag,test,2023-02-28,2022-05-12,2023-05-02,402,flag_nested,0.20310328333691685
dax_full,29,250,1.4 HCAL Flag,test,2023-03-20,2022-06-01,2023-05-22,403,market_1,0.022494741629132675
dax_full,29,250,1.4 HCAL Flag,test,2023-03-20,2022-06-01,2023-05-22,403,block_2_3,0.35172723489431956
dax_full,29,250,1.4 HCAL Flag,test,2023-03-20,2022-06-01,2023-05-22,403,block_4_6,0.3592257210919874
dax_full,29,250,1.4 HCAL Flag,test,2023-03-20,2022-06-01,2023-05-22,403,top_3,0.2410694818312947
dax_full,29,250,1.4 HCAL Flag,test,2023-03-20,2022-06-01,2023-05-22,403,top_6,0.18654017119125887
dax_full,29,250,1.4 HCAL Flag,test,2023-03-20,2022-06-01,2023-05-22,403,flag_nested,0.15003479821722876
dax_full,29,250,1.4 HCAL Flag,test,2023-04-11,2022-06-21,2023-06-09,404,market_1,0.024315502488100882
dax_full,29,250,1.4 HCAL Flag,test,2023-04-11,2022-06-21,2023-06-09,404,block_2_3,0.45266674391549344
dax_full,29,250,1.4 HCAL Flag,test,2023-04-11,2022-06-21,2023-06-09,404,block_4_6,0.43720856890554044
dax_full,29,250,1.4 HCAL Flag,test,2023-04-11,2022-06-21,2023-06-09,404,top_3,0.3079283601643488
dax_full,29,250,1.4 HCAL Flag,test,2023-04-11,2022-06-21,2023-06-09,404,top_6,0.20260391875237982
dax_full,29,250,1.4 HCAL Flag,test,2023-04-11,2022-06-21,2023-06-09,404,flag_nested,0.17828259380160985
dax_full,29,250,1.4 HCAL Flag,test,2023-05-02,2022-07-11,2023-06-29,405,market_1,0.022547777217773346
dax_full,29,250,1.4 HCAL Flag,test,2023-05-02,2022-07-11,2023-06-29,405,block_2_3,0.327173907027417
dax_full,29,250,1.4 HCAL Flag,test,2023-05-02,2022-07-11,2023-06-29,405,block_4_6,0.42219947999421853
dax_full,29,250,1.4 HCAL Flag,test,2023-05-02,2022-07-11,2023-06-29,405,top_3,0.2243715092325728
dax_full,29,250,1.4 HCAL Flag,test,2023-05-02,2022-07-11,2023-06-29,405,top_6,0.22552709857630004
dax_full,29,250,1.4 HCAL Flag,test,2023-05-02,2022-07-11,2023-06-29,405,flag_nested,0.1574821283422154
dax_full,29,250,1.4 HCAL Flag,test,2023-05-22,2022-07-29,2023-07-19,406,market_1,0.02220232194270544
dax_full,29,250,1.4 HCAL Flag,test,2023-05-22,2022-07-29,2023-07-19,406,block_2_3,0.32085886682854015
dax_full,29,250,1.4 HCAL Flag,test,2023-05-22,2022-07-29,2023-07-19,406,block_4_6,0.4303261231136071
dax_full,29,250,1.4 HCAL Flag,test,2023-05-22,2022-07-29,2023-07-19,406,top_3,0.2204022340785071
dax_full,29,250,1.4 HCAL Flag,test,2023-05-22,2022-07-29,2023-07-19,406,top_6,0.23127799467597918
dax_full,29,250,1.4 HCAL Flag,test,2023-05-22,2022-07-29,2023-07-19,406,flag_nested,0.15796085023239723
dax_full,29,250,1.4 HCAL Flag,test,2023-06-09,2022-08-18,2023-08-08,407,market_1,0.01917781953380493
dax_full,29,250,1.4 HCAL Flag,test,2023-06-09,2022-08-18,2023-08-08,407,block_2_3,0.3139032244182033
dax_full,29,250,1.4 HCAL Flag,test,2023-06-09,2022-08-18,2023-08-08,407,block_4_6,0.38986446448097595
dax_full,29,250,1.4 HCAL Flag,test,2023-06-09,2022-08-18,2023-08-08,407,top_3,0.2151847161434294
dax_full,29,250,1.4 HCAL Flag,test,2023-06-09,2022-08-18,2023-08-08,407,top_6,0.21537441506864527
dax_full,29,250,1.4 HCAL Flag,test,2023-06-09,2022-08-18,2023-08-08,407,flag_nested,0.1499123169152932
dax_full,29,250,1.4 HCAL Flag,test,2023-06-29,2022-09-07,2023-08-28,408,market_1,0.019512264978878813
dax_full,29,250,1.4 HCAL Flag,test,2023-06-29,2022-09-07,2023-08-28,408,block_2_3,0.3114986241051454
dax_full,29,250,1.4 HCAL Flag,test,2023-06-29,2022-09-07,2023-08-28,408,block_4_6,0.3982273020460478
dax_full,29,250,1.4 HCAL Flag,test,2023-06-29,2022-09-07,2023-08-28,408,top_3,0.21375658042343856
dax_full,29,250,1.4 HCAL Flag,test,2023-06-29,2022-09-07,2023-08-28,408,top_6,0.2263486264448984
dax_full,29,250,1.4 HCAL Flag,test,2023-06-29,2022-09-07,2023-08-28,408,flag_nested,0.15320582394907192
dax_full,29,250,1.4 HCAL Flag,test,2023-07-19,2022-09-27,2023-09-15,409,market_1,0.020696620103886954
dax_full,29,250,1.4 HCAL Flag,test,2023-07-19,2022-09-27,2023-09-15,409,block_2_3,0.30499408567994846
dax_full,29,250,1.4 HCAL Flag,test,2023-07-19,2022-09-27,2023-09-15,409,block_4_6,0.39745817743837913
dax_full,29,250,1.4 HCAL Flag,test,2023-07-19,2022-09-27,2023-09-15,409,top_3,0.20997125577032882
dax_full,29,250,1.4 HCAL Flag,test,2023-07-19,2022-09-27,2023-09-15,409,top_6,0.21527478742400966
dax_full,29,250,1.4 HCAL Flag,test,2023-07-19,2022-09-27,2023-09-15,409,flag_nested,0.1486475544327418
dax_full,29,250,1.4 HCAL Flag,test,2023-08-08,2022-10-17,2023-10-05,410,market_1,0.01684506170426836
dax_full,29,250,1.4 HCAL Flag,test,2023-08-08,2022-10-17,2023-10-05,410,block_2_3,0.3319271317734749
dax_full,29,250,1.4 HCAL Flag,test,2023-08-08,2022-10-17,2023-10-05,410,block_4_6,0.447521365456448
dax_full,29,250,1.4 HCAL Flag,test,2023-08-08,2022-10-17,2023-10-05,410,top_3,0.2266143913811479
dax_full,29,250,1.4 HCAL Flag,test,2023-08-08,2022-10-17,2023-10-05,410,top_6,0.2209962141516253
dax_full,29,250,1.4 HCAL Flag,test,2023-08-08,2022-10-17,2023-10-05,410,flag_nested,0.15481855574568051
dax_full,29,250,1.4 HCAL Flag,test,2023-08-28,2022-11-04,2023-10-25,411,market_1,0.016111315726914155
dax_full,29,250,1.4 HCAL Flag,test,2023-08-28,2022-11-04,2023-10-25,411,block_2_3,0.31415765796396433
dax_full,29,250,1.4 HCAL Flag,test,2023-08-28,2022-11-04,2023-10-25,411,block_4_6,0.42272273127288496
dax_full,29,250,1.4 HCAL Flag,test,2023-08-28,2022-11-04,2023-10-25,411,top_3,0.21455302451196503
dax_full,29,250,1.4 HCAL Flag,test,2023-08-28,2022-11-04,2023-10-25,411,top_6,0.22765910204451734
dax_full,29,250,1.4 HCAL Flag,test,2023-08-28,2022-11-04,2023-10-25,411,flag_nested,0.15277448076113218
dax_full,29,250,1.4 HCAL Flag,test,2023-09-15,2022-11-24,2023-11-14,412,market_1,0.015061732567885344
dax_full,29,250,1.4 HCAL Flag,test,2023-09-15,2022-11-24,2023-11-14,412,block_2_3,0.42917820333653467
dax_full,29,250,1.4 HCAL Flag,test,2023-09-15,2022-11-24,2023-11-14,412,block_4_6,0.5173234451301153
dax_full,29,250,1.4 HCAL Flag,test,2023-09-15,2022-11-24,2023-11-14,412,top_3,0.29103754655633224
dax_full,29,250,1.4 HCAL Flag,test,2023-09-15,2022-11-24,2023-11-14,412,top_6,0.2507970803404844
dax_full,29,250,1.4 HCAL Flag,test,2023-09-15,2022-11-24,2023-11-14,412,flag_nested,0.18563211982156735
dax_full,29,250,1.4 HCAL Flag,test,2023-10-05,2022-12-14,2023-12-04,413,market_1,0.014935468242965433
dax_full,29,250,1.4 HCAL Flag,test,2023-10-05,2022-12-14,2023-12-04,413,block_2_3,0.5903687240028438
dax_full,29,250,1.4 HCAL Flag,test,2023-10-05,2022-12-14,2023-12-04,413,block_4_6,0.6397726753247672
dax_full,29,250,1.4 HCAL Flag,test,2023-10-05,2022-12-14,2023-12-04,413,top_3,0.3984636722977359
dax_full,29,250,1.4 HCAL Flag,test,2023-10-05,2022-12-14,2023-12-04,413,top_6,0.26239488957565554
dax_full,29,250,1.4 HCAL Flag,test,2023-10-05,2022-12-14,2023-12-04,413,flag_nested,0.22526467670545228
dax_full,29,250,1.4 HCAL Flag,test,2023-10-25,2023-01-04,2023-12-22,414,market_1,0.016360343190891413
dax_full,29,250,1.4 HCAL Flag,test,2023-10-25,2023-01-04,2023-12-22,414,block_2_3,0.633365818115089
dax_full,29,250,1.4 HCAL Flag,test,2023-10-25,2023-01-04,2023-12-22,414,block_4_6,0.6479616879855753
dax_full,29,250,1.4 HCAL Flag,test,2023-10-25,2023-01-04,2023-12-22,414,top_3,0.4269814424895983
dax_full,29,250,1.4 HCAL Flag,test,2023-10-25,2023-01-04,2023-12-22,414,top_6,0.25115964533107143
dax_full,29,250,1.4 HCAL Flag,test,2023-10-25,2023-01-04,2023-12-22,414,flag_nested,0.2315004770038537
dax_full,29,250,1.4 HCAL Flag,test,2023-11-14,2023-01-24,2024-01-16,415,market_1,0.019107002958666075
dax_full,29,250,1.4 HCAL Flag,test,2023-11-14,2023-01-24,2024-01-16,415,block_2_3,0.6244785709253418
dax_full,29,250,1.4 HCAL Flag,test,2023-11-14,2023-01-24,2024-01-16,415,block_4_6,0.6376016229649674
dax_full,29,250,1.4 HCAL Flag,test,2023-11-14,2023-01-24,2024-01-16,415,top_3,0.42142787122199393
dax_full,29,250,1.4 HCAL Flag,test,2023-11-14,2023-01-24,2024-01-16,415,top_6,0.2955767629541965
dax_full,29,250,1.4 HCAL Flag,test,2023-11-14,2023-01-24,2024-01-16,415,flag_nested,0.24537054571161884
dax_full,29,250,1.4 HCAL Flag,test,2023-12-04,2023-02-13,2024-02-05,416,market_1,0.015052205309047606
dax_full,29,250,1.4 HCAL Flag,test,2023-12-04,2023-02-13,2024-02-05,416,block_2_3,0.6066039053803585
dax_full,29,250,1.4 HCAL Flag,test,2023-12-04,2023-02-13,2024-02-05,416,block_4_6,0.7181717185544748
dax_full,29,250,1.4 HCAL Flag,test,2023-12-04,2023-02-13,2024-02-05,416,top_3,0.40831301436832185
dax_full,29,250,1.4 HCAL Flag,test,2023-12-04,2023-02-13,2024-02-05,416,top_6,0.2862713128462624
dax_full,29,250,1.4 HCAL Flag,test,2023-12-04,2023-02-13,2024-02-05,416,flag_nested,0.2365455108412106
dax_full,29,250,1.4 HCAL Flag,test,2023-12-22,2023-03-03,2024-02-23,417,market_1,0.015057002237391481
dax_full,29,250,1.4 HCAL Flag,test,2023-12-22,2023-03-03,2024-02-23,417,block_2_3,0.6110112256151872
dax_full,29,250,1.4 HCAL Flag,test,2023-12-22,2023-03-03,2024-02-23,417,block_4_6,0.6690162088848387
dax_full,29,250,1.4 HCAL Flag,test,2023-12-22,2023-03-03,2024-02-23,417,top_3,0.4122670070000914
dax_full,29,250,1.4 HCAL Flag,test,2023-12-22,2023-03-03,2024-02-23,417,top_6,0.29311935252434695
dax_full,29,250,1.4 HCAL Flag,test,2023-12-22,2023-03-03,2024-02-23,417,flag_nested,0.24014778725394326
dax_full,29,250,1.4 HCAL Flag,test,2024-01-16,2023-03-23,2024-03-14,418,market_1,0.021471251543277003
dax_full,29,250,1.4 HCAL Flag,test,2024-01-16,2023-03-23,2024-03-14,418,block_2_3,0.591015313963468
dax_full,29,250,1.4 HCAL Flag,test,2024-01-16,2023-03-23,2024-03-14,418,block_4_6,0.6207708223258567
dax_full,29,250,1.4 HCAL Flag,test,2024-01-16,2023-03-23,2024-03-14,418,top_3,0.39970312207147324
dax_full,29,250,1.4 HCAL Flag,test,2024-01-16,2023-03-23,2024-03-14,418,top_6,0.29779481156517695
dax_full,29,250,1.4 HCAL Flag,test,2024-01-16,2023-03-23,2024-03-14,418,flag_nested,0.2396563950599757
dax_full,29,250,1.4 HCAL Flag,test,2024-02-05,2023-04-14,2024-04-05,419,market_1,0.02892061448286587
dax_full,29,250,1.4 HCAL Flag,test,2024-02-05,2023-04-14,2024-04-05,419,block_2_3,0.5444815485622392
dax_full,29,250,1.4 HCAL Flag,test,2024-02-05,2023-04-14,2024-04-05,419,block_4_6,0.6105695831648751
dax_full,29,250,1.4 HCAL Flag,test,2024-02-05,2023-04-14,2024-04-05,419,top_3,0.37147349539665847
dax_full,29,250,1.4 HCAL Flag,test,2024-02-05,2023-04-14,2024-04-05,419,top_6,0.26317805409720635
dax_full,29,250,1.4 HCAL Flag,test,2024-02-05,2023-04-14,2024-04-05,419,flag_nested,0.2211907213255769
dax_full,29,250,1.4 HCAL Flag,test,2024-02-23,2023-05-05,2024-04-25,420,market_1,0.026285140043575073
dax_full,29,250,1.4 HCAL Flag,test,2024-02-23,2023-05-05,2024-04-25,420,block_2_3,0.5611003626910676
dax_full,29,250,1.4 HCAL Flag,test,2024-02-23,2023-05-05,2024-04-25,420,block_4_6,0.571315325044989
dax_full,29,250,1.4 HCAL Flag,test,2024-02-23,2023-05-05,2024-04-25,420,top_3,0.38136822275851445
dax_full,29,250,1.4 HCAL Flag,test,2024-02-23,2023-05-05,2024-04-25,420,top_6,0.2738275397476106
dax_full,29,250,1.4 HCAL Flag,test,2024-02-23,2023-05-05,2024-04-25,420,flag_nested,0.22716030084990005
dax_full,29,250,1.4 HCAL Flag,test,2024-03-14,2023-05-25,2024-05-16,421,market_1,0.027005290693312145
dax_full,29,250,1.4 HCAL Flag,test,2024-03-14,2023-05-25,2024-05-16,421,block_2_3,0.5351463014241655
dax_full,29,250,1.4 HCAL Flag,test,2024-03-14,2023-05-25,2024-05-16,421,block_4_6,0.5720280303893672
dax_full,29,250,1.4 HCAL Flag,test,2024-03-14,2023-05-25,2024-05-16,421,top_3,0.36508893436712686
dax_full,29,250,1.4 HCAL Flag,test,2024-03-14,2023-05-25,2024-05-16,421,top_6,0.24710836975332637
dax_full,29,250,1.4 HCAL Flag,test,2024-03-14,2023-05-25,2024-05-16,421,flag_nested,0.21306753160458847
dax_full,29,250,1.4 HCAL Flag,test,2024-04-05,2023-06-14,2024-06-05,422,market_1,0.038349663830005265
dax_full,29,250,1.4 HCAL Flag,test,2024-04-05,2023-06-14,2024-06-05,422,block_2_3,0.2718214125683037
dax_full,29,250,1.4 HCAL Flag,test,2024-04-05,2023-06-14,2024-06-05,422,block_4_6,0.5829079456379173
dax_full,29,250,1.4 HCAL Flag,test,2024-04-05,2023-06-14,2024-06-05,422,top_3,0.1933080872287999
dax_full,29,250,1.4 HCAL Flag,test,2024-04-05,2023-06-14,2024-06-05,422,top_6,0.28422981038649126
dax_full,29,250,1.4 HCAL Flag,test,2024-04-05,2023-06-14,2024-06-05,422,flag_nested,0.1719625204817655
dax_full,29,250,1.4 HCAL Flag,test,2024-04-25,2023-07-04,2024-06-25,423,market_1,0.03773220739650085
dax_full,29,250,1.4 HCAL Flag,test,2024-04-25,2023-07-04,2024-06-25,423,block_2_3,0.33773325368140616
dax_full,29,250,1.4 HCAL Flag,test,2024-04-25,2023-07-04,2024-06-25,423,block_4_6,0.5704853503647861
dax_full,29,250,1.4 HCAL Flag,test,2024-04-25,2023-07-04,2024-06-25,423,top_3,0.23737705245918952
dax_full,29,250,1.4 HCAL Flag,test,2024-04-25,2023-07-04,2024-06-25,423,top_6,0.2508835303746624
dax_full,29,250,1.4 HCAL Flag,test,2024-04-25,2023-07-04,2024-06-25,423,flag_nested,0.17533093007678424
dax_full,29,250,1.4 HCAL Flag,test,2024-05-16,2023-07-24,2024-07-15,424,market_1,0.027589338954648657
dax_full,29,250,1.4 HCAL Flag,test,2024-05-16,2023-07-24,2024-07-15,424,block_2_3,0.5552524328859483
dax_full,29,250,1.4 HCAL Flag,test,2024-05-16,2023-07-24,2024-07-15,424,block_4_6,0.5947451759875799
dax_full,29,250,1.4 HCAL Flag,test,2024-05-16,2023-07-24,2024-07-15,424,top_3,0.3789586865651429
dax_full,29,250,1.4 HCAL Flag,test,2024-05-16,2023-07-24,2024-07-15,424,top_6,0.28690914327788725
dax_full,29,250,1.4 HCAL Flag,test,2024-05-16,2023-07-24,2024-07-15,424,flag_nested,0.23115238959922627
dax_full,29,250,1.4 HCAL Flag,test,2024-06-05,2023-08-11,2024-08-02,425,market_1,0.02610655529867567
dax_full,29,250,1.4 HCAL Flag,test,2024-06-05,2023-08-11,2024-08-02,425,block_2_3,0.45428270399814263
dax_full,29,250,1.4 HCAL Flag,test,2024-06-05,2023-08-11,2024-08-02,425,block_4_6,0.46697376136421503
dax_full,29,250,1.4 HCAL Flag,test,2024-06-05,2023-08-11,2024-08-02,425,top_3,0.3112983882692862
dax_full,29,250,1.4 HCAL Flag,test,2024-06-05,2023-08-11,2024-08-02,425,top_6,0.2356002815988143
dax_full,29,250,1.4 HCAL Flag,test,2024-06-05,2023-08-11,2024-08-02,425,flag_nested,0.1910017417222587
dax_full,29,250,1.4 HCAL Flag,test,2024-06-25,2023-08-31,2024-08-22,426,market_1,0.0352795622524803
dax_full,29,250,1.4 HCAL Flag,test,2024-06-25,2023-08-31,2024-08-22,426,block_2_3,0.43035842862532114
dax_full,29,250,1.4 HCAL Flag,test,2024-06-25,2023-08-31,2024-08-22,426,block_4_6,0.6106907911246431
dax_full,29,250,1.4 HCAL Flag,test,2024-06-25,2023-08-31,2024-08-22,426,top_3,0.29623976722943546
dax_full,29,250,1.4 HCAL Flag,test,2024-06-25,2023-08-31,2024-08-22,426,top_6,0.27947324618774355
dax_full,29,250,1.4 HCAL Flag,test,2024-06-25,2023-08-31,2024-08-22,426,flag_nested,0.2036641918898864
dax_full,29,250,1.4 HCAL Flag,test,2024-07-15,2023-09-20,2024-09-11,427,market_1,0.018157477073154182
dax_full,29,250,1.4 HCAL Flag,test,2024-07-15,2023-09-20,2024-09-11,427,block_2_3,0.3795153609087214
dax_full,29,250,1.4 HCAL Flag,test,2024-07-15,2023-09-20,2024-09-11,427,block_4_6,0.6627687204761278
dax_full,29,250,1.4 HCAL Flag,test,2024-07-15,2023-09-20,2024-09-11,427,top_3,0.25901932679140094
dax_full,29,250,1.4 HCAL Flag,test,2024-07-15,2023-09-20,2024-09-11,427,top_6,0.34082581281449215
dax_full,29,250,1.4 HCAL Flag,test,2024-07-15,2023-09-20,2024-09-11,427,flag_nested,0.2060008722263491
dax_full,29,250,1.4 HCAL Flag,test,2024-08-02,2023-10-10,2024-10-01,428,market_1,0.02086011907521579
dax_full,29,250,1.4 HCAL Flag,test,2024-08-02,2023-10-10,2024-10-01,428,block_2_3,0.3968373273659742
dax_full,29,250,1.4 HCAL Flag,test,2024-08-02,2023-10-10,2024-10-01,428,block_4_6,0.6153895645135904
dax_full,29,250,1.4 HCAL Flag,test,2024-08-02,2023-10-10,2024-10-01,428,top_3,0.27058297780620055
dax_full,29,250,1.4 HCAL Flag,test,2024-08-02,2023-10-10,2024-10-01,428,top_6,0.31220148448176327
dax_full,29,250,1.4 HCAL Flag,test,2024-08-02,2023-10-10,2024-10-01,428,flag_nested,0.2012148604543932
dax_full,29,250,1.4 HCAL Flag,test,2024-08-22,2023-10-30,2024-10-21,429,market_1,0.028716787767971597
dax_full,29,250,1.4 HCAL Flag,test,2024-08-22,2023-10-30,2024-10-21,429,block_2_3,0.4560940203502257
dax_full,29,250,1.4 HCAL Flag,test,2024-08-22,2023-10-30,2024-10-21,429,block_4_6,0.6594365409237312
dax_full,29,250,1.4 HCAL Flag,test,2024-08-22,2023-10-30,2024-10-21,429,top_3,0.3114825475298706
dax_full,29,250,1.4 HCAL Flag,test,2024-08-22,2023-10-30,2024-10-21,429,top_6,0.29786200855973616
dax_full,29,250,1.4 HCAL Flag,test,2024-08-22,2023-10-30,2024-10-21,429,flag_nested,0.2126871146191928
dax_full,29,250,1.4 HCAL Flag,test,2024-09-11,2023-11-17,2024-11-08,430,market_1,0.02480028967216208
dax_full,29,250,1.4 HCAL Flag,test,2024-09-11,2023-11-17,2024-11-08,430,block_2_3,0.5220425020735484
dax_full,29,250,1.4 HCAL Flag,test,2024-09-11,2023-11-17,2024-11-08,430,block_4_6,0.6677395924086665
dax_full,29,250,1.4 HCAL Flag,test,2024-09-11,2023-11-17,2024-11-08,430,top_3,0.35490233705721747
dax_full,29,250,1.4 HCAL Flag,test,2024-09-11,2023-11-17,2024-11-08,430,top_6,0.2886982414322383
dax_full,29,250,1.4 HCAL Flag,test,2024-09-11,2023-11-17,2024-11-08,430,flag_nested,0.22280028938720595
dax_full,29,250,1.4 HCAL Flag,test,2024-10-01,2023-12-07,2024-11-28,431,market_1,0.02176106677077938
dax_full,29,250,1.4 HCAL Flag,test,2024-10-01,2023-12-07,2024-11-28,431,block_2_3,0.43682909558961547
dax_full,29,250,1.4 HCAL Flag,test,2024-10-01,2023-12-07,2024-11-28,431,block_4_6,0.6193277953961741
dax_full,29,250,1.4 HCAL Flag,test,2024-10-01,2023-12-07,2024-11-28,431,top_3,0.29818867438246094
dax_full,29,250,1.4 HCAL Flag,test,2024-10-01,2023-12-07,2024-11-28,431,top_6,0.30550266502288626
dax_full,29,250,1.4 HCAL Flag,test,2024-10-01,2023-12-07,2024-11-28,431,flag_nested,0.20848413539204222
dax_full,29,250,1.4 HCAL Flag,test,2024-10-21,2023-12-29,2024-12-18,432,market_1,0.02078638335184224
dax_full,29,250,1.4 HCAL Flag,test,2024-10-21,2023-12-29,2024-12-18,432,block_2_3,0.4903638115421528
dax_full,29,250,1.4 HCAL Flag,test,2024-10-21,2023-12-29,2024-12-18,432,block_4_6,0.6720353232931809
dax_full,29,250,1.4 HCAL Flag,test,2024-10-21,2023-12-29,2024-12-18,432,top_3,0.3333075047961896
dax_full,29,250,1.4 HCAL Flag,test,2024-10-21,2023-12-29,2024-12-18,432,top_6,0.31203074989933643
dax_full,29,250,1.4 HCAL Flag,test,2024-10-21,2023-12-29,2024-12-18,432,flag_nested,0.2220415460157894
dax_full,29,250,1.4 HCAL Flag,test,2024-11-08,2024-01-19,2025-01-14,433,market_1,0.02264119097142747
dax_full,29,250,1.4 HCAL Flag,test,2024-11-08,2024-01-19,2025-01-14,433,block_2_3,0.4180586431449007
dax_full,29,250,1.4 HCAL Flag,test,2024-11-08,2024-01-19,2025-01-14,433,block_4_6,0.6222832151729106
dax_full,29,250,1.4 HCAL Flag,test,2024-11-08,2024-01-19,2025-01-14,433,top_3,0.2843678234254803
dax_full,29,250,1.4 HCAL Flag,test,2024-11-08,2024-01-19,2025-01-14,433,top_6,0.31560713707293325
dax_full,29,250,1.4 HCAL Flag,test,2024-11-08,2024-01-19,2025-01-14,433,flag_nested,0.20753871715661365
dax_full,29,250,1.4 HCAL Flag,test,2024-11-28,2024-02-08,2025-02-03,434,market_1,0.021942399706889493
dax_full,29,250,1.4 HCAL Flag,test,2024-11-28,2024-02-08,2025-02-03,434,block_2_3,0.4520586346199901
dax_full,29,250,1.4 HCAL Flag,test,2024-11-28,2024-02-08,2025-02-03,434,block_4_6,0.6450185669577835
dax_full,29,250,1.4 HCAL Flag,test,2024-11-28,2024-02-08,2025-02-03,434,top_3,0.3071931331227106
dax_full,29,250,1.4 HCAL Flag,test,2024-11-28,2024-02-08,2025-02-03,434,top_6,0.3178027864962358
dax_full,29,250,1.4 HCAL Flag,test,2024-11-28,2024-02-08,2025-02-03,434,flag_nested,0.2156461064419453
dax_full,29,250,1.4 HCAL Flag,test,2024-12-18,2024-02-28,2025-02-21,435,market_1,0.026040754333910177
dax_full,29,250,1.4 HCAL Flag,test,2024-12-18,2024-02-28,2025-02-21,435,block_2_3,0.4534830721765969
dax_full,29,250,1.4 HCAL Flag,test,2024-12-18,2024-02-28,2025-02-21,435,block_4_6,0.6205800632768832
dax_full,29,250,1.4 HCAL Flag,test,2024-12-18,2024-02-28,2025-02-21,435,top_3,0.3081930580188142
dax_full,29,250,1.4 HCAL Flag,test,2024-12-18,2024-02-28,2025-02-21,435,top_6,0.3153604343797182
dax_full,29,250,1.4 HCAL Flag,test,2024-12-18,2024-02-28,2025-02-21,435,flag_nested,0.21653141557748087
dax_full,29,250,1.4 HCAL Flag,test,2025-01-14,2024-03-19,2025-03-13,436,market_1,0.027515865976724063
dax_full,29,250,1.4 HCAL Flag,test,2025-01-14,2024-03-19,2025-03-13,436,block_2_3,0.3594492940503138
dax_full,29,250,1.4 HCAL Flag,test,2025-01-14,2024-03-19,2025-03-13,436,block_4_6,0.5965460986959122
dax_full,29,250,1.4 HCAL Flag,test,2025-01-14,2024-03-19,2025-03-13,436,top_3,0.24654957277857115
dax_full,29,250,1.4 HCAL Flag,test,2025-01-14,2024-03-19,2025-03-13,436,top_6,0.3249979321369197
dax_full,29,250,1.4 HCAL Flag,test,2025-01-14,2024-03-19,2025-03-13,436,flag_nested,0.19968779029740494
dax_full,29,250,1.4 HCAL Flag,test,2025-02-03,2024-04-10,2025-04-02,437,market_1,0.031306939855700655
dax_full,29,250,1.4 HCAL Flag,test,2025-02-03,2024-04-10,2025-04-02,437,block_2_3,0.3100709136396088
dax_full,29,250,1.4 HCAL Flag,test,2025-02-03,2024-04-10,2025-04-02,437,block_4_6,0.6458842198845943
dax_full,29,250,1.4 HCAL Flag,test,2025-02-03,2024-04-10,2025-04-02,437,top_3,0.21426612823622992
dax_full,29,250,1.4 HCAL Flag,test,2025-02-03,2024-04-10,2025-04-02,437,top_6,0.3615462678165095
dax_full,29,250,1.4 HCAL Flag,test,2025-02-03,2024-04-10,2025-04-02,437,flag_nested,0.20237311196948005
dax_full,29,250,1.4 HCAL Flag,test,2025-02-21,2024-04-30,2025-04-24,438,market_1,0.03424557244143811
dax_full,29,250,1.4 HCAL Flag,test,2025-02-21,2024-04-30,2025-04-24,438,block_2_3,0.2690883437319763
dax_full,29,250,1.4 HCAL Flag,test,2025-02-21,2024-04-30,2025-04-24,438,block_4_6,0.7114787301392763
dax_full,29,250,1.4 HCAL Flag,test,2025-02-21,2024-04-30,2025-04-24,438,top_3,0.18731448686802685
dax_full,29,250,1.4 HCAL Flag,test,2025-02-21,2024-04-30,2025-04-24,438,top_6,0.4000045180780965
dax_full,29,250,1.4 HCAL Flag,test,2025-02-21,2024-04-30,2025-04-24,438,flag_nested,0.2071881924625205
dax_full,29,250,1.4 HCAL Flag,test,2025-03-13,2024-05-21,2025-05-15,439,market_1,0.033672149179653554
dax_full,29,250,1.4 HCAL Flag,test,2025-03-13,2024-05-21,2025-05-15,439,block_2_3,0.26520668557284743
dax_full,29,250,1.4 HCAL Flag,test,2025-03-13,2024-05-21,2025-05-15,439,block_4_6,0.6084314197954251
dax_full,29,250,1.4 HCAL Flag,test,2025-03-13,2024-05-21,2025-05-15,439,top_3,0.18415029203169167
dax_full,29,250,1.4 HCAL Flag,test,2025-03-13,2024-05-21,2025-05-15,439,top_6,0.34670503494752497
dax_full,29,250,1.4 HCAL Flag,test,2025-03-13,2024-05-21,2025-05-15,439,flag_nested,0.18817582538629007
dax_full,29,250,1.4 HCAL Flag,test,2025-04-02,2024-06-10,2025-06-04,440,market_1,0.03259440309699291
dax_full,29,250,1.4 HCAL Flag,test,2025-04-02,2024-06-10,2025-06-04,440,block_2_3,0.30116632320240133
dax_full,29,250,1.4 HCAL Flag,test,2025-04-02,2024-06-10,2025-06-04,440,block_4_6,0.7402215146950918
dax_full,29,250,1.4 HCAL Flag,test,2025-04-02,2024-06-10,2025-06-04,440,top_3,0.20709822928242985
dax_full,29,250,1.4 HCAL Flag,test,2025-04-02,2024-06-10,2025-06-04,440,top_6,0.393787994835707
dax_full,29,250,1.4 HCAL Flag,test,2025-04-02,2024-06-10,2025-06-04,440,flag_nested,0.21116020907170993
dax_full,29,250,1.4 HCAL Flag,test,2025-04-24,2024-06-28,2025-06-24,441,market_1,0.028871594249764154
dax_full,29,250,1.4 HCAL Flag,test,2025-04-24,2024-06-28,2025-06-24,441,block_2_3,0.44458761015116377
dax_full,29,250,1.4 HCAL Flag,test,2025-04-24,2024-06-28,2025-06-24,441,block_4_6,0.7308858806764311
dax_full,29,250,1.4 HCAL Flag,test,2025-04-24,2024-06-28,2025-06-24,441,top_3,0.3047780145882097
dax_full,29,250,1.4 HCAL Flag,test,2025-04-24,2024-06-28,2025-06-24,441,top_6,0.35393421091767135
dax_full,29,250,1.4 HCAL Flag,test,2025-04-24,2024-06-28,2025-06-24,441,flag_nested,0.22919460658521507
dax_full,29,250,1.4 HCAL Flag,test,2025-05-15,2024-07-18,2025-07-14,442,market_1,0.02898096903533509
dax_full,29,250,1.4 HCAL Flag,test,2025-05-15,2024-07-18,2025-07-14,442,block_2_3,0.48972123712262705
dax_full,29,250,1.4 HCAL Flag,test,2025-05-15,2024-07-18,2025-07-14,442,block_4_6,0.7686794547392267
dax_full,29,250,1.4 HCAL Flag,test,2025-05-15,2024-07-18,2025-07-14,442,top_3,0.33524311593570194
dax_full,29,250,1.4 HCAL Flag,test,2025-05-15,2024-07-18,2025-07-14,442,top_6,0.37938315245432724
dax_full,29,250,1.4 HCAL Flag,test,2025-05-15,2024-07-18,2025-07-14,442,flag_nested,0.2478690791417881
dax_full,29,250,1.4 HCAL Flag,test,2025-06-04,2024-08-07,2025-08-01,443,market_1,0.03607388922890531
dax_full,29,250,1.4 HCAL Flag,test,2025-06-04,2024-08-07,2025-08-01,443,block_2_3,0.4307954724880071
dax_full,29,250,1.4 HCAL Flag,test,2025-06-04,2024-08-07,2025-08-01,443,block_4_6,0.7711320727345199
dax_full,29,250,1.4 HCAL Flag,test,2025-06-04,2024-08-07,2025-08-01,443,top_3,0.2974855119460642
dax_full,29,250,1.4 HCAL Flag,test,2025-06-04,2024-08-07,2025-08-01,443,top_6,0.4024730670976772
dax_full,29,250,1.4 HCAL Flag,test,2025-06-04,2024-08-07,2025-08-01,443,flag_nested,0.24534415609088223
dax_full,29,250,1.4 HCAL Flag,test,2025-06-24,2024-08-27,2025-08-21,444,market_1,0.036203957544720944
dax_full,29,250,1.4 HCAL Flag,test,2025-06-24,2024-08-27,2025-08-21,444,block_2_3,0.5803630649870269
dax_full,29,250,1.4 HCAL Flag,test,2025-06-24,2024-08-27,2025-08-21,444,block_4_6,0.7626043649448957
dax_full,29,250,1.4 HCAL Flag,test,2025-06-24,2024-08-27,2025-08-21,444,top_3,0.3952649739019831
dax_full,29,250,1.4 HCAL Flag,test,2025-06-24,2024-08-27,2025-08-21,444,top_6,0.3866530549472141
dax_full,29,250,1.4 HCAL Flag,test,2025-06-24,2024-08-27,2025-08-21,444,flag_nested,0.2727073287979727
dax_full,29,250,1.4 HCAL Flag,test,2025-07-14,2024-09-16,2025-09-10,445,market_1,0.03246561296951389
dax_full,29,250,1.4 HCAL Flag,test,2025-07-14,2024-09-16,2025-09-10,445,block_2_3,0.5377141280028148
dax_full,29,250,1.4 HCAL Flag,test,2025-07-14,2024-09-16,2025-09-10,445,block_4_6,0.7042283330360098
dax_full,29,250,1.4 HCAL Flag,test,2025-07-14,2024-09-16,2025-09-10,445,top_3,0.36671563600103646
dax_full,29,250,1.4 HCAL Flag,test,2025-07-14,2024-09-16,2025-09-10,445,top_6,0.3528362775657831
dax_full,29,250,1.4 HCAL Flag,test,2025-07-14,2024-09-16,2025-09-10,445,flag_nested,0.2506725088454445
dax_full,29,250,1.4 HCAL Flag,test,2025-08-01,2024-10-04,2025-09-30,446,market_1,0.032161807077947246
dax_full,29,250,1.4 HCAL Flag,test,2025-08-01,2024-10-04,2025-09-30,446,block_2_3,0.5886435639642502
dax_full,29,250,1.4 HCAL Flag,test,2025-08-01,2024-10-04,2025-09-30,446,block_4_6,0.7040123335537349
dax_full,29,250,1.4 HCAL Flag,test,2025-08-01,2024-10-04,2025-09-30,446,top_3,0.402168805928723
dax_full,29,250,1.4 HCAL Flag,test,2025-08-01,2024-10-04,2025-09-30,446,top_6,0.3597808148878127
dax_full,29,250,1.4 HCAL Flag,test,2025-08-01,2024-10-04,2025-09-30,446,flag_nested,0.264703809298161
dax_full,29,250,1.4 HCAL Flag,test,2025-08-21,2024-10-24,2025-10-20,447,market_1,0.02697073606236078
dax_full,29,250,1.4 HCAL Flag,test,2025-08-21,2024-10-24,2025-10-20,447,block_2_3,0.4115649766912288
dax_full,29,250,1.4 HCAL Flag,test,2025-08-21,2024-10-24,2025-10-20,447,block_4_6,0.7072788876822936
dax_full,29,250,1.4 HCAL Flag,test,2025-08-21,2024-10-24,2025-10-20,447,top_3,0.2828284960166611
dax_full,29,250,1.4 HCAL Flag,test,2025-08-21,2024-10-24,2025-10-20,447,top_6,0.3823954603686303
dax_full,29,250,1.4 HCAL Flag,test,2025-08-21,2024-10-24,2025-10-20,447,flag_nested,0.2307315641492174
dax_full,29,250,1.4 HCAL Flag,test,2025-09-10,2024-11-13,2025-11-07,448,market_1,0.021569153414692788
dax_full,29,250,1.4 HCAL Flag,test,2025-09-10,2024-11-13,2025-11-07,448,block_2_3,0.5732137728396203
dax_full,29,250,1.4 HCAL Flag,test,2025-09-10,2024-11-13,2025-11-07,448,block_4_6,0.5924036974293881
dax_full,29,250,1.4 HCAL Flag,test,2025-09-10,2024-11-13,2025-11-07,448,top_3,0.3891198334907686
dax_full,29,250,1.4 HCAL Flag,test,2025-09-10,2024-11-13,2025-11-07,448,top_6,0.3163560851343245
dax_full,29,250,1.4 HCAL Flag,test,2025-09-10,2024-11-13,2025-11-07,448,flag_nested,0.2423483573465953
dax_full,29,250,1.4 HCAL Flag,test,2025-09-30,2024-12-03,2025-11-27,449,market_1,0.025716911305832646
dax_full,29,250,1.4 HCAL Flag,test,2025-09-30,2024-12-03,2025-11-27,449,block_2_3,0.461251644047737
dax_full,29,250,1.4 HCAL Flag,test,2025-09-30,2024-12-03,2025-11-27,449,block_4_6,0.5543968594933887
dax_full,29,250,1.4 HCAL Flag,test,2025-09-30,2024-12-03,2025-11-27,449,top_3,0.3153566682002619
dax_full,29,250,1.4 HCAL Flag,test,2025-09-30,2024-12-03,2025-11-27,449,top_6,0.27458639338358637
dax_full,29,250,1.4 HCAL Flag,test,2025-09-30,2024-12-03,2025-11-27,449,flag_nested,0.205219990963227
dax_full,29,250,1.4 HCAL Flag,test,2025-10-20,2024-12-23,2025-12-17,450,market_1,0.02959146361699927
dax_full,29,250,1.4 HCAL Flag,test,2025-10-20,2024-12-23,2025-12-17,450,block_2_3,0.4481173909936649
dax_full,29,250,1.4 HCAL Flag,test,2025-10-20,2024-12-23,2025-12-17,450,block_4_6,0.6321024803585117
dax_full,29,250,1.4 HCAL Flag,test,2025-10-20,2024-12-23,2025-12-17,450,top_3,0.30648413537405955
dax_full,29,250,1.4 HCAL Flag,test,2025-10-20,2024-12-23,2025-12-17,450,top_6,0.34168463891610784
dax_full,29,250,1.4 HCAL Flag,test,2025-10-20,2024-12-23,2025-12-17,450,flag_nested,0.2259200793023889
dax_full,29,250,1.4 HCAL Flag,test,2025-11-07,2025-01-17,2026-01-13,451,market_1,0.02696611884014144
dax_full,29,250,1.4 HCAL Flag,test,2025-11-07,2025-01-17,2026-01-13,451,block_2_3,0.4034328819725541
dax_full,29,250,1.4 HCAL Flag,test,2025-11-07,2025-01-17,2026-01-13,451,block_4_6,0.5380992502438563
dax_full,29,250,1.4 HCAL Flag,test,2025-11-07,2025-01-17,2026-01-13,451,top_3,0.2768223688162121
dax_full,29,250,1.4 HCAL Flag,test,2025-11-07,2025-01-17,2026-01-13,451,top_6,0.28847202191676063
dax_full,29,250,1.4 HCAL Flag,test,2025-11-07,2025-01-17,2026-01-13,451,flag_nested,0.19742016985770472
dax_full,29,250,1.4 HCAL Flag,test,2025-11-27,2025-02-06,2026-02-02,452,market_1,0.0311793101519654
dax_full,29,250,1.4 HCAL Flag,test,2025-11-27,2025-02-06,2026-02-02,452,block_2_3,0.4758576194895111
dax_full,29,250,1.4 HCAL Flag,test,2025-11-27,2025-02-06,2026-02-02,452,block_4_6,0.6001973844273484
dax_full,29,250,1.4 HCAL Flag,test,2025-11-27,2025-02-06,2026-02-02,452,top_3,0.3262337087997169
dax_full,29,250,1.4 HCAL Flag,test,2025-11-27,2025-02-06,2026-02-02,452,top_6,0.28773337973616125
dax_full,29,250,1.4 HCAL Flag,test,2025-11-27,2025-02-06,2026-02-02,452,flag_nested,0.21504879956261455
dax_full,29,250,1.4 HCAL Flag,test,2025-12-17,2025-02-26,2026-02-20,453,market_1,0.0321648501500581
dax_full,29,250,1.4 HCAL Flag,test,2025-12-17,2025-02-26,2026-02-20,453,block_2_3,0.4497782861960763
dax_full,29,250,1.4 HCAL Flag,test,2025-12-17,2025-02-26,2026-02-20,453,block_4_6,0.5977340018955171
dax_full,29,250,1.4 HCAL Flag,test,2025-12-17,2025-02-26,2026-02-20,453,top_3,0.3093377919696872
dax_full,29,250,1.4 HCAL Flag,test,2025-12-17,2025-02-26,2026-02-20,453,top_6,0.3118694039908963
dax_full,29,250,1.4 HCAL Flag,test,2025-12-17,2025-02-26,2026-02-20,453,flag_nested,0.21779068203688054
dax_full,29,250,1.4 HCAL Flag,test,2026-01-13,2025-03-18,2026-03-12,454,market_1,0.03306241216381167
dax_full,29,250,1.4 HCAL Flag,test,2026-01-13,2025-03-18,2026-03-12,454,block_2_3,0.43082092704648867
dax_full,29,250,1.4 HCAL Flag,test,2026-01-13,2025-03-18,2026-03-12,454,block_4_6,0.5031385431350266
dax_full,29,250,1.4 HCAL Flag,test,2026-01-13,2025-03-18,2026-03-12,454,top_3,0.297394534085442
dax_full,29,250,1.4 HCAL Flag,test,2026-01-13,2025-03-18,2026-03-12,454,top_6,0.26756360588395117
dax_full,29,250,1.4 HCAL Flag,test,2026-01-13,2025-03-18,2026-03-12,454,flag_nested,0.1993401840444016
dax_full,29,250,1.4 HCAL Flag,test,2026-02-02,2025-04-07,2026-04-01,455,market_1,0.03036004803170944
dax_full,29,250,1.4 HCAL Flag,test,2026-02-02,2025-04-07,2026-04-01,455,block_2_3,0.45520370943367483
dax_full,29,250,1.4 HCAL Flag,test,2026-02-02,2025-04-07,2026-04-01,455,block_4_6,0.46131756869522794
dax_full,29,250,1.4 HCAL Flag,test,2026-02-02,2025-04-07,2026-04-01,455,top_3,0.3130741252787132
dax_full,29,250,1.4 HCAL Flag,test,2026-02-02,2025-04-07,2026-04-01,455,top_6,0.2568988885783517
dax_full,29,250,1.4 HCAL Flag,test,2026-02-02,2025-04-07,2026-04-01,455,flag_nested,0.20011102062959144
dax_full,29,250,1.4 HCAL Flag,test,2026-02-20,2025-04-29,2026-04-23,456,market_1,0.04228684910774627
dax_full,29,250,1.4 HCAL Flag,test,2026-02-20,2025-04-29,2026-04-23,456,block_2_3,0.45485819749284173
dax_full,29,250,1.4 HCAL Flag,test,2026-02-20,2025-04-29,2026-04-23,456,block_4_6,0.5934581631189998
dax_full,29,250,1.4 HCAL Flag,test,2026-02-20,2025-04-29,2026-04-23,456,top_3,0.31550877224410484
dax_full,29,250,1.4 HCAL Flag,test,2026-02-20,2025-04-29,2026-04-23,456,top_6,0.33016642836619026
dax_full,29,250,1.4 HCAL Flag,test,2026-02-20,2025-04-29,2026-04-23,456,flag_nested,0.22932068323934715
dax_full,29,250,1.4 HCAL Flag,test,2026-03-12,2025-05-20,2026-05-14,457,market_1,0.03794067575937765
dax_full,29,250,1.4 HCAL Flag,test,2026-03-12,2025-05-20,2026-05-14,457,block_2_3,0.4588259852863489
dax_full,29,250,1.4 HCAL Flag,test,2026-03-12,2025-05-20,2026-05-14,457,block_4_6,0.61846055009918
dax_full,29,250,1.4 HCAL Flag,test,2026-03-12,2025-05-20,2026-05-14,457,top_3,0.31646749748334563
dax_full,29,250,1.4 HCAL Flag,test,2026-03-12,2025-05-20,2026-05-14,457,top_6,0.3394284914458292
dax_full,29,250,1.4 HCAL Flag,test,2026-03-12,2025-05-20,2026-05-14,457,flag_nested,0.2312788882295175
dax_full,29,250,1.4 HCAL Flag,test,2026-04-01,2025-06-09,2026-06-03,458,market_1,0.04713020054872552
dax_full,29,250,1.4 HCAL Flag,test,2026-04-01,2025-06-09,2026-06-03,458,block_2_3,0.4252868358614046
dax_full,29,250,1.4 HCAL Flag,test,2026-04-01,2025-06-09,2026-06-03,458,block_4_6,0.6587666575906213
dax_full,29,250,1.4 HCAL Flag,test,2026-04-01,2025-06-09,2026-06-03,458,top_3,0.2957106720980489
dax_full,29,250,1.4 HCAL Flag,test,2026-04-01,2025-06-09,2026-06-03,458,top_6,0.3472937551213018
dax_full,29,250,1.4 HCAL Flag,test,2026-04-01,2025-06-09,2026-06-03,458,flag_nested,0.23004487592269207
dax_full,29,250,1.4 HCAL Flag,test,2026-04-23,2025-06-27,2026-06-23,459,market_1,0.046532582417777135
dax_full,29,250,1.4 HCAL Flag,test,2026-04-23,2025-06-27,2026-06-23,459,block_2_3,0.5654940164285209
dax_full,29,250,1.4 HCAL Flag,test,2026-04-23,2025-06-27,2026-06-23,459,block_4_6,0.7915631532437398
dax_full,29,250,1.4 HCAL Flag,test,2026-04-23,2025-06-27,2026-06-23,459,top_3,0.3911112587270688
dax_full,29,250,1.4 HCAL Flag,test,2026-04-23,2025-06-27,2026-06-23,459,top_6,0.3686223813911793
dax_full,29,250,1.4 HCAL Flag,test,2026-04-23,2025-06-27,2026-06-23,459,flag_nested,0.26875540751200844
dax_full,29,250,1.4 HCAL Flag,test,2026-05-14,2025-07-17,2026-07-13,460,market_1,0.05008692013820504
dax_full,29,250,1.4 HCAL Flag,test,2026-05-14,2025-07-17,2026-07-13,460,block_2_3,0.5533967171223853
dax_full,29,250,1.4 HCAL Flag,test,2026-05-14,2025-07-17,2026-07-13,460,block_4_6,0.6786303106030201
dax_full,29,250,1.4 HCAL Flag,test,2026-05-14,2025-07-17,2026-07-13,460,top_3,0.3770935081387569
dax_full,29,250,1.4 HCAL Flag,test,2026-05-14,2025-07-17,2026-07-13,460,top_6,0.3941644978876359
dax_full,29,250,1.4 HCAL Flag,test,2026-05-14,2025-07-17,2026-07-13,460,flag_nested,0.27378164205486594
dax_full,29,250,1.4 HCAL Flag,test,2026-06-03,2025-08-06,2026-07-31,461,market_1,0.051763833193382736
dax_full,29,250,1.4 HCAL Flag,test,2026-06-03,2025-08-06,2026-07-31,461,block_2_3,0.6207409180153709
dax_full,29,250,1.4 HCAL Flag,test,2026-06-03,2025-08-06,2026-07-31,461,block_4_6,0.7688586791626383
dax_full,29,250,1.4 HCAL Flag,test,2026-06-03,2025-08-06,2026-07-31,461,top_3,0.4240739117116581
dax_full,29,250,1.4 HCAL Flag,test,2026-06-03,2025-08-06,2026-07-31,461,top_6,0.3767981718620084
dax_full,29,250,1.4 HCAL Flag,test,2026-06-03,2025-08-06,2026-07-31,461,flag_nested,0.28421197225568307
cac40_full,23,250,1.4 HCAL Flag,test,2019-11-12,2019-01-22,2020-01-13,344,market_1,0.027374646182455553
cac40_full,23,250,1.4 HCAL Flag,test,2019-11-12,2019-01-22,2020-01-13,344,block_2_3,0.4111655124546949
cac40_full,23,250,1.4 HCAL Flag,test,2019-11-12,2019-01-22,2020-01-13,344,block_4_6,0.6465549283307405
cac40_full,23,250,1.4 HCAL Flag,test,2019-11-12,2019-01-22,2020-01-13,344,top_3,0.282901268123607
cac40_full,23,250,1.4 HCAL Flag,test,2019-11-12,2019-01-22,2020-01-13,344,top_6,0.3292761129188729
cac40_full,23,250,1.4 HCAL Flag,test,2019-11-12,2019-01-22,2020-01-13,344,flag_nested,0.21318400907497848
cac40_full,23,250,1.4 HCAL Flag,test,2019-12-02,2019-02-11,2020-01-31,345,market_1,0.0324265487423856
cac40_full,23,250,1.4 HCAL Flag,test,2019-12-02,2019-02-11,2020-01-31,345,block_2_3,0.401358888320661
cac40_full,23,250,1.4 HCAL Flag,test,2019-12-02,2019-02-11,2020-01-31,345,block_4_6,0.8319336408298114
cac40_full,23,250,1.4 HCAL Flag,test,2019-12-02,2019-02-11,2020-01-31,345,top_3,0.2778019668486473
cac40_full,23,250,1.4 HCAL Flag,test,2019-12-02,2019-02-11,2020-01-31,345,top_6,0.48774811639649746
cac40_full,23,250,1.4 HCAL Flag,test,2019-12-02,2019-02-11,2020-01-31,345,flag_nested,0.2659922106625101
cac40_full,23,250,1.4 HCAL Flag,test,2019-12-20,2019-03-01,2020-02-20,346,market_1,0.03653754964533962
cac40_full,23,250,1.4 HCAL Flag,test,2019-12-20,2019-03-01,2020-02-20,346,block_2_3,0.424625704211696
cac40_full,23,250,1.4 HCAL Flag,test,2019-12-20,2019-03-01,2020-02-20,346,block_4_6,0.670936239253415
cac40_full,23,250,1.4 HCAL Flag,test,2019-12-20,2019-03-01,2020-02-20,346,top_3,0.29093800793121033
cac40_full,23,250,1.4 HCAL Flag,test,2019-12-20,2019-03-01,2020-02-20,346,top_6,0.39876769921809035
cac40_full,23,250,1.4 HCAL Flag,test,2019-12-20,2019-03-01,2020-02-20,346,flag_nested,0.24208108559821342
cac40_full,23,250,1.4 HCAL Flag,test,2020-01-13,2019-03-21,2020-03-11,347,market_1,0.0346162528320757
cac40_full,23,250,1.4 HCAL Flag,test,2020-01-13,2019-03-21,2020-03-11,347,block_2_3,0.41329426925649304
cac40_full,23,250,1.4 HCAL Flag,test,2020-01-13,2019-03-21,2020-03-11,347,block_4_6,0.6401070597330155
cac40_full,23,250,1.4 HCAL Flag,test,2020-01-13,2019-03-21,2020-03-11,347,top_3,0.28432688278773854
cac40_full,23,250,1.4 HCAL Flag,test,2020-01-13,2019-03-21,2020-03-11,347,top_6,0.37175536791324265
cac40_full,23,250,1.4 HCAL Flag,test,2020-01-13,2019-03-21,2020-03-11,347,flag_nested,0.23023283451101895
cac40_full,23,250,1.4 HCAL Flag,test,2020-01-31,2019-04-10,2020-03-31,348,market_1,0.03100789992241626
cac40_full,23,250,1.4 HCAL Flag,test,2020-01-31,2019-04-10,2020-03-31,348,block_2_3,0.5660508540700802
cac40_full,23,250,1.4 HCAL Flag,test,2020-01-31,2019-04-10,2020-03-31,348,block_4_6,0.7568617538433257
cac40_full,23,250,1.4 HCAL Flag,test,2020-01-31,2019-04-10,2020-03-31,348,top_3,0.3847322784074299
cac40_full,23,250,1.4 HCAL Flag,test,2020-01-31,2019-04-10,2020-03-31,348,top_6,0.4224018810145577
cac40_full,23,250,1.4 HCAL Flag,test,2020-01-31,2019-04-10,2020-03-31,348,flag_nested,0.27938068644813463
cac40_full,23,250,1.4 HCAL Flag,test,2020-02-20,2019-05-03,2020-04-22,349,market_1,0.031633207572580924
cac40_full,23,250,1.4 HCAL Flag,test,2020-02-20,2019-05-03,2020-04-22,349,block_2_3,0.5999729578233164
cac40_full,23,250,1.4 HCAL Flag,test,2020-02-20,2019-05-03,2020-04-22,349,block_4_6,0.7130640109171541
cac40_full,23,250,1.4 HCAL Flag,test,2020-02-20,2019-05-03,2020-04-22,349,top_3,0.40717815962878706
cac40_full,23,250,1.4 HCAL Flag,test,2020-02-20,2019-05-03,2020-04-22,349,top_6,0.42736872069899284
cac40_full,23,250,1.4 HCAL Flag,test,2020-02-20,2019-05-03,2020-04-22,349,flag_nested,0.28872669596678696
cac40_full,23,250,1.4 HCAL Flag,test,2020-03-11,2019-05-23,2020-05-13,350,market_1,0.02336070111155053
cac40_full,23,250,1.4 HCAL Flag,test,2020-03-11,2019-05-23,2020-05-13,350,block_2_3,0.5892952205439694
cac40_full,23,250,1.4 HCAL Flag,test,2020-03-11,2019-05-23,2020-05-13,350,block_4_6,0.6637543480063923
cac40_full,23,250,1.4 HCAL Flag,test,2020-03-11,2019-05-23,2020-05-13,350,top_3,0.40030130393827673
cac40_full,23,250,1.4 HCAL Flag,test,2020-03-11,2019-05-23,2020-05-13,350,top_6,0.41665171679203633
cac40_full,23,250,1.4 HCAL Flag,test,2020-03-11,2019-05-23,2020-05-13,350,flag_nested,0.2801045739472879
cac40_full,23,250,1.4 HCAL Flag,test,2020-03-31,2019-06-12,2020-06-02,351,market_1,0.024329024530448384
cac40_full,23,250,1.4 HCAL Flag,test,2020-03-31,2019-06-12,2020-06-02,351,block_2_3,0.616970129156007
cac40_full,23,250,1.4 HCAL Flag,test,2020-03-31,2019-06-12,2020-06-02,351,block_4_6,0.663145367668659
cac40_full,23,250,1.4 HCAL Flag,test,2020-03-31,2019-06-12,2020-06-02,351,top_3,0.4193146505066924
cac40_full,23,250,1.4 HCAL Flag,test,2020-03-31,2019-06-12,2020-06-02,351,top_6,0.4158787904985974
cac40_full,23,250,1.4 HCAL Flag,test,2020-03-31,2019-06-12,2020-06-02,351,flag_nested,0.2865074885119127
cac40_full,23,250,1.4 HCAL Flag,test,2020-04-22,2019-07-02,2020-06-22,352,market_1,0.023306546905975223
cac40_full,23,250,1.4 HCAL Flag,test,2020-04-22,2019-07-02,2020-06-22,352,block_2_3,0.6011945699552371
cac40_full,23,250,1.4 HCAL Flag,test,2020-04-22,2019-07-02,2020-06-22,352,block_4_6,0.735752563690569
cac40_full,23,250,1.4 HCAL Flag,test,2020-04-22,2019-07-02,2020-06-22,352,top_3,0.40656188893479356
cac40_full,23,250,1.4 HCAL Flag,test,2020-04-22,2019-07-02,2020-06-22,352,top_6,0.43417664458244093
cac40_full,23,250,1.4 HCAL Flag,test,2020-04-22,2019-07-02,2020-06-22,352,flag_nested,0.28801502680773655
cac40_full,23,250,1.4 HCAL Flag,test,2020-05-13,2019-07-22,2020-07-10,353,market_1,0.01754043033766095
cac40_full,23,250,1.4 HCAL Flag,test,2020-05-13,2019-07-22,2020-07-10,353,block_2_3,0.6255854868029892
cac40_full,23,250,1.4 HCAL Flag,test,2020-05-13,2019-07-22,2020-07-10,353,block_4_6,0.7272569743457621
cac40_full,23,250,1.4 HCAL Flag,test,2020-05-13,2019-07-22,2020-07-10,353,top_3,0.4215509066358177
cac40_full,23,250,1.4 HCAL Flag,test,2020-05-13,2019-07-22,2020-07-10,353,top_6,0.41977381367554245
cac40_full,23,250,1.4 HCAL Flag,test,2020-05-13,2019-07-22,2020-07-10,353,flag_nested,0.2862883835496737
cac40_full,23,250,1.4 HCAL Flag,test,2020-06-02,2019-08-09,2020-07-30,354,market_1,0.013238962363518292
cac40_full,23,250,1.4 HCAL Flag,test,2020-06-02,2019-08-09,2020-07-30,354,block_2_3,0.5171686748869961
cac40_full,23,250,1.4 HCAL Flag,test,2020-06-02,2019-08-09,2020-07-30,354,block_4_6,0.7170731365936446
cac40_full,23,250,1.4 HCAL Flag,test,2020-06-02,2019-08-09,2020-07-30,354,top_3,0.34860115403154596
cac40_full,23,250,1.4 HCAL Flag,test,2020-06-02,2019-08-09,2020-07-30,354,top_6,0.37353466592291684
cac40_full,23,250,1.4 HCAL Flag,test,2020-06-02,2019-08-09,2020-07-30,354,flag_nested,0.245124927439327
cac40_full,23,250,1.4 HCAL Flag,test,2020-06-22,2019-08-29,2020-08-19,355,market_1,0.01501373359329683
cac40_full,23,250,1.4 HCAL Flag,test,2020-06-22,2019-08-29,2020-08-19,355,block_2_3,0.5035327317965991
cac40_full,23,250,1.4 HCAL Flag,test,2020-06-22,2019-08-29,2020-08-19,355,block_4_6,0.6908788691200286
cac40_full,23,250,1.4 HCAL Flag,test,2020-06-22,2019-08-29,2020-08-19,355,top_3,0.3403377258340227
cac40_full,23,250,1.4 HCAL Flag,test,2020-06-22,2019-08-29,2020-08-19,355,top_6,0.39006798474679866
cac40_full,23,250,1.4 HCAL Flag,test,2020-06-22,2019-08-29,2020-08-19,355,flag_nested,0.2484731480580394
cac40_full,23,250,1.4 HCAL Flag,test,2020-07-10,2019-09-18,2020-09-08,356,market_1,0.019487560089067046
cac40_full,23,250,1.4 HCAL Flag,test,2020-07-10,2019-09-18,2020-09-08,356,block_2_3,0.65484629818046
cac40_full,23,250,1.4 HCAL Flag,test,2020-07-10,2019-09-18,2020-09-08,356,block_4_6,0.7025149712183363
cac40_full,23,250,1.4 HCAL Flag,test,2020-07-10,2019-09-18,2020-09-08,356,top_3,0.4419668938348576
cac40_full,23,250,1.4 HCAL Flag,test,2020-07-10,2019-09-18,2020-09-08,356,top_6,0.4669910762209651
cac40_full,23,250,1.4 HCAL Flag,test,2020-07-10,2019-09-18,2020-09-08,356,flag_nested,0.30948184338162993
cac40_full,23,250,1.4 HCAL Flag,test,2020-07-30,2019-10-08,2020-09-28,357,market_1,0.010765738533522584
cac40_full,23,250,1.4 HCAL Flag,test,2020-07-30,2019-10-08,2020-09-28,357,block_2_3,0.6909603929326407
cac40_full,23,250,1.4 HCAL Flag,test,2020-07-30,2019-10-08,2020-09-28,357,block_4_6,0.667516219978451
cac40_full,23,250,1.4 HCAL Flag,test,2020-07-30,2019-10-08,2020-09-28,357,top_3,0.46394529195526196
cac40_full,23,250,1.4 HCAL Flag,test,2020-07-30,2019-10-08,2020-09-28,357,top_6,0.47632835543632535
cac40_full,23,250,1.4 HCAL Flag,test,2020-07-30,2019-10-08,2020-09-28,357,flag_nested,0.3170131286417033
cac40_full,23,250,1.4 HCAL Flag,test,2020-08-19,2019-10-28,2020-10-16,358,market_1,0.009053600326897726
cac40_full,23,250,1.4 HCAL Flag,test,2020-08-19,2019-10-28,2020-10-16,358,block_2_3,0.6675607899484893
cac40_full,23,250,1.4 HCAL Flag,test,2020-08-19,2019-10-28,2020-10-16,358,block_4_6,0.7324555336448677
cac40_full,23,250,1.4 HCAL Flag,test,2020-08-19,2019-10-28,2020-10-16,358,top_3,0.44789695796317347
cac40_full,23,250,1.4 HCAL Flag,test,2020-08-19,2019-10-28,2020-10-16,358,top_6,0.4415678832817667
cac40_full,23,250,1.4 HCAL Flag,test,2020-08-19,2019-10-28,2020-10-16,358,flag_nested,0.29950614719061264
cac40_full,23,250,1.4 HCAL Flag,test,2020-09-08,2019-11-15,2020-11-05,359,market_1,0.008307583814271768
cac40_full,23,250,1.4 HCAL Flag,test,2020-09-08,2019-11-15,2020-11-05,359,block_2_3,0.5861689163305439
cac40_full,23,250,1.4 HCAL Flag,test,2020-09-08,2019-11-15,2020-11-05,359,block_4_6,0.6410199020122509
cac40_full,23,250,1.4 HCAL Flag,test,2020-09-08,2019-11-15,2020-11-05,359,top_3,0.3934729286510759
cac40_full,23,250,1.4 HCAL Flag,test,2020-09-08,2019-11-15,2020-11-05,359,top_6,0.41294257471019485
cac40_full,23,250,1.4 HCAL Flag,test,2020-09-08,2019-11-15,2020-11-05,359,flag_nested,0.2715743623918475
cac40_full,23,250,1.4 HCAL Flag,test,2020-09-28,2019-12-05,2020-11-25,360,market_1,0.00828182418525747
cac40_full,23,250,1.4 HCAL Flag,test,2020-09-28,2019-12-05,2020-11-25,360,block_2_3,0.567964207088266
cac40_full,23,250,1.4 HCAL Flag,test,2020-09-28,2019-12-05,2020-11-25,360,block_4_6,0.5813623725218664
cac40_full,23,250,1.4 HCAL Flag,test,2020-09-28,2019-12-05,2020-11-25,360,top_3,0.3810957131768116
cac40_full,23,250,1.4 HCAL Flag,test,2020-09-28,2019-12-05,2020-11-25,360,top_6,0.38565166377802446
cac40_full,23,250,1.4 HCAL Flag,test,2020-09-28,2019-12-05,2020-11-25,360,flag_nested,0.25834306704669785
cac40_full,23,250,1.4 HCAL Flag,test,2020-10-16,2019-12-25,2020-12-15,361,market_1,0.008913082039764375
cac40_full,23,250,1.4 HCAL Flag,test,2020-10-16,2019-12-25,2020-12-15,361,block_2_3,0.5324838913618479
cac40_full,23,250,1.4 HCAL Flag,test,2020-10-16,2019-12-25,2020-12-15,361,block_4_6,0.6500301443068562
cac40_full,23,250,1.4 HCAL Flag,test,2020-10-16,2019-12-25,2020-12-15,361,top_3,0.35718806472513775
cac40_full,23,250,1.4 HCAL Flag,test,2020-10-16,2019-12-25,2020-12-15,361,top_6,0.3523785895873049
cac40_full,23,250,1.4 HCAL Flag,test,2020-10-16,2019-12-25,2020-12-15,361,flag_nested,0.2394932454507357
cac40_full,23,250,1.4 HCAL Flag,test,2020-11-05,2020-01-16,2021-01-06,362,market_1,0.007608505482268546
cac40_full,23,250,1.4 HCAL Flag,test,2020-11-05,2020-01-16,2021-01-06,362,block_2_3,0.4996952596394839
cac40_full,23,250,1.4 HCAL Flag,test,2020-11-05,2020-01-16,2021-01-06,362,block_4_6,0.5970243742111404
cac40_full,23,250,1.4 HCAL Flag,test,2020-11-05,2020-01-16,2021-01-06,362,top_3,0.3351206924003409
cac40_full,23,250,1.4 HCAL Flag,test,2020-11-05,2020-01-16,2021-01-06,362,top_6,0.3107264693415801
cac40_full,23,250,1.4 HCAL Flag,test,2020-11-05,2020-01-16,2021-01-06,362,flag_nested,0.21781855574139652
cac40_full,23,250,1.4 HCAL Flag,test,2020-11-25,2020-02-05,2021-01-26,363,market_1,0.009764288771068164
cac40_full,23,250,1.4 HCAL Flag,test,2020-11-25,2020-02-05,2021-01-26,363,block_2_3,0.5232128097441081
cac40_full,23,250,1.4 HCAL Flag,test,2020-11-25,2020-02-05,2021-01-26,363,block_4_6,0.6976431429763471
cac40_full,23,250,1.4 HCAL Flag,test,2020-11-25,2020-02-05,2021-01-26,363,top_3,0.35036188068481616
cac40_full,23,250,1.4 HCAL Flag,test,2020-11-25,2020-02-05,2021-01-26,363,top_6,0.3744285385726534
cac40_full,23,250,1.4 HCAL Flag,test,2020-11-25,2020-02-05,2021-01-26,363,flag_nested,0.2448515693428459
cac40_full,23,250,1.4 HCAL Flag,test,2020-12-15,2020-02-25,2021-02-15,364,market_1,0.005771495455774933
cac40_full,23,250,1.4 HCAL Flag,test,2020-12-15,2020-02-25,2021-02-15,364,block_2_3,0.4018028781379288
cac40_full,23,250,1.4 HCAL Flag,test,2020-12-15,2020-02-25,2021-02-15,364,block_4_6,0.64829786780141
cac40_full,23,250,1.4 HCAL Flag,test,2020-12-15,2020-02-25,2021-02-15,364,top_3,0.26912156687883754
cac40_full,23,250,1.4 HCAL Flag,test,2020-12-15,2020-02-25,2021-02-15,364,top_6,0.34245847402822077
cac40_full,23,250,1.4 HCAL Flag,test,2020-12-15,2020-02-25,2021-02-15,364,flag_nested,0.20578384545427775
cac40_full,23,250,1.4 HCAL Flag,test,2021-01-06,2020-03-16,2021-03-05,365,market_1,0.00862779364297206
cac40_full,23,250,1.4 HCAL Flag,test,2021-01-06,2020-03-16,2021-03-05,365,block_2_3,0.3937681845821577
cac40_full,23,250,1.4 HCAL Flag,test,2021-01-06,2020-03-16,2021-03-05,365,block_4_6,0.6206769565826622
cac40_full,23,250,1.4 HCAL Flag,test,2021-01-06,2020-03-16,2021-03-05,365,top_3,0.26346704837573326
cac40_full,23,250,1.4 HCAL Flag,test,2021-01-06,2020-03-16,2021-03-05,365,top_6,0.3520070392717563
cac40_full,23,250,1.4 HCAL Flag,test,2021-01-06,2020-03-16,2021-03-05,365,flag_nested,0.20803396043015387
cac40_full,23,250,1.4 HCAL Flag,test,2021-01-26,2020-04-03,2021-03-25,366,market_1,0.012416344650979738
cac40_full,23,250,1.4 HCAL Flag,test,2021-01-26,2020-04-03,2021-03-25,366,block_2_3,0.4267452550060018
cac40_full,23,250,1.4 HCAL Flag,test,2021-01-26,2020-04-03,2021-03-25,366,block_4_6,0.7046947002288012
cac40_full,23,250,1.4 HCAL Flag,test,2021-01-26,2020-04-03,2021-03-25,366,top_3,0.28645985172888927
cac40_full,23,250,1.4 HCAL Flag,test,2021-01-26,2020-04-03,2021-03-25,366,top_6,0.40046045238124234
cac40_full,23,250,1.4 HCAL Flag,test,2021-01-26,2020-04-03,2021-03-25,366,flag_nested,0.2331122162537038
cac40_full,23,250,1.4 HCAL Flag,test,2021-02-15,2020-04-27,2021-04-16,367,market_1,0.011173928926064058
cac40_full,23,250,1.4 HCAL Flag,test,2021-02-15,2020-04-27,2021-04-16,367,block_2_3,0.4323041940283565
cac40_full,23,250,1.4 HCAL Flag,test,2021-02-15,2020-04-27,2021-04-16,367,block_4_6,0.7910251280481205
cac40_full,23,250,1.4 HCAL Flag,test,2021-02-15,2020-04-27,2021-04-16,367,top_3,0.2902226459025261
cac40_full,23,250,1.4 HCAL Flag,test,2021-02-15,2020-04-27,2021-04-16,367,top_6,0.4320622080323681
cac40_full,23,250,1.4 HCAL Flag,test,2021-02-15,2020-04-27,2021-04-16,367,flag_nested,0.24448626095365275
cac40_full,23,250,1.4 HCAL Flag,test,2021-03-05,2020-05-18,2021-05-06,368,market_1,0.008330915449340726
cac40_full,23,250,1.4 HCAL Flag,test,2021-03-05,2020-05-18,2021-05-06,368,block_2_3,0.3695018759892338
cac40_full,23,250,1.4 HCAL Flag,test,2021-03-05,2020-05-18,2021-05-06,368,block_4_6,0.7467354844436754
cac40_full,23,250,1.4 HCAL Flag,test,2021-03-05,2020-05-18,2021-05-06,368,top_3,0.2482650776903097
cac40_full,23,250,1.4 HCAL Flag,test,2021-03-05,2020-05-18,2021-05-06,368,top_6,0.44026087197666985
cac40_full,23,250,1.4 HCAL Flag,test,2021-03-05,2020-05-18,2021-05-06,368,flag_nested,0.2322856217054401
cac40_full,23,250,1.4 HCAL Flag,test,2021-03-25,2020-06-05,2021-05-26,369,market_1,0.007174496734113078
cac40_full,23,250,1.4 HCAL Flag,test,2021-03-25,2020-06-05,2021-05-26,369,block_2_3,0.37478565037359524
cac40_full,23,250,1.4 HCAL Flag,test,2021-03-25,2020-06-05,2021-05-26,369,block_4_6,0.7564115766170453
cac40_full,23,250,1.4 HCAL Flag,test,2021-03-25,2020-06-05,2021-05-26,369,top_3,0.25212543154994
cac40_full,23,250,1.4 HCAL Flag,test,2021-03-25,2020-06-05,2021-05-26,369,top_6,0.430890644798619
cac40_full,23,250,1.4 HCAL Flag,test,2021-03-25,2020-06-05,2021-05-26,369,flag_nested,0.2300635243608907
cac40_full,23,250,1.4 HCAL Flag,test,2021-04-16,2020-06-25,2021-06-15,370,market_1,0.011256339410911975
cac40_full,23,250,1.4 HCAL Flag,test,2021-04-16,2020-06-25,2021-06-15,370,block_2_3,0.36570956711001
cac40_full,23,250,1.4 HCAL Flag,test,2021-04-16,2020-06-25,2021-06-15,370,block_4_6,0.7836516258642628
cac40_full,23,250,1.4 HCAL Flag,test,2021-04-16,2020-06-25,2021-06-15,370,top_3,0.2468535125159752
cac40_full,23,250,1.4 HCAL Flag,test,2021-04-16,2020-06-25,2021-06-15,370,top_6,0.4425051559439744
cac40_full,23,250,1.4 HCAL Flag,test,2021-04-16,2020-06-25,2021-06-15,370,flag_nested,0.23353833595695384
cac40_full,23,250,1.4 HCAL Flag,test,2021-05-06,2020-07-15,2021-07-05,371,market_1,0.01793208097869703
cac40_full,23,250,1.4 HCAL Flag,test,2021-05-06,2020-07-15,2021-07-05,371,block_2_3,0.35523228619091163
cac40_full,23,250,1.4 HCAL Flag,test,2021-05-06,2020-07-15,2021-07-05,371,block_4_6,0.8113367900644728
cac40_full,23,250,1.4 HCAL Flag,test,2021-05-06,2020-07-15,2021-07-05,371,top_3,0.2416557028015681
cac40_full,23,250,1.4 HCAL Flag,test,2021-05-06,2020-07-15,2021-07-05,371,top_6,0.4646915919088108
cac40_full,23,250,1.4 HCAL Flag,test,2021-05-06,2020-07-15,2021-07-05,371,flag_nested,0.24142645856302533
cac40_full,23,250,1.4 HCAL Flag,test,2021-05-26,2020-08-04,2021-07-23,372,market_1,0.02227386102064155
cac40_full,23,250,1.4 HCAL Flag,test,2021-05-26,2020-08-04,2021-07-23,372,block_2_3,0.3487463833375605
cac40_full,23,250,1.4 HCAL Flag,test,2021-05-26,2020-08-04,2021-07-23,372,block_4_6,0.7536625096281644
cac40_full,23,250,1.4 HCAL Flag,test,2021-05-26,2020-08-04,2021-07-23,372,top_3,0.23762417795819765
cac40_full,23,250,1.4 HCAL Flag,test,2021-05-26,2020-08-04,2021-07-23,372,top_6,0.44004316471349597
cac40_full,23,250,1.4 HCAL Flag,test,2021-05-26,2020-08-04,2021-07-23,372,flag_nested,0.23331373456411172
cac40_full,23,250,1.4 HCAL Flag,test,2021-06-15,2020-08-24,2021-08-12,373,market_1,0.027889644792683632
cac40_full,23,250,1.4 HCAL Flag,test,2021-06-15,2020-08-24,2021-08-12,373,block_2_3,0.4338429689714032
cac40_full,23,250,1.4 HCAL Flag,test,2021-06-15,2020-08-24,2021-08-12,373,block_4_6,0.8136174743105687
cac40_full,23,250,1.4 HCAL Flag,test,2021-06-15,2020-08-24,2021-08-12,373,top_3,0.29717234215696314
cac40_full,23,250,1.4 HCAL Flag,test,2021-06-15,2020-08-24,2021-08-12,373,top_6,0.4438818721950806
cac40_full,23,250,1.4 HCAL Flag,test,2021-06-15,2020-08-24,2021-08-12,373,flag_nested,0.2563146197149091
cac40_full,23,250,1.4 HCAL Flag,test,2021-07-05,2020-09-11,2021-09-01,374,market_1,0.02083939093594067
cac40_full,23,250,1.4 HCAL Flag,test,2021-07-05,2020-09-11,2021-09-01,374,block_2_3,0.43498486657576607
cac40_full,23,250,1.4 HCAL Flag,test,2021-07-05,2020-09-11,2021-09-01,374,block_4_6,0.737574064995523
cac40_full,23,250,1.4 HCAL Flag,test,2021-07-05,2020-09-11,2021-09-01,374,top_3,0.2945221684666753
cac40_full,23,250,1.4 HCAL Flag,test,2021-07-05,2020-09-11,2021-09-01,374,top_6,0.4095620079355067
cac40_full,23,250,1.4 HCAL Flag,test,2021-07-05,2020-09-11,2021-09-01,374,flag_nested,0.24164118911270757
cac40_full,23,250,1.4 HCAL Flag,test,2021-07-23,2020-10-01,2021-09-21,375,market_1,0.021232384364813228
cac40_full,23,250,1.4 HCAL Flag,test,2021-07-23,2020-10-01,2021-09-21,375,block_2_3,0.36644658192878266
cac40_full,23,250,1.4 HCAL Flag,test,2021-07-23,2020-10-01,2021-09-21,375,block_4_6,0.682649765512239
cac40_full,23,250,1.4 HCAL Flag,test,2021-07-23,2020-10-01,2021-09-21,375,top_3,0.2482306425213472
cac40_full,23,250,1.4 HCAL Flag,test,2021-07-23,2020-10-01,2021-09-21,375,top_6,0.3611886264182366
cac40_full,23,250,1.4 HCAL Flag,test,2021-07-23,2020-10-01,2021-09-21,375,flag_nested,0.21021721776813238
cac40_full,23,250,1.4 HCAL Flag,test,2021-08-12,2020-10-21,2021-10-11,376,market_1,0.0171467981524962
cac40_full,23,250,1.4 HCAL Flag,test,2021-08-12,2020-10-21,2021-10-11,376,block_2_3,0.36482697735089586
cac40_full,23,250,1.4 HCAL Flag,test,2021-08-12,2020-10-21,2021-10-11,376,block_4_6,0.7294086465599223
cac40_full,23,250,1.4 HCAL Flag,test,2021-08-12,2020-10-21,2021-10-11,376,top_3,0.24615770544817162
cac40_full,23,250,1.4 HCAL Flag,test,2021-08-12,2020-10-21,2021-10-11,376,top_6,0.39816255001629713
cac40_full,23,250,1.4 HCAL Flag,test,2021-08-12,2020-10-21,2021-10-11,376,flag_nested,0.22048901787232164
cac40_full,23,250,1.4 HCAL Flag,test,2021-09-01,2020-11-10,2021-10-29,377,market_1,0.029654002412288882
cac40_full,23,250,1.4 HCAL Flag,test,2021-09-01,2020-11-10,2021-10-29,377,block_2_3,0.3834965642280087
cac40_full,23,250,1.4 HCAL Flag,test,2021-09-01,2020-11-10,2021-10-29,377,block_4_6,0.821637220670437
cac40_full,23,250,1.4 HCAL Flag,test,2021-09-01,2020-11-10,2021-10-29,377,top_3,0.2621177384506095
cac40_full,23,250,1.4 HCAL Flag,test,2021-09-01,2020-11-10,2021-10-29,377,top_6,0.43384913134337055
cac40_full,23,250,1.4 HCAL Flag,test,2021-09-01,2020-11-10,2021-10-29,377,flag_nested,0.24187362406875632
cac40_full,23,250,1.4 HCAL Flag,test,2021-09-21,2020-11-30,2021-11-18,378,market_1,0.02017041516738516
cac40_full,23,250,1.4 HCAL Flag,test,2021-09-21,2020-11-30,2021-11-18,378,block_2_3,0.35443490341325623
cac40_full,23,250,1.4 HCAL Flag,test,2021-09-21,2020-11-30,2021-11-18,378,block_4_6,0.6914871492598181
cac40_full,23,250,1.4 HCAL Flag,test,2021-09-21,2020-11-30,2021-11-18,378,top_3,0.24051704663189785
cac40_full,23,250,1.4 HCAL Flag,test,2021-09-21,2020-11-30,2021-11-18,378,top_6,0.3875087555957554
cac40_full,23,250,1.4 HCAL Flag,test,2021-09-21,2020-11-30,2021-11-18,378,flag_nested,0.21606540579834613
cac40_full,23,250,1.4 HCAL Flag,test,2021-10-11,2020-12-18,2021-12-08,379,market_1,0.030460861106138992
cac40_full,23,250,1.4 HCAL Flag,test,2021-10-11,2020-12-18,2021-12-08,379,block_2_3,0.30077022797266584
cac40_full,23,250,1.4 HCAL Flag,test,2021-10-11,2020-12-18,2021-12-08,379,block_4_6,0.5755847892909106
cac40_full,23,250,1.4 HCAL Flag,test,2021-10-11,2020-12-18,2021-12-08,379,top_3,0.2085556663165217
cac40_full,23,250,1.4 HCAL Flag,test,2021-10-11,2020-12-18,2021-12-08,379,top_6,0.33074201198999953
cac40_full,23,250,1.4 HCAL Flag,test,2021-10-11,2020-12-18,2021-12-08,379,flag_nested,0.1899195131375534
cac40_full,23,250,1.4 HCAL Flag,test,2021-10-29,2021-01-11,2021-12-28,380,market_1,0.04108307861160876
cac40_full,23,250,1.4 HCAL Flag,test,2021-10-29,2021-01-11,2021-12-28,380,block_2_3,0.3152413732152628
cac40_full,23,250,1.4 HCAL Flag,test,2021-10-29,2021-01-11,2021-12-28,380,block_4_6,0.6517150215728594
cac40_full,23,250,1.4 HCAL Flag,test,2021-10-29,2021-01-11,2021-12-28,380,top_3,0.2146002941046068
cac40_full,23,250,1.4 HCAL Flag,test,2021-10-29,2021-01-11,2021-12-28,380,top_6,0.34259595651779323
cac40_full,23,250,1.4 HCAL Flag,test,2021-10-29,2021-01-11,2021-12-28,380,flag_nested,0.19942644307800292
cac40_full,23,250,1.4 HCAL Flag,test,2021-11-18,2021-01-29,2022-01-17,381,market_1,0.03658365581924483
cac40_full,23,250,1.4 HCAL Flag,test,2021-11-18,2021-01-29,2022-01-17,381,block_2_3,0.2560187196349031
cac40_full,23,250,1.4 HCAL Flag,test,2021-11-18,2021-01-29,2022-01-17,381,block_4_6,0.5054324674768209
cac40_full,23,250,1.4 HCAL Flag,test,2021-11-18,2021-01-29,2022-01-17,381,top_3,0.17773738493322253
cac40_full,23,250,1.4 HCAL Flag,test,2021-11-18,2021-01-29,2022-01-17,381,top_6,0.26974716487449424
cac40_full,23,250,1.4 HCAL Flag,test,2021-11-18,2021-01-29,2022-01-17,381,flag_nested,0.16135606854232054
cac40_full,23,250,1.4 HCAL Flag,test,2021-12-08,2021-02-18,2022-02-04,382,market_1,0.03424497403269955
cac40_full,23,250,1.4 HCAL Flag,test,2021-12-08,2021-02-18,2022-02-04,382,block_2_3,0.2732962959424877
cac40_full,23,250,1.4 HCAL Flag,test,2021-12-08,2021-02-18,2022-02-04,382,block_4_6,0.5354976626422535
cac40_full,23,250,1.4 HCAL Flag,test,2021-12-08,2021-02-18,2022-02-04,382,top_3,0.18315193844925007
cac40_full,23,250,1.4 HCAL Flag,test,2021-12-08,2021-02-18,2022-02-04,382,top_6,0.28533127470361846
cac40_full,23,250,1.4 HCAL Flag,test,2021-12-08,2021-02-18,2022-02-04,382,flag_nested,0.16757606239518938
cac40_full,23,250,1.4 HCAL Flag,test,2021-12-28,2021-03-10,2022-02-24,383,market_1,0.02605484423714932
cac40_full,23,250,1.4 HCAL Flag,test,2021-12-28,2021-03-10,2022-02-24,383,block_2_3,0.23596398204561864
cac40_full,23,250,1.4 HCAL Flag,test,2021-12-28,2021-03-10,2022-02-24,383,block_4_6,0.48725499840972814
cac40_full,23,250,1.4 HCAL Flag,test,2021-12-28,2021-03-10,2022-02-24,383,top_3,0.1612227515035157
cac40_full,23,250,1.4 HCAL Flag,test,2021-12-28,2021-03-10,2022-02-24,383,top_6,0.26028651982678525
cac40_full,23,250,1.4 HCAL Flag,test,2021-12-28,2021-03-10,2022-02-24,383,flag_nested,0.1491880385224834
cac40_full,23,250,1.4 HCAL Flag,test,2022-01-17,2021-03-30,2022-03-16,384,market_1,0.026038106809465167
cac40_full,23,250,1.4 HCAL Flag,test,2022-01-17,2021-03-30,2022-03-16,384,block_2_3,0.21859530635458158
cac40_full,23,250,1.4 HCAL Flag,test,2022-01-17,2021-03-30,2022-03-16,384,block_4_6,0.5054797765375819
cac40_full,23,250,1.4 HCAL Flag,test,2022-01-17,2021-03-30,2022-03-16,384,top_3,0.15280690455737536
cac40_full,23,250,1.4 HCAL Flag,test,2022-01-17,2021-03-30,2022-03-16,384,top_6,0.274594278907437
cac40_full,23,250,1.4 HCAL Flag,test,2022-01-17,2021-03-30,2022-03-16,384,flag_nested,0.15114643009142584
cac40_full,23,250,1.4 HCAL Flag,test,2022-02-04,2021-04-21,2022-04-05,385,market_1,0.04220689938719757
cac40_full,23,250,1.4 HCAL Flag,test,2022-02-04,2021-04-21,2022-04-05,385,block_2_3,0.22526807457858566
cac40_full,23,250,1.4 HCAL Flag,test,2022-02-04,2021-04-21,2022-04-05,385,block_4_6,0.5349153175675512
cac40_full,23,250,1.4 HCAL Flag,test,2022-02-04,2021-04-21,2022-04-05,385,top_3,0.16343868425526006
cac40_full,23,250,1.4 HCAL Flag,test,2022-02-04,2021-04-21,2022-04-05,385,top_6,0.2910849591787114
cac40_full,23,250,1.4 HCAL Flag,test,2022-02-04,2021-04-21,2022-04-05,385,flag_nested,0.16557684760705635
cac40_full,23,250,1.4 HCAL Flag,test,2022-02-24,2021-05-11,2022-04-27,386,market_1,0.03838401130995561
cac40_full,23,250,1.4 HCAL Flag,test,2022-02-24,2021-05-11,2022-04-27,386,block_2_3,0.22017702581615484
cac40_full,23,250,1.4 HCAL Flag,test,2022-02-24,2021-05-11,2022-04-27,386,block_4_6,0.6199668861921753
cac40_full,23,250,1.4 HCAL Flag,test,2022-02-24,2021-05-11,2022-04-27,386,top_3,0.1580894112503648
cac40_full,23,250,1.4 HCAL Flag,test,2022-02-24,2021-05-11,2022-04-27,386,top_6,0.3476115109245755
cac40_full,23,250,1.4 HCAL Flag,test,2022-02-24,2021-05-11,2022-04-27,386,flag_nested,0.18136164449496528
cac40_full,23,250,1.4 HCAL Flag,test,2022-03-16,2021-05-31,2022-05-17,387,market_1,0.018649431867678645
cac40_full,23,250,1.4 HCAL Flag,test,2022-03-16,2021-05-31,2022-05-17,387,block_2_3,0.2519834106021085
cac40_full,23,250,1.4 HCAL Flag,test,2022-03-16,2021-05-31,2022-05-17,387,block_4_6,0.5422268434117539
cac40_full,23,250,1.4 HCAL Flag,test,2022-03-16,2021-05-31,2022-05-17,387,top_3,0.17235483291444856
cac40_full,23,250,1.4 HCAL Flag,test,2022-03-16,2021-05-31,2022-05-17,387,top_6,0.3156202285345751
cac40_full,23,250,1.4 HCAL Flag,test,2022-03-16,2021-05-31,2022-05-17,387,flag_nested,0.16887483110556745
cac40_full,23,250,1.4 HCAL Flag,test,2022-04-05,2021-06-18,2022-06-06,388,market_1,0.015956256914087863
cac40_full,23,250,1.4 HCAL Flag,test,2022-04-05,2021-06-18,2022-06-06,388,block_2_3,0.2499660063130268
cac40_full,23,250,1.4 HCAL Flag,test,2022-04-05,2021-06-18,2022-06-06,388,block_4_6,0.47498309320492127
cac40_full,23,250,1.4 HCAL Flag,test,2022-04-05,2021-06-18,2022-06-06,388,top_3,0.17023444958998515
cac40_full,23,250,1.4 HCAL Flag,test,2022-04-05,2021-06-18,2022-06-06,388,top_6,0.2777363730361769
cac40_full,23,250,1.4 HCAL Flag,test,2022-04-05,2021-06-18,2022-06-06,388,flag_nested,0.15464235984674998
cac40_full,23,250,1.4 HCAL Flag,test,2022-04-27,2021-07-08,2022-06-24,389,market_1,0.016776913479151223
cac40_full,23,250,1.4 HCAL Flag,test,2022-04-27,2021-07-08,2022-06-24,389,block_2_3,0.2441906436264677
cac40_full,23,250,1.4 HCAL Flag,test,2022-04-27,2021-07-08,2022-06-24,389,block_4_6,0.46355227716911335
cac40_full,23,250,1.4 HCAL Flag,test,2022-04-27,2021-07-08,2022-06-24,389,top_3,0.16764052256174264
cac40_full,23,250,1.4 HCAL Flag,test,2022-04-27,2021-07-08,2022-06-24,389,top_6,0.268802414825962
cac40_full,23,250,1.4 HCAL Flag,test,2022-04-27,2021-07-08,2022-06-24,389,flag_nested,0.1510732836222853
cac40_full,23,250,1.4 HCAL Flag,test,2022-05-17,2021-07-28,2022-07-14,390,market_1,0.018605152189686835
cac40_full,23,250,1.4 HCAL Flag,test,2022-05-17,2021-07-28,2022-07-14,390,block_2_3,0.21351196452251775
cac40_full,23,250,1.4 HCAL Flag,test,2022-05-17,2021-07-28,2022-07-14,390,block_4_6,0.5579229182257279
cac40_full,23,250,1.4 HCAL Flag,test,2022-05-17,2021-07-28,2022-07-14,390,top_3,0.14789683636768158
cac40_full,23,250,1.4 HCAL Flag,test,2022-05-17,2021-07-28,2022-07-14,390,top_6,0.3206655418154054
cac40_full,23,250,1.4 HCAL Flag,test,2022-05-17,2021-07-28,2022-07-14,390,flag_nested,0.1623891767909246
cac40_full,23,250,1.4 HCAL Flag,test,2022-06-06,2021-08-17,2022-08-03,391,market_1,0.021089790701427802
cac40_full,23,250,1.4 HCAL Flag,test,2022-06-06,2021-08-17,2022-08-03,391,block_2_3,0.2464706188169985
cac40_full,23,250,1.4 HCAL Flag,test,2022-06-06,2021-08-17,2022-08-03,391,block_4_6,0.46516353344984224
cac40_full,23,250,1.4 HCAL Flag,test,2022-06-06,2021-08-17,2022-08-03,391,top_3,0.17033484099210336
cac40_full,23,250,1.4 HCAL Flag,test,2022-06-06,2021-08-17,2022-08-03,391,top_6,0.27124387446145004
cac40_full,23,250,1.4 HCAL Flag,test,2022-06-06,2021-08-17,2022-08-03,391,flag_nested,0.15422283538499373
cac40_full,23,250,1.4 HCAL Flag,test,2022-06-24,2021-09-06,2022-08-23,392,market_1,0.01950415856161647
cac40_full,23,250,1.4 HCAL Flag,test,2022-06-24,2021-09-06,2022-08-23,392,block_2_3,0.31740212886901575
cac40_full,23,250,1.4 HCAL Flag,test,2022-06-24,2021-09-06,2022-08-23,392,block_4_6,0.5258964861372494
cac40_full,23,250,1.4 HCAL Flag,test,2022-06-24,2021-09-06,2022-08-23,392,top_3,0.21645186455715462
cac40_full,23,250,1.4 HCAL Flag,test,2022-06-24,2021-09-06,2022-08-23,392,top_6,0.2761629352408373
cac40_full,23,250,1.4 HCAL Flag,test,2022-06-24,2021-09-06,2022-08-23,392,flag_nested,0.1707063194532028
cac40_full,23,250,1.4 HCAL Flag,test,2022-07-14,2021-09-24,2022-09-12,393,market_1,0.02052144292464808
cac40_full,23,250,1.4 HCAL Flag,test,2022-07-14,2021-09-24,2022-09-12,393,block_2_3,0.2957652476733066
cac40_full,23,250,1.4 HCAL Flag,test,2022-07-14,2021-09-24,2022-09-12,393,block_4_6,0.5239755500472251
cac40_full,23,250,1.4 HCAL Flag,test,2022-07-14,2021-09-24,2022-09-12,393,top_3,0.2015217228604659
cac40_full,23,250,1.4 HCAL Flag,test,2022-07-14,2021-09-24,2022-09-12,393,top_6,0.2721341654433897
cac40_full,23,250,1.4 HCAL Flag,test,2022-07-14,2021-09-24,2022-09-12,393,flag_nested,0.1647257770761679
cac40_full,23,250,1.4 HCAL Flag,test,2022-08-03,2021-10-14,2022-09-30,394,market_1,0.016639232893986833
cac40_full,23,250,1.4 HCAL Flag,test,2022-08-03,2021-10-14,2022-09-30,394,block_2_3,0.28485407544431296
cac40_full,23,250,1.4 HCAL Flag,test,2022-08-03,2021-10-14,2022-09-30,394,block_4_6,0.5067629813031207
cac40_full,23,250,1.4 HCAL Flag,test,2022-08-03,2021-10-14,2022-09-30,394,top_3,0.19453217975718898
cac40_full,23,250,1.4 HCAL Flag,test,2022-08-03,2021-10-14,2022-09-30,394,top_6,0.27440774797931705
cac40_full,23,250,1.4 HCAL Flag,test,2022-08-03,2021-10-14,2022-09-30,394,flag_nested,0.1618597202101643
cac40_full,23,250,1.4 HCAL Flag,test,2022-08-23,2021-11-03,2022-10-20,395,market_1,0.01791831290891277
cac40_full,23,250,1.4 HCAL Flag,test,2022-08-23,2021-11-03,2022-10-20,395,block_2_3,0.31855521309066515
cac40_full,23,250,1.4 HCAL Flag,test,2022-08-23,2021-11-03,2022-10-20,395,block_4_6,0.421431383715555
cac40_full,23,250,1.4 HCAL Flag,test,2022-08-23,2021-11-03,2022-10-20,395,top_3,0.2179208072372556
cac40_full,23,250,1.4 HCAL Flag,test,2022-08-23,2021-11-03,2022-10-20,395,top_6,0.21113382162317182
cac40_full,23,250,1.4 HCAL Flag,test,2022-08-23,2021-11-03,2022-10-20,395,flag_nested,0.14899098058978008
cac40_full,23,250,1.4 HCAL Flag,test,2022-09-12,2021-11-23,2022-11-09,396,market_1,0.017358080186586355
cac40_full,23,250,1.4 HCAL Flag,test,2022-09-12,2021-11-23,2022-11-09,396,block_2_3,0.3760228766653657
cac40_full,23,250,1.4 HCAL Flag,test,2022-09-12,2021-11-23,2022-11-09,396,block_4_6,0.5641685833272883
cac40_full,23,250,1.4 HCAL Flag,test,2022-09-12,2021-11-23,2022-11-09,396,top_3,0.25625806681914254
cac40_full,23,250,1.4 HCAL Flag,test,2022-09-12,2021-11-23,2022-11-09,396,top_6,0.278509348857565
cac40_full,23,250,1.4 HCAL Flag,test,2022-09-12,2021-11-23,2022-11-09,396,flag_nested,0.18404183195443133
cac40_full,23,250,1.4 HCAL Flag,test,2022-09-30,2021-12-13,2022-11-29,397,market_1,0.01864003229174349
cac40_full,23,250,1.4 HCAL Flag,test,2022-09-30,2021-12-13,2022-11-29,397,block_2_3,0.3978622596344735
cac40_full,23,250,1.4 HCAL Flag,test,2022-09-30,2021-12-13,2022-11-29,397,block_4_6,0.551581473472121
cac40_full,23,250,1.4 HCAL Flag,test,2022-09-30,2021-12-13,2022-11-29,397,top_3,0.27110477474658595
cac40_full,23,250,1.4 HCAL Flag,test,2022-09-30,2021-12-13,2022-11-29,397,top_6,0.28343458793228365
cac40_full,23,250,1.4 HCAL Flag,test,2022-09-30,2021-12-13,2022-11-29,397,flag_nested,0.1910597983235377
cac40_full,23,250,1.4 HCAL Flag,test,2022-10-20,2021-12-31,2022-12-19,398,market_1,0.008879921008667413
cac40_full,23,250,1.4 HCAL Flag,test,2022-10-20,2021-12-31,2022-12-19,398,block_2_3,0.4671149937187552
cac40_full,23,250,1.4 HCAL Flag,test,2022-10-20,2021-12-31,2022-12-19,398,block_4_6,0.6199238416371535
cac40_full,23,250,1.4 HCAL Flag,test,2022-10-20,2021-12-31,2022-12-19,398,top_3,0.31427272297507036
cac40_full,23,250,1.4 HCAL Flag,test,2022-10-20,2021-12-31,2022-12-19,398,top_6,0.3213349038958652
cac40_full,23,250,1.4 HCAL Flag,test,2022-10-20,2021-12-31,2022-12-19,398,flag_nested,0.21482918262653436
cac40_full,23,250,1.4 HCAL Flag,test,2022-11-09,2022-01-20,2023-01-09,399,market_1,0.008436536566510666
cac40_full,23,250,1.4 HCAL Flag,test,2022-11-09,2022-01-20,2023-01-09,399,block_2_3,0.4791335015749272
cac40_full,23,250,1.4 HCAL Flag,test,2022-11-09,2022-01-20,2023-01-09,399,block_4_6,0.5848170507452589
cac40_full,23,250,1.4 HCAL Flag,test,2022-11-09,2022-01-20,2023-01-09,399,top_3,0.3221509499315343
cac40_full,23,250,1.4 HCAL Flag,test,2022-11-09,2022-01-20,2023-01-09,399,top_6,0.30519581578819244
cac40_full,23,250,1.4 HCAL Flag,test,2022-11-09,2022-01-20,2023-01-09,399,flag_nested,0.21192776742874578
cac40_full,23,250,1.4 HCAL Flag,test,2022-11-29,2022-02-09,2023-01-27,400,market_1,0.016332448736583682
cac40_full,23,250,1.4 HCAL Flag,test,2022-11-29,2022-02-09,2023-01-27,400,block_2_3,0.45984855451609574
cac40_full,23,250,1.4 HCAL Flag,test,2022-11-29,2022-02-09,2023-01-27,400,block_4_6,0.5889179994536818
cac40_full,23,250,1.4 HCAL Flag,test,2022-11-29,2022-02-09,2023-01-27,400,top_3,0.3118631198341794
cac40_full,23,250,1.4 HCAL Flag,test,2022-11-29,2022-02-09,2023-01-27,400,top_6,0.32903029075441487
cac40_full,23,250,1.4 HCAL Flag,test,2022-11-29,2022-02-09,2023-01-27,400,flag_nested,0.219075286441726
cac40_full,23,250,1.4 HCAL Flag,test,2022-12-19,2022-03-01,2023-02-16,401,market_1,0.02095643802779934
cac40_full,23,250,1.4 HCAL Flag,test,2022-12-19,2022-03-01,2023-02-16,401,block_2_3,0.4937102591643888
cac40_full,23,250,1.4 HCAL Flag,test,2022-12-19,2022-03-01,2023-02-16,401,block_4_6,0.6244749345858119
cac40_full,23,250,1.4 HCAL Flag,test,2022-12-19,2022-03-01,2023-02-16,401,top_3,0.3356450538142977
cac40_full,23,250,1.4 HCAL Flag,test,2022-12-19,2022-03-01,2023-02-16,401,top_6,0.33396490888273483
cac40_full,23,250,1.4 HCAL Flag,test,2022-12-19,2022-03-01,2023-02-16,401,flag_nested,0.23018880024161062
cac40_full,23,250,1.4 HCAL Flag,test,2023-01-09,2022-03-21,2023-03-08,402,market_1,0.01987951776918817
cac40_full,23,250,1.4 HCAL Flag,test,2023-01-09,2022-03-21,2023-03-08,402,block_2_3,0.4919643574858208
cac40_full,23,250,1.4 HCAL Flag,test,2023-01-09,2022-03-21,2023-03-08,402,block_4_6,0.615977663202042
cac40_full,23,250,1.4 HCAL Flag,test,2023-01-09,2022-03-21,2023-03-08,402,top_3,0.33289546153763866
cac40_full,23,250,1.4 HCAL Flag,test,2023-01-09,2022-03-21,2023-03-08,402,top_6,0.32316005651501545
cac40_full,23,250,1.4 HCAL Flag,test,2023-01-09,2022-03-21,2023-03-08,402,flag_nested,0.22531167860728077
cac40_full,23,250,1.4 HCAL Flag,test,2023-01-27,2022-04-08,2023-03-28,403,market_1,0.01726101473250352
cac40_full,23,250,1.4 HCAL Flag,test,2023-01-27,2022-04-08,2023-03-28,403,block_2_3,0.5254893586300915
cac40_full,23,250,1.4 HCAL Flag,test,2023-01-27,2022-04-08,2023-03-28,403,block_4_6,0.576980213219815
cac40_full,23,250,1.4 HCAL Flag,test,2023-01-27,2022-04-08,2023-03-28,403,top_3,0.3557177584397338
cac40_full,23,250,1.4 HCAL Flag,test,2023-01-27,2022-04-08,2023-03-28,403,top_6,0.31883912985537427
cac40_full,23,250,1.4 HCAL Flag,test,2023-01-27,2022-04-08,2023-03-28,403,flag_nested,0.23060596767587052
cac40_full,23,250,1.4 HCAL Flag,test,2023-02-16,2022-05-02,2023-04-19,404,market_1,0.011319926912550127
cac40_full,23,250,1.4 HCAL Flag,test,2023-02-16,2022-05-02,2023-04-19,404,block_2_3,0.6106827368354738
cac40_full,23,250,1.4 HCAL Flag,test,2023-02-16,2022-05-02,2023-04-19,404,block_4_6,0.697322974375072
cac40_full,23,250,1.4 HCAL Flag,test,2023-02-16,2022-05-02,2023-04-19,404,top_3,0.40982696296833976
cac40_full,23,250,1.4 HCAL Flag,test,2023-02-16,2022-05-02,2023-04-19,404,top_6,0.3546823362189671
cac40_full,23,250,1.4 HCAL Flag,test,2023-02-16,2022-05-02,2023-04-19,404,flag_nested,0.25860974203328563
cac40_full,23,250,1.4 HCAL Flag,test,2023-03-08,2022-05-20,2023-05-10,405,market_1,0.01593778749727015
cac40_full,23,250,1.4 HCAL Flag,test,2023-03-08,2022-05-20,2023-05-10,405,block_2_3,0.6234313020158503
cac40_full,23,250,1.4 HCAL Flag,test,2023-03-08,2022-05-20,2023-05-10,405,block_4_6,0.693147758602564
cac40_full,23,250,1.4 HCAL Flag,test,2023-03-08,2022-05-20,2023-05-10,405,top_3,0.4198623268575856
cac40_full,23,250,1.4 HCAL Flag,test,2023-03-08,2022-05-20,2023-05-10,405,top_6,0.32883904790861324
cac40_full,23,250,1.4 HCAL Flag,test,2023-03-08,2022-05-20,2023-05-10,405,flag_nested,0.25487972075448967
cac40_full,23,250,1.4 HCAL Flag,test,2023-03-28,2022-06-09,2023-05-30,406,market_1,0.020805938583862038
cac40_full,23,250,1.4 HCAL Flag,test,2023-03-28,2022-06-09,2023-05-30,406,block_2_3,0.4290812463607535
cac40_full,23,250,1.4 HCAL Flag,test,2023-03-28,2022-06-09,2023-05-30,406,block_4_6,0.6383154721807206
cac40_full,23,250,1.4 HCAL Flag,test,2023-03-28,2022-06-09,2023-05-30,406,top_3,0.2913359986326684
cac40_full,23,250,1.4 HCAL Flag,test,2023-03-28,2022-06-09,2023-05-30,406,top_6,0.3454475355421743
cac40_full,23,250,1.4 HCAL Flag,test,2023-03-28,2022-06-09,2023-05-30,406,flag_nested,0.21919649091956825
cac40_full,23,250,1.4 HCAL Flag,test,2023-04-19,2022-06-29,2023-06-19,407,market_1,0.021337640605533226
cac40_full,23,250,1.4 HCAL Flag,test,2023-04-19,2022-06-29,2023-06-19,407,block_2_3,0.38945790505339406
cac40_full,23,250,1.4 HCAL Flag,test,2023-04-19,2022-06-29,2023-06-19,407,block_4_6,0.47876478560753766
cac40_full,23,250,1.4 HCAL Flag,test,2023-04-19,2022-06-29,2023-06-19,407,top_3,0.26535339315036977
cac40_full,23,250,1.4 HCAL Flag,test,2023-04-19,2022-06-29,2023-06-19,407,top_6,0.29823378111301047
cac40_full,23,250,1.4 HCAL Flag,test,2023-04-19,2022-06-29,2023-06-19,407,flag_nested,0.19497493828963783
cac40_full,23,250,1.4 HCAL Flag,test,2023-05-10,2022-07-19,2023-07-07,408,market_1,0.01759946858926298
cac40_full,23,250,1.4 HCAL Flag,test,2023-05-10,2022-07-19,2023-07-07,408,block_2_3,0.5753464619139336
cac40_full,23,250,1.4 HCAL Flag,test,2023-05-10,2022-07-19,2023-07-07,408,block_4_6,0.5081412303194569
cac40_full,23,250,1.4 HCAL Flag,test,2023-05-10,2022-07-19,2023-07-07,408,top_3,0.3886081614827177
cac40_full,23,250,1.4 HCAL Flag,test,2023-05-10,2022-07-19,2023-07-07,408,top_6,0.24282426480310448
cac40_full,23,250,1.4 HCAL Flag,test,2023-05-10,2022-07-19,2023-07-07,408,flag_nested,0.21634396495836172
cac40_full,23,250,1.4 HCAL Flag,test,2023-05-30,2022-08-08,2023-07-27,409,market_1,0.016851387644938542
cac40_full,23,250,1.4 HCAL Flag,test,2023-05-30,2022-08-08,2023-07-27,409,block_2_3,0.5849758438774155
cac40_full,23,250,1.4 HCAL Flag,test,2023-05-30,2022-08-08,2023-07-27,409,block_4_6,0.6008208993950214
cac40_full,23,250,1.4 HCAL Flag,test,2023-05-30,2022-08-08,2023-07-27,409,top_3,0.3954117374292039
cac40_full,23,250,1.4 HCAL Flag,test,2023-05-30,2022-08-08,2023-07-27,409,top_6,0.29821825550337566
cac40_full,23,250,1.4 HCAL Flag,test,2023-05-30,2022-08-08,2023-07-27,409,flag_nested,0.2368271268591727
cac40_full,23,250,1.4 HCAL Flag,test,2023-06-19,2022-08-26,2023-08-16,410,market_1,0.014947011141775435
cac40_full,23,250,1.4 HCAL Flag,test,2023-06-19,2022-08-26,2023-08-16,410,block_2_3,0.5552887692140236
cac40_full,23,250,1.4 HCAL Flag,test,2023-06-19,2022-08-26,2023-08-16,410,block_4_6,0.6383160779855885
cac40_full,23,250,1.4 HCAL Flag,test,2023-06-19,2022-08-26,2023-08-16,410,top_3,0.3744339641257055
cac40_full,23,250,1.4 HCAL Flag,test,2023-06-19,2022-08-26,2023-08-16,410,top_6,0.3147738331863776
cac40_full,23,250,1.4 HCAL Flag,test,2023-06-19,2022-08-26,2023-08-16,410,flag_nested,0.2347182694846195
cac40_full,23,250,1.4 HCAL Flag,test,2023-07-07,2022-09-15,2023-09-05,411,market_1,0.018195100199834946
cac40_full,23,250,1.4 HCAL Flag,test,2023-07-07,2022-09-15,2023-09-05,411,block_2_3,0.45196313630954343
cac40_full,23,250,1.4 HCAL Flag,test,2023-07-07,2022-09-15,2023-09-05,411,block_4_6,0.6075980465147949
cac40_full,23,250,1.4 HCAL Flag,test,2023-07-07,2022-09-15,2023-09-05,411,top_3,0.30543555973012165
cac40_full,23,250,1.4 HCAL Flag,test,2023-07-07,2022-09-15,2023-09-05,411,top_6,0.33152216693046793
cac40_full,23,250,1.4 HCAL Flag,test,2023-07-07,2022-09-15,2023-09-05,411,flag_nested,0.2183842756201415
cac40_full,23,250,1.4 HCAL Flag,test,2023-07-27,2022-10-05,2023-09-25,412,market_1,0.01835092945582506
cac40_full,23,250,1.4 HCAL Flag,test,2023-07-27,2022-10-05,2023-09-25,412,block_2_3,0.5535417786814605
cac40_full,23,250,1.4 HCAL Flag,test,2023-07-27,2022-10-05,2023-09-25,412,block_4_6,0.8029951737783034
cac40_full,23,250,1.4 HCAL Flag,test,2023-07-27,2022-10-05,2023-09-25,412,top_3,0.3749571562107054
cac40_full,23,250,1.4 HCAL Flag,test,2023-07-27,2022-10-05,2023-09-25,412,top_6,0.37750735070756924
cac40_full,23,250,1.4 HCAL Flag,test,2023-07-27,2022-10-05,2023-09-25,412,flag_nested,0.2569384787913666
cac40_full,23,250,1.4 HCAL Flag,test,2023-08-16,2022-10-25,2023-10-13,413,market_1,0.020664600700085467
cac40_full,23,250,1.4 HCAL Flag,test,2023-08-16,2022-10-25,2023-10-13,413,block_2_3,0.5880835222725493
cac40_full,23,250,1.4 HCAL Flag,test,2023-08-16,2022-10-25,2023-10-13,413,block_4_6,0.748384894357728
cac40_full,23,250,1.4 HCAL Flag,test,2023-08-16,2022-10-25,2023-10-13,413,top_3,0.39775214802051884
cac40_full,23,250,1.4 HCAL Flag,test,2023-08-16,2022-10-25,2023-10-13,413,top_6,0.34058525056635425
cac40_full,23,250,1.4 HCAL Flag,test,2023-08-16,2022-10-25,2023-10-13,413,flag_nested,0.25300066642898617
cac40_full,23,250,1.4 HCAL Flag,test,2023-09-05,2022-11-14,2023-11-02,414,market_1,0.017932096074815607
cac40_full,23,250,1.4 HCAL Flag,test,2023-09-05,2022-11-14,2023-11-02,414,block_2_3,0.4338689377306636
cac40_full,23,250,1.4 HCAL Flag,test,2023-09-05,2022-11-14,2023-11-02,414,block_4_6,0.5974311833958155
cac40_full,23,250,1.4 HCAL Flag,test,2023-09-05,2022-11-14,2023-11-02,414,top_3,0.29437845858257167
cac40_full,23,250,1.4 HCAL Flag,test,2023-09-05,2022-11-14,2023-11-02,414,top_6,0.3006425638737526
cac40_full,23,250,1.4 HCAL Flag,test,2023-09-05,2022-11-14,2023-11-02,414,flag_nested,0.20431770617704662
cac40_full,23,250,1.4 HCAL Flag,test,2023-09-25,2022-12-02,2023-11-22,415,market_1,0.0167125622857498
cac40_full,23,250,1.4 HCAL Flag,test,2023-09-25,2022-12-02,2023-11-22,415,block_2_3,0.39409739396340115
cac40_full,23,250,1.4 HCAL Flag,test,2023-09-25,2022-12-02,2023-11-22,415,block_4_6,0.7650839403892583
cac40_full,23,250,1.4 HCAL Flag,test,2023-09-25,2022-12-02,2023-11-22,415,top_3,0.2674955084628716
cac40_full,23,250,1.4 HCAL Flag,test,2023-09-25,2022-12-02,2023-11-22,415,top_6,0.3940434236848036
cac40_full,23,250,1.4 HCAL Flag,test,2023-09-25,2022-12-02,2023-11-22,415,flag_nested,0.22608383147780833
cac40_full,23,250,1.4 HCAL Flag,test,2023-10-13,2022-12-22,2023-12-12,416,market_1,0.01927156366638727
cac40_full,23,250,1.4 HCAL Flag,test,2023-10-13,2022-12-22,2023-12-12,416,block_2_3,0.38646594571376214
cac40_full,23,250,1.4 HCAL Flag,test,2023-10-13,2022-12-22,2023-12-12,416,block_4_6,0.6711915453614958
cac40_full,23,250,1.4 HCAL Flag,test,2023-10-13,2022-12-22,2023-12-12,416,top_3,0.26311162439892977
cac40_full,23,250,1.4 HCAL Flag,test,2023-10-13,2022-12-22,2023-12-12,416,top_6,0.3550430868939641
cac40_full,23,250,1.4 HCAL Flag,test,2023-10-13,2022-12-22,2023-12-12,416,flag_nested,0.21247542498642705
cac40_full,23,250,1.4 HCAL Flag,test,2023-11-02,2023-01-12,2024-01-04,417,market_1,0.01815431388446498
cac40_full,23,250,1.4 HCAL Flag,test,2023-11-02,2023-01-12,2024-01-04,417,block_2_3,0.4120886707888409
cac40_full,23,250,1.4 HCAL Flag,test,2023-11-02,2023-01-12,2024-01-04,417,block_4_6,0.5699760171690361
cac40_full,23,250,1.4 HCAL Flag,test,2023-11-02,2023-01-12,2024-01-04,417,top_3,0.279585337701804
cac40_full,23,250,1.4 HCAL Flag,test,2023-11-02,2023-01-12,2024-01-04,417,top_6,0.30695783425689643
cac40_full,23,250,1.4 HCAL Flag,test,2023-11-02,2023-01-12,2024-01-04,417,flag_nested,0.20156582861438846
cac40_full,23,250,1.4 HCAL Flag,test,2023-11-22,2023-02-01,2024-01-24,418,market_1,0.020587760686652357
cac40_full,23,250,1.4 HCAL Flag,test,2023-11-22,2023-02-01,2024-01-24,418,block_2_3,0.3922851525173816
cac40_full,23,250,1.4 HCAL Flag,test,2023-11-22,2023-02-01,2024-01-24,418,block_4_6,0.5606723387890785
cac40_full,23,250,1.4 HCAL Flag,test,2023-11-22,2023-02-01,2024-01-24,418,top_3,0.2675177978740324
cac40_full,23,250,1.4 HCAL Flag,test,2023-11-22,2023-02-01,2024-01-24,418,top_6,0.3001781797321077
cac40_full,23,250,1.4 HCAL Flag,test,2023-11-22,2023-02-01,2024-01-24,418,flag_nested,0.1960945794309308
cac40_full,23,250,1.4 HCAL Flag,test,2023-12-12,2023-02-21,2024-02-13,419,market_1,0.025958849217542213
cac40_full,23,250,1.4 HCAL Flag,test,2023-12-12,2023-02-21,2024-02-13,419,block_2_3,0.3797603424633559
cac40_full,23,250,1.4 HCAL Flag,test,2023-12-12,2023-02-21,2024-02-13,419,block_4_6,0.5130668943813389
cac40_full,23,250,1.4 HCAL Flag,test,2023-12-12,2023-02-21,2024-02-13,419,top_3,0.2605334580260104
cac40_full,23,250,1.4 HCAL Flag,test,2023-12-12,2023-02-21,2024-02-13,419,top_6,0.28915462721134827
cac40_full,23,250,1.4 HCAL Flag,test,2023-12-12,2023-02-21,2024-02-13,419,flag_nested,0.19188231148496696
cac40_full,23,250,1.4 HCAL Flag,test,2024-01-04,2023-03-13,2024-03-04,420,market_1,0.026484508305657406
cac40_full,23,250,1.4 HCAL Flag,test,2024-01-04,2023-03-13,2024-03-04,420,block_2_3,0.4025762835206056
cac40_full,23,250,1.4 HCAL Flag,test,2024-01-04,2023-03-13,2024-03-04,420,block_4_6,0.5528406256789135
cac40_full,23,250,1.4 HCAL Flag,test,2024-01-04,2023-03-13,2024-03-04,420,top_3,0.27533549418551645
cac40_full,23,250,1.4 HCAL Flag,test,2024-01-04,2023-03-13,2024-03-04,420,top_6,0.29002089980469004
cac40_full,23,250,1.4 HCAL Flag,test,2024-01-04,2023-03-13,2024-03-04,420,flag_nested,0.197280300765288
cac40_full,23,250,1.4 HCAL Flag,test,2024-01-24,2023-03-31,2024-03-22,421,market_1,0.019427733547487502
cac40_full,23,250,1.4 HCAL Flag,test,2024-01-24,2023-03-31,2024-03-22,421,block_2_3,0.4700791690694106
cac40_full,23,250,1.4 HCAL Flag,test,2024-01-24,2023-03-31,2024-03-22,421,block_4_6,0.4827320565674582
cac40_full,23,250,1.4 HCAL Flag,test,2024-01-24,2023-03-31,2024-03-22,421,top_3,0.31944660572479694
cac40_full,23,250,1.4 HCAL Flag,test,2024-01-24,2023-03-31,2024-03-22,421,top_6,0.2295845320417289
cac40_full,23,250,1.4 HCAL Flag,test,2024-01-24,2023-03-31,2024-03-22,421,flag_nested,0.18948629043800444
cac40_full,23,250,1.4 HCAL Flag,test,2024-02-13,2023-04-24,2024-04-15,422,market_1,0.019153008488936196
cac40_full,23,250,1.4 HCAL Flag,test,2024-02-13,2023-04-24,2024-04-15,422,block_2_3,0.5236714788848924
cac40_full,23,250,1.4 HCAL Flag,test,2024-02-13,2023-04-24,2024-04-15,422,block_4_6,0.6468289253397544
cac40_full,23,250,1.4 HCAL Flag,test,2024-02-13,2023-04-24,2024-04-15,422,top_3,0.3550651743521258
cac40_full,23,250,1.4 HCAL Flag,test,2024-02-13,2023-04-24,2024-04-15,422,top_6,0.3205776862019758
cac40_full,23,250,1.4 HCAL Flag,test,2024-02-13,2023-04-24,2024-04-15,422,flag_nested,0.23159862301434594
cac40_full,23,250,1.4 HCAL Flag,test,2024-03-04,2023-05-15,2024-05-06,423,market_1,0.021240155581910836
cac40_full,23,250,1.4 HCAL Flag,test,2024-03-04,2023-05-15,2024-05-06,423,block_2_3,0.495802548141965
cac40_full,23,250,1.4 HCAL Flag,test,2024-03-04,2023-05-15,2024-05-06,423,block_4_6,0.6902200840331029
cac40_full,23,250,1.4 HCAL Flag,test,2024-03-04,2023-05-15,2024-05-06,423,top_3,0.3370793335358678
cac40_full,23,250,1.4 HCAL Flag,test,2024-03-04,2023-05-15,2024-05-06,423,top_6,0.34625205043809754
cac40_full,23,250,1.4 HCAL Flag,test,2024-03-04,2023-05-15,2024-05-06,423,flag_nested,0.23485717985195873
cac40_full,23,250,1.4 HCAL Flag,test,2024-03-22,2023-06-02,2024-05-24,424,market_1,0.02735009851701775
cac40_full,23,250,1.4 HCAL Flag,test,2024-03-22,2023-06-02,2024-05-24,424,block_2_3,0.47570183267599986
cac40_full,23,250,1.4 HCAL Flag,test,2024-03-22,2023-06-02,2024-05-24,424,block_4_6,0.5902042743270041
cac40_full,23,250,1.4 HCAL Flag,test,2024-03-22,2023-06-02,2024-05-24,424,top_3,0.32604301064182967
cac40_full,23,250,1.4 HCAL Flag,test,2024-03-22,2023-06-02,2024-05-24,424,top_6,0.2864237934601128
cac40_full,23,250,1.4 HCAL Flag,test,2024-03-22,2023-06-02,2024-05-24,424,flag_nested,0.21327230087298674
cac40_full,23,250,1.4 HCAL Flag,test,2024-04-15,2023-06-22,2024-06-13,425,market_1,0.028708362538416354
cac40_full,23,250,1.4 HCAL Flag,test,2024-04-15,2023-06-22,2024-06-13,425,block_2_3,0.5278623432846345
cac40_full,23,250,1.4 HCAL Flag,test,2024-04-15,2023-06-22,2024-06-13,425,block_4_6,0.6266334863106001
cac40_full,23,250,1.4 HCAL Flag,test,2024-04-15,2023-06-22,2024-06-13,425,top_3,0.35830334526768676
cac40_full,23,250,1.4 HCAL Flag,test,2024-04-15,2023-06-22,2024-06-13,425,top_6,0.30259037018750606
cac40_full,23,250,1.4 HCAL Flag,test,2024-04-15,2023-06-22,2024-06-13,425,flag_nested,0.22986735933120306
cac40_full,23,250,1.4 HCAL Flag,test,2024-05-06,2023-07-12,2024-07-03,426,market_1,0.02680756220838776
cac40_full,23,250,1.4 HCAL Flag,test,2024-05-06,2023-07-12,2024-07-03,426,block_2_3,0.5009176762903886
cac40_full,23,250,1.4 HCAL Flag,test,2024-05-06,2023-07-12,2024-07-03,426,block_4_6,0.5499062199140995
cac40_full,23,250,1.4 HCAL Flag,test,2024-05-06,2023-07-12,2024-07-03,426,top_3,0.3382317351633577
cac40_full,23,250,1.4 HCAL Flag,test,2024-05-06,2023-07-12,2024-07-03,426,top_6,0.2716580885859063
cac40_full,23,250,1.4 HCAL Flag,test,2024-05-06,2023-07-12,2024-07-03,426,flag_nested,0.21223246198588389
cac40_full,23,250,1.4 HCAL Flag,test,2024-05-24,2023-08-01,2024-07-23,427,market_1,0.0199243402446041
cac40_full,23,250,1.4 HCAL Flag,test,2024-05-24,2023-08-01,2024-07-23,427,block_2_3,0.5168790704248867
cac40_full,23,250,1.4 HCAL Flag,test,2024-05-24,2023-08-01,2024-07-23,427,block_4_6,0.5625328752679578
cac40_full,23,250,1.4 HCAL Flag,test,2024-05-24,2023-08-01,2024-07-23,427,top_3,0.3472110661606735
cac40_full,23,250,1.4 HCAL Flag,test,2024-05-24,2023-08-01,2024-07-23,427,top_6,0.28557982602578463
cac40_full,23,250,1.4 HCAL Flag,test,2024-05-24,2023-08-01,2024-07-23,427,flag_nested,0.2175717441436874
cac40_full,23,250,1.4 HCAL Flag,test,2024-06-13,2023-08-21,2024-08-12,428,market_1,0.015348958780325272
cac40_full,23,250,1.4 HCAL Flag,test,2024-06-13,2023-08-21,2024-08-12,428,block_2_3,0.5080627563571718
cac40_full,23,250,1.4 HCAL Flag,test,2024-06-13,2023-08-21,2024-08-12,428,block_4_6,0.6240776563728825
cac40_full,23,250,1.4 HCAL Flag,test,2024-06-13,2023-08-21,2024-08-12,428,top_3,0.34213729014867433
cac40_full,23,250,1.4 HCAL Flag,test,2024-06-13,2023-08-21,2024-08-12,428,top_6,0.3133825698407686
cac40_full,23,250,1.4 HCAL Flag,test,2024-06-13,2023-08-21,2024-08-12,428,flag_nested,0.22362293958992274
cac40_full,23,250,1.4 HCAL Flag,test,2024-07-03,2023-09-08,2024-08-30,429,market_1,0.014841958249704135
cac40_full,23,250,1.4 HCAL Flag,test,2024-07-03,2023-09-08,2024-08-30,429,block_2_3,0.52224375339041
cac40_full,23,250,1.4 HCAL Flag,test,2024-07-03,2023-09-08,2024-08-30,429,block_4_6,0.590244063201624
cac40_full,23,250,1.4 HCAL Flag,test,2024-07-03,2023-09-08,2024-08-30,429,top_3,0.3522017966021211
cac40_full,23,250,1.4 HCAL Flag,test,2024-07-03,2023-09-08,2024-08-30,429,top_6,0.28131885139648166
cac40_full,23,250,1.4 HCAL Flag,test,2024-07-03,2023-09-08,2024-08-30,429,flag_nested,0.21612086874943562
cac40_full,23,250,1.4 HCAL Flag,test,2024-07-23,2023-09-28,2024-09-19,430,market_1,0.019552272519259617
cac40_full,23,250,1.4 HCAL Flag,test,2024-07-23,2023-09-28,2024-09-19,430,block_2_3,0.5665564712334705
cac40_full,23,250,1.4 HCAL Flag,test,2024-07-23,2023-09-28,2024-09-19,430,block_4_6,0.5991048742035332
cac40_full,23,250,1.4 HCAL Flag,test,2024-07-23,2023-09-28,2024-09-19,430,top_3,0.3813911701743473
cac40_full,23,250,1.4 HCAL Flag,test,2024-07-23,2023-09-28,2024-09-19,430,top_6,0.2962340930027283
cac40_full,23,250,1.4 HCAL Flag,test,2024-07-23,2023-09-28,2024-09-19,430,flag_nested,0.2323925118987784
cac40_full,23,250,1.4 HCAL Flag,test,2024-08-12,2023-10-18,2024-10-09,431,market_1,0.01670076227907913
cac40_full,23,250,1.4 HCAL Flag,test,2024-08-12,2023-10-18,2024-10-09,431,block_2_3,0.5466832952401302
cac40_full,23,250,1.4 HCAL Flag,test,2024-08-12,2023-10-18,2024-10-09,431,block_4_6,0.5216877215984761
cac40_full,23,250,1.4 HCAL Flag,test,2024-08-12,2023-10-18,2024-10-09,431,top_3,0.3686081889705099
cac40_full,23,250,1.4 HCAL Flag,test,2024-08-12,2023-10-18,2024-10-09,431,top_6,0.2714332429179633
cac40_full,23,250,1.4 HCAL Flag,test,2024-08-12,2023-10-18,2024-10-09,431,flag_nested,0.21891406472251743
cac40_full,23,250,1.4 HCAL Flag,test,2024-08-30,2023-11-07,2024-10-29,432,market_1,0.018236112902237478
cac40_full,23,250,1.4 HCAL Flag,test,2024-08-30,2023-11-07,2024-10-29,432,block_2_3,0.5932271140042078
cac40_full,23,250,1.4 HCAL Flag,test,2024-08-30,2023-11-07,2024-10-29,432,block_4_6,0.5758263276008848
cac40_full,23,250,1.4 HCAL Flag,test,2024-08-30,2023-11-07,2024-10-29,432,top_3,0.40122178019124105
cac40_full,23,250,1.4 HCAL Flag,test,2024-08-30,2023-11-07,2024-10-29,432,top_6,0.28137337589047845
cac40_full,23,250,1.4 HCAL Flag,test,2024-08-30,2023-11-07,2024-10-29,432,flag_nested,0.23361042299465232
cac40_full,23,250,1.4 HCAL Flag,test,2024-09-19,2023-11-27,2024-11-18,433,market_1,0.01985956957251933
cac40_full,23,250,1.4 HCAL Flag,test,2024-09-19,2023-11-27,2024-11-18,433,block_2_3,0.5898146252240635
cac40_full,23,250,1.4 HCAL Flag,test,2024-09-19,2023-11-27,2024-11-18,433,block_4_6,0.5784245270024123
cac40_full,23,250,1.4 HCAL Flag,test,2024-09-19,2023-11-27,2024-11-18,433,top_3,0.3980344195240551
cac40_full,23,250,1.4 HCAL Flag,test,2024-09-19,2023-11-27,2024-11-18,433,top_6,0.2842831088687025
cac40_full,23,250,1.4 HCAL Flag,test,2024-09-19,2023-11-27,2024-11-18,433,flag_nested,0.23405903265509231
cac40_full,23,250,1.4 HCAL Flag,test,2024-10-09,2023-12-15,2024-12-06,434,market_1,0.019267299276964467
cac40_full,23,250,1.4 HCAL Flag,test,2024-10-09,2023-12-15,2024-12-06,434,block_2_3,0.5267576712455979
cac40_full,23,250,1.4 HCAL Flag,test,2024-10-09,2023-12-15,2024-12-06,434,block_4_6,0.585708155689306
cac40_full,23,250,1.4 HCAL Flag,test,2024-10-09,2023-12-15,2024-12-06,434,top_3,0.3561666018507698
cac40_full,23,250,1.4 HCAL Flag,test,2024-10-09,2023-12-15,2024-12-06,434,top_6,0.3017596934703401
cac40_full,23,250,1.4 HCAL Flag,test,2024-10-09,2023-12-15,2024-12-06,434,flag_nested,0.22573119819935814
cac40_full,23,250,1.4 HCAL Flag,test,2024-10-29,2024-01-09,2024-12-30,435,market_1,0.017825372957923413
cac40_full,23,250,1.4 HCAL Flag,test,2024-10-29,2024-01-09,2024-12-30,435,block_2_3,0.5140366247877501
cac40_full,23,250,1.4 HCAL Flag,test,2024-10-29,2024-01-09,2024-12-30,435,block_4_6,0.5443280159063577
cac40_full,23,250,1.4 HCAL Flag,test,2024-10-29,2024-01-09,2024-12-30,435,top_3,0.3468504778069293
cac40_full,23,250,1.4 HCAL Flag,test,2024-10-29,2024-01-09,2024-12-30,435,top_6,0.30582852549554884
cac40_full,23,250,1.4 HCAL Flag,test,2024-10-29,2024-01-09,2024-12-30,435,flag_nested,0.22350145875346716
cac40_full,23,250,1.4 HCAL Flag,test,2024-11-18,2024-01-29,2025-01-20,436,market_1,0.01798547785868554
cac40_full,23,250,1.4 HCAL Flag,test,2024-11-18,2024-01-29,2025-01-20,436,block_2_3,0.5894959169158134
cac40_full,23,250,1.4 HCAL Flag,test,2024-11-18,2024-01-29,2025-01-20,436,block_4_6,0.6378606111240475
cac40_full,23,250,1.4 HCAL Flag,test,2024-11-18,2024-01-29,2025-01-20,436,top_3,0.3972933286284828
cac40_full,23,250,1.4 HCAL Flag,test,2024-11-18,2024-01-29,2025-01-20,436,top_6,0.31638309387690794
cac40_full,23,250,1.4 HCAL Flag,test,2024-11-18,2024-01-29,2025-01-20,436,flag_nested,0.24388730012135876
cac40_full,23,250,1.4 HCAL Flag,test,2024-12-06,2024-02-16,2025-02-07,437,market_1,0.01672634605553347
cac40_full,23,250,1.4 HCAL Flag,test,2024-12-06,2024-02-16,2025-02-07,437,block_2_3,0.5574834683537002
cac40_full,23,250,1.4 HCAL Flag,test,2024-12-06,2024-02-16,2025-02-07,437,block_4_6,0.6263466784240517
cac40_full,23,250,1.4 HCAL Flag,test,2024-12-06,2024-02-16,2025-02-07,437,top_3,0.37641964455832383
cac40_full,23,250,1.4 HCAL Flag,test,2024-12-06,2024-02-16,2025-02-07,437,top_6,0.3206706269347217
cac40_full,23,250,1.4 HCAL Flag,test,2024-12-06,2024-02-16,2025-02-07,437,flag_nested,0.23793887251619297
cac40_full,23,250,1.4 HCAL Flag,test,2024-12-30,2024-03-07,2025-02-27,438,market_1,0.020547638720291972
cac40_full,23,250,1.4 HCAL Flag,test,2024-12-30,2024-03-07,2025-02-27,438,block_2_3,0.5639874256252555
cac40_full,23,250,1.4 HCAL Flag,test,2024-12-30,2024-03-07,2025-02-27,438,block_4_6,0.6210544546188546
cac40_full,23,250,1.4 HCAL Flag,test,2024-12-30,2024-03-07,2025-02-27,438,top_3,0.38226008882488277
cac40_full,23,250,1.4 HCAL Flag,test,2024-12-30,2024-03-07,2025-02-27,438,top_6,0.31963622038510797
cac40_full,23,250,1.4 HCAL Flag,test,2024-12-30,2024-03-07,2025-02-27,438,flag_nested,0.24081464931009422
cac40_full,23,250,1.4 HCAL Flag,test,2025-01-20,2024-03-27,2025-03-19,439,market_1,0.021748076419982776
cac40_full,23,250,1.4 HCAL Flag,test,2025-01-20,2024-03-27,2025-03-19,439,block_2_3,0.5414983470225068
cac40_full,23,250,1.4 HCAL Flag,test,2025-01-20,2024-03-27,2025-03-19,439,block_4_6,0.6641821023623506
cac40_full,23,250,1.4 HCAL Flag,test,2025-01-20,2024-03-27,2025-03-19,439,top_3,0.36775433420179476
cac40_full,23,250,1.4 HCAL Flag,test,2025-01-20,2024-03-27,2025-03-19,439,top_6,0.3287202922405119
cac40_full,23,250,1.4 HCAL Flag,test,2025-01-20,2024-03-27,2025-03-19,439,flag_nested,0.23940756762076312
cac40_full,23,250,1.4 HCAL Flag,test,2025-02-07,2024-04-18,2025-04-08,440,market_1,0.018156915418923614
cac40_full,23,250,1.4 HCAL Flag,test,2025-02-07,2024-04-18,2025-04-08,440,block_2_3,0.5185451213722967
cac40_full,23,250,1.4 HCAL Flag,test,2025-02-07,2024-04-18,2025-04-08,440,block_4_6,0.6729723306751767
cac40_full,23,250,1.4 HCAL Flag,test,2025-02-07,2024-04-18,2025-04-08,440,top_3,0.351242396590655
cac40_full,23,250,1.4 HCAL Flag,test,2025-02-07,2024-04-18,2025-04-08,440,top_6,0.34969686026937996
cac40_full,23,250,1.4 HCAL Flag,test,2025-02-07,2024-04-18,2025-04-08,440,flag_nested,0.2396987240929862
cac40_full,23,250,1.4 HCAL Flag,test,2025-02-27,2024-05-09,2025-04-30,441,market_1,0.016164789340610053
cac40_full,23,250,1.4 HCAL Flag,test,2025-02-27,2024-05-09,2025-04-30,441,block_2_3,0.5155994503275958
cac40_full,23,250,1.4 HCAL Flag,test,2025-02-27,2024-05-09,2025-04-30,441,block_4_6,0.7721194405845105
cac40_full,23,250,1.4 HCAL Flag,test,2025-02-27,2024-05-09,2025-04-30,441,top_3,0.3479566186882395
cac40_full,23,250,1.4 HCAL Flag,test,2025-02-27,2024-05-09,2025-04-30,441,top_6,0.39843599323630735
cac40_full,23,250,1.4 HCAL Flag,test,2025-02-27,2024-05-09,2025-04-30,441,flag_nested,0.25418580042171895
cac40_full,23,250,1.4 HCAL Flag,test,2025-03-19,2024-05-29,2025-05-21,442,market_1,0.021949553229875574
cac40_full,23,250,1.4 HCAL Flag,test,2025-03-19,2024-05-29,2025-05-21,442,block_2_3,0.4267597413933738
cac40_full,23,250,1.4 HCAL Flag,test,2025-03-19,2024-05-29,2025-05-21,442,block_4_6,0.583502118201877
cac40_full,23,250,1.4 HCAL Flag,test,2025-03-19,2024-05-29,2025-05-21,442,top_3,0.2916687194241276
cac40_full,23,250,1.4 HCAL Flag,test,2025-03-19,2024-05-29,2025-05-21,442,top_6,0.3199433805428362
cac40_full,23,250,1.4 HCAL Flag,test,2025-03-19,2024-05-29,2025-05-21,442,flag_nested,0.21118721773227978
cac40_full,23,250,1.4 HCAL Flag,test,2025-04-08,2024-06-18,2025-06-10,443,market_1,0.021362834949529952
cac40_full,23,250,1.4 HCAL Flag,test,2025-04-08,2024-06-18,2025-06-10,443,block_2_3,0.4386116591518153
cac40_full,23,250,1.4 HCAL Flag,test,2025-04-08,2024-06-18,2025-06-10,443,block_4_6,0.6437660380025403
cac40_full,23,250,1.4 HCAL Flag,test,2025-04-08,2024-06-18,2025-06-10,443,top_3,0.2994301664359232
cac40_full,23,250,1.4 HCAL Flag,test,2025-04-08,2024-06-18,2025-06-10,443,top_6,0.3441769990987007
cac40_full,23,250,1.4 HCAL Flag,test,2025-04-08,2024-06-18,2025-06-10,443,flag_nested,0.2216566668280513
cac40_full,23,250,1.4 HCAL Flag,test,2025-04-30,2024-07-08,2025-06-30,444,market_1,0.03280898648475228
cac40_full,23,250,1.4 HCAL Flag,test,2025-04-30,2024-07-08,2025-06-30,444,block_2_3,0.4037300047050706
cac40_full,23,250,1.4 HCAL Flag,test,2025-04-30,2024-07-08,2025-06-30,444,block_4_6,0.6617113357708273
cac40_full,23,250,1.4 HCAL Flag,test,2025-04-30,2024-07-08,2025-06-30,444,top_3,0.2790306991425517
cac40_full,23,250,1.4 HCAL Flag,test,2025-04-30,2024-07-08,2025-06-30,444,top_6,0.3511388392604598
cac40_full,23,250,1.4 HCAL Flag,test,2025-04-30,2024-07-08,2025-06-30,444,flag_nested,0.2209928416292546
cac40_full,23,250,1.4 HCAL Flag,test,2025-05-21,2024-07-26,2025-07-18,445,market_1,0.03105638283253198
cac40_full,23,250,1.4 HCAL Flag,test,2025-05-21,2024-07-26,2025-07-18,445,block_2_3,0.40262213727821994
cac40_full,23,250,1.4 HCAL Flag,test,2025-05-21,2024-07-26,2025-07-18,445,block_4_6,0.5008653639594806
cac40_full,23,250,1.4 HCAL Flag,test,2025-05-21,2024-07-26,2025-07-18,445,top_3,0.2782544461395277
cac40_full,23,250,1.4 HCAL Flag,test,2025-05-21,2024-07-26,2025-07-18,445,top_6,0.27346001979531104
cac40_full,23,250,1.4 HCAL Flag,test,2025-05-21,2024-07-26,2025-07-18,445,flag_nested,0.19425694958912357
cac40_full,23,250,1.4 HCAL Flag,test,2025-06-10,2024-08-15,2025-08-07,446,market_1,0.035101203586513585
cac40_full,23,250,1.4 HCAL Flag,test,2025-06-10,2024-08-15,2025-08-07,446,block_2_3,0.40568544705320564
cac40_full,23,250,1.4 HCAL Flag,test,2025-06-10,2024-08-15,2025-08-07,446,block_4_6,0.6094599281424847
cac40_full,23,250,1.4 HCAL Flag,test,2025-06-10,2024-08-15,2025-08-07,446,top_3,0.281179567864893
cac40_full,23,250,1.4 HCAL Flag,test,2025-06-10,2024-08-15,2025-08-07,446,top_6,0.32405733743907145
cac40_full,23,250,1.4 HCAL Flag,test,2025-06-10,2024-08-15,2025-08-07,446,flag_nested,0.213446036296826
cac40_full,23,250,1.4 HCAL Flag,test,2025-06-30,2024-09-04,2025-08-27,447,market_1,0.026865985030807282
cac40_full,23,250,1.4 HCAL Flag,test,2025-06-30,2024-09-04,2025-08-27,447,block_2_3,0.4752803993282714
cac40_full,23,250,1.4 HCAL Flag,test,2025-06-30,2024-09-04,2025-08-27,447,block_4_6,0.6955391408127367
cac40_full,23,250,1.4 HCAL Flag,test,2025-06-30,2024-09-04,2025-08-27,447,top_3,0.3254321426335234
cac40_full,23,250,1.4 HCAL Flag,test,2025-06-30,2024-09-04,2025-08-27,447,top_6,0.34737298986902226
cac40_full,23,250,1.4 HCAL Flag,test,2025-06-30,2024-09-04,2025-08-27,447,flag_nested,0.23322370584445098
cac40_full,23,250,1.4 HCAL Flag,test,2025-07-18,2024-09-24,2025-09-16,448,market_1,0.032018491588071574
cac40_full,23,250,1.4 HCAL Flag,test,2025-07-18,2024-09-24,2025-09-16,448,block_2_3,0.4451420510804346
cac40_full,23,250,1.4 HCAL Flag,test,2025-07-18,2024-09-24,2025-09-16,448,block_4_6,0.638317626088488
cac40_full,23,250,1.4 HCAL Flag,test,2025-07-18,2024-09-24,2025-09-16,448,top_3,0.3072061757039862
cac40_full,23,250,1.4 HCAL Flag,test,2025-07-18,2024-09-24,2025-09-16,448,top_6,0.3509553574265966
cac40_full,23,250,1.4 HCAL Flag,test,2025-07-18,2024-09-24,2025-09-16,448,flag_nested,0.23006000823955144
cac40_full,23,250,1.4 HCAL Flag,test,2025-08-07,2024-10-14,2025-10-06,449,market_1,0.0317854694682741
cac40_full,23,250,1.4 HCAL Flag,test,2025-08-07,2024-10-14,2025-10-06,449,block_2_3,0.46037308268936816
cac40_full,23,250,1.4 HCAL Flag,test,2025-08-07,2024-10-14,2025-10-06,449,block_4_6,0.6959466279611849
cac40_full,23,250,1.4 HCAL Flag,test,2025-08-07,2024-10-14,2025-10-06,449,top_3,0.316687815709676
cac40_full,23,250,1.4 HCAL Flag,test,2025-08-07,2024-10-14,2025-10-06,449,top_6,0.3708953603879371
cac40_full,23,250,1.4 HCAL Flag,test,2025-08-07,2024-10-14,2025-10-06,449,flag_nested,0.2397895485219624
cac40_full,23,250,1.4 HCAL Flag,test,2025-08-27,2024-11-01,2025-10-24,450,market_1,0.027228424051414568
cac40_full,23,250,1.4 HCAL Flag,test,2025-08-27,2024-11-01,2025-10-24,450,block_2_3,0.4587246993164239
cac40_full,23,250,1.4 HCAL Flag,test,2025-08-27,2024-11-01,2025-10-24,450,block_4_6,0.7478079576404567
cac40_full,23,250,1.4 HCAL Flag,test,2025-08-27,2024-11-01,2025-10-24,450,top_3,0.31397989730059955
cac40_full,23,250,1.4 HCAL Flag,test,2025-08-27,2024-11-01,2025-10-24,450,top_6,0.3618991599123495
cac40_full,23,250,1.4 HCAL Flag,test,2025-08-27,2024-11-01,2025-10-24,450,flag_nested,0.23436916042145453
cac40_full,23,250,1.4 HCAL Flag,test,2025-09-16,2024-11-21,2025-11-13,451,market_1,0.03134768402997823
cac40_full,23,250,1.4 HCAL Flag,test,2025-09-16,2024-11-21,2025-11-13,451,block_2_3,0.5053578823285577
cac40_full,23,250,1.4 HCAL Flag,test,2025-09-16,2024-11-21,2025-11-13,451,block_4_6,0.7300567975592044
cac40_full,23,250,1.4 HCAL Flag,test,2025-09-16,2024-11-21,2025-11-13,451,top_3,0.34634662227066354
cac40_full,23,250,1.4 HCAL Flag,test,2025-09-16,2024-11-21,2025-11-13,451,top_6,0.34878868201483715
cac40_full,23,250,1.4 HCAL Flag,test,2025-09-16,2024-11-21,2025-11-13,451,flag_nested,0.24216099610515962
cac40_full,23,250,1.4 HCAL Flag,test,2025-10-06,2024-12-11,2025-12-03,452,market_1,0.02166752285572149
cac40_full,23,250,1.4 HCAL Flag,test,2025-10-06,2024-12-11,2025-12-03,452,block_2_3,0.5630264911274246
cac40_full,23,250,1.4 HCAL Flag,test,2025-10-06,2024-12-11,2025-12-03,452,block_4_6,0.8613148548325036
cac40_full,23,250,1.4 HCAL Flag,test,2025-10-06,2024-12-11,2025-12-03,452,top_3,0.3824615816152597
cac40_full,23,250,1.4 HCAL Flag,test,2025-10-06,2024-12-11,2025-12-03,452,top_6,0.3822846014888766
cac40_full,23,250,1.4 HCAL Flag,test,2025-10-06,2024-12-11,2025-12-03,452,flag_nested,0.2621379019866193
cac40_full,23,250,1.4 HCAL Flag,test,2025-10-24,2025-01-03,2025-12-23,453,market_1,0.031501068906262586
cac40_full,23,250,1.4 HCAL Flag,test,2025-10-24,2025-01-03,2025-12-23,453,block_2_3,0.4092964789646182
cac40_full,23,250,1.4 HCAL Flag,test,2025-10-24,2025-01-03,2025-12-23,453,block_4_6,0.634972224609539
cac40_full,23,250,1.4 HCAL Flag,test,2025-10-24,2025-01-03,2025-12-23,453,top_3,0.2825920879640524
cac40_full,23,250,1.4 HCAL Flag,test,2025-10-24,2025-01-03,2025-12-23,453,top_6,0.33709762871752985
cac40_full,23,250,1.4 HCAL Flag,test,2025-10-24,2025-01-03,2025-12-23,453,flag_nested,0.21706359519594828
cac40_full,23,250,1.4 HCAL Flag,test,2025-11-13,2025-01-23,2026-01-15,454,market_1,0.03209951965666058
cac40_full,23,250,1.4 HCAL Flag,test,2025-11-13,2025-01-23,2026-01-15,454,block_2_3,0.4000256694932286
cac40_full,23,250,1.4 HCAL Flag,test,2025-11-13,2025-01-23,2026-01-15,454,block_4_6,0.6872914974681453
cac40_full,23,250,1.4 HCAL Flag,test,2025-11-13,2025-01-23,2026-01-15,454,top_3,0.27620489058908665
cac40_full,23,250,1.4 HCAL Flag,test,2025-11-13,2025-01-23,2026-01-15,454,top_6,0.36688260233810127
cac40_full,23,250,1.4 HCAL Flag,test,2025-11-13,2025-01-23,2026-01-15,454,flag_nested,0.2250623375279495
cac40_full,23,250,1.4 HCAL Flag,test,2025-12-03,2025-02-12,2026-02-04,455,market_1,0.028805444620512044
cac40_full,23,250,1.4 HCAL Flag,test,2025-12-03,2025-02-12,2026-02-04,455,block_2_3,0.41655113838333135
cac40_full,23,250,1.4 HCAL Flag,test,2025-12-03,2025-02-12,2026-02-04,455,block_4_6,0.740359948736065
cac40_full,23,250,1.4 HCAL Flag,test,2025-12-03,2025-02-12,2026-02-04,455,top_3,0.2862180828319758
cac40_full,23,250,1.4 HCAL Flag,test,2025-12-03,2025-02-12,2026-02-04,455,top_6,0.3922050485896367
cac40_full,23,250,1.4 HCAL Flag,test,2025-12-03,2025-02-12,2026-02-04,455,flag_nested,0.23574285868070818
cac40_full,23,250,1.4 HCAL Flag,test,2025-12-23,2025-03-04,2026-02-24,456,market_1,0.029100191063976433
cac40_full,23,250,1.4 HCAL Flag,test,2025-12-23,2025-03-04,2026-02-24,456,block_2_3,0.38314397618641705
cac40_full,23,250,1.4 HCAL Flag,test,2025-12-23,2025-03-04,2026-02-24,456,block_4_6,0.6444235143671285
cac40_full,23,250,1.4 HCAL Flag,test,2025-12-23,2025-03-04,2026-02-24,456,top_3,0.26407321185215116
cac40_full,23,250,1.4 HCAL Flag,test,2025-12-23,2025-03-04,2026-02-24,456,top_6,0.3575703451348516
cac40_full,23,250,1.4 HCAL Flag,test,2025-12-23,2025-03-04,2026-02-24,456,flag_nested,0.21691458268365973
cac40_full,23,250,1.4 HCAL Flag,test,2026-01-15,2025-03-24,2026-03-16,457,market_1,0.030163911823877787
cac40_full,23,250,1.4 HCAL Flag,test,2026-01-15,2025-03-24,2026-03-16,457,block_2_3,0.41136753836066
cac40_full,23,250,1.4 HCAL Flag,test,2026-01-15,2025-03-24,2026-03-16,457,block_4_6,0.6256643816552653
cac40_full,23,250,1.4 HCAL Flag,test,2026-01-15,2025-03-24,2026-03-16,457,top_3,0.27969429762712084
cac40_full,23,250,1.4 HCAL Flag,test,2026-01-15,2025-03-24,2026-03-16,457,top_6,0.3652543229529142
cac40_full,23,250,1.4 HCAL Flag,test,2026-01-15,2025-03-24,2026-03-16,457,flag_nested,0.2250375108013043
cac40_full,23,250,1.4 HCAL Flag,test,2026-02-04,2025-04-11,2026-04-07,458,market_1,0.04209681846636559
cac40_full,23,250,1.4 HCAL Flag,test,2026-02-04,2025-04-11,2026-04-07,458,block_2_3,0.3295128914635289
cac40_full,23,250,1.4 HCAL Flag,test,2026-02-04,2025-04-11,2026-04-07,458,block_4_6,0.545759337654824
cac40_full,23,250,1.4 HCAL Flag,test,2026-02-04,2025-04-11,2026-04-07,458,top_3,0.22972216129145195
cac40_full,23,250,1.4 HCAL Flag,test,2026-02-04,2025-04-11,2026-04-07,458,top_6,0.3404476714577988
cac40_full,23,250,1.4 HCAL Flag,test,2026-02-04,2025-04-11,2026-04-07,458,flag_nested,0.20408888373853876
cac40_full,23,250,1.4 HCAL Flag,test,2026-02-24,2025-05-06,2026-04-27,459,market_1,0.04788296141945492
cac40_full,23,250,1.4 HCAL Flag,test,2026-02-24,2025-05-06,2026-04-27,459,block_2_3,0.30348343185616833
cac40_full,23,250,1.4 HCAL Flag,test,2026-02-24,2025-05-06,2026-04-27,459,block_4_6,0.5946907038880186
cac40_full,23,250,1.4 HCAL Flag,test,2026-02-24,2025-05-06,2026-04-27,459,top_3,0.2163517554561527
cac40_full,23,250,1.4 HCAL Flag,test,2026-02-24,2025-05-06,2026-04-27,459,top_6,0.361194342902266
cac40_full,23,250,1.4 HCAL Flag,test,2026-02-24,2025-05-06,2026-04-27,459,flag_nested,0.20847635325929118
cac40_full,23,250,1.4 HCAL Flag,test,2026-03-16,2025-05-26,2026-05-18,460,market_1,0.03469648690041516
cac40_full,23,250,1.4 HCAL Flag,test,2026-03-16,2025-05-26,2026-05-18,460,block_2_3,0.31558598830126805
cac40_full,23,250,1.4 HCAL Flag,test,2026-03-16,2025-05-26,2026-05-18,460,block_4_6,0.545563839191121
cac40_full,23,250,1.4 HCAL Flag,test,2026-03-16,2025-05-26,2026-05-18,460,top_3,0.2207176576853699
cac40_full,23,250,1.4 HCAL Flag,test,2026-03-16,2025-05-26,2026-05-18,460,top_6,0.333631365226376
cac40_full,23,250,1.4 HCAL Flag,test,2026-03-16,2025-05-26,2026-05-18,460,flag_nested,0.19634850327072031
cac40_full,23,250,1.4 HCAL Flag,test,2026-04-07,2025-06-13,2026-06-05,461,market_1,0.047264067607428295
cac40_full,23,250,1.4 HCAL Flag,test,2026-04-07,2025-06-13,2026-06-05,461,block_2_3,0.30837609809995525
cac40_full,23,250,1.4 HCAL Flag,test,2026-04-07,2025-06-13,2026-06-05,461,block_4_6,0.34214795488883104
cac40_full,23,250,1.4 HCAL Flag,test,2026-04-07,2025-06-13,2026-06-05,461,top_3,0.21619791104347952
cac40_full,23,250,1.4 HCAL Flag,test,2026-04-07,2025-06-13,2026-06-05,461,top_6,0.24819432847379078
cac40_full,23,250,1.4 HCAL Flag,test,2026-04-07,2025-06-13,2026-06-05,461,flag_nested,0.1705521023748995
cac40_full,23,250,1.4 HCAL Flag,test,2026-04-27,2025-07-03,2026-06-25,462,market_1,0.043816513522055955
cac40_full,23,250,1.4 HCAL Flag,test,2026-04-27,2025-07-03,2026-06-25,462,block_2_3,0.29052598293349163
cac40_full,23,250,1.4 HCAL Flag,test,2026-04-27,2025-07-03,2026-06-25,462,block_4_6,0.370184327467923
cac40_full,23,250,1.4 HCAL Flag,test,2026-04-27,2025-07-03,2026-06-25,462,top_3,0.2071854314223489
cac40_full,23,250,1.4 HCAL Flag,test,2026-04-27,2025-07-03,2026-06-25,462,top_6,0.2528455972590673
cac40_full,23,250,1.4 HCAL Flag,test,2026-04-27,2025-07-03,2026-06-25,462,flag_nested,0.16794918073449072
cac40_full,23,250,1.4 HCAL Flag,test,2026-05-18,2025-07-23,2026-07-15,463,market_1,0.04217117495597422
cac40_full,23,250,1.4 HCAL Flag,test,2026-05-18,2025-07-23,2026-07-15,463,block_2_3,0.31709252116276465
cac40_full,23,250,1.4 HCAL Flag,test,2026-05-18,2025-07-23,2026-07-15,463,block_4_6,0.35443558052002055
cac40_full,23,250,1.4 HCAL Flag,test,2026-05-18,2025-07-23,2026-07-15,463,top_3,0.22516200094864006
cac40_full,23,250,1.4 HCAL Flag,test,2026-05-18,2025-07-23,2026-07-15,463,top_6,0.23998577662673984
cac40_full,23,250,1.4 HCAL Flag,test,2026-05-18,2025-07-23,2026-07-15,463,flag_nested,0.16910631751045135
