label,N,T,example,estimator,split,current_date,target_window_start,target_date,relative_frobenius,gaussian_nll_per_asset,gmv_long_short_variance,gmv_long_short_annualised_volatility,gmv_long_only_variance,gmv_long_only_annualised_volatility,flag_market_1_loss,flag_top_3_loss,flag_top_6_loss,flag_nested_loss,raw_min_eigenvalue,raw_max_eigenvalue,raw_condition_number,score_eigenvalue_floor,n_eigenvalues_floored,score_condition_number,horizon,step
cac40_full,23,250,344,2.1 Sample covariance,test,2019-11-12,2019-11-13,2020-01-13,2.0952677119555827,-8.33818249573092,3.8776204746291816e-05,0.09885142182116319,2.9372549352844183e-05,0.08603419341701725,0.16984975530036095,0.13660525258847164,0.3977896722067542,0.23474822669852893,2.4173678818760145e-05,0.0026468890552807955,109.49467290955565,2.6468890552807956e-11,0,109.49467290955565,42,14
cac40_full,23,250,345,2.1 Sample covariance,test,2019-12-02,2019-12-03,2020-01-31,1.0245899769339804,-8.252075936177974,4.053742604747404e-05,0.10107141714631025,3.448317871626715e-05,0.09321888776690763,0.15658989038419324,0.3428660821970124,0.4949039312766322,0.33145330128594597,2.4820357656550954e-05,0.0024044231797856184,96.87302709560302,2.4044231797856186e-11,0,96.87302709560302,42,14
cac40_full,23,250,346,2.1 Sample covariance,test,2019-12-20,2019-12-23,2020-02-20,0.6526022247280427,-8.044519651154886,3.580771697056693e-05,0.09499234009425638,3.42017852576361e-05,0.09283776109387978,0.11716363846610411,0.3466778768757525,0.35638624665726465,0.2734092539997071,2.519197176840916e-05,0.0021691058175946354,86.10305844795775,2.1691058175946355e-11,0,86.10305844795775,42,14
cac40_full,23,250,347,2.1 Sample covariance,test,2020-01-13,2020-01-14,2020-03-11,0.8258535626718124,-6.837661815995021,0.00029177431925201714,0.27115886201912764,0.00028299519039853426,0.26704828773169587,0.08767127809584374,0.26913936691919665,0.40268649297619197,0.2531657126637441,2.4286668107120355e-05,0.0020117768818893734,82.83461827765339,2.0117768818893734e-11,0,82.83461827765339,42,14
cac40_full,23,250,348,2.1 Sample covariance,test,2020-01-31,2020-02-03,2020-03-31,0.9542398343276136,0.5850885625247549,0.0008568121265931107,0.4646683289201706,0.0008416152260870755,0.46052908374384244,0.17525707672450874,0.5121187893707525,0.49991462172085827,0.39576349593870647,2.1472731492080447e-05,0.0019495944581151027,90.79396623732525,1.9495944581151028e-11,0,90.79396623732525,42,14
cac40_full,23,250,349,2.1 Sample covariance,test,2020-02-20,2020-02-21,2020-04-22,0.9613908004742721,2.775262577134597,0.0009171042626039684,0.4807392995961533,0.0009158935754413872,0.48042187815630294,0.15665334965739586,0.588330299335153,0.5220422639112683,0.4223419709679391,2.3470635540518166e-05,0.0019205114223278682,81.82613628047793,1.9205114223278683e-11,0,81.82613628047793,42,14
cac40_full,23,250,350,2.1 Sample covariance,test,2020-03-11,2020-03-12,2020-05-13,0.9266353019634029,1.0672717747967189,0.0004239400268987725,0.3268530048484956,0.0006691368568816085,0.41063668605491804,0.17206522818369552,0.651119584103577,0.5715044596889873,0.4648964239920866,2.68770240961689e-05,0.0036197908680119283,134.67974933013136,3.619790868011928e-11,0,134.67974933013136,42,14
cac40_full,23,250,351,2.1 Sample covariance,test,2020-03-31,2020-04-01,2020-06-02,0.5773904902308284,-5.715441168822852,0.00017560726160075656,0.2103640414219851,0.0001930016045837459,0.22053662814848687,0.05158079305044094,0.36169081057127017,0.32187186892327685,0.24504782418166263,4.028782782057001e-05,0.00812784974888202,201.74455135881345,8.12784974888202e-11,0,201.74455135881345,42,14
cac40_full,23,250,352,2.1 Sample covariance,test,2020-04-22,2020-04-23,2020-06-22,0.4452686549080416,-6.60590172837418,0.00019871045538382448,0.22377451766616271,0.0001606296581833495,0.20119312578267698,0.05233796538288937,0.4089182688268727,0.2966034746031602,0.25261990293764075,4.355341841432203e-05,0.00930893167876197,213.7359596026758,9.30893167876197e-11,0,213.7359596026758,42,14
cac40_full,23,250,353,2.1 Sample covariance,test,2020-05-13,2020-05-14,2020-07-10,0.3976110792848966,-6.995806982215883,0.00018810088273890773,0.2177186773113523,0.0001642067767272453,0.20342101104671026,0.07788310114341246,0.35953903538239773,0.30642816079717,0.24795009910766005,4.5481067272980074e-05,0.009961487436967457,219.02492694769046,9.961487436967457e-11,0,219.02492694769046,42,14
cac40_full,23,250,354,2.1 Sample covariance,test,2020-06-02,2020-06-03,2020-07-30,0.48934002920171066,-7.328907989622046,0.00016395483027906106,0.2032648942398155,0.00014228316367818932,0.1893551088481737,0.06962948695074223,0.32312397274450344,0.29295643766244,0.2285699657858952,5.2050883794598545e-05,0.010641024770839886,204.43504500002615,1.0641024770839886e-10,0,204.43504500002615,42,14
cac40_full,23,250,355,2.1 Sample covariance,test,2020-06-22,2020-06-23,2020-08-19,1.3886492192486166,-7.439230398512112,0.0001286767552238954,0.18007371356314514,0.00010750561270910961,0.16459469737113533,0.058508022478503285,0.2629935822730669,0.3434796418748903,0.22166041554215346,5.495636483578828e-05,0.011362399304305411,206.75310927599915,1.1362399304305412e-10,0,206.75310927599915,42,14
cac40_full,23,250,356,2.1 Sample covariance,test,2020-07-10,2020-07-13,2020-09-08,1.9485316166022697,-7.445627085480071,0.00011668675899768664,0.17147904614680196,0.00010484475188718926,0.16254500138599062,0.050411685778472215,0.39076107412273214,0.28091607241105504,0.2406962774374198,5.578408778861723e-05,0.011667344821043294,209.1518438959581,1.1667344821043293e-10,0,209.1518438959581,42,14
cac40_full,23,250,357,2.1 Sample covariance,test,2020-07-30,2020-07-31,2020-09-28,1.2371817003594745,-7.382490197513679,0.0001022380252374914,0.16051162686811143,0.00010897701547724306,0.16571725287448272,0.10794409968634877,0.2728476143327807,0.2556615582144435,0.21215109074452432,5.2907523187459725e-05,0.01162707906321129,219.7623015164537,1.1627079063211291e-10,0,219.7623015164537,42,14
cac40_full,23,250,358,2.1 Sample covariance,test,2020-08-19,2020-08-20,2020-10-16,1.3304171326169973,-7.31396980421828,0.00010695522145724601,0.16417282298610203,9.692239247556986e-05,0.15628321376220675,0.13923237410850575,0.24595501029953373,0.20356227513186553,0.19624988651330166,5.514931016189775e-05,0.011717233121174002,212.4638202504544,1.1717233121174002e-10,0,212.4638202504544,42,14
cac40_full,23,250,359,2.1 Sample covariance,test,2020-09-08,2020-09-09,2020-11-05,0.879942170250669,-7.087573866161636,0.00013675377541943652,0.1856393045820254,0.0001389569390318886,0.18712869538378107,0.0895994084762406,0.31653205491978226,0.33931948145911023,0.24848364828504435,5.0022077038904203e-05,0.011769987938461296,235.29586604945047,1.1769987938461296e-10,0,235.29586604945047,42,14
cac40_full,23,250,360,2.1 Sample covariance,test,2020-09-28,2020-09-29,2020-11-25,0.5138733851070078,-6.932921078726063,0.0001616107095374035,0.2018065876115685,0.00018444137187477572,0.21559041192141054,0.16591336694974157,0.13073748334693658,0.32227919222176454,0.20631001417281425,5.236867158950655e-05,0.011982202840749098,228.80478876134123,1.1982202840749097e-10,0,228.80478876134123,42,14
cac40_full,23,250,361,2.1 Sample covariance,test,2020-10-16,2020-10-19,2020-12-15,0.504408463649448,-7.060724025009003,0.0001469447127574939,0.19243198178808132,0.00019060405091673565,0.2191625443158967,0.14132689782292518,0.36324088331154597,0.36314661703611556,0.2892381327235289,4.9416595004079944e-05,0.012017515953338784,243.18785930812496,1.2017515953338785e-10,0,243.18785930812496,42,14
cac40_full,23,250,362,2.1 Sample covariance,test,2020-11-05,2020-11-06,2021-01-06,0.7231207052687412,-7.249969410164071,0.0001237684001553486,0.17660587996764956,0.00014346592190538781,0.190140506784214,0.20216834702630393,0.21039070587122888,0.276534398573461,0.22969781715699797,5.260459678331851e-05,0.01244232177277433,236.5253710436181,1.244232177277433e-10,0,236.5253710436181,42,14
cac40_full,23,250,363,2.1 Sample covariance,test,2020-11-25,2020-11-26,2021-01-26,3.2509453793731957,-7.395287985215298,0.00010746808829508638,0.1645659692960904,7.300433626296571e-05,0.13563588293024584,0.15037750720872167,0.3937195081351464,0.3457874001031003,0.2966281384823228,5.5418394785747445e-05,0.013559964374817062,244.6834562285883,1.3559964374817063e-10,0,244.6834562285883,42,14
cac40_full,23,250,364,2.1 Sample covariance,test,2020-12-15,2020-12-16,2021-02-15,3.0299734721455254,-7.344396701622261,8.412149382434443e-05,0.14559744655636925,8.670917759885457e-05,0.14781986590073523,0.11530964597579796,0.3702364516220189,0.32538454228855446,0.2703102132954571,5.869675301669572e-05,0.013631654537605944,232.2386475743991,1.3631654537605943e-10,0,232.2386475743991,42,14
cac40_full,23,250,365,2.1 Sample covariance,test,2021-01-06,2021-01-07,2021-03-05,3.574212245545407,-7.275491219860647,6.997784019588818e-05,0.1327946374269828,6.715156025530574e-05,0.13008533039638653,0.2377765295663118,0.3568408159556107,0.30143872787380993,0.29868535779857747,6.265706555852136e-05,0.013783970846441604,219.990686183148,1.3783970846441603e-10,0,219.990686183148,42,14
cac40_full,23,250,366,2.1 Sample covariance,test,2021-01-26,2021-01-27,2021-03-25,4.531427806696533,-7.384636446945914,6.118120804005065e-05,0.12416788806327006,7.106621899365694e-05,0.13382334320439596,0.22171040389722496,0.35480591057467875,0.3361404042521619,0.30421890624135517,6.39618828798151e-05,0.013824816806983008,216.14149215963442,1.3824816806983009e-10,0,216.14149215963442,42,14
cac40_full,23,250,367,2.1 Sample covariance,test,2021-02-15,2021-02-16,2021-04-16,5.725089228823193,-7.518804878923986,4.543209371304646e-05,0.10699947483837342,4.5750581675933745e-05,0.1073738635904255,0.6194799503519688,0.3801361543940271,0.28431176060329105,0.427975955116429,6.632059086612004e-05,0.01378429028188929,207.84329726065533,1.378429028188929e-10,0,207.84329726065533,42,14
cac40_full,23,250,368,2.1 Sample covariance,test,2021-03-05,2021-03-08,2021-05-06,4.190872162555767,-7.654047444027356,3.853497321593986e-05,0.0985434586891329,3.591638843944342e-05,0.09513637520286203,0.1341764984962015,0.2601750419673272,0.28522904461648074,0.22652686169333647,6.273228331059313e-05,0.010415860422669019,166.03668594524393,1.0415860422669019e-10,0,166.03668594524393,42,14
cac40_full,23,250,369,2.1 Sample covariance,test,2021-03-25,2021-03-26,2021-05-26,2.7604056858081805,-7.8698008216193305,3.8448795183730415e-05,0.09843320774159534,3.7083726987281684e-05,0.0966700532781222,0.04446899934595239,0.2337774838371033,0.30487372005068414,0.19437340107791326,5.305297251801287e-05,0.007407542168721858,139.62539358575629,7.407542168721858e-11,0,139.62539358575629,42,14
cac40_full,23,250,370,2.1 Sample covariance,test,2021-04-16,2021-04-19,2021-06-15,2.3446153835147405,-7.951338507463703,3.458262937613642e-05,0.09335321420704473,3.539552463675535e-05,0.09444401626605228,0.05525721977156883,0.12215177949315636,0.22540300243051314,0.1342706672317461,4.254195738774571e-05,0.006470742544967549,152.10260510560002,6.470742544967549e-11,0,152.10260510560002,42,14
cac40_full,23,250,371,2.1 Sample covariance,test,2021-05-06,2021-05-07,2021-07-05,1.8787276753404696,-8.016731873121401,3.162499322056038e-05,0.08927204652958962,3.148994054718331e-05,0.08908122707894293,0.20504456309144647,0.23007856277604807,0.22865598438038784,0.2212597034159608,3.987566794947873e-05,0.005894514767293429,147.8223455657621,5.894514767293429e-11,0,147.8223455657621,42,14
cac40_full,23,250,372,2.1 Sample covariance,test,2021-05-26,2021-05-27,2021-07-23,1.0393826509656368,-8.048616838452578,5.174980867609513e-05,0.11419698676574602,4.9704817195339566e-05,0.11191788924575719,0.04282456364998233,0.3086179470237278,0.28944478813541624,0.2136290996030421,3.771205677231894e-05,0.005133415792969057,136.1213424120914,5.1334157929690574e-11,0,136.1213424120914,42,14
cac40_full,23,250,373,2.1 Sample covariance,test,2021-06-15,2021-06-16,2021-08-12,0.7952223249503492,-7.924233942412772,4.537185806473145e-05,0.10692851926549962,5.030883985825651e-05,0.11259585980079659,0.03553534741871167,0.15225936447656707,0.308172887042947,0.16532253297940858,3.531869414470629e-05,0.004387653459739612,124.23034220242401,4.387653459739612e-11,0,124.23034220242401,42,14
cac40_full,23,250,374,2.1 Sample covariance,test,2021-07-05,2021-07-06,2021-09-01,1.060289420263642,-7.886158377971306,4.4867448392430833e-05,0.10633248325367263,4.119418201769029e-05,0.10188686798826407,0.16528515264687915,0.1903817176071604,0.38291336990051805,0.24619341338485254,3.449110070016596e-05,0.004340045482875458,125.83087795903758,4.3400454828754586e-11,0,125.83087795903758,42,14
cac40_full,23,250,375,2.1 Sample covariance,test,2021-07-23,2021-07-26,2021-09-21,1.413814001743079,-7.69779785570382,2.5179592559635895e-05,0.0796571235046072,2.2513023110720788e-05,0.07532119106799652,0.24126064281073156,0.18554268485893713,0.37602975882127315,0.26761102883031396,3.22562582476073e-05,0.004339381954418504,134.52837341232504,4.3393819544185044e-11,0,134.52837341232504,42,14
cac40_full,23,250,376,2.1 Sample covariance,test,2021-08-12,2021-08-13,2021-10-11,0.8639628755522843,-7.751432835983766,3.4410320054138076e-05,0.09312035574267742,3.3148721879934906e-05,0.09139736272860173,0.11386851066378534,0.18534178422123126,0.36544108187327384,0.22155045891943015,3.535624960738535e-05,0.004178759876047556,118.19013392118039,4.178759876047556e-11,0,118.19013392118039,42,14
cac40_full,23,250,377,2.1 Sample covariance,test,2021-09-01,2021-09-02,2021-10-29,0.8767826174108853,-7.777070270777001,3.1740953812072846e-05,0.08943556541243733,3.731887484654889e-05,0.09697606127973192,0.12490178336420577,0.17877243378116248,0.34315035770744556,0.2156081916176046,3.535892566605779e-05,0.0041360568424692636,116.97348730364854,4.136056842469264e-11,0,116.97348730364854,42,14
cac40_full,23,250,378,2.1 Sample covariance,test,2021-09-21,2021-09-22,2021-11-18,0.9598440259013971,-7.850320386315581,2.891402364406178e-05,0.08536002552895336,2.8728381284596578e-05,0.08508555743319977,0.22060079912821773,0.40264259531688545,0.29800611791818915,0.30708317078776415,3.417898616177524e-05,0.003798222763291707,111.1274262294979,3.798222763291707e-11,0,111.1274262294979,42,14
cac40_full,23,250,379,2.1 Sample covariance,test,2021-10-11,2021-10-12,2021-12-08,0.525066246066338,-7.7635832057035605,6.001392646174193e-05,0.12297767874032656,7.331624734516944e-05,0.13592532630449228,0.14401406736549305,0.3767357663052214,0.3138443516060227,0.2781980617589124,3.3925748657292035e-05,0.003752510066095014,110.60949911531122,3.7525100660950145e-11,0,110.60949911531122,42,14
cac40_full,23,250,380,2.1 Sample covariance,test,2021-10-29,2021-11-01,2021-12-28,0.5242402016262953,-7.824688379359089,6.121139890533988e-05,0.12419852061979503,6.820487136403835e-05,0.13110159260564938,0.3340806443084321,0.37692967309663755,0.3184574624152785,0.34315592660678274,3.261472224953389e-05,0.002704950427885342,82.93648516120659,2.704950427885342e-11,0,82.93648516120659,42,14
cac40_full,23,250,381,2.1 Sample covariance,test,2021-11-18,2021-11-19,2022-01-17,0.579595054677905,-7.780435843422102,6.518546953755638e-05,0.1281668378460833,7.411983903753849e-05,0.1366682093153331,0.3101193838631242,0.37009308792169665,0.35173678627468785,0.34398308601983624,2.9044951550693405e-05,0.0021282693755523925,73.27501895941649,2.1282693755523924e-11,0,73.27501895941649,42,14
cac40_full,23,250,382,2.1 Sample covariance,test,2021-12-08,2021-12-09,2022-02-04,0.5050969467415595,-7.821743473490155,4.1579938946390944e-05,0.10236280874658783,4.5055640340170145e-05,0.10655525029637383,0.15743341235012576,0.4105664177731718,0.39607903631005326,0.3213596221444503,2.9034604421889322e-05,0.0023376009948167485,80.5108607939022,2.3376009948167485e-11,0,80.5108607939022,42,14
cac40_full,23,250,383,2.1 Sample covariance,test,2021-12-28,2021-12-29,2022-02-24,0.5783796328455418,-7.41994508620816,5.70415376198481e-05,0.11989356730117642,7.03878999351835e-05,0.13318314752124702,0.13078891762843192,0.38056572221692764,0.386603214852224,0.2993192848991945,2.903980276876055e-05,0.002253787419077513,77.61028671661695,2.2537874190775128e-11,0,77.61028671661695,42,14
cac40_full,23,250,384,2.1 Sample covariance,test,2022-01-17,2022-01-18,2022-03-16,0.8422075852112813,-6.296035931301316,0.00014912235624617168,0.19385260837562973,0.0001897809808704643,0.21868883643057094,0.26205150621732487,0.15384767337724417,0.3871230397342443,0.2676740731096044,2.68988361031972e-05,0.002099111544276269,78.03726288464831,2.099111544276269e-11,0,78.03726288464831,42,14
cac40_full,23,250,385,2.1 Sample covariance,test,2022-02-04,2022-02-07,2022-04-05,0.8400450088944877,-6.326880561273213,0.00012379528781570047,0.17662506200864167,0.000150925382827152,0.19502101546357076,0.30818514677823405,0.1524338933370498,0.3870769793680837,0.2825653398277892,2.7111239206718474e-05,0.0022390646221394656,82.58805896207798,2.2390646221394656e-11,0,82.58805896207798,42,14
cac40_full,23,250,386,2.1 Sample covariance,test,2022-02-24,2022-02-25,2022-04-27,0.8086558539781128,-6.5983351896006655,9.128773009500071e-05,0.15167237053577087,0.00011235858912703014,0.16826872692218123,0.2851466135331713,0.11693108494757236,0.4176617186663742,0.2732464723823726,2.960341222731721e-05,0.0024960478078730683,84.31621965422569,2.4960478078730684e-11,0,84.31621965422569,42,14
cac40_full,23,250,387,2.1 Sample covariance,test,2022-03-16,2022-03-17,2022-05-17,0.388727129783584,-7.5689025461955906,5.646692973143406e-05,0.11928816492980929,2.816117915947273e-05,0.0842414218077255,0.07072499092873041,0.1424037491224183,0.4374298869396747,0.2168528756636078,3.198142406640706e-05,0.0036778375364785493,114.99917980017999,3.6778375364785494e-11,0,114.99917980017999,42,14
cac40_full,23,250,388,2.1 Sample covariance,test,2022-04-05,2022-04-06,2022-06-06,0.4959297449899026,-7.695701756666583,5.266124726826404e-05,0.11519823918620692,3.552693374677669e-05,0.09461916985573127,0.12009419125496168,0.13616249586240312,0.3831017737286218,0.2131194869486622,3.146121088895396e-05,0.003802115837894103,120.85090593982913,3.802115837894103e-11,0,120.85090593982913,42,14
cac40_full,23,250,389,2.1 Sample covariance,test,2022-04-27,2022-04-28,2022-06-24,0.37345879222871664,-7.468614304130762,6.765951149194133e-05,0.13057640252346217,4.9350877866834544e-05,0.11151870346467585,0.04495579726708476,0.28671761320798694,0.24097131963936702,0.1908815767048129,3.135194234206681e-05,0.0038934969900519317,124.1867871397489,3.893496990051932e-11,0,124.1867871397489,42,14
cac40_full,23,250,390,2.1 Sample covariance,test,2022-05-17,2022-05-18,2022-07-14,0.3703312297919733,-7.341018945022928,5.4771756581513e-05,0.11748396766598103,5.507847763289153e-05,0.1178124626832351,0.059470688113829606,0.28690532701202054,0.23191573523167394,0.19276391678584137,2.9872543324211446e-05,0.004045171705619986,135.41437237924796,4.045171705619986e-11,0,135.41437237924796,42,14
cac40_full,23,250,391,2.1 Sample covariance,test,2022-06-06,2022-06-07,2022-08-03,0.427503669633122,-7.148290548717385,5.933203211027664e-05,0.12227703010700625,6.713279477160803e-05,0.13006715297278257,0.0892480469833149,0.3710782562455008,0.24982997741274415,0.23671876021385327,2.9987766535377208e-05,0.004153946052748237,138.5213549614553,4.1539460527482366e-11,0,138.5213549614553,42,14
cac40_full,23,250,392,2.1 Sample covariance,test,2022-06-24,2022-06-27,2022-08-23,0.5593378637242402,-7.419342558962958,5.316529407548086e-05,0.11574823587001737,5.691463966121464e-05,0.11976013190801892,0.15316399704482697,0.40644939687567344,0.36201849113681134,0.30721062835243723,3.313900224901599e-05,0.004393880349796356,132.5893977368261,4.393880349796356e-11,0,132.5893977368261,42,14
cac40_full,23,250,393,2.1 Sample covariance,test,2022-07-14,2022-07-15,2022-09-12,0.8084939814633934,-7.644770929069902,5.003526686818762e-05,0.11228930158649701,5.3695933571368994e-05,0.11632443965042336,0.08167647125138366,0.4073358695377036,0.4497494663264787,0.3129206023718553,3.924781079215854e-05,0.004480941892113149,114.17049261276027,4.4809418921131494e-11,0,114.17049261276027,42,14
cac40_full,23,250,394,2.1 Sample covariance,test,2022-08-03,2022-08-04,2022-09-30,0.6911498082185423,-7.616614180369664,7.047226927240892e-05,0.1332629425483583,6.478457153146906e-05,0.12777210973420688,0.11061807893898556,0.4117701752301188,0.38077169528584554,0.3010533164849833,3.597543284986138e-05,0.004603543986120111,127.96354682742472,4.603543986120111e-11,0,127.96354682742472,42,14
cac40_full,23,250,395,2.1 Sample covariance,test,2022-08-23,2022-08-24,2022-10-20,0.45940017093921953,-7.5976588554085405,8.91473799411066e-05,0.1498837541068373,8.694749863128738e-05,0.14802286868955222,0.1144866308960123,0.18404336150512757,0.35505255595606394,0.21786084945240125,3.701736032226594e-05,0.004606357927926006,124.43777427196184,4.6063579279260064e-11,0,124.43777427196184,42,14
cac40_full,23,250,396,2.1 Sample covariance,test,2022-09-12,2022-09-13,2022-11-09,0.5864919670878543,-7.419924595906004,9.347864790573148e-05,0.15348165777135825,9.57441805088517e-05,0.1553304010431655,0.1616158878360634,0.23764679293003121,0.3622695565861014,0.25384407911739865,3.707550942886848e-05,0.00468737111395294,126.42769273193491,4.68737111395294e-11,0,126.42769273193491,42,14
cac40_full,23,250,397,2.1 Sample covariance,test,2022-09-30,2022-10-03,2022-11-29,0.8417770932722839,-7.613617869294748,6.091069650921629e-05,0.123893081002623,5.31224584302889e-05,0.11570159689664099,0.20016723434484196,0.37227276437050283,0.28775605369195906,0.28673201746910126,3.737961773305589e-05,0.004776867112747669,127.7933644710161,4.776867112747669e-11,0,127.7933644710161,42,14
cac40_full,23,250,398,2.1 Sample covariance,test,2022-10-20,2022-10-21,2022-12-19,1.1791438186668277,-7.635932426140922,6.573175782499796e-05,0.12870276986879298,5.5609167661517715e-05,0.11837867312443769,0.24841550074815744,0.38983452165677906,0.3609322769571914,0.33306076645404264,3.7540783948685187e-05,0.004951740223651929,131.9029520113513,4.9517402236519294e-11,0,131.9029520113513,42,14
cac40_full,23,250,399,2.1 Sample covariance,test,2022-11-09,2022-11-10,2023-01-09,1.0870485644457233,-7.740855611097633,8.059057311237564e-05,0.14250903278150007,6.66617994706133e-05,0.12961008242646307,0.17842110053035964,0.3704540974653348,0.3360252271890331,0.29496680839490924,3.2221130024120535e-05,0.005047882537855504,156.6637338317027,5.047882537855504e-11,0,156.6637338317027,42,14
cac40_full,23,250,400,2.1 Sample covariance,test,2022-11-29,2022-11-30,2023-01-27,1.2567548122167127,-7.818925129037626,6.931504464488835e-05,0.132164258597065,6.227832580973184e-05,0.12527624716622232,0.11225240537586312,0.38443380305915986,0.3391260024087321,0.2786040702812517,3.838434719789623e-05,0.004756498676168554,123.91766497019515,4.756498676168554e-11,0,123.91766497019515,42,14
cac40_full,23,250,401,2.1 Sample covariance,test,2022-12-19,2022-12-20,2023-02-16,1.526361889923605,-7.593645686138609,9.091542820331094e-05,0.15136276922425262,9.341481978246484e-05,0.15342924944475594,0.17905894100361452,0.34927500200383793,0.4181106811865322,0.31548154139799495,3.882048645828224e-05,0.004780597671423535,123.14625878171108,4.7805976714235353e-11,0,123.14625878171108,42,14
cac40_full,23,250,402,2.1 Sample covariance,test,2023-01-09,2023-01-10,2023-03-08,2.2596771939556755,-7.5343018026164374,6.650734143026453e-05,0.12945983948864861,7.103554543364186e-05,0.1337944597106986,0.19468060247216623,0.5002053778572084,0.42769687697414555,0.37419428576784003,3.8238625921241624e-05,0.00487122820557951,127.39025234883071,4.87122820557951e-11,0,127.39025234883071,42,14
cac40_full,23,250,403,2.1 Sample covariance,test,2023-01-27,2023-01-30,2023-03-28,0.5183460259721052,-7.501611853175,7.343856463108689e-05,0.13603866467675246,8.176449502826378e-05,0.14354320864158804,0.13247735179552567,0.3618106605080434,0.41353401606014467,0.3026073427879046,3.924926738699991e-05,0.004671577804987856,119.0233121786923,4.6715778049878565e-11,0,119.0233121786923,42,14
cac40_full,23,250,404,2.1 Sample covariance,test,2023-02-16,2023-02-17,2023-04-19,0.5620966125151838,-7.74947964454596,3.76429389805199e-05,0.0973962043566946,3.8686184006589366e-05,0.09873661109062089,0.20207966554187684,0.3002912681562431,0.3194852670312163,0.27395206690977875,3.99430419133956e-05,0.004206258059653822,105.30640277157208,4.206258059653822e-11,0,105.30640277157208,42,14
cac40_full,23,250,405,2.1 Sample covariance,test,2023-03-08,2023-03-09,2023-05-10,0.5117529710514257,-7.804432229471132,4.016858352831671e-05,0.10061055138073646,4.511121687051715e-05,0.1066209484640346,0.14955610114541573,0.26760479899494083,0.3002102895027006,0.23912372988101907,3.7159731710026026e-05,0.0031404335342671485,84.51173864153147,3.140433534267148e-11,0,84.51173864153147,42,14
cac40_full,23,250,406,2.1 Sample covariance,test,2023-03-28,2023-03-29,2023-05-30,1.1999818956241286,-7.910190301485231,4.152011631706662e-05,0.10228914562113024,3.549690039480947e-05,0.09457916736518665,0.13402988616789935,0.20926727563528136,0.2781813320586421,0.20715949795394092,3.6405667522408105e-05,0.0034141929089978157,93.78190653684184,3.414192908997816e-11,0,93.78190653684184,42,14
cac40_full,23,250,407,2.1 Sample covariance,test,2023-04-19,2023-04-20,2023-06-19,1.0956885637507356,-7.905653415160167,3.1546348517423416e-05,0.08916097703811181,2.9849540291543972e-05,0.08672994957607828,0.07246881484260093,0.15502362543496861,0.27444096931530443,0.167311136530958,3.6146226276946896e-05,0.0033846985690713714,93.63905773007464,3.3846985690713715e-11,0,93.63905773007464,42,14
cac40_full,23,250,408,2.1 Sample covariance,test,2023-05-10,2023-05-11,2023-07-07,0.8786722476986838,-7.991736054917061,3.856962024999452e-05,0.09858774925414729,3.550409838232346e-05,0.09458875616237646,0.03252134826165576,0.27296280533455963,0.3198191914848145,0.2084344483603433,3.61194683083124e-05,0.0032117848895290915,88.92115637233628,3.2117848895290916e-11,0,88.92115637233628,42,14
cac40_full,23,250,409,2.1 Sample covariance,test,2023-05-30,2023-05-31,2023-07-27,0.8457420852351742,-7.937504696038432,3.9291927718770397e-05,0.09950661176590297,3.954638231768489e-05,0.0998282943060563,0.06755631223801972,0.3800789430086597,0.3946137713803912,0.28074967554235686,3.636036845457264e-05,0.00317199015640225,87.23756912323984,3.17199015640225e-11,0,87.23756912323984,42,14
cac40_full,23,250,410,2.1 Sample covariance,test,2023-06-19,2023-06-20,2023-08-16,0.9015247829727542,-8.004267055583213,4.369767598962796e-05,0.10493719240281896,4.6049664284993175e-05,0.10772425632056264,0.10047722426648376,0.4223628654181149,0.45284671833876633,0.3252289360077883,3.645487174476605e-05,0.0029005712833971658,79.56608114561837,2.9005712833971657e-11,0,79.56608114561837,42,14
cac40_full,23,250,411,2.1 Sample covariance,test,2023-07-07,2023-07-10,2023-09-05,1.3138205216411916,-8.042278625290601,3.334934542684732e-05,0.091673524245365,3.5759342263784806e-05,0.09492815309734921,0.1483328154597633,0.48749964183475897,0.5098911324653982,0.3819078632533068,3.575070201485712e-05,0.0026407224746325723,73.86491245780718,2.6407224746325723e-11,0,73.86491245780718,42,14
cac40_full,23,250,412,2.1 Sample covariance,test,2023-07-27,2023-07-28,2023-09-25,1.3593417459389048,-8.015889459338725,3.337732028208909e-05,0.09171196601908853,3.253847056380975e-05,0.09055216497732155,0.23170577980976037,0.4489384110153117,0.3857240603648661,0.3554560837299794,3.571485116457355e-05,0.002621712831792154,73.40679706913342,2.6217128317921538e-11,0,73.40679706913342,42,14
cac40_full,23,250,413,2.1 Sample covariance,test,2023-08-16,2023-08-17,2023-10-13,0.9928453465490761,-8.01534253870435,3.0744013596455046e-05,0.08801983541399445,2.641888501149576e-05,0.08159386633134216,0.1639792966663718,0.30463858897666274,0.3586616005445906,0.2757598287292084,3.74723548494186e-05,0.002592105729094165,69.17381465644354,2.592105729094165e-11,0,69.17381465644354,42,14
cac40_full,23,250,414,2.1 Sample covariance,test,2023-09-05,2023-09-06,2023-11-02,0.7502930633942143,-7.522402368130351,7.249359686967567e-05,0.13516059489051632,6.212399615501158e-05,0.1251209296283516,0.1324984561799709,0.5699010089178315,0.3744160911235001,0.35893851874043414,3.754451342245409e-05,0.0024170988600493055,64.37954949240923,2.4170988600493056e-11,0,64.37954949240923,42,14
cac40_full,23,250,415,2.1 Sample covariance,test,2023-09-25,2023-09-26,2023-11-22,0.7164936279727844,-7.628822171652278,5.060288253167348e-05,0.11292442781781857,4.4937201167259385e-05,0.1064151055731721,0.14343473289951425,0.46973079328528766,0.44767897197242573,0.35361483271907584,3.515047934110791e-05,0.002152590805250349,61.23930158565232,2.1525908052503488e-11,0,61.23930158565232,42,14
cac40_full,23,250,416,2.1 Sample covariance,test,2023-10-13,2023-10-16,2023-12-12,0.9844599126874,-7.749991562335062,4.194224782214524e-05,0.10280781318158946,3.599363271129505e-05,0.09523862369462482,0.97170191258603,0.5101594348923996,0.460782479862553,0.6475479424469942,3.604347803814217e-05,0.0021137751204782403,58.64514845768732,2.1137751204782404e-11,0,58.64514845768732,42,14
cac40_full,23,250,417,2.1 Sample covariance,test,2023-11-02,2023-11-03,2024-01-04,1.0541533590455583,-8.139225362415562,2.1440105889722214e-05,0.07350446710377538,1.7458393162317767e-05,0.06632884046102477,0.3608156085946279,0.32003032375115453,0.4473514876046761,0.3760658066501528,3.356757901517028e-05,0.002026180783777316,60.36124269973771,2.026180783777316e-11,0,60.36124269973771,42,14
cac40_full,23,250,418,2.1 Sample covariance,test,2023-11-22,2023-11-23,2024-01-24,1.0658570237091483,-8.152504611743911,1.8993025132722e-05,0.06918267365060377,1.6799920635241516e-05,0.06506596652690916,0.21569462592988553,0.40765042312574323,0.44404911321339613,0.35579805408967496,3.293770220904551e-05,0.002029796490332008,61.62532156765251,2.0297964903320082e-11,0,61.62532156765251,42,14
cac40_full,23,250,419,2.1 Sample covariance,test,2023-12-12,2023-12-13,2024-02-13,0.8066513949558299,-7.624275622933839,2.2456223719379854e-05,0.0752261149952842,1.8793537324191462e-05,0.06881839438475915,0.36049829790051424,0.43511349146890116,0.42858117548162933,0.40806432161701495,3.2400254209965274e-05,0.0019174406338520928,59.179802152982795,1.917440633852093e-11,0,59.179802152982795,42,14
cac40_full,23,250,420,2.1 Sample covariance,test,2024-01-04,2024-01-05,2024-03-04,0.9157122269185133,-7.412590951406185,2.308651620471423e-05,0.07627451791776849,1.921066171534843e-05,0.0695779185680903,0.41975961550960883,0.6464468290761651,0.452185236809201,0.5061305604649916,3.288482661955551e-05,0.001849884200340517,56.25342720342799,1.849884200340517e-11,0,56.25342720342799,42,14
cac40_full,23,250,421,2.1 Sample covariance,test,2024-01-24,2024-01-25,2024-03-22,0.982342142900921,-7.364142505222115,2.3265717787459964e-05,0.07656997376543831,1.965459314990931e-05,0.07037725110983767,0.6733702620766044,0.5311417686684741,0.4904166388968942,0.5649762232139909,3.119156107250952e-05,0.0018346735308912288,58.81954823056953,1.834673530891229e-11,0,58.81954823056953,42,14
cac40_full,23,250,422,2.1 Sample covariance,test,2024-02-13,2024-02-14,2024-04-15,1.2511923413285144,-7.818211466728042,1.9808102378362916e-05,0.07065155199532035,1.81455808985802e-05,0.06762164140600412,0.3423482757364321,0.5467604919727437,0.515568900693408,0.46822588946752797,2.790607951658187e-05,0.0017975540482725206,64.41442436241927,1.7975540482725205e-11,0,64.41442436241927,42,14
cac40_full,23,250,423,2.1 Sample covariance,test,2024-03-04,2024-03-05,2024-05-06,0.9725514505171039,-7.862010658891804,2.232923230031476e-05,0.07501310911886881,2.3141014421629734e-05,0.07636449197271394,0.2818714194725319,0.423268234318156,0.42805289182344736,0.3777308485380451,2.8247910100001027e-05,0.0017499449943251255,61.94953850143632,1.7499449943251255e-11,0,61.94953850143632,42,14
cac40_full,23,250,424,2.1 Sample covariance,test,2024-03-22,2024-03-25,2024-05-24,0.7574103992766938,-8.002541301553137,2.07878975651133e-05,0.07237782938447762,2.09334510953948e-05,0.07263077636952182,0.10608353727821651,0.5172256455356867,0.46969789816303664,0.36433569365897994,2.7421759020972458e-05,0.001254432233665862,45.74587037638463,1.254432233665862e-11,0,45.74587037638463,42,14
cac40_full,23,250,425,2.1 Sample covariance,test,2024-04-15,2024-04-16,2024-06-13,0.5543228250782453,-7.839054947368693,3.263980848928942e-05,0.09069306334720939,3.581907037259521e-05,0.09500739831136307,0.17714590701408606,0.5268284185249543,0.4197874002100304,0.37458724191635695,2.843585918900167e-05,0.0012276856579266121,43.17385487692429,1.2276856579266122e-11,0,43.17385487692429,42,14
cac40_full,23,250,426,2.1 Sample covariance,test,2024-05-06,2024-05-07,2024-07-03,0.6235804280285415,-7.923721797792361,5.043031403377172e-05,0.11273171309135009,5.1728610884930684e-05,0.11417359564716587,0.24054946928083365,0.5034806328611489,0.4607520278776038,0.4015940433398621,2.8407379288262152e-05,0.0012241892209464225,43.094056953442866,1.2241892209464225e-11,0,43.094056953442866,42,14
cac40_full,23,250,427,2.1 Sample covariance,test,2024-05-24,2024-05-27,2024-07-23,0.6030235278943442,-7.9179312545141,4.6975371199409904e-05,0.10880162472247965,5.035286056838639e-05,0.1126451102499943,0.17368074349081586,0.455411852798379,0.44053942949362157,0.35654400859427215,2.7462097788675444e-05,0.0011648621332465655,42.4170848931621,1.1648621332465655e-11,0,42.4170848931621,42,14
cac40_full,23,250,428,2.1 Sample covariance,test,2024-06-13,2024-06-14,2024-08-12,0.6186257867547952,-7.84117832157916,5.1980565245726277e-05,0.11445131035476624,5.338487528600546e-05,0.11598701898089017,0.08288417681231153,0.3523349131452747,0.5173054589485158,0.3175081829687007,3.095005407800913e-05,0.001190223093167421,38.45625245653795,1.190223093167421e-11,0,38.45625245653795,42,14
cac40_full,23,250,429,2.1 Sample covariance,test,2024-07-03,2024-07-04,2024-08-30,0.5221643347726198,-8.085059663089407,3.216436938588428e-05,0.09003011210280057,3.321968748015808e-05,0.0914951432864053,0.06206582493473012,0.425399861233767,0.4376983450462859,0.3083880104049277,3.1099864437752995e-05,0.0012061544188065525,38.783269336131504,1.2061544188065525e-11,0,38.783269336131504,42,14
cac40_full,23,250,430,2.1 Sample covariance,test,2024-07-23,2024-07-24,2024-09-19,0.5757517758304145,-8.006268435866533,2.7001982642450517e-05,0.0824893909899784,2.8306611219421674e-05,0.08445866460757157,0.12078340225329687,0.46741127160237284,0.47789118022996546,0.3553619513618784,3.207058123806293e-05,0.0012047031853787884,37.564120725975116,1.2047031853787883e-11,0,37.564120725975116,42,14
cac40_full,23,250,431,2.1 Sample covariance,test,2024-08-12,2024-08-13,2024-10-09,0.5474809848633778,-8.02586990204967,2.0957183733077417e-05,0.0726719361289866,2.2271361331289122e-05,0.0749158398169897,0.16695219679627948,0.3876352283942918,0.33549462934038593,0.29669401817698576,3.23157462073846e-05,0.0013501591023483905,41.780223600093144,1.3501591023483906e-11,0,41.780223600093144,42,14
cac40_full,23,250,432,2.1 Sample covariance,test,2024-08-30,2024-09-02,2024-10-29,0.5718706406463624,-7.752446695344803,2.0710456255714467e-05,0.0722428887603482,2.2079801827836065e-05,0.07459296254081003,0.19380135763257966,0.41783395481325275,0.385384879615565,0.33234006402046584,3.112672238274814e-05,0.0013495306934551492,43.35601663614673,1.3495306934551493e-11,0,43.35601663614673,42,14
cac40_full,23,250,433,2.1 Sample covariance,test,2024-09-19,2024-09-20,2024-11-18,0.6272001120356945,-7.432800629186483,3.9924332476888725e-05,0.10030419624410515,3.978724986087811e-05,0.10013184790535569,0.23934359369252,0.3542916698177425,0.4043392303625141,0.33265816462425885,3.192880948225789e-05,0.0013556396736664263,42.45819670851568,1.3556396736664264e-11,0,42.45819670851568,42,14
cac40_full,23,250,434,2.1 Sample covariance,test,2024-10-09,2024-10-10,2024-12-06,0.5152916365214031,-7.574334792597515,3.8103911761160764e-05,0.09799074325574081,3.679179607208308e-05,0.09628879794745043,0.138711032097103,0.36917381364028196,0.4153836493723857,0.30775616503659026,3.3667342703926836e-05,0.0014574366015797445,43.2893268232231,1.4574366015797445e-11,0,43.2893268232231,42,14
cac40_full,23,250,435,2.1 Sample covariance,test,2024-10-29,2024-10-30,2024-12-30,0.5002276930100994,-7.745973139148478,3.370902745981136e-05,0.09216656074668547,3.529268316646776e-05,0.09430671321782917,0.09161526763791317,0.42861764559563825,0.43711366537592106,0.31911552620315753,3.481807909532679e-05,0.001419973335706293,40.782644321607016,1.419973335706293e-11,0,40.782644321607016,42,14
cac40_full,23,250,436,2.1 Sample covariance,test,2024-11-18,2024-11-19,2025-01-20,0.41726438134800065,-8.081921620746833,2.529180141894811e-05,0.07983441587169611,2.7639501700924712e-05,0.08345750073320568,0.05288588635270142,0.35888160051244017,0.325402641287853,0.24572337605099817,3.4850865674405565e-05,0.0014789104732770583,42.43540137837002,1.4789104732770584e-11,0,42.43540137837002,42,14
cac40_full,23,250,437,2.1 Sample covariance,test,2024-12-06,2024-12-09,2025-02-07,0.49540264337017986,-7.713894987281158,2.1316538408637434e-05,0.07329234393152284,2.3684162332016108e-05,0.07725547817254165,0.11293788944660255,0.43357257643526864,0.41357976789843787,0.3200300779267697,3.5007128395446455e-05,0.001481428780379084,42.31791775790957,1.481428780379084e-11,0,42.31791775790957,42,14
cac40_full,23,250,438,2.1 Sample covariance,test,2024-12-30,2024-12-31,2025-02-27,0.5772142003648246,-7.203739491602353,2.091449160052002e-05,0.07259787795336063,2.007213463279507e-05,0.07112086843862607,0.17342877043756233,0.4517331588118294,0.39878816259202,0.3413166972804706,3.405189474352602e-05,0.0014871803415357951,43.6739380506437,1.4871803415357952e-11,0,43.6739380506437,42,14
cac40_full,23,250,439,2.1 Sample covariance,test,2025-01-20,2025-01-21,2025-03-19,0.6239618601963526,-6.842145253530389,2.8008807446246936e-05,0.08401321013063498,1.8997302502658727e-05,0.06919046343731193,0.20690571093947807,0.35319729028385377,0.42115844164232974,0.32708714762188723,3.168619726940269e-05,0.0015136152874081316,47.768915737633556,1.5136152874081318e-11,0,47.768915737633556,42,14
cac40_full,23,250,440,2.1 Sample covariance,test,2025-02-07,2025-02-10,2025-04-08,0.706431854364359,-6.974123859227958,9.690538257036172e-05,0.15626949928802855,8.792499221966099e-05,0.1488526050808469,0.15985668570667855,0.2813938707420712,0.4013662987663284,0.2808722850716927,3.306208267004497e-05,0.0015820459971110168,47.850766477708554,1.582045997111017e-11,0,47.850766477708554,42,14
cac40_full,23,250,441,2.1 Sample covariance,test,2025-02-27,2025-02-28,2025-04-30,0.7721959954256822,-7.051633082045728,0.00012183361764099791,0.17522006633240234,0.00011807927097254985,0.17249920662160323,0.17525492612090154,0.30084283331366385,0.35409222995105005,0.27672999646187185,2.7508567661033185e-05,0.0016254054898589836,59.0872454679429,1.6254054898589835e-11,0,59.0872454679429,42,14
cac40_full,23,250,442,2.1 Sample covariance,test,2025-03-19,2025-03-20,2025-05-21,0.7315106832374949,-7.353955745698999,0.00012455295400505223,0.1771647380526756,0.0001281797982151315,0.1797256496725304,0.10113864821634633,0.2449785940916159,0.34290410054357756,0.22967378095051327,2.717171920769693e-05,0.0017314792975172389,63.72358275462979,1.7314792975172388e-11,0,63.72358275462979,42,14
cac40_full,23,250,443,2.1 Sample covariance,test,2025-04-08,2025-04-09,2025-06-10,0.42234336778830217,-7.685858676733514,4.1350586993910824e-05,0.10208010541954553,4.660946359150897e-05,0.1083770493465303,0.07990552908104465,0.1802536007667833,0.3657124495072546,0.20862385978502754,2.755826629965622e-05,0.002205199875290224,80.01954300433381,2.205199875290224e-11,0,80.01954300433381,42,14
cac40_full,23,250,444,2.1 Sample covariance,test,2025-04-30,2025-05-02,2025-06-30,0.6531305941494085,-7.787111756183089,3.135068367568606e-05,0.08888403842238991,3.0506205447059273e-05,0.08767875325675506,0.1864680516238031,0.49528909657300885,0.4291381752440824,0.37029844114696475,2.781275942796776e-05,0.002455654061563713,88.29235617284252,2.4556540615637132e-11,0,88.29235617284252,42,14
cac40_full,23,250,445,2.1 Sample covariance,test,2025-05-21,2025-05-22,2025-07-18,0.6858735203835006,-7.6817055655259745,3.097876832386295e-05,0.08835524668978896,2.2786748883444266e-05,0.07577770594725045,0.21851234931141983,0.42149166524507226,0.3357650583691625,0.3252563576418848,2.917430147954168e-05,0.002546928585231893,87.3004135854945,2.546928585231893e-11,0,87.3004135854945,42,14
cac40_full,23,250,446,2.1 Sample covariance,test,2025-06-10,2025-06-11,2025-08-07,0.5509828662812718,-7.262219653292157,3.932886606270667e-05,0.09955337386448579,3.1959078676674466e-05,0.08974234132516248,0.11447549081619846,0.42938022248171265,0.4264876904873027,0.32344780126173794,2.801839643048379e-05,0.002423141735163076,86.48395496776958,2.423141735163076e-11,0,86.48395496776958,42,14
cac40_full,23,250,447,2.1 Sample covariance,test,2025-06-30,2025-07-01,2025-08-27,0.5738519264298911,-7.408908588696499,3.662555489889638e-05,0.09607101453883937,4.035650762823054e-05,0.10084562421004739,0.168597882328832,0.4251140403538411,0.30578217970498683,0.2998313674625533,2.6279787852552027e-05,0.0024717978933620284,94.05699571208648,2.4717978933620284e-11,0,94.05699571208648,42,14
cac40_full,23,250,448,2.1 Sample covariance,test,2025-07-18,2025-07-21,2025-09-16,0.6683616294694982,-7.444336002410303,2.9453482042908483e-05,0.08615264055624144,3.321599602060698e-05,0.09149005955399177,0.16111641290728063,0.38401452605530917,0.3673841146556292,0.3041716845394063,2.6541724725682765e-05,0.002472586333913863,93.15846500062959,2.472586333913863e-11,0,93.15846500062959,42,14
cac40_full,23,250,449,2.1 Sample covariance,test,2025-08-07,2025-08-08,2025-10-06,0.9049800516663162,-7.873913986327551,2.2352221417583902e-05,0.07505171415251716,2.7708273768152055e-05,0.08356126488735267,0.2640051853429811,0.39491143194785744,0.3276953046149476,0.328870640635262,2.7897959620926908e-05,0.0024244459168519398,86.90405856897529,2.4244459168519397e-11,0,86.90405856897529,42,14
cac40_full,23,250,450,2.1 Sample covariance,test,2025-08-27,2025-08-28,2025-10-24,0.916224946480675,-7.4373507674410515,3.242196971424891e-05,0.09038991297700603,2.6046363988894995e-05,0.08101656451122535,0.27614717231347774,0.4208600412248542,0.4882511848497391,0.3950861327960237,3.025958605199042e-05,0.002484584600009522,82.10900822439011,2.484584600009522e-11,0,82.10900822439011,42,14
cac40_full,23,250,451,2.1 Sample covariance,test,2025-09-16,2025-09-17,2025-11-13,0.7909552049570517,-7.476972110570977,3.0708400959457895e-05,0.08796884131204293,2.4888400614170356e-05,0.07919518264876299,0.17485382369986002,0.45652569951896577,0.4725674242902718,0.3679823158363658,2.90285894107647e-05,0.0024148133387155665,83.1874158452935,2.4148133387155666e-11,0,83.1874158452935,42,14
cac40_full,23,250,452,2.1 Sample covariance,test,2025-10-06,2025-10-07,2025-12-03,0.7236914554863759,-7.537057242101959,3.576345126189203e-05,0.09493360689448596,3.0595892360704164e-05,0.08780754452151278,0.17362000311329184,0.45706853008988024,0.44134687490404195,0.35734513603573803,3.0375932056109488e-05,0.002302921936839787,75.81403370885543,2.302921936839787e-11,0,75.81403370885543,42,14
cac40_full,23,250,453,2.1 Sample covariance,test,2025-10-24,2025-10-27,2025-12-23,1.0617575199163407,-7.93099361488999,2.6601984452698846e-05,0.08187612644770213,2.5769613636917914e-05,0.08058500255322522,0.13709460159315823,0.3573906725390031,0.33221533526684494,0.27556686979966877,3.098882009364024e-05,0.002329772878493432,75.18107728701699,2.329772878493432e-11,0,75.18107728701699,42,14
cac40_full,23,250,454,2.1 Sample covariance,test,2025-11-13,2025-11-14,2026-01-15,1.253568254704321,-7.777904145612657,2.92485129875755e-05,0.08585234576218069,2.6916286482055842e-05,0.08235838872560629,0.20180351956067621,0.39080587267602973,0.4436465378185697,0.34541864335175854,3.1071631074236895e-05,0.002284020370013706,73.50822248618633,2.2840203700137063e-11,0,73.50822248618633,42,14
cac40_full,23,250,455,2.1 Sample covariance,test,2025-12-03,2025-12-04,2026-02-04,1.0036535938748483,-7.467654219524587,4.264773361159159e-05,0.10366884233037948,4.459269914826763e-05,0.10600641577453435,0.2749700647355944,0.50722244482759,0.47719566973187005,0.41979605976501816,3.146990677558395e-05,0.0022864349096970798,72.65464515042731,2.28643490969708e-11,0,72.65464515042731,42,14
cac40_full,23,250,456,2.1 Sample covariance,test,2025-12-23,2025-12-24,2026-02-24,0.9434490264908392,-6.842812746405934,6.424237807554292e-05,0.12723631272178873,5.933607442478867e-05,0.12228119542696148,0.552091156453759,0.628925992023121,0.5708401596584881,0.5839524360451227,3.309622050968034e-05,0.0022974489821304006,69.41726114794339,2.2974489821304007e-11,0,69.41726114794339,42,14
cac40_full,23,250,457,2.1 Sample covariance,test,2026-01-15,2026-01-16,2026-03-16,0.6082059919296097,-6.776386973468853,9.010175818465525e-05,0.15068391773023795,8.981185495846765e-05,0.15044130898637464,0.20588321041593238,0.489452948122095,0.5625988131469114,0.41931165722831293,3.437586762962659e-05,0.0022135087779509765,64.39135738477421,2.2135087779509766e-11,0,64.39135738477421,42,14
cac40_full,23,250,458,2.1 Sample covariance,test,2026-02-04,2026-02-05,2026-04-07,0.6197548380906212,-6.851705685482136,8.980138909948293e-05,0.15043254319817137,8.318812704448302e-05,0.14478745807289292,0.24882233006548582,0.4626383779407503,0.5149250008793125,0.40879523629518283,3.475696116855057e-05,0.002195369051715678,63.163434831642654,2.1953690517156783e-11,0,63.163434831642654,42,14
cac40_full,23,250,459,2.1 Sample covariance,test,2026-02-24,2026-02-25,2026-04-27,0.7176047166549693,-7.0341410298021,8.537677839464432e-05,0.14667974691637004,8.024784324066423e-05,0.142205683770542,0.24663050626997807,0.5472004634855254,0.42548947306178947,0.40644014760576436,4.226375941493054e-05,0.0021680134990358295,51.29722317768859,2.1680134990358296e-11,0,51.29722317768859,42,14
cac40_full,23,250,460,2.1 Sample covariance,test,2026-03-16,2026-03-17,2026-05-18,0.7090879407087353,-7.09709259080958,6.688746490121983e-05,0.12982927695673036,5.600488283281401e-05,0.1187991181527419,0.26320516436867103,0.5834698464797051,0.41660969307229667,0.421094901306891,4.006353968234625e-05,0.002221603586597447,55.452004595998865,2.2216035865974473e-11,0,55.452004595998865,42,14
cac40_full,23,250,461,2.1 Sample covariance,test,2026-04-07,2026-04-08,2026-06-05,0.7185964904043547,-7.185070259978325,4.340664620651883e-05,0.10458716385887297,4.1493345367466055e-05,0.10225616378781988,0.21818076525274455,0.622658741064791,0.29636490820107,0.3790681381728685,3.989301659967745e-05,0.0017179110222138778,43.062951078705034,1.7179110222138777e-11,0,43.062951078705034,42,14
cac40_full,23,250,462,2.1 Sample covariance,test,2026-04-27,2026-04-28,2026-06-25,0.5761670190764719,-7.438438315348321,3.790292926001486e-05,0.09773197109198067,3.5215131035587296e-05,0.09420304146346868,0.20305306582680172,0.4878871988487424,0.23693419057847068,0.3092914850846716,3.930659057737073e-05,0.0019152873443681884,48.726875473927315,1.9152873443681884e-11,0,48.726875473927315,42,14
cac40_full,23,250,463,2.1 Sample covariance,test,2026-05-18,2026-05-19,2026-07-15,0.4908899098299559,-7.55467663607029,3.8104937832060044e-05,0.09799206260549438,3.422970364001888e-05,0.0928756443707647,0.1559827656698246,0.41114264811987583,0.16101945867714842,0.24271495748894958,3.886253733173759e-05,0.00203152341198171,52.27459531631354,2.03152341198171e-11,0,52.27459531631354,42,14
cac40_full,23,250,344,2.2 Tuned EWMA (half-life 252),test,2019-11-12,2019-11-13,2020-01-13,1.9984870794788543,-8.339699416810575,3.950709384807893e-05,0.09977869336544697,2.9596559779065463e-05,0.08636164116275521,0.15840375140474638,0.1267889973661752,0.4027302721808878,0.22930767365060314,2.3952880381969488e-05,0.002562667967975768,106.98788317353325,2.562667967975768e-11,0,106.98788317353325,42,14
cac40_full,23,250,345,2.2 Tuned EWMA (half-life 252),test,2019-12-02,2019-12-03,2020-01-31,0.9691760710666903,-8.256981258178921,4.1566684383239826e-05,0.10234649219478133,3.579396747437302e-05,0.09497410069878,0.14904973122152532,0.34119269708139893,0.4968877272862347,0.3290433851963863,2.4035635799960345e-05,0.0023246903260839016,96.71848689302145,2.3246903260839017e-11,0,96.71848689302145,42,14
cac40_full,23,250,346,2.2 Tuned EWMA (half-life 252),test,2019-12-20,2019-12-23,2020-02-20,0.6239799707907173,-8.039409564668052,3.6138760082120384e-05,0.09543043299018578,3.539287323091951e-05,0.09444047889645475,0.11326570859027474,0.33316674427754495,0.3545602094174973,0.26699755409510567,2.3904500008987685e-05,0.002123511949865488,88.83314643966968,2.123511949865488e-11,0,88.83314643966968,42,14
cac40_full,23,250,347,2.2 Tuned EWMA (half-life 252),test,2020-01-13,2020-01-14,2020-03-11,0.8298908482124551,-6.803780723537881,0.000297324484897742,0.27372572073926665,0.00028652077192237705,0.26870659561022875,0.07914737824670182,0.26462004964849406,0.3996929493037113,0.24782012573296908,2.2946147297569067e-05,0.001948642282312216,84.92241669339657,1.948642282312216e-11,0,84.92241669339657,42,14
cac40_full,23,250,348,2.2 Tuned EWMA (half-life 252),test,2020-01-31,2020-02-03,2020-03-31,0.9546149821666529,0.8000659912650008,0.0008728360372463714,0.4689932636894539,0.0008480645286192775,0.4622902348223007,0.15813061683680218,0.511175925339513,0.5022271064023222,0.39051121619287904,2.053217753473414e-05,0.0019210183438378298,93.56135463898345,1.9210183438378298e-11,0,93.56135463898345,42,14
cac40_full,23,250,349,2.2 Tuned EWMA (half-life 252),test,2020-02-20,2020-02-21,2020-04-22,0.9619552068768789,2.9229680902195447,0.0009702116626340815,0.49446267703820534,0.0009392793001742767,0.48651658105753987,0.16158715011305846,0.5909447461067291,0.52453239662576,0.4256880976151825,2.410131654768861e-05,0.0019036578634546108,78.98563797076793,1.9036578634546108e-11,0,78.98563797076793,42,14
cac40_full,23,250,350,2.2 Tuned EWMA (half-life 252),test,2020-03-11,2020-03-12,2020-05-13,0.9161017951146473,0.8100927700553966,0.0004124236854200019,0.3223829535286264,0.0006762441455428272,0.4128117303042544,0.17308747918003276,0.6560228459711395,0.5683067447537004,0.4658056899682908,2.7577373573091055e-05,0.004182172165947168,151.65230129195376,4.182172165947168e-11,0,151.65230129195376,42,14
cac40_full,23,250,351,2.2 Tuned EWMA (half-life 252),test,2020-03-31,2020-04-01,2020-06-02,0.483437058558557,-5.824891158515112,0.00019471465816141992,0.2215131911572713,0.0001967935025920308,0.2226925294058868,0.04863213422363921,0.3598463856635987,0.33077422659184624,0.2464175821596947,4.152389760507164e-05,0.010201917865648535,245.6878678075368,1.0201917865648536e-10,0,245.6878678075368,42,14
cac40_full,23,250,352,2.2 Tuned EWMA (half-life 252),test,2020-04-22,2020-04-23,2020-06-22,0.3620145861736274,-6.6507132883417475,0.00021034286504326133,0.23023119248030197,0.0001570317079329306,0.1989270982020763,0.05181776348392719,0.3952203425480385,0.2997890681511001,0.24894239139435528,4.518277351191003e-05,0.011453359827615597,253.48952570599786,1.1453359827615598e-10,0,253.48952570599786,42,14
cac40_full,23,250,353,2.2 Tuned EWMA (half-life 252),test,2020-05-13,2020-05-14,2020-07-10,0.39459126251499965,-6.995610449480353,0.00019080095953329085,0.2192757209596842,0.00016002714577368447,0.2008154394835429,0.07821892524950336,0.3098657254380533,0.3082930567079771,0.23212590246517792,4.6265768038076346e-05,0.011987221974473205,259.09484447783984,1.1987221974473205e-10,0,259.09484447783984,42,14
cac40_full,23,250,354,2.2 Tuned EWMA (half-life 252),test,2020-06-02,2020-06-03,2020-07-30,0.6620264293196427,-7.305607700994427,0.00016402423425594225,0.2033079118787497,0.00013726054245777455,0.1859829473348543,0.06888517919926196,0.3415725012850626,0.29083118795094637,0.23376295614509032,5.294998128634883e-05,0.01255421221778135,237.09568752988366,1.2554212217781352e-10,0,237.09568752988366,42,14
cac40_full,23,250,355,2.2 Tuned EWMA (half-life 252),test,2020-06-22,2020-06-23,2020-08-19,1.7277811181930713,-7.412812754393147,0.00012969936651196603,0.18078783244736202,0.00010702528012879637,0.16422658308707724,0.057248830391729455,0.27783525616664234,0.34195718509650325,0.22568042388495835,5.5433833532861774e-05,0.013116516223053142,236.61571619934114,1.3116516223053142e-10,0,236.61571619934114,42,14
cac40_full,23,250,356,2.2 Tuned EWMA (half-life 252),test,2020-07-10,2020-07-13,2020-09-08,2.2743112891786708,-7.42694735558087,0.00011820711955836214,0.17259256684083257,0.00010547361744442943,0.16303175026968278,0.04809216519426274,0.39120029085889985,0.28284865225898487,0.2407137027707158,5.521067740828262e-05,0.013058056655984423,236.51324832369244,1.3058056655984425e-10,0,236.51324832369244,42,14
cac40_full,23,250,357,2.2 Tuned EWMA (half-life 252),test,2020-07-30,2020-07-31,2020-09-28,1.394544903100609,-7.379869235915059,0.00010454472186182077,0.1623122605017219,0.00011105564549198559,0.1672902348135729,0.10888653301747353,0.2561220032771745,0.25576547014096446,0.2069246688118708,5.274181308384582e-05,0.012660956173075033,240.05538362792709,1.2660956173075034e-10,0,240.05538362792709,42,14
cac40_full,23,250,358,2.2 Tuned EWMA (half-life 252),test,2020-08-19,2020-08-20,2020-10-16,1.4311902780697618,-7.318295845650277,0.00010672529277234178,0.16399626147760238,9.753206784906003e-05,0.15677398093421985,0.13902352592462253,0.2243368180593547,0.20362767104621934,0.18899600501006553,5.4060706564695696e-05,0.012419384709076756,229.73034387210961,1.2419384709076755e-10,0,229.73034387210961,42,14
cac40_full,23,250,359,2.2 Tuned EWMA (half-life 252),test,2020-09-08,2020-09-09,2020-11-05,0.9135576941663979,-7.095770456487402,0.0001343282552788225,0.18398565251199145,0.00014210789119550337,0.18923844371920534,0.09013741268625064,0.3069364599948708,0.3307614751095211,0.24261178259688085,4.900780585199788e-05,0.012100940276467874,246.9186299221874,1.2100940276467875e-10,0,246.9186299221874,42,14
cac40_full,23,250,360,2.2 Tuned EWMA (half-life 252),test,2020-09-28,2020-09-29,2020-11-25,0.509480082878049,-6.948295660368842,0.0001599088653940379,0.20074121171124168,0.00018759766300298084,0.21742725467786042,0.16352613912802383,0.11424612743024835,0.299160668110187,0.19231097822281973,5.1323410578388064e-05,0.012037787572227485,234.5476934710281,1.2037787572227485e-10,0,234.5476934710281,42,14
cac40_full,23,250,361,2.2 Tuned EWMA (half-life 252),test,2020-10-16,2020-10-19,2020-12-15,0.4902597860877533,-7.071617874677539,0.00014658952012742263,0.19219926917683766,0.0001881792070921695,0.21776400112788777,0.1371009907242301,0.35080392276580175,0.35792098854825455,0.28194196734609545,4.9460014608949356e-05,0.011738127379935945,237.32559467970788,1.1738127379935944e-10,0,237.32559467970788,42,14
cac40_full,23,250,362,2.2 Tuned EWMA (half-life 252),test,2020-11-05,2020-11-06,2021-01-06,0.6814724890546673,-7.267575379019436,0.00012356485959061296,0.1764606035828804,0.00014289317595644408,0.18976058690103145,0.19645392893942704,0.19800307373698267,0.2655602182948666,0.22000574032375875,5.377042806571696e-05,0.011915624093343515,221.6018083170273,1.1915624093343515e-10,0,221.6018083170273,42,14
cac40_full,23,250,363,2.2 Tuned EWMA (half-life 252),test,2020-11-25,2020-11-26,2021-01-26,3.085222413526991,-7.4063978824319525,0.00010722396731846418,0.16437895170688058,7.444360121879627e-05,0.13696637363651218,0.13404899067514542,0.38875457607426905,0.32629110645933485,0.2830315577362497,5.6437226445033537e-05,0.013002933703143272,230.3963983029419,1.3002933703143272e-10,0,230.3963983029419,42,14
cac40_full,23,250,364,2.2 Tuned EWMA (half-life 252),test,2020-12-15,2020-12-16,2021-02-15,2.752697078889496,-7.363722814208069,8.336336293710257e-05,0.1449398753281851,8.818803324714712e-05,0.14907509643894606,0.10044499470096313,0.37007112323119157,0.30812066849894987,0.2595455954770349,6.128088251180602e-05,0.012644809544190897,206.34183167572402,1.2644809544190897e-10,0,206.34183167572402,42,14
cac40_full,23,250,365,2.2 Tuned EWMA (half-life 252),test,2021-01-06,2021-01-07,2021-03-05,3.138364617721397,-7.30010775220142,6.866099584735306e-05,0.13153923731546024,6.769186271227262e-05,0.1306076161772073,0.2154595751310049,0.35324663944169205,0.28883843717158886,0.2858482172480952,6.351938571287214e-05,0.01238528102630276,194.98426956280994,1.238528102630276e-10,0,194.98426956280994,42,14
cac40_full,23,250,366,2.2 Tuned EWMA (half-life 252),test,2021-01-26,2021-01-27,2021-03-25,3.870475932010667,-7.416585712536986,5.978785297530483e-05,0.12274583068184768,6.899155227575249e-05,0.13185549352791345,0.19900265364135095,0.3529360652450812,0.3327166296976274,0.29488511619468655,6.363924050251312e-05,0.012069076455225512,189.64834212232472,1.2069076455225512e-10,0,189.64834212232472,42,14
cac40_full,23,250,367,2.2 Tuned EWMA (half-life 252),test,2021-02-15,2021-02-16,2021-04-16,4.773499769828229,-7.564877283936047,4.5229551611756086e-05,0.10676069972683082,4.483995107100384e-05,0.10629989496651898,0.5890354181305668,0.37616564378050527,0.2786608535086346,0.41462063847323555,6.373557590147686e-05,0.011690755529423844,183.42590247392667,1.1690755529423844e-10,0,183.42590247392667,42,14
cac40_full,23,250,368,2.2 Tuned EWMA (half-life 252),test,2021-03-05,2021-03-08,2021-05-06,3.5043898970116776,-7.701939172774225,3.8563036132656366e-05,0.09857933406870531,3.420818217825746e-05,0.09284644262932684,0.1175266287410004,0.24639022668399324,0.277175647561116,0.21369750099536988,6.066575125306561e-05,0.008959851083661275,147.69208158793728,8.959851083661276e-11,0,147.69208158793728,42,14
cac40_full,23,250,369,2.2 Tuned EWMA (half-life 252),test,2021-03-25,2021-03-26,2021-05-26,2.4261300574275335,-7.898761153020436,3.6138239815243156e-05,0.0954297460619134,3.446397102612707e-05,0.09319292193393242,0.03721175966903778,0.22641723072720885,0.29413185945895437,0.18592028328506702,5.075113016941784e-05,0.006706408312057044,132.14303385303256,6.706408312057044e-11,0,132.14303385303256,42,14
cac40_full,23,250,370,2.2 Tuned EWMA (half-life 252),test,2021-04-16,2021-04-19,2021-06-15,2.048731244908337,-7.970997726678191,3.298672672082259e-05,0.09117376340618662,3.3057563859102386e-05,0.09127160616804003,0.04789869150017789,0.11913744632588423,0.22096409129235792,0.12933340970614002,4.148922701252246e-05,0.005857973750483383,141.19264619500632,5.857973750483382e-11,0,141.19264619500632,42,14
cac40_full,23,250,371,2.2 Tuned EWMA (half-life 252),test,2021-05-06,2021-05-07,2021-07-05,1.6389989711519097,-8.029530239147721,3.171842344304426e-05,0.0894038181938957,3.1870718647072255e-05,0.08961819624976955,0.185314595132128,0.24012659611256515,0.2333765673941081,0.21960591954626707,3.883060697162115e-05,0.005346491455699045,137.68755815757555,5.3464914556990455e-11,0,137.68755815757555,42,14
cac40_full,23,250,372,2.2 Tuned EWMA (half-life 252),test,2021-05-26,2021-05-27,2021-07-23,0.8963644528470114,-8.060419910429928,5.08853317277096e-05,0.11323914338859517,4.932186183276401e-05,0.11148591472404275,0.036671089877572505,0.3151718553738528,0.2914286115108708,0.21442385225409868,3.629769146584952e-05,0.004721784843845243,130.08499034401976,4.721784843845243e-11,0,130.08499034401976,42,14
cac40_full,23,250,373,2.2 Tuned EWMA (half-life 252),test,2021-06-15,2021-06-16,2021-08-12,0.6898673214149343,-7.935728939557152,4.49101878166004e-05,0.10638311581159532,4.9915643774302725e-05,0.1121549920026937,0.03729747536659678,0.15938943892293533,0.3053496750356513,0.16734552977506115,3.435483193497225e-05,0.004069434075464683,118.45303400602913,4.069434075464683e-11,0,118.45303400602913,42,14
cac40_full,23,250,374,2.2 Tuned EWMA (half-life 252),test,2021-07-05,2021-07-06,2021-09-01,0.936636722394491,-7.898358643871581,4.414779590405156e-05,0.10547627490493297,4.0719751692658355e-05,0.10129845717754,0.17139430818251233,0.1916868262990247,0.3847834895596425,0.2492882080137265,3.4082254655530566e-05,0.00398435817674128,116.90418421583895,3.98435817674128e-11,0,116.90418421583895,42,14
cac40_full,23,250,375,2.2 Tuned EWMA (half-life 252),test,2021-07-23,2021-07-26,2021-09-21,1.2783240693944113,-7.703054659961839,2.484471519206384e-05,0.0791256483600614,2.2174708513329933e-05,0.07475310391789189,0.23740764339595588,0.18456774289172553,0.3780929047689669,0.2666894303522161,3.204978452568443e-05,0.003987612409769961,124.41932040367763,3.987612409769961e-11,0,124.41932040367763,42,14
cac40_full,23,250,376,2.2 Tuned EWMA (half-life 252),test,2021-08-12,2021-08-13,2021-10-11,0.7411171593827736,-7.751502135081804,3.361378967930971e-05,0.09203627001995487,3.266148681737384e-05,0.09072317607964464,0.11055723643689963,0.18676343772615653,0.3713731748246834,0.2228979496625799,3.5425762763803624e-05,0.0037503824708354965,105.86596245903449,3.7503824708354964e-11,0,105.86596245903449,42,14
cac40_full,23,250,377,2.2 Tuned EWMA (half-life 252),test,2021-09-01,2021-09-02,2021-10-29,0.7254755884118228,-7.783428117133461,3.2163521815466816e-05,0.09002892589327964,3.699133351249959e-05,0.0965495522783503,0.12363023647501215,0.1808947798427408,0.32826960582583914,0.21093154071453069,3.481704470290647e-05,0.0036365866948532884,104.44845982432598,3.6365866948532885e-11,0,104.44845982432598,42,14
cac40_full,23,250,378,2.2 Tuned EWMA (half-life 252),test,2021-09-21,2021-09-22,2021-11-18,0.8127471955862077,-7.862914033324171,2.85002448416985e-05,0.08474704537686267,2.8111440089653636e-05,0.08416699414017775,0.22036871245313594,0.4028741930541952,0.3000214071835954,0.3077547708969755,3.3674476419493825e-05,0.003344128047966872,99.30749943393296,3.344128047966872e-11,0,99.30749943393296,42,14
cac40_full,23,250,379,2.2 Tuned EWMA (half-life 252),test,2021-10-11,2021-10-12,2021-12-08,0.47648762078731327,-7.771004323890063,5.7629361486830093e-05,0.12050974688663645,6.97453190070198e-05,0.13257382995813688,0.1401459825841832,0.375630654372179,0.3258340338211034,0.2805368902591552,3.240903673941025e-05,0.003299982527362426,101.82291297012108,3.299982527362426e-11,0,101.82291297012108,42,14
cac40_full,23,250,380,2.2 Tuned EWMA (half-life 252),test,2021-10-29,2021-11-01,2021-12-28,0.5142583839789271,-7.831488653791233,5.860150339705003e-05,0.1215219274701344,6.601945907871232e-05,0.12898412184387467,0.30222668372071226,0.37690213667550726,0.3256167758023949,0.3349151987328715,3.061711856044576e-05,0.002497889419967868,81.58473224828185,2.4978894199678678e-11,0,81.58473224828185,42,14
cac40_full,23,250,381,2.2 Tuned EWMA (half-life 252),test,2021-11-18,2021-11-19,2022-01-17,0.5818161136386987,-7.77877620590037,6.422039654607228e-05,0.1272145429171139,7.183129594804284e-05,0.13454176518429806,0.32118225373308706,0.3691198955646724,0.35620269794931464,0.34883494908235807,2.8224452445017432e-05,0.0020745956575623763,73.5034864397737,2.0745956575623764e-11,0,73.5034864397737,42,14
cac40_full,23,250,382,2.2 Tuned EWMA (half-life 252),test,2021-12-08,2021-12-09,2022-02-04,0.4947394774617809,-7.8258350597233335,4.015632680577734e-05,0.10059520045735726,4.2303402513799816e-05,0.1032494912020275,0.14177268350626315,0.4020184628854428,0.4009984274631753,0.3149298579516271,2.8694890423193488e-05,0.002367550163595975,82.50772624252062,2.367550163595975e-11,0,82.50772624252062,42,14
cac40_full,23,250,383,2.2 Tuned EWMA (half-life 252),test,2021-12-28,2021-12-29,2022-02-24,0.5682002467391668,-7.416128302356742,5.805176857567562e-05,0.12095059190045436,6.821343793856271e-05,0.13110982556817702,0.11531266328088641,0.3771830283231765,0.3927733507228852,0.2950896807756494,2.859098561143278e-05,0.00228047182986361,79.76191729996569,2.2804718298636103e-11,0,79.76191729996569,42,14
cac40_full,23,250,384,2.2 Tuned EWMA (half-life 252),test,2022-01-17,2022-01-18,2022-03-16,0.8373227154739392,-6.288991432752345,0.00014262128978832287,0.1895799700038413,0.00017891247069346452,0.21233450641559196,0.23975840550586236,0.1489149339957172,0.4070927163871474,0.265255351962909,2.686238896219524e-05,0.002137635592703226,79.57727049934485,2.137635592703226e-11,0,79.57727049934485,42,14
cac40_full,23,250,385,2.2 Tuned EWMA (half-life 252),test,2022-02-04,2022-02-07,2022-04-05,0.8322989856341626,-6.344277793898413,0.00011642813508929169,0.17128890811287667,0.00014250741467560301,0.18950427039581974,0.2857637847226464,0.15109103181904793,0.4166887556900514,0.2845145240772486,2.7480871594368962e-05,0.0023446029397767754,85.31763382123594,2.3446029397767755e-11,0,85.31763382123594,42,14
cac40_full,23,250,386,2.2 Tuned EWMA (half-life 252),test,2022-02-24,2022-02-25,2022-04-27,0.7925066328368501,-6.645754577518391,8.438216683458883e-05,0.14582285843555662,0.00010328647450707294,0.16133254964755991,0.25881606987556294,0.11059859879916993,0.4243760949146533,0.26459692119646205,3.0434433236589694e-05,0.0026852015967421456,88.22906527839892,2.6852015967421456e-11,0,88.22906527839892,42,14
cac40_full,23,250,387,2.2 Tuned EWMA (half-life 252),test,2022-03-16,2022-03-17,2022-05-17,0.39168680906752157,-7.588505056486651,5.581035911029412e-05,0.1185926241205334,2.5925824110421208e-05,0.08082887897172733,0.05714524791652176,0.14633764489530998,0.43474628945394134,0.2127430607552577,3.2508360784947146e-05,0.004277252824262262,131.57393116674234,4.2772528242622624e-11,0,131.57393116674234,42,14
cac40_full,23,250,388,2.2 Tuned EWMA (half-life 252),test,2022-04-05,2022-04-06,2022-06-06,0.5682234744157255,-7.705938048137353,4.857866123629135e-05,0.11064277035371728,3.191016773076831e-05,0.08967364310740149,0.12369285690379783,0.1333804540530772,0.38111984901395696,0.21273105332361064,3.115010579168412e-05,0.004368839826185986,140.2512034919733,4.368839826185986e-11,0,140.2512034919733,42,14
cac40_full,23,250,389,2.2 Tuned EWMA (half-life 252),test,2022-04-27,2022-04-28,2022-06-24,0.36797797843090363,-7.472859507127396,6.40600278034923e-05,0.12705560596242915,4.6229857061053164e-05,0.10793481356534321,0.05195947611435214,0.28739792365525396,0.24338478316756085,0.194247394312389,3.124740104185299e-05,0.004373303364669277,139.9573474546457,4.373303364669277e-11,0,139.9573474546457,42,14
cac40_full,23,250,390,2.2 Tuned EWMA (half-life 252),test,2022-05-17,2022-05-18,2022-07-14,0.3696964967278092,-7.345453088304725,5.385133876284075e-05,0.11649264941718798,5.510684054539897e-05,0.11784279281076353,0.07108943535466428,0.28721281821087485,0.22957756559743267,0.1959599397209906,2.9795154814030873e-05,0.004490367294901505,150.70796990076187,4.4903672949015045e-11,0,150.70796990076187,42,14
cac40_full,23,250,391,2.2 Tuned EWMA (half-life 252),test,2022-06-06,2022-06-07,2022-08-03,0.4281825353099775,-7.146171125911179,6.110003630265853e-05,0.12408549128834503,7.09271149012668e-05,0.13369230701547205,0.10206167810481814,0.37120217895204205,0.28037112208618103,0.25121165971434706,2.9870753461666394e-05,0.004488825648964086,150.27493882016287,4.488825648964086e-11,0,150.27493882016287,42,14
cac40_full,23,250,392,2.2 Tuned EWMA (half-life 252),test,2022-06-24,2022-06-27,2022-08-23,0.6138397981770187,-7.431576313323984,5.554659694919281e-05,0.11831205530797184,5.948387268775467e-05,0.12243339379970718,0.1612675808825218,0.40404562553516027,0.3684621941500756,0.31125846685591924,3.312295129508081e-05,0.004726842954428903,142.70597182959665,4.726842954428904e-11,0,142.70597182959665,42,14
cac40_full,23,250,393,2.2 Tuned EWMA (half-life 252),test,2022-07-14,2022-07-15,2022-09-12,0.8957488964146697,-7.650047195838255,5.2018098816240654e-05,0.11449262378726695,5.514757643364668e-05,0.11788634043551849,0.07950377992985325,0.40543700311643655,0.4571690143489233,0.3140365991317377,4.004311771083306e-05,0.004802427641511941,119.93141183941123,4.8024276415119413e-11,0,119.93141183941123,42,14
cac40_full,23,250,394,2.2 Tuned EWMA (half-life 252),test,2022-08-03,2022-08-04,2022-09-30,0.7353132021577962,-7.6160921113302535,7.361379546963446e-05,0.13620086805284276,6.622562797908427e-05,0.1291853639183992,0.11019833436765636,0.4052894231222605,0.38410402890105644,0.2998639287969911,3.640857056756111e-05,0.004824538443898333,132.51106452931842,4.824538443898333e-11,0,132.51106452931842,42,14
cac40_full,23,250,395,2.2 Tuned EWMA (half-life 252),test,2022-08-23,2022-08-24,2022-10-20,0.4655899055141083,-7.594210064272105,9.151169276485908e-05,0.1518583108583277,8.784919378576096e-05,0.14878842977198115,0.11509227319307469,0.17694399003202324,0.3559139734058658,0.21598341221032125,3.6406529003635815e-05,0.004704146079790692,129.21160595455012,4.704146079790692e-11,0,129.21160595455012,42,14
cac40_full,23,250,396,2.2 Tuned EWMA (half-life 252),test,2022-09-12,2022-09-13,2022-11-09,0.5814881468496855,-7.433569785292321,9.269659782667512e-05,0.15283828922204715,9.28004868433769e-05,0.15292391142176223,0.15876657430037533,0.22853763165535698,0.3361802881358331,0.2411614980305218,3.672597495309722e-05,0.004713199238597479,128.33421698448333,4.7131992385974794e-11,0,128.33421698448333,42,14
cac40_full,23,250,397,2.2 Tuned EWMA (half-life 252),test,2022-09-30,2022-10-03,2022-11-29,0.8250191333725531,-7.616072933598092,6.090954503384052e-05,0.12389190993978505,5.1913465585132516e-05,0.11437741616006804,0.19171841312633087,0.36900720486791383,0.27483672682303545,0.27852078160576005,3.6824474374423415e-05,0.004743482137892056,128.81330198121336,4.743482137892056e-11,0,128.81330198121336,42,14
cac40_full,23,250,398,2.2 Tuned EWMA (half-life 252),test,2022-10-20,2022-10-21,2022-12-19,1.1364293010634947,-7.641705184811811,6.357184490401885e-05,0.12657055311490406,5.3741811572870884e-05,0.11637412305303728,0.23977062344634714,0.3869416638445069,0.3519629605619427,0.3262250826175989,3.614920816491001e-05,0.004842026597171248,133.94557842269413,4.842026597171248e-11,0,133.94557842269413,42,14
cac40_full,23,250,399,2.2 Tuned EWMA (half-life 252),test,2022-11-09,2022-11-10,2023-01-09,1.0102044328156023,-7.7467871353326085,7.773265779353578e-05,0.13995938612315723,6.414702404148656e-05,0.12714185014563306,0.17563760412914764,0.3684091438743307,0.32525848745592745,0.2897684118198019,3.1041132459778866e-05,0.004818582240407543,155.2321664375859,4.818582240407543e-11,0,155.2321664375859,42,14
cac40_full,23,250,400,2.2 Tuned EWMA (half-life 252),test,2022-11-29,2022-11-30,2023-01-27,1.153996205088666,-7.824664190982174,6.530880570342896e-05,0.12828803154333648,6.039421142566208e-05,0.12336669436791618,0.10643501163987679,0.38146823203348096,0.3687566951799303,0.28555331295109604,3.83543659193922e-05,0.0044989055833100046,117.29839551422047,4.498905583310005e-11,0,117.29839551422047,42,14
cac40_full,23,250,401,2.2 Tuned EWMA (half-life 252),test,2022-12-19,2022-12-20,2023-02-16,1.369803189757286,-7.59129316374443,8.822847757134764e-05,0.14910927653227884,9.077136400528149e-05,0.1512427972808323,0.17399793830646115,0.3457871836655304,0.42600367355774876,0.3152629318432468,3.7950458320888105e-05,0.004425360925653799,116.60889278952556,4.4253609256537994e-11,0,116.60889278952556,42,14
cac40_full,23,250,402,2.2 Tuned EWMA (half-life 252),test,2023-01-09,2023-01-10,2023-03-08,2.0120231188639974,-7.5286434643016005,6.635138255833759e-05,0.1293079595566378,6.832804696748201e-05,0.13121992164227758,0.17895473334578227,0.5054385017552709,0.4298842358335677,0.3714258236448737,3.685509555668049e-05,0.004438363515842839,120.4274049165591,4.438363515842839e-11,0,120.4274049165591,42,14
cac40_full,23,250,403,2.2 Tuned EWMA (half-life 252),test,2023-01-27,2023-01-30,2023-03-28,0.4734728662247747,-7.500360115708035,7.169863044331207e-05,0.1344174649058471,7.749017754924965e-05,0.13974092007143402,0.12630201172506517,0.3691707370060278,0.4034107187533586,0.2996278224948172,3.7879946015709556e-05,0.004179179402414758,110.32696299729598,4.179179402414758e-11,0,110.32696299729598,42,14
cac40_full,23,250,404,2.2 Tuned EWMA (half-life 252),test,2023-02-16,2023-02-17,2023-04-19,0.5338452622087749,-7.750875633137201,3.826332020078139e-05,0.09819550239495142,3.9374040124244604e-05,0.0996105321304411,0.19016616081266058,0.3080392385628268,0.31600353033046247,0.2714029765686499,3.962130773320617e-05,0.003759550045125867,94.8870761773224,3.759550045125867e-11,0,94.8870761773224,42,14
cac40_full,23,250,405,2.2 Tuned EWMA (half-life 252),test,2023-03-08,2023-03-09,2023-05-10,0.5310508096292884,-7.798263035602667,4.081496093787573e-05,0.10141681397255922,4.537883408306363e-05,0.10693673919159885,0.15535433779106922,0.2679659754738399,0.29863282739493124,0.24065104688661343,3.702466644053578e-05,0.002953264524017213,79.76478407335185,2.953264524017213e-11,0,79.76478407335185,42,14
cac40_full,23,250,406,2.2 Tuned EWMA (half-life 252),test,2023-03-28,2023-03-29,2023-05-30,1.1800664635454532,-7.911201818828903,4.356652190671973e-05,0.10477959496244185,3.559368277769729e-05,0.0947080147610524,0.1261461746152116,0.20513416601960222,0.28813227941637826,0.20647087335039735,3.633343164461514e-05,0.0033914264208553878,93.34175901763521,3.3914264208553876e-11,0,93.34175901763521,42,14
cac40_full,23,250,407,2.2 Tuned EWMA (half-life 252),test,2023-04-19,2023-04-20,2023-06-19,1.0480773141046618,-7.907441796418055,3.264853705943033e-05,0.09070518915131837,3.0301243605984953e-05,0.0873837135209314,0.07030739323634805,0.16637729085453254,0.2819557961507792,0.17288016008055326,3.633295413917757e-05,0.003298602938701393,90.78818435918296,3.298602938701393e-11,0,90.78818435918296,42,14
cac40_full,23,250,408,2.2 Tuned EWMA (half-life 252),test,2023-05-10,2023-05-11,2023-07-07,0.8340976317153942,-7.996869399474784,3.964161406465245e-05,0.0999484204191963,3.6111864196785944e-05,0.09539491484135859,0.03724833231861013,0.27879636343077685,0.34724562833116046,0.22109677469351582,3.6567472749693414e-05,0.0031215419667908113,85.36389671110051,3.121541966790811e-11,0,85.36389671110051,42,14
cac40_full,23,250,409,2.2 Tuned EWMA (half-life 252),test,2023-05-30,2023-05-31,2023-07-27,0.7812216573948426,-7.945271705244942,4.025520878365202e-05,0.10071897841757683,3.975729876130658e-05,0.10009415211614142,0.07091348300720102,0.3760809344203999,0.41122763658149286,0.2860740180030313,3.6435600179719026e-05,0.003019415303927837,82.86992087503802,3.019415303927837e-11,0,82.86992087503802,42,14
cac40_full,23,250,410,2.2 Tuned EWMA (half-life 252),test,2023-06-19,2023-06-20,2023-08-16,0.8450554253712054,-8.01788230022058,4.3040745596958144e-05,0.10414541703999006,4.567016976039984e-05,0.10727946112663299,0.10308720939994176,0.4216782209332132,0.45469465701658657,0.32648669578324724,3.7002837440705e-05,0.002790316870936575,75.40818661292944,2.790316870936575e-11,0,75.40818661292944,42,14
cac40_full,23,250,411,2.2 Tuned EWMA (half-life 252),test,2023-07-07,2023-07-10,2023-09-05,1.27402966915222,-8.055189833830969,3.285289755091708e-05,0.0909886266674638,3.511024582871542e-05,0.09406264906346347,0.15637230417848702,0.48998861131054167,0.5041469974825744,0.383502637657201,3.603637445460044e-05,0.0025951150379267774,72.01376601289817,2.5951150379267775e-11,0,72.01376601289817,42,14
cac40_full,23,250,412,2.2 Tuned EWMA (half-life 252),test,2023-07-27,2023-07-28,2023-09-25,1.293249073609492,-8.026753138100998,3.2796229023994914e-05,0.09091011887599047,3.2400394871157156e-05,0.09035983348552389,0.22624241828133618,0.4386867084994142,0.38382087575461904,0.3495833341784565,3.598281314002231e-05,0.0025423262808331485,70.65390554485069,2.5423262808331487e-11,0,70.65390554485069,42,14
cac40_full,23,250,413,2.2 Tuned EWMA (half-life 252),test,2023-08-16,2023-08-17,2023-10-13,0.9204189762624014,-8.020701704379508,3.072028111053225e-05,0.08798585590794765,2.6662581755042695e-05,0.0819693272039655,0.16286162819606453,0.3074591635788246,0.37173321879155313,0.2806846701888141,3.705550783909895e-05,0.0024688407030815,66.62547208370773,2.4688407030815e-11,0,66.62547208370773,42,14
cac40_full,23,250,414,2.2 Tuned EWMA (half-life 252),test,2023-09-05,2023-09-06,2023-11-02,0.7122726385900359,-7.515436638469484,7.041636825925799e-05,0.13321007770185037,5.8907990162577605e-05,0.12183929382990348,0.12865892192971717,0.5681649744604208,0.3779738556232006,0.3582659173377795,3.634745579312524e-05,0.002280330495169241,62.73700443156032,2.280330495169241e-11,0,62.73700443156032,42,14
cac40_full,23,250,415,2.2 Tuned EWMA (half-life 252),test,2023-09-25,2023-09-26,2023-11-22,0.6987693578214803,-7.618614893812473,4.938075229411549e-05,0.11155245213852139,4.450087171658579e-05,0.10589721277059004,0.14611275609584717,0.4696877569789301,0.4511913371492997,0.3556639500746923,3.393847885067887e-05,0.0020687060593756737,60.95458987650808,2.0687060593756736e-11,0,60.95458987650808,42,14
cac40_full,23,250,416,2.2 Tuned EWMA (half-life 252),test,2023-10-13,2023-10-16,2023-12-12,0.9545280899889402,-7.7375500660164676,4.25908266509037e-05,0.10359965403430521,3.656791750630253e-05,0.09599539161641166,0.9690175541086222,0.5080412668269999,0.45961327836766613,0.6455573664344294,3.529786249583408e-05,0.0020389749442475337,57.76482767159562,2.0389749442475338e-11,0,57.76482767159562,42,14
cac40_full,23,250,417,2.2 Tuned EWMA (half-life 252),test,2023-11-02,2023-11-03,2024-01-04,1.0167380849965708,-8.14827372841567,2.1893542873008217e-05,0.07427767365768849,1.8022825876348833e-05,0.06739252273687271,0.3543805228797672,0.38281726717919895,0.4521435856190849,0.39644712522601705,3.25805406397445e-05,0.0019544277226586325,59.98757799232025,1.9544277226586326e-11,0,59.98757799232025,42,14
cac40_full,23,250,418,2.2 Tuned EWMA (half-life 252),test,2023-11-22,2023-11-23,2024-01-24,1.0040165183481,-8.15931504350723,1.90342993954916e-05,0.06925780423651823,1.733161012611821e-05,0.06608756124855712,0.20999454302627718,0.414188127364,0.46599165609599286,0.36339144216209,3.1797138253034706e-05,0.0019248377467815366,60.53493655511061,1.9248377467815367e-11,0,60.53493655511061,42,14
cac40_full,23,250,419,2.2 Tuned EWMA (half-life 252),test,2023-12-12,2023-12-13,2024-02-13,0.7608700177151468,-7.621268498036392,2.3578783058426665e-05,0.077083418001043,2.0126381252009218e-05,0.07121690863486228,0.3456797168932355,0.45101259339279814,0.41903082699139443,0.4052410457591427,3.094120389112944e-05,0.0017933913653892133,57.96126652665129,1.7933913653892132e-11,0,57.96126652665129,42,14
cac40_full,23,250,420,2.2 Tuned EWMA (half-life 252),test,2024-01-04,2024-01-05,2024-03-04,0.8538175879062759,-7.393512817514369,2.3955090075916612e-05,0.07769609191671732,1.926619534945679e-05,0.06967841292726974,0.39047341811481484,0.6687451246178169,0.43711570251232684,0.49877808174831956,3.0547424983789057e-05,0.0017274490002414495,56.54974195560425,1.7274490002414494e-11,0,56.54974195560425,42,14
cac40_full,23,250,421,2.2 Tuned EWMA (half-life 252),test,2024-01-24,2024-01-25,2024-03-22,0.911641517317744,-7.344224884568513,2.407394083878668e-05,0.07788859410320771,1.9611979575649622e-05,0.07030091644540422,0.6437568753433974,0.5198556832563493,0.4792564519931837,0.5476230035309768,2.869392452723805e-05,0.001688601994410452,58.84876405831229,1.688601994410452e-11,0,58.84876405831229,42,14
cac40_full,23,250,422,2.2 Tuned EWMA (half-life 252),test,2024-02-13,2024-02-14,2024-04-15,1.1306923219872178,-7.809021439838301,1.8769862559622543e-05,0.06877503446036855,1.6656155897416007e-05,0.06478696849018971,0.30704585351489755,0.48486995029431124,0.504748156792179,0.4322213202004626,2.6191580665955867e-05,0.0016369137102020816,62.49770607887602,1.6369137102020815e-11,0,62.49770607887602,42,14
cac40_full,23,250,423,2.2 Tuned EWMA (half-life 252),test,2024-03-04,2024-03-05,2024-05-06,0.8603585242556454,-7.853913988004362,2.099101029963885e-05,0.07273056163339446,2.1376313783122278e-05,0.07339503439161817,0.2508931581377727,0.43391834886468333,0.4170602673118387,0.3672905914380982,2.763266428430379e-05,0.0015681334904263733,56.74926870215413,1.5681334904263734e-11,0,56.74926870215413,42,14
cac40_full,23,250,424,2.2 Tuned EWMA (half-life 252),test,2024-03-22,2024-03-25,2024-05-24,0.7356770741690504,-7.999669818249127,2.04090456356383e-05,0.07171526685567621,2.017462506679269e-05,0.07130221256617328,0.10277951762131632,0.5217543763632716,0.46061791078150355,0.3617172682553638,2.7419264586847484e-05,0.0012131887569989857,44.245853245127876,1.2131887569989857e-11,0,44.245853245127876,42,14
cac40_full,23,250,425,2.2 Tuned EWMA (half-life 252),test,2024-04-15,2024-04-16,2024-06-13,0.5577892839333651,-7.84166702398762,3.1541486972882735e-05,0.08915410656367126,3.434459393906592e-05,0.09303138004267492,0.19035509116842486,0.5345178064344499,0.41381401448205163,0.37956230402830876,2.8768973262492632e-05,0.0011717614433210078,40.730040402543125,1.1717614433210079e-11,0,40.730040402543125,42,14
cac40_full,23,250,426,2.2 Tuned EWMA (half-life 252),test,2024-05-06,2024-05-07,2024-07-03,0.6428935847639381,-7.916177060991958,4.983420411989346e-05,0.11206346165549746,5.133910585811954e-05,0.11374293242327685,0.2633890203383805,0.48446426256111824,0.46092337137231704,0.40292555142393865,2.8876682585572333e-05,0.0011698011221232165,40.51023238755565,1.1698011221232165e-11,0,40.51023238755565,42,14
cac40_full,23,250,427,2.2 Tuned EWMA (half-life 252),test,2024-05-24,2024-05-27,2024-07-23,0.6242805090166904,-7.90964041949683,4.695762265497036e-05,0.10878106870707113,5.051833555828794e-05,0.11283005167369446,0.19209719760191413,0.434475115814654,0.44031118389644236,0.3556278324376702,2.75646537862935e-05,0.0011025850540975328,39.99996018980627,1.1025850540975327e-11,0,39.99996018980627,42,14
cac40_full,23,250,428,2.2 Tuned EWMA (half-life 252),test,2024-06-13,2024-06-14,2024-08-12,0.6277679602490752,-7.837789077638828,5.2645372435377475e-05,0.11518087451358895,5.501806933726803e-05,0.1177478385066645,0.08180292515152299,0.34185912864412127,0.5081504304606898,0.310604161418778,3.291006871072133e-05,0.0011524989370305817,35.01964542101136,1.1524989370305818e-11,0,35.01964542101136,42,14
cac40_full,23,250,429,2.2 Tuned EWMA (half-life 252),test,2024-07-03,2024-07-04,2024-08-30,0.5176497790240329,-8.08095951611548,3.298480597672845e-05,0.0911711089443118,3.436857963817873e-05,0.09306386016505569,0.06147320129881817,0.4198944568832272,0.42915373060980283,0.3035071295972827,3.259379163668143e-05,0.001217326165125962,37.348406061354616,1.217326165125962e-11,0,37.348406061354616,42,14
cac40_full,23,250,430,2.2 Tuned EWMA (half-life 252),test,2024-07-23,2024-07-24,2024-09-19,0.570329436544803,-8.006511639903833,2.6910316946908014e-05,0.08234925543452606,2.876311506999807e-05,0.08513697785122229,0.12257747884689385,0.4508791855184624,0.47291224373740154,0.3487896360342526,3.332804379042824e-05,0.0012243551756125303,36.73648484475897,1.2243551756125303e-11,0,36.73648484475897,42,14
cac40_full,23,250,431,2.2 Tuned EWMA (half-life 252),test,2024-08-12,2024-08-13,2024-10-09,0.5462629469164286,-8.025918019158272,2.1131247207608443e-05,0.0729731066648346,2.238596133190069e-05,0.07510833679185669,0.1869807573760356,0.3900477398138991,0.33227769085156583,0.30310206268050016,3.347249588512033e-05,0.0014219031548852819,42.47974694702604,1.4219031548852819e-11,0,42.47974694702604,42,14
cac40_full,23,250,432,2.2 Tuned EWMA (half-life 252),test,2024-08-30,2024-09-02,2024-10-29,0.571689726511975,-7.755834904508015,2.1054662556573677e-05,0.0728407507117861,2.2355023533600465e-05,0.07505641831627272,0.21019061374606618,0.4130939131675128,0.38718766703657564,0.33682406465005155,3.144510854774385e-05,0.0013921872963968084,44.273572606150104,1.3921872963968084e-11,0,44.273572606150104,42,14
cac40_full,23,250,433,2.2 Tuned EWMA (half-life 252),test,2024-09-19,2024-09-20,2024-11-18,0.6262992734337248,-7.436575947823721,4.015928583900347e-05,0.10059890671090255,4.0015417028368465e-05,0.10041854953716894,0.25514429919264303,0.3413800717234606,0.410096021404359,0.33554013077348754,3.185542429524414e-05,0.0014047884762425683,44.09887820744853,1.4047884762425684e-11,0,44.09887820744853,42,14
cac40_full,23,250,434,2.2 Tuned EWMA (half-life 252),test,2024-10-09,2024-10-10,2024-12-06,0.5105996528827171,-7.580389537289628,3.724345241585045e-05,0.09687801612746988,3.6540192323822774e-05,0.09595899366710417,0.13510786139122355,0.3611835563849875,0.4169129157925026,0.3044014445229046,3.3758690543144494e-05,0.00155841550128815,46.16338715201213,1.55841550128815e-11,0,46.16338715201213,42,14
cac40_full,23,250,435,2.2 Tuned EWMA (half-life 252),test,2024-10-29,2024-10-30,2024-12-30,0.500949512397612,-7.740075985338266,3.311185807967876e-05,0.09134652831979466,3.4835570121518356e-05,0.09369398951172175,0.08832613208728668,0.4332104865766065,0.4360024352395948,0.31917968463449603,3.438370338047183e-05,0.0015048635651639197,43.7667678932632,1.50486356516392e-11,0,43.7667678932632,42,14
cac40_full,23,250,436,2.2 Tuned EWMA (half-life 252),test,2024-11-18,2024-11-19,2025-01-20,0.4285642141268228,-8.079780427766263,2.411838166706402e-05,0.07796045266736291,2.7313141303844325e-05,0.08296331483594885,0.05110321175683652,0.36158320290325263,0.33812830316209186,0.2502715726073937,3.428929405921675e-05,0.0015756352315208929,45.9512298153415,1.575635231520893e-11,0,45.9512298153415,42,14
cac40_full,23,250,437,2.2 Tuned EWMA (half-life 252),test,2024-12-06,2024-12-09,2025-02-07,0.48664841531711683,-7.717422535962922,2.0564173018200314e-05,0.07198730166207426,2.3749672826565386e-05,0.07736224888338289,0.10759675406558589,0.4399609806555313,0.4007373589543819,0.31609836455849966,3.415353472316505e-05,0.0015623396524829035,45.74459613467849,1.5623396524829034e-11,0,45.74459613467849,42,14
cac40_full,23,250,438,2.2 Tuned EWMA (half-life 252),test,2024-12-30,2024-12-31,2025-02-27,0.5704216222187649,-7.19634369935087,2.086605214093128e-05,0.07251375827741025,2.0501411402046343e-05,0.07187736551457405,0.16495787627238712,0.45455972878684037,0.4011160281431531,0.3402112110674602,3.263457963073428e-05,0.0015383547418600383,47.138794470980756,1.5383547418600383e-11,0,47.138794470980756,42,14
cac40_full,23,250,439,2.2 Tuned EWMA (half-life 252),test,2025-01-20,2025-01-21,2025-03-19,0.6209561715162024,-6.821978221902141,3.1200429899726175e-05,0.0886707862530326,1.9404568797986148e-05,0.06992818699989661,0.2163907376673232,0.3697178188109866,0.42162180465572957,0.3359101203780131,3.035798768849047e-05,0.0015816203527149882,52.09898524712239,1.5816203527149883e-11,0,52.09898524712239,42,14
cac40_full,23,250,440,2.2 Tuned EWMA (half-life 252),test,2025-02-07,2025-02-10,2025-04-08,0.7017224238952477,-6.971421720093553,9.80506988105594e-05,0.15719025446973794,8.775553099454788e-05,0.14870909121713463,0.1804420948788078,0.3393164208000419,0.4034783721143916,0.3077456292644138,3.1456335982536834e-05,0.0016467645638346047,52.35080667846425,1.6467645638346048e-11,0,52.35080667846425,42,14
cac40_full,23,250,441,2.2 Tuned EWMA (half-life 252),test,2025-02-27,2025-02-28,2025-04-30,0.7720936656289903,-7.0552827106829525,0.00012069492929183712,0.1743993181796963,0.00011757541268778054,0.17213077585754588,0.19866095708813747,0.3213387722866227,0.36519125413587367,0.2950636611702113,2.7001851178291754e-05,0.0016592114057033204,61.44806127356372,1.6592114057033205e-11,0,61.44806127356372,42,14
cac40_full,23,250,442,2.2 Tuned EWMA (half-life 252),test,2025-03-19,2025-03-20,2025-05-21,0.7277415739766989,-7.354305658053629,0.00012408631104153972,0.17683254899047293,0.00012782899309293931,0.1794795427323702,0.10830810589389506,0.2527446245038594,0.35097231056898287,0.23734168032224578,2.713123107406229e-05,0.0017685777614114418,65.18604911747697,1.768577761411442e-11,0,65.18604911747697,42,14
cac40_full,23,250,443,2.2 Tuned EWMA (half-life 252),test,2025-04-08,2025-04-09,2025-06-10,0.406282760667971,-7.684608019706103,3.9682572872363205e-05,0.1000000418191689,4.5629855804701146e-05,0.10723210182955796,0.07431591713746521,0.1798512345962484,0.3703789715770411,0.20818204110358493,2.7166591862454382e-05,0.0023837865860858493,87.74698711399144,2.3837865860858493e-11,0,87.74698711399144,42,14
cac40_full,23,250,444,2.2 Tuned EWMA (half-life 252),test,2025-04-30,2025-05-02,2025-06-30,0.7161411678747348,-7.779386116961086,3.181582555833901e-05,0.08954098525648146,3.133897768923456e-05,0.08886744273178514,0.18888886936722094,0.5005815590309852,0.44476287260224545,0.37807776700015056,2.7710275063201563e-05,0.00266685645144942,96.24070657425294,2.66685645144942e-11,0,96.24070657425294,42,14
cac40_full,23,250,445,2.2 Tuned EWMA (half-life 252),test,2025-05-21,2025-05-22,2025-07-18,0.7294421116280793,-7.668747768052368,3.406833003920945e-05,0.09265645778833109,2.4426553523337666e-05,0.07845694034233741,0.22717446736691205,0.42133993859086666,0.36274503112482476,0.3370864790275345,2.8815432792381974e-05,0.0027068175507054624,93.93638368052109,2.7068175507054623e-11,0,93.93638368052109,42,14
cac40_full,23,250,446,2.2 Tuned EWMA (half-life 252),test,2025-06-10,2025-06-11,2025-08-07,0.56450882913105,-7.261932260819764,4.36599321802364e-05,0.10489186293235321,3.346593261156872e-05,0.09183362683742441,0.12355014808785203,0.429633953920532,0.4360649587848167,0.32974968693106693,2.7823164796626494e-05,0.0025476188129019283,91.56466676324406,2.547618812901928e-11,0,91.56466676324406,42,14
cac40_full,23,250,447,2.2 Tuned EWMA (half-life 252),test,2025-06-30,2025-07-01,2025-08-27,0.5916579310506274,-7.402663332423418,3.9715460713355326e-05,0.10004147189923558,4.160190794329056e-05,0.10238984716127485,0.17869619674736748,0.42979369663879896,0.3080265754732226,0.30550548961979634,2.6268538551500582e-05,0.0025745291461732743,98.00808450480794,2.5745291461732745e-11,0,98.00808450480794,42,14
cac40_full,23,250,448,2.2 Tuned EWMA (half-life 252),test,2025-07-18,2025-07-21,2025-09-16,0.6949580253196811,-7.43636370233616,3.0249916429161166e-05,0.08730967266087197,3.295844039807565e-05,0.0911346639886002,0.15973209766801777,0.38802081979170905,0.3668057285527104,0.3048528820041458,2.607876855538581e-05,0.0025533534924709863,97.90928153099719,2.5533534924709862e-11,0,97.90928153099719,42,14
cac40_full,23,250,449,2.2 Tuned EWMA (half-life 252),test,2025-08-07,2025-08-08,2025-10-06,0.9499780039821538,-7.86621338142706,2.288851598039032e-05,0.07594673151004169,2.7564424776578975e-05,0.08334407623639428,0.2549623440629437,0.4349032589361453,0.3230212709690841,0.337628957989391,2.7287208420921907e-05,0.0025098594275706526,91.97934024083861,2.5098594275706528e-11,0,91.97934024083861,42,14
cac40_full,23,250,450,2.2 Tuned EWMA (half-life 252),test,2025-08-27,2025-08-28,2025-10-24,0.9403506319870277,-7.433876786024263,3.383537490818527e-05,0.09233912755090709,2.606009817589697e-05,0.0810379216189929,0.2974755614258674,0.4209441667144125,0.48053428042909424,0.3996513361897914,3.008588474371064e-05,0.0025252127824743433,83.93347258974097,2.5252127824743435e-11,0,83.93347258974097,42,14
cac40_full,23,250,451,2.2 Tuned EWMA (half-life 252),test,2025-09-16,2025-09-17,2025-11-13,0.7993706272713106,-7.465706360135844,3.161712368910069e-05,0.08926093865545764,2.5218080882800933e-05,0.07971798029595227,0.1927131849117124,0.45979519016852016,0.4665735818806207,0.3730273189869511,2.86819902382127e-05,0.002409107891295584,83.99374908390966,2.409107891295584e-11,0,83.99374908390966,42,14
cac40_full,23,250,452,2.2 Tuned EWMA (half-life 252),test,2025-10-06,2025-10-07,2025-12-03,0.7255857504843908,-7.516257269915036,3.643990195084456e-05,0.0958272158189563,3.077484737438815e-05,0.0880639627676714,0.18173571423375245,0.4695524606657999,0.44082279369301447,0.36403698953085567,3.0520863313714854e-05,0.0022860998214221384,74.90285572606516,2.2860998214221384e-11,0,74.90285572606516,42,14
cac40_full,23,250,453,2.2 Tuned EWMA (half-life 252),test,2025-10-24,2025-10-27,2025-12-23,1.038051654353862,-7.921366893208256,2.657222732723261e-05,0.08183032009263203,2.5890921883560817e-05,0.08077445335412259,0.13483369709530035,0.3686690401241272,0.33215117236257735,0.2785513031940017,3.1382711126824695e-05,0.0022746758926662195,72.48181597420744,2.2746758926662195e-11,0,72.48181597420744,42,14
cac40_full,23,250,454,2.2 Tuned EWMA (half-life 252),test,2025-11-13,2025-11-14,2026-01-15,1.210046808771992,-7.780450161006459,2.908558230063433e-05,0.08561288886470221,2.6946049029607962e-05,0.0824039098311555,0.20020413053381758,0.4583073407370031,0.4437935223559933,0.36743499787560463,3.1492422563996526e-05,0.0022094045447498063,70.15670325964987,2.2094045447498065e-11,0,70.15670325964987,42,14
cac40_full,23,250,455,2.2 Tuned EWMA (half-life 252),test,2025-12-03,2025-12-04,2026-02-04,0.9475566395350087,-7.475682643451629,4.069926659922006e-05,0.1012729736060093,4.2834928519064774e-05,0.10389611150954747,0.2656343185057062,0.5326810876569178,0.47488423197389196,0.42439987937883866,3.2036837329530415e-05,0.0021717332556132835,67.78862823676597,2.1717332556132837e-11,0,67.78862823676597,42,14
cac40_full,23,250,456,2.2 Tuned EWMA (half-life 252),test,2025-12-23,2025-12-24,2026-02-24,0.8901906834037312,-6.839011485341792,5.916333719454453e-05,0.12210307519888769,5.546106371983281e-05,0.11822092901596513,0.5479713919081435,0.6214247242594989,0.5630840526927771,0.5774933896201399,3.325240395152308e-05,0.0021280343089508163,63.99640495325285,2.1280343089508165e-11,0,63.99640495325285,42,14
cac40_full,23,250,457,2.2 Tuned EWMA (half-life 252),test,2026-01-15,2026-01-16,2026-03-16,0.5993370045711378,-6.774333574229063,8.454099522776261e-05,0.14596003150656067,8.65304380487436e-05,0.1476674317115436,0.20028691102013962,0.4797656167842286,0.5478327073467587,0.409295078383709,3.428144241851902e-05,0.002008905435225934,58.600376574023976,2.008905435225934e-11,0,58.600376574023976,42,14
cac40_full,23,250,458,2.2 Tuned EWMA (half-life 252),test,2026-02-04,2026-02-05,2026-04-07,0.629246987059634,-6.84859497633877,8.752246564704828e-05,0.1485114855593875,8.04032531581452e-05,0.14234331665326824,0.2572515288498105,0.44588200628064795,0.5066794243646393,0.4032709864983659,3.494483190217059e-05,0.0019814851244930863,56.70323812231608,1.9814851244930864e-11,0,56.70323812231608,42,14
cac40_full,23,250,459,2.2 Tuned EWMA (half-life 252),test,2026-02-24,2026-02-25,2026-04-27,0.7428221180784227,-7.007932010836561,8.769764395219002e-05,0.14866003590727364,8.255602015445959e-05,0.14423632371536588,0.2583668536190883,0.4984400804774918,0.44973033983966565,0.4021790913120819,4.2415456414467364e-05,0.0019109959869354348,45.05423608464623,1.910995986935435e-11,0,45.05423608464623,42,14
cac40_full,23,250,460,2.2 Tuned EWMA (half-life 252),test,2026-03-16,2026-03-17,2026-05-18,0.7190364380108398,-7.109878345238123,6.398918508966872e-05,0.12698533239156606,5.4221491687218346e-05,0.11689232611758149,0.2545237284895806,0.43448194494037984,0.4242776416577016,0.371094438362554,3.9991771059402054e-05,0.0020410758035613935,51.03739468126249,2.0410758035613937e-11,0,51.03739468126249,42,14
cac40_full,23,250,461,2.2 Tuned EWMA (half-life 252),test,2026-04-07,2026-04-08,2026-06-05,0.7059826659540154,-7.2099988096831495,4.3872262539856855e-05,0.1051466126893488,4.192276152086129e-05,0.10278392823421882,0.19701316786063527,0.45136362191688323,0.28113586502744053,0.309837551601653,4.000995313289127e-05,0.001751546627177512,43.77777252974599,1.7515466271775122e-11,0,43.77777252974599,42,14
cac40_full,23,250,462,2.2 Tuned EWMA (half-life 252),test,2026-04-27,2026-04-28,2026-06-25,0.5433607433465413,-7.455465829179679,3.778739664499358e-05,0.09758290810658587,3.4766917450847734e-05,0.0936016196313591,0.16835101226470306,0.4691436155197492,0.23474998027691582,0.2907482026871227,3.9185172108817715e-05,0.0020612944597295613,52.603940439646934,2.0612944597295614e-11,0,52.603940439646934,42,14
cac40_full,23,250,463,2.2 Tuned EWMA (half-life 252),test,2026-05-18,2026-05-19,2026-07-15,0.4779860977435353,-7.561277353225946,3.930219820649862e-05,0.09951961589575019,3.518364079795343e-05,0.09416091270311829,0.13289811282145658,0.41116086582195055,0.1492785741700433,0.23111251760448348,3.829790025071884e-05,0.0022075547675442266,57.641665811764476,2.2075547675442266e-11,0,57.641665811764476,42,14
cac40_full,23,250,344,2.3 Ledoit-Wolf,test,2019-11-12,2019-11-13,2020-01-13,2.0028236841161955,-8.32751309195349,3.497762318837945e-05,0.09388482861182429,2.8128667589783997e-05,0.08419278016923759,0.16984975530036006,0.1366052525884709,0.39778967220675393,0.23474822669852827,3.3842879262843624e-05,0.002553172522716599,75.44194165298897,2.553172522716599e-11,0,75.44194165298897,42,14
cac40_full,23,250,345,2.3 Ledoit-Wolf,test,2019-12-02,2019-12-03,2020-01-31,0.9749806418299308,-8.249088109707957,3.933232536181604e-05,0.0995577520395958,3.433301259739197e-05,0.09301569316272806,0.15658989038419413,0.34286608219701287,0.49490393127663285,0.33145330128594663,3.387324426866438e-05,0.0023176036878887305,68.41989121286237,2.3176036878887305e-11,0,68.41989121286237,42,14
cac40_full,23,250,346,2.3 Ledoit-Wolf,test,2019-12-20,2019-12-23,2020-02-20,0.6181902775959709,-8.0626017074158,3.504784282252723e-05,0.09397902101680386,3.444921279377192e-05,0.0931729661652484,0.11716363846610489,0.34667787687575186,0.35638624665726387,0.2734092539997069,3.498743775381342e-05,0.002079974382914199,59.44917708892514,2.0799743829141992e-11,0,59.44917708892514,42,14
cac40_full,23,250,347,2.3 Ledoit-Wolf,test,2020-01-13,2020-01-14,2020-03-11,0.8329961427316945,-6.938704520706067,0.000294604259183614,0.2724706834033172,0.0002873856258683637,0.26911183125018423,0.08767127809584452,0.26913936691919754,0.4026864929761924,0.2531657126637448,3.431389962447264e-05,0.0019221626383832038,56.01702690219211,1.922162638383204e-11,0,56.01702690219211,42,14
cac40_full,23,250,348,2.3 Ledoit-Wolf,test,2020-01-31,2020-02-03,2020-03-31,0.9562051382208436,-0.33370871937575225,0.0008697390163870557,0.4681604768981872,0.0008475669283689125,0.46215459096385264,0.17525707672450852,0.5121187893707525,0.49991462172085827,0.3957634959387064,3.184969980934794e-05,0.0018589625173409323,58.366720203602156,1.8589625173409323e-11,0,58.366720203602156,42,14
cac40_full,23,250,349,2.3 Ledoit-Wolf,test,2020-02-20,2020-02-21,2020-04-22,0.9628303448786981,1.843462986973754,0.0009435568404845083,0.4876231370660093,0.0009233237715998906,0.4823666556087521,0.15665334965739508,0.5883302993351526,0.5220422639112683,0.42234197096793863,3.2054934162008106e-05,0.0018430628894157525,57.49701060375825,1.8430628894157526e-11,0,57.49701060375825,42,14
cac40_full,23,250,350,2.3 Ledoit-Wolf,test,2020-03-11,2020-03-12,2020-05-13,0.9342798264206399,-1.1965462152909478,0.0005190866127550017,0.36167641119412314,0.000648592329785316,0.4042836468445139,0.17206522818369596,0.6511195841035771,0.5715044596889873,0.46489642399208675,6.058421236918477e-05,0.0032131257208861353,53.03569354514613,3.213125720886135e-11,0,53.03569354514613,42,14
cac40_full,23,250,351,2.3 Ledoit-Wolf,test,2020-03-31,2020-04-01,2020-06-02,0.6217436573439223,-6.2935487210035195,0.00015339637964117224,0.1966110059726449,0.00018983750824323902,0.2187214028788592,0.05158079305043961,0.36169081057127017,0.3218718689232774,0.2450478241816624,0.00011122561570224215,0.0071530589636696175,64.31125526712118,7.153058963669618e-11,0,64.31125526712118,42,14
cac40_full,23,250,352,2.3 Ledoit-Wolf,test,2020-04-22,2020-04-23,2020-06-22,0.48754779270352194,-6.842702585614012,0.0001652497639033259,0.2040660199632416,0.00016724791108840622,0.20529606327028865,0.05233796538288937,0.4089182688268729,0.29660347460316155,0.25261990293764125,0.00010836002718539333,0.008414517730601414,77.653337205287,8.414517730601414e-11,0,77.653337205287,42,14
cac40_full,23,250,353,2.3 Ledoit-Wolf,test,2020-05-13,2020-05-14,2020-07-10,0.41907284979673304,-7.096108352634923,0.0001571610135475735,0.19900898324947172,0.00016612672448819746,0.20460678036425323,0.07788310114341246,0.3595390353823982,0.30642816079717,0.2479500991076602,0.0001064818610607104,0.009112751804295775,85.58032056840328,9.112751804295775e-11,0,85.58032056840328,42,14
cac40_full,23,250,354,2.3 Ledoit-Wolf,test,2020-06-02,2020-06-03,2020-07-30,0.43256401121788485,-7.349879872228507,0.00013497000086826655,0.18442461934026913,0.00014751143409202358,0.19280270068437821,0.069629486950742,0.32312397274450255,0.2929564376624391,0.22856996578589453,0.00011123981578728904,0.009819660533763593,88.27469251244166,9.819660533763594e-11,0,88.27469251244166,42,14
cac40_full,23,250,355,2.3 Ledoit-Wolf,test,2020-06-22,2020-06-23,2020-08-19,1.242101456675238,-7.422243795407914,0.00010795954508727427,0.16494182417444375,0.00010619182577491983,0.1635858798774509,0.058508022478503285,0.26299358227306735,0.3434796418748903,0.22166041554215363,0.0001103294097368317,0.010581012487786643,95.9038257616486,1.0581012487786644e-10,0,95.9038257616486,42,14
cac40_full,23,250,356,2.3 Ledoit-Wolf,test,2020-07-10,2020-07-13,2020-09-08,1.7730111151288663,-7.414220964277661,0.0001059790283183104,0.1634218930749923,0.00010162627825851163,0.1600306911849878,0.050411685778472215,0.3907610741227328,0.2809160724110553,0.2406962774374201,0.00010954975570577777,0.01090473601928303,99.54139969577223,1.090473601928303e-10,0,99.54139969577223,42,14
cac40_full,23,250,357,2.3 Ledoit-Wolf,test,2020-07-30,2020-07-31,2020-09-28,1.1232971830786311,-7.328541236392377,9.623085570209157e-05,0.15572467895913952,0.00010455728372227169,0.16232201174829144,0.10794409968634844,0.2728476143327791,0.25566155821444286,0.21215109074452346,0.00010717320880380416,0.010861994220838053,101.34990210774114,1.0861994220838052e-10,0,101.34990210774114,42,14
cac40_full,23,250,358,2.3 Ledoit-Wolf,test,2020-08-19,2020-08-20,2020-10-16,1.2204088617814008,-7.269085720025713,9.631597729214574e-05,0.15579353734228107,9.62475026276732e-05,0.15573814774220748,0.13923237410850597,0.24595501029953448,0.20356227513186656,0.19624988651330233,0.00010957115038925626,0.010953348558306718,99.9656252525822,1.0953348558306719e-10,0,99.9656252525822,42,14
cac40_full,23,250,359,2.3 Ledoit-Wolf,test,2020-09-08,2020-09-09,2020-11-05,0.8027216334662153,-7.115425987659604,0.0001255858082456893,0.17789778997478775,0.00013703371835030592,0.18582921466840754,0.08959940847624137,0.31653205491978237,0.3393194814591107,0.2484836482850448,0.00010441623460472892,0.0110136969019804,105.47877869445408,1.10136969019804e-10,0,105.47877869445408,42,14
cac40_full,23,250,360,2.3 Ledoit-Wolf,test,2020-09-28,2020-09-29,2020-11-25,0.4987525649650954,-7.003947821550833,0.00014784791687050177,0.1930224729179648,0.0001751518900913382,0.2100911142885801,0.16591336694974157,0.13073748334693702,0.32227919222176576,0.20631001417281478,0.00010761861927025125,0.01122965893076414,104.34680361921653,1.122965893076414e-10,0,104.34680361921653,42,14
cac40_full,23,250,361,2.3 Ledoit-Wolf,test,2020-10-16,2020-10-19,2020-12-15,0.4831795945314117,-7.119363537237749,0.00013516688268204504,0.18455908115255493,0.00017799798855004258,0.21179115447678812,0.14132689782292585,0.3632408833115472,0.36314661703611617,0.2892381327235298,0.00010515123724445367,0.011269197442484403,107.17132520548455,1.1269197442484404e-10,0,107.17132520548455,42,14
cac40_full,23,250,362,2.3 Ledoit-Wolf,test,2020-11-05,2020-11-06,2021-01-06,0.6765836877776884,-7.247414483237075,0.00011189277797008856,0.1679195642218688,0.00013888168815935636,0.18707801959652504,0.20216834702630437,0.21039070587122963,0.2765343985734616,0.22969781715699855,0.00010606352217134677,0.011717802879088211,110.47910383513357,1.1717802879088212e-10,0,110.47910383513357,42,14
cac40_full,23,250,363,2.3 Ledoit-Wolf,test,2020-11-25,2020-11-26,2021-01-26,3.0422084321018317,-7.362178028574271,8.933112171049692e-05,0.15003813738861604,7.224698519612779e-05,0.13493050162740894,0.15037750720872112,0.39371950813514606,0.3457874001031,0.2966281384823224,0.00010919837240743492,0.012829815971631539,117.49090841538955,1.282981597163154e-10,0,117.49090841538955,42,14
cac40_full,23,250,364,2.3 Ledoit-Wolf,test,2020-12-15,2020-12-16,2021-02-15,2.8332431705776875,-7.320159627594399,7.693781866387793e-05,0.139241984700367,8.17419342034495e-05,0.14352340373356978,0.11530964597579774,0.3702364516220187,0.3253845422885542,0.27031021329545685,0.00011199063077857647,0.012906958582694578,115.25034275602675,1.2906958582694578e-10,0,115.25034275602675,42,14
cac40_full,23,250,365,2.3 Ledoit-Wolf,test,2021-01-06,2021-01-07,2021-03-05,3.3576093085141925,-7.264873677296047,6.084217475998512e-05,0.12382337436653973,6.195300296793961e-05,0.1249486164305983,0.23777652956631157,0.3568408159556111,0.3014387278738102,0.29868535779857763,0.00011549511054905222,0.01306609372221362,113.13114174356572,1.306609372221362e-10,0,113.13114174356572,42,14
cac40_full,23,250,366,2.3 Ledoit-Wolf,test,2021-01-26,2021-01-27,2021-03-25,4.268117751836314,-7.349494418450532,5.644700225667181e-05,0.1192671143638568,6.456717033829988e-05,0.12755754358426463,0.22171040389722418,0.3548059105746781,0.33614040425216135,0.30421890624135456,0.00011697046857521558,0.013108850981467203,112.06974838301012,1.3108850981467203e-10,0,112.06974838301012,42,14
cac40_full,23,250,367,2.3 Ledoit-Wolf,test,2021-02-15,2021-02-16,2021-04-16,5.405629053178805,-7.442607903591144,4.224347338930668e-05,0.10317633107503524,4.481979818851426e-05,0.10627600455185354,0.6194799503519687,0.3801361543940271,0.28431176060329105,0.4279759551164289,0.0001193995008404081,0.013064667419124786,109.41978255493125,1.3064667419124787e-10,0,109.41978255493125,42,14
cac40_full,23,250,368,2.3 Ledoit-Wolf,test,2021-03-05,2021-03-08,2021-05-06,3.987003526744114,-7.591010836240734,3.626073783394738e-05,0.09559134863655151,3.48858280060102e-05,0.09376155212833548,0.1341764984962015,0.26017504196732794,0.2852290446164811,0.22652686169333683,9.913678930188086e-05,0.009968341385912845,100.55138416434193,9.968341385912846e-11,0,100.55138416434193,42,14
cac40_full,23,250,369,2.3 Ledoit-Wolf,test,2021-03-25,2021-03-26,2021-05-26,2.6283694169060383,-7.816291899348742,3.721385158772584e-05,0.09683950949951631,3.664397470052273e-05,0.09609516962122355,0.04446899934595239,0.23377748383710348,0.3048737200506844,0.19437340107791345,7.73321201505341e-05,0.00712257947086156,92.10376564093681,7.12257947086156e-11,0,92.10376564093681,42,14
cac40_full,23,250,370,2.3 Ledoit-Wolf,test,2021-04-16,2021-04-19,2021-06-15,2.2139962724025555,-7.8906044563301005,3.406255044791806e-05,0.0926485980081477,3.497038970815594e-05,0.09387512027398578,0.055257219771566835,0.12215177949315503,0.22540300243051256,0.13427066723174483,6.705429536840148e-05,0.006191811781685601,92.34027063691161,6.191811781685601e-11,0,92.34027063691161,42,14
cac40_full,23,250,371,2.3 Ledoit-Wolf,test,2021-05-06,2021-05-07,2021-07-05,1.7622005221764048,-7.949259571973687,3.0138992300347836e-05,0.08714944669754165,3.134258476262348e-05,0.08887255684507517,0.20504456309144692,0.23007856277604866,0.22865598438038814,0.22125970341596124,6.546867567838933e-05,0.00561165282058037,85.71508072268415,5.61165282058037e-11,0,85.71508072268415,42,14
cac40_full,23,250,372,2.3 Ledoit-Wolf,test,2021-05-26,2021-05-27,2021-07-23,0.9486547952074168,-7.980343617188935,4.912335366384995e-05,0.11126133705510728,4.832969210121814e-05,0.110358880066386,0.04282456364998166,0.3086179470237269,0.2894447881354146,0.21362909960304108,6.371080622241188e-05,0.004850484738296086,76.13284191324212,4.850484738296086e-11,0,76.13284191324212,42,14
cac40_full,23,250,373,2.3 Ledoit-Wolf,test,2021-06-15,2021-06-16,2021-08-12,0.7090586019400772,-7.886693353839441,4.476539339465117e-05,0.10621148306775541,4.989391395232427e-05,0.11213057707862613,0.03553534741871045,0.1522593644765653,0.3081728870429464,0.16532253297940738,6.335536476746589e-05,0.004101795960519757,64.74267768127669,4.1017959605197566e-11,0,64.74267768127669,42,14
cac40_full,23,250,374,2.3 Ledoit-Wolf,test,2021-07-05,2021-07-06,2021-09-01,0.9623572293417465,-7.850522053152584,4.4543049763587636e-05,0.1059473857177424,4.276854896642791e-05,0.10381557850120489,0.1652851526468777,0.19038171760715938,0.3829133699005179,0.24619341338485165,6.299314868114956e-05,0.004052479822767283,64.33207273507779,4.0524798227672827e-11,0,64.33207273507779,42,14
cac40_full,23,250,375,2.3 Ledoit-Wolf,test,2021-07-23,2021-07-26,2021-09-21,1.302237268563635,-7.713082504309042,2.521729928718307e-05,0.07971674491830517,2.296565920456915e-05,0.07607460890173164,0.24126064281073223,0.18554268485893669,0.3760297588212726,0.2676110288303138,5.935142898965217e-05,0.004058066009504811,68.37351818795008,4.058066009504811e-11,0,68.37351818795008,42,14
cac40_full,23,250,376,2.3 Ledoit-Wolf,test,2021-08-12,2021-08-13,2021-10-11,0.7791625993366705,-7.7425726291931145,3.458106851444674e-05,0.09335110746874178,3.3744928983730356e-05,0.09221562830616105,0.113868510663786,0.18534178422123157,0.36544108187327445,0.22155045891943068,6.372780581407163e-05,0.0038899054578198406,61.03937532650649,3.889905457819841e-11,0,61.03937532650649,42,14
cac40_full,23,250,377,2.3 Ledoit-Wolf,test,2021-09-01,2021-09-02,2021-10-29,0.7867269027158393,-7.7701013705087005,3.514923732222365e-05,0.09411486495341935,3.896256052448431e-05,0.09908867368256599,0.12490178336420599,0.17877243378116248,0.3431503577074447,0.2156081916176044,6.389702395333232e-05,0.00384159655760883,60.12168204288464,3.84159655760883e-11,0,60.12168204288464,42,14
cac40_full,23,250,378,2.3 Ledoit-Wolf,test,2021-09-21,2021-09-22,2021-11-18,0.8673847187293252,-7.841639008076869,2.9975727789941096e-05,0.08691307958567085,2.9586348040536804e-05,0.08634674114415249,0.22060079912821784,0.40264259531688545,0.29800611791818943,0.3070831707877642,6.186216216146934e-05,0.003516795217087795,56.848889437592604,3.516795217087795e-11,0,56.848889437592604,42,14
cac40_full,23,250,379,2.3 Ledoit-Wolf,test,2021-10-11,2021-10-12,2021-12-08,0.49766232098589824,-7.770469803593123,6.183229478894822e-05,0.12482683320029772,7.272866981112804e-05,0.13537955825162182,0.14401406736549371,0.37673576630522093,0.31384435160602325,0.2781980617589126,6.040597941879354e-05,0.0034749156945694843,57.526021893924735,3.4749156945694844e-11,0,57.526021893924735,42,14
cac40_full,23,250,380,2.3 Ledoit-Wolf,test,2021-10-29,2021-11-01,2021-12-28,0.528349444349321,-7.835106961508821,6.31759649254543e-05,0.12617584222510458,6.796263516731806e-05,0.1308685755334876,0.33408064430843243,0.37692967309663755,0.3184574624152779,0.34315592660678257,4.629947357279974e-05,0.0025810504777066022,55.74686445728686,2.5810504777066023e-11,0,55.74686445728686,42,14
cac40_full,23,250,381,2.3 Ledoit-Wolf,test,2021-11-18,2021-11-19,2022-01-17,0.5890091353158321,-7.790909902446877,6.729327078241733e-05,0.130222518164752,7.412828739738442e-05,0.13667599798114105,0.3101193838631239,0.3700930879216962,0.35173678627468785,0.343983086019836,4.116311712876562e-05,0.002032768660500869,49.383253803204546,2.0327686605008693e-11,0,49.383253803204546,42,14
cac40_full,23,250,382,2.3 Ledoit-Wolf,test,2021-12-08,2021-12-09,2022-02-04,0.5065333349068726,-7.840116773400198,4.254027408650107e-05,0.10353815272544836,4.594154312473136e-05,0.10759771776126249,0.1574334123501271,0.4105664177731732,0.39607903631005326,0.3213596221444512,4.336866717659588e-05,0.0022214141207740653,51.22163684967618,2.2214141207740652e-11,0,51.22163684967618,42,14
cac40_full,23,250,383,2.3 Ledoit-Wolf,test,2021-12-28,2021-12-29,2022-02-24,0.5931092406772945,-7.498204616115011,5.837469325012263e-05,0.12128653139994937,7.22484310388826e-05,0.13493185176895192,0.13078891762843192,0.38056572221692786,0.3866032148522241,0.2993192848991946,4.28853128725399e-05,0.0021408715381130016,49.92085622590463,2.1408715381130015e-11,0,49.92085622590463,42,14
cac40_full,23,250,384,2.3 Ledoit-Wolf,test,2022-01-17,2022-01-18,2022-03-16,0.849695754684255,-6.518828010438614,0.00015572027726068748,0.19809469924683307,0.0002014782116880243,0.2253275601105691,0.26205150621732665,0.15384767337724536,0.38712303973424417,0.2676740731096054,4.1530851671128976e-05,0.0019864015587434474,47.82954066228156,1.9864015587434475e-11,0,47.82954066228156,42,14
cac40_full,23,250,385,2.3 Ledoit-Wolf,test,2022-02-04,2022-02-07,2022-04-05,0.847214870220343,-6.551987133272645,0.00012395761624699373,0.1767408252052774,0.00016178115780726305,0.20191298068086233,0.3081851467782335,0.15243389333705007,0.3870769793680831,0.2825653398277889,4.139948998649315e-05,0.0021241095156520904,51.307625198887585,2.1241095156520904e-11,0,51.307625198887585,42,14
cac40_full,23,250,386,2.3 Ledoit-Wolf,test,2022-02-24,2022-02-25,2022-04-27,0.8170657814859232,-6.767642392498034,9.439210659103506e-05,0.154229734036407,0.00012440925989836045,0.17706251295626307,0.2851466135331714,0.11693108494757339,0.4176617186663751,0.27324647238237326,4.394361865497859e-05,0.002368878455389879,53.907223116717475,2.3688784553898792e-11,0,53.907223116717475,42,14
cac40_full,23,250,387,2.3 Ledoit-Wolf,test,2022-03-16,2022-03-17,2022-05-17,0.39178404577987286,-7.640173172995131,5.108314537972141e-05,0.11345903505534408,2.979782339282216e-05,0.08665478345129704,0.07072499092873041,0.14240374912241904,0.43742988693967527,0.21685287566360825,5.360042430589163e-05,0.0034595545668557057,64.54341755043606,3.4595545668557055e-11,0,64.54341755043606,42,14
cac40_full,23,250,388,2.3 Ledoit-Wolf,test,2022-04-05,2022-04-06,2022-06-06,0.47556485890294725,-7.725143163378994,5.201833639982102e-05,0.11449288524949879,3.836514939765575e-05,0.09832607816957437,0.1200941912549619,0.13616249586240295,0.38310177372862153,0.21311948694866212,5.2982110237411195e-05,0.003584744290861624,67.65952271056203,3.584744290861624e-11,0,67.65952271056203,42,14
cac40_full,23,250,389,2.3 Ledoit-Wolf,test,2022-04-27,2022-04-28,2022-06-24,0.38472478325187226,-7.5188688681358915,7.197890446538752e-05,0.13467993141250725,5.605733614730037e-05,0.11885473784885352,0.04495579726708476,0.2867176132079871,0.24097131963936702,0.19088157670481296,5.241708716521058e-05,0.0036784534196841606,70.17660878579998,3.6784534196841606e-11,0,70.17660878579998,42,14
cac40_full,23,250,390,2.3 Ledoit-Wolf,test,2022-05-17,2022-05-18,2022-07-14,0.38159993618462584,-7.4116773930480715,6.12168153876171e-05,0.12420401554571217,6.16566290245366e-05,0.1246493903482212,0.05947068811382872,0.28690532701201965,0.23191573523167394,0.1927639167858408,5.033243224899001e-05,0.003834640773816172,76.18627994861343,3.834640773816172e-11,0,76.18627994861343,42,14
cac40_full,23,250,391,2.3 Ledoit-Wolf,test,2022-06-06,2022-06-07,2022-08-03,0.4374312128991293,-7.244442369674899,6.6258822197023e-05,0.12921773560022556,7.149126662364418e-05,0.13422294583698546,0.08924804698331601,0.37107825624550156,0.24982997741274518,0.23671876021385427,5.0002101549732504e-05,0.003946351074926299,78.92370425673461,3.946351074926299e-11,0,78.92370425673461,42,14
cac40_full,23,250,392,2.3 Ledoit-Wolf,test,2022-06-24,2022-06-27,2022-08-23,0.5325748350743302,-7.485367796470045,5.149476432183637e-05,0.11391523431526955,5.546698150819417e-05,0.11822723603326321,0.15316399704482597,0.4064493968756726,0.3620184911368107,0.30721062835243645,5.288232780648761e-05,0.004185310077961973,79.14383219432558,4.185310077961973e-11,0,79.14383219432558,42,14
cac40_full,23,250,393,2.3 Ledoit-Wolf,test,2022-07-14,2022-07-15,2022-09-12,0.7499865183872142,-7.657448872514294,4.6477277158386433e-05,0.1082232592556396,4.9870061930486674e-05,0.11210377159793795,0.08167647125138466,0.40733586953770423,0.449749466326479,0.312920602371856,5.893200447592633e-05,0.004272358727842455,72.49640947793843,4.272358727842455e-11,0,72.49640947793843,42,14
cac40_full,23,250,394,2.3 Ledoit-Wolf,test,2022-08-03,2022-08-04,2022-09-30,0.6463167894817963,-7.629100241851303,6.211016321223244e-05,0.1251069987230234,6.395140988999179e-05,0.12694784477208712,0.1106180789389849,0.41177017523011816,0.38077169528584515,0.30105331648498274,5.553629831495122e-05,0.004397262858617537,79.17817701281194,4.397262858617537e-11,0,79.17817701281194,42,14
cac40_full,23,250,395,2.3 Ledoit-Wolf,test,2022-08-23,2022-08-24,2022-10-20,0.4416313271341544,-7.605548810137128,8.197789489941911e-05,0.14373040567205542,8.609122320141484e-05,0.147292186645309,0.11448663089601263,0.1840433615051277,0.3550525559560638,0.21786084945240136,5.6393789311860555e-05,0.004401355370221465,78.04681018829473,4.4013553702214645e-11,0,78.04681018829473,42,14
cac40_full,23,250,396,2.3 Ledoit-Wolf,test,2022-09-12,2022-09-13,2022-11-09,0.5617390246421575,-7.461844811277176,9.063946673282399e-05,0.15113287404357678,9.639327692142138e-05,0.15585604185978222,0.16161588783606406,0.23764679293003166,0.36226955658610155,0.2538440791173991,5.530729499906195e-05,0.004489365684920501,81.17131175908429,4.489365684920501e-11,0,81.17131175908429,42,14
cac40_full,23,250,397,2.3 Ledoit-Wolf,test,2022-09-30,2022-10-03,2022-11-29,0.7959604922425886,-7.630264222314828,6.140687280367826e-05,0.12439667176627726,5.5655390003843546e-05,0.11842786108415779,0.2001672343448424,0.37227276437050366,0.28775605369195967,0.28673201746910193,5.5726324418288235e-05,0.004578006056857025,82.15158822415744,4.578006056857025e-11,0,82.15158822415744,42,14
cac40_full,23,250,398,2.3 Ledoit-Wolf,test,2022-10-20,2022-10-21,2022-12-19,1.1202456338115745,-7.65262847307844,6.74065641659158e-05,0.13033209186463166,5.901674331950052e-05,0.12195170895282334,0.248415500748158,0.3898345216567798,0.3609322769571923,0.33306076645404337,5.5551289007613804e-05,0.004755333135286378,85.60257052963463,4.755333135286378e-11,0,85.60257052963463,42,14
cac40_full,23,250,399,2.3 Ledoit-Wolf,test,2022-11-09,2022-11-10,2023-01-09,1.0289096085663074,-7.7497218737799445,7.773391581739273e-05,0.139960518668598,6.72000301145002e-05,0.13013226959080537,0.1784211005303593,0.37045409746533414,0.33602522718903277,0.2949668083949087,4.999216003437781e-05,0.004852873785853357,97.07269664915879,4.852873785853357e-11,0,97.07269664915879,42,14
cac40_full,23,250,400,2.3 Ledoit-Wolf,test,2022-11-29,2022-11-30,2023-01-27,1.1836986724847232,-7.818271343713607,6.301909157005331e-05,0.1260190901238913,5.798694427771815e-05,0.12088304247488552,0.11225240537586267,0.38443380305916003,0.3391260024087319,0.27860407028125156,5.631527201533035e-05,0.004564869335470802,81.05917226552927,4.5648693354708023e-11,0,81.05917226552927,42,14
cac40_full,23,250,401,2.3 Ledoit-Wolf,test,2022-12-19,2022-12-20,2023-02-16,1.4441450789105992,-7.64411722538934,7.5665527263912e-05,0.13808588946922065,7.902780870412877e-05,0.14112054348478273,0.1790589410036164,0.3492750020038385,0.4181106811865322,0.3154815413979957,5.696673732132954e-05,0.00458804394678644,80.53899806314834,4.58804394678644e-11,0,80.53899806314834,42,14
cac40_full,23,250,402,2.3 Ledoit-Wolf,test,2023-01-09,2023-01-10,2023-03-08,2.1534826396968874,-7.598032191223827,5.3869505599999905e-05,0.1165122972531225,5.653501967498788e-05,0.11936006433517429,0.19468060247216423,0.5002053778572075,0.427696876974145,0.3741942857678389,5.580723248003432e-05,0.00468141308633643,83.88541911680103,4.68141308633643e-11,0,83.88541911680103,42,14
cac40_full,23,250,403,2.3 Ledoit-Wolf,test,2023-01-27,2023-01-30,2023-03-28,0.5011832150537607,-7.558742020140488,6.210112721547156e-05,0.12509789789720221,6.93352537070637e-05,0.13218352368650207,0.13247735179552522,0.36181066050804295,0.4135340160601452,0.30260734278790447,5.72674017418955e-05,0.004479046746442976,78.21285077032245,4.479046746442976e-11,0,78.21285077032245,42,14
cac40_full,23,250,404,2.3 Ledoit-Wolf,test,2023-02-16,2023-02-17,2023-04-19,0.5530088457020473,-7.749803799225728,3.554660217771799e-05,0.09464535777725674,3.7629967138124375e-05,0.09737942143393204,0.2020796655418764,0.3002912681562438,0.31948526703121666,0.27395206690977897,5.684463071554795e-05,0.004029656748542576,70.88895992142312,4.029656748542577e-11,0,70.88895992142312,42,14
cac40_full,23,250,405,2.3 Ledoit-Wolf,test,2023-03-08,2023-03-09,2023-05-10,0.5197285979307574,-7.80065641725394,3.949152294948836e-05,0.0997590285802296,4.4475562846234325e-05,0.10586709515827403,0.14955610114541473,0.26760479899494066,0.30021028950270034,0.23912372988101857,4.8937621549158715e-05,0.003031500582537454,61.94621819722598,3.031500582537454e-11,0,61.94621819722598,42,14
cac40_full,23,250,406,2.3 Ledoit-Wolf,test,2023-03-28,2023-03-29,2023-05-30,1.1387332101162373,-7.905727852923564,4.05434956353039e-05,0.10107898347379926,3.468355181063835e-05,0.09348933124309353,0.13402988616789935,0.20926727563528122,0.2781813320586421,0.20715949795394092,4.88629371570091e-05,0.0032924534218678214,67.3814063057308,3.292453421867821e-11,0,67.3814063057308,42,14
cac40_full,23,250,407,2.3 Ledoit-Wolf,test,2023-04-19,2023-04-20,2023-06-19,1.0356880449461257,-7.904204932140743,3.197111331250772e-05,0.0897592365985359,2.982427811944958e-05,0.08669324129423985,0.07246881484260137,0.15502362543496875,0.27444096931530443,0.1673111365309582,4.853368787532417e-05,0.0032632455450391025,67.23671099179388,3.2632455450391026e-11,0,67.23671099179388,42,14
cac40_full,23,250,408,2.3 Ledoit-Wolf,test,2023-05-10,2023-05-11,2023-07-07,0.8228050708324511,-7.984508003544594,3.875418943349847e-05,0.09882335623344116,3.6111247661225567e-05,0.09539410050222626,0.03252134826165454,0.2729628053345589,0.3198191914848139,0.20843444836034244,4.907028806189129e-05,0.0030880073281666443,62.93028735172305,3.088007328166644e-11,0,62.93028735172305,42,14
cac40_full,23,250,409,2.3 Ledoit-Wolf,test,2023-05-30,2023-05-31,2023-07-27,0.7960043999407107,-7.943147976268326,3.7605044512249684e-05,0.09734716851088644,3.8572911706234985e-05,0.09859195580761757,0.06755631223802083,0.38007894300866046,0.39461377138039183,0.2807496755423577,4.9319276615219425e-05,0.0030478571546311635,61.798496729991086,3.047857154631163e-11,0,61.798496729991086,42,14
cac40_full,23,250,410,2.3 Ledoit-Wolf,test,2023-06-19,2023-06-20,2023-08-16,0.8489116320368022,-8.003724552701152,4.3141963824669265e-05,0.10426780367791706,4.547008171745426e-05,0.10704419924871443,0.10047722426648376,0.42236286541811513,0.4528467183387667,0.3252289360077885,4.918722745089145e-05,0.0027792303055512117,56.50308930963829,2.7792303055512117e-11,0,56.50308930963829,42,14
cac40_full,23,250,411,2.3 Ledoit-Wolf,test,2023-07-07,2023-07-10,2023-09-05,1.2359141155934237,-8.04248480007641,3.1974857679612176e-05,0.08976449261964481,3.427098920153431e-05,0.09293163766332027,0.14833281545976296,0.4874996418347588,0.5098911324653986,0.3819078632533068,4.879864887665551e-05,0.0025193664065997147,51.62779020721902,2.519366406599715e-11,0,51.62779020721902,42,14
cac40_full,23,250,412,2.3 Ledoit-Wolf,test,2023-07-27,2023-07-28,2023-09-25,1.2830615465520778,-8.013843462100853,3.2551086788413276e-05,0.09056971828751674,3.1993495506603336e-05,0.08979065022408536,0.23170577980976048,0.4489384110153117,0.38572406036486634,0.35545608372997956,4.826069286353906e-05,0.002502429547430633,51.85233362700472,2.5024295474306332e-11,0,51.85233362700472,42,14
cac40_full,23,250,413,2.3 Ledoit-Wolf,test,2023-08-16,2023-08-17,2023-10-13,0.9308135721768996,-8.022959404764617,2.791851049253172e-05,0.08387767667334374,2.569183824582673e-05,0.08046330367284416,0.16397929666637168,0.30463858897666346,0.3586616005445913,0.27575982872920884,4.9879596872509616e-05,0.002472861459861335,49.5766127818129,2.472861459861335e-11,0,49.5766127818129,42,14
cac40_full,23,250,414,2.3 Ledoit-Wolf,test,2023-09-05,2023-09-06,2023-11-02,0.718677270868042,-7.5806290940601855,6.764362316485731e-05,0.13056107014552248,6.210885439814622e-05,0.1251056805598085,0.13249845617997213,0.569901008917832,0.3744160911235002,0.3589385187404348,5.0554249617644437e-05,0.0022941387327487625,45.37974057769542,2.2941387327487625e-11,0,45.37974057769542,42,14
cac40_full,23,250,415,2.3 Ledoit-Wolf,test,2023-09-25,2023-09-26,2023-11-22,0.6899492281296634,-7.677538531073656,4.906752826883494e-05,0.11119809856173983,4.590812749618567e-05,0.10755857998801764,0.1434347328995138,0.4697307932852873,0.4476789719724254,0.3536148327190755,4.8755640314632076e-05,0.0020300647777350086,41.63753700360623,2.0300647777350085e-11,0,41.63753700360623,42,14
cac40_full,23,250,416,2.3 Ledoit-Wolf,test,2023-10-13,2023-10-16,2023-12-12,0.9382946828815159,-7.778956159626569,4.0801302466653636e-05,0.10139984330163787,3.7521467400862706e-05,0.09723893142675624,0.97170191258603,0.5101594348924001,0.46078247986255433,0.6475479424469949,4.913543772100141e-05,0.0019933096491031544,40.56765832476092,1.9933096491031546e-11,0,40.56765832476092,42,14
cac40_full,23,250,417,2.3 Ledoit-Wolf,test,2023-11-02,2023-11-03,2024-01-04,0.9811260687341403,-8.131688355652887,1.8662391562086454e-05,0.06857785847958353,1.6232935540742185e-05,0.06395857844157443,0.360815608594627,0.3200303237511548,0.4473514876046756,0.3760658066501525,4.867388928419666e-05,0.0018934640619069432,38.901022493834475,1.8934640619069434e-11,0,38.901022493834475,42,14
cac40_full,23,250,418,2.3 Ledoit-Wolf,test,2023-11-22,2023-11-23,2024-01-24,0.9842688071623248,-8.14432723927339,1.6740739856337483e-05,0.06495126206469776,1.5288034406566087e-05,0.06206919260353444,0.21569462592988375,0.40765042312574246,0.44404911321339546,0.3557980540896739,4.7366154940568574e-05,0.001899588674470236,40.10434616982726,1.8995886744702362e-11,0,40.10434616982726,42,14
cac40_full,23,250,419,2.3 Ledoit-Wolf,test,2023-12-12,2023-12-13,2024-02-13,0.7588566740165258,-7.695986445583231,2.0086716909821815e-05,0.0711466981754958,1.767165638621528e-05,0.06673273116939131,0.360498297900516,0.4351134914689019,0.42858117548162933,0.4080643216170157,4.741322001219268e-05,0.0017844026345105069,37.63512864242576,1.784402634510507e-11,0,37.63512864242576,42,14
cac40_full,23,250,420,2.3 Ledoit-Wolf,test,2024-01-04,2024-01-05,2024-03-04,0.8536049790084422,-7.527737623888312,2.182860851893555e-05,0.07416744128505283,1.975878583630039e-05,0.07056354604714603,0.4197596155096097,0.646446829076165,0.4521852368092006,0.5061305604649917,4.826493721298582e-05,0.0017149053233172502,35.53107954434156,1.71490532331725e-11,0,35.53107954434156,42,14
cac40_full,23,250,421,2.3 Ledoit-Wolf,test,2024-01-24,2024-01-25,2024-03-22,0.920924614688072,-7.485107986243025,2.0697113772061855e-05,0.07221961416789477,1.947878349203307e-05,0.07006178302036235,0.6733702620766048,0.5311417686684746,0.4904166388968951,0.5649762232139915,4.6618683841127916e-05,0.001700975014640587,36.48698063714861,1.7009750146405872e-11,0,36.48698063714861,42,14
cac40_full,23,250,422,2.3 Ledoit-Wolf,test,2024-02-13,2024-02-14,2024-04-15,1.1451885121095338,-7.877402325476013,1.8404206346153396e-05,0.0681018355055916,1.780034363779988e-05,0.06697526854537852,0.34234827573643256,0.546760491972744,0.515568900693408,0.4682258894675282,4.458757362891532e-05,0.0016593198386023683,37.214849419980304,1.6593198386023684e-11,0,37.214849419980304,42,14
cac40_full,23,250,423,2.3 Ledoit-Wolf,test,2024-03-04,2024-03-05,2024-05-06,0.8826119324370669,-7.907135293219261,1.884528612104727e-05,0.06891307642605946,1.9778557485094545e-05,0.07059884196106779,0.28187141947253247,0.423268234318156,0.42805289182344675,0.37773084853804506,4.5991355262601456e-05,0.001606870105951151,34.93852478963152,1.606870105951151e-11,0,34.93852478963152,42,14
cac40_full,23,250,424,2.3 Ledoit-Wolf,test,2024-03-22,2024-03-25,2024-05-24,0.6845668572772606,-8.025816340912774,1.920461070618248e-05,0.06956695981540365,1.9161363781190286e-05,0.06948858663737487,0.10608353727821607,0.5172256455356868,0.46969789816303664,0.36433569365897983,4.445070206147143e-05,0.001145952528264294,25.780302112653747,1.145952528264294e-11,0,25.780302112653747,42,14
cac40_full,23,250,425,2.3 Ledoit-Wolf,test,2024-04-15,2024-04-16,2024-06-13,0.5437798493492759,-7.883648809939579,3.203128869193643e-05,0.08984366839331517,3.386779804127684e-05,0.09238335946696118,0.17714590701408728,0.5268284185249547,0.419787400210031,0.3745872419163576,4.508290577637811e-05,0.0011191917079226787,24.825190139121347,1.1191917079226786e-11,0,24.825190139121347,42,14
cac40_full,23,250,426,2.3 Ledoit-Wolf,test,2024-05-06,2024-05-07,2024-07-03,0.6353175957231901,-7.949800166406057,5.216202021665962e-05,0.11465090097595493,5.253198677111452e-05,0.11505677149268903,0.24054946928083365,0.5034806328611486,0.4607520278776038,0.401594043339862,4.550603187273135e-05,0.0011140439722067113,24.481237461495333,1.1140439722067112e-11,0,24.481237461495333,42,14
cac40_full,23,250,427,2.3 Ledoit-Wolf,test,2024-05-24,2024-05-27,2024-07-23,0.6259440238350475,-7.949880843670843,5.0102524301844225e-05,0.11236474591287404,5.201792981518267e-05,0.11449243780017103,0.17368074349081664,0.45541185279837876,0.4405394294936216,0.3565440085942723,4.504500128562901e-05,0.0010537211644129777,23.392632574952394,1.0537211644129777e-11,0,23.392632574952394,42,14
cac40_full,23,250,428,2.3 Ledoit-Wolf,test,2024-06-13,2024-06-14,2024-08-12,0.6467910898013602,-7.875960989269074,5.4267860667159754e-05,0.11694229725862348,5.513233725013276e-05,0.11787005127271921,0.08288417681231275,0.35233491314527493,0.5173054589485158,0.31750818296870115,4.828198728017841e-05,0.001078197368757363,22.331254977153847,1.0781973687573628e-11,0,22.331254977153847,42,14
cac40_full,23,250,429,2.3 Ledoit-Wolf,test,2024-07-03,2024-07-04,2024-08-30,0.552821214673033,-8.087481312887428,3.228592960866665e-05,0.09020007905420037,3.3083906269015306e-05,0.0913079644926545,0.0620658249347279,0.4253998612337664,0.4376983450462851,0.3083880104049264,4.831176916689489e-05,0.0010953044604319526,22.671586640683365,1.0953044604319526e-11,0,22.671586640683365,42,14
cac40_full,23,250,430,2.3 Ledoit-Wolf,test,2024-07-23,2024-07-24,2024-09-19,0.600227301513501,-8.015834032528202,2.74286151469468e-05,0.08313850502042115,2.839972522820734e-05,0.08459746306780275,0.12078340225329542,0.4674112716023719,0.47789118022996474,0.35536195136187737,4.8285614357437484e-05,0.00109716766711176,22.722454331633912,1.09716766711176e-11,0,22.722454331633912,42,14
cac40_full,23,250,431,2.3 Ledoit-Wolf,test,2024-08-12,2024-08-13,2024-10-09,0.5698047719866995,-8.019639834047956,2.2843642626963746e-05,0.0758722475085249,2.3549256519804368e-05,0.07703513901454777,0.1669521967962797,0.3876352283942918,0.33549462934038576,0.29669401817698576,4.8354898434784e-05,0.0012377456634090724,25.597110188917334,1.2377456634090724e-11,0,25.597110188917334,42,14
cac40_full,23,250,432,2.3 Ledoit-Wolf,test,2024-08-30,2024-09-02,2024-10-29,0.59197614265245,-7.787629928059045,2.311844312857653e-05,0.07632724067068904,2.3616987322300172e-05,0.07714584114013952,0.19380135763257988,0.41783395481325253,0.3853848796155655,0.33234006402046595,4.705699674448938e-05,0.0012371435734950637,26.290321505482385,1.2371435734950638e-11,0,26.290321505482385,42,14
cac40_full,23,250,433,2.3 Ledoit-Wolf,test,2024-09-19,2024-09-20,2024-11-18,0.6441782605775627,-7.503205122536054,4.195285561996375e-05,0.10282081314710007,4.064400807553967e-05,0.10120419969070453,0.23934359369252023,0.3542916698177425,0.4043392303625138,0.33265816462425885,4.703140871224417e-05,0.0012467471945635188,26.5088209921924,1.2467471945635189e-11,0,26.5088209921924,42,14
cac40_full,23,250,434,2.3 Ledoit-Wolf,test,2024-10-09,2024-10-10,2024-12-06,0.5123812162486951,-7.64314838728215,3.712780839354431e-05,0.09672749203392574,3.6133049940112166e-05,0.09542289340042182,0.13871103209710278,0.36917381364028296,0.41538364937238637,0.3077561650365907,4.901440684917945e-05,0.0013441029813458256,27.422610366003585,1.3441029813458257e-11,0,27.422610366003585,42,14
cac40_full,23,250,435,2.3 Ledoit-Wolf,test,2024-10-29,2024-10-30,2024-12-30,0.5010463584267575,-7.787359407663273,3.431540995951746e-05,0.09299184539409033,3.50473712929582e-05,0.09397838882331122,0.09161526763791383,0.4286176455956386,0.4371136653759213,0.3191155262031579,4.690748799844683e-05,0.0013267758789918176,28.28494842946501,1.3267758789918176e-11,0,28.28494842946501,42,14
cac40_full,23,250,436,2.3 Ledoit-Wolf,test,2024-11-18,2024-11-19,2025-01-20,0.4114691833713238,-8.075512423573484,2.5691587362069008e-05,0.08046291080517402,2.7903957275511383e-05,0.08385581216247845,0.052885886352702305,0.3588816005124406,0.325402641287853,0.24572337605099862,4.774176446456532e-05,0.0013816287670482342,28.939625138356593,1.3816287670482342e-11,0,28.939625138356593,42,14
cac40_full,23,250,437,2.3 Ledoit-Wolf,test,2024-12-06,2024-12-09,2025-02-07,0.5019105347142316,-7.765672048798384,2.19623908677907e-05,0.07439437141802635,2.363829294163506e-05,0.07718063112784214,0.11293788944660321,0.433572576435269,0.41357976789843925,0.32003007792677046,4.772301903049549e-05,0.0013858810090769376,29.040095057509784,1.3858810090769376e-11,0,29.040095057509784,42,14
cac40_full,23,250,438,2.3 Ledoit-Wolf,test,2024-12-30,2024-12-31,2025-02-27,0.5815452937958295,-7.307685095928214,2.081020764972441e-05,0.07241665780558056,1.966983344101775e-05,0.07040453129690213,0.1734287704375621,0.4517331588118292,0.39878816259202,0.3413166972804704,4.6748654355071396e-05,0.0013919501266672894,29.775191304865604,1.3919501266672893e-11,0,29.775191304865604,42,14
cac40_full,23,250,439,2.3 Ledoit-Wolf,test,2025-01-20,2025-01-21,2025-03-19,0.6307535935807346,-6.982007354364207,2.352834414764804e-05,0.077000926781483,1.6936150644793262e-05,0.06532924278214085,0.20690571093947752,0.3531972902838531,0.42115844164232946,0.3270871476218867,4.375490032430983e-05,0.0014227183422206254,32.51563440152955,1.4227183422206255e-11,0,32.51563440152955,42,14
cac40_full,23,250,440,2.3 Ledoit-Wolf,test,2025-02-07,2025-02-10,2025-04-08,0.7196719284201627,-7.047885127104494,9.23646128810706e-05,0.15256435509656177,8.789301338800863e-05,0.1488255333394716,0.15985668570667855,0.28139387074207073,0.4013662987663278,0.2808722850716923,4.486769580952257e-05,0.0014899357122420257,33.207315092962865,1.4899357122420258e-11,0,33.207315092962865,42,14
cac40_full,23,250,441,2.3 Ledoit-Wolf,test,2025-02-27,2025-02-28,2025-04-30,0.7833822306703044,-7.125618502804524,0.00011913451112697813,0.17326827985525362,0.00011954316894564508,0.1735651997789377,0.17525492612090088,0.3008428333136635,0.3540922299510505,0.27672999646187163,4.023820846645435e-05,0.0015309358202455763,38.04681864804895,1.5309358202455765e-11,0,38.04681864804895,42,14
cac40_full,23,250,442,2.3 Ledoit-Wolf,test,2025-03-19,2025-03-20,2025-05-21,0.7450044798507949,-7.393839336009673,0.00012503981241165468,0.17751065525127493,0.0001296897703303144,0.18078114426908362,0.10113864821634522,0.24497859409161707,0.34290410054357917,0.22967378095051383,4.0663861649928986e-05,0.0016317808489699189,40.12852647930373,1.6317808489699188e-11,0,40.12852647930373,42,14
cac40_full,23,250,443,2.3 Ledoit-Wolf,test,2025-04-08,2025-04-09,2025-06-10,0.4338205827991669,-7.713770675906993,4.244596502725591e-05,0.10342332032413429,4.7032355010176604e-05,0.10886759601720111,0.07990552908104431,0.18025360076678373,0.3657124495072542,0.2086238597850274,4.2806908749825285e-05,0.002076752050968342,48.514413014623905,2.076752050968342e-11,0,48.514413014623905,42,14
cac40_full,23,250,444,2.3 Ledoit-Wolf,test,2025-04-30,2025-05-02,2025-06-30,0.622101064962218,-7.79839434790772,2.979662704975529e-05,0.08665304389655526,2.922228837491414e-05,0.08581384894338653,0.18646805162380287,0.4952890965730085,0.4291381752440819,0.3702984411469645,4.2314847788391086e-05,0.0023268834944623613,54.98976402086297,2.3268834944623612e-11,0,54.98976402086297,42,14
cac40_full,23,250,445,2.3 Ledoit-Wolf,test,2025-05-21,2025-05-22,2025-07-18,0.6598270716680641,-7.68786308925743,2.8422679330422946e-05,0.08463164414843057,2.2786566524202833e-05,0.07577740272732442,0.21851234931141916,0.4214916652450724,0.33576505836916204,0.32525635764188454,4.344327841928411e-05,0.002419047232737164,55.682888602241604,2.419047232737164e-11,0,55.682888602241604,42,14
cac40_full,23,250,446,2.3 Ledoit-Wolf,test,2025-06-10,2025-06-11,2025-08-07,0.5446525134088704,-7.334393461272415,3.4439323965619644e-05,0.09315959230984296,3.078043369938551e-05,0.08807195519712928,0.11447549081619979,0.4293802224817132,0.4264876904873028,0.32344780126173855,4.2917149571960106e-05,0.0022927031668769594,53.421608605034095,2.2927031668769593e-11,0,53.421608605034095,42,14
cac40_full,23,250,447,2.3 Ledoit-Wolf,test,2025-06-30,2025-07-01,2025-08-27,0.5622474921054066,-7.489350212625182,3.550653444561622e-05,0.09459200114330645,3.9201362076052544e-05,0.09939186708763066,0.16859788232883222,0.4251140403538416,0.30578217970498683,0.2998313674625535,4.159316850789581e-05,0.002339175877208115,56.23942491334987,2.339175877208115e-11,0,56.23942491334987,42,14
cac40_full,23,250,448,2.3 Ledoit-Wolf,test,2025-07-18,2025-07-21,2025-09-16,0.6304428555787641,-7.552303551231704,2.8984136486983986e-05,0.08546345648708555,3.224313487872823e-05,0.09014027950610932,0.16111641290727796,0.3840145260553082,0.3673841146556283,0.30417168453940485,4.341641910975824e-05,0.0023311955069101136,53.693868695545085,2.3311955069101136e-11,0,53.693868695545085,42,14
cac40_full,23,250,449,2.3 Ledoit-Wolf,test,2025-08-07,2025-08-08,2025-10-06,0.8388582315288052,-7.882238800471375,2.4530167027239188e-05,0.07862316510332229,2.7313473462739406e-05,0.08296381929859745,0.26400518534298123,0.39491143194785755,0.32769530461494734,0.328870640635262,4.627468249272165e-05,0.0022765058890850086,49.19549452215195,2.2765058890850087e-11,0,49.19549452215195,42,14
cac40_full,23,250,450,2.3 Ledoit-Wolf,test,2025-08-27,2025-08-28,2025-10-24,0.8553658236630319,-7.499443324792416,2.870308385300382e-05,0.08504808716812486,2.490996451728514e-05,0.07922948351690712,0.2761471723134772,0.4208600412248538,0.4882511848497388,0.3950861327960233,4.814091810642641e-05,0.0023392544109886036,48.59181135301889,2.3392544109886037e-11,0,48.59181135301889,42,14
cac40_full,23,250,451,2.3 Ledoit-Wolf,test,2025-09-16,2025-09-17,2025-11-13,0.7322885541577605,-7.539717673268562,2.6643014043136773e-05,0.08193924297228079,2.3687407793228597e-05,0.07726077118365832,0.17485382369986024,0.45652569951896554,0.4725674242902713,0.3679823158363657,4.78250304674031e-05,0.002267213188936097,47.40641389620021,2.2672131889360968e-11,0,47.40641389620021,42,14
cac40_full,23,250,452,2.3 Ledoit-Wolf,test,2025-10-06,2025-10-07,2025-12-03,0.6692636255701446,-7.587203813889678,3.214367957605116e-05,0.09000115139910651,2.9531070230181773e-05,0.08626604023603845,0.1736200031132904,0.4570685300898795,0.4413468749040405,0.35734513603573687,4.957304122167205e-05,0.0021542733230770074,43.4565495678166,2.1542733230770074e-11,0,43.4565495678166,42,14
cac40_full,23,250,453,2.3 Ledoit-Wolf,test,2025-10-24,2025-10-27,2025-12-23,0.9745872478445988,-7.92893427901676,2.493771743258027e-05,0.07927360716537521,2.5273628521425755e-05,0.07980572903870554,0.13709460159315923,0.3573906725390035,0.33221533526684616,0.2755668697996696,5.07083035746516e-05,0.002179109605216424,42.97342745864864,2.179109605216424e-11,0,42.97342745864864,42,14
cac40_full,23,250,454,2.3 Ledoit-Wolf,test,2025-11-13,2025-11-14,2026-01-15,1.1539406949962443,-7.797631804230706,2.663355202421469e-05,0.0819246916997684,2.623578090640046e-05,0.08131061916141652,0.20180351956067766,0.39080587267603056,0.4436465378185701,0.3454186433517594,5.10125676857039e-05,0.0021321065083754038,41.79571045142508,2.132106508375404e-11,0,41.79571045142508,42,14
cac40_full,23,250,455,2.3 Ledoit-Wolf,test,2025-12-03,2025-12-04,2026-02-04,0.931590925722871,-7.527569444399486,3.943883094128016e-05,0.0996924540634977,4.194855909959945e-05,0.10281554791518188,0.27497006473559416,0.5072224448275898,0.47719566973186994,0.41979605976501794,5.1148797152419804e-05,0.0021350203087454897,41.74135908579199,2.1350203087454898e-11,0,41.74135908579199,42,14
cac40_full,23,250,456,2.3 Ledoit-Wolf,test,2025-12-23,2025-12-24,2026-02-24,0.8926117654700917,-7.011533650278891,5.425337819061412e-05,0.11692669200843218,5.468649850681089e-05,0.11739249389852975,0.5520911564537587,0.6289259920231203,0.5708401596584872,0.5839524360451221,5.280490844733213e-05,0.0021459502522199127,40.63921925667751,2.1459502522199127e-11,0,40.63921925667751,42,14
cac40_full,23,250,457,2.3 Ledoit-Wolf,test,2026-01-15,2026-01-16,2026-03-16,0.5994309757090203,-6.9353345436949345,8.158189153540844e-05,0.14338283253905582,8.621828037864785e-05,0.14740083668493628,0.2058832104159326,0.489452948122095,0.5625988131469116,0.4193116572283131,5.5313694433471566e-05,0.0020575202899900153,37.197303688776266,2.0575202899900152e-11,0,37.197303688776266,42,14
cac40_full,23,250,458,2.3 Ledoit-Wolf,test,2026-02-04,2026-02-05,2026-04-07,0.623596532743494,-6.991340505943589,8.099673586170453e-05,0.14286769206909428,8.075644353441767e-05,0.14265561247519584,0.24882233006548582,0.4626383779407501,0.5149250008793127,0.40879523629518283,5.618117883127867e-05,0.0020376571237758915,36.26939067788718,2.0376571237758914e-11,0,36.26939067788718,42,14
cac40_full,23,250,459,2.3 Ledoit-Wolf,test,2026-02-24,2026-02-25,2026-04-27,0.7307741126912156,-7.115123895479772,7.803582528409046e-05,0.14023205044350878,7.745681131450792e-05,0.13971083154593275,0.24663050626997673,0.5472004634855251,0.4254894730617888,0.4064401476057635,6.448732962156998e-05,0.0020054434889552456,31.098256056247937,2.0054434889552456e-11,0,31.098256056247937,42,14
cac40_full,23,250,460,2.3 Ledoit-Wolf,test,2026-03-16,2026-03-17,2026-05-18,0.7218410280361197,-7.154224605427206,6.289664590611757e-05,0.1258966034821497,5.554337229369925e-05,0.11830862106377629,0.2632051643686716,0.5834698464797144,0.41660969307229684,0.4210949013068943,6.199055276190688e-05,0.002058350980438807,33.204268856006415,2.058350980438807e-11,0,33.204268856006415,42,14
cac40_full,23,250,461,2.3 Ledoit-Wolf,test,2026-04-07,2026-04-08,2026-06-05,0.7333710625893255,-7.222571650919848,4.237044494602719e-05,0.10333127370936086,4.157163025863641e-05,0.10235258094047446,0.2181807652527442,0.6226587410647925,0.29636490820106953,0.3790681381728687,6.212355087473353e-05,0.0015812171230965442,25.452780802644785,1.5812171230965443e-11,0,25.452780802644785,42,14
cac40_full,23,250,462,2.3 Ledoit-Wolf,test,2026-04-27,2026-04-28,2026-06-25,0.5881841225121446,-7.44632830152891,3.805968727303543e-05,0.09793386131877435,3.6370705316516596e-05,0.09573618824541837,0.20305306582680172,0.48788719884874204,0.23693419057847112,0.30929148508467164,6.289590886416623e-05,0.0017588730553201367,27.964824534433617,1.7588730553201367e-11,0,27.964824534433617,42,14
cac40_full,23,250,463,2.3 Ledoit-Wolf,test,2026-05-18,2026-05-19,2026-07-15,0.49315278621571557,-7.55096187814172,3.7425165019804416e-05,0.09711406481550812,3.533079224797421e-05,0.09435761573126729,0.15598276566982316,0.4111426481198754,0.16101945867714873,0.2427149574889491,6.219465127112634e-05,0.0018732243198170818,30.118736604070648,1.8732243198170818e-11,0,30.118736604070648,42,14
cac40_full,23,250,344,2.4 Ledoit-Wolf QIS / RIE,test,2019-11-12,2019-11-13,2020-01-13,2.0212449449164827,-8.3279987827483,3.4339783838863924e-05,0.0930248651027977,2.809042843879215e-05,0.08413553331723536,0.16984975530035973,0.1366052525884709,0.3977896722067536,0.23474822669852805,3.068597043796721e-05,0.0025744003264640304,83.89502726232084,2.5744003264640304e-11,0,83.89502726232084,42,14
cac40_full,23,250,345,2.4 Ledoit-Wolf QIS / RIE,test,2019-12-02,2019-12-03,2020-01-31,0.9829111147921787,-8.250215968690226,3.9157143865546034e-05,0.09933579543204756,3.4369117347259286e-05,0.09306458817138417,0.15658989038419313,0.34286608219701264,0.49490393127663274,0.3314533012859462,3.173941281055347e-05,0.002335762536387946,73.59186353980994,2.3357625363879462e-11,0,73.59186353980994,42,14
cac40_full,23,250,346,2.4 Ledoit-Wolf QIS / RIE,test,2019-12-20,2019-12-23,2020-02-20,0.6253770402536957,-8.060518076405696,3.509554388102754e-05,0.09404295326083151,3.455899475315331e-05,0.0933213088088387,0.11716363846610411,0.34667787687575147,0.35638624665726376,0.27340925399970645,3.2179429820785997e-05,0.002102363579389011,65.33253047358251,2.1023635793890112e-11,0,65.33253047358251,42,14
cac40_full,23,250,347,2.4 Ledoit-Wolf QIS / RIE,test,2020-01-13,2020-01-14,2020-03-11,0.8309617926397241,-6.9409299515857645,0.00029445821494355546,0.27240313905272084,0.00028757453940470474,0.26920026732896385,0.08767127809584474,0.26913936691919876,0.4026864929761931,0.2531657126637455,3.095357767888815e-05,0.0019477543442842958,62.92501514656121,1.9477543442842958e-11,0,62.92501514656121,42,14
cac40_full,23,250,348,2.4 Ledoit-Wolf QIS / RIE,test,2020-01-31,2020-02-03,2020-03-31,0.955604778599501,-0.3203582953010519,0.0008709697543143697,0.46849159873707574,0.0008464397881741512,0.4618471896849499,0.1752570767245073,0.5121187893707523,0.49991462172085804,0.3957634959387059,2.7061083958280216e-05,0.0018868213005349573,69.72452779215531,1.8868213005349572e-11,0,69.72452779215531,42,14
cac40_full,23,250,349,2.4 Ledoit-Wolf QIS / RIE,test,2020-02-20,2020-02-21,2020-04-22,0.9625837292214691,1.6850064207153834,0.0009399414858328999,0.486688046319088,0.0009211971937278908,0.4818108475526765,0.15665334965739686,0.5883302993351539,0.5220422639112691,0.42234197096793996,2.9786798764601912e-05,0.0018570931122044473,62.34617982551998,1.8570931122044475e-11,0,62.34617982551998,42,14
cac40_full,23,250,350,2.4 Ledoit-Wolf QIS / RIE,test,2020-03-11,2020-03-12,2020-05-13,0.9281777228429652,0.07746923891362138,0.00045236997948839896,0.3376347654360797,0.0006566918460361852,0.4068001293032226,0.17206522818369674,0.6511195841035774,0.5715044596889873,0.4648964239920872,3.4415603995575046e-05,0.0035386595914441415,102.82137114022818,3.538659591444141e-11,0,102.82137114022818,42,14
cac40_full,23,250,351,2.4 Ledoit-Wolf QIS / RIE,test,2020-03-31,2020-04-01,2020-06-02,0.5831413310600538,-5.939856371700557,0.00016385493395302137,0.20320296099260313,0.00019051777369961275,0.2191129365699397,0.05158079305043939,0.36169081057127017,0.32187186892327774,0.2450478241816624,5.170470591386736e-05,0.00799953460361265,154.7157935089841,7.99953460361265e-11,0,154.7157935089841,42,14
cac40_full,23,250,352,2.4 Ledoit-Wolf QIS / RIE,test,2020-04-22,2020-04-23,2020-06-22,0.45175967362185415,-6.718495767351833,0.00018357028488382953,0.2150807099456505,0.00016109444833204507,0.2014839968326898,0.05233796538288915,0.40891826882687216,0.2966034746031602,0.25261990293764053,5.639933824652487e-05,0.009163743930430778,162.47963567188512,9.163743930430777e-11,0,162.47963567188512,42,14
cac40_full,23,250,353,2.4 Ledoit-Wolf QIS / RIE,test,2020-05-13,2020-05-14,2020-07-10,0.4008113319993809,-7.0538031540787856,0.0001739593906295956,0.20937470343539138,0.00016521861511608187,0.2040467863242463,0.07788310114341379,0.3595390353823975,0.30642816079717,0.24795009910766042,5.861345073501795e-05,0.009801782623062473,167.22753054371032,9.801782623062474e-11,0,167.22753054371032,42,14
cac40_full,23,250,354,2.4 Ledoit-Wolf QIS / RIE,test,2020-06-02,2020-06-03,2020-07-30,0.4761597603994924,-7.353947860370053,0.0001511372524827887,0.1951578530975957,0.0001451334073864574,0.1912423035350371,0.069629486950742,0.3231239727445039,0.2929564376624391,0.22856996578589497,6.730035785406479e-05,0.010472473720401918,155.60799458318786,1.0472473720401919e-10,0,155.60799458318786,42,14
cac40_full,23,250,355,2.4 Ledoit-Wolf QIS / RIE,test,2020-06-22,2020-06-23,2020-08-19,1.3548133171361372,-7.44559526776354,0.0001190880105008091,0.1732344614855944,0.0001080118467632128,0.1649817728851573,0.05850802247850395,0.2629935822730669,0.34347964187488983,0.22166041554215354,7.116065084134146e-05,0.011186291136564504,157.19770693926426,1.1186291136564504e-10,0,157.19770693926426,42,14
cac40_full,23,250,356,2.4 Ledoit-Wolf QIS / RIE,test,2020-07-10,2020-07-13,2020-09-08,1.9067748831641196,-7.443849629064086,0.00011170280992208728,0.16777695938467235,0.00010448949448459347,0.16226938284876033,0.05041168577847133,0.39076107412273214,0.2809160724110547,0.2406962774374194,7.259220540877034e-05,0.011487598655678388,158.2483765438885,1.1487598655678388e-10,0,158.2483765438885,42,14
cac40_full,23,250,357,2.4 Ledoit-Wolf QIS / RIE,test,2020-07-30,2020-07-31,2020-09-28,1.2102476263749111,-7.368797048918579,9.892886530638931e-05,0.15789260292113153,0.00010682564021554809,0.16407334132734092,0.10794409968634966,0.27284761433277865,0.2556615582144426,0.21215109074452365,6.859311942885403e-05,0.011446857623148633,166.8805518463337,1.1446857623148633e-10,0,166.8805518463337,42,14
cac40_full,23,250,358,2.4 Ledoit-Wolf QIS / RIE,test,2020-08-19,2020-08-20,2020-10-16,1.3038500937783652,-7.303238836120822,0.0001017717380737558,0.16014517786866536,9.648096363929798e-05,0.15592691505029876,0.1392323741085043,0.24595501029953418,0.20356227513186553,0.19624988651330133,7.1595814856864e-05,0.011531809548259291,161.06820728717105,1.1531809548259291e-10,0,161.06820728717105,42,14
cac40_full,23,250,359,2.4 Ledoit-Wolf QIS / RIE,test,2020-09-08,2020-09-09,2020-11-05,0.8607520278310367,-7.112478192888267,0.0001312891007712543,0.18189242258641805,0.00013718718545522492,0.18593324268327244,0.08959940847623993,0.31653205491978226,0.33931948145911034,0.24848364828504418,6.432784163234461e-05,0.011586009629706,180.10878860080473,1.1586009629706e-10,0,180.10878860080473,42,14
cac40_full,23,250,360,2.4 Ledoit-Wolf QIS / RIE,test,2020-09-28,2020-09-29,2020-11-25,0.51014249660259,-6.978805374481949,0.0001553154902071918,0.19783706309034294,0.00018049606136634122,0.21327214413588566,0.165913366949742,0.13073748334693805,0.32227919222176515,0.20631001417281505,6.753744932981832e-05,0.01179510919781258,174.6454643291503,1.179510919781258e-10,0,174.6454643291503,42,14
cac40_full,23,250,361,2.4 Ledoit-Wolf QIS / RIE,test,2020-10-16,2020-10-19,2020-12-15,0.4986311049665312,-7.10077235177625,0.00014150014785663533,0.18883335844037752,0.00018503793619892793,0.21593878744248296,0.1413268978229244,0.36324088331154575,0.36314661703611645,0.2892381327235289,6.339983882330626e-05,0.011832998506103656,186.64082946775184,1.1832998506103658e-10,0,186.64082946775184,42,14
cac40_full,23,250,362,2.4 Ledoit-Wolf QIS / RIE,test,2020-11-05,2020-11-06,2021-01-06,0.7106599134753594,-7.258770825038192,0.00011772540359349605,0.17224053444401816,0.00014180582389876576,0.18903721226914286,0.20216834702630238,0.21039070587122874,0.27653439857346074,0.2296978171569973,6.769186070647549e-05,0.012251639409440126,180.99132276132156,1.2251639409440127e-10,0,180.99132276132156,42,14
cac40_full,23,250,363,2.4 Ledoit-Wolf QIS / RIE,test,2020-11-25,2020-11-26,2021-01-26,3.1935774930541068,-7.38729196210788,9.810502184706746e-05,0.15723379250485883,7.256341309491761e-05,0.13522566361426827,0.15037750720872145,0.39371950813514583,0.3457874001030991,0.29662813848232217,7.133587430592152e-05,0.013363400930376978,187.33072329174067,1.336340093037698e-10,0,187.33072329174067,42,14
cac40_full,23,250,364,2.4 Ledoit-Wolf QIS / RIE,test,2020-12-15,2020-12-16,2021-02-15,2.9746125240518477,-7.341533989769279,8.010055572434811e-05,0.1420751211244802,8.453922154998587e-05,0.14595850037115496,0.11530964597579851,0.3702364516220193,0.3253845422885548,0.2703102132954575,7.582901518873288e-05,0.01343199802708045,177.13533524929986,1.343199802708045e-10,0,177.13533524929986,42,14
cac40_full,23,250,365,2.4 Ledoit-Wolf QIS / RIE,test,2021-01-06,2021-01-07,2021-03-05,3.512382030266175,-7.2787450171095305,6.480286557037416e-05,0.1277901487742083,6.457064745323257e-05,0.12756097819558537,0.23777652956631146,0.35684081595561046,0.3014387278738105,0.29868535779857747,8.129898032369656e-05,0.013581300983800339,167.0537678298745,1.3581300983800338e-10,0,167.0537678298745,42,14
cac40_full,23,250,366,2.4 Ledoit-Wolf QIS / RIE,test,2021-01-26,2021-01-27,2021-03-25,4.454261213940676,-7.373878958291222,5.82986739032958e-05,0.1212075320416621,6.788498356125375e-05,0.13079379135660815,0.22171040389722474,0.3548059105746779,0.3361404042521609,0.3042189062413545,8.281192283422484e-05,0.013617063864587477,164.4336153363627,1.3617063864587477e-10,0,164.4336153363627,42,14
cac40_full,23,250,367,2.4 Ledoit-Wolf QIS / RIE,test,2021-02-15,2021-02-16,2021-04-16,5.63191151125934,-7.485418328204506,4.3268032944100715e-05,0.10442003783715739,4.547211905728662e-05,0.10704659734170081,0.6194799503519691,0.3801361543940273,0.28431176060329166,0.42797595511642933,8.585807115672651e-05,0.01357623317873611,158.12413435137466,1.357623317873611e-10,0,158.12413435137466,42,14
cac40_full,23,250,368,2.4 Ledoit-Wolf QIS / RIE,test,2021-03-05,2021-03-08,2021-05-06,4.102480666768701,-7.6136777366842425,3.6909086875202685e-05,0.09644215827401975,3.523595332820218e-05,0.09423088792273449,0.13417649849620028,0.26017504196732766,0.28522904461648074,0.22652686169333625,8.104944900955488e-05,0.010226738102730504,126.17899600433901,1.0226738102730504e-10,0,126.17899600433901,42,14
cac40_full,23,250,369,2.4 Ledoit-Wolf QIS / RIE,test,2021-03-25,2021-03-26,2021-05-26,2.690072927731369,-7.826753943975651,3.725889801352485e-05,0.0968981026615499,3.693653226924032e-05,0.09647800854002202,0.04446899934595261,0.23377748383710348,0.3048737200506844,0.19437340107791354,6.873754951932433e-05,0.007260091539803462,105.62045913147394,7.260091539803462e-11,0,105.62045913147394,42,14
cac40_full,23,250,370,2.4 Ledoit-Wolf QIS / RIE,test,2021-04-16,2021-04-19,2021-06-15,2.28240994270725,-7.908612219984807,3.4327096210878936e-05,0.0930076784203406,3.519915460693351e-05,0.09418166998385219,0.05525721977156728,0.12215177949315444,0.22540300243051226,0.13427066723174466,5.454417395110452e-05,0.006341416562616976,116.26203319719653,6.341416562616976e-11,0,116.26203319719653,42,14
cac40_full,23,250,371,2.4 Ledoit-Wolf QIS / RIE,test,2021-05-06,2021-05-07,2021-07-05,1.829008729495952,-7.974317531441139,3.069137564419354e-05,0.0879444521407506,3.140279235630737e-05,0.08895787583901414,0.20504456309144647,0.23007856277604866,0.2286559843803889,0.22125970341596135,5.1357663438051684e-05,0.005775500267346302,112.45644526474202,5.7755002673463015e-11,0,112.45644526474202,42,14
cac40_full,23,250,372,2.4 Ledoit-Wolf QIS / RIE,test,2021-05-26,2021-05-27,2021-07-23,1.003562579089224,-8.009056695917055,5.010846347339356e-05,0.1123714055945514,4.864246941483151e-05,0.11071541126933296,0.042824563649982994,0.3086179470237271,0.28944478813541535,0.2136290996030418,4.850221370328443e-05,0.005023094067631921,103.56422282828241,5.0230940676319216e-11,0,103.56422282828241,42,14
cac40_full,23,250,373,2.4 Ledoit-Wolf QIS / RIE,test,2021-06-15,2021-06-16,2021-08-12,0.763517005105112,-7.907589552359778,4.4878489175675694e-05,0.10634556536250242,5.001007470361306e-05,0.11226102986036825,0.03553534741871045,0.15225936447656588,0.3081728870429464,0.16532253297940758,4.541432053764426e-05,0.004284859775052561,94.3504102742396,4.2848597750525614e-11,0,94.3504102742396,42,14
cac40_full,23,250,374,2.4 Ledoit-Wolf QIS / RIE,test,2021-07-05,2021-07-06,2021-09-01,1.0244335874029735,-7.871618702983356,4.4508572801723955e-05,0.10590637537955133,4.177585072115044e-05,0.10260367625835787,0.16528515264687715,0.19038171760715938,0.3829133699005179,0.24619341338485148,4.435768211091629e-05,0.004238846054487904,95.56058506142585,4.238846054487904e-11,0,95.56058506142585,42,14
cac40_full,23,250,375,2.4 Ledoit-Wolf QIS / RIE,test,2021-07-23,2021-07-26,2021-09-21,1.3745199098233565,-7.713933622952175,2.4976502880718756e-05,0.07933523004278192,2.253348260178377e-05,0.07535540866885078,0.24126064281073234,0.18554268485893713,0.37602975882127304,0.2676110288303142,4.1566154013598764e-05,0.004243441802755982,102.08887262862231,4.243441802755982e-11,0,102.08887262862231,42,14
cac40_full,23,250,376,2.4 Ledoit-Wolf QIS / RIE,test,2021-08-12,2021-08-13,2021-10-11,0.8342081329079525,-7.755561030823117,3.418547528594594e-05,0.09281562245688156,3.299973205221994e-05,0.09119173469761076,0.11386851066378645,0.18534178422123113,0.36544108187327357,0.22155045891943037,4.5749309689409444e-05,0.004081878340255907,89.22273074648875,4.0818783402559074e-11,0,89.22273074648875,42,14
cac40_full,23,250,377,2.4 Ledoit-Wolf QIS / RIE,test,2021-09-01,2021-09-02,2021-10-29,0.8463183664943854,-7.782416905695435,3.3484361625284784e-05,0.09185890881984048,3.79442969030911e-05,0.09778528938229389,0.12490178336420554,0.17877243378116292,0.3431503577074451,0.21560819161760456,4.57970806795087e-05,0.004038834855025773,88.18978841227529,4.038834855025773e-11,0,88.18978841227529,42,14
cac40_full,23,250,378,2.4 Ledoit-Wolf QIS / RIE,test,2021-09-21,2021-09-22,2021-11-18,0.9272870996718975,-7.853936097605388,2.940277823774792e-05,0.08607845326161755,2.917720608148628e-05,0.0857476293114541,0.22060079912821806,0.40264259531688507,0.29800611791818854,0.30708317078776387,4.4168782716303475e-05,0.003703792662015379,83.85543893760614,3.703792662015379e-11,0,83.85543893760614,42,14
cac40_full,23,250,379,2.4 Ledoit-Wolf QIS / RIE,test,2021-10-11,2021-10-12,2021-12-08,0.5148243596531955,-7.7761401034561235,6.0461989980984447e-05,0.12343590026895773,7.272467009704565e-05,0.13537583560021155,0.14401406736549371,0.3767357663052214,0.3138443516060236,0.2781980617589129,4.35929261731527e-05,0.003660111068123599,83.96112372877892,3.660111068123599e-11,0,83.96112372877892,42,14
cac40_full,23,250,380,2.4 Ledoit-Wolf QIS / RIE,test,2021-10-29,2021-11-01,2021-12-28,0.5269990910533349,-7.833962732496187,6.25279197568843e-05,0.12552703206375448,6.775204747178049e-05,0.13066566482013814,0.33408064430843265,0.37692967309663755,0.31845746241527734,0.3431559266067825,4.1667398142733035e-05,0.0026238475268535264,62.971235157651336,2.6238475268535264e-11,0,62.971235157651336,42,14
cac40_full,23,250,381,2.4 Ledoit-Wolf QIS / RIE,test,2021-11-18,2021-11-19,2022-01-17,0.5871066709213326,-7.788477260322443,6.674765090233158e-05,0.12969351574919832,7.40173616220124e-05,0.13657369852481524,0.31011938386312365,0.3700930879216962,0.3517367862746877,0.34398308601983585,3.664042222640403e-05,0.002054224273414627,56.06442689774193,2.0542242734146274e-11,0,56.06442689774193,42,14
cac40_full,23,250,382,2.4 Ledoit-Wolf QIS / RIE,test,2021-12-08,2021-12-09,2022-02-04,0.5053948523078104,-7.838326003468075,4.212972563580064e-05,0.10303732750912051,4.584920988442083e-05,0.10748953851828581,0.1574334123501263,0.410566417773173,0.396079036310053,0.3213596221444508,3.695547305269119e-05,0.0022614871933435855,61.194919359282785,2.2614871933435857e-11,0,61.194919359282785,42,14
cac40_full,23,250,383,2.4 Ledoit-Wolf QIS / RIE,test,2021-12-28,2021-12-29,2022-02-24,0.5877143549216818,-7.485691460617502,5.7429105957946534e-05,0.12030018579122198,7.1717034802267e-05,0.134434715643584,0.13078891762843192,0.38056572221692764,0.386603214852224,0.2993192848991945,3.7081911813983577e-05,0.0021800740035508074,58.79076608797452,2.1800740035508074e-11,0,58.79076608797452,42,14
cac40_full,23,250,384,2.4 Ledoit-Wolf QIS / RIE,test,2022-01-17,2022-01-18,2022-03-16,0.8466932709066388,-6.4699468987099324,0.0001518913001633888,0.19564408409449538,0.0001972840094787441,0.22296988673057067,0.26205150621732665,0.15384767337724403,0.38712303973424383,0.26767407310960484,3.431175105633856e-05,0.0020290677476340504,59.13623423947091,2.0290677476340504e-11,0,59.13623423947091,42,14
cac40_full,23,250,385,2.4 Ledoit-Wolf QIS / RIE,test,2022-02-04,2022-02-07,2022-04-05,0.8443099088104608,-6.501813293286221,0.00012300196690355434,0.176058216677597,0.0001581757085291787,0.19965039080691285,0.3081851467782326,0.15243389333704904,0.38707697936808283,0.28256533982778814,3.4586151147701475e-05,0.0021682531047749758,62.69136729077972,2.1682531047749757e-11,0,62.69136729077972,42,14
cac40_full,23,250,386,2.4 Ledoit-Wolf QIS / RIE,test,2022-02-24,2022-02-25,2022-04-27,0.8135097721791488,-6.738502528828203,9.302796473901765e-05,0.15311122465133786,0.000120687201647872,0.17439373502297537,0.2851466135331713,0.1169310849475722,0.417661718666374,0.2732464723823725,3.803503392506985e-05,0.0024226152035718984,63.69430899797599,2.4226152035718985e-11,0,63.69430899797599,42,14
cac40_full,23,250,387,2.4 Ledoit-Wolf QIS / RIE,test,2022-03-16,2022-03-17,2022-05-17,0.38885655262767915,-7.620162835460256,5.3132922373854906e-05,0.11571299165699345,2.849375713145874e-05,0.08473739904627474,0.07072499092873175,0.14240374912241904,0.43742988693967494,0.21685287566360856,4.1183001421052466e-05,0.0035904193971993655,87.18207205179485,3.590419397199365e-11,0,87.18207205179485,42,14
cac40_full,23,250,388,2.4 Ledoit-Wolf QIS / RIE,test,2022-04-05,2022-04-06,2022-06-06,0.4866788330515481,-7.721110443706161,5.196130948149255e-05,0.11443010962738838,3.6871660043395495e-05,0.0963932483680038,0.12009419125496168,0.13616249586240312,0.38310177372862203,0.21311948694866226,4.0437162546782125e-05,0.003711581290828957,91.7863929383026,3.711581290828957e-11,0,91.7863929383026,42,14
cac40_full,23,250,389,2.4 Ledoit-Wolf QIS / RIE,test,2022-04-27,2022-04-28,2022-06-24,0.3780208731208751,-7.505737543376446,7.013872775728592e-05,0.13294720529155946,5.3002072451535275e-05,0.11557042120623637,0.04495579726708587,0.28671761320798755,0.24097131963936733,0.19088157670481357,4.030976897550905e-05,0.0038018170208451102,94.31502877515807,3.80181702084511e-11,0,94.31502877515807,42,14
cac40_full,23,250,390,2.4 Ledoit-Wolf QIS / RIE,test,2022-05-17,2022-05-18,2022-07-14,0.3752721589777816,-7.387559987812453,5.832066763572989e-05,0.12123039323620101,5.87147641101602e-05,0.1216393051433638,0.05947068811382916,0.28690532701201993,0.23191573523167422,0.19276391678584112,3.820273259466411e-05,0.003950538148042394,103.40983169864079,3.9505381480423944e-11,0,103.40983169864079,42,14
cac40_full,23,250,391,2.4 Ledoit-Wolf QIS / RIE,test,2022-06-06,2022-06-07,2022-08-03,0.43183978794202055,-7.215688141974713,6.294325435276456e-05,0.12594324156895703,6.971775433767129e-05,0.13254762952649574,0.08924804698331601,0.37107825624550134,0.24982997741274446,0.23671876021385393,3.830778999974064e-05,0.0040578211163072135,105.92678711913914,4.0578211163072136e-11,0,105.92678711913914,42,14
cac40_full,23,250,392,2.4 Ledoit-Wolf QIS / RIE,test,2022-06-24,2022-06-27,2022-08-23,0.5454980549006933,-7.470779274442537,5.0918903462757795e-05,0.1132764921447295,5.579965719352589e-05,0.11858125320963903,0.15316399704482597,0.40644939687567283,0.362018491136811,0.30721062835243657,4.261903668796942e-05,0.004294503329733781,100.7649084416317,4.294503329733781e-11,0,100.7649084416317,42,14
cac40_full,23,250,393,2.4 Ledoit-Wolf QIS / RIE,test,2022-07-14,2022-07-15,2022-09-12,0.7778972117657608,-7.660138375115101,4.715453450401032e-05,0.10900891108074881,5.112821874626829e-05,0.113509079478514,0.08167647125138278,0.4073358695377028,0.44974946632647755,0.3129206023718544,5.0549740500554165e-05,0.004377218413981626,86.5923023666885,4.3772184139816266e-11,0,86.5923023666885,42,14
cac40_full,23,250,394,2.4 Ledoit-Wolf QIS / RIE,test,2022-08-03,2022-08-04,2022-09-30,0.6670970667523806,-7.629362588811212,6.514901840412192e-05,0.12813099795849062,6.454887064872696e-05,0.1275394660623887,0.11061807893898368,0.41177017523011733,0.38077169528584487,0.30105331648498196,4.604765364218244e-05,0.00449766354034798,97.67410898495483,4.49766354034798e-11,0,97.67410898495483,42,14
cac40_full,23,250,395,2.4 Ledoit-Wolf QIS / RIE,test,2022-08-23,2022-08-24,2022-10-20,0.4495069216281994,-7.605597101864952,8.412405906926582e-05,0.14559966650186734,8.635936699084855e-05,0.14752138991242536,0.11448663089601452,0.1840433615051286,0.3550525559560645,0.2178608494524025,4.740936491736147e-05,0.004499649592477109,94.91056461777917,4.499649592477109e-11,0,94.91056461777917,42,14
cac40_full,23,250,396,2.4 Ledoit-Wolf QIS / RIE,test,2022-09-12,2022-09-13,2022-11-09,0.5727005990644979,-7.455618828319671,9.061036845521399e-05,0.15110861276152965,9.552188848476088e-05,0.155149978724329,0.16161588783606506,0.237646792930033,0.36226955658610255,0.2538440791174002,4.7644300280806235e-05,0.004581924023660556,96.16940529413986,4.5819240236605564e-11,0,96.16940529413986,42,14
cac40_full,23,250,397,2.4 Ledoit-Wolf QIS / RIE,test,2022-09-30,2022-10-03,2022-11-29,0.8165476012675273,-7.627638747581201,6.0443573545988586e-05,0.12341709984272488,5.4584351781889816e-05,0.1172828062805296,0.20016723434484263,0.37227276437050366,0.28775605369195967,0.286732017469102,4.795837775189745e-05,0.004668047952263829,97.33540146860244,4.6680479522638295e-11,0,97.33540146860244,42,14
cac40_full,23,250,398,2.4 Ledoit-Wolf QIS / RIE,test,2022-10-20,2022-10-21,2022-12-19,1.1457272963750935,-7.648526483792517,6.654818643572673e-05,0.1294995868016695,5.780595280825967e-05,0.1206942422308597,0.248415500748158,0.38983452165677906,0.3609322769571914,0.3330607664540428,4.8144898439651545e-05,0.004841416881015056,100.5592915952176,4.8414168810150566e-11,0,100.5592915952176,42,14
cac40_full,23,250,399,2.4 Ledoit-Wolf QIS / RIE,test,2022-11-09,2022-11-10,2023-01-09,1.053507727716292,-7.743474946956418,7.764989468568298e-05,0.1398848578681485,6.671127068817721e-05,0.12965816678258513,0.17842110053035887,0.3704540974653338,0.33602522718903294,0.2949668083949086,4.09530362227953e-05,0.004935903354313919,120.52594409511678,4.935903354313919e-11,0,120.52594409511678,42,14
cac40_full,23,250,400,2.4 Ledoit-Wolf QIS / RIE,test,2022-11-29,2022-11-30,2023-01-27,1.2136469904485334,-7.817941829170678,6.395404822424887e-05,0.12695046338044896,5.871667667350326e-05,0.12164128625480257,0.112252405375864,0.3844338030591607,0.3391260024087331,0.2786040702812526,4.901723929383796e-05,0.004647611689726586,94.81585982160453,4.647611689726586e-11,0,94.81585982160453,42,14
cac40_full,23,250,401,2.4 Ledoit-Wolf QIS / RIE,test,2022-12-19,2022-12-20,2023-02-16,1.477254285336997,-7.630900223637209,7.92450114609647e-05,0.14131434070243226,8.259252858297786e-05,0.14426821272515447,0.17905894100361475,0.34927500200383893,0.4181106811865322,0.3154815413979953,4.977713426223598e-05,0.004669993618074317,93.81804893531735,4.669993618074318e-11,0,93.81804893531735,42,14
cac40_full,23,250,402,2.4 Ledoit-Wolf QIS / RIE,test,2023-01-09,2023-01-10,2023-03-08,2.1956547757086953,-7.584714202850961,5.651762895534276e-05,0.11934170476722031,6.0233142937617374e-05,0.12320207798685694,0.19468060247216445,0.5002053778572083,0.42769687697414566,0.3741942857678395,4.920781727182961e-05,0.004761260722629931,96.75821823854089,4.761260722629931e-11,0,96.75821823854089,42,14
cac40_full,23,250,403,2.4 Ledoit-Wolf QIS / RIE,test,2023-01-27,2023-01-30,2023-03-28,0.5072375986960044,-7.546215087194971,6.453153925378931e-05,0.1275223427166977,7.29449196790764e-05,0.13558067620102524,0.1324773517955259,0.3618106605080426,0.41353401606014534,0.30260734278790463,5.0502947941371854e-05,0.0045631067642791364,90.3532754083263,4.563106764279136e-11,0,90.3532754083263,42,14
cac40_full,23,250,404,2.4 Ledoit-Wolf QIS / RIE,test,2023-02-16,2023-02-17,2023-04-19,0.5556969518264226,-7.750506233347772,3.5627274615636e-05,0.09475269496505243,3.763699563811169e-05,0.0973885152407826,0.20207966554187695,0.30029126815624424,0.31948526703121666,0.2739520669097793,5.175508834667485e-05,0.00409989145281743,79.21716653935223,4.09989145281743e-11,0,79.21716653935223,42,14
cac40_full,23,250,405,2.4 Ledoit-Wolf QIS / RIE,test,2023-03-08,2023-03-09,2023-05-10,0.5184480697549382,-7.797574305660914,3.922826437016762e-05,0.09942596552853908,4.432608380066547e-05,0.1056890397239359,0.14955610114541495,0.26760479899494155,0.30021028950270096,0.23912372988101915,4.782054775106858e-05,0.003044313810510712,63.661207444924855,3.0443138105107116e-11,0,63.661207444924855,42,14
cac40_full,23,250,406,2.4 Ledoit-Wolf QIS / RIE,test,2023-03-28,2023-03-29,2023-05-30,1.149107250506667,-7.902771168830097,4.0609193776217996e-05,0.10116084633694468,3.4658703832179874e-05,0.09345583644539986,0.13402988616790035,0.2092672756352806,0.2781813320586421,0.20715949795394098,4.684251086263157e-05,0.003316284100831362,70.79646329285296,3.316284100831362e-11,0,70.79646329285296,42,14
cac40_full,23,250,407,2.4 Ledoit-Wolf QIS / RIE,test,2023-04-19,2023-04-20,2023-06-19,1.0460131148569776,-7.902337988832433,3.185281851523671e-05,0.08959302576562336,2.9898158303257344e-05,0.08680055237393855,0.07246881484260137,0.15502362543496861,0.27444096931530354,0.16731113653095786,4.662256357974751e-05,0.0032884666714209456,70.53380206766302,3.288466671420946e-11,0,70.53380206766302,42,14
cac40_full,23,250,408,2.4 Ledoit-Wolf QIS / RIE,test,2023-05-10,2023-05-11,2023-07-07,0.8330473169032414,-7.982084330697075,3.880558798558004e-05,0.09888886778786664,3.615546614285877e-05,0.09545248801367312,0.03252134826165498,0.272962805334559,0.31981919148481514,0.20843444836034306,4.658787111667561e-05,0.003117167632628276,66.9094242323625,3.117167632628276e-11,0,66.9094242323625,42,14
cac40_full,23,250,409,2.4 Ledoit-Wolf QIS / RIE,test,2023-05-30,2023-05-31,2023-07-27,0.8046140226914004,-7.941343985903024,3.779159549063e-05,0.09758832954630774,3.87098430135106e-05,0.09876679826442017,0.0675563122380225,0.3800789430086607,0.39461377138039255,0.2807496755423586,4.692866279719819e-05,0.003078061605275545,65.59022613913722,3.078061605275545e-11,0,65.59022613913722,42,14
cac40_full,23,250,410,2.4 Ledoit-Wolf QIS / RIE,test,2023-06-19,2023-06-20,2023-08-16,0.8592592652596734,-8.002179255971797,4.323725908819118e-05,0.10438289749870032,4.5410776410535595e-05,0.10697436915193737,0.10047722426648431,0.4223628654181155,0.45284671833876716,0.32522893600778896,4.708663883447581e-05,0.0028112863890081617,59.70454588807471,2.811286389008162e-11,0,59.70454588807471,42,14
cac40_full,23,250,411,2.4 Ledoit-Wolf QIS / RIE,test,2023-07-07,2023-07-10,2023-09-05,1.2555626586939312,-8.042260283532656,3.1965510798663203e-05,0.0897513716957191,3.422320211041446e-05,0.092866823633763,0.14833281545976207,0.48749964183475897,0.5098911324653975,0.38190786325330617,4.632410362007788e-05,0.002556483704522047,55.18690065735046,2.5564837045220472e-11,0,55.18690065735046,42,14
cac40_full,23,250,412,2.4 Ledoit-Wolf QIS / RIE,test,2023-07-27,2023-07-28,2023-09-25,1.3027058436092571,-8.013391253894158,3.24145607034934e-05,0.09037958451597539,3.1938965860019526e-05,0.0897140980934709,0.23170577980976204,0.44893841101531246,0.3857240603648666,0.35545608372998033,4.639652999931858e-05,0.002537852098158809,54.69917897299824,2.537852098158809e-11,0,54.69917897299824,42,14
cac40_full,23,250,413,2.4 Ledoit-Wolf QIS / RIE,test,2023-08-16,2023-08-17,2023-10-13,0.9470964027286933,-8.022235119673477,2.7727233529685834e-05,0.08358984896194531,2.565079060830922e-05,0.08039900020083536,0.16397929666637145,0.3046385889766636,0.3586616005445908,0.2757598287292086,4.88762179526516e-05,0.0025085653604273567,51.32486647918436,2.5085653604273566e-11,0,51.32486647918436,42,14
cac40_full,23,250,414,2.4 Ledoit-Wolf QIS / RIE,test,2023-09-05,2023-09-06,2023-11-02,0.7273377073121143,-7.579721245852259,6.831553270110436e-05,0.13120790464251114,6.273107425089656e-05,0.1257307866484018,0.1324984561799707,0.569901008917832,0.37441609112350066,0.3589385187404344,4.903422955132532e-05,0.002336418670690681,47.648728083819385,2.3364186706906813e-11,0,47.648728083819385,42,14
cac40_full,23,250,415,2.4 Ledoit-Wolf QIS / RIE,test,2023-09-25,2023-09-26,2023-11-22,0.6977801933209876,-7.675086960884167,4.977548091642581e-05,0.11199741600117079,4.642117123961851e-05,0.10815791765924428,0.1434347328995138,0.4697307932852875,0.4476789719724256,0.3536148327190756,4.544323619523399e-05,0.00207573539145709,45.67754335407102,2.07573539145709e-11,0,45.67754335407102,42,14
cac40_full,23,250,416,2.4 Ledoit-Wolf QIS / RIE,test,2023-10-13,2023-10-16,2023-12-12,0.9533363933345802,-7.779127137013745,4.1356960837932264e-05,0.10208797250978653,3.805270676986955e-05,0.09792487991316164,0.97170191258603,0.5101594348923996,0.46078247986255366,0.6475479424469944,4.662310094732417e-05,0.002037860769992377,43.7092498908384,2.037860769992377e-11,0,43.7092498908384,42,14
cac40_full,23,250,417,2.4 Ledoit-Wolf QIS / RIE,test,2023-11-02,2023-11-03,2024-01-04,1.0109296294931247,-8.134326392047416,1.9193404995618202e-05,0.06954666101902943,1.643961436164032e-05,0.06436445307103417,0.3608156085946286,0.3200303237511548,0.44735148760467575,0.37606580665015304,4.334631014045772e-05,0.001951644627697452,45.024469703959056,1.951644627697452e-11,0,45.024469703959056,42,14
cac40_full,23,250,418,2.4 Ledoit-Wolf QIS / RIE,test,2023-11-22,2023-11-23,2024-01-24,1.0155662553830145,-8.14668555571652,1.722663075295311e-05,0.06588710761404074,1.5513215115568664e-05,0.06252463681720434,0.21569462592988442,0.4076504231257423,0.44404911321339413,0.35579805408967363,4.2417445868856115e-05,0.001954649256560661,46.08125775898756,1.954649256560661e-11,0,46.08125775898756,42,14
cac40_full,23,250,419,2.4 Ledoit-Wolf QIS / RIE,test,2023-12-12,2023-12-13,2024-02-13,0.7792167617211685,-7.686832272871673,2.0505237106142176e-05,0.071884071606635,1.7783642741163785e-05,0.06694384191823229,0.36049829790051546,0.4351134914689021,0.42858117548162866,0.4080643216170154,4.1759731109593735e-05,0.0018453364557804827,44.18937590708149,1.8453364557804827e-11,0,44.18937590708149,42,14
cac40_full,23,250,420,2.4 Ledoit-Wolf QIS / RIE,test,2024-01-04,2024-01-05,2024-03-04,0.8807201710261481,-7.507150284330038,2.216556061517063e-05,0.07473768309911004,1.9575138410333486e-05,0.0702348551604119,0.4197596155096085,0.6464468290761648,0.4521852368091994,0.5061305604649909,4.2406873082213494e-05,0.0017779810145753484,41.92671813195013,1.7779810145753485e-11,0,41.92671813195013,42,14
cac40_full,23,250,421,2.4 Ledoit-Wolf QIS / RIE,test,2024-01-24,2024-01-25,2024-03-22,0.9490575651920353,-7.461670053677961,2.1329661347761838e-05,0.07331490066579906,1.9552104679912513e-05,0.07019352092136391,0.6733702620766048,0.5311417686684751,0.4904166388968951,0.5649762232139917,4.024641836144715e-05,0.0017643960898949328,43.83982877803315,1.7643960898949328e-11,0,43.83982877803315,42,14
cac40_full,23,250,422,2.4 Ledoit-Wolf QIS / RIE,test,2024-02-13,2024-02-14,2024-04-15,1.1943439170823662,-7.863777485854686,1.896213292900875e-05,0.06912638785666589,1.800678910910114e-05,0.06736253302462347,0.3423482757364338,0.5467604919727441,0.5155689006934083,0.4682258894675287,3.5409902496260896e-05,0.0017281720907770305,48.80476841074376,1.7281720907770304e-11,0,48.80476841074376,42,14
cac40_full,23,250,423,2.4 Ledoit-Wolf QIS / RIE,test,2024-03-04,2024-03-05,2024-05-06,0.9256613097342404,-7.897999799015515,1.9838810133913074e-05,0.0707062950079135,2.072725831378543e-05,0.07227218756253286,0.2818714194725308,0.4232682343181557,0.4280528918234465,0.37773084853804434,3.581825377797679e-05,0.0016799567153635668,46.90225061715613,1.679956715363567e-11,0,46.90225061715613,42,14
cac40_full,23,250,424,2.4 Ledoit-Wolf QIS / RIE,test,2024-03-22,2024-03-25,2024-05-24,0.7101536489488328,-8.021867077830256,1.9505189727378025e-05,0.07010925624551484,1.9523630675483354e-05,0.07014239039426733,0.10608353727821684,0.5172256455356868,0.46969789816303636,0.36433569365898005,3.447422149321323e-05,0.001192421265801552,34.58878008416515,1.1924212658015519e-11,0,34.58878008416515,42,14
cac40_full,23,250,425,2.4 Ledoit-Wolf QIS / RIE,test,2024-04-15,2024-04-16,2024-06-13,0.5446993246700395,-7.871315291515879,3.2145846232726116e-05,0.09000418462853259,3.428368502665163e-05,0.09294884951798064,0.1771459070140865,0.5268284185249549,0.419787400210031,0.37458724191635745,3.58967578980812e-05,0.001166316523526113,32.49085967143725,1.1663165235261131e-11,0,32.49085967143725,42,14
cac40_full,23,250,426,2.4 Ledoit-Wolf QIS / RIE,test,2024-05-06,2024-05-07,2024-07-03,0.6284657741330965,-7.942425506443926,5.185522869881365e-05,0.1143132434676798,5.243193314506377e-05,0.11494714938856061,0.24054946928083287,0.503480632861148,0.4607520278776032,0.4015940433398613,3.574237922387171e-05,0.0011617857836025468,32.504433359786255,1.1617857836025469e-11,0,32.504433359786255,42,14
cac40_full,23,250,427,2.4 Ledoit-Wolf QIS / RIE,test,2024-05-24,2024-05-27,2024-07-23,0.6145021195059277,-7.938742167837762,4.9264096260616334e-05,0.11142060966300317,5.1789846612056564e-05,0.1142411543457009,0.17368074349081464,0.455411852798378,0.4405394294936216,0.35654400859427143,3.444020741721677e-05,0.0011040508254324536,32.05703183078204,1.1040508254324537e-11,0,32.05703183078204,42,14
cac40_full,23,250,428,2.4 Ledoit-Wolf QIS / RIE,test,2024-06-13,2024-06-14,2024-08-12,0.6333468154665035,-7.870970335499437,5.3407642900123355e-05,0.11601174945164427,5.4481918993599964e-05,0.11717270836840459,0.08288417681231175,0.35233491314527376,0.5173054589485153,0.31750818296870026,3.9366415891561534e-05,0.0011288269732451228,28.67487292606424,1.1288269732451228e-11,0,28.67487292606424,42,14
cac40_full,23,250,429,2.4 Ledoit-Wolf QIS / RIE,test,2024-07-03,2024-07-04,2024-08-30,0.5378113728764348,-8.090033659969203,3.195850467376972e-05,0.08974153541025455,3.301092927409979e-05,0.09120720463358772,0.06206582493473034,0.42539986123376655,0.43769834504628546,0.30838801040492747,3.953330658682696e-05,0.0011435904216055913,28.927264636817686,1.1435904216055912e-11,0,28.927264636817686,42,14
cac40_full,23,250,430,2.4 Ledoit-Wolf QIS / RIE,test,2024-07-23,2024-07-24,2024-09-19,0.5885217400297348,-8.017277165366345,2.7080547482576836e-05,0.08260930919460205,2.819138392205776e-05,0.08428658700148296,0.12078340225329598,0.4674112716023719,0.47789118022996496,0.3553619513618776,4.104272218906195e-05,0.001143426521022571,27.859422085977005,1.143426521022571e-11,0,27.859422085977005,42,14
cac40_full,23,250,431,2.4 Ledoit-Wolf QIS / RIE,test,2024-08-12,2024-08-13,2024-10-09,0.5607703340692431,-8.021045923138646,2.214009149010233e-05,0.07469473244818398,2.3084437179423852e-05,0.07627108344067764,0.1669521967962797,0.3876352283942914,0.33549462934038593,0.2966940181769857,4.119891007083166e-05,0.0012842853527826204,31.172799245771287,1.2842853527826204e-11,0,31.172799245771287,42,14
cac40_full,23,250,432,2.4 Ledoit-Wolf QIS / RIE,test,2024-08-30,2024-09-02,2024-10-29,0.5837719016224792,-7.780874842066807,2.221395645632868e-05,0.07481922899225056,2.3087549093301495e-05,0.07627622415610238,0.19380135763257844,0.41783395481325253,0.3853848796155647,0.33234006402046523,3.960568978027111e-05,0.0012843588371927242,32.42864457905504,1.2843588371927243e-11,0,32.42864457905504,42,14
cac40_full,23,250,433,2.4 Ledoit-Wolf QIS / RIE,test,2024-09-19,2024-09-20,2024-11-18,0.6376796644399049,-7.496138173809054,4.099301940752248e-05,0.10163779262998418,4.0101882295777096e-05,0.1005269831365481,0.2393435936925199,0.3542916698177423,0.4043392303625138,0.3326581646242586,4.0844340598467863e-05,0.0012910052795477736,31.60793541115954,1.2910052795477736e-11,0,31.60793541115954,42,14
cac40_full,23,250,434,2.4 Ledoit-Wolf QIS / RIE,test,2024-10-09,2024-10-10,2024-12-06,0.5124822024789205,-7.6363390969548846,3.700640636580382e-05,0.09656922079100858,3.6038614869615946e-05,0.09529811617835485,0.13871103209710323,0.3691738136402823,0.41538364937238587,0.3077561650365905,4.3103701338620484e-05,0.0013907343254498366,32.26484692171326,1.3907343254498366e-11,0,32.26484692171326,42,14
cac40_full,23,250,435,2.4 Ledoit-Wolf QIS / RIE,test,2024-10-29,2024-10-30,2024-12-30,0.5002075736705341,-7.788662058693802,3.394547051086268e-05,0.09248923488026807,3.464690546040719e-05,0.0934399281679016,0.09161526763791439,0.4286176455956385,0.43711366537592106,0.319115526203158,4.4926619638164546e-05,0.0013548885614362842,30.157812280301744,1.3548885614362843e-11,0,30.157812280301744,42,14
cac40_full,23,250,436,2.4 Ledoit-Wolf QIS / RIE,test,2024-11-18,2024-11-19,2025-01-20,0.4121931801631534,-8.077623805167528,2.56869217687745e-05,0.08045560443953656,2.7886512113321385e-05,0.08382959532621513,0.05288588635270075,0.35888160051244017,0.3254026412878524,0.24572337605099778,4.45657096788507e-05,0.0014108619036930971,31.65801495948447,1.4108619036930972e-11,0,31.65801495948447,42,14
cac40_full,23,250,437,2.4 Ledoit-Wolf QIS / RIE,test,2024-12-06,2024-12-09,2025-02-07,0.49950684128472755,-7.763143520374595,2.1822992052843434e-05,0.07415789908914994,2.3626357124291375e-05,0.07716114304053191,0.11293788944660199,0.4335725764352694,0.4135797678984383,0.3200300779267699,4.4715347299689334e-05,0.0014133034096860432,31.60667410707693,1.4133034096860432e-11,0,31.60667410707693,42,14
cac40_full,23,250,438,2.4 Ledoit-Wolf QIS / RIE,test,2024-12-30,2024-12-31,2025-02-27,0.5804215813492076,-7.304580716735542,2.0756894043599664e-05,0.07232383631270617,1.9781191996793737e-05,0.07060354370137538,0.17342877043756233,0.451733158811829,0.39878816259202,0.3413166972804704,4.343091258293934e-05,0.0014189295121363927,32.670957798243016,1.4189295121363928e-11,0,32.670957798243016,42,14
cac40_full,23,250,439,2.4 Ledoit-Wolf QIS / RIE,test,2025-01-20,2025-01-21,2025-03-19,0.6299268272079813,-6.980383030526632,2.3681634661850945e-05,0.0772513555530674,1.735263919627975e-05,0.06612764230987293,0.2069057109394773,0.35319729028385227,0.42115844164232974,0.32708714762188645,4.0253146883423585e-05,0.0014451646408105434,35.901904638558044,1.4451646408105434e-11,0,35.901904638558044,42,14
cac40_full,23,250,440,2.4 Ledoit-Wolf QIS / RIE,test,2025-02-07,2025-02-10,2025-04-08,0.7167795139518863,-7.0558026241081935,9.255123684562443e-05,0.15271840650392263,8.807745472366263e-05,0.1489816048724237,0.15985668570667977,0.2813938707420712,0.40136629876632735,0.28087228507169276,4.230652839519744e-05,0.0015129933294619697,35.76264436846872,1.5129933294619698e-11,0,35.76264436846872,42,14
cac40_full,23,250,441,2.4 Ledoit-Wolf QIS / RIE,test,2025-02-27,2025-02-28,2025-04-30,0.7808150071665735,-7.127755162981017,0.000119381003394175,0.17344743542448848,0.00011933112144151188,0.17341119514973938,0.17525492612090088,0.3008428333136619,0.35409222995104966,0.2767299964618708,3.4569547555257985e-05,0.0015553969220918333,44.99326812436859,1.5553969220918332e-11,0,44.99326812436859,42,14
cac40_full,23,250,442,2.4 Ledoit-Wolf QIS / RIE,test,2025-03-19,2025-03-20,2025-05-21,0.7417136499734529,-7.397134462038846,0.00012444442764146616,0.17708753701390018,0.0001295766774704225,0.18070230414288155,0.10113864821634655,0.2449785940916159,0.3429041005435786,0.2296737809505137,3.386199863528257e-05,0.0016572859988466637,48.94235619984497,1.6572859988466637e-11,0,48.94235619984497,42,14
cac40_full,23,250,443,2.4 Ledoit-Wolf QIS / RIE,test,2025-04-08,2025-04-09,2025-06-10,0.4294209925706526,-7.712938010212665,4.208779081927371e-05,0.10298603442436734,4.7047327700534716e-05,0.10888492356857651,0.07990552908104431,0.1802536007667833,0.3657124495072542,0.20862385978502726,3.437945232213114e-05,0.002122202849619796,61.728814925119295,2.122202849619796e-11,0,61.728814925119295,42,14
cac40_full,23,250,444,2.4 Ledoit-Wolf QIS / RIE,test,2025-04-30,2025-05-02,2025-06-30,0.6298989667287173,-7.800611128198443,2.9878059115493653e-05,0.08677137141421934,2.9392372772755785e-05,0.08606322059239044,0.18646805162380287,0.4952890965730085,0.429138175244083,0.3702984411469648,3.4829561958880656e-05,0.002370216680930345,68.05186593298512,2.3702166809303452e-11,0,68.05186593298512,42,14
cac40_full,23,250,445,2.4 Ledoit-Wolf QIS / RIE,test,2025-05-21,2025-05-22,2025-07-18,0.6669835743879066,-7.690476937319132,2.855623305059432e-05,0.08483024654420007,2.259376597913787e-05,0.07545613975511034,0.2185123493114206,0.42149166524507287,0.33576505836916204,0.32525635764188515,3.668255502249023e-05,0.002459523186868021,67.04885156882003,2.459523186868021e-11,0,67.04885156882003,42,14
cac40_full,23,250,446,2.4 Ledoit-Wolf QIS / RIE,test,2025-06-10,2025-06-11,2025-08-07,0.5462172130571074,-7.326859338917658,3.5558542395994554e-05,0.09466125228302565,3.0826854453125014e-05,0.08813834195279319,0.1144754908161979,0.4293802224817121,0.42648769048730156,0.3234478012617372,3.512635969851646e-05,0.002337268376920498,66.53887271498877,2.3372683769204978e-11,0,66.53887271498877,42,14
cac40_full,23,250,447,2.4 Ledoit-Wolf QIS / RIE,test,2025-06-30,2025-07-01,2025-08-27,0.5666853009623325,-7.468089337480512,3.56371759333958e-05,0.0947658605997737,3.933902534617309e-05,0.0995662311591416,0.16859788232883133,0.4251140403538414,0.3057821797049871,0.2998313674625533,3.272134945789812e-05,0.0023844046788265654,72.86999828336937,2.3844046788265653e-11,0,72.86999828336937,42,14
cac40_full,23,250,448,2.4 Ledoit-Wolf QIS / RIE,test,2025-07-18,2025-07-21,2025-09-16,0.6439607978684342,-7.52395036156324,2.8880423766275713e-05,0.08531041430623508,3.248598562065705e-05,0.09047910463972096,0.1611164129072804,0.3840145260553088,0.3673841146556282,0.3041716845394058,3.309968408295906e-05,0.0023861222978494305,72.08897498444387,2.3861222978494306e-11,0,72.08897498444387,42,14
cac40_full,23,250,449,2.4 Ledoit-Wolf QIS / RIE,test,2025-08-07,2025-08-08,2025-10-06,0.8628395760105781,-7.880100694799628,2.4033606530422165e-05,0.07782331813580289,2.7471475072503023e-05,0.08320343573597644,0.2640051853429819,0.3949114319478584,0.3276953046149482,0.32887064063526283,3.4565471988874036e-05,0.0023340115834510245,67.52436605530218,2.3340115834510246e-11,0,67.52436605530218,42,14
cac40_full,23,250,450,2.4 Ledoit-Wolf QIS / RIE,test,2025-08-27,2025-08-28,2025-10-24,0.8753482554999633,-7.495409872376049,3.0248267903371134e-05,0.08730729357647919,2.530079198281502e-05,0.07984860411847777,0.2761471723134784,0.42086004122485465,0.4882511848497391,0.39508613279602406,3.776047931429708e-05,0.00239285290526422,63.36924077015688,2.39285290526422e-11,0,63.36924077015688,42,14
cac40_full,23,250,451,2.4 Ledoit-Wolf QIS / RIE,test,2025-09-16,2025-09-17,2025-11-13,0.7509449005733385,-7.532868635474153,2.827841498982302e-05,0.08441658946815728,2.4045057688721632e-05,0.07784185594882648,0.17485382369985902,0.45652569951896554,0.4725674242902718,0.3679823158363655,3.603937004724108e-05,0.0023235708974399982,64.47312742687284,2.323570897439998e-11,0,64.47312742687284,42,14
cac40_full,23,250,452,2.4 Ledoit-Wolf QIS / RIE,test,2025-10-06,2025-10-07,2025-12-03,0.6870780648108401,-7.584483006702995,3.352458455135135e-05,0.09191406479391791,2.9951595864096303e-05,0.0868780879034079,0.17362000311329107,0.4570685300898801,0.4413468749040406,0.3573451360357372,3.783428387567916e-05,0.002212556935949105,58.48021184223849,2.2125569359491053e-11,0,58.48021184223849,42,14
cac40_full,23,250,453,2.4 Ledoit-Wolf QIS / RIE,test,2025-10-24,2025-10-27,2025-12-23,1.0032847263969207,-7.929224295697099,2.532800169189544e-05,0.07989152912767192,2.5368452568134703e-05,0.07995530030692115,0.13709460159315556,0.35739067253900186,0.33221533526684405,0.27556686979966716,3.851100791612224e-05,0.0022367751404697668,58.08144895458226,2.236775140469767e-11,0,58.08144895458226,42,14
cac40_full,23,250,454,2.4 Ledoit-Wolf QIS / RIE,test,2025-11-13,2025-11-14,2026-01-15,1.1884599373324518,-7.794251688101737,2.7129342995380698e-05,0.08268370114379216,2.6506959329219274e-05,0.08172976049740545,0.20180351956067688,0.3908058726760302,0.4436465378185699,0.345418643351759,3.8580597657201235e-05,0.0021913891629318405,56.80029071614987,2.1913891629318405e-11,0,56.80029071614987,42,14
cac40_full,23,250,455,2.4 Ledoit-Wolf QIS / RIE,test,2025-12-03,2025-12-04,2026-02-04,0.9564192231257369,-7.51791635284406,4.019224541390586e-05,0.10064018006891819,4.257318714458923e-05,0.10357819828726741,0.2749700647355946,0.5072224448275905,0.4771956697318703,0.4197960597650185,3.914718829138002e-05,0.002194076049966417,56.04683620278137,2.194076049966417e-11,0,56.04683620278137,42,14
cac40_full,23,250,456,2.4 Ledoit-Wolf QIS / RIE,test,2025-12-23,2025-12-24,2026-02-24,0.9099842504549882,-6.971764348745251,5.686185487443969e-05,0.11970458399058409,5.632629248062668e-05,0.11913952201145481,0.5520911564537581,0.6289259920231199,0.5708401596584872,0.5839524360451218,4.1303751796762336e-05,0.0022040606941689314,53.36223946468951,2.2040606941689315e-11,0,53.36223946468951,42,14
cac40_full,23,250,457,2.4 Ledoit-Wolf QIS / RIE,test,2026-01-15,2026-01-16,2026-03-16,0.601013650512712,-6.900810423452464,8.360923732496184e-05,0.1451534629483237,8.738699160043269e-05,0.14839650226103387,0.20588321041593205,0.48945294812209444,0.5625988131469115,0.41931165722831265,4.288350107856785e-05,0.0021195397381956103,49.42552928018523,2.1195397381956103e-11,0,49.42552928018523,42,14
cac40_full,23,250,458,2.4 Ledoit-Wolf QIS / RIE,test,2026-02-04,2026-02-05,2026-04-07,0.6207448034016488,-6.962579594597609,8.342506885003481e-05,0.1449935079588351,8.159390484497624e-05,0.143393389041943,0.24882233006548582,0.4626383779407504,0.514925000879313,0.40879523629518316,4.327329392117748e-05,0.0021003523127602814,48.53691786407764,2.1003523127602813e-11,0,48.53691786407764,42,14
cac40_full,23,250,459,2.4 Ledoit-Wolf QIS / RIE,test,2026-02-24,2026-02-25,2026-04-27,0.7248021304648026,-7.105492621332101,7.935314113889952e-05,0.14141071942042682,7.831285605843176e-05,0.1404807450390437,0.2466305062699783,0.5472004634855264,0.4254894730617919,0.4064401476057655,5.35506543028149e-05,0.002071583766680836,38.684564990869646,2.0715837666808362e-11,0,38.684564990869646,42,14
cac40_full,23,250,460,2.4 Ledoit-Wolf QIS / RIE,test,2026-03-16,2026-03-17,2026-05-18,0.7163727274358559,-7.151962150247782,6.379443709104868e-05,0.12679194827332005,5.602796089610115e-05,0.1188235925471768,0.26320516436867125,0.5834698464796785,0.41660969307229795,0.42109490130688254,5.033300701516432e-05,0.0021226887677615403,42.17289793796776,2.1226887677615404e-11,0,42.17289793796776,42,14
cac40_full,23,250,461,2.4 Ledoit-Wolf QIS / RIE,test,2026-04-07,2026-04-08,2026-06-05,0.7280262742261558,-7.222750851373215,4.249255697799943e-05,0.1034800674451648,4.149040908710437e-05,0.10225254564044017,0.21818076525274432,0.6226587410647887,0.2963649082010706,0.37906813817286783,4.993760985294548e-05,0.0016289412556347175,32.61952785548941,1.6289412556347175e-11,0,32.61952785548941,42,14
cac40_full,23,250,462,2.4 Ledoit-Wolf QIS / RIE,test,2026-04-27,2026-04-28,2026-06-25,0.5832648822133611,-7.446944560400138,3.8635155725430454e-05,0.09867147127112515,3.6609346158368125e-05,0.09604975393986581,0.20305306582680127,0.48788719884874054,0.2369341905784698,0.3092914850846705,4.908928675386653e-05,0.001821262863811828,37.10102517772629,1.821262863811828e-11,0,37.10102517772629,42,14
cac40_full,23,250,463,2.4 Ledoit-Wolf QIS / RIE,test,2026-05-18,2026-05-19,2026-07-15,0.4933558976764184,-7.550380041605798,3.785066209912685e-05,0.09766456291296229,3.555143034266233e-05,0.09465178522537705,0.15598276566982383,0.41114264811987594,0.16101945867714917,0.24271495748894964,4.837641374551365e-05,0.0019340618705317853,39.97943875513399,1.9340618705317853e-11,0,39.97943875513399,42,14
cac40_full,23,250,344,2.6 RiskMetrics EWMA (lambda 0.94),test,2019-11-12,2019-11-13,2020-01-13,1.772680528035763,-7.855647808042679,5.3207382044548755e-05,0.11579404248589945,2.7768584587021513e-05,0.08365215667231432,0.3740467100045025,0.39204765770412303,0.5154063031366418,0.4271668902817558,1.0168023821112632e-05,0.002088357212734505,205.38476792297553,2.0883572127345047e-11,0,205.38476792297553,42,14
cac40_full,23,250,345,2.6 RiskMetrics EWMA (lambda 0.94),test,2019-12-02,2019-12-03,2020-01-31,0.6197586879850036,-7.716366041185536,6.74533150361805e-05,0.13037728095461065,4.366730020677341e-05,0.10490071330599664,0.1332897288149829,0.3581399198562462,0.47857196349503867,0.32333387072208924,7.786715278535188e-06,0.001217440934367726,156.34845898677153,1.217440934367726e-11,0,156.34845898677153,42,14
cac40_full,23,250,346,2.6 RiskMetrics EWMA (lambda 0.94),test,2019-12-20,2019-12-23,2020-02-20,0.49668981028603076,-7.089357225231187,4.6312945548773576e-05,0.10803176513549587,5.1118635893452966e-05,0.1134984415978922,0.08179358347653487,0.27937119314961806,0.4716852514348024,0.2776166760203184,7.555637578532243e-06,0.001182829465020857,156.54925910972997,1.182829465020857e-11,0,156.54925910972997,42,14
cac40_full,23,250,347,2.6 RiskMetrics EWMA (lambda 0.94),test,2020-01-13,2020-01-14,2020-03-11,0.938391690435548,-2.637105120590044,0.00041510638501651416,0.32342975902684273,0.00037060976112004203,0.3056037627422977,0.12564161093129866,0.30012577701000903,0.5122582231209929,0.31267520368743357,5.77992710195469e-06,0.0007094233739715372,122.73915595434069,7.094233739715371e-12,0,122.73915595434069,42,14
cac40_full,23,250,348,2.6 RiskMetrics EWMA (lambda 0.94),test,2020-01-31,2020-02-03,2020-03-31,0.958836953566959,21.974832814360045,0.0016822128938619616,0.6510895861962579,0.0012213468418925072,0.55477869836261,0.18102843165373617,0.6550984074714163,0.5511801184302022,0.4624356525184516,5.939510142711467e-06,0.0018843911011578937,317.26372308165526,1.8843911011578938e-11,0,317.26372308165526,42,14
cac40_full,23,250,349,2.6 RiskMetrics EWMA (lambda 0.94),test,2020-02-20,2020-02-21,2020-04-22,0.9661831085034925,17.549423073432077,0.0014407964742944837,0.6025617906258327,0.0010288965346733996,0.509197335752748,0.40603268041290264,0.6579764011061946,0.5736459772715689,0.5458850195968887,9.385876458899658e-06,0.002118255361324633,225.685408347359,2.118255361324633e-11,0,225.685408347359,42,14
cac40_full,23,250,350,2.6 RiskMetrics EWMA (lambda 0.94),test,2020-03-11,2020-03-12,2020-05-13,0.6955585635641356,10.496983518900077,0.0009398266024480106,0.48665830293636075,0.0006375797364881816,0.4008367418226799,0.19158268884994567,0.6711138167694392,0.48421026996734534,0.4489689251955767,6.8766580101545e-06,0.017941615233490894,2609.060274190921,1.7941615233490895e-10,0,2609.060274190921,42,14
cac40_full,23,250,351,2.6 RiskMetrics EWMA (lambda 0.94),test,2020-03-31,2020-04-01,2020-06-02,1.9642029637250624,-4.404254611140701,0.0006619761745544574,0.40843358822178577,0.00019254719009754315,0.22027685285699192,0.042088197334045896,0.377693931628833,0.41099908088577286,0.2769270699495506,1.0672081988031446e-05,0.0500204013417148,4687.033082936564,5.00204013417148e-10,0,4687.033082936564,42,14
cac40_full,23,250,352,2.6 RiskMetrics EWMA (lambda 0.94),test,2020-04-22,2020-04-23,2020-06-22,1.4103070041952674,-6.281124180040473,0.0003473176067811414,0.29584461615660274,0.00012373563607419931,0.1765825027875022,0.06867444103264098,0.37125824769539245,0.36396291534515157,0.26796520135772833,2.2982024506645768e-05,0.03332540630152874,1450.0639964025777,3.332540630152874e-10,0,1450.0639964025777,42,14
cac40_full,23,250,353,2.6 RiskMetrics EWMA (lambda 0.94),test,2020-05-13,2020-05-14,2020-07-10,0.982251850529997,-6.660970728305712,0.00018288274660004165,0.2146775538877097,0.00012737927815485074,0.17916355124584463,0.09935696500063129,0.4730356219222281,0.38797831371305197,0.32012363354530377,2.204931639613308e-05,0.021560134387413728,977.8141870736118,2.156013438741373e-10,0,977.8141870736118,42,14
cac40_full,23,250,354,2.6 RiskMetrics EWMA (lambda 0.94),test,2020-06-02,2020-06-03,2020-07-30,1.1203636910881831,-7.016927462714644,0.00016815586043369073,0.20585256090049028,0.00012728478909000113,0.17909708777833402,0.043519641394527464,0.34622277279246133,0.28052924423917763,0.22342388614205547,2.3728922946036312e-05,0.016663667367617426,702.251316063249,1.6663667367617426e-10,0,702.251316063249,42,14
cac40_full,23,250,355,2.6 RiskMetrics EWMA (lambda 0.94),test,2020-06-22,2020-06-23,2020-08-19,2.025493567063221,-7.235638764692681,0.00011550070783946964,0.17060532927064836,0.00010285312742516048,0.16099375177670852,0.03018531029045246,0.3350057176411078,0.33852061053455973,0.23457054615537332,2.7201095050350175e-05,0.014710098236518244,540.7906633644469,1.4710098236518243e-10,0,540.7906633644469,42,14
cac40_full,23,250,356,2.6 RiskMetrics EWMA (lambda 0.94),test,2020-07-10,2020-07-13,2020-09-08,1.4633215465315874,-7.182283317159002,0.0002072491804886971,0.2285318215985504,0.00010356894601982772,0.16155300800974454,0.04673148481422762,0.35583181073502185,0.3084899357094475,0.237017743752899,2.2407687198933518e-05,0.009587080340177311,427.847829856961,9.587080340177312e-11,0,427.847829856961,42,14
cac40_full,23,250,357,2.6 RiskMetrics EWMA (lambda 0.94),test,2020-07-30,2020-07-31,2020-09-28,0.6449164160961242,-6.936431988082135,0.00018439258149822928,0.21556189491084404,0.00012279020927805247,0.17590660231517527,0.16528764011006958,0.48166934357594005,0.25574126408357856,0.3008994159231961,2.0248947452902866e-05,0.006304449039951573,311.34699986827087,6.304449039951573e-11,0,311.34699986827087,42,14
cac40_full,23,250,358,2.6 RiskMetrics EWMA (lambda 0.94),test,2020-08-19,2020-08-20,2020-10-16,0.5779451940672772,-6.555185433475426,0.00016340289399064916,0.2029224711204838,0.00010754399896234459,0.16462408006883694,0.09052353429395843,0.2482645253332021,0.22197858447852928,0.1869222147018966,1.4779670579591913e-05,0.0050198330877509485,339.64445017349993,5.0198330877509484e-11,0,339.64445017349993,42,14
cac40_full,23,250,359,2.6 RiskMetrics EWMA (lambda 0.94),test,2020-09-08,2020-09-09,2020-11-05,0.6328674107030526,-5.445349688365107,0.00017771436941746763,0.2116223548994809,0.00014211186391786557,0.189241088845161,0.10792211395029394,0.4148016138445825,0.3820417056139295,0.30158847780293535,1.0937551882422005e-05,0.003803471372231591,347.74430449507065,3.803471372231591e-11,0,347.74430449507065,42,14
cac40_full,23,250,360,2.6 RiskMetrics EWMA (lambda 0.94),test,2020-09-28,2020-09-29,2020-11-25,0.5991866859052064,-5.2079309522130215,0.00027919302409901413,0.2652482649763266,0.00017462743342205888,0.20977634094997186,0.14666611007172958,0.11849177975421628,0.27095688201949547,0.17870492394848045,9.18208452261674e-06,0.0066685772972536386,726.2596288269852,6.668577297253639e-11,0,726.2596288269852,42,14
cac40_full,23,250,361,2.6 RiskMetrics EWMA (lambda 0.94),test,2020-10-16,2020-10-19,2020-12-15,0.630657949836357,-5.402695736278704,0.00023027992434865261,0.24089529039784163,0.00018423750772988238,0.21547123229779505,0.034252182484921234,0.40515189494072956,0.354685346195085,0.2646964745402453,9.396377826819003e-06,0.005302620791598578,564.3260508814276,5.3026207915985784e-11,0,564.3260508814276,42,14
cac40_full,23,250,362,2.6 RiskMetrics EWMA (lambda 0.94),test,2020-11-05,2020-11-06,2021-01-06,0.5256290105585195,-6.627772260667496,0.0002126502230568945,0.23149050997899984,0.0001694613000200313,0.2066500607429088,0.15222532577319725,0.27048035834632866,0.3892799552504162,0.2706618797899807,1.2805376165196982e-05,0.007579261972860035,591.8812438684378,7.579261972860035e-11,0,591.8812438684378,42,14
cac40_full,23,250,363,2.6 RiskMetrics EWMA (lambda 0.94),test,2020-11-25,2020-11-26,2021-01-26,3.241096545573894,-6.912922746152926,0.00025579010885580923,0.2538879820544169,0.0001055396913656355,0.1630828078742212,0.057587542543649284,0.3987969054787271,0.39662695617348803,0.2843371347319548,1.0633060098396377e-05,0.013522025404180262,1271.6965087237288,1.3522025404180264e-10,0,1271.6965087237288,42,14
cac40_full,23,250,364,2.6 RiskMetrics EWMA (lambda 0.94),test,2020-12-15,2020-12-16,2021-02-15,1.2723424217442596,-6.599135924885007,0.00010917346873226725,0.16586655515965643,8.710965317974562e-05,0.1481608335603438,0.05323298416611333,0.3783978803313935,0.42418026837858974,0.2852703776253655,1.0061563515410286e-05,0.007351055858586928,730.6077079698453,7.351055858586928e-11,0,730.6077079698453,42,14
cac40_full,23,250,365,2.6 RiskMetrics EWMA (lambda 0.94),test,2021-01-06,2021-01-07,2021-03-05,0.8661566333769892,-6.3335063179511595,0.0001321570402821991,0.18249266875990983,4.915109045745089e-05,0.1112927436775535,0.07329969731653052,0.3282756499999356,0.4282023561094681,0.2765925678086447,1.1577258649252943e-05,0.004929895978032147,425.8258476716561,4.929895978032147e-11,0,425.8258476716561,42,14
cac40_full,23,250,366,2.6 RiskMetrics EWMA (lambda 0.94),test,2021-01-26,2021-01-27,2021-03-25,1.2078841813488739,-6.559903606531612,7.306177407524814e-05,0.13568922973826084,5.503295601603669e-05,0.11776376741613376,0.05367712018264015,0.3807265890157936,0.49551231195997597,0.3099720070528032,9.036198138704958e-06,0.004745537634857918,525.1697187262026,4.745537634857918e-11,0,525.1697187262026,42,14
cac40_full,23,250,367,2.6 RiskMetrics EWMA (lambda 0.94),test,2021-02-15,2021-02-16,2021-04-16,1.1631141850698403,-7.045307150993645,8.10405990736535e-05,0.1429063713294851,4.193700805508521e-05,0.10280139118650813,0.31843887587742314,0.42115637556245306,0.48459233515040306,0.4080625288634265,1.4142009377393935e-05,0.0035430879752044245,250.53638989011466,3.543087975204425e-11,0,250.53638989011466,42,14
cac40_full,23,250,368,2.6 RiskMetrics EWMA (lambda 0.94),test,2021-03-05,2021-03-08,2021-05-06,0.948365682612054,-7.379046452019295,4.394818990143553e-05,0.10523755914673123,3.800312072537604e-05,0.09786105672224658,0.4029785606567169,0.41038738883446535,0.41396616831870353,0.40911070593662857,1.157693548362189e-05,0.0025492856859697026,220.20384319980235,2.5492856859697026e-11,0,220.20384319980235,42,14
cac40_full,23,250,369,2.6 RiskMetrics EWMA (lambda 0.94),test,2021-03-25,2021-03-26,2021-05-26,0.6419647722908395,-7.748737028928798,3.8338848331132336e-05,0.09829236887696495,3.909280752655906e-05,0.09925415606760697,0.1678411904808521,0.3811336534753649,0.3381770800767115,0.2957173080109761,1.0455160244795076e-05,0.002257174589641675,215.89096071151766,2.2571745896416753e-11,0,215.89096071151766,42,14
cac40_full,23,250,370,2.6 RiskMetrics EWMA (lambda 0.94),test,2021-04-16,2021-04-19,2021-06-15,0.5248238775709179,-7.463300221098973,4.019880546315445e-05,0.10064839281734668,4.3384383200842047e-05,0.10456033935777082,0.1645627698285872,0.3143290802974856,0.4200117592738491,0.2996345364666406,1.020425213318755e-05,0.0014870486591039749,145.72833360983,1.487048659103975e-11,0,145.72833360983,42,14
cac40_full,23,250,371,2.6 RiskMetrics EWMA (lambda 0.94),test,2021-05-06,2021-05-07,2021-07-05,0.590557890682934,-7.766984246937319,3.658989563791479e-05,0.09602423496573419,4.019280906551162e-05,0.10064088574982301,0.2210765593137718,0.3697671716748827,0.4002192086308334,0.33035431320649594,1.1131473260849718e-05,0.0019864496539431344,178.45343625175266,1.9864496539431345e-11,0,178.45343625175266,42,14
cac40_full,23,250,372,2.6 RiskMetrics EWMA (lambda 0.94),test,2021-05-26,2021-05-27,2021-07-23,0.43164039046923863,-7.5255241491723766,8.437545563315653e-05,0.14581705942569081,5.175858988001365e-05,0.11420667515414079,0.03611127121217761,0.40559147068370205,0.36015928464735786,0.26728734218107914,9.028674812443321e-06,0.0020322582522686065,225.08931758930422,2.0322582522686067e-11,0,225.08931758930422,42,14
cac40_full,23,250,373,2.6 RiskMetrics EWMA (lambda 0.94),test,2021-06-15,2021-06-16,2021-08-12,0.5773527263713171,-7.038406534014684,6.920826404572385e-05,0.13206241910370417,5.888466141234433e-05,0.1218151660340812,0.14478508042397187,0.3875742832019105,0.306621248589793,0.2796602040718918,6.888975089567166e-06,0.0013168182892558744,191.14865014537455,1.3168182892558744e-11,0,191.14865014537455,42,14
cac40_full,23,250,374,2.6 RiskMetrics EWMA (lambda 0.94),test,2021-07-05,2021-07-06,2021-09-01,0.757327293998893,-6.709231675643239,8.352690188079891e-05,0.145081974324729,5.056802055826366e-05,0.11288552245829596,0.5790886184842865,0.23973624192643048,0.45003548341203126,0.42295344794091605,6.099686765155102e-06,0.0023688313547736823,388.35295089344606,2.3688313547736823e-11,0,388.35295089344606,42,14
cac40_full,23,250,375,2.6 RiskMetrics EWMA (lambda 0.94),test,2021-07-23,2021-07-26,2021-09-21,1.0948692542381864,-6.036928552905847,7.346702931671704e-05,0.1360650263212876,2.921711620763478e-05,0.08580625434269908,0.17758524871934012,0.3518082390662945,0.3552565585641522,0.2948833487832623,4.779494144105295e-06,0.0033510342833478527,701.1273959778341,3.3510342833478526e-11,0,701.1273959778341,42,14
cac40_full,23,250,376,2.6 RiskMetrics EWMA (lambda 0.94),test,2021-08-12,2021-08-13,2021-10-11,0.5736274084515606,-5.717413553095315,9.080965542263236e-05,0.1512746944022805,3.303163193464336e-05,0.09123580025149189,0.14626137401735628,0.33320947725824573,0.4186664042755251,0.29937908518370904,5.416545778053002e-06,0.0017702397624666864,326.82078856222756,1.7702397624666864e-11,0,326.82078856222756,42,14
cac40_full,23,250,377,2.6 RiskMetrics EWMA (lambda 0.94),test,2021-09-01,2021-09-02,2021-10-29,0.714374061875346,-6.037814058773799,5.0552062176071996e-05,0.1128677087052366,4.339566013036092e-05,0.10457392769161418,0.4210527994155797,0.3754075561137091,0.34694843680649085,0.3811362641119265,6.976097897107634e-06,0.0018466925569048426,264.71712182687423,1.8466925569048428e-11,0,264.71712182687423,42,14
cac40_full,23,250,378,2.6 RiskMetrics EWMA (lambda 0.94),test,2021-09-21,2021-09-22,2021-11-18,1.0720083480420557,-6.5134763849307715,5.292351919635128e-05,0.11548474720706853,3.42576582591165e-05,0.0929135613422355,0.9683542123112185,0.49727193601719694,0.44347520049238714,0.6363671162736009,4.832445344116175e-06,0.0022747789582938955,470.7304058934864,2.2747789582938957e-11,0,470.7304058934864,42,14
cac40_full,23,250,379,2.6 RiskMetrics EWMA (lambda 0.94),test,2021-10-11,2021-10-12,2021-12-08,0.5468137789770978,-6.541672413024853,5.167202721254264e-05,0.11411113380192463,6.574360238099128e-05,0.12871436516570248,0.18468996754356626,0.39172203901457175,0.42944933038736743,0.33528711231516845,7.206575672049281e-06,0.0026767482289278537,371.4313636238675,2.6767482289278536e-11,0,371.4313636238675,42,14
cac40_full,23,250,380,2.6 RiskMetrics EWMA (lambda 0.94),test,2021-10-29,2021-11-01,2021-12-28,0.6113003755228559,-6.7402371783478925,5.5489883893352875e-05,0.11825164160012716,6.309917219270604e-05,0.1260991331951252,0.40274746309275855,0.37472804908345214,0.3853122182874491,0.38759591015455325,5.878662659599787e-06,0.0018725369935126716,318.53111871538346,1.8725369935126718e-11,0,318.53111871538346,42,14
cac40_full,23,250,381,2.6 RiskMetrics EWMA (lambda 0.94),test,2021-11-18,2021-11-19,2022-01-17,0.7986073027119451,-6.61605308326467,8.226222892786166e-05,0.14397944884538605,9.391892504624302e-05,0.1538426764966511,0.7884550277810087,0.25376960221874717,0.33828184528426175,0.46016882509467255,8.269830349504346e-06,0.002476038241511235,299.406171211195,2.476038241511235e-11,0,299.406171211195,42,14
cac40_full,23,250,382,2.6 RiskMetrics EWMA (lambda 0.94),test,2021-12-08,2021-12-09,2022-02-04,0.9768154637068867,-6.907213716264683,0.000137297683931512,0.18600810829300163,4.1027029509200766e-05,0.1016799460873116,0.16448056825128043,0.1415034796088371,0.3171846411554447,0.20772289633852078,5.7408815125524e-06,0.004719649963295251,822.1124147878278,4.7196499632952515e-11,0,822.1124147878278,42,14
cac40_full,23,250,383,2.6 RiskMetrics EWMA (lambda 0.94),test,2021-12-28,2021-12-29,2022-02-24,0.5087892700587111,-5.8555551061646405,9.277608696821955e-05,0.1529038060873284,5.2581188760751553e-05,0.11511064054947046,0.10054085884909703,0.2524506464507305,0.4014495253321453,0.25148034354399096,6.666621589909444e-06,0.00284964525100294,427.449677857244,2.84964525100294e-11,0,427.449677857244,42,14
cac40_full,23,250,384,2.6 RiskMetrics EWMA (lambda 0.94),test,2022-01-17,2022-01-18,2022-03-16,0.8489441504855538,-2.3480396949162463,0.00013901737939499766,0.18716938747439285,7.892709550184674e-05,0.14103059266154058,0.2818303039903066,0.2144307227325569,0.42891950000185725,0.3083935089082403,8.024113368896063e-06,0.002067277926209395,257.6331902566085,2.067277926209395e-11,0,257.6331902566085,42,14
cac40_full,23,250,385,2.6 RiskMetrics EWMA (lambda 0.94),test,2022-02-04,2022-02-07,2022-04-05,0.7740745382975985,-4.390334932942449,7.120473012199889e-05,0.13395369345689473,5.068102779352119e-05,0.11301158791897112,0.2532858687887789,0.19621345348715558,0.37413818905739005,0.2745458371111082,8.267284969604552e-06,0.003652892947183086,441.8491633726537,3.6528929471830857e-11,0,441.8491633726537,42,14
cac40_full,23,250,386,2.6 RiskMetrics EWMA (lambda 0.94),test,2022-02-24,2022-02-25,2022-04-27,0.584344297288018,-5.0080941098097345,8.324861450860366e-05,0.1448400871864144,4.5143215986503095e-05,0.10665875692412123,0.161869067918612,0.17343243908879394,0.4069701696265499,0.24742389221131864,9.056101286759137e-06,0.006044626897173871,667.4645861140796,6.044626897173871e-11,0,667.4645861140796,42,14
cac40_full,23,250,387,2.6 RiskMetrics EWMA (lambda 0.94),test,2022-03-16,2022-03-17,2022-05-17,3.051293246823906,-7.150258187065702,2.5217335053068487e-05,0.07971680144971484,4.5529505541391636e-06,0.033872459899497546,0.0588625224749425,0.22269079082211243,0.4044067292396254,0.22865334751222677,1.213920595726378e-05,0.01686892705173007,1389.6235973849798,1.686892705173007e-10,0,1389.6235973849798,42,14
cac40_full,23,250,388,2.6 RiskMetrics EWMA (lambda 0.94),test,2022-04-05,2022-04-06,2022-06-06,2.0045396237697357,-7.262925807191617,1.165605904270856e-05,0.05419711135072198,5.326519188757074e-06,0.03663717832430307,0.23973158066178835,0.13680788623630166,0.3523206387973059,0.24295336856513197,9.133425813699853e-06,0.01024982100562206,1122.2318125415381,1.0249821005622059e-10,0,1122.2318125415381,42,14
cac40_full,23,250,389,2.6 RiskMetrics EWMA (lambda 0.94),test,2022-04-27,2022-04-28,2022-06-24,0.5957589886412241,-5.233974040103543,0.00024470904508870823,0.24832776599155093,0.00028249227289055506,0.26681089327165763,0.130057405195396,0.34314395530195935,0.37758696122354646,0.2835961072403006,9.243894125933208e-06,0.005817166377594413,629.2982479401934,5.817166377594413e-11,0,629.2982479401934,42,14
cac40_full,23,250,390,2.6 RiskMetrics EWMA (lambda 0.94),test,2022-05-17,2022-05-18,2022-07-14,0.4746042773996745,-1.4186827776794855,0.00040477465273130244,0.3193794177593293,0.00043124161032223325,0.32965570797606825,0.10235056536273068,0.2599186728312531,0.41108524243295913,0.25778482687564763,4.483021630194326e-06,0.005390552461378546,1202.437308147648,5.390552461378546e-11,0,1202.437308147648,42,14
cac40_full,23,250,391,2.6 RiskMetrics EWMA (lambda 0.94),test,2022-06-06,2022-06-07,2022-08-03,0.5856425862940619,8.25077861742952,0.0007353525093221675,0.4304751239609395,0.0006901472016265556,0.41703368546184855,0.23488762897157345,0.38981275166588,0.43986439877762545,0.3548549264716929,2.5784154033074618e-06,0.0037142826775478865,1440.5291997493466,3.714282677547887e-11,0,1440.5291997493466,42,14
cac40_full,23,250,392,2.6 RiskMetrics EWMA (lambda 0.94),test,2022-06-24,2022-06-27,2022-08-23,0.7769782594328218,-6.482824252768311,0.00011250767006291138,0.16838032205650894,6.985109265371355e-05,0.1326743206077793,0.14779063198228248,0.3810017707621442,0.3983630140227008,0.3090518055890425,1.1263762601331974e-05,0.005301159917945948,470.6384629696537,5.301159917945948e-11,0,470.6384629696537,42,14
cac40_full,23,250,393,2.6 RiskMetrics EWMA (lambda 0.94),test,2022-07-14,2022-07-15,2022-09-12,1.1964664587052622,-7.117776422915708,7.279135041296172e-05,0.13543788356315362,5.787700386974009e-05,0.12076839394135579,0.1848654088553604,0.3512293585176321,0.45481456983064456,0.33030311240121235,1.080261668080431e-05,0.005557276659171226,514.4380128794368,5.557276659171226e-11,0,514.4380128794368,42,14
cac40_full,23,250,394,2.6 RiskMetrics EWMA (lambda 0.94),test,2022-08-03,2022-08-04,2022-09-30,0.551463722381573,-6.690577878483246,0.00012155088439743061,0.17501663597541953,5.374994604486916e-05,0.11638293003403476,0.055988820164326936,0.3270272303921047,0.4682296337587853,0.28374856143840566,1.0041170904946749e-05,0.00398325441276532,396.6922234938739,3.9832544127653195e-11,0,396.6922234938739,42,14
cac40_full,23,250,395,2.6 RiskMetrics EWMA (lambda 0.94),test,2022-08-23,2022-08-24,2022-10-20,0.48429550776616764,-6.371578666261342,0.00017204958618847422,0.20822222676624966,7.984820611461561e-05,0.14185114712572167,0.10362250540508144,0.34791320354701916,0.4180027368749378,0.28984614860901275,6.310493794382413e-06,0.002925135781024799,463.53516481210204,2.925135781024799e-11,0,463.53516481210204,42,14
cac40_full,23,250,396,2.6 RiskMetrics EWMA (lambda 0.94),test,2022-09-12,2022-09-13,2022-11-09,0.45557167639843016,-6.273244272279948,0.00012913807281748953,0.18039621489933585,7.878687728036539e-05,0.14090526276421358,0.07950641244701262,0.4242594179864965,0.3826669367073452,0.2954775890469514,7.405509554745247e-06,0.0035254751585119554,476.0611180702519,3.5254751585119555e-11,0,476.0611180702519,42,14
cac40_full,23,250,397,2.6 RiskMetrics EWMA (lambda 0.94),test,2022-09-30,2022-10-03,2022-11-29,0.7255454784475306,-6.463012244937629,0.0001253228129112915,0.17771142015538974,5.2970053769097826e-05,0.11553550774464381,0.1377383850810543,0.5661741740147069,0.4092840478952098,0.371065535663657,7.121335222993396e-06,0.004156464427112899,583.6636384834813,4.156464427112899e-11,0,583.6636384834813,42,14
cac40_full,23,250,398,2.6 RiskMetrics EWMA (lambda 0.94),test,2022-10-20,2022-10-21,2022-12-19,0.8922648422440604,-6.936273902711429,0.00010233704528517628,0.16058933779010492,5.829308098764391e-05,0.12120171784626761,0.2241724238867645,0.4000286861835281,0.33577728064885143,0.3199927969063814,9.999591073580118e-06,0.004079402752417925,407.9569576796095,4.079402752417925e-11,0,407.9569576796095,42,14
cac40_full,23,250,399,2.6 RiskMetrics EWMA (lambda 0.94),test,2022-11-09,2022-11-10,2023-01-09,0.6816736874655699,-7.151853871197324,8.432134394116878e-05,0.14577029420692864,5.671182499067692e-05,0.11954655953916275,0.20521048881947745,0.4252942329278255,0.4110881629004926,0.34719762821593186,1.0837020513885488e-05,0.003378259726360571,311.73325934300874,3.378259726360571e-11,0,311.73325934300874,42,14
cac40_full,23,250,400,2.6 RiskMetrics EWMA (lambda 0.94),test,2022-11-29,2022-11-30,2023-01-27,0.7797209142993975,-7.148568324141263,6.647426773248602e-05,0.12942764568895812,5.437323292025354e-05,0.1170557760040225,0.5476184053382327,0.2989585521372214,0.4272108462343736,0.42459593456994255,8.756572951745837e-06,0.00243201527555021,277.73596919161486,2.4320152755502098e-11,0,277.73596919161486,42,14
cac40_full,23,250,401,2.6 RiskMetrics EWMA (lambda 0.94),test,2022-12-19,2022-12-20,2023-02-16,0.7338322744320587,-6.557947347840538,0.00011509267358792298,0.1703037103064892,7.84555549938558e-05,0.1406086763270733,0.17777946792643262,0.3877268746031668,0.4244940341182024,0.3300001255492673,1.188454733818638e-05,0.0025064840584291316,210.90277880214404,2.5064840584291315e-11,0,210.90277880214404,42,14
cac40_full,23,250,402,2.6 RiskMetrics EWMA (lambda 0.94),test,2023-01-09,2023-01-10,2023-03-08,1.2155557079684358,-6.0853046398169806,0.00014048854413070181,0.18815715006594053,4.0746167478909145e-05,0.10133130910377654,0.18355809086385155,0.5060483890576402,0.44022744593609975,0.37661130861919717,8.63992413090455e-06,0.0029256931475058062,338.6248655865805,2.925693147505806e-11,0,338.6248655865805,42,14
cac40_full,23,250,403,2.6 RiskMetrics EWMA (lambda 0.94),test,2023-01-27,2023-01-30,2023-03-28,0.6903952880716886,-6.077171224701686,7.124335380794241e-05,0.1339900188805177,6.496943941135474e-05,0.12795428375658782,0.25068765015763506,0.451129624420123,0.47551500555702414,0.3924440933782607,1.0642333643383575e-05,0.0018361439364045174,172.53207782543663,1.8361439364045175e-11,0,172.53207782543663,42,14
cac40_full,23,250,404,2.6 RiskMetrics EWMA (lambda 0.94),test,2023-02-16,2023-02-17,2023-04-19,0.786025407865572,-6.555645783765549,7.319366198182594e-05,0.13581164463852183,6.018746024708568e-05,0.12315534897951283,0.48191873383776407,0.5452756662281335,0.43830153277801553,0.48849864428130435,1.234362558294069e-05,0.0019935430312631175,161.50384810912135,1.9935430312631174e-11,0,161.50384810912135,42,14
cac40_full,23,250,405,2.6 RiskMetrics EWMA (lambda 0.94),test,2023-03-08,2023-03-09,2023-05-10,0.7734960848076489,-6.69351609758509,7.728623133775091e-05,0.13955690702044535,7.307401155713421e-05,0.1357005928962649,0.29199280788484905,0.39531261726109806,0.4270630960223149,0.371456173722754,1.417636288186508e-05,0.001499530659493764,105.77682526820884,1.499530659493764e-11,0,105.77682526820884,42,14
cac40_full,23,250,406,2.6 RiskMetrics EWMA (lambda 0.94),test,2023-03-28,2023-03-29,2023-05-30,2.499694204416195,-7.092987382111959,0.00012642127967672954,0.17848854999281002,3.808921047144918e-05,0.09797183798829741,0.12517703513853418,0.417018629938333,0.43404776770989617,0.3254144775955878,1.162496165769238e-05,0.005928095215181668,509.9453563581411,5.928095215181668e-11,0,509.9453563581411,42,14
cac40_full,23,250,407,2.6 RiskMetrics EWMA (lambda 0.94),test,2023-04-19,2023-04-20,2023-06-19,1.1143893117808072,-7.23450475343285,8.488804302647255e-05,0.14625931369547404,3.636482711026397e-05,0.0957284515271532,0.0888793668963419,0.38872912342119287,0.4340791318610045,0.30389587405951307,1.1259813639672344e-05,0.0033533132380875273,297.8124989806765,3.353313238087527e-11,0,297.8124989806765,42,14
cac40_full,23,250,408,2.6 RiskMetrics EWMA (lambda 0.94),test,2023-05-10,2023-05-11,2023-07-07,0.7173199078835173,-7.42594640838725,4.788726709067831e-05,0.10985258898565356,4.3807918726572164e-05,0.10506947948427357,0.16746669896333688,0.4190100167673629,0.39254680751361715,0.32634117441477234,9.691769844038284e-06,0.0025018365683469723,258.14031994227884,2.5018365683469724e-11,0,258.14031994227884,42,14
cac40_full,23,250,409,2.6 RiskMetrics EWMA (lambda 0.94),test,2023-05-30,2023-05-31,2023-07-27,0.5773008393594141,-7.215155594932924,9.09876444034709e-05,0.15142287274277513,5.779415605381014e-05,0.12068192625890654,0.14348418875311741,0.4971372068821385,0.5019223874185846,0.38084792768461356,9.552827596966915e-06,0.0016854189810483681,176.43142451178534,1.685418981048368e-11,0,176.43142451178534,42,14
cac40_full,23,250,410,2.6 RiskMetrics EWMA (lambda 0.94),test,2023-06-19,2023-06-20,2023-08-16,0.5203505922191437,-7.418016268253729,4.6121204906594155e-05,0.1078079015492915,4.8970243968858394e-05,0.11108780977295536,0.09400665102818373,0.45288851763164195,0.4949621093797849,0.3472857593465369,1.0717204295652355e-05,0.001699194910743445,158.54833628885444,1.6991949107434452e-11,0,158.54833628885444,42,14
cac40_full,23,250,411,2.6 RiskMetrics EWMA (lambda 0.94),test,2023-07-07,2023-07-10,2023-09-05,1.0229584668625997,-7.204752290680912,8.767225004462389e-05,0.1486385111982935,3.4470913725874226e-05,0.09320230822742699,0.11447191963276093,0.5831603706282086,0.5397546215518777,0.4124623039376158,8.536118185828809e-06,0.0023420548352375333,274.37001037845084,2.3420548352375333e-11,0,274.37001037845084,42,14
cac40_full,23,250,412,2.6 RiskMetrics EWMA (lambda 0.94),test,2023-07-27,2023-07-28,2023-09-25,1.0092326045335342,-7.032018809868495,4.6800179187142343e-05,0.10859855042844666,3.544158559862538e-05,0.09450544730783297,0.23797705379202672,0.5704444871737168,0.5668479159334447,0.45842315229972935,6.6713409281831635e-06,0.0020472176596616543,306.86749211289106,2.0472176596616545e-11,0,306.86749211289106,42,14
cac40_full,23,250,413,2.6 RiskMetrics EWMA (lambda 0.94),test,2023-08-16,2023-08-17,2023-10-13,0.6998565728156511,-6.812249980857706,6.04189847997851e-05,0.12339199394428248,3.594245757949544e-05,0.09517089528859572,0.2140247450975582,0.563652005251031,0.5583377836770717,0.44533817800855363,8.139526635908643e-06,0.001615367897386918,198.4596856358329,1.6153678973869178e-11,0,198.4596856358329,42,14
cac40_full,23,250,414,2.6 RiskMetrics EWMA (lambda 0.94),test,2023-09-05,2023-09-06,2023-11-02,0.7035030201406031,-4.995673355194855,5.153462293543354e-05,0.11395931282580311,3.5786441079604535e-05,0.09496411507543438,0.1308887315180376,0.5300632850438282,0.557223194288405,0.40605840361675694,6.118598322281495e-06,0.0010728891896397523,175.34885166962468,1.0728891896397523e-11,0,175.34885166962468,42,14
cac40_full,23,250,415,2.6 RiskMetrics EWMA (lambda 0.94),test,2023-09-25,2023-09-26,2023-11-22,0.8310666020543485,-5.183774266114353,7.466808457646276e-05,0.1371727280229879,3.383790303087789e-05,0.09234257719915136,0.36895681321600327,0.6104920667778446,0.5398814310107759,0.5064434370015413,7.619322467587771e-06,0.0015910242254757335,208.81439685009704,1.5910242254757335e-11,0,208.81439685009704,42,14
cac40_full,23,250,416,2.6 RiskMetrics EWMA (lambda 0.94),test,2023-10-13,2023-10-16,2023-12-12,0.9401032203628177,-5.219895117677331,8.498515107904538e-05,0.14634294677885723,4.0899316611977686e-05,0.10152156315885989,0.9535094041262672,0.5038200921790165,0.5148543018102076,0.6573945993718304,6.052811243810898e-06,0.001860877996832825,307.4402821888101,1.860877996832825e-11,0,307.4402821888101,42,14
cac40_full,23,250,417,2.6 RiskMetrics EWMA (lambda 0.94),test,2023-11-02,2023-11-03,2024-01-04,1.8119364298535239,-7.33090426414346,6.158533235547252e-05,0.12457730031421886,3.060213723684269e-05,0.08781650518942528,0.9995804431758526,0.5880214211350545,0.48066526839402846,0.6894223775683118,8.451298804218359e-06,0.0023561966150300344,278.79698370787327,2.3561966150300344e-11,0,278.79698370787327,42,14
cac40_full,23,250,418,2.6 RiskMetrics EWMA (lambda 0.94),test,2023-11-22,2023-11-23,2024-01-24,1.0447922692917,-7.4006080201939355,2.889286713802326e-05,0.08532879067924179,2.3755748034120715e-05,0.0773721429495036,0.1550132390836928,0.4783476489168738,0.48308911135763727,0.37214999978606794,5.36556122033431e-06,0.0015064863701940011,280.7695799807009,1.506486370194001e-11,0,280.7695799807009,42,14
cac40_full,23,250,419,2.6 RiskMetrics EWMA (lambda 0.94),test,2023-12-12,2023-12-13,2024-02-13,0.6258577110463464,-5.892009804992535,5.046839807046274e-05,0.11277427150621107,2.702491117636895e-05,0.08252440618656383,0.13981410382261938,0.45424819124058674,0.4075098063398504,0.33385736713435216,4.453836074161779e-06,0.0009359973893841073,210.15532987712484,9.359973893841073e-12,0,210.15532987712484,42,14
cac40_full,23,250,420,2.6 RiskMetrics EWMA (lambda 0.94),test,2024-01-04,2024-01-05,2024-03-04,0.7254013241157683,-4.269411664596713,5.960153817086173e-05,0.12255442717036849,3.426460090265157e-05,0.0929229757781583,0.2687783689897204,0.5083153522921461,0.4663900967521435,0.41449460601133664,4.378260006293134e-06,0.0013565492163278327,309.83751864393247,1.3565492163278327e-11,0,309.83751864393247,42,14
cac40_full,23,250,421,2.6 RiskMetrics EWMA (lambda 0.94),test,2024-01-24,2024-01-25,2024-03-22,0.7450499820902841,-4.691669620974806,3.942575040450207e-05,0.09967592037164504,2.2757194630844298e-05,0.07572854842774132,0.47239418843246683,0.48782513191430965,0.47167485981927265,0.47729806005534975,5.614079901408379e-06,0.0011771484412449896,209.677892355911,1.1771484412449896e-11,0,209.677892355911,42,14
cac40_full,23,250,422,2.6 RiskMetrics EWMA (lambda 0.94),test,2024-02-13,2024-02-14,2024-04-15,1.1760572878908024,-6.646316298092952,2.8092547215883844e-05,0.08413870630335796,1.5017051680172727e-05,0.06151664021550207,0.32985895047305624,0.641266178077602,0.5521013877194217,0.5077421720900267,7.530970388868959e-06,0.0013367842868139779,177.504918727312,1.3367842868139779e-11,0,177.504918727312,42,14
cac40_full,23,250,423,2.6 RiskMetrics EWMA (lambda 0.94),test,2024-03-04,2024-03-05,2024-05-06,0.863421909693248,-6.930383321293684,3.161008116947666e-05,0.08925099693957553,1.708449938120363e-05,0.06561473800956089,0.3656062790423139,0.680987466617784,0.49738500976304395,0.5146595851410473,9.421008467685671e-06,0.000893824922758811,94.87571588802368,8.93824922758811e-12,0,94.87571588802368,42,14
cac40_full,23,250,424,2.6 RiskMetrics EWMA (lambda 0.94),test,2024-03-22,2024-03-25,2024-05-24,1.0335289048269476,-7.070664407121611,2.813477058206202e-05,0.08420191320082715,2.0562371428617366e-05,0.07198414825509555,0.6650950774968996,0.6145624737915051,0.5153347527400033,0.5983307680094693,8.677914500018825e-06,0.001165026908082243,134.2519459116261,1.1650269080822432e-11,0,134.2519459116261,42,14
cac40_full,23,250,425,2.6 RiskMetrics EWMA (lambda 0.94),test,2024-04-15,2024-04-16,2024-06-13,0.689492898081614,-7.092288385505793,2.7708715917993067e-05,0.08356193159168984,2.5790762448115384e-05,0.080618063341444,0.3967231197554999,0.6269531483439549,0.41222210400990766,0.47863279070312076,9.67540852325388e-06,0.0007148212492491102,73.88021369135045,7.148212492491102e-12,0,73.88021369135045,42,14
cac40_full,23,250,426,2.6 RiskMetrics EWMA (lambda 0.94),test,2024-05-06,2024-05-07,2024-07-03,0.8253284926277038,-7.029193111840635,4.7423615156974835e-05,0.10931949057490918,5.960962769326208e-05,0.12256274384453884,0.5504628598148358,0.6087499753369249,0.4615250275474631,0.5402459542330746,9.131302317898122e-06,0.0010047169140582853,110.02996933843221,1.0047169140582853e-11,0,110.02996933843221,42,14
cac40_full,23,250,427,2.6 RiskMetrics EWMA (lambda 0.94),test,2024-05-24,2024-05-27,2024-07-23,0.7612121856112922,-6.886668142630521,5.348586357769392e-05,0.11609667360255792,6.528470372494783e-05,0.1282643572419355,0.25757768175089324,0.4581883765009263,0.4568211252911251,0.39086239451431487,7.628133382889158e-06,0.0006675726054737488,87.51454280692002,6.675726054737488e-12,0,87.51454280692002,42,14
cac40_full,23,250,428,2.6 RiskMetrics EWMA (lambda 0.94),test,2024-06-13,2024-06-14,2024-08-12,0.6009893269662954,-6.541630374837872,8.21746655506422e-05,0.1439027995515092,7.185714568912759e-05,0.13456597160374592,0.18333811103224795,0.5533172129849541,0.5299586048292382,0.4222046429488134,9.271439566555402e-06,0.001833141211048088,197.71915654400917,1.833141211048088e-11,0,197.71915654400917,42,14
cac40_full,23,250,429,2.6 RiskMetrics EWMA (lambda 0.94),test,2024-07-03,2024-07-04,2024-08-30,0.7082978635189335,-7.331883476195701,6.871217094624823e-05,0.13158824825361326,4.8220290694375156e-05,0.11023390247552038,0.22428642369273077,0.5945218542554476,0.526553722649767,0.44845400019931514,1.113248372716527e-05,0.0023838991515678716,214.13901964668742,2.3838991515678715e-11,0,214.13901964668742,42,14
cac40_full,23,250,430,2.6 RiskMetrics EWMA (lambda 0.94),test,2024-07-23,2024-07-24,2024-09-19,0.5981230069845527,-7.193087590166086,4.782259675402402e-05,0.10977838759070044,2.9500603970671306e-05,0.08622152979743035,0.2072187256457566,0.536161943531227,0.531277851069499,0.42488617341549423,1.0263923072890702e-05,0.0017305629077957652,168.60637940346277,1.7305629077957653e-11,0,168.60637940346277,42,14
cac40_full,23,250,431,2.6 RiskMetrics EWMA (lambda 0.94),test,2024-08-12,2024-08-13,2024-10-09,0.8097410596679044,-7.121531022289936,4.2301119218847366e-05,0.10324670475685671,3.1938204179122684e-05,0.08971302833557072,0.31147731567447334,0.6035178803639328,0.43512881306700923,0.4500413363684718,8.454711486973933e-06,0.0027173476445400712,321.40039890499565,2.717347644540071e-11,0,321.40039890499565,42,14
cac40_full,23,250,432,2.6 RiskMetrics EWMA (lambda 0.94),test,2024-08-30,2024-09-02,2024-10-29,0.6265256676027807,-6.181577530657824,4.715811717436891e-05,0.10901305209900769,2.7524232894954196e-05,0.08328329177889439,0.25960483656968847,0.4864546348372032,0.47569013216088374,0.4072498678559251,7.439269745654051e-06,0.0015476270218947573,208.03480379224936,1.5476270218947574e-11,0,208.03480379224936,42,14
cac40_full,23,250,433,2.6 RiskMetrics EWMA (lambda 0.94),test,2024-09-19,2024-09-20,2024-11-18,0.7101435645365429,-5.316063707183979,4.576832796320199e-05,0.10739468630582662,4.236369358795882e-05,0.10332304091617524,0.36110298358722814,0.5513705785465993,0.5013836624223028,0.4712857415187101,8.977725061705577e-06,0.0018670817521248219,207.96824800180684,1.867081752124822e-11,0,207.96824800180684,42,14
cac40_full,23,250,434,2.6 RiskMetrics EWMA (lambda 0.94),test,2024-10-09,2024-10-10,2024-12-06,1.0076765861086598,-5.478955067952245,4.8775956698882475e-05,0.11086722278526862,3.9441900837529596e-05,0.09969633399005932,0.08753010059547472,0.4290748916315443,0.4488908684411193,0.3218319535560461,7.2641576028823966e-06,0.002993207608698145,412.05157876949824,2.993207608698145e-11,0,412.05157876949824,42,14
cac40_full,23,250,435,2.6 RiskMetrics EWMA (lambda 0.94),test,2024-10-29,2024-10-30,2024-12-30,0.6913325852424108,-5.45219080194685,4.251413626282497e-05,0.10350633960406432,3.474883315923743e-05,0.09357727264741066,0.0935695291888079,0.6134720846471039,0.485399097428651,0.3974802370881876,7.4171139830194895e-06,0.0018205137783271063,245.44772838801373,1.8205137783271063e-11,0,245.44772838801373,42,14
cac40_full,23,250,436,2.6 RiskMetrics EWMA (lambda 0.94),test,2024-11-18,2024-11-19,2025-01-20,0.8741711834346028,-7.620898188990871,3.369548700688473e-05,0.09214804786719549,3.348372906625524e-05,0.09185804115425236,0.10500887510043877,0.45844627901948637,0.474196085434323,0.3458837465180827,9.999609790528973e-06,0.0022681874490430615,226.82759593192844,2.2681874490430615e-11,0,226.82759593192844,42,14
cac40_full,23,250,437,2.6 RiskMetrics EWMA (lambda 0.94),test,2024-12-06,2024-12-09,2025-02-07,0.6284457452179865,-6.437193065155188,4.7906284756977274e-05,0.10987439992445133,2.6248486318079513e-05,0.08133030525060161,0.12313776688915645,0.3934666808360574,0.5076601626463905,0.34142153679053483,7.915011168644832e-06,0.0017441263775110727,220.35678034421437,1.7441263775110726e-11,0,220.35678034421437,42,14
cac40_full,23,250,438,2.6 RiskMetrics EWMA (lambda 0.94),test,2024-12-30,2024-12-31,2025-02-27,0.6506053156208202,-4.721379234048867,9.027813121471226e-05,0.15083132654096593,2.2666734665790984e-05,0.07557788787588157,0.19987441040344478,0.4414600241502926,0.4799535158718311,0.3737626501418562,8.216755657815942e-06,0.0012054156234501934,146.7021381247449,1.2054156234501934e-11,0,146.7021381247449,42,14
cac40_full,23,250,439,2.6 RiskMetrics EWMA (lambda 0.94),test,2025-01-20,2025-01-21,2025-03-19,0.7097940401459818,-3.418284301654007,8.507234575032999e-05,0.14641800138331065,2.282486159977531e-05,0.0758410517011953,0.4285667187928279,0.47772609441365144,0.5586179296991772,0.48830358096855225,7.882964362358922e-06,0.0017338891303216135,219.95394760388837,1.7338891303216135e-11,0,219.95394760388837,42,14
cac40_full,23,250,440,2.6 RiskMetrics EWMA (lambda 0.94),test,2025-02-07,2025-02-10,2025-04-08,0.7486339234576732,-4.524203110151935,9.979264907478021e-05,0.15858041356625543,8.854917173213603e-05,0.14938002301679526,0.389675485221466,0.4932127800888866,0.4935496321122619,0.45881263247420484,6.443088875486478e-06,0.0023405182592970784,363.2602784980768,2.3405182592970785e-11,0,363.2602784980768,42,14
cac40_full,23,250,441,2.6 RiskMetrics EWMA (lambda 0.94),test,2025-02-27,2025-02-28,2025-04-30,0.8293390224629185,-4.86132020331139,0.00012320485760998058,0.1762033601203879,0.00012420322428084908,0.17691583456201418,0.413192767381517,0.5204400402365414,0.5002379215480166,0.47795690972202504,5.450888834118918e-06,0.0017747164574143358,325.58294829015733,1.7747164574143357e-11,0,325.58294829015733,42,14
cac40_full,23,250,442,2.6 RiskMetrics EWMA (lambda 0.94),test,2025-03-19,2025-03-20,2025-05-21,0.7133826115578621,-6.1304452959539715,0.0001139737456732616,0.1694738443231342,0.00011295814437452798,0.16871707792153423,0.23201668170777145,0.37427025845388157,0.46892592865338595,0.358404289605013,1.0224143467389946e-05,0.0024894106878665064,243.483544201675,2.4894106878665063e-11,0,243.483544201675,42,14
cac40_full,23,250,443,2.6 RiskMetrics EWMA (lambda 0.94),test,2025-04-08,2025-04-09,2025-06-10,1.7788783927474932,-7.025405867569023,8.787916166599025e-05,0.14881380560898758,6.802652011700624e-05,0.13093006938623983,0.11694843093271368,0.3119610795883429,0.5072044945727275,0.31203800169792806,1.171491218787498e-05,0.007382422296629448,630.17308010813,7.382422296629448e-11,0,630.17308010813,42,14
cac40_full,23,250,444,2.6 RiskMetrics EWMA (lambda 0.94),test,2025-04-30,2025-05-02,2025-06-30,2.1127899020180982,-7.1132541347094875,9.619065055025294e-05,0.15569214475580886,4.777460830575436e-05,0.10972329421344448,0.28844136068716775,0.5794591926630034,0.5026446507097068,0.4568484013532926,9.894525182014295e-06,0.005954542844773721,601.8017777747991,5.954542844773721e-11,0,601.8017777747991,42,14
cac40_full,23,250,445,2.6 RiskMetrics EWMA (lambda 0.94),test,2025-05-21,2025-05-22,2025-07-18,1.0482239353406906,-6.497059420218405,0.00024021180299617766,0.24603531119543953,5.343527276293837e-05,0.1160417542794854,0.2784665482222197,0.43839197886540254,0.49276408066168215,0.4032075359164348,7.322119738229647e-06,0.0034737099675116543,474.4131606281999,3.4737099675116543e-11,0,474.4131606281999,42,14
cac40_full,23,250,446,2.6 RiskMetrics EWMA (lambda 0.94),test,2025-06-10,2025-06-11,2025-08-07,0.6092841173630112,-6.1740402190297905,9.82955413674423e-05,0.15738639212014316,5.28140703238591e-05,0.11536527086438315,0.1544031204622327,0.499400906169184,0.4457001159981023,0.3665013808765063,1.0030177154608283e-05,0.0018563471923710387,185.07621189104873,1.856347192371039e-11,0,185.07621189104873,42,14
cac40_full,23,250,447,2.6 RiskMetrics EWMA (lambda 0.94),test,2025-06-30,2025-07-01,2025-08-27,0.7594639614127277,-5.901002204124667,7.920915855947224e-05,0.14128236959007662,5.0238407326656714e-05,0.11251701491915564,0.3512976951362129,0.5702895987146387,0.4390440311251447,0.45354377499199877,6.999891429611931e-06,0.002513728872660788,359.1096944770967,2.5137288726607882e-11,0,359.1096944770967,42,14
cac40_full,23,250,448,2.6 RiskMetrics EWMA (lambda 0.94),test,2025-07-18,2025-07-21,2025-09-16,1.1865487122641156,-6.009997939486561,4.457560400507066e-05,0.10598609441468163,3.069061409168114e-05,0.08794336104052225,0.5891469444463046,0.43360588889000673,0.3800108886123244,0.46758790731621186,7.413194186842007e-06,0.0029856141712701306,402.743283936825,2.9856141712701306e-11,0,402.743283936825,42,14
cac40_full,23,250,449,2.6 RiskMetrics EWMA (lambda 0.94),test,2025-08-07,2025-08-08,2025-10-06,1.2850841715211359,-7.028612990022187,2.753255046672373e-05,0.08329587455339178,3.0452678420495504e-05,0.08760179770966385,0.3131868051318748,0.5388718212122091,0.4377707730046645,0.4299431331162495,7.886784834960241e-06,0.0025638237184194604,325.07844097060183,2.5638237184194606e-11,0,325.07844097060183,42,14
cac40_full,23,250,450,2.6 RiskMetrics EWMA (lambda 0.94),test,2025-08-27,2025-08-28,2025-10-24,1.0355703060103545,-6.0031538580338335,6.553632657244216e-05,0.12851130026676807,3.9875072858938934e-05,0.10024229826002899,0.5027084908408515,0.46840759609501076,0.52038890686194,0.49716833126593407,1.3129955600966837e-05,0.0024311850817870383,185.16323707964523,2.4311850817870384e-11,0,185.16323707964523,42,14
cac40_full,23,250,451,2.6 RiskMetrics EWMA (lambda 0.94),test,2025-09-16,2025-09-17,2025-11-13,0.7460554827789453,-5.744386402769758,5.722604462036394e-05,0.12008731508503183,3.0289332878737244e-05,0.08736653756125273,0.6032528874215913,0.41511997023833574,0.5141434627059541,0.5108387734552937,9.409988886965306e-06,0.0015796460418367841,167.86906560802703,1.579646041836784e-11,0,167.86906560802703,42,14
cac40_full,23,250,452,2.6 RiskMetrics EWMA (lambda 0.94),test,2025-10-06,2025-10-07,2025-12-03,0.7151609578467671,-5.762133777726063,6.747372713242604e-05,0.13039700624389874,4.923607453525537e-05,0.11138891678656523,0.38702757293770806,0.5183755322682757,0.5379368847416286,0.4811133299825374,1.0347365121502171e-05,0.001453678682764214,140.48781169840242,1.453678682764214e-11,0,140.48781169840242,42,14
cac40_full,23,250,453,2.6 RiskMetrics EWMA (lambda 0.94),test,2025-10-24,2025-10-27,2025-12-23,1.303065142326577,-7.1929139244206945,4.8232532396330155e-05,0.11024789414712283,3.0022059714606068e-05,0.08698022216619551,0.5313546322572558,0.621613137641977,0.5605929568849468,0.5711869089280598,8.343123717603692e-06,0.0017762055058111134,212.8945423718677,1.7762055058111133e-11,0,212.8945423718677,42,14
cac40_full,23,250,454,2.6 RiskMetrics EWMA (lambda 0.94),test,2025-11-13,2025-11-14,2026-01-15,0.9642611070452018,-7.177847574612217,3.533131455677656e-05,0.09435831319130124,2.8719556794723006e-05,0.08507248857456914,0.27284673979176366,0.5922549321775651,0.4695788663122584,0.4448935127605291,1.2342122760317895e-05,0.0015810070554758587,128.09847107979476,1.5810070554758588e-11,0,128.09847107979476,42,14
cac40_full,23,250,455,2.6 RiskMetrics EWMA (lambda 0.94),test,2025-12-03,2025-12-04,2026-02-04,0.6446539692013045,-6.196890367243991,5.9164785916951965e-05,0.12210457014818035,3.885926181780573e-05,0.09895723307614782,0.15328314847903368,0.5325268862436024,0.46505632538485653,0.3836221200358309,1.0282681497003933e-05,0.0012411186988159468,120.6999068460471,1.2411186988159468e-11,0,120.6999068460471,42,14
cac40_full,23,250,456,2.6 RiskMetrics EWMA (lambda 0.94),test,2025-12-23,2025-12-24,2026-02-24,0.7638770508491352,-4.783618884300849,7.829075516962742e-05,0.1404609209095046,5.210085582930862e-05,0.11458366231267776,0.5896871157655966,0.6723451329255893,0.5699451725184392,0.6106591404032083,9.277035948086692e-06,0.0010432992443001174,112.46040762785756,1.0432992443001173e-11,0,112.46040762785756,42,14
cac40_full,23,250,457,2.6 RiskMetrics EWMA (lambda 0.94),test,2026-01-15,2026-01-16,2026-03-16,0.8098167342652286,-4.732328460848871,6.54966777343578e-05,0.12847242034404957,6.53479405493678e-05,0.12832646265848943,0.8040779570602112,0.6903556982747782,0.5361335697860972,0.6768557417070289,8.306690918729803e-06,0.0011522915282004586,138.7184788111339,1.1522915282004586e-11,0,138.7184788111339,42,14
cac40_full,23,250,458,2.6 RiskMetrics EWMA (lambda 0.94),test,2026-02-04,2026-02-05,2026-04-07,0.8189678045699884,-3.6001290770962955,0.00011427095855205564,0.16969467155782478,9.94753250843843e-05,0.1583280831730898,0.6553241970556949,0.47149192677511104,0.5410951425851934,0.5559704221386664,8.416903781330647e-06,0.0015145349130410157,179.93967287595387,1.514534913041016e-11,0,179.93967287595387,42,14
cac40_full,23,250,459,2.6 RiskMetrics EWMA (lambda 0.94),test,2026-02-24,2026-02-25,2026-04-27,0.9215080357498485,-3.185923981822703,0.00011715036535549358,0.1718193588324214,0.00012302969319510785,0.17607805850010722,0.8354260665551065,0.5856349598904896,0.5797330692887251,0.6669313652447738,8.25650519803257e-06,0.0015141810868449465,183.39249483010784,1.5141810868449464e-11,0,183.39249483010784,42,14
cac40_full,23,250,460,2.6 RiskMetrics EWMA (lambda 0.94),test,2026-03-16,2026-03-17,2026-05-18,0.6214355377189225,-6.298274936452702,9.793687617789984e-05,0.1570989904386109,6.344429100101115e-05,0.1264435104394639,0.1937525639683747,0.47022952641374277,0.4300970553757804,0.3646930485859659,1.4823563154724556e-05,0.002923260854016002,197.20365633442876,2.923260854016002e-11,0,197.20365633442876,42,14
cac40_full,23,250,461,2.6 RiskMetrics EWMA (lambda 0.94),test,2026-04-07,2026-04-08,2026-06-05,0.5351505989577979,-6.501569928587107,7.813511286196181e-05,0.14032123303767816,4.7280739942474685e-05,0.10915469053368078,0.1294041663564781,0.6043504920400428,0.36568366570124056,0.3664794413659205,1.800796156643656e-05,0.003555176548589336,197.422486463738,3.555176548589336e-11,0,197.422486463738,42,14
cac40_full,23,250,462,2.6 RiskMetrics EWMA (lambda 0.94),test,2026-04-27,2026-04-28,2026-06-25,0.8875561646577862,-6.808692862945933,7.165159812475573e-05,0.13437337060384563,4.121688703259475e-05,0.10191494263460034,0.09911224359602622,0.4874605904854099,0.4230683047531782,0.33654704627820475,1.1936568589372744e-05,0.004890846810542436,409.73641410621224,4.890846810542436e-11,0,409.73641410621224,42,14
cac40_full,23,250,463,2.6 RiskMetrics EWMA (lambda 0.94),test,2026-05-18,2026-05-19,2026-07-15,0.9784674995246562,-6.91048102536813,7.880626926688382e-05,0.14092260235765844,4.8745988194932406e-05,0.11083315850918879,0.08505375788445857,0.4466154621735918,0.33168410473064275,0.287784441596231,8.845262590809886e-06,0.0041804338788596716,472.6184028954763,4.180433878859672e-11,0,472.6184028954763,42,14
cac40_full,23,250,344,2.7 OAS,test,2019-11-12,2019-11-13,2020-01-13,2.0309415426226964,-8.331994786964833,3.598204896749365e-05,0.09522329725339487,2.8443698157489034e-05,0.08466293129633085,0.1698497553003605,0.1366052525884709,0.3977896722067536,0.23474822669852835,3.089126535595794e-05,0.0025817803711546583,83.5763877395432,2.5817803711546585e-11,0,83.5763877395432,42,14
cac40_full,23,250,345,2.7 OAS,test,2019-12-02,2019-12-03,2020-01-31,0.9894169321372763,-8.251202715108896,3.962236091116801e-05,0.09992414597890911,3.4348949382233795e-05,0.09303727878825195,0.1565898903841937,0.34286608219701264,0.49490393127663285,0.3314533012859464,3.121049188759285e-05,0.00234314016246056,75.07539999368069,2.34314016246056e-11,0,75.07539999368069,42,14
cac40_full,23,250,346,2.7 OAS,test,2019-12-20,2019-12-23,2020-02-20,0.629211035859693,-8.059379399885104,3.521795688635017e-05,0.09420682106599416,3.4361590400430176e-05,0.09305439689186323,0.117163638466103,0.3466778768757521,0.3563862466572642,0.27340925399970645,3.176307939502421e-05,0.0021093136391446827,66.40771862551568,2.109313639144683e-11,0,66.40771862551568,42,14
cac40_full,23,250,347,2.7 OAS,test,2020-01-13,2020-01-14,2020-03-11,0.8303724363750774,-6.9084281785342645,0.000293668606766424,0.2720376608213261,0.00028589781332808404,0.26841432331132625,0.08767127809584452,0.2691393669191983,0.4026864929761927,0.25316571266374516,3.063722385656277e-05,0.0019550214107161793,63.81196350782926,1.9550214107161795e-11,0,63.81196350782926,42,14
cac40_full,23,250,348,2.7 OAS,test,2020-01-31,2020-02-03,2020-03-31,0.9554535149565235,-0.031296302158698774,0.0008642553523063733,0.46668227819492575,0.0008452263505145339,0.46151602391429764,0.17525707672450908,0.5121187893707525,0.4999146217208581,0.3957634959387066,2.7883057602687462e-05,0.0018936069790521765,67.91245802503612,1.8936069790521765e-11,0,67.91245802503612,42,14
cac40_full,23,250,349,2.7 OAS,test,2020-02-20,2020-02-21,2020-04-22,0.9624183593934285,2.0767921289588918,0.000936413735496679,0.4857738788213741,0.0009210308406427102,0.48176734202513455,0.15665334965739708,0.5883302993351532,0.5220422639112682,0.4223419709679395,2.9599114277402563e-05,0.0018652195798508887,63.01606062837124,1.8652195798508887e-11,0,63.01606062837124,42,14
cac40_full,23,250,350,2.7 OAS,test,2020-03-11,2020-03-12,2020-05-13,0.9279167002944588,0.48784638075481784,0.00043884252169717927,0.33254821525259937,0.000663381582920543,0.4088669207651517,0.1720652281836953,0.651119584103577,0.5715044596889878,0.4648964239920867,3.254156201941385e-05,0.003551450247925259,109.13582592644178,3.551450247925259e-11,0,109.13582592644178,42,14
cac40_full,23,250,351,2.7 OAS,test,2020-03-31,2020-04-01,2020-06-02,0.5829220220669425,-5.873742438389056,0.00016747795543827583,0.20543720395888743,0.00019197068228565565,0.21994683888609362,0.05158079305044028,0.36169081057127056,0.32187186892327774,0.24504782418166285,4.933606147393923e-05,0.008003513551614843,162.22441176911812,8.003513551614843e-11,0,162.22441176911812,42,14
cac40_full,23,250,352,2.7 OAS,test,2020-04-22,2020-04-23,2020-06-22,0.4516214769913183,-6.687040974013181,0.00018830044900501367,0.2178341413765607,0.00016106797476336457,0.20146744064579733,0.052337965382889595,0.4089182688268729,0.2966034746031602,0.25261990293764086,5.376766271275673e-05,0.009167962065574653,170.5107048181117,9.167962065574654e-11,0,170.5107048181117,42,14
cac40_full,23,250,353,2.7 OAS,test,2020-05-13,2020-05-14,2020-07-10,0.4005484129078522,-7.041686487185188,0.0001785546788137029,0.21212208527414853,0.00016470437033386088,0.20372898989621713,0.07788310114341246,0.35953903538239795,0.30642816079717,0.2479500991076601,5.620377440694225e-05,0.009812296859956854,174.58430440829693,9.812296859956854e-11,0,174.58430440829693,42,14
cac40_full,23,250,354,2.7 OAS,test,2020-06-02,2020-06-03,2020-07-30,0.47714593206659206,-7.351127325010524,0.00015463708669587385,0.19740452337107225,0.00014385865814947455,0.19040058259802564,0.06962948695074278,0.3231239727445039,0.29295643766244056,0.22856996578589572,6.363314806768702e-05,0.010480297801489326,164.6987163096404,1.0480297801489326e-10,0,164.6987163096404,42,14
cac40_full,23,250,355,2.7 OAS,test,2020-06-22,2020-06-23,2020-08-19,1.3569274985362736,-7.447427961843324,0.00012223993094776924,0.17551200129574573,0.0001077617948651347,0.16479069241317587,0.05850802247850395,0.2629935822730678,0.3434796418748916,0.22166041554215443,6.685312329907518e-05,0.011194520325659148,167.44947390983017,1.1194520325659149e-10,0,167.44947390983017,42,14
cac40_full,23,250,356,2.7 OAS,test,2020-07-10,2020-07-13,2020-09-08,1.9089700477646674,-7.447845061468632,0.0001128554361710236,0.1686403567213315,0.00010457642514473232,0.1623368693072296,0.05041168577847177,0.3907610741227326,0.2809160724110556,0.24069627743741998,6.784719872622745e-05,0.011496242425518215,169.44314048848346,1.1496242425518214e-10,0,169.44314048848346,42,14
cac40_full,23,250,357,2.7 OAS,test,2020-07-30,2020-07-31,2020-09-28,1.2114308679075534,-7.377183764985798,9.979917601068347e-05,0.15858559945560075,0.00010768927795263387,0.1647352361945183,0.10794409968634877,0.2728476143327798,0.25566155821444286,0.2121510907445238,6.504130150926644e-05,0.011456006501070188,176.13433672507384,1.1456006501070189e-10,0,176.13433672507384,42,14
cac40_full,23,250,358,2.7 OAS,test,2020-08-19,2020-08-20,2020-10-16,1.3050825886961217,-7.311120493287563,0.0001027890971862569,0.16094363140844292,9.677676168000217e-05,0.15616575790921822,0.13923237410850575,0.24595501029953462,0.20356227513186628,0.19624988651330222,6.753935700432768e-05,0.011543321958365205,170.91252375449105,1.1543321958365206e-10,0,170.91252375449105,42,14
cac40_full,23,250,359,2.7 OAS,test,2020-09-08,2020-09-09,2020-11-05,0.8616363542534534,-7.109102331553901,0.0001320822882218717,0.18244104974460015,0.0001382637745899552,0.18666138110672145,0.08959940847624137,0.31653205491978315,0.3393194814591108,0.2484836482850451,6.261901847888336e-05,0.01159484129910757,185.16485216097135,1.1594841299107571e-10,0,185.16485216097135,42,14
cac40_full,23,250,360,2.7 OAS,test,2020-09-28,2020-09-29,2020-11-25,0.5094849901616564,-6.9693617132946,0.00015611580862405678,0.19834612114498815,0.00018162285244006858,0.2139368103316895,0.16591336694974135,0.13073748334693644,0.322279192221764,0.20631001417281394,6.580833986364637e-05,0.011799144920579395,179.29558692753835,1.1799144920579396e-10,0,179.29558692753835,42,14
cac40_full,23,250,361,2.7 OAS,test,2020-10-16,2020-10-19,2020-12-15,0.4983576530840131,-7.095073451591709,0.00014215171344823758,0.18926761949408005,0.00018665846363465183,0.21688230180430182,0.14132689782292518,0.36324088331154597,0.36314661703611545,0.2892381327235289,6.325239342620649e-05,0.011831750266944429,187.0561669851744,1.1831750266944428e-10,0,187.0561669851744,42,14
cac40_full,23,250,362,2.7 OAS,test,2020-11-05,2020-11-06,2021-01-06,0.7103555044589491,-7.261675085626189,0.00011901078221108859,0.17317828130915933,0.0001421546695674611,0.18926958744341416,0.2021683470263037,0.210390705871228,0.27653439857346046,0.22969781715699736,6.666797320656716e-05,0.012251723442304607,183.77225004790972,1.2251723442304607e-10,0,183.77225004790972,42,14
cac40_full,23,250,363,2.7 OAS,test,2020-11-25,2020-11-26,2021-01-26,3.191836901240327,-7.3946993692720016,9.970347880805212e-05,0.1585095475346174,7.258805511302136e-05,0.13524862250123432,0.15037750720872167,0.39371950813514617,0.3457874001031001,0.2966281384823226,7.060285202254533e-05,0.013353811310145349,189.13982831573333,1.335381131014535e-10,0,189.13982831573333,42,14
cac40_full,23,250,364,2.7 OAS,test,2020-12-15,2020-12-16,2021-02-15,2.9734264397825054,-7.345842412979663,8.098378699854654e-05,0.1428562715586324,8.483936390314786e-05,0.14621737141527766,0.11530964597579663,0.37023645162201846,0.32538454228855446,0.2703102132954565,7.397077156296205e-05,0.013423956769671388,181.47650059652622,1.342395676967139e-10,0,181.47650059652622,42,14
cac40_full,23,250,365,2.7 OAS,test,2021-01-06,2021-01-07,2021-03-05,3.510341824948213,-7.2817117529833695,6.611274607989859e-05,0.12907521842760694,6.516833259182913e-05,0.12814998951674145,0.23777652956631157,0.3568408159556107,0.3014387278738102,0.29868535779857747,7.819920922384717e-05,0.013572809562923224,173.56709482919095,1.3572809562923223e-10,0,173.56709482919095,42,14
cac40_full,23,250,366,2.7 OAS,test,2021-01-26,2021-01-27,2021-03-25,4.452637744882126,-7.38135140676471,5.910621876673266e-05,0.122044119601137,6.884811935400976e-05,0.13171835892240102,0.22171040389722418,0.3548059105746781,0.336140404252161,0.30421890624135445,7.978684967437143e-05,0.013611075291977678,170.59296547648668,1.361107529197768e-10,0,170.59296547648668,42,14
cac40_full,23,250,367,2.7 OAS,test,2021-02-15,2021-02-16,2021-04-16,5.630409822550661,-7.499300447548444,4.3925053713382074e-05,0.10520985474646509,4.555586505301095e-05,0.10714512584974996,0.6194799503519688,0.3801361543940271,0.2843117606032908,0.4279759551164289,8.20163500480336e-05,0.01357149338833549,165.47302312754985,1.357149338833549e-10,0,165.47302312754985,42,14
cac40_full,23,250,368,2.7 OAS,test,2021-03-05,2021-03-08,2021-05-06,4.106275060575617,-7.629070881353312,3.740395205409797e-05,0.09708653829255985,3.546468804540139e-05,0.0945362437768772,0.13417649849620106,0.2601750419673275,0.2852290446164811,0.22652686169333655,7.780625944726851e-05,0.010230556678061557,131.4875789009635,1.0230556678061557e-10,0,131.4875789009635,42,14
cac40_full,23,250,369,2.7 OAS,test,2021-03-25,2021-03-26,2021-05-26,2.6946573053912246,-7.843769533309979,3.77728065554484e-05,0.09756406742224823,3.684577537861473e-05,0.0963594074048347,0.04446899934595194,0.2337774838371033,0.30487372005068475,0.19437340107791332,6.511798823886188e-05,0.007265935903066353,111.58108687900314,7.265935903066353e-11,0,111.58108687900314,42,14
cac40_full,23,250,370,2.7 OAS,test,2021-04-16,2021-04-19,2021-06-15,2.2850463398246643,-7.924290528788056,3.429276130184894e-05,0.09296115235982143,3.518220575448754e-05,0.09415899240184583,0.05525721977156661,0.12215177949315548,0.22540300243051195,0.13427066723174466,5.369068708466498e-05,0.006343878935040174,118.15603933390712,6.343878935040174e-11,0,118.15603933390712,42,14
cac40_full,23,250,371,2.7 OAS,test,2021-05-06,2021-05-07,2021-07-05,1.8292421792894697,-7.98932324068901,3.077035188706878e-05,0.08805753048741108,3.141107790452669e-05,0.08896961072153078,0.20504456309144647,0.23007856277604866,0.22865598438038814,0.2212597034159611,5.0697012965364316e-05,0.005774913868889082,113.91033773201676,5.774913868889082e-11,0,113.91033773201676,42,14
cac40_full,23,250,372,2.7 OAS,test,2021-05-26,2021-05-27,2021-07-23,1.0045338145789307,-8.024360161901173,5.042474515171664e-05,0.11272548859167829,4.8970658630700455e-05,0.11108828009712148,0.042824563649982106,0.30861794702372664,0.289444788135415,0.21362909960304124,4.7599289597379785e-05,0.005025818109612728,105.58598987765957,5.0258181096127285e-11,0,105.58598987765957,42,14
cac40_full,23,250,373,2.7 OAS,test,2021-06-15,2021-06-16,2021-08-12,0.7643343774769371,-7.916646432603369,4.498738815968175e-05,0.1064745125193809,5.007312864642291e-05,0.11233177831272223,0.03553534741871078,0.15225936447656663,0.308172887042947,0.16532253297940813,4.517474918548977e-05,0.004287162667375541,94.90174809321547,4.287162667375541e-11,0,94.90174809321547,42,14
cac40_full,23,250,374,2.7 OAS,test,2021-07-05,2021-07-06,2021-09-01,1.0256928028371044,-7.8791416103691185,4.460153879033448e-05,0.1060169221170106,4.1685907179965823e-05,0.10249316372008128,0.16528515264687837,0.1903817176071597,0.3829133699005178,0.24619341338485193,4.440459339768631e-05,0.004240025299292785,95.48618678521015,4.2400252992927846e-11,0,95.48618678521015,42,14
cac40_full,23,250,375,2.7 OAS,test,2021-07-23,2021-07-26,2021-09-21,1.375462254885159,-7.713304351050634,2.504368668249975e-05,0.07944185951996552,2.2492915521469133e-05,0.07528754685477686,0.24126064281073234,0.18554268485893757,0.37602975882127354,0.26761102883031446,4.148314084490274e-05,0.004243583731879974,102.29658713032107,4.2435837318799736e-11,0,102.29658713032107,42,14
cac40_full,23,250,376,2.7 OAS,test,2021-08-12,2021-08-13,2021-10-11,0.8352586487781604,-7.756330241124068,3.433109400479148e-05,0.09301309418145089,3.314166289042218e-05,0.09138763071874874,0.113868510663786,0.18534178422123157,0.365441081873274,0.2215504589194305,4.475012773158149e-05,0.004083119609412227,91.24263586248155,4.083119609412227e-11,0,91.24263586248155,42,14
cac40_full,23,250,377,2.7 OAS,test,2021-09-01,2021-09-02,2021-10-29,0.8473914582595146,-7.782941724463452,3.295180609615957e-05,0.09112549114398348,3.7746264122346994e-05,0.09752978293235069,0.12490178336420577,0.17877243378116336,0.34315035770744573,0.21560819161760494,4.447129504817408e-05,0.004042034078338272,90.89085608952222,4.042034078338273e-11,0,90.89085608952222,42,14
cac40_full,23,250,378,2.7 OAS,test,2021-09-21,2021-09-22,2021-11-18,0.9298427710544608,-7.854863009879081,2.9300944660146115e-05,0.0859292619214015,2.904824867204233e-05,0.08555792578922579,0.22060079912821706,0.40264259531688507,0.29800611791818854,0.30708317078776354,4.2948722753802604e-05,0.003709069501036823,86.36041454127826,3.709069501036823e-11,0,86.36041454127826,42,14
cac40_full,23,250,379,2.7 OAS,test,2021-10-11,2021-10-12,2021-12-08,0.515493181751571,-7.774752320146475,6.0603643023254234e-05,0.12358041123843239,7.317531634527893e-05,0.1357946233067064,0.1440140673654945,0.3767357663052224,0.3138443516060246,0.27819806175891376,4.202870711015371e-05,0.00366756610622251,87.26335779518811,3.66756610622251e-11,0,87.26335779518811,42,14
cac40_full,23,250,380,2.7 OAS,test,2021-10-29,2021-11-01,2021-12-28,0.5264583442042067,-7.834783095354406,6.245423604483663e-05,0.12545304891990003,6.788247744562547e-05,0.1307913770716465,0.334080644308433,0.3769296730966379,0.3184574624152788,0.3431559266067832,4.099247907422896e-05,0.0026290993123868423,64.13613842739503,2.6290993123868424e-11,0,64.13613842739503,42,14
cac40_full,23,250,381,2.7 OAS,test,2021-11-18,2021-11-19,2022-01-17,0.5865402138329358,-7.790818187495961,6.679412760282734e-05,0.12973866099167392,7.408707931144075e-05,0.13663800344883217,0.31011938386312476,0.37009308792169704,0.3517367862746889,0.3439830860198369,3.8131628173406255e-05,0.0020566591875812645,53.93578208170033,2.0566591875812645e-11,0,53.93578208170033,42,14
cac40_full,23,250,382,2.7 OAS,test,2021-12-08,2021-12-09,2022-02-04,0.505569460300946,-7.837725163289208,4.21132341146898e-05,0.1030171587498987,4.567444848323282e-05,0.10728448637978685,0.1574334123501263,0.41056641777317227,0.3960790363100528,0.32135962214445046,3.798802989192325e-05,0.0022650276752255627,59.62477342651394,2.2650276752255628e-11,0,59.62477342651394,42,14
cac40_full,23,250,383,2.7 OAS,test,2021-12-28,2021-12-29,2022-02-24,0.5873333922498957,-7.47631813176645,5.764228557416078e-05,0.12052325901952916,7.162919046472827e-05,0.13435235761649858,0.1307889176284327,0.38056572221692847,0.38660321485222454,0.29931928489919524,3.7559563614949786e-05,0.0021843052335644045,58.15576708923711,2.1843052335644046e-11,0,58.15576708923711,42,14
cac40_full,23,250,384,2.7 OAS,test,2022-01-17,2022-01-18,2022-03-16,0.8466788199789365,-6.448956346434322,0.0001526136547090195,0.19610874785861268,0.0001974391747139927,0.2230575531738976,0.26205150621732587,0.15384767337724417,0.38712303973424445,0.26767407310960484,3.5652049198426796e-05,0.002031685801271235,56.98650840414768,2.0316858012712354e-11,0,56.98650840414768,42,14
cac40_full,23,250,385,2.7 OAS,test,2022-02-04,2022-02-07,2022-04-05,0.8442884037621106,-6.480081826059919,0.00012281330305835358,0.1759231433629615,0.00015777097365646202,0.1993947977290993,0.3081851467782355,0.1524338933370514,0.38707697936808455,0.2825653398277905,3.558570674529605e-05,0.0021708838956575383,61.004377718155055,2.1708838956575384e-11,0,61.004377718155055,42,14
cac40_full,23,250,386,2.7 OAS,test,2022-02-24,2022-02-25,2022-04-27,0.8132488055039688,-6.706134817291188,9.269672623334152e-05,0.15283839508056235,0.00011933207388435259,0.17341188719017175,0.2851466135331713,0.1169310849475728,0.41766171866637475,0.27324647238237293,3.745785002098254e-05,0.0024263944333990997,64.77666048745245,2.4263944333990998e-11,0,64.77666048745245,42,14
cac40_full,23,250,387,2.7 OAS,test,2022-03-16,2022-03-17,2022-05-17,0.38897024322294654,-7.609517870918022,5.406208794343326e-05,0.1167203759492968,2.874127322843502e-05,0.08510464648634423,0.07072499092873008,0.14240374912241904,0.4374298869396754,0.2168528756636082,4.0250656478518325e-05,0.0035943446557985077,89.29903187335094,3.594344655798508e-11,0,89.29903187335094,42,14
cac40_full,23,250,388,2.7 OAS,test,2022-04-05,2022-04-06,2022-06-06,0.4870533697023745,-7.716201649815276,5.224489741917256e-05,0.11474194590310678,3.671348856775685e-05,0.09618627302830028,0.12009419125496235,0.13616249586240384,0.3831017737286222,0.21311948694866278,3.993703123206903e-05,0.0037165059314250037,93.05914377633276,3.7165059314250035e-11,0,93.05914377633276,42,14
cac40_full,23,250,389,2.7 OAS,test,2022-04-27,2022-04-28,2022-06-24,0.3773247797946694,-7.4993458781612565,6.949343656421912e-05,0.13233422087345065,5.217346533172329e-05,0.11466347833374962,0.044955797267084985,0.2867176132079874,0.2409713196393679,0.19088157670481343,3.983352125086706e-05,0.0038069127758812095,95.57058116719581,3.80691277588121e-11,0,95.57058116719581,42,14
cac40_full,23,250,390,2.7 OAS,test,2022-05-17,2022-05-18,2022-07-14,0.3744887045595433,-7.383401145601971,5.730078661324761e-05,0.12016571152595235,5.792805760073184e-05,0.12082164754457052,0.059470688113829606,0.28690532701202054,0.23191573523167364,0.19276391678584126,3.847596027124045e-05,0.003956643102497358,102.83416124261939,3.956643102497358e-11,0,102.83416124261939,42,14
cac40_full,23,250,391,2.7 OAS,test,2022-06-06,2022-06-07,2022-08-03,0.4313913598478097,-7.203303448481501,6.220500768373358e-05,0.125202483746533,6.884371085145797e-05,0.13171414174099685,0.08924804698331623,0.3710782562455018,0.24982997741274518,0.2367187602138544,3.8689146042419926e-05,0.00406369260768053,105.03443532263485,4.06369260768053e-11,0,105.03443532263485,42,14
cac40_full,23,250,392,2.7 OAS,test,2022-06-24,2022-06-27,2022-08-23,0.546569745752158,-7.459694699277379,5.1772327700187907e-05,0.11422183057737847,5.553428944816992e-05,0.11829894733656264,0.15316399704482575,0.4064493968756732,0.3620184911368118,0.30721062835243695,4.21624894019537e-05,0.004298555417686828,101.9521256609588,4.298555417686828e-11,0,101.9521256609588,42,14
cac40_full,23,250,393,2.7 OAS,test,2022-07-14,2022-07-15,2022-09-12,0.7806151598490347,-7.6555364451914025,4.797632986505836e-05,0.10995469578874159,5.143950851484137e-05,0.11385410025879623,0.08167647125138411,0.4073358695377036,0.4497494663264785,0.3129206023718554,4.851933075717443e-05,0.004382696416429954,90.32887197814236,4.382696416429954e-11,0,90.32887197814236,42,14
cac40_full,23,250,394,2.7 OAS,test,2022-08-03,2022-08-04,2022-09-30,0.6689739575517142,-7.628241251502616,6.53725466702804e-05,0.12835062041498146,6.412041045512849e-05,0.1271154728374653,0.11061807893898534,0.41177017523011794,0.3807716952858444,0.30105331648498257,4.5488846890531325e-05,0.004503219295568434,98.99611890372617,4.503219295568434e-11,0,98.99611890372617,42,14
cac40_full,23,250,395,2.7 OAS,test,2022-08-23,2022-08-24,2022-10-20,0.45013690486786706,-7.606690939913172,8.476996624139499e-05,0.14615755708423542,8.633047111294613e-05,0.1474967074902434,0.1144866308960133,0.184043361505128,0.3550525559560638,0.2178608494524017,4.648859581662525e-05,0.004506152286215228,96.93027304997106,4.506152286215228e-11,0,96.93027304997106,42,14
cac40_full,23,250,396,2.7 OAS,test,2022-09-12,2022-09-13,2022-11-09,0.573801166135163,-7.447642065847747,9.153076939144364e-05,0.15187413830749394,9.605128596711198e-05,0.15557931759624163,0.16161588783606406,0.2376467929300321,0.36226955658610227,0.2538440791173995,4.6127509968552264e-05,0.004589062298090593,99.48645182059938,4.5890622980905925e-11,0,99.48645182059938,42,14
cac40_full,23,250,397,2.7 OAS,test,2022-09-30,2022-10-03,2022-11-29,0.8182218470386118,-7.627538277832949,6.1007283530508154e-05,0.1239912716673559,5.448940109723568e-05,0.11718075386557039,0.20016723434484274,0.372272764370504,0.2877560536919603,0.2867320174691024,4.670665328554037e-05,0.004675770814097537,100.10930959904765,4.675770814097537e-11,0,100.10930959904765,42,14
cac40_full,23,250,398,2.7 OAS,test,2022-10-20,2022-10-21,2022-12-19,1.1478889603589635,-7.6501290142803535,6.65169931969799e-05,0.129469232969223,5.750088473178152e-05,0.12037534196175287,0.248415500748158,0.38983452165678,0.3609322769571923,0.3330607664540434,4.704475198245366e-05,0.00484809811681904,103.05289989895667,4.84809811681904e-11,0,103.05289989895667,42,14
cac40_full,23,250,399,2.7 OAS,test,2022-11-09,2022-11-10,2023-01-09,1.055882286176467,-7.751070700988907,7.880383318539566e-05,0.14092042422133033,6.693840326809906e-05,0.129878703502772,0.17842110053035887,0.370454097465333,0.3360252271890322,0.294966808394908,4.1694617586512825e-05,0.004943926099450767,118.5746838711864,4.943926099450767e-11,0,118.5746838711864,42,14
cac40_full,23,250,400,2.7 OAS,test,2022-11-29,2022-11-30,2023-01-27,1.2173406808384777,-7.82273333296767,6.527960846661615e-05,0.12825935183676576,5.9426989954514695e-05,0.12237484001434977,0.1122524053758619,0.38443380305915964,0.3391260024087322,0.2786040702812513,4.8016470497628226e-05,0.0046535593433544254,96.91589771439548,4.653559343354425e-11,0,96.91589771439548,42,14
cac40_full,23,250,401,2.7 OAS,test,2022-12-19,2022-12-20,2023-02-16,1.4814913902586997,-7.629067806953218,8.13059129339879e-05,0.1431401063970715,8.420272817085211e-05,0.1456677297792985,0.1790589410036144,0.34927500200383793,0.4181106811865322,0.31548154139799484,4.8691793883474915e-05,0.004675851130327859,96.02955154040352,4.675851130327859e-11,0,96.02955154040352,42,14
cac40_full,23,250,402,2.7 OAS,test,2023-01-09,2023-01-10,2023-03-08,2.2013872175312397,-7.577537137708797,5.846920516214503e-05,0.12138467654881545,6.232796047894193e-05,0.12532615864492683,0.19468060247216445,0.5002053778572075,0.4276968769741454,0.37419428576783914,4.786331100288894e-05,0.004767240974700592,99.60115325939006,4.767240974700592e-11,0,99.60115325939006,42,14
cac40_full,23,250,403,2.7 OAS,test,2023-01-27,2023-01-30,2023-03-28,0.5087994594574179,-7.540172182091315,6.64309552432878e-05,0.12938547337822948,7.472890924306649e-05,0.13722858714295924,0.1324773517955259,0.3618106605080424,0.41353401606014484,0.30260734278790435,4.880069665749404e-05,0.004569516917226457,93.636305016247,4.5695169172264574e-11,0,93.636305016247,42,14
cac40_full,23,250,404,2.7 OAS,test,2023-02-16,2023-02-17,2023-04-19,0.5567310825760189,-7.7527685232549075,3.62598744717886e-05,0.09559021062269257,3.793722276899435e-05,0.09777617367123023,0.20207966554187717,0.3002912681562438,0.31948526703121605,0.273952066909779,4.922037524974553e-05,0.004109321064558613,83.48821080107182,4.1093210645586126e-11,0,83.48821080107182,42,14
cac40_full,23,250,405,2.7 OAS,test,2023-03-08,2023-03-09,2023-05-10,0.518015878187723,-7.802362351894147,3.957168469139605e-05,0.09986022502594216,4.45674647914689e-05,0.1059764177892901,0.1495561011454153,0.26760479899494066,0.3002102895027006,0.23912372988101885,4.65415953931498e-05,0.003053661275595422,65.61144390948131,3.053661275595422e-11,0,65.61144390948131,42,14
cac40_full,23,250,406,2.7 OAS,test,2023-03-28,2023-03-29,2023-05-30,1.155914206496904,-7.908358709579504,4.079741696556091e-05,0.10139501504177288,3.487127650801834e-05,0.09374199528504085,0.13402988616790013,0.20926727563528047,0.2781813320586412,0.20715949795394062,4.5346749099244816e-05,0.0033268156010098603,73.36392722946624,3.32681560100986e-11,0,73.36392722946624,42,14
cac40_full,23,250,407,2.7 OAS,test,2023-04-19,2023-04-20,2023-06-19,1.0529327249768885,-7.906092236692227,3.18618049486288e-05,0.0896056630300477,2.9814920590731585e-05,0.08667963999039428,0.07246881484260115,0.15502362543496936,0.274440969315305,0.1673111365309585,4.495001334215177e-05,0.003298381727358991,73.3788820539891,3.2983817273589915e-11,0,73.3788820539891,42,14
cac40_full,23,250,408,2.7 OAS,test,2023-05-10,2023-05-11,2023-07-07,0.8400344724895175,-7.98828226022598,3.866303419741224e-05,0.0987070646800313,3.5920096258609145e-05,0.0951412857657994,0.032521348261654315,0.27296280533455936,0.3198191914848148,0.20843444836034283,4.503471897182214e-05,0.003126577311394183,69.42593143193494,3.126577311394183e-11,0,69.42593143193494,42,14
cac40_full,23,250,409,2.7 OAS,test,2023-05-30,2023-05-31,2023-07-27,0.8117567152971408,-7.943473521904706,3.794863401730755e-05,0.09779087775637103,3.8799418542847216e-05,0.09888100663321293,0.06755631223802172,0.3800789430086607,0.3946137713803921,0.2807496755423582,4.5157502965943784e-05,0.0030877226625406363,68.37673608457246,3.0877226625406364e-11,0,68.37673608457246,42,14
cac40_full,23,250,410,2.7 OAS,test,2023-06-19,2023-06-20,2023-08-16,0.867179598845738,-8.005859756579643,4.3210596264129835e-05,0.10435070799261842,4.5613875981455516e-05,0.10721332355321697,0.10047722426648376,0.4223628654181149,0.45284671833876683,0.32522893600778846,4.4703749274615316e-05,0.002821958425831311,63.12576621920476,2.821958425831311e-11,0,63.12576621920476,42,14
cac40_full,23,250,411,2.7 OAS,test,2023-07-07,2023-07-10,2023-09-05,1.2654567310191502,-8.044583404753057,3.236217806215152e-05,0.0903065272926724,3.473803122876157e-05,0.09356272692503098,0.14833281545976373,0.4874996418347588,0.5098911324653979,0.3819078632533068,4.381060902245646e-05,0.002565759062111601,58.564788743211565,2.565759062111601e-11,0,58.564788743211565,42,14
cac40_full,23,250,412,2.7 OAS,test,2023-07-27,2023-07-28,2023-09-25,1.3125545150571936,-8.016513228362868,3.2811004707415116e-05,0.09093059543557717,3.219446010209568e-05,0.0900722151705403,0.23170577980976115,0.4489384110153127,0.3857240603648675,0.35545608372998044,4.337529412679907e-05,0.0025488789145370282,58.7633805337639,2.5488789145370284e-11,0,58.7633805337639,42,14
cac40_full,23,250,413,2.7 OAS,test,2023-08-16,2023-08-17,2023-10-13,0.9550326624074303,-8.022497946748357,2.8836925531671248e-05,0.08524614498017581,2.5946266975524867e-05,0.0808607400277308,0.16397929666637145,0.30463858897666346,0.3586616005445911,0.2757598287292087,4.4979124926070916e-05,0.0025199592109216877,56.02508308161999,2.5199592109216877e-11,0,56.02508308161999,42,14
cac40_full,23,250,414,2.7 OAS,test,2023-09-05,2023-09-06,2023-11-02,0.7319338410368378,-7.56053332432674,6.942565109141598e-05,0.1322696642281851,6.240879510034002e-05,0.12540740155702806,0.13249845617997136,0.5699010089178318,0.3744160911235012,0.3589385187404348,4.493155431300052e-05,0.002347281034795347,52.241260528042396,2.3472810347953467e-11,0,52.241260528042396,42,14
cac40_full,23,250,415,2.7 OAS,test,2023-09-25,2023-09-26,2023-11-22,0.7014933469901895,-7.660401042921997,4.962831705360601e-05,0.1118317302804026,4.5552263585218146e-05,0.10714089052959647,0.14343473289951425,0.46973079328528766,0.44767897197242573,0.35361483271907584,4.257237332531371e-05,0.0020857503475523926,48.99304841696944,2.0857503475523926e-11,0,48.99304841696944,42,14
cac40_full,23,250,416,2.7 OAS,test,2023-10-13,2023-10-16,2023-12-12,0.9593038858171754,-7.769082859560117,4.126637586896017e-05,0.10197610856949761,3.6968462917534494e-05,0.09651970086577502,0.97170191258603,0.5101594348924002,0.46078247986255483,0.6475479424469951,4.306727899635393e-05,0.0020491457209252024,47.58010649102496,2.0491457209252024e-11,0,47.58010649102496,42,14
cac40_full,23,250,417,2.7 OAS,test,2023-11-02,2023-11-03,2024-01-04,1.0174519569234193,-8.138345178493948,1.9863566780151684e-05,0.07075039808084634,1.677517620318643e-05,0.06501803136978987,0.3608156085946277,0.320030323751155,0.4473514876046761,0.37606580665015293,4.1032060671954334e-05,0.001960601465048432,47.78218380800248,1.960601465048432e-11,0,47.78218380800248,42,14
cac40_full,23,250,418,2.7 OAS,test,2023-11-22,2023-11-23,2024-01-24,1.0251885102593477,-8.150979235120415,1.7696201670970723e-05,0.06677905974992926,1.5949157028233887e-05,0.06339706279564487,0.21569462592988398,0.40765042312574323,0.4440491132133961,0.3557980540896744,4.002861158724032e-05,0.001965805441548843,49.1100081566524,1.9658054415488428e-11,0,49.1100081566524,42,14
cac40_full,23,250,419,2.7 OAS,test,2023-12-12,2023-12-13,2024-02-13,0.7835856559623229,-7.66551509074723,2.1173313351720963e-05,0.07304570462822357,1.8165837827514844e-05,0.06765937579178322,0.36049829790051524,0.4351134914689019,0.4285811754816296,0.4080643216170156,3.942821381691048e-05,0.0018551620875689357,47.05163911770382,1.8551620875689357e-11,0,47.05163911770382,42,14
cac40_full,23,250,420,2.7 OAS,test,2024-01-04,2024-01-05,2024-03-04,0.8866155471133227,-7.476548789037584,2.236225191848677e-05,0.07506855189397665,1.9428238012326934e-05,0.06997082234121868,0.41975961550960905,0.646446829076165,0.4521852368092014,0.5061305604649918,3.994105363661461e-05,0.00178795736353411,44.76490229329005,1.78795736353411e-11,0,44.76490229329005,42,14
cac40_full,23,250,421,2.7 OAS,test,2024-01-24,2024-01-25,2024-03-22,0.9535855557122498,-7.431207619841202,2.189558046021648e-05,0.07428113001277345,1.9697059630065525e-05,0.07045324000197942,0.6733702620766047,0.5311417686684747,0.4904166388968949,0.5649762232139914,3.8281805833275076e-05,0.0017732262202950783,46.320338910286345,1.7732262202950783e-11,0,46.320338910286345,42,14
cac40_full,23,250,422,2.7 OAS,test,2024-02-13,2024-02-14,2024-04-15,1.202906843870907,-7.853524055804611,1.897431744996982e-05,0.06914859360386438,1.796745769566411e-05,0.06728892434351552,0.342348275736433,0.546760491972744,0.5155689006934082,0.4682258894675284,3.5416630918845753e-05,0.0017353165094592918,48.99722148714891,1.735316509459292e-11,0,48.99722148714891,42,14
cac40_full,23,250,423,2.7 OAS,test,2024-03-04,2024-03-05,2024-05-06,0.9318845543764958,-7.889655825757238,2.0480837228560192e-05,0.07184129022781514,2.1438424367187062e-05,0.07350158461238192,0.2818714194725319,0.4232682343181557,0.4280528918234472,0.3777308485380449,3.610222472883312e-05,0.0016866114546164527,46.71765984741203,1.686611454616453e-11,0,46.71765984741203,42,14
cac40_full,23,250,424,2.7 OAS,test,2024-03-22,2024-03-25,2024-05-24,0.7136888575480067,-8.021453012734312,1.9714730565724484e-05,0.07048483597599252,1.9760024461580348e-05,0.07056575773219081,0.10608353727821518,0.517225645535686,0.4696978981630353,0.3643356936589788,3.734942612110357e-05,0.0011911898821126373,31.893124093801767,1.1911898821126374e-11,0,31.893124093801767,42,14
cac40_full,23,250,425,2.7 OAS,test,2024-04-15,2024-04-16,2024-06-13,0.5470108769305067,-7.872099626857613,3.2148740969178834e-05,0.09000823697991793,3.443202919826309e-05,0.09314972548516876,0.17714590701408706,0.5268284185249547,0.41978740021003086,0.37458724191635756,3.7898268951770694e-05,0.0011660162076532474,30.76700440162897,1.1660162076532474e-11,0,30.76700440162897,42,14
cac40_full,23,250,426,2.7 OAS,test,2024-05-06,2024-05-07,2024-07-03,0.6296309002898651,-7.9451893810250676,5.1365396256762416e-05,0.113772052177607,5.213435719393323e-05,0.11462049560559043,0.2405494692808321,0.5034806328611475,0.4607520278776034,0.401594043339861,3.818080504598658e-05,0.0011612312535974958,30.414006519738376,1.1612312535974959e-11,0,30.414006519738376,42,14
cac40_full,23,250,427,2.7 OAS,test,2024-05-24,2024-05-27,2024-07-23,0.6152795325550521,-7.943747387909042,4.8689696250120594e-05,0.11076914486909425,5.129142500939677e-05,0.11369010116262535,0.1736807434908172,0.4554118527983795,0.44053942949362157,0.35654400859427277,3.724501107269986e-05,0.0011030246522759264,29.615366474798286,1.1030246522759264e-11,0,29.615366474798286,42,14
cac40_full,23,250,428,2.7 OAS,test,2024-06-13,2024-06-14,2024-08-12,0.6341714584947085,-7.867581663937071,5.318057369549225e-05,0.11576486760353526,5.432652992338941e-05,0.11700549363467569,0.08288417681231108,0.35233491314527493,0.5173054589485161,0.3175081829687007,4.066652455092805e-05,0.0011274202522643963,27.723545710243574,1.1274202522643964e-11,0,27.723545710243574,42,14
cac40_full,23,250,429,2.7 OAS,test,2024-07-03,2024-07-04,2024-08-30,0.5392844087315509,-8.090536871300946,3.210022173411662e-05,0.0899402906210414,3.303545163044333e-05,0.09124107523956367,0.06206582493472923,0.42539986123376616,0.4376983450462851,0.3083880104049268,4.102605839415771e-05,0.0011422266778504523,27.841492031150384,1.1422266778504524e-11,0,27.841492031150384,42,14
cac40_full,23,250,430,2.7 OAS,test,2024-07-23,2024-07-24,2024-09-19,0.5893523414571388,-8.01598672234562,2.7137833209746947e-05,0.08269663819561368,2.829096476999692e-05,0.08443531916229856,0.12078340225329742,0.46741127160237284,0.47789118022996546,0.3553619513618786,4.13848650433483e-05,0.0011429323379858983,27.61715754754163,1.1429323379858984e-11,0,27.61715754754163,42,14
cac40_full,23,250,431,2.7 OAS,test,2024-08-12,2024-08-13,2024-10-09,0.5596479637825631,-8.025723626399737,2.2040471806021385e-05,0.07452649793944023,2.29781749408635e-05,0.07609533550157724,0.16695219679628015,0.3876352283942912,0.33549462934038593,0.29669401817698576,4.141537056101361e-05,0.0012863826600436675,31.060513104634747,1.2863826600436676e-11,0,31.060513104634747,42,14
cac40_full,23,250,432,2.7 OAS,test,2024-08-30,2024-09-02,2024-10-29,0.5826620812073167,-7.778262979740668,2.2100352004457285e-05,0.07462766715584265,2.2934287148780273e-05,0.07602263058782319,0.1938013576325791,0.41783395481325253,0.3853848796155652,0.3323400640204656,4.001755500803719e-05,0.0012868064082285772,32.156047713812924,1.2868064082285772e-11,0,32.156047713812924,42,14
cac40_full,23,250,433,2.7 OAS,test,2024-09-19,2024-09-20,2024-11-18,0.6365210368835017,-7.479895230497621,4.11540809619974e-05,0.1018372643113676,4.023005529440485e-05,0.10068750634607067,0.23934359369251945,0.3542916698177417,0.40433923036251396,0.33265816462425835,4.0467745457751724e-05,0.001294072396861096,31.97787230850569,1.294072396861096e-11,0,31.97787230850569,42,14
cac40_full,23,250,434,2.7 OAS,test,2024-10-09,2024-10-10,2024-12-06,0.5126668941498077,-7.619711531947667,3.747189428113588e-05,0.09717467447255093,3.638943530331304e-05,0.09576083592176338,0.13871103209710278,0.3691738136402823,0.41538364937238587,0.3077561650365903,4.22583732605812e-05,0.0013939943311030785,32.98741109855742,1.3939943311030785e-11,0,32.98741109855742,42,14
cac40_full,23,250,435,2.7 OAS,test,2024-10-29,2024-10-30,2024-12-30,0.5000903408177538,-7.776295294958726,3.4116070912234164e-05,0.09272135606149755,3.510498865768608e-05,0.09405560664700906,0.09161526763791361,0.4286176455956392,0.43711366537592183,0.3191155262031582,4.257734468012498e-05,0.0013601570267146503,31.945557829715224,1.3601570267146503e-11,0,31.945557829715224,42,14
cac40_full,23,250,436,2.7 OAS,test,2024-11-18,2024-11-19,2025-01-20,0.4124000211312579,-8.0793569938582,2.5514386821435113e-05,0.08018494546360712,2.7881403675743046e-05,0.08382191674190735,0.05288588635270142,0.35888160051244,0.32540264128785273,0.24572337605099803,4.321930345352505e-05,0.0014157577079909071,32.75753181708057,1.4157577079909072e-11,0,32.75753181708057,42,14
cac40_full,23,250,437,2.7 OAS,test,2024-12-06,2024-12-09,2025-02-07,0.49914244132965935,-7.752726036683976,2.1740909803412307e-05,0.07401830361782079,2.359038829764121e-05,0.07710238550787897,0.11293788944660443,0.43357257643527,0.41357976789843925,0.32003007792677124,4.340955775586735e-05,0.0014182925501335136,32.67235658354095,1.4182925501335136e-11,0,32.67235658354095,42,14
cac40_full,23,250,438,2.7 OAS,test,2024-12-30,2024-12-31,2025-02-27,0.5797299007312812,-7.279631739660095,2.0822408302867924e-05,0.07243788299172414,1.9724434510278838e-05,0.07050218079315183,0.17342877043756244,0.4517331588118292,0.3987881625920198,0.3413166972804705,4.24792807220275e-05,0.0014239719480506753,33.52156448619618,1.4239719480506753e-11,0,33.52156448619618,42,14
cac40_full,23,250,439,2.7 OAS,test,2025-01-20,2025-01-21,2025-03-19,0.628460523695622,-6.946865719677587,2.4712872114444826e-05,0.07891542164140097,1.7414074013259832e-05,0.06624459714830695,0.2069057109394783,0.35319729028385377,0.4211584416423298,0.3270871476218873,4.0023878932891915e-05,0.001450818996066047,36.248835314004346,1.450818996066047e-11,0,36.248835314004346,42,14
cac40_full,23,250,440,2.7 OAS,test,2025-02-07,2025-02-10,2025-04-08,0.7153687186055351,-7.0286515290754705,9.352398037524795e-05,0.15351886872486548,8.78165516578139e-05,0.1487607845427319,0.15985668570667877,0.2813938707420694,0.40136629876632735,0.2808722850716918,4.106474538396784e-05,0.0015196072627919205,37.005154873922415,1.5196072627919205e-11,0,37.005154873922415,42,14
cac40_full,23,250,441,2.7 OAS,test,2025-02-27,2025-02-28,2025-04-30,0.779910356580238,-7.108329041358419,0.00011969884012533541,0.17367817281277612,0.00011901893877377943,0.1731842157097246,0.17525492612090188,0.3008428333136643,0.35409222995105033,0.2767299964618722,3.63081921374156e-05,0.0015601013992163101,42.96830294694362,1.56010139921631e-11,0,42.96830294694362,42,14
cac40_full,23,250,442,2.7 OAS,test,2025-03-19,2025-03-20,2025-05-21,0.740791311873575,-7.385449409327701,0.0001248563990282671,0.17738041762021903,0.00012928651578727608,0.18049986697611045,0.10113864821634522,0.24497859409161662,0.3429041005435786,0.22967378095051347,3.64725042713255e-05,0.001662752344397221,45.58920144412646,1.662752344397221e-11,0,45.58920144412646,42,14
cac40_full,23,250,443,2.7 OAS,test,2025-04-08,2025-04-09,2025-06-10,0.42819003390946425,-7.7061269290897965,4.197296467531538e-05,0.10284545249149073,4.683735898354421e-05,0.10864167922051435,0.07990552908104431,0.18025360076678373,0.3657124495072546,0.20862385978502754,3.61132390351962e-05,0.002133136566139648,59.06799343201198,2.133136566139648e-11,0,59.06799343201198,42,14
cac40_full,23,250,444,2.7 OAS,test,2025-04-30,2025-05-02,2025-06-30,0.6348849511187814,-7.796616946872414,3.0361959151968014e-05,0.08747121644458787,2.9730783720963044e-05,0.08655724982739856,0.1864680516238031,0.4952890965730086,0.4291381752440822,0.3702984411469646,3.60864015955458e-05,0.002382188670412173,66.01347225227939,2.3821886704121733e-11,0,66.01347225227939,42,14
cac40_full,23,250,445,2.7 OAS,test,2025-05-21,2025-05-22,2025-07-18,0.670116677763625,-7.687726830177505,2.929160839937696e-05,0.08591557086257993,2.274687127081527e-05,0.07571137008564466,0.21851234931141983,0.42149166524507287,0.3357650583691623,0.325256357641885,3.7572240143184145e-05,0.0024716646220893637,65.78432940570194,2.4716646220893638e-11,0,65.78432940570194,42,14
cac40_full,23,250,446,2.7 OAS,test,2025-06-10,2025-06-11,2025-08-07,0.5469244800488238,-7.310094190474066,3.610561106925576e-05,0.09538665519585247,3.1211292434095795e-05,0.0886862204256791,0.11447549081619723,0.42938022248171165,0.4264876904873021,0.323447801261737,3.645181204663124e-05,0.0023493071901990624,64.44966815898465,2.3493071901990624e-11,0,64.44966815898465,42,14
cac40_full,23,250,447,2.7 OAS,test,2025-06-30,2025-07-01,2025-08-27,0.5667162650152453,-7.464183811964498,3.5726908886374924e-05,0.09488509387341344,3.9687551425576405e-05,0.1000063145968556,0.16859788232883222,0.4251140403538412,0.3057821797049865,0.2998313674625533,3.502587217432917e-05,0.0023960521542393293,68.40806539559695,2.3960521542393292e-11,0,68.40806539559695,42,14
cac40_full,23,250,448,2.7 OAS,test,2025-07-18,2025-07-21,2025-09-16,0.6467258376970995,-7.516520683628869,2.8953646267612463e-05,0.08541849249101942,3.267777024671481e-05,0.09074578834398946,0.16111641290728063,0.38401452605530917,0.3673841146556292,0.3041716845394063,3.589542990860012e-05,0.002394212878296794,66.69965743252371,2.394212878296794e-11,0,66.69965743252371,42,14
cac40_full,23,250,449,2.7 OAS,test,2025-08-07,2025-08-08,2025-10-06,0.867861359872622,-7.8830835995003925,2.3604648805028288e-05,0.07712568637533884,2.7467358511313328e-05,0.08319720154458898,0.26400518534298145,0.39491143194785777,0.3276953046149476,0.3288706406352622,3.805193775445924e-05,0.0023427022992602966,61.565913262479235,2.3427022992602967e-11,0,61.565913262479235,42,14
cac40_full,23,250,450,2.7 OAS,test,2025-08-27,2025-08-28,2025-10-24,0.8810805622352132,-7.4795258089189085,2.987936384338877e-05,0.08677326597826067,2.5348351927977305e-05,0.07992361782258284,0.27614717231347763,0.4208600412248542,0.48825118484973945,0.3950861327960238,4.046020713156989e-05,0.002401679244574424,59.359044721757385,2.401679244574424e-11,0,59.359044721757385,42,14
cac40_full,23,250,451,2.7 OAS,test,2025-09-16,2025-09-17,2025-11-13,0.7572352613858943,-7.520002188542001,2.7949128380327558e-05,0.08392365787930448,2.4166444843988413e-05,0.07803809390730325,0.1748538236998597,0.45652569951896554,0.4725674242902718,0.3679823158363657,3.9649770055179886e-05,0.002331409898179846,58.8000862283757,2.3314098981798462e-11,0,58.8000862283757,42,14
cac40_full,23,250,452,2.7 OAS,test,2025-10-06,2025-10-07,2025-12-03,0.6927060560777583,-7.571616706337557,3.33381144425158e-05,0.09165808660185953,2.99242318970019e-05,0.08683839265005126,0.1736200031132914,0.4570685300898801,0.4413468749040416,0.35734513603573775,4.105274689182129e-05,0.0022202483576543594,54.082820901241256,2.2202483576543595e-11,0,54.082820901241256,42,14
cac40_full,23,250,453,2.7 OAS,test,2025-10-24,2025-10-27,2025-12-23,1.0119340152713772,-7.933563718214044,2.5480318099558497e-05,0.08013139310587793,2.5438931958863024e-05,0.08006629037012694,0.13709460159315823,0.35739067253900286,0.33221533526684466,0.27556686979966855,4.211822476171933e-05,0.002244740603762111,53.29618274420541,2.244740603762111e-11,0,53.29618274420541,42,14
cac40_full,23,250,454,2.7 OAS,test,2025-11-13,2025-11-14,2026-01-15,1.197855320441345,-7.793997407479541,2.757267157766991e-05,0.08335654286001079,2.6501204731643496e-05,0.08172088834792583,0.2018035195606782,0.3908058726760304,0.4436465378185703,0.34541864335175965,4.212267112853839e-05,0.0021998314373432573,52.22440501530438,2.1998314373432572e-11,0,52.22440501530438,42,14
cac40_full,23,250,455,2.7 OAS,test,2025-12-03,2025-12-04,2026-02-04,0.9633613072666372,-7.50836002268541,4.067069685697643e-05,0.10123742197408062,4.312611871083814e-05,0.10424865426052853,0.2749700647355957,0.5072224448275913,0.4771956697318709,0.41979605976501927,4.2335444357528536e-05,0.0022028325822492246,52.03282062297507,2.2028325822492246e-11,0,52.03282062297507,42,14
cac40_full,23,250,456,2.7 OAS,test,2025-12-23,2025-12-24,2026-02-24,0.9145925389916446,-6.953249632913313,5.791591895141691e-05,0.12080898797588308,5.655827112956622e-05,0.11938460673240368,0.5520911564537588,0.6289259920231208,0.5708401596584878,0.5839524360451225,4.4122853486856725e-05,0.002212688347809333,50.14835109131023,2.212688347809333e-11,0,50.14835109131023,42,14
cac40_full,23,250,457,2.7 OAS,test,2026-01-15,2026-01-16,2026-03-16,0.6027263415049378,-6.8793763249516084,8.468958827553796e-05,0.14608824814281116,8.796933335050539e-05,0.14889013400600914,0.20588321041593338,0.4894529481220952,0.5625988131469112,0.41931165722831326,4.5936362926372245e-05,0.002127382161358273,46.311506306411005,2.127382161358273e-11,0,46.311506306411005,42,14
cac40_full,23,250,458,2.7 OAS,test,2026-02-04,2026-02-05,2026-04-07,0.6214264040624984,-6.943134898265197,8.418453600604394e-05,0.14565199302969759,8.182194400972324e-05,0.14359362761087366,0.2488223300654855,0.4626383779407499,0.514925000879313,0.40879523629518283,4.6660202272134986e-05,0.002107744703759003,45.17221531672886,2.107744703759003e-11,0,45.17221531672886,42,14
cac40_full,23,250,459,2.7 OAS,test,2026-02-24,2026-02-25,2026-04-27,0.7247592267352787,-7.08744750540368,8.071707579708942e-05,0.14262083683973578,7.867965527574427e-05,0.14080935029140484,0.24663050626997884,0.5472004634855264,0.42548947306179397,0.4064401476057664,5.46088836636617e-05,0.0020777063631930597,38.04703967196503,2.07770636319306e-11,0,38.04703967196503,42,14
cac40_full,23,250,460,2.7 OAS,test,2026-03-16,2026-03-17,2026-05-18,0.7159962967537963,-7.135207304432418,6.4462818049832e-05,0.12745442380928823,5.57751188756753e-05,0.11855517684466661,0.26320516436867125,0.5834698464797107,0.41660969307229645,0.42109490130689275,5.223330833465835e-05,0.0021309963323568023,40.797651925540066,2.1309963323568024e-11,0,40.797651925540066,42,14
cac40_full,23,250,461,2.7 OAS,test,2026-04-07,2026-04-08,2026-06-05,0.7281609703612928,-7.214591578528832,4.262711184268382e-05,0.10364377542504095,4.145061418942577e-05,0.10220349688604248,0.218180765252745,0.6226587410647898,0.2963649082010706,0.37906813817286844,5.448371078232578e-05,0.0016281939306686379,29.88404988003892,1.6281939306686378e-11,0,29.88404988003892,42,14
cac40_full,23,250,462,2.7 OAS,test,2026-04-27,2026-04-28,2026-06-25,0.5826431422271704,-7.447208629994049,3.7966937069234215e-05,0.09781445773221371,3.5900659793619735e-05,0.09511554167428252,0.20305306582680127,0.48788719884874204,0.2369341905784704,0.30929148508467125,5.314102195136117e-05,0.0018235550305540135,34.31539258358776,1.8235550305540136e-11,0,34.31539258358776,42,14
cac40_full,23,250,463,2.7 OAS,test,2026-05-18,2026-05-19,2026-07-15,0.49123189641445575,-7.556014961240121,3.762396748825208e-05,0.09737165813027693,3.488037653172674e-05,0.09375422596339399,0.15598276566982416,0.41114264811987583,0.16101945867714842,0.24271495748894945,5.268149674970916e-05,0.0019377672810024335,36.78269222700343,1.9377672810024336e-11,0,36.78269222700343,42,14
