start,component,cosine,positive_cosine,incoming_speed,outgoing_speed
42,market_1,0.013857048155648843,True,0.07707457076532433,0.11770290197824734
42,block_2_3,-0.12324700559691201,False,0.6797842317276445,0.5657680756439402
42,block_4_6,-0.4684063214580586,False,0.9667331774336722,0.8207523927738801
42,top_3,-0.12577578529430136,False,0.6837379324719113,0.5664124663003799
42,top_6,-0.3490480864404117,False,0.9768767077032223,0.9427939729721522
42,flag_nested,-0.2372518356872778,False,0.5664106518841504,0.5185927236663628
56,market_1,-0.11166248727262507,False,0.10082574626273702,0.09333395376076761
56,block_2_3,-0.12320708691923052,False,0.7802276696635189,0.6598447232128216
56,block_4_6,-0.08557974568014105,False,0.9023981533555581,0.7870411626068923
56,top_3,-0.12660426186363627,False,0.7819999990506825,0.6643784744177574
56,top_6,-0.18395176488952814,False,0.8280960322437579,0.9039550323552337
56,flag_nested,-0.1483235369177782,False,0.5729726611140967,0.540401020324627
70,market_1,-0.10893962275150797,False,0.12403527917667435,0.08294368248974562
70,block_2_3,-0.1030865613777483,False,0.5868332757476636,0.6057101910956239
70,block_4_6,-0.1025016572572694,False,0.7605249134565966,1.0358369426573981
70,top_3,-0.10522718671605621,False,0.5894217440664439,0.6111768751195942
70,top_6,0.008770555458423947,True,0.688716478976156,1.025115856055602
70,flag_nested,-0.050122754060503705,False,0.45852569467308013,0.5536567514396551
84,market_1,0.23497283237577352,True,0.11770290197824733,0.08610355302717329
84,block_2_3,0.14479751399738008,True,0.5657680756439403,0.6105540160125921
84,block_4_6,0.32389563153216916,True,0.8207523927738801,1.4275178006654026
84,top_3,0.14720727111923654,True,0.5664124663003796,0.6163902018895191
84,top_6,0.23862837498448075,True,0.9427939729721535,1.3975933319390321
84,flag_nested,0.2045576086639529,True,0.518592723666363,0.6779409775826936
98,market_1,-0.04000356541380079,False,0.09333395376076757,0.09565390708645208
98,block_2_3,-0.14753100139571518,False,0.6598447232128216,0.5684363781262652
98,block_4_6,0.37321938516350706,True,0.7870411626068922,1.4911753706032356
98,top_3,-0.14564506919016565,False,0.6643784744177574,0.5758929107232089
98,top_6,0.32411429109314793,True,0.9039550323552337,1.4336697651221293
98,flag_nested,0.13900954002294788,True,0.540401020324627,0.6799034618131781
112,market_1,0.13927967934588467,True,0.08294368248974565,0.09711488293449351
112,block_2_3,0.04066540143712854,True,0.6057101910956236,0.7196343434657949
112,block_4_6,0.3607008893880538,True,1.0358369426573981,1.5603414964182987
112,top_3,0.04023290255843178,True,0.6111768751195943,0.7230617696002393
112,top_6,0.5750115633662133,True,1.0251158560556013,1.4625710616310996
112,flag_nested,0.3704129397086189,True,0.553656751439655,0.7349987027834203
126,market_1,-0.0607690994128229,False,0.08610355302717325,0.08854433510469342
126,block_2_3,0.035557300504463506,True,0.6105540160125924,0.6938736376278398
126,block_4_6,0.17513552288492876,True,1.4275178006654021,1.0387972211924263
126,top_3,0.030318212744666357,True,0.6163902018895192,0.6983733439607717
126,top_6,0.23875043920975592,True,1.397593331939033,1.0135705105672244
126,flag_nested,0.1520600763179117,True,0.6779409775826938,0.5844964258054675
140,market_1,0.3825350749211897,True,0.09565390708645209,0.08516882406834382
140,block_2_3,0.21168453867355053,True,0.5684363781262647,0.6018828839371447
140,block_4_6,0.091182183763057,True,1.4911753706032356,0.7864879524787681
140,top_3,0.21571537140823407,True,0.5758929107232088,0.6070150575254324
140,top_6,0.12839510157014275,True,1.4336697651221282,0.8899843434253211
140,flag_nested,0.15961239032747318,True,0.6799034618131778,0.5119454826487086
154,market_1,0.023941552612839454,True,0.09711488293449351,0.08825008260482334
154,block_2_3,0.18475721316315102,True,0.7196343434657949,0.7166450507116295
154,block_4_6,-0.09396555884671337,False,1.560341496418299,1.0341432510582595
154,top_3,0.18390127885131094,True,0.7230617696002393,0.7219367516108238
154,top_6,-0.24441886899773904,False,1.4625710616310987,0.8965301014492572
154,flag_nested,-0.051379231455270104,False,0.7349987027834199,0.5616760679632495
168,market_1,-0.105499199127682,False,0.08854433510469342,0.10341999300146684
168,block_2_3,-0.05262856263480624,False,0.69387363762784,0.53748134295146
168,block_4_6,0.1606684233928525,True,1.0387972211924263,0.9405600596774814
168,top_3,-0.04906383343406566,False,0.6983733439607713,0.5433840942139351
168,top_6,0.06467106915224952,True,1.013570510567224,0.9064941310941199
168,flag_nested,0.009418507185509331,True,0.5844964258054671,0.4960575113015327
182,market_1,0.00824668140339782,True,0.08516882406834383,0.08649413025432648
182,block_2_3,0.21197358946817796,True,0.6018828839371447,0.5604019293512993
182,block_4_6,0.27693300088798434,True,0.7864879524787682,0.9635628760310567
182,top_3,0.2091211328561665,True,0.6070150575254323,0.5652664874924167
182,top_6,0.105881892111171,True,0.8899843434253211,0.8914828168579518
182,flag_nested,0.14944177754559088,True,0.5119454826487085,0.496434188979723
196,market_1,0.12412455600163506,True,0.08825008260482338,0.062064505167171054
196,block_2_3,-0.21771133811084545,False,0.71664505071163,0.8279715085088771
196,block_4_6,-0.1287920788904251,False,1.0341432510582593,0.9327544467944388
196,top_3,-0.21532347336249827,False,0.7219367516108242,0.8301968121723531
196,top_6,0.11442335444139343,True,0.8965301014492574,0.6024459083007742
196,flag_nested,-0.1051822976064895,False,0.5616760679632496,0.5422955195463839
210,market_1,0.039896347202562216,True,0.10341999300146684,0.06677764372346219
210,block_2_3,0.14212514788842717,True,0.5374813429514604,0.5865213078252972
210,block_4_6,-0.06362518273774613,False,0.9405600596774816,1.200445005611379
210,top_3,0.1361985280788161,True,0.5433840942139351,0.5900858278452351
210,top_6,-0.05755849267599669,False,0.9064941310941205,1.2194636372816785
210,flag_nested,0.014043041684720033,True,0.4960575113015329,0.606938993818901
224,market_1,-0.0807699920738931,False,0.08649413025432642,0.055199268662907655
224,block_2_3,-0.13460808394933524,False,0.5604019293512994,0.5795472665665705
224,block_4_6,0.026845928117406173,True,0.9635628760310571,1.194032241390848
224,top_3,-0.13384308974605186,False,0.5652664874924167,0.5810575009865112
224,top_6,0.1626201100687244,True,0.8914828168579524,1.1975297065897017
224,flag_nested,0.04700506823040233,True,0.4964341889797231,0.5954850673520586
238,market_1,0.2583630527457744,True,0.06206450516717104,0.04671397309961841
238,block_2_3,-0.4289423893486008,False,0.827971508508877,0.41851570140800776
238,block_4_6,-0.1982469423071299,False,0.9327544467944385,1.0661070859121833
238,top_3,-0.4235989204748918,False,0.8301968121723531,0.4204647624134652
238,top_6,0.044487240140457796,True,0.602445908300774,1.0411994235503106
238,flag_nested,-0.1645848559684691,False,0.5422955195463838,0.4917266591920139
252,market_1,0.02717445378664053,True,0.0667776437234622,0.04527562972290023
252,block_2_3,-0.14463232918258787,False,0.5865213078252975,0.3572093228948519
252,block_4_6,0.003439574925483849,True,1.2004450056113793,1.1109435843503617
252,top_3,-0.1411880589107001,False,0.5900858278452351,0.3594593595117746
252,top_6,0.05357159361807221,True,1.2194636372816783,1.1104540506467417
252,flag_nested,0.0072084696911993065,True,0.6069389938189008,0.5006378526040252
266,market_1,-0.0327714556016424,False,0.0551992686629077,0.06277476325483859
266,block_2_3,0.12677137343883502,True,0.5795472665665701,0.38678029987288987
266,block_4_6,0.10267967360492125,True,1.1940322413908493,0.8730250453536077
266,top_3,0.12383293586792277,True,0.581057500986511,0.3917612832560931
266,top_6,0.006962418087510993,True,1.1975297065897024,0.8801519266702095
266,flag_nested,0.04110551890894559,True,0.5954850673520588,0.42919794297977276
280,market_1,0.07926672716670614,True,0.0467139730996184,0.05540547156621871
280,block_2_3,-0.2471949098617931,False,0.41851570140800776,0.44184211429793
280,block_4_6,0.24648614826658372,True,1.066107085912183,0.8497027825768757
280,top_3,-0.24622977033706286,False,0.42046476241346503,0.4448164602191014
280,top_6,0.32546569450659685,True,1.0411994235503101,0.8682373533168484
280,flag_nested,0.15621676424600794,True,0.4917266591920137,0.4412063134058712
294,market_1,0.07849404966587269,True,0.04527562972290023,0.052484971568639675
294,block_2_3,-0.0962873340421357,False,0.35720932289485186,0.5353672882697597
294,block_4_6,0.21563953361680172,True,1.1109435843503612,1.1880805583839524
294,top_3,-0.09608484417121559,False,0.3594593595117745,0.5372106524126661
294,top_6,0.269273855801325,True,1.1104540506467415,1.1616500632574918
294,flag_nested,0.1821435215814361,True,0.500637852604025,0.569085446577926
308,market_1,-0.45340634367223803,False,0.0627747632548386,0.05222627085452684
308,block_2_3,0.46412958485923783,True,0.38678029987288975,0.49405157067082756
308,block_4_6,0.30814349552660136,True,0.8730250453536084,0.9119024684391107
308,top_3,0.4472779721162993,True,0.39176128325609316,0.49631820251041203
308,top_6,0.3047832196671951,True,0.8801519266702099,0.8674484689987828
308,flag_nested,0.3368182394711754,True,0.42919794297977293,0.458529508839378
322,market_1,0.03829891678709744,True,0.05540547156621875,0.045810685928490275
322,block_2_3,0.2783040888207452,True,0.44184211429792997,0.43984270244882173
322,block_4_6,0.3063720037509977,True,0.8497027825768758,0.7661681890288788
322,top_3,0.273647304934833,True,0.44481646021910126,0.4410510545441647
322,top_6,0.29976992122644086,True,0.8682373533168479,0.7240777175286176
322,flag_nested,0.2850288153367984,True,0.441206313405871,0.3928384570706566
336,market_1,-0.07680824487631631,False,0.05248497156863965,0.053943692510140556
336,block_2_3,0.09157049428486438,True,0.5353672882697601,0.41442748865741424
336,block_4_6,-0.32057183931231326,False,1.1880805583839522,0.7857686980298833
336,top_3,0.08776719631504609,True,0.5372106524126663,0.41649872344451355
336,top_6,-0.28039598491510676,False,1.1616500632574922,0.7850720413922018
336,flag_nested,-0.15773112360452957,False,0.5690854465779261,0.40429774820201286
350,market_1,-0.13418709618091204,False,0.05222627085452683,0.05047964505466957
350,block_2_3,0.29529114038237286,True,0.49405157067082744,0.3067970722861851
350,block_4_6,-0.3492433043258933,False,0.9119024684391109,0.9141307294468509
350,top_3,0.2884200564823348,True,0.49631820251041187,0.3085004600860293
350,top_6,-0.368675031084164,False,0.8674484689987828,0.9445602073340145
350,flag_nested,-0.18344064262433024,False,0.45852950883937793,0.42775152842402414
364,market_1,0.1099803714195016,True,0.045810685928490275,0.05869461515093997
364,block_2_3,-0.20935525436988095,False,0.43984270244882195,0.4506260743061127
364,block_4_6,-0.3074520454291561,False,0.766168189028879,1.3708311008949416
364,top_3,-0.2096731067906307,False,0.4410510545441648,0.4532996538573252
364,top_6,-0.2284569126556277,False,0.724077717528617,1.3501750695244739
364,flag_nested,-0.21137844818944956,False,0.39283845707065645,0.6129986701761081
378,market_1,-0.009684220899837382,False,0.05394369251014054,0.06480812371543153
378,block_2_3,-0.39931460889072556,False,0.414427488657414,0.44308344667380406
378,block_4_6,0.42330478185104764,True,0.7857686980298836,1.2540247499923953
378,top_3,-0.3955711681263932,False,0.4164987234445133,0.4474741151094111
378,top_6,0.5380077222257991,True,0.7850720413922021,1.2181379273046278
378,flag_nested,0.26807801815457194,True,0.4042977482020129,0.5641404574986923
392,market_1,0.36474049975381384,True,0.050479645054669564,0.06407483458046195
392,block_2_3,0.026126023340952036,True,0.3067970722861852,0.4813412665580161
392,block_4_6,0.4886372191151816,True,0.9141307294468505,1.2238581055230653
392,top_3,0.020291231725012092,True,0.3085004600860294,0.4828052931557865
392,top_6,0.49214561853549443,True,0.9445602073340148,1.1880653365314704
392,flag_nested,0.391247582283154,True,0.4277515284240243,0.5630770599460917
406,market_1,0.1572661353688822,True,0.05869461515093996,0.06898919608791661
406,block_2_3,0.07119442468601608,True,0.45062607430611257,0.44234108113710136
406,block_4_6,0.14113477211970285,True,1.3708311008949425,0.755242535956094
406,top_3,0.06561302504693106,True,0.4532996538573253,0.444548441708449
406,top_6,0.14686144754897518,True,1.3501750695244754,0.7808825144282491
406,flag_nested,0.12125801208378194,True,0.6129986701761085,0.4150464211891941
420,market_1,0.17452829988767493,True,0.06480812371543153,0.06757168752403209
420,block_2_3,0.17387162029679892,True,0.44308344667380417,0.5479337331430157
420,block_4_6,0.21298153165363098,True,1.2540247499923953,1.0512629688054709
420,top_3,0.17238222235848188,True,0.44747411510941115,0.5487648920868693
420,top_6,0.17833029932887393,True,1.2181379273046284,1.0419468540999477
420,flag_nested,0.1743748636954326,True,0.5641404574986926,0.5346859916611614
434,market_1,0.544291705154462,True,0.06407483458046194,0.052555644230030854
434,block_2_3,0.06177428465998719,True,0.48134126655801635,0.43632978401600714
434,block_4_6,0.41572475295075395,True,1.2238581055230657,0.7283957337996644
434,top_3,0.06641133460988131,True,0.4828052931557864,0.4390376076573112
434,top_6,0.3937428168222361,True,1.188065336531471,0.7404548613539118
434,flag_nested,0.28672983581174655,True,0.5630770599460919,0.3979853468869075
448,market_1,0.10129780197821882,True,0.0689891960879166,0.05490087297321206
448,block_2_3,0.10693180540350049,True,0.44234108113710124,0.9602536324155182
448,block_4_6,0.21733027527020954,True,0.7552425359560943,1.1230915630887852
448,top_3,0.10710882204540054,True,0.44454844170844887,0.9615532017014919
448,top_6,0.3050618809313155,True,0.7808825144282495,0.7253100925441835
448,flag_nested,0.1695399526788593,True,0.41504642118919416,0.6315758709860276
462,market_1,-0.09289345526443811,False,0.06757168752403214,0.04305859989841197
462,block_2_3,-0.002933721387582368,False,0.5479337331430157,1.3544108716611947
462,block_4_6,0.04945978613643359,True,1.0512629688054709,2.0282102056653697
462,top_3,-0.003904482160189369,False,0.5487648920868694,1.3550822766784878
462,top_6,-0.045364473384496874,False,1.0419468540999481,1.5619297566398687
462,flag_nested,-0.025072345348793972,False,0.5346859916611615,1.0102181922704172
476,market_1,0.07279912016830369,True,0.05255564423003084,0.039553059848307315
476,block_2_3,0.5190398668068859,True,0.43632978401600686,1.2015590096950275
476,block_4_6,0.2734766510481848,True,0.7283957337996646,1.757157758130455
476,top_3,0.5152550770718973,True,0.4390376076573114,1.2022024850313033
476,top_6,0.20313367757101203,True,0.7404548613539123,1.483687383797322
476,flag_nested,0.34879554242698135,True,0.3979853468869077,0.9220716304541643
490,market_1,0.3013434523124144,True,0.05490087297321204,0.03182177548398866
490,block_2_3,-0.011226530100368141,False,0.9602536324155182,1.5152309602629757
490,block_4_6,-0.2996882352847362,False,1.123091563088786,1.825858293142123
490,top_3,-0.01035812499877571,False,0.9615532017014918,1.5152505189137613
490,top_6,-0.0013831803787039815,False,0.725310092544184,1.5741733332429064
490,flag_nested,-0.006950707756017299,False,0.6315758709860276,1.0859761895486513
504,market_1,-0.16072049734662563,False,0.04305859989841196,0.03678045868617185
504,block_2_3,-0.05976401635971065,False,1.3544108716611951,1.4421958317243022
504,block_4_6,0.02934476867569471,True,2.028210205665369,1.7632204880846054
504,top_3,-0.05995824863275872,False,1.3550822766784887,1.4425758441256125
504,top_6,0.08422357212914233,True,1.5619297566398689,1.201690032896134
504,flag_nested,-0.013278922580498955,False,1.0102181922704174,0.9673181034970131
518,market_1,-0.014837256333223511,False,0.03955305984830734,0.04640465348854689
518,block_2_3,-0.10178156220432466,False,1.2015590096950268,1.3569677206540773
518,block_4_6,-0.09370150087994641,False,1.7571577581304547,1.9062489511827947
518,top_3,-0.1017356133573789,False,1.2022024850313031,1.3577155461923378
518,top_6,-0.16907010696592642,False,1.4836873837973217,1.5995343353475056
518,flag_nested,-0.1298210686845688,False,0.9220716304541643,1.0212911313538904
532,market_1,0.23846493151107748,True,0.031821775483988665,0.05198149015685358
532,block_2_3,0.5614239818865427,True,1.5152309602629763,1.4631890736195552
532,block_4_6,0.2140213105005832,True,1.8258582931421237,1.7252891288014687
532,top_3,0.5610449456003569,True,1.5152505189137613,1.463888978475023
532,top_6,-0.1515542107716996,False,1.5741733332429055,1.4393447599305842
532,flag_nested,0.3198358031162478,True,1.085976189548651,1.0306848590827433
546,market_1,0.3557275734092027,True,0.03678045868617183,0.059476914502515264
546,block_2_3,-0.43303660960563445,False,1.4421958317243029,1.5801970638686058
546,block_4_6,-0.29605293474635436,False,1.7632204880846056,1.773186456821054
546,top_3,-0.432712345296858,False,1.4425758441256127,1.5809108512558352
546,top_6,-0.2420224951442142,False,1.201690032896134,1.1149719590940776
546,flag_nested,-0.38674305265718534,False,0.9673181034970132,1.0216771937159197
560,market_1,0.16110568057568256,True,0.046404653488546894,0.05649968962459111
560,block_2_3,-0.47358749467423816,False,1.356967720654078,1.0728622670176904
560,block_4_6,0.023973289058853302,True,1.9062489511827938,1.729198339087713
560,top_3,-0.47274804905006446,False,1.3577155461923376,1.0738048313300803
560,top_6,-0.5768578412299362,False,1.599534335347505,1.443013435892087
560,flag_nested,-0.5154994495948723,False,1.0212911313538904,0.857083688767398
574,market_1,0.30394182310754153,True,0.05198149015685355,0.05030392912706548
574,block_2_3,0.6227038566167278,True,1.4631890736195552,1.3114824912232839
574,block_4_6,0.16891856663644184,True,1.7252891288014687,1.5982497923307513
574,top_3,0.622257766461254,True,1.463888978475023,1.3123521887262153
574,top_6,-0.27654166809357783,False,1.4393447599305846,1.1669980704629035
574,flag_nested,0.3483512601696387,True,1.0306848590827435,0.89643775975495
588,market_1,0.18502730978117551,True,0.0594769145025153,0.03879780270351349
588,block_2_3,-0.48639855652698755,False,1.5801970638686063,0.5002268474513231
588,block_4_6,-0.25835887566485743,False,1.773186456821053,1.0350289399294508
588,top_3,-0.4841800174664704,False,1.580910851255836,0.5016453606438935
588,top_6,0.039974957336829486,True,1.1149719590940772,1.0576400475644445
588,flag_nested,-0.22473782679270932,False,1.0216771937159201,0.5213652307309673
602,market_1,0.05022268208607709,True,0.05649968962459109,0.0367323875138403
602,block_2_3,0.38235112179948977,True,1.0728622670176915,1.005941880619318
602,block_4_6,0.12669740381092917,True,1.729198339087713,1.5180251318024993
602,top_3,0.38141542248541155,True,1.0738048313300808,1.006582185817976
602,top_6,0.2377421068411767,True,1.443013435892089,1.3299731013230205
602,flag_nested,0.3129742987701348,True,0.8570836887673988,0.7961720347606793
616,market_1,-0.05537574588150998,False,0.050303929127065515,0.03531005770041499
616,block_2_3,-0.765121060316754,False,1.3114824912232836,1.4206087649353318
616,block_4_6,-0.44252887403638425,False,1.5982497923307513,1.8884813388879458
616,top_3,-0.764402409551306,False,1.3123521887262153,1.4208242159383224
616,top_6,0.0752614556317424,True,1.1669980704629028,1.292378169709406
616,flag_nested,-0.5215283102488885,False,0.8964377597549499,0.9759785721506878
630,market_1,-0.053460545429913284,False,0.03879780270351348,0.03765705483026941
630,block_2_3,-0.04007140450015441,False,0.5002268474513232,0.5066370811977811
630,block_4_6,-0.10353940203269967,False,1.0350289399294512,1.0772869259096405
630,top_3,-0.040244945679821544,False,0.5016453606438936,0.5075199349008747
630,top_6,-0.023448568135370374,False,1.0576400475644439,1.0641263811005928
630,flag_nested,-0.028812570612529072,False,0.5213652307309673,0.5253611846892828
644,market_1,0.12212235171283001,True,0.03673238751384031,0.053780140033941805
644,block_2_3,-0.33508849272188224,False,1.005941880619318,0.4994554264255536
644,block_4_6,-0.048205645589108725,False,1.5180251318024989,0.8216292465865548
644,top_3,-0.33321113938814206,False,1.0065821858179762,0.5011575686620116
644,top_6,0.1614412320036961,True,1.3299731013230198,0.7639867628132503
644,flag_nested,-0.08332674419382292,False,0.7961720347606793,0.4288254135388763
658,market_1,0.3430673147800446,True,0.03531005770041497,0.05857585493696607
658,block_2_3,0.24447194333250483,True,1.4206087649353318,0.44417056989430365
658,block_4_6,0.17701241353008954,True,1.8884813388879464,1.3532673748192199
658,top_3,0.24225976547072559,True,1.4208242159383229,0.4467643302533832
658,top_6,0.26006694412638776,True,1.2923781697094063,1.3301785379225908
658,flag_nested,0.21454992711720433,True,0.9759785721506881,0.6040362104229856
672,market_1,0.6952922012412105,True,0.0376570548302694,0.06827912307683434
672,block_2_3,-0.2357396722076296,False,0.5066370811977813,0.5357814413039973
672,block_4_6,0.07843853748796435,True,1.0772869259096405,1.21263954784386
672,top_3,-0.23500511823179052,False,0.5075199349008749,0.5365273789037903
672,top_6,0.10779685114995277,True,1.0641263811005928,1.1609437388765866
672,flag_nested,0.008852780461298134,True,0.5253611846892828,0.5703048677903687
686,market_1,0.2923315458921628,True,0.053780140033941805,0.0614103944818173
686,block_2_3,0.19176087926409743,True,0.4994554264255535,0.47085544313387917
686,block_4_6,-0.1486726854395541,False,0.8216292465865545,1.4889467410436177
686,top_3,0.18587388295829194,True,0.5011575686620114,0.47230126016110685
686,top_6,-0.1621992991818714,False,0.7639867628132497,1.512701994308099
686,flag_nested,-0.05370416054269205,False,0.4288254135388761,0.6778681906764413
700,market_1,0.1418939082229062,True,0.058575854936966064,0.04563176437898275
700,block_2_3,-0.12597620667345416,False,0.44417056989430354,0.39787638214214754
700,block_4_6,0.09853521060649031,True,1.3532673748192212,1.2228222141033829
700,top_3,-0.13157583036163437,False,0.4467643302533831,0.3989157095210186
700,top_6,0.056102358429306935,True,1.3301785379225914,1.277019950121193
700,flag_nested,0.024454600200709893,True,0.6040362104229859,0.5717722429917476
714,market_1,-0.3824090614434812,False,0.06827912307683436,0.03316623808759826
714,block_2_3,-0.11302536574874061,False,0.5357814413039971,0.4109469543617486
714,block_4_6,0.11740798982980422,True,1.2126395478438607,1.4033896950168352
714,top_3,-0.1138578390847001,False,0.53652737890379,0.41197222155110164
714,top_6,0.1455180198872799,True,1.1609437388765869,1.437909802276659
714,flag_nested,0.0863428474363157,True,0.5703048677903688,0.6342484815690798
728,market_1,-0.34339842251327135,False,0.061410394481817315,0.043912202321397566
728,block_2_3,-0.10748437222887965,False,0.4708554431338794,0.5537331900265936
728,block_4_6,0.18343885925938788,True,1.488946741043618,0.862403994633911
728,top_3,-0.10899068820296846,False,0.4723012601611071,0.5553200670602093
728,top_6,0.26043732615564646,True,1.5127019943080988,0.8577226599852588
728,flag_nested,0.14190314655541975,True,0.6778681906764413,0.4767981061707339
742,market_1,-0.24576412357332286,False,0.04563176437898278,0.033439726039057246
742,block_2_3,-0.02305525214894197,False,0.3978763821421476,0.4846875118219905
742,block_4_6,0.4341719958588508,True,1.2228222141033827,1.0871167147008232
742,top_3,-0.022111041833055584,False,0.39891570952101846,0.4855114630994325
742,top_6,0.38762819192467757,True,1.2770199501211934,1.1329605435239387
742,flag_nested,0.29586940813539986,True,0.5717722429917477,0.5418720092496268
756,market_1,-0.0899195283445313,False,0.033166238087598256,0.03598854156474131
756,block_2_3,-0.16008688392881734,False,0.4109469543617485,0.5368296778373525
756,block_4_6,0.38878684731160756,True,1.403389695016835,1.1568480037903286
756,top_3,-0.15943963224789698,False,0.4119722215511013,0.5380382054884694
756,top_6,0.4068591823475897,True,1.437909802276659,1.1423563556334004
756,flag_nested,0.27938225539184497,True,0.6342484815690798,0.5615038312618283
770,market_1,-0.32078673711969435,False,0.04391220232139753,0.043371094707254726
770,block_2_3,0.09190076740342137,True,0.5537331900265936,1.315419657835498
770,block_4_6,0.15136457809356416,True,0.8624039946339114,1.634766799067061
770,top_3,0.09065975871937137,True,0.5553200670602092,1.3160301339462401
770,top_6,0.22005987241868918,True,0.8577226599852583,1.1877836096191086
770,flag_nested,0.13675341189618534,True,0.4767981061707337,0.9024029810572021
784,market_1,0.07707444026096709,True,0.033439726039057246,0.04319343499463888
784,block_2_3,0.45406744260608434,True,0.4846875118219906,1.2192565608609807
784,block_4_6,0.22385878896904868,True,1.0871167147008236,1.3417652473984023
784,top_3,0.45293794035895113,True,0.48551146309943277,1.2198636170519366
784,top_6,0.3819905299566322,True,1.13296054352394,0.8262752009745824
784,flag_nested,0.35188861387386355,True,0.5418720092496273,0.7820975251547885
798,market_1,0.28324677687704325,True,0.03598854156474132,0.053696172329039026
798,block_2_3,0.23172616010416358,True,0.5368296778373525,1.1359546496194137
798,block_4_6,0.3487578893469187,True,1.1568480037903286,1.4517181844563833
798,top_3,0.23177390274487544,True,0.5380382054884695,1.137098353821089
798,top_6,0.5705494721363505,True,1.1423563556334004,1.0739418936633809
798,flag_nested,0.3701879263939553,True,0.5615038312618286,0.791268622427227
812,market_1,0.07775130554002747,True,0.04337109470725474,0.06394924015561965
812,block_2_3,-0.04169767829128029,False,1.3154196578354975,0.701036901292102
812,block_4_6,-0.22119826782750757,False,1.634766799067061,1.4876596971549483
812,top_3,-0.042435422749850585,False,1.3160301339462397,0.7024273310301358
812,top_6,-0.21305178097545371,False,1.187783609619108,1.4204042843186113
812,flag_nested,-0.11349435095936884,False,0.9024029810572018,0.7105037735726429
826,market_1,-0.07078711573227035,False,0.043193434994638895,0.07766827882578778
826,block_2_3,0.022282567967440693,True,1.2192565608609807,0.7384719683802712
826,block_4_6,-0.05242782959404482,False,1.3417652473984023,1.5136014172785737
826,top_3,0.021758208379430388,True,1.2198636170519364,0.7408168902088533
826,top_6,-0.05451047404173245,False,0.826275200974583,1.453633074463792
826,flag_nested,-0.007987247357407506,False,0.7820975251547885,0.7356247474116872
840,market_1,0.1511983564724714,True,0.053696172329039046,0.06322813394697026
840,block_2_3,0.2743673101173884,True,1.1359546496194135,1.0493741045044234
840,block_4_6,0.07133307230004417,True,1.4517181844563833,1.200613532566537
840,top_3,0.2737650409129188,True,1.1370983538210897,1.0503695391543344
840,top_6,0.16223252269810917,True,1.0739418936633809,0.7570585964177908
840,flag_nested,0.24309637058789335,True,0.7912686224272273,0.683578432163073
854,market_1,0.17036155476432288,True,0.06394924015561966,0.05131831311200507
854,block_2_3,0.18605503782748764,True,0.7010369012921022,0.964952091546603
854,block_4_6,0.2554883822281437,True,1.487659697154949,1.3445229243129286
854,top_3,0.18653589156245384,True,0.7024273310301363,0.9662816570747401
854,top_6,0.40492433050689985,True,1.4204042843186109,1.0298309141844617
854,flag_nested,0.28428740674735287,True,0.7105037735726432,0.7004467156717664
868,market_1,0.07474415008639086,True,0.07766827882578774,0.06374732674572256
868,block_2_3,0.4291712719013751,True,0.7384719683802708,0.737608221778206
868,block_4_6,0.3360152121534988,True,1.5136014172785743,1.7388522022626745
868,top_3,0.4304015883944205,True,0.7408168902088533,0.7394080638599788
868,top_6,0.4121208667658211,True,1.453633074463791,1.6429147434209133
868,flag_nested,0.41414634759146435,True,0.7356247474116866,0.7976005426648402
882,market_1,-0.10769293365178056,False,0.06322813394697023,0.06819627323796222
882,block_2_3,0.3580592301271496,True,1.0493741045044236,0.4328855839318359
882,block_4_6,0.22273186081526303,True,1.2006135325665361,0.6898668847948599
882,top_3,0.3591878350585502,True,1.0503695391543344,0.4349833603999706
882,top_6,0.04579394402708967,True,0.7570585964177906,0.6210934939643477
882,flag_nested,0.2328302380963887,True,0.6835784321630729,0.3633369799501613
896,market_1,0.08697465146910696,True,0.05131831311200507,0.05482448970824677
896,block_2_3,-0.1509079628400241,False,0.9649520915466023,0.7642474810973812
896,block_4_6,0.15513284191660662,True,1.3445229243129286,0.9664851460239645
896,top_3,-0.1499603311694552,False,0.9662816570747403,0.7655131163525434
896,top_6,0.3837129071243497,True,1.0298309141844615,0.7767697213578745
896,flag_nested,0.03767443784397674,True,0.7004467156717664,0.5467214724556696
910,market_1,0.40857694518693277,True,0.06374732674572256,0.038730662422833045
910,block_2_3,0.14263673555583675,True,0.737608221778206,0.5326651967770977
910,block_4_6,0.43690807697456896,True,1.7388522022626747,1.0771275625012795
910,top_3,0.14380815105163047,True,0.7394080638599793,0.5337993764291525
910,top_6,0.3957324559758062,True,1.6429147434209121,1.0511663630675747
910,flag_nested,0.3167390640898161,True,0.79760054266484,0.5297538196601772
924,market_1,0.10107818744805264,True,0.06819627323796222,0.041600025876542504
924,block_2_3,-0.21967166815718966,False,0.43288558393183585,0.6540354015815064
924,block_4_6,-0.33127814314970494,False,0.6898668847948602,0.9536047886729442
924,top_3,-0.21822427404423736,False,0.43498336039997054,0.655264739499689
924,top_6,-0.2526374974867805,False,0.621093493964348,0.8356872994824676
924,flag_nested,-0.22778126787826536,False,0.36333697995016134,0.5111262715965375
938,market_1,0.0795929949878817,True,0.05482448970824677,0.05269093724529281
938,block_2_3,-0.2638619404295073,False,0.7642474810973813,0.5068497059865832
938,block_4_6,-0.16212081279992627,False,0.966485146023964,0.5607648685491486
938,top_3,-0.26138289831023653,False,0.7655131163525436,0.5092349831682658
938,top_6,0.15492548333327344,True,0.7767697213578745,0.5229951540080687
938,flag_nested,-0.11580120132627894,False,0.5467214724556698,0.3671562965294698
952,market_1,0.19181105628982364,True,0.03873066242283306,0.054756930126840464
952,block_2_3,-0.1845210184325318,False,0.5326651967770976,0.6519506726565952
952,block_4_6,-0.14440553536329864,False,1.077127562501279,0.7443322257833126
952,top_3,-0.18285731734525396,False,0.5337993764291523,0.6531328505807092
952,top_6,-0.018071908906546186,False,1.0511663630675745,0.6034899981438231
952,flag_nested,-0.09466137686556075,False,0.5297538196601771,0.4537538149071021
966,market_1,-0.029941642281104554,False,0.041600025876542504,0.05471131482942955
966,block_2_3,-0.1871602845877286,False,0.6540354015815066,0.3797619442804426
966,block_4_6,0.003256856756017292,True,0.9536047886729443,0.7967038259862571
966,top_3,-0.18571939217004488,False,0.6552647394996891,0.38032322091879056
966,top_6,0.20453044921596844,True,0.8356872994824678,0.8123112684081188
966,flag_nested,0.03725298482226135,True,0.5111262715965375,0.40147666377700436
980,market_1,0.20533102779848497,True,0.05269093724529282,0.03904289606497008
980,block_2_3,0.08045377538007668,True,0.5068497059865834,0.3902587498751441
980,block_4_6,-0.3152319299853015,False,0.5607648685491482,0.7216293318156977
980,top_3,0.07864894614518901,True,0.5092349831682657,0.39110905691472087
980,top_6,-0.1821106082828361,False,0.5229951540080685,0.7727656588020088
980,flag_nested,-0.04626142655221883,False,0.36715629652946974,0.38992423166216694
994,market_1,-0.04777905241062932,False,0.05475693012684046,0.04522917960616972
994,block_2_3,-0.3577834416260903,False,0.6519506726565952,0.46096574228275844
994,block_4_6,-0.5791263766947773,False,0.7443322257833129,0.7383225620321743
994,top_3,-0.35728153560099707,False,0.6531328505807091,0.46293182155426993
994,top_6,-0.31905744111583806,False,0.6034899981438232,0.75202220950859
994,flag_nested,-0.32426303618115687,False,0.4537538149071021,0.4095573257669744
1008,market_1,0.12889694030895893,True,0.05471131482942958,0.05527048162841286
1008,block_2_3,0.5599223074897438,True,0.3797619442804426,0.4199657986225251
1008,block_4_6,-0.2775992225213904,False,0.7967038259862571,0.8665336706390195
1008,top_3,0.5541255645978733,True,0.38032322091879067,0.4232289589999337
1008,top_6,-0.24206606220589982,False,0.8123112684081183,0.8620266604310513
1008,flag_nested,0.010786259097361545,True,0.40147666377700425,0.43198464934201586
1022,market_1,0.39840213832213545,True,0.03904289606497007,0.05351775223016216
1022,block_2_3,0.35876930482911534,True,0.39025874987514436,0.5911284268643828
1022,block_4_6,-0.49086804482238533,False,0.7216293318156974,1.1637879701727225
1022,top_3,0.35853584301958336,True,0.39110905691472087,0.5934005086632977
1022,top_6,-0.4823251751525536,False,0.7727656588020085,1.0986609526565811
1022,flag_nested,-0.17949891385673303,False,0.3899242316621669,0.5669346104385411
1036,market_1,0.12934953764541715,True,0.04522917960616971,0.045206000222737464
1036,block_2_3,0.5576931694869957,True,0.4609657422827584,0.5469985435759948
1036,block_4_6,-0.010959983322703386,False,0.7383225620321741,1.1312525738518655
1036,top_3,0.5545908533681295,True,0.46293182155426976,0.5488113413815677
1036,top_6,-0.12326817515159019,False,0.7520222095085898,1.0599631643638765
1036,flag_nested,0.139970932777679,True,0.4095573257669743,0.5382334037390567
1050,market_1,-0.23294410616240444,False,0.05527048162841284,0.05034658471168176
1050,block_2_3,-0.47820113672395587,False,0.41996579862252503,1.5582152799989164
1050,block_4_6,-0.3523755111681102,False,0.86653367063902,1.7690181635404676
1050,top_3,-0.47461170797831165,False,0.42322895899993357,1.5590304300971043
1050,top_6,-0.02445533904123227,False,0.8620266604310514,1.0228700446759902
1050,flag_nested,-0.2531028870317564,False,0.4319846493420158,0.9935310399265984
1064,market_1,-0.08782119208481312,False,0.05351775223016218,0.06749009740507686
1064,block_2_3,-0.6354572174597529,False,0.5911284268643832,1.3414912658872642
1064,block_4_6,-0.1745916240975645,False,1.1637879701727225,1.791371897725168
1064,top_3,-0.6326431738856239,False,0.5934005086632979,1.3431131852003608
1064,top_6,0.187551250245187,True,1.0986609526565816,1.229515916248517
1064,flag_nested,-0.24027507273152185,False,0.5669346104385412,0.9261879690711663
1078,market_1,0.38471385294255117,True,0.04520600022273749,0.06292677459193408
1078,block_2_3,0.5773175368263416,True,0.5469985435759949,1.5159379828250847
1078,block_4_6,0.5019561968200354,True,1.131252573851866,1.981334974140665
1078,top_3,0.5760108312399006,True,0.5488113413815678,1.5170651569786346
1078,top_6,0.4191622586696745,True,1.0599631643638776,1.520058952784204
1078,flag_nested,0.47259262212397857,True,0.538233403739057,1.075276032370285
1092,market_1,0.393373447695877,True,0.050346584711681776,0.0575259919618014
1092,block_2_3,0.1693786412159982,True,1.5582152799989157,0.4464274350330271
1092,block_4_6,0.3006239671791137,True,1.7690181635404678,1.2890979158735414
1092,top_3,0.1696484424951482,True,1.559030430097105,0.45006627284742595
1092,top_6,0.37168553941010185,True,1.0228700446759906,1.322570788996488
1092,flag_nested,0.20837346724911682,True,0.993531039926599,0.6019645934110903
1106,market_1,0.18355594265209227,True,0.06749009740507689,0.05594544290663361
1106,block_2_3,0.4791832791533303,True,1.3414912658872638,0.5612621942715247
1106,block_4_6,0.3529193316118557,True,1.791371897725168,0.9815842693348503
1106,top_3,0.47714341157176876,True,1.3431131852003606,0.5639124064309384
1106,top_6,0.17050874436556804,True,1.229515916248517,0.9246733027277063
1106,flag_nested,0.33031214999997854,True,0.9261879690711661,0.5016297566470953
1120,market_1,0.08765381085028542,True,0.06292677459193408,0.05912388457743122
1120,block_2_3,0.24531191842988587,True,1.5159379828250845,0.31965583664608493
1120,block_4_6,-0.006530303345475919,False,1.9813349741406665,0.6792849471484641
1120,top_3,0.24493494069605276,True,1.5170651569786349,0.3233079169787049
1120,top_6,-0.02255486022573899,False,1.5200589527842043,0.7107187181639346
1120,flag_nested,0.09647069073398853,True,1.0752760323702852,0.3500359307928157
1134,market_1,0.22341206995704374,True,0.05752599196180138,0.05559496461807872
1134,block_2_3,-0.170389313254772,False,0.44642743503302695,0.35861143733110507
1134,block_4_6,0.1677842149806324,True,1.2890979158735414,0.6717585251505255
1134,top_3,-0.1622858579597831,False,0.45006627284742595,0.3623092903133911
1134,top_6,0.2201319463368618,True,1.322570788996488,0.6801989371724841
1134,flag_nested,0.11748276694230386,True,0.6019645934110903,0.35207751001985244
1148,market_1,0.1648365436156779,True,0.05594544290663357,0.05965594214439184
1148,block_2_3,-0.528892865462877,False,0.5612621942715251,0.41727064351020837
1148,block_4_6,-0.016431862191604373,False,0.9815842693348505,1.0901402873589876
1148,top_3,-0.5187181868483961,False,0.5639124064309382,0.4214922441925787
1148,top_6,0.08182491162782013,True,0.924673302727706,1.0853978446688948
1148,flag_nested,-0.10518789942684703,False,0.5016297566470952,0.5090436938743872
1162,market_1,0.13162208506782908,True,0.059123884577431236,0.055431057769378046
1162,block_2_3,-0.0527303140452123,False,0.31965583664608493,0.36069778753386605
1162,block_4_6,-0.19684147015683598,False,0.679284947148464,1.6456866585758618
1162,top_3,-0.044276216417898626,False,0.32330791697870503,0.36470871057132936
1162,top_6,-0.18313700350169562,False,0.7107187181639344,1.6560504705491383
1162,flag_nested,-0.1497604622576927,False,0.3500359307928157,0.7102773708361895
1176,market_1,0.19223008974788694,True,0.05559496461807872,0.06220555508614662
1176,block_2_3,-0.16664197823761492,False,0.358611437331105,0.33801763407945373
1176,block_4_6,-0.23875779619342913,False,0.6717585251505257,1.2632388161031174
1176,top_3,-0.15247980509568546,False,0.36230929031339104,0.34234638945694856
1176,top_6,-0.25069550522684436,False,0.6801989371724841,1.284911155005436
1176,flag_nested,-0.21230030643154063,False,0.35207751001985244,0.5640059047426239
1190,market_1,0.05753106138414851,True,0.05965594214439186,0.061605831272827524
1190,block_2_3,-0.22308547349064642,False,0.4172706435102082,0.45469379673682997
1190,block_4_6,0.25045310533204024,True,1.090140287358987,1.0983536029586332
1190,top_3,-0.21760936784205778,False,0.42149224419257847,0.4572330233301228
1190,top_6,0.2269079017299856,True,1.0853978446688954,1.1453151788614393
1190,flag_nested,0.12083558251469362,True,0.5090436938743874,0.5404693338291755
1204,market_1,0.11599063499715463,True,0.05543105776937803,0.0698066312120148
1204,block_2_3,-0.0005440848790032915,False,0.3606977875338662,0.4447591073554675
1204,block_4_6,0.27246821938320603,True,1.6456866585758627,1.4342004397930879
1204,top_3,-0.000724833662772955,False,0.36470871057132936,0.4472808733025929
1204,top_6,0.3090857310723992,True,1.6560504705491388,1.4631493598536542
1204,flag_nested,0.2693886384532798,True,0.7102773708361896,0.6544927047023824
1218,market_1,0.09578587022525031,True,0.06220555508614663,0.05736993867226879
1218,block_2_3,0.12422605899783441,True,0.33801763407945373,0.4186877171778767
1218,block_4_6,0.01491849242127322,True,1.263238816103117,0.8488663157482916
1218,top_3,0.1247522703667473,True,0.3423463894569485,0.42173428917904054
1218,top_6,0.0011891393907418894,True,1.2849111550054362,0.8777781902831869
1218,flag_nested,0.026651535672355283,True,0.564005904742624,0.4370282278936314
1232,market_1,0.22028464873628908,True,0.061605831272827524,0.0604804959513779
1232,block_2_3,0.2535056133695579,True,0.45469379673683,0.4531963645082922
1232,block_4_6,-0.07498821168950749,False,1.0983536029586325,0.8391704393699652
1232,top_3,0.25697612131031594,True,0.45723302333012295,0.4552280368840107
1232,top_6,-0.1353227868354957,False,1.14531517886144,0.8293950836376479
1232,flag_nested,-0.011857032612862549,False,0.5404693338291757,0.43287963651111866
1246,market_1,-0.027165848944086777,False,0.06980663121201482,0.05605524736618602
1246,block_2_3,0.17200739553166577,True,0.4447591073554675,0.3320743121142542
1246,block_4_6,-0.3978468946681763,False,1.4342004397930868,0.9547359657991862
1246,top_3,0.17387993718704026,True,0.44728087330259303,0.3354104506736108
1246,top_6,-0.41450155903934777,False,1.4631493598536527,0.9770745607444712
1246,flag_nested,-0.3082653427040363,False,0.6544927047023819,0.44693925438099835
1260,market_1,0.17475204383473683,True,0.057369938672268764,0.057111969746935325
1260,block_2_3,-0.19569976530013844,False,0.41868771717787684,0.3831639989153743
1260,block_4_6,-0.06034830574147939,False,0.8488663157482913,1.0281663051018088
1260,top_3,-0.18574704691781774,False,0.4217342891790406,0.3864313126019442
1260,top_6,-0.0894420996043652,False,0.8777781902831875,1.0451338798090344
1260,flag_nested,-0.10945645676522785,False,0.43702822789363166,0.48485974053903086
1274,market_1,0.1302245116539543,True,0.06048049595137791,0.055792486466132336
1274,block_2_3,-0.260648403401434,False,0.4531963645082922,0.3658697179440242
1274,block_4_6,-0.17325204598728217,False,0.8391704393699652,1.546876995041259
1274,top_3,-0.2555169821418583,False,0.45522803688401076,0.36960837366433724
1274,top_6,-0.17671253247121504,False,0.8293950836376486,1.5521407207195967
1274,flag_nested,-0.17837099533963455,False,0.4328796365111189,0.6709493679304949
1288,market_1,0.42542927603651476,True,0.05605524736618606,0.06112791942855871
1288,block_2_3,0.1735029564594377,True,0.33207431211425414,0.40280101228399656
1288,block_4_6,-0.27072134816744015,False,0.9547359657991858,1.506721801570913
1288,top_3,0.17013826765484913,True,0.33541045067361086,0.40439748810783543
1288,top_6,-0.28177339369838217,False,0.9770745607444717,1.5118485139817848
1288,flag_nested,-0.20331813509068788,False,0.4469392543809986,0.6627191865346351
1302,market_1,0.21817919101969752,True,0.05711196974693532,0.05896174741146868
1302,block_2_3,0.28428023062072033,True,0.3831639989153744,0.4402362421619038
1302,block_4_6,-0.2020727659017961,False,1.0281663051018088,1.6143671881606296
1302,top_3,0.2800644108090352,True,0.38643131260194413,0.442075272734106
1302,top_6,-0.2369699517109102,False,1.0451338798090353,1.5979075839753853
1302,flag_nested,-0.14456799354964878,False,0.4848597405390311,0.7029732885393306
1316,market_1,-0.2240373362693012,False,0.055792486466132336,0.0661468662517893
1316,block_2_3,0.20215260703904384,True,0.36586971794402434,0.4837943819480554
1316,block_4_6,-0.10336275629822601,False,1.5468769950412584,1.4853610640445785
1316,top_3,0.19482639285114028,True,0.3696083736643373,0.48649029406631283
1316,top_6,-0.14677687125014638,False,1.5521407207195965,1.4783049592094035
1316,flag_nested,-0.10088457234618523,False,0.6709493679304949,0.6689523665596033
1330,market_1,-0.04184534228468195,False,0.06112791942855869,0.0555279626115949
1330,block_2_3,0.3474285320124215,True,0.4028010122839964,0.34269829216944137
1330,block_4_6,-0.19284793208074139,False,1.506721801570912,1.4916380678438232
1330,top_3,0.33924201784441566,True,0.4043974881078355,0.3470821054569365
1330,top_6,-0.22066087371145843,False,1.5118485139817843,1.4954695822136332
1330,flag_nested,-0.15773301150139962,False,0.6627191865346349,0.6449627088669322
1344,market_1,-0.22557583063691622,False,0.05896174741146868,0.047150083656585046
1344,block_2_3,0.15247105823168078,True,0.4402362421619038,0.4229570449737257
1344,block_4_6,-0.27290410678640387,False,1.6143671881606287,1.4905675454654603
1344,top_3,0.15050547056103059,True,0.4420752727341061,0.4254426570965069
1344,top_6,-0.26725773987873147,False,1.597907583975386,1.539510994645482
1344,flag_nested,-0.21190914053424809,False,0.7029732885393306,0.6764411521487453
1358,market_1,0.06477473037494726,True,0.06614686625178931,0.05591466671811559
1358,block_2_3,-0.0892966318791688,False,0.4837943819480553,0.39513046207104385
1358,block_4_6,0.02333678986920328,True,1.4853610640445774,1.2171178757715384
1358,top_3,-0.08376871770110807,False,0.486490294066313,0.398799789758176
1358,top_6,-0.01986520334818727,False,1.478304959209402,1.2559649337687824
1358,flag_nested,-0.029972192936414146,False,0.6689523665596029,0.5648435121347535
1372,market_1,0.2443450707003776,True,0.05552796261159493,0.05798884953030344
1372,block_2_3,0.12127852190154248,True,0.3426982921694416,0.28297980476529333
1372,block_4_6,-0.27461272927290215,False,1.4916380678438241,1.3697303076607372
1372,top_3,0.12428285650843017,True,0.34708210545693646,0.28835472192151473
1372,top_6,-0.27195904939149607,False,1.4954695822136341,1.3826213571994452
1372,flag_nested,-0.23279664908851083,False,0.6449627088669324,0.5913423921767593
1386,market_1,0.12183036945344064,True,0.04715008365658507,0.09565861249724211
1386,block_2_3,-0.2553808998367947,False,0.42295704497372577,0.28705034246310507
1386,block_4_6,-0.4163232000538035,False,1.4905675454654612,0.8987064576642396
1386,top_3,-0.24235524463073646,False,0.4254426570965071,0.2978423319340124
1386,top_6,-0.42135678415501526,False,1.539510994645484,0.9315720557683678
1386,flag_nested,-0.38115425541786635,False,0.6764411521487458,0.4282036169358508
1400,market_1,0.3208889605088596,True,0.055914666718115597,0.09311354815392395
1400,block_2_3,-0.013998282541822398,False,0.39513046207104374,0.28213211595744536
1400,block_4_6,-0.037967826358020214,False,1.217117875771538,1.0083984278811087
1400,top_3,-9.325922002016392e-05,False,0.3987997897581759,0.28892426096336044
1400,top_6,-0.036262231957158234,False,1.255964933768782,1.0235420193681228
1400,flag_nested,-0.023513527683427113,False,0.5648435121347533,0.4594586524119991
1414,market_1,0.572296303608448,True,0.057988849530303414,0.06925721781510809
1414,block_2_3,0.14847955834311294,True,0.2829798047652932,0.33028984142750095
1414,block_4_6,0.31304093843829367,True,1.3697303076607372,1.0458710142909151
1414,top_3,0.1552867438868737,True,0.2883547219215146,0.33188475246166477
1414,top_6,0.3135707736345157,True,1.382621357199446,1.072973414882811
1414,flag_nested,0.29677632101508167,True,0.5913423921767595,0.48310563030516385
1428,market_1,0.4422878127886976,True,0.09565861249724206,0.05215230377352514
1428,block_2_3,0.0003161866018998117,True,0.28705034246310496,0.32209862335805495
1428,block_4_6,0.3971138230319411,True,0.8987064576642407,0.7908178375770655
1428,top_3,0.01652350052868941,True,0.2978423319340122,0.3258995380861073
1428,top_6,0.3466765797146071,True,0.931572055768368,0.8260634999618969
1428,flag_nested,0.28289239357873425,True,0.4282036169358508,0.38968386771674535
1442,market_1,0.15257564071531562,True,0.09311354815392392,0.04640396985440972
1442,block_2_3,-0.031157134157361384,False,0.2821321159574456,0.3128151922841081
1442,block_4_6,-0.49054263971675277,False,1.008398427881109,1.2067109351635505
1442,top_3,-0.030393342281124846,False,0.28892426096336044,0.31527005131225355
1442,top_6,-0.48568219946976576,False,1.0235420193681215,1.222562216991312
1442,flag_nested,-0.41447559778226817,False,0.4594586524119986,0.5332867826715546
1456,market_1,0.02082768991083568,True,0.0692572178151081,0.05848277750143374
1456,block_2_3,-0.1896395362817438,False,0.3302898414275008,0.36606107512513186
1456,block_4_6,0.13291330286971323,True,1.0458710142909147,0.9035292926454923
1456,top_3,-0.1901442662614392,False,0.33188475246166477,0.37054712901597314
1456,top_6,0.12624182030895392,True,1.072973414882811,0.8819988070470477
1456,flag_nested,0.05972226909506114,True,0.4831056303051638,0.42289747710725134
1470,market_1,0.16549518199098967,True,0.052152303773525116,0.06139779606591334
1470,block_2_3,-0.19487662110261136,False,0.3220986233580549,0.40304760414328916
1470,block_4_6,0.32597212367289097,True,0.7908178375770658,1.0608700898002434
1470,top_3,-0.18842058488134256,False,0.32589953808610733,0.40653015469282183
1470,top_6,0.3022480666479636,True,0.8260634999618971,1.0267471400147623
1470,flag_nested,0.18510346198143268,True,0.3896838677167454,0.4843141816094422
1484,market_1,0.2551357475921495,True,0.046403969854409734,0.06510190468374057
1484,block_2_3,-0.06033184670841319,False,0.312815192284108,0.37351273655096356
1484,block_4_6,-0.23758540686262417,False,1.206710935163551,1.5780905293659537
1484,top_3,-0.05365514355681799,False,0.31527005131225355,0.37845990896391013
1484,top_6,-0.25892331140004005,False,1.2225622169913122,1.5982663690387628
1484,flag_nested,-0.23246383875841908,False,0.5332867826715547,0.691176381221055
1498,market_1,0.24196099314667782,True,0.05848277750143374,0.06804198725583614
1498,block_2_3,-0.11798475590891203,False,0.366061075125132,0.29588808254313637
1498,block_4_6,0.1273369144764472,True,0.903529292645492,0.7600456757626707
1498,top_3,-0.11063853580078324,False,0.3705471290159733,0.30196846576633773
1498,top_6,0.10136839190646717,True,0.8819988070470474,0.7689400327615008
1498,flag_nested,0.0536651798679218,True,0.4228974771072513,0.3654716028175445
1512,market_1,0.33037739351193707,True,0.06139779606591336,0.06319195015909884
1512,block_2_3,-0.054572716976455396,False,0.40304760414328916,0.2900107110569925
1512,block_4_6,0.20570520578470797,True,1.0608700898002434,0.8663059158734787
1512,top_3,-0.052367821960972574,False,0.40653015469282194,0.29277932312932337
1512,top_6,0.1684788568390751,True,1.0267471400147625,0.8887114760372327
1512,flag_nested,0.12650263964251537,True,0.4843141816094422,0.40521740813499657
1526,market_1,0.3037030919840167,True,0.0651019046837406,0.05626968836062194
1526,block_2_3,0.04249300017202745,True,0.3735127365509635,0.34081506321319305
1526,block_4_6,0.33704477148782314,True,1.5780905293659528,0.9062851586830395
1526,top_3,0.044387915361713035,True,0.37845990896391024,0.34352184723136453
1526,top_6,0.30511118822719613,True,1.5982663690387635,0.8971283258228621
1526,flag_nested,0.2614523953406412,True,0.6911763812210553,0.42028788130150313
1540,market_1,0.2453926348089743,True,0.06804198725583617,0.0442851549315842
1540,block_2_3,0.04173142377176788,True,0.2958880825431365,0.40282485265339424
1540,block_4_6,-0.20224050738510177,False,0.7600456757626706,0.8390034832904667
1540,top_3,0.04413332364949057,True,0.3019684657663376,0.4048940164826086
1540,top_6,-0.15921147225504356,False,0.7689400327615008,0.8004838327765839
1540,flag_nested,-0.09337648814284127,False,0.3654716028175445,0.4042317292072734
1554,market_1,0.16188589415331364,True,0.06319195015909881,0.059123492920430204
1554,block_2_3,-0.09918078342619341,False,0.29001071105699244,0.3918319716257092
1554,block_4_6,-0.1689058130644501,False,0.8663059158734789,0.5769147400301092
1554,top_3,-0.09657789351095963,False,0.29277932312932314,0.39587959756012453
1554,top_6,-0.14275381990181668,False,0.8887114760372322,0.6119750706252903
1554,flag_nested,-0.11534645582362923,False,0.4052174081349964,0.3437364113886866
1568,market_1,0.06579281906275422,True,0.05626968836062195,0.061547388997106295
1568,block_2_3,0.019743211364196135,True,0.3408150632131932,0.35757140159387796
1568,block_4_6,0.006364451821199491,True,0.9062851586830392,0.6780789743304209
1568,top_3,0.015539090973023605,True,0.3435218472313646,0.3623706885155676
1568,top_6,-0.009241148937012372,False,0.897128325822862,0.7369941167679597
1568,flag_nested,-0.0009329309893506645,False,0.4202878813015031,0.37159876356433263
1582,market_1,0.24263967751158982,True,0.04428515493158416,0.04378239607497367
1582,block_2_3,0.1617591393422143,True,0.40282485265339435,0.32799378633324816
1582,block_4_6,0.13389341754550788,True,0.8390034832904668,0.5688700913358896
1582,top_3,0.1594161767446092,True,0.40489401648260864,0.3302995501738219
1582,top_6,0.11735767875468218,True,0.8004838327765839,0.6262898336192105
1582,flag_nested,0.13356598955445417,True,0.4042317292072734,0.3219565008458006
1596,market_1,0.06852417534181628,True,0.05912349292043018,0.04860148255675424
1596,block_2_3,0.11542058550565348,True,0.3918319716257091,0.4281663225533277
1596,block_4_6,0.21154859352113933,True,0.5769147400301091,0.5885578150615838
1596,top_3,0.11153868698210732,True,0.39587959756012453,0.42894469923143863
1596,top_6,0.15963435287314834,True,0.6119750706252902,0.6002596906838201
1596,flag_nested,0.134668770707121,True,0.34373641138868655,0.3517744141959969
1610,market_1,-0.13993237112891896,False,0.06154738899710629,0.061987360497497764
1610,block_2_3,0.028860252969594963,True,0.35757140159387796,0.39004840111316824
1610,block_4_6,-0.17931809624281725,False,0.6780789743304207,0.8616110869196586
1610,top_3,0.0196609230405873,True,0.3623706885155674,0.3918612785845146
1610,top_6,-0.16072475428762253,False,0.7369941167679591,0.8531149195275652
1610,flag_nested,-0.10539375293607582,False,0.37159876356433236,0.41991471086340576
1624,market_1,0.11241999832233002,True,0.04378239607497367,0.06363225522748456
1624,block_2_3,0.2214051442647833,True,0.32799378633324805,0.44462892505587887
1624,block_4_6,0.052315268423671006,True,0.5688700913358897,1.0328941467239234
1624,top_3,0.21668365887077776,True,0.3302995501738218,0.4462012821979442
1624,top_6,0.07211947386564396,True,0.6262898336192104,1.006441167715167
1624,flag_nested,0.11769919349922188,True,0.32195650084580046,0.48911644420902173
1638,market_1,0.39796694284483414,True,0.048601482556754234,0.05025096010679723
1638,block_2_3,0.27105274482483976,True,0.4281663225533276,0.4043526248300285
1638,block_4_6,0.29862005258325497,True,0.5885578150615837,1.253035392974537
1638,top_3,0.2685132669013382,True,0.4289446992314385,0.40617027742824086
1638,top_6,0.31178231529854716,True,0.6002596906838202,1.233517285123358
1638,flag_nested,0.2805222459152716,True,0.35177441419599703,0.5577730176305737
1652,market_1,0.04559309253868533,True,0.061987360497497764,0.04340640301799386
1652,block_2_3,0.37467027355526966,True,0.39004840111316846,0.5427520993392324
1652,block_4_6,0.0519739125686287,True,0.8616110869196588,1.3317725106801097
1652,top_3,0.36996003522653437,True,0.39186127858451464,0.5437732815644598
1652,top_6,0.028398170646620688,True,0.8531149195275654,1.2605332539241774
1652,flag_nested,0.12408042968367701,True,0.41991471086340576,0.6043767509692941
1666,market_1,-0.30057558569908605,False,0.06363225522748454,0.05098739484888751
1666,block_2_3,0.34520683247172446,True,0.44462892505587864,0.35491937267142715
1666,block_4_6,0.20807081019201862,True,1.0328941467239232,1.1731959219731507
1666,top_3,0.33321609398517227,True,0.4462012821979443,0.35829850462056695
1666,top_6,0.18881768563740295,True,1.0064411677151668,1.1408234506108788
1666,flag_nested,0.21123265162221036,True,0.4891164442090216,0.5121575390592299
1680,market_1,0.15539743253878832,True,0.05025096010679726,0.05657218301540382
1680,block_2_3,0.29911995053737167,True,0.40435262483002843,0.37581394563625015
1680,block_4_6,0.5478731676671593,True,1.253035392974537,0.8189813338973188
1680,top_3,0.2912159230183964,True,0.4061702774282407,0.37741683778830704
1680,top_6,0.5083460612556037,True,1.2335172851233578,0.8057382485898772
1680,flag_nested,0.44766540333667104,True,0.5577730176305736,0.3986024618337807
1694,market_1,0.30250860331448803,True,0.04340640301799385,0.053701264943641476
1694,block_2_3,-0.538927141557284,False,0.5427520993392322,0.4473696666579552
1694,block_4_6,0.631689619837849,True,1.3317725106801095,1.2878609843228908
1694,top_3,-0.5370838178873547,False,0.5437732815644597,0.4495280008397136
1694,top_6,0.7462150916134394,True,1.2605332539241756,1.2493073527427414
1694,flag_nested,0.43985793047222,True,0.6043767509692933,0.5747786043098477
1708,market_1,0.07132466889165348,True,0.050987394848887535,0.07958055104685743
1708,block_2_3,0.5767810400406634,True,0.3549193726714272,0.35932127846099726
1708,block_4_6,-0.2699528217501098,False,1.17319592197315,0.8322183024646317
1708,top_3,0.5563763563318853,True,0.35829850462056695,0.36489634090908857
1708,top_6,-0.3250870177463063,False,1.1408234506108792,0.8298510487825841
1708,flag_nested,-0.12842591331751763,False,0.51215753905923,0.40680663445359544
1722,market_1,0.43241219766940364,True,0.05657218301540381,0.0589567234989392
1722,block_2_3,0.5566217649014018,True,0.3758139456362503,0.5441424996799206
1722,block_4_6,-0.17364678891022592,False,0.8189813338973186,0.9345645714481393
1722,top_3,0.5574425759595034,True,0.37741683778830687,0.5472797367381156
1722,top_6,-0.28247421021499497,False,0.8057382485898775,0.8142166568729318
1722,flag_nested,0.04848693295174331,True,0.3986024618337806,0.4623913126872804
1736,market_1,0.44656345489699484,True,0.05370126494364149,0.06556222686277897
1736,block_2_3,-0.5906154576786244,False,0.44736966665795513,0.5709637978168995
1736,block_4_6,-0.6219460462844227,False,1.2878609843228912,1.1056192549095933
1736,top_3,-0.5790924441015683,False,0.4495280008397136,0.5743139412807552
1736,top_6,-0.5771698305374886,False,1.249307352742742,1.0061520707223266
1736,flag_nested,-0.5533214028592013,False,0.574778604309848,0.5319469630932728
1750,market_1,0.26598950137588173,True,0.07958055104685738,0.052859696682410535
1750,block_2_3,0.22435118913918592,True,0.35932127846099704,0.34884341347065256
1750,block_4_6,0.16293336042350642,True,0.8322183024646314,0.9405168506322781
1750,top_3,0.23069529963378144,True,0.36489634090908835,0.35266467846238436
1750,top_6,0.15713649331035914,True,0.8298510487825841,0.9725158835002652
1750,flag_nested,0.17589448593048382,True,0.4068066344535954,0.44931369511927
1764,market_1,0.4264249132621404,True,0.05895672349893923,0.050369654520218195
1764,block_2_3,-0.6192952582150605,False,0.5441424996799201,0.5479677118981554
1764,block_4_6,-0.22900972279860435,False,0.9345645714481394,1.4991506792122407
1764,top_3,-0.609285109129983,False,0.5472797367381153,0.5502505121050031
1764,top_6,-0.1176590373120826,False,0.8142166568729314,1.4807360878134443
1764,flag_nested,-0.26383301822169997,False,0.4623913126872802,0.6847570404257285
1778,market_1,0.23756903128468027,True,0.06556222686277897,0.05396799407458317
1778,block_2_3,0.29788977796532506,True,0.5709637978168997,0.3286320847051524
1778,block_4_6,0.02686990429494435,True,1.105619254909593,0.9921557435313526
1778,top_3,0.2956019052092396,True,0.5743139412807557,0.3319748427965321
1778,top_6,-0.025419163383893318,False,1.0061520707223266,1.015690760098132
1778,flag_nested,0.06251796762485687,True,0.531946963093273,0.45998506840890874
1792,market_1,0.18473150984679088,True,0.052859696682410535,0.07230431479649137
1792,block_2_3,-0.1323709536886978,False,0.3488434134706528,0.4112537506677406
1792,block_4_6,0.5497213358294816,True,0.9405168506322781,1.3381531526017445
1792,top_3,-0.12231036724253569,False,0.3526646784623845,0.4147755984945675
1792,top_6,0.570307789826076,True,0.9725158835002662,1.3071488141658298
1792,flag_nested,0.4364430012237026,True,0.4493136951192704,0.5893616745000941
1806,market_1,0.24115855632582084,True,0.05036965452021816,0.06659402403374112
1806,block_2_3,-0.078108019200391,False,0.5479677118981555,0.47592194651992165
1806,block_4_6,-0.3925650101586791,False,1.4991506792122407,0.7606304183946041
1806,top_3,-0.07614263885143262,False,0.5502505121050032,0.47941079875805287
1806,top_6,-0.457364543293065,False,1.4807360878134457,0.7078372477657742
1806,flag_nested,-0.30882178596898907,False,0.684757040425729,0.4056500095481188
1820,market_1,0.17175503816390267,True,0.05396799407458315,0.06887856112438251
1820,block_2_3,0.0889563302737512,True,0.32863208470515237,0.37392527667130887
1820,block_4_6,-0.05259892386702129,False,0.992155743531353,0.6565906435466954
1820,top_3,0.0869394346266453,True,0.3319748427965321,0.37921920432885153
1820,top_6,-0.029246867603598063,False,1.0156907600981324,0.7059701272006162
1820,flag_nested,0.004670454857554212,True,0.4599850684089089,0.36843673528813164
1834,market_1,0.11880271996019197,True,0.07230431479649137,0.056183957613116745
1834,block_2_3,-0.43048092250966596,False,0.4112537506677409,0.3830157666547033
1834,block_4_6,-0.31130655402420065,False,1.3381531526017452,0.7489539033668358
1834,top_3,-0.4213148957145499,False,0.4147755984945677,0.38513703047860254
1834,top_6,-0.26133912851110763,False,1.3071488141658298,0.7638054502261113
1834,flag_nested,-0.2868468288022985,False,0.5893616745000941,0.3870830343404586
1848,market_1,0.2940755577079969,True,0.06659402403374116,0.04948988630683339
1848,block_2_3,-0.5613751424978805,False,0.47592194651992153,1.5136560220658288
1848,block_4_6,-0.36889964124041963,False,0.7606304183946039,1.5934317780925011
1848,top_3,-0.5544820036903381,False,0.4794107987580529,1.5144040226598021
1848,top_6,-0.05017975485694503,False,0.707837247765775,0.6846199306736592
1848,flag_nested,-0.3681228899374314,False,0.4056500095481191,0.9192604845066104
1862,market_1,0.19639570448071478,True,0.06887856112438251,0.0583483410112649
1862,block_2_3,0.10712642243574132,True,0.37392527667130876,0.49545952952640265
1862,block_4_6,0.5219286966469205,True,0.6565906435466957,0.7370270465433526
1862,top_3,0.11215007701154735,True,0.3792192043288515,0.49813531270752665
1862,top_6,0.5476040779217283,True,0.7059701272006162,0.665103049837457
1862,flag_nested,0.34422265763602455,True,0.36843673528813164,0.3998055401959263
1876,market_1,0.35696757228499154,True,0.056183957613116724,0.05495724178869456
1876,block_2_3,0.3407816089437759,True,0.38301576665470327,0.8706311027596342
1876,block_4_6,0.4325946532753215,True,0.7489539033668359,0.995462923930935
1876,top_3,0.3433851374949505,True,0.38513703047860254,0.8719769612616498
1876,top_6,0.41220130473162697,True,0.7638054502261116,0.6087589162594289
1876,flag_nested,0.3273729322514691,True,0.3870830343404586,0.5641212710368936
1890,market_1,0.7414906912202761,True,0.0494898863068334,0.04352907743194771
1890,block_2_3,0.17476683365510962,True,1.5136560220658275,0.5823763189185005
1890,block_4_6,0.26722862079801185,True,1.593431778092501,0.710616380417376
1890,top_3,0.1763153364981835,True,1.514404022659802,0.5832813643767306
1890,top_6,0.3309002237155551,True,0.6846199306736588,0.5360683763521212
1890,flag_nested,0.19860117769147909,True,0.91926048450661,0.40397448097530847
1904,market_1,0.0811445308517356,True,0.05834834101126491,0.053825616180901384
1904,block_2_3,0.7550692372803776,True,0.49545952952640304,1.2047212858271263
1904,block_4_6,0.470454636660085,True,0.7370270465433525,1.2713394553809279
1904,top_3,0.7516070927490324,True,0.49813531270752676,1.2051181585589577
1904,top_6,0.08584121083676624,True,0.665103049837457,0.5182272929821043
1904,flag_nested,0.5336575601475522,True,0.3998055401959264,0.7292190184382361
1918,market_1,0.22231322076654667,True,0.05495724178869461,0.0681396740263673
1918,block_2_3,0.7708049652352482,True,0.870631102759634,0.6346243515842184
1918,block_4_6,0.5353028845743595,True,0.9954629239309355,0.7771252675973825
1918,top_3,0.7689101656609406,True,0.8719769612616495,0.6367141725046487
1918,top_6,-0.01614025343460765,False,0.6087589162594288,0.5359604983942138
1918,flag_nested,0.5821234092541837,True,0.5641212710368934,0.43319003178629173
1932,market_1,0.26551940793838097,True,0.0435290774319477,0.08404464463485292
1932,block_2_3,0.47452420555734287,True,0.582376318918501,0.3681391238122356
1932,block_4_6,0.47158924568613025,True,0.7106163804173761,0.49904036276169644
1932,top_3,0.47388331786887966,True,0.5832813643767306,0.3710055125178046
1932,top_6,0.18978363994434624,True,0.5360683763521213,0.46752886434016644
1932,flag_nested,0.35672173301542615,True,0.4039744809753085,0.29895775436762406
1946,market_1,0.16909626920865017,True,0.053825616180901384,0.09447511096813456
1946,block_2_3,-0.6046331519194162,False,1.2047212858271266,0.4372773977194183
1946,block_4_6,-0.44874528970205235,False,1.2713394553809279,0.6200841499907942
1946,top_3,-0.5998353076059375,False,1.2051181585589579,0.44030780559166754
1946,top_6,0.035264513489303796,True,0.5182272929821045,0.5378953879339422
1946,flag_nested,-0.40711585860336663,False,0.7292190184382363,0.3489571738874637
1960,market_1,0.24524538612244834,True,0.06813967402636728,0.0770375336205905
1960,block_2_3,-0.5483788216505968,False,0.6346243515842186,0.42884556626087866
1960,block_4_6,-0.3734185217489771,False,0.7771252675973825,0.8750231201832714
1960,top_3,-0.5414881532627954,False,0.6367141725046487,0.4331645828428335
1960,top_6,-0.21225657876320778,False,0.5359604983942138,0.8245870764522903
1960,flag_nested,-0.34719231458363775,False,0.4331900317862917,0.42638317036616424
1974,market_1,-0.02532354042240758,False,0.08404464463485296,0.06779280881837929
1974,block_2_3,0.3351584376683097,True,0.3681391238122354,0.3535140789374522
1974,block_4_6,0.13248631103210246,True,0.4990403627616963,0.9116614372693534
1974,top_3,0.34746355067679363,True,0.37100551251780467,0.3553749577008469
1974,top_6,0.059495118774145844,True,0.4675288643401663,0.8910502301505935
1974,flag_nested,0.1522402952474984,True,0.298957754367624,0.4231092103578963
1988,market_1,-0.3669949900532094,False,0.09447511096813459,0.09402057167549764
1988,block_2_3,0.3980291418115553,True,0.4372773977194183,0.26354693577803373
1988,block_4_6,0.47274303931732947,True,0.6200841499907941,1.170891029233295
1988,top_3,0.4349447376758849,True,0.44030780559166754,0.25962921514260223
1988,top_6,0.4721849653695215,True,0.5378953879339421,1.1770489866036784
1988,flag_nested,0.3533459035806332,True,0.34895717388746367,0.5120706629240731
2002,market_1,-0.30678013436886964,False,0.0770375336205905,0.1136799952943236
2002,block_2_3,0.06553713499196583,True,0.42884556626087883,0.29857140682835476
2002,block_4_6,0.5454652304871284,True,0.8750231201832713,0.7588883444936756
2002,top_3,0.0833202153701623,True,0.43316458284283343,0.28775820544161385
2002,top_6,0.6133219193857796,True,0.8245870764522901,0.7767659585343892
2002,flag_nested,0.4136512104457782,True,0.42638317036616424,0.37561366941679786
2016,market_1,0.49873842013156744,True,0.06779280881837926,0.10505505637455435
2016,block_2_3,0.26958455198167525,True,0.3535140789374522,0.3257802074791008
2016,block_4_6,-0.053602443002280536,False,0.9116614372693536,0.6921417355157705
2016,top_3,0.2525077485668846,True,0.35537495770084676,0.3176597658564051
2016,top_6,-0.11448950564595098,False,0.8910502301505937,0.6757065766181845
2016,flag_nested,0.010642993208164284,True,0.4231092103578962,0.34751839773651394
2030,market_1,0.7634139914842498,True,0.09402057167549763,0.09117839601846944
2030,block_2_3,0.17135542961893818,True,0.2635469357780338,0.4259911449213754
2030,block_4_6,0.649310551792981,True,1.1708910292332946,1.2062729455528243
2030,top_3,0.13410454904327584,True,0.2596292151426022,0.42292610093783795
2030,top_6,0.6646595800594454,True,1.177048986603679,1.1714743574144462
2030,flag_nested,0.5887286431115344,True,0.5120706629240732,0.5446659745800723
2044,market_1,0.8368814103778534,True,0.11367999529432361,0.06724418374328867
2044,block_2_3,0.05439622972574056,True,0.29857140682835476,0.487246871469187
2044,block_4_6,0.367186411284438,True,0.7588883444936756,1.2543238908914203
2044,top_3,0.034879341787437575,True,0.28775820544161385,0.48637226893807767
2044,top_6,0.36089550941036724,True,0.7767659585343891,1.2237024292415115
2044,flag_nested,0.3008194578140896,True,0.37561366941679786,0.5770173718932171
2058,market_1,0.515380959550813,True,0.10505505637455437,0.045688274540009
2058,block_2_3,0.29752639015005167,True,0.3257802074791009,0.4189121190144382
2058,block_4_6,-0.25361870581200185,False,0.6921417355157705,0.7556632527745243
2058,top_3,0.3108731756326677,True,0.3176597658564052,0.4207271096977715
2058,top_6,-0.28184691567948694,False,0.6757065766181846,0.7096522431301338
2058,flag_nested,-0.04686416813554963,False,0.347518397736514,0.38082222852480024
2072,market_1,-0.14189216534816684,False,0.09117839601846947,0.04933755427752185
2072,block_2_3,0.1498052119486381,True,0.42599114492137546,0.23954894760838982
2072,block_4_6,-0.041581729825667026,False,1.2062729455528247,0.5536410118935642
2072,top_3,0.15951283236759167,True,0.422926100937838,0.23973487411508979
2072,top_6,-0.015579304892763865,False,1.1714743574144468,0.5581592588949553
2072,flag_nested,0.02068604668879097,True,0.5446659745800725,0.27113727875888693
2086,market_1,-0.24622175968365861,False,0.06724418374328868,0.05203781462522031
2086,block_2_3,-0.0033370961986226555,False,0.48724687146918716,0.31028287448494474
2086,block_4_6,0.2477532953630613,True,1.2543238908914214,0.7439611376444676
2086,top_3,0.001767885642416856,True,0.48637226893807745,0.31087631403070975
2086,top_6,0.253662009587949,True,1.2237024292415115,0.7308639989716159
2086,flag_nested,0.18232254002200607,True,0.577017371893217,0.3520648508322569
2100,market_1,0.16756978806119668,True,0.04568827454000899,0.05014190323350969
2100,block_2_3,0.07534695224369506,True,0.41891211901443814,0.4680637225340746
2100,block_4_6,-0.3092323618107668,False,0.7556632527745248,1.0053030257554454
2100,top_3,0.07351894683477436,True,0.4207271096977715,0.4675980948216218
2100,top_6,-0.3800896420409402,False,0.7096522431301338,0.9327605787437945
2100,flag_nested,-0.20542755041606844,False,0.3808222285248003,0.4694719580868402
2114,market_1,0.3410580117560105,True,0.049337554277521865,0.05754060953953434
2114,block_2_3,-0.21539445529071638,False,0.2395489476083897,0.49491599468506836
2114,block_4_6,0.020099635888422434,True,0.5536410118935643,0.8246650186456542
2114,top_3,-0.22474002485588715,False,0.2397348741150897,0.4948950347150081
2114,top_6,0.1308016072681982,True,0.5581592588949549,0.7293524186276854
2114,flag_nested,0.008453487768369254,True,0.27113727875888677,0.4166658676938232
2128,market_1,0.3150334749737626,True,0.0520378146252203,0.05651347549412454
2128,block_2_3,0.6293695284667824,True,0.3102828744849448,0.5154529780219331
2128,block_4_6,0.18838466577261187,True,0.7439611376444676,0.8133478045201016
2128,top_3,0.6202103044594002,True,0.31087631403070987,0.5151683724895542
2128,top_6,0.06310532248088165,True,0.7308639989716166,0.6975185776236471
2128,flag_nested,0.2692419560972591,True,0.3520648508322572,0.4156303862070518
2142,market_1,0.5055754709044158,True,0.050141903233509685,0.05677446680291801
2142,block_2_3,0.22341496950995654,True,0.4680637225340745,0.24286589447540427
2142,block_4_6,0.06639276238735932,True,1.0053030257554452,0.7957664810303671
2142,top_3,0.20903917944784517,True,0.46759809482162173,0.24261834807473912
2142,top_6,0.060580863211977455,True,0.9327605787437933,0.8193047491645679
2142,flag_nested,0.09900607494209375,True,0.4694719580868398,0.3670439660615559
2156,market_1,0.5083355387607291,True,0.057540609539534306,0.06683989793802861
2156,block_2_3,0.11116379341992114,True,0.4949159946850685,0.29059417994094233
2156,block_4_6,0.15837705900736804,True,0.8246650186456542,1.0410673956976177
2156,top_3,0.10326126061675608,True,0.4948950347150082,0.29090552854581825
2156,top_6,0.18467021596282918,True,0.7293524186276853,1.063575720464337
2156,flag_nested,0.15709543029636563,True,0.4166658676938232,0.4703280411897767
2170,market_1,0.48211656413837317,True,0.056513475494124533,0.06279982072675384
2170,block_2_3,0.21980754254584717,True,0.5154529780219332,0.258848473940385
2170,block_4_6,0.10593750364910659,True,0.8133478045201016,1.3840639756885627
2170,top_3,0.2089944022105027,True,0.5151683724895539,0.25807897925900697
2170,top_6,0.1040901811908427,True,0.6975185776236471,1.4002432177416435
2170,flag_nested,0.11306422902578972,True,0.4156303862070516,0.5940754010508105
2184,market_1,0.21575296660882365,True,0.056774466802918006,0.06661972127008224
2184,block_2_3,0.43101467583902403,True,0.24286589447540424,0.30928936808040075
2184,block_4_6,0.36780696073841024,True,0.7957664810303675,1.0663245159212724
2184,top_3,0.42105413991682006,True,0.24261834807473912,0.3096189534496284
2184,top_6,0.3587575976854409,True,0.8193047491645686,1.0664904763465017
2184,flag_nested,0.36455063580972813,True,0.36704396606155626,0.47535229959488906
2198,market_1,0.3381888868163259,True,0.06683989793802862,0.0689229586304111
2198,block_2_3,0.399988715955603,True,0.2905941799409423,1.3740992443524074
2198,block_4_6,0.14020232585929795,True,1.041067395697617,1.7726046939573155
2198,top_3,0.39983220159023025,True,0.29090552854581825,1.3752679836844912
2198,top_6,0.13832817784604828,True,1.063575720464337,1.1927109596551868
2198,flag_nested,0.19150889242296484,True,0.4703280411897768,0.9339687479188856
2212,market_1,0.5796607212370214,True,0.06279982072675387,0.061784690425396915
2212,block_2_3,0.3142590822717442,True,0.25884847394038507,1.3843078741673491
2212,block_4_6,-0.004877613314557896,False,1.3840639756885627,1.8517237699294953
2212,top_3,0.32211420913058236,True,0.258078979259007,1.3854388656696546
2212,top_6,0.11174747983766385,True,1.4002432177416455,1.4773698660935208
2212,flag_nested,0.13277260578550204,True,0.5940754010508112,1.0036938037471885
2226,market_1,0.48771690314340166,True,0.06661972127008227,0.06162171450373894
2226,block_2_3,0.6013950852983366,True,0.3092893680804007,1.1277691650050947
2226,block_4_6,0.08496567964858709,True,1.066324515921272,1.4831924940194823
2226,top_3,0.609110803674466,True,0.3096189534496284,1.128860654630713
2226,top_6,0.016538307867149608,True,1.0664904763465013,1.1831611190424067
2226,flag_nested,0.1976709194172425,True,0.47535229959488906,0.8135627821451485
2240,market_1,0.03591874459690313,True,0.0689229586304111,0.0749162135438773
2240,block_2_3,-0.5300868188602914,False,1.374099244352406,0.4293552621316506
2240,block_4_6,-0.28573632070532506,False,1.772604693957316,1.1830332970074007
2240,top_3,-0.5240630280337187,False,1.3752679836844899,0.4314585589610477
2240,top_6,-0.11758417546689068,False,1.1927109596551866,1.180571389303353
2240,flag_nested,-0.25622509591513143,False,0.933968747918885,0.547682452970948
2254,market_1,-0.11423906948247033,False,0.0617846904253969,0.07871136570738294
2254,block_2_3,-0.5753177143466839,False,1.3843078741673482,0.533705673310733
2254,block_4_6,0.22289688843988298,True,1.8517237699294953,1.0543063390928422
2254,top_3,-0.5740750792455633,False,1.385438865669654,0.5350499404853395
2254,top_6,0.03632236090385555,True,1.4773698660935213,1.029149394172271
2254,flag_nested,-0.25163450420699296,False,1.0036938037471883,0.5273958392739764
2268,market_1,0.1869167324548373,True,0.061621714503738975,0.07799238949763303
2268,block_2_3,-0.09356808810967891,False,1.1277691650050945,0.612203146668388
2268,block_4_6,-0.16993755383474943,False,1.4831924940194827,1.234557323560897
2268,top_3,-0.09277478523116406,False,1.1288606546307138,0.6153121112949117
2268,top_6,-0.0740591970594446,False,1.1831611190424072,1.1873434389984514
2268,flag_nested,-0.07691674169656695,False,0.8135627821451489,0.6060114558408909
2282,market_1,0.18773413226696395,True,0.0749162135438773,0.05791767478109757
2282,block_2_3,0.27559472071432717,True,0.42935526213165076,0.7624036434883806
2282,block_4_6,0.0578662139262399,True,1.1830332970074005,1.0729645474647607
2282,top_3,0.27445097602535,True,0.43145855896104823,0.7645191145026288
2282,top_6,-0.018257267642943095,False,1.1805713893033531,0.8763229889981976
2282,flag_nested,0.0890153344337064,True,0.5476824529709481,0.5711169868831307
2296,market_1,0.059385775080221345,True,0.07871136570738294,0.052568876626906014
2296,block_2_3,0.47755331320760075,True,0.533705673310733,0.8517979987486988
2296,block_4_6,0.5854321391450019,True,1.054306339092842,1.2828390277892907
2296,top_3,0.48112085874437566,True,0.5350499404853396,0.8528587460929895
2296,top_6,0.4677567772250811,True,1.0291493941722722,1.0826403536579734
2296,flag_nested,0.45789074710945277,True,0.5273958392739768,0.6637553688021618
2310,market_1,-0.058144317805420516,False,0.077992389497633,0.053977274733057315
2310,block_2_3,0.18661148975477326,True,0.6122031466683885,1.1861526500535522
2310,block_4_6,-0.022772302377190815,False,1.2345573235608966,1.834400638022536
2310,top_3,0.18799307158479128,True,0.6153121112949116,1.1865155599056063
2310,top_6,-0.20008319477660838,False,1.1873434389984514,1.4500588356622448
2310,flag_nested,-0.021667401954843027,False,0.6060114558408908,0.9069904677746088
2324,market_1,0.09496406522355452,True,0.05791767478109759,0.05543788559758425
2324,block_2_3,-0.5166709967691081,False,0.7624036434883803,0.6650171183519739
2324,block_4_6,-0.4285082926714681,False,1.072964547464761,1.5142621664420193
2324,top_3,-0.5152060188567782,False,0.7645191145026284,0.6646280679717664
2324,top_6,-0.2965774375618438,False,0.8763229889981972,1.4675141156903322
2324,flag_nested,-0.3693321136145042,False,0.5711169868831304,0.7136174012474902
2338,market_1,0.3202324314328025,True,0.05256887662690602,0.04685732763132935
2338,block_2_3,0.6995867745705252,True,0.8517979987486992,1.4745024180177302
2338,block_4_6,0.42822337938864974,True,1.282839027789291,1.771940167891798
2338,top_3,0.6976534238129013,True,0.8528587460929897,1.4746526735407088
2338,top_6,0.19818981384034512,True,1.0826403536579723,1.098273542285216
2338,flag_nested,0.5200387558192026,True,0.6637553688021616,0.9633776901923197
2352,market_1,0.2343261445699245,True,0.05397727473305734,0.03284655954883691
2352,block_2_3,0.05381397878181507,True,1.1861526500535517,0.6465392677587241
2352,block_4_6,0.1867335929112675,True,1.8344006380225355,0.931378293032401
2352,top_3,0.053712569967805116,True,1.1865155599056065,0.6468325781550185
2352,top_6,0.23803762803990997,True,1.4500588356622457,0.9058802177718996
2352,flag_nested,0.13874894618429,True,0.9069904677746091,0.5266050253148261
2366,market_1,0.24221488059723992,True,0.05543788559758424,0.028847797411198046
2366,block_2_3,-0.5366003878849334,False,0.6650171183519739,1.1147201483307072
2366,block_4_6,-0.12074804747408077,False,1.5142621664420193,1.3382046559596794
2366,top_3,-0.5365235448464107,False,0.6646280679717665,1.1150882984975405
2366,top_6,0.03408950373008702,True,1.467514115690331,0.992235791827758
2366,flag_nested,-0.2280636347660535,False,0.7136174012474898,0.7611798808395209
2380,market_1,0.2418343914614289,True,0.046857327631329326,0.05542126170178006
2380,block_2_3,-0.8405787270335923,False,1.4745024180177293,1.416440276441984
2380,block_4_6,-0.6993001643346105,False,1.7719401678917979,1.584107837487735
2380,top_3,-0.8405465845982045,False,1.4746526735407084,1.4169208790030101
2380,top_6,-0.04689953937347956,False,1.0982735422852161,0.7315926776525731
2380,flag_nested,-0.7031016485616068,False,0.9633776901923196,0.8726383842688303
2394,market_1,-0.16594420177494448,False,0.03284655954883688,0.07070107694806707
2394,block_2_3,-0.4918155675511715,False,0.646539267758724,0.6739758347223329
2394,block_4_6,-0.06453005821855676,False,0.9313782930324014,0.8755988071288452
2394,top_3,-0.4909507311879911,False,0.6468325781550184,0.6745787376763447
2394,top_6,0.1375153583261306,True,0.9058802177718999,0.7052162378827961
2394,flag_nested,-0.22172670092015034,False,0.5266050253148261,0.4894613948878373
2408,market_1,0.24465390579963756,True,0.02884779741119806,0.06518009508340902
2408,block_2_3,-0.33585002746017223,False,1.1147201483307068,0.4383048111050476
2408,block_4_6,-0.32061783015161804,False,1.3382046559596794,0.6338428951449022
2408,top_3,-0.33332473567394416,False,1.1150882984975403,0.441346660527251
2408,top_6,-0.1569539645163873,False,0.9922357918277579,0.606956459207557
2408,flag_nested,-0.25440303196092984,False,0.7611798808395207,0.3613540649790686
2422,market_1,0.4031701355577469,True,0.055421261701780064,0.04695512282975771
2422,block_2_3,-0.09864272237954372,False,1.416440276441983,0.4233922467041002
2422,block_4_6,-0.14174048379046403,False,1.5841078374877346,1.2286744508908232
2422,top_3,-0.09614530420684017,False,1.4169208790030097,0.425790622428088
2422,top_6,-0.14002423614627676,False,0.7315926776525734,1.238946288582273
2422,flag_nested,-0.0800865193930549,False,0.8726383842688303,0.5643302690870144
2436,market_1,0.13358961515679776,True,0.07070107694806707,0.04646520814678762
2436,block_2_3,0.1501905530044663,True,0.6739758347223326,0.3963084304244133
2436,block_4_6,-0.3139266282303398,False,0.8755988071288453,1.284864404740786
2436,top_3,0.1570669644728533,True,0.6745787376763441,0.39808033977204155
2436,top_6,-0.2640079208582276,False,0.7052162378827961,1.3080991381337161
2436,flag_nested,-0.09140125349213173,False,0.48946139488783713,0.5832399966881794
2450,market_1,0.20765016913396203,True,0.06518009508340901,0.04812068227099426
2450,block_2_3,0.3751082971909149,True,0.4383048111050476,0.2660460168260966
2450,block_4_6,0.19565605477042605,True,0.6338428951449023,0.8348738411334421
2450,top_3,0.37827853513670695,True,0.44134666052725097,0.26870022923371795
2450,top_6,0.2900554128254574,True,0.6069564592075569,0.8550517600328655
2450,flag_nested,0.292493857745344,True,0.3613540649790685,0.3850122809922566
2464,market_1,0.1326476141458533,True,0.0469551228297577,0.05691953608284801
2464,block_2_3,0.5075034248514501,True,0.4233922467041002,0.2514865512417254
2464,block_4_6,0.24280420948265333,True,1.2286744508908227,0.6853689296072049
2464,top_3,0.502827938737977,True,0.425790622428088,0.25314199331067283
2464,top_6,0.18036679820964296,True,1.2389462885822733,0.6945101837641533
2464,flag_nested,0.2421950299010102,True,0.5643302690870144,0.324022924712136
2478,market_1,0.33105996064212706,True,0.04646520814678763,0.056590099766268095
2478,block_2_3,0.3662885787488343,True,0.39630843042441344,0.21562977842012962
2478,block_4_6,-0.04481618828922905,False,1.2848644047407864,0.9800443638015415
2478,top_3,0.35989183306604233,True,0.3980803397720416,0.21922081820449
2478,top_6,-0.06595874405307278,False,1.308099138133716,0.982442643989951
2478,flag_nested,-0.011264914674255814,False,0.5832399966881793,0.4243669244391765
2492,market_1,0.26032700096460426,True,0.048120682270994274,0.04850952648759191
2492,block_2_3,0.3028429886249214,True,0.2660460168260966,0.283170392545076
2492,block_4_6,-0.07533041781514672,False,0.8348738411334423,1.1255344763581352
2492,top_3,0.29868043017851076,True,0.26870022923371795,0.28699602470038915
2492,top_6,-0.07973773560726659,False,0.8550517600328651,1.1326096539902992
2492,flag_nested,-0.024126986256254007,False,0.3850122809922565,0.49356814957679707
2506,market_1,0.012477300511133924,True,0.05691953608284803,0.04747985110711612
2506,block_2_3,0.21042084296678362,True,0.2514865512417256,0.23214677415963836
2506,block_4_6,-0.26057811454912283,False,0.6853689296072046,1.241416711011278
2506,top_3,0.21434649549517673,True,0.25314199331067283,0.23502361164564545
2506,top_6,-0.29089167855214654,False,0.694510183764153,1.2519288341397365
2506,flag_nested,-0.22012798707102335,False,0.3240229247121359,0.5309306325342525
2520,market_1,0.05987282022605291,True,0.05659009976626807,0.04178430324492491
2520,block_2_3,0.04212026785779246,True,0.2156297784201297,0.2455485138342158
2520,block_4_6,-0.07017770128077723,False,0.9800443638015423,1.6060027270803694
2520,top_3,0.05061608317015907,True,0.21922081820449002,0.2475496321507022
2520,top_6,-0.06051395062746579,False,0.982442643989951,1.6161428424718451
2520,flag_nested,-0.052107035326111294,False,0.42436692443917656,0.6763819059297361
2534,market_1,0.11295845236002859,True,0.04850952648759185,0.04917914600938289
2534,block_2_3,0.19471087443488405,True,0.2831703925450761,0.28780954736856124
2534,block_4_6,0.16894759693599148,True,1.125534476358135,1.3824476305683053
2534,top_3,0.19004746258305846,True,0.2869960247003892,0.2900667233291395
2534,top_6,0.15519531732045025,True,1.1326096539902994,1.3759078211900082
2534,flag_nested,0.15793542420441883,True,0.49356814957679707,0.5882050763113882
2548,market_1,0.28298078139394545,True,0.047479851107116104,0.04733838605885718
2548,block_2_3,0.3950497865789932,True,0.23214677415963839,0.33250442024680255
2548,block_4_6,0.46278701464677646,True,1.2414167110112777,1.2866072246962752
2548,top_3,0.40039494914800056,True,0.2350236116456453,0.33480145974851194
2548,top_6,0.48963246344670414,True,1.251928834139735,1.2928422931188728
2548,flag_nested,0.4782231998529842,True,0.5309306325342521,0.5640730990667018
2562,market_1,0.0899940734648824,True,0.0417843032449249,0.05108192609151338
2562,block_2_3,0.1933851677090479,True,0.24554851383421586,0.3341661977017836
2562,block_4_6,-0.11951035224707472,False,1.6060027270803683,0.6428899808372524
2562,top_3,0.19280533680548986,True,0.2475496321507022,0.3346429760390879
2562,top_6,-0.1024099164573815,False,1.6161428424718456,0.657150575899632
2562,flag_nested,-0.05573491667573248,False,0.6763819059297361,0.334533232347482
2576,market_1,0.29895314094685166,True,0.04917914600938291,0.05507883564241147
2576,block_2_3,0.0706749300060086,True,0.28780954736856124,0.2715041707169551
2576,block_4_6,0.2444429348089521,True,1.3824476305683053,0.7350875455168238
2576,top_3,0.055911395292140294,True,0.29006672332913963,0.27072348582740324
2576,top_6,0.2375018971730502,True,1.375907821190009,0.7423274436551107
2576,flag_nested,0.21018381349588766,True,0.5882050763113886,0.34540664777788965
2590,market_1,0.09848626527424005,True,0.04733838605885717,0.06445108511228459
2590,block_2_3,0.2534503837809708,True,0.33250442024680243,0.25492409963765744
2590,block_4_6,-0.006319160507490829,False,1.2866072246962754,0.835639548899083
2590,top_3,0.23240731323164524,True,0.3348014597485121,0.25598278213727393
2590,top_6,-0.0033023350882885488,False,1.2928422931188726,0.8351853634142827
2590,flag_nested,0.02982669674667182,True,0.5640730990667018,0.3771632305770343
2604,market_1,-0.10094484494900566,False,0.051081926091513366,0.06414768748313
2604,block_2_3,0.2361264872204087,True,0.33416619770178363,0.2358290805527835
2604,block_4_6,0.2059615775077357,True,0.6428899808372521,0.772861024037403
2604,top_3,0.22033473083986257,True,0.334642976039088,0.23773564104589703
2604,top_6,0.19099782854519418,True,0.6571505758996321,0.7842930343195864
2604,flag_nested,0.18497102151340075,True,0.334533232347482,0.3542225262425281
2618,market_1,-0.41312264590906694,False,0.05507883564241148,0.07805985325967914
2618,block_2_3,0.21229725026088053,True,0.27150417071695515,0.20451014370132056
2618,block_4_6,-0.020656950803632026,False,0.7350875455168236,0.7024209217448492
2618,top_3,0.21239138481859962,True,0.27072348582740313,0.20527226977047244
2618,top_6,-0.005068952968922298,False,0.7423274436551114,0.7085906881746483
2618,flag_nested,0.015398317645191359,True,0.3454066477778899,0.32221478783227836
2632,market_1,-0.009063315599296977,False,0.06445108511228459,0.06536708209633309
2632,block_2_3,0.020870851723890308,True,0.2549240996376575,0.17132043972714492
2632,block_4_6,-0.19879423898886203,False,0.8356395488990833,0.5269506589561913
2632,top_3,-0.014761819041422587,False,0.25598278213727393,0.18144530575275644
2632,top_6,-0.1812254859023741,False,0.835185363414283,0.5509903720449333
2632,flag_nested,-0.14637202648443848,False,0.3771632305770345,0.25660355952856184
2646,market_1,0.08246312229760927,True,0.06414768748313002,0.06618218814350108
2646,block_2_3,-0.29096938269736744,False,0.2358290805527834,0.3351490852439775
2646,block_4_6,0.3142232873265228,True,0.7728610240374033,1.109240560531147
2646,top_3,-0.27902343944190544,False,0.23773564104589706,0.34111714188716874
2646,top_6,0.337823307376189,True,0.7842930343195864,1.095645951581227
2646,flag_nested,0.23577447832001483,True,0.35422252624252815,0.49319407139577487
2660,market_1,0.15571302362444178,True,0.07805985325967912,0.06301911796444269
2660,block_2_3,-0.21299542043410433,False,0.2045101437013206,0.3849678780739428
2660,block_4_6,0.48605381020724553,True,0.7024209217448492,1.1138767618007317
2660,top_3,-0.19988841518807315,False,0.2052722697704724,0.3900479163390056
2660,top_6,0.5299677030926865,True,0.7085906881746497,1.0780595590166009
2660,flag_nested,0.3917217761244029,True,0.3222147878322788,0.49838332339708913
2674,market_1,-0.023330623404385173,False,0.0653670820963331,0.0632199086810854
2674,block_2_3,0.025347120593309624,True,0.1713204397271449,0.44111250397240603
2674,block_4_6,0.19155184462883976,True,0.5269506589561916,1.42618185419519
2674,top_3,0.033330614094133924,True,0.18144530575275647,0.44308230190216547
2674,top_6,0.19864977755777535,True,0.5509903720449332,1.384597983483869
2674,flag_nested,0.16280964513047716,True,0.2566035595285618,0.6236633666633666
2688,market_1,-0.10130230674823512,False,0.06618218814350105,0.054704365070888036
2688,block_2_3,0.30457731922996917,True,0.33514908524397746,0.24984918816143642
2688,block_4_6,0.7394765801883177,True,1.1092405605311466,0.7519813252961123
2688,top_3,0.30204782817229864,True,0.3411171418871687,0.251909249197273
2688,top_6,0.6910552405365455,True,1.0956459515812271,0.7679118058822811
2688,flag_nested,0.6095585279131199,True,0.49319407139577504,0.3498953383090692
2702,market_1,0.0896380217433909,True,0.0630191179644427,0.04406615097598284
2702,block_2_3,0.2761824859811861,True,0.3849678780739429,0.20904464059348676
2702,block_4_6,0.6540931882749969,True,1.1138767618007315,0.7224905773902306
2702,top_3,0.27071356900536786,True,0.3900479163390058,0.21008026864586715
2702,top_6,0.6428657623099564,True,1.0780595590166009,0.7306133573638276
2702,flag_nested,0.5682210772287415,True,0.49838332339708935,0.3249908384550022
2716,market_1,0.11741028778221617,True,0.06321990868108539,0.05385834958447382
2716,block_2_3,-0.21599042409428448,False,0.44111250397240587,0.20215566065325213
2716,block_4_6,0.07926853487044194,True,1.4261818541951898,0.6213621520632192
2716,top_3,-0.23490204909221735,False,0.44308230190216547,0.2041396596554374
2716,top_6,0.07540255289699319,True,1.3845979834838695,0.6455301058131037
2716,flag_nested,0.02484206976525487,True,0.6236633666633666,0.293671996655944
2730,market_1,0.14407856255265158,True,0.054704365070888016,0.06727368637963442
2730,block_2_3,-0.1066591296345341,False,0.24984918816143653,0.17511605651558843
2730,block_4_6,-0.4855820183771233,False,0.7519813252961128,0.8458090277553039
2730,top_3,-0.14220983779882154,False,0.25190924919727303,0.18109998538716543
2730,top_6,-0.4728398552298232,False,0.7679118058822821,0.8589444505794357
2730,flag_nested,-0.41183788052980785,False,0.3498953383090695,0.37205162542096765
2744,market_1,0.12643892765141154,True,0.04406615097598285,0.060633333074356
2744,block_2_3,-0.06995677293156276,False,0.20904464059348674,0.17965037124864366
2744,block_4_6,-0.2700466566171229,False,0.7224905773902307,0.821890422706916
2744,top_3,-0.06271716564005841,False,0.21008026864586715,0.1887551187577582
2744,top_6,-0.2761032417846357,False,0.7306133573638273,0.8384884414409768
2744,flag_nested,-0.2422429940787838,False,0.32499083845500215,0.36432088937795487
2758,market_1,0.29095256313864243,True,0.05385834958447383,0.05692197037665427
2758,block_2_3,-0.14265543539519057,False,0.20215566065325222,0.2081217586153937
2758,block_4_6,0.3369807854717357,True,0.6213621520632198,0.5755243758810034
2758,top_3,-0.11506481820640692,False,0.2041396596554374,0.2157598284375453
2758,top_6,0.32612529253718336,True,0.6455301058131037,0.5767786122572993
2758,flag_nested,0.24301194543667443,True,0.293671996655944,0.27240253271020876
2772,market_1,0.028100256869160456,True,0.06727368637963442,0.05145831699352539
2772,block_2_3,0.018949233524048894,True,0.1751160565155884,0.18530552837211195
2772,block_4_6,-0.33902123160573444,False,0.845809027755304,0.9323522140793409
2772,top_3,0.058691159177665375,True,0.1810999853871654,0.18995573043707237
2772,top_6,-0.3300399676196603,False,0.858944450579435,0.9359428249139284
2772,flag_nested,-0.2913548389275686,False,0.37205162542096737,0.4008414235260757
2786,market_1,0.18519408759567008,True,0.06063333307435599,0.056412760658126844
2786,block_2_3,0.15576784120449272,True,0.17965037124864366,0.16770133580777735
2786,block_4_6,0.3858513091811682,True,0.8218904227069156,0.6289758135881305
2786,top_3,0.16807366243033142,True,0.1887551187577582,0.17632491199298705
2786,top_6,0.3731038939294987,True,0.8384884414409768,0.6436234328447807
2786,flag_nested,0.3443873563307486,True,0.36432088937795476,0.28738083613792453
2800,market_1,0.5800236555925691,True,0.05692197037665425,0.04989109074127855
2800,block_2_3,-0.16532761666003307,False,0.2081217586153937,0.1859917905887401
2800,block_4_6,-0.033053538926558775,False,0.5755243758810035,0.6612781253007133
2800,top_3,-0.11433693251987835,False,0.2157598284375454,0.19254689506983613
2800,top_6,-0.007012251901772528,False,0.5767786122572995,0.6805465430716459
2800,flag_nested,-0.00477817176791229,False,0.27240253271020887,0.3033773603124672
2814,market_1,0.3017949559165087,True,0.0514583169935254,0.04572638720421835
2814,block_2_3,-0.07759291803014429,False,0.18530552837211203,0.23056878173712297
2814,block_4_6,0.2629912568642927,True,0.9323522140793405,0.9767480656101695
2814,top_3,-0.06550257699052973,False,0.18995573043707237,0.23451646197567452
2814,top_6,0.27534382638313465,True,0.9359428249139283,0.9915275333205665
2814,flag_nested,0.2459705987832994,True,0.4008414235260757,0.42927617492092507
2828,market_1,0.14101442728073157,True,0.05641276065812682,0.03740983882989856
2828,block_2_3,-0.2473087962302383,False,0.1677013358077775,0.29033817078545915
2828,block_4_6,-0.05762714715485444,False,0.6289758135881309,1.2716704238820362
2828,top_3,-0.236953279025991,False,0.17632491199298703,0.29186706193389816
2828,top_6,-0.039020302769917005,False,0.6436234328447809,1.2785100067065056
2828,flag_nested,-0.05771777689263785,False,0.28738083613792453,0.5497510917345829
2842,market_1,-0.36926563807405444,False,0.04989109074127857,0.040038343599699544
2842,block_2_3,0.30511148163555835,True,0.18599179058874024,0.2144633811052357
2842,block_4_6,-0.3814338610999046,False,0.6612781253007132,1.1784363093891321
2842,top_3,0.27162814313132555,True,0.19254689506983624,0.21713129217240526
2842,top_6,-0.3684684626216465,False,0.6805465430716462,1.185948483895358
2842,flag_nested,-0.3056046665342834,False,0.30337736031246737,0.5017277177055068
2856,market_1,-0.15187725434400184,False,0.045726387204218344,0.03397598302998523
2856,block_2_3,0.08651709952613408,True,0.230568781737123,0.2095990275668638
2856,block_4_6,-0.4029840173155281,False,0.9767480656101697,0.690753260233815
2856,top_3,0.0827731082861113,True,0.23451646197567444,0.21181717582465118
2856,top_6,-0.3833349487181239,False,0.9915275333205666,0.712620719931122
2856,flag_nested,-0.3229836541062963,False,0.4292761749209251,0.31740813026788717
2870,market_1,-0.015351216377088342,False,0.037409838829898553,0.03282186835247742
2870,block_2_3,0.136685212568667,True,0.2903381707854591,0.1774022226584979
2870,block_4_6,-0.13037274387504919,False,1.2716704238820364,0.5156448386610311
2870,top_3,0.14012223482941477,True,0.2918670619338983,0.1796156884889993
2870,top_6,-0.1322218388798017,False,1.2785100067065076,0.5323284608881775
2870,flag_nested,-0.09407296918058605,False,0.5497510917345837,0.24302291785865743
2884,market_1,-0.1935628391061193,False,0.040038343599699565,0.03326731964674608
2884,block_2_3,0.2963585422877425,True,0.21446338110523577,0.17727591029920417
2884,block_4_6,0.29721569183770313,True,1.1784363093891328,0.5275333351529743
2884,top_3,0.28591121420431603,True,0.2171312921724052,0.18016567723271523
2884,top_6,0.2755810558797507,True,1.1859484838953582,0.5502335161004581
2884,flag_nested,0.26685879589499034,True,0.5017277177055068,0.2497720801332659
2898,market_1,-0.12677632767034547,False,0.03397598302998525,0.03876994020726296
2898,block_2_3,0.1971441332690313,True,0.20959902756686372,0.20350581531630768
2898,block_4_6,-0.09825072426302597,False,0.6907532602338149,0.6977613074172732
2898,top_3,0.18309892144624149,True,0.21181717582465107,0.20685809527867421
2898,top_6,-0.10669311153532389,False,0.7126207199311223,0.6991818128388295
2898,flag_nested,-0.06418257680128281,False,0.3174081302678873,0.3118371370206149
2912,market_1,0.010904434016475154,True,0.03282186835247741,0.048031719318422775
2912,block_2_3,-0.04798644292664377,False,0.1774022226584978,0.2535376468309781
2912,block_4_6,-0.1990415378227842,False,0.5156448386610312,0.8191450397920639
2912,top_3,-0.05176733868483823,False,0.17961568848899923,0.25570626694435866
2912,top_6,-0.2097449607962523,False,0.5323284608881775,0.8175860864632981
2912,flag_nested,-0.17873401920679657,False,0.24302291785865746,0.36811698209756494
2926,market_1,0.22325499222637207,True,0.03326731964674608,0.046038458249947255
2926,block_2_3,0.07470416253892409,True,0.1772759102992042,0.28125349765719904
2926,block_4_6,0.036837665058666105,True,0.5275333351529745,0.8702785772560019
2926,top_3,0.08325670296408044,True,0.18016567723271526,0.2825330203815897
2926,top_6,0.02151829107800163,True,0.550233516100458,0.8665574867903796
2926,flag_nested,0.0353604716969242,True,0.2497720801332659,0.3922773107026328
2940,market_1,0.377153077728794,True,0.03876994020726294,0.03948419895863309
2940,block_2_3,0.25043700421426046,True,0.20350581531630774,0.27432114237666305
2940,block_4_6,-0.16978080075256238,False,0.6977613074172732,1.212340298834078
2940,top_3,0.25600861626164023,True,0.20685809527867413,0.27475244955773576
2940,top_6,-0.17721592802812028,False,0.6991818128388294,1.2309194315486054
2940,flag_nested,-0.12132209603729166,False,0.3118371370206149,0.5284402324836625
2954,market_1,0.056097782224701874,True,0.048031719318422754,0.031577622372211164
2954,block_2_3,-0.02535580217376659,False,0.25353764683097824,0.2107983512765945
2954,block_4_6,-0.049111312658567004,False,0.8191450397920641,1.3537955171318459
2954,top_3,-0.02851177414464827,False,0.25570626694435866,0.212889442967294
2954,top_6,-0.03146450594544134,False,0.8175860864632982,1.3605506978491293
2954,flag_nested,-0.02987381499666085,False,0.3681169820975649,0.5697550509765423
2968,market_1,-0.277044230686182,False,0.04603845824994726,0.041592713408953784
2968,block_2_3,-0.14903657120504638,False,0.28125349765719887,0.23950872901890297
2968,block_4_6,0.25771574962175725,True,0.8702785772560016,1.0856799965326824
2968,top_3,-0.15204460336449388,False,0.2825330203815897,0.2418963117895856
2968,top_6,0.26880339515195595,True,0.8665574867903795,1.0862859756913668
2968,flag_nested,0.20848998896536844,True,0.3922773107026328,0.4668019914180012
2982,market_1,-0.35637111714407527,False,0.039484198958633074,0.047545184129957896
2982,block_2_3,-0.2919963279025314,False,0.27432114237666294,0.24801814407972875
2982,block_4_6,-0.11327252843495171,False,1.2123402988340775,0.7829157887572006
2982,top_3,-0.28932766817180455,False,0.27475244955773576,0.2483941895602718
2982,top_6,-0.11534774542538069,False,1.230919431548605,0.7910742362928357
2982,flag_nested,-0.13783895132974036,False,0.5284402324836623,0.35654851501224233
2996,market_1,0.09164164849739245,True,0.03157762237221115,0.03466267375259095
2996,block_2_3,0.3227237187897847,True,0.2107983512765945,0.23288248890698973
2996,block_4_6,-0.3752876913878721,False,1.3537955171318452,0.5646904175872571
2996,top_3,0.315100344694893,True,0.21288944296729403,0.23394116078740312
2996,top_6,-0.3862319639496897,False,1.3605506978491282,0.5775917827323569
2996,flag_nested,-0.289943117973022,False,0.5697550509765419,0.2739459212481935
3010,market_1,0.031916827661199805,True,0.04159271340895377,0.04074300894412949
3010,block_2_3,0.2670489247576895,True,0.23950872901890288,0.23015199309276047
3010,block_4_6,-0.5943234938475646,False,1.0856799965326818,1.0168805887408097
3010,top_3,0.25490350500159764,True,0.24189631178958557,0.23296514636886895
3010,top_6,-0.6023988982234897,False,1.0862859756913676,1.0224230803709813
3010,flag_nested,-0.5188240642176492,False,0.46680199141800144,0.44042676856044066
3024,market_1,-0.1930428483249897,False,0.0475451841299579,0.033364778317838246
3024,block_2_3,0.17327084101403178,True,0.2480181440797287,0.25045817086873895
3024,block_4_6,-0.18813640285382663,False,0.7829157887572006,0.7046276172529096
3024,top_3,0.16440331719317783,True,0.24839418956027176,0.25265919126572506
3024,top_6,-0.22158397566569904,False,0.7910742362928356,0.7110079725068047
3024,flag_nested,-0.151488515575085,False,0.35654851501224233,0.3265692681559632
3038,market_1,-0.10022042438704605,False,0.03466267375259095,0.0349307353058651
3038,block_2_3,0.1855844052741711,True,0.23288248890698965,0.23210907438125664
3038,block_4_6,0.11803794052162057,True,0.564690417587257,0.48606489957781474
3038,top_3,0.18756375284908683,True,0.23394116078740318,0.23425982658254826
3038,top_6,0.1011507230016753,True,0.5775917827323569,0.4956650218794742
3038,flag_nested,0.1207171396146608,True,0.2739459212481935,0.24588618106412613
3052,market_1,0.19032601913405905,True,0.04074300894412949,0.038526657105888304
3052,block_2_3,0.36002780941069934,True,0.23015199309276047,0.2125396097132857
3052,block_4_6,-0.38729126027156174,False,1.0168805887408094,0.5231596638500483
3052,top_3,0.3587159107459897,True,0.23296514636886909,0.21466548551795914
3052,top_6,-0.3911819073933995,False,1.0224230803709817,0.523144885962932
3052,flag_nested,-0.25977842932343703,False,0.4404267685604408,0.2499162969546069
3066,market_1,0.3874021668468965,True,0.033364778317838246,0.03270405426644554
3066,block_2_3,0.3189344981052717,True,0.25045817086873884,0.23285996800414463
3066,block_4_6,-0.31729190910999144,False,0.7046276172529098,0.6460036601975659
3066,top_3,0.32006221863845674,True,0.2526591912657251,0.23493282114021874
3066,top_6,-0.35592449230497,False,0.7110079725068043,0.6441128218030404
3066,flag_nested,-0.20996668947442998,False,0.3265692681559631,0.2976814626133263
3080,market_1,0.23038812556396263,True,0.034930735305865074,0.040672218812608726
3080,block_2_3,0.09741336664117271,True,0.23210907438125666,0.19524270352250028
3080,block_4_6,0.23548354815008757,True,0.48606489957781474,0.610113837109429
3080,top_3,0.10200559538112583,True,0.23425982658254826,0.19926418174711097
3080,top_6,0.21187226695182929,True,0.49566502187947403,0.6245087487788807
3080,flag_nested,0.1848239200976576,True,0.24588618106412607,0.28265083933329554
3094,market_1,-0.006310563022710918,False,0.038526657105888325,0.056534400874338246
3094,block_2_3,0.08157213886070122,True,0.21253960971328573,0.14918912844440957
3094,block_4_6,-0.25431227978236565,False,0.5231596638500484,0.588102789950925
3094,top_3,0.10785783503979181,True,0.21466548551795922,0.1531070323782501
3094,top_6,-0.263855163816024,False,0.5231448859629322,0.6005025458295172
3094,flag_nested,-0.18977081266296464,False,0.249916296954607,0.2666657286968096
3108,market_1,0.36318927602444223,True,0.032704054266445536,0.04002684642587188
3108,block_2_3,-0.21418505241388805,False,0.23285996800414463,0.17776013782666053
3108,block_4_6,-0.24059759969718242,False,0.646003660197566,0.5481121363898628
3108,top_3,-0.19540520576643786,False,0.23493282114021868,0.18168791621525404
3108,top_6,-0.24153263106654205,False,0.6441128218030399,0.5634860734416035
3108,flag_nested,-0.22198764071720284,False,0.29768146261332606,0.25597865906123257
3122,market_1,0.26086139926316143,True,0.04067221881260872,0.04291772323532675
3122,block_2_3,0.03656785328647165,True,0.19524270352250034,0.17687458859696023
3122,block_4_6,-0.23993798008053902,False,0.6101138371094291,0.8526014271577476
3122,top_3,0.04682158785548746,True,0.199264181747111,0.1803788222546869
3122,top_6,-0.2603483861949351,False,0.6245087487788806,0.8641218439304068
3122,flag_nested,-0.21400131862347088,False,0.28265083933329554,0.37032219890249773
3136,market_1,-0.43187574533994155,False,0.056534400874338246,0.037764183726725783
3136,block_2_3,-0.02088433096881853,False,0.14918912844440954,0.17747930152715874
3136,block_4_6,-0.5010336333246872,False,0.5881027899509252,0.770432416263043
3136,top_3,-0.014575956401103669,False,0.15310703237824996,0.1793782407740837
3136,top_6,-0.48474600933006295,False,0.6005025458295175,0.7797827687326488
3136,flag_nested,-0.4328588558789028,False,0.26666572869680966,0.3368904555821377
3150,market_1,0.28793860023878265,True,0.040026846425871884,0.03738636895909296
3150,block_2_3,-0.025902088094293584,False,0.1777601378266606,0.15373013353798948
3150,block_4_6,-0.15895612672453918,False,0.5481121363898626,0.7246750028397423
3150,top_3,-0.008928123662121716,False,0.1816879162152542,0.15767271833087135
3150,top_6,-0.13220329410285248,False,0.5634860734416034,0.7324564519260622
3150,flag_nested,-0.10856439879272443,False,0.2559786590612326,0.31480159616375336
3164,market_1,-0.06446575526991202,False,0.04291772323532675,0.04692487812254021
3164,block_2_3,-0.2025184682561041,False,0.17687458859696012,0.20868669630407616
3164,block_4_6,-0.6521934282076355,False,0.852601427157747,1.0528583398271714
3164,top_3,-0.19420803586661034,False,0.1803788222546869,0.2129819519072143
3164,top_6,-0.631119833833078,False,0.8641218439304064,1.058041338350995
3164,flag_nested,-0.5907609648892105,False,0.3703221989024976,0.451550248672443
3178,market_1,0.03428588350124294,True,0.03776418372672579,0.04766504253426985
3178,block_2_3,-0.0725084795141206,False,0.17747930152715874,0.20836385326029383
3178,block_4_6,-0.10451180438333743,False,0.7704324162630432,0.7566937205819037
3178,top_3,-0.05440013566344015,False,0.17937824077408376,0.21283973495451047
3178,top_6,-0.0875667334507083,False,0.7797827687326494,0.7658764111486156
3178,flag_nested,-0.08176492040232197,False,0.33689045558213787,0.3393130119284303
3192,market_1,0.20272849827329667,True,0.03738636895909298,0.05353947804771416
3192,block_2_3,0.18494315553598725,True,0.15373013353798945,0.20543919565042595
3192,block_4_6,0.03135009908474683,True,0.7246750028397423,1.504913215960026
3192,top_3,0.19485891721252413,True,0.15767271833087135,0.211232082003818
3192,top_6,0.03141074963514561,True,0.7324564519260622,1.5158776439720545
3192,flag_nested,0.04206060193822607,True,0.31480159616375336,0.6330247323613999
3206,market_1,0.35785182625637224,True,0.04692487812254023,0.06419854041980785
3206,block_2_3,0.023410212156717916,True,0.20868669630407613,0.2075010274346545
3206,block_4_6,0.20059601691895768,True,1.0528583398271711,1.1880415776969244
3206,top_3,0.0534245438280298,True,0.21298195190721447,0.21233338148377767
3206,top_6,0.2076930847586795,True,1.0580413383509946,1.1924198690095777
3206,flag_nested,0.19934485075304348,True,0.45155024867244276,0.506090372256723
3220,market_1,0.43147011113800093,True,0.04766504253426986,0.07548525691716175
3220,block_2_3,0.2022220248613503,True,0.2083638532602939,0.22771297734764517
3220,block_4_6,0.31238132686339903,True,0.7566937205819037,1.5089041577125701
3220,top_3,0.22928697585265934,True,0.21283973495451042,0.23351234726209694
3220,top_6,0.30122399014618545,True,0.765876411148616,1.5182851050476216
3220,flag_nested,0.2940147421552113,True,0.33931301192843044,0.6388053742375
3234,market_1,0.5634396266674632,True,0.053539478047714174,0.08727698180014513
3234,block_2_3,0.2123878682502868,True,0.20543919565042595,0.24033376075714433
3234,block_4_6,-0.2522735172702302,False,1.5049132159600256,1.265870268718577
3234,top_3,0.2327982349141468,True,0.2112320820038179,0.24186388882071766
3234,top_6,-0.24569303233857773,False,1.5158776439720547,1.2650140829683116
3234,flag_nested,-0.20961491229801946,False,0.6330247323614,0.542057890643299
3248,market_1,0.5958028613195818,True,0.06419854041980784,0.07835087217881893
3248,block_2_3,-0.07832229521273415,False,0.20750102743465434,0.2883856367293486
3248,block_4_6,-0.28185242555896,False,1.1880415776969249,1.2451799619881554
3248,top_3,-0.08495972192396023,False,0.2123333814837776,0.28403159967690234
3248,top_6,-0.2738760656187163,False,1.1924198690095773,1.242161096558499
3248,flag_nested,-0.24326549754666665,False,0.5060903722567229,0.5386936736310262
3262,market_1,0.537147011280175,True,0.07548525691716171,0.06778394057888792
3262,block_2_3,-0.014439491113942604,False,0.2277129773476453,0.30170414200919915
3262,block_4_6,0.16049228100253143,True,1.5089041577125708,1.5558586050769831
3262,top_3,-0.0259040254122091,False,0.23351234726209685,0.29677014398136886
3262,top_6,0.17539046627631355,True,1.518285105047621,1.5589231316820786
3262,flag_nested,0.1685489357014649,True,0.6388053742374998,0.6625650084851195
3276,market_1,0.442132775867925,True,0.08727698180014512,0.05437308984112194
3276,block_2_3,-0.2107197497517845,False,0.24033376075714433,0.2742071716229881
3276,block_4_6,0.13877656174982575,True,1.2658702687185772,1.4411639441694488
3276,top_3,-0.2320795126376139,False,0.24186388882071766,0.27312841568013324
3276,top_6,0.14097590929208753,True,1.2650140829683125,1.4581169991999425
3276,flag_nested,0.12034277813047148,True,0.5420578906432993,0.6182019685686531
3290,market_1,0.3701512096017453,True,0.07835087217881893,0.040287297189099736
3290,block_2_3,-0.27162417244258746,False,0.2883856367293485,0.2872746518117677
3290,block_4_6,-0.12593820283131746,False,1.2451799619881558,1.3723461144502274
3290,top_3,-0.2847101068129245,False,0.2840315996769022,0.28808148741024536
3290,top_6,-0.14801356241749783,False,1.2421610965584995,1.385537253254549
3290,flag_nested,-0.15408794627182115,False,0.5386936736310263,0.590964432773803
3304,market_1,0.06556232643041986,True,0.06778394057888795,0.0408300929211466
3304,block_2_3,-0.2435015337718965,False,0.3017041420091993,0.2897732067900043
3304,block_4_6,-0.4545908499744283,False,1.5558586050769827,1.5249076568758262
3304,top_3,-0.25301754393935993,False,0.296770143981369,0.2923174999271134
3304,top_6,-0.44243837085371357,False,1.558923131682079,1.5303213400854976
3304,flag_nested,-0.4260716703138124,False,0.6625650084851196,0.6484320864434001
3318,market_1,0.323279884510944,True,0.05437308984112194,0.03866057322666216
3318,block_2_3,0.07682050089607123,True,0.274207171622988,0.28882190191970647
3318,block_4_6,0.28958521867875975,True,1.4411639441694488,1.382952732056953
3318,top_3,0.06824149467701825,True,0.2731284156801332,0.29057669234217526
3318,top_6,0.2884311713678064,True,1.4581169991999428,1.3808539879012875
3318,flag_nested,0.27244218265319475,True,0.6182019685686533,0.5894340793932787
3332,market_1,0.19676740836991938,True,0.04028729718909972,0.048677741867699534
3332,block_2_3,-0.02063073783623628,False,0.2872746518117677,0.3500378042167104
3332,block_4_6,-0.049217102944335615,False,1.3723461144502274,1.6944243098133795
3332,top_3,-0.018925233171258556,False,0.28808148741024536,0.35243975359200497
3332,top_6,-0.05949181859251076,False,1.385537253254549,1.6768514585922196
3332,flag_nested,-0.055058128891238456,False,0.590964432773803,0.7158299971975272
3346,market_1,0.11195193698114424,True,0.04083009292114658,0.06571938231408606
3346,block_2_3,0.27960944678326904,True,0.2897732067900043,0.31890229867682945
3346,block_4_6,-0.17548066893964417,False,1.524907656875826,1.492831348526351
3346,top_3,0.2765195525253903,True,0.2923174999271134,0.3206228256369291
3346,top_6,-0.197834271703254,False,1.5303213400854971,1.4744117571091024
3346,flag_nested,-0.15943158422935108,False,0.6484320864433998,0.6331669402575753
3360,market_1,0.1333670402453084,True,0.03866057322666215,0.07042924739161635
3360,block_2_3,0.21578269828355745,True,0.2888219019197067,0.3218946144390686
3360,block_4_6,0.0625330189648719,True,1.3829527320569523,0.944434931046626
3360,top_3,0.20758660220167016,True,0.2905766923421753,0.32104848972679667
3360,top_6,0.02857493300762655,True,1.3808539879012882,0.9506364519512914
3360,flag_nested,0.050878810445999255,True,0.589434079393279,0.43581639915204945
3374,market_1,0.26908416282483766,True,0.04867774186769956,0.05226920041169788
3374,block_2_3,0.0287841595286997,True,0.3500378042167102,0.29608648584602604
3374,block_4_6,-0.18682023906292183,False,1.6944243098133798,1.370637825882019
3374,top_3,0.02336765988915802,True,0.352439753592005,0.29621434954652776
3374,top_6,-0.19666861579999295,False,1.6768514585922196,1.379643163551673
3374,flag_nested,-0.17572128314172508,False,0.7158299971975273,0.5909446613064379
3388,market_1,-0.12951853665211224,False,0.06571938231408607,0.05755489406728294
3388,block_2_3,-0.10527332910970119,False,0.31890229867682945,0.3515846901974843
3388,block_4_6,-0.05381489936759973,False,1.4928313485263518,0.6901537109142253
3388,top_3,-0.10557225505786394,False,0.32062282563692923,0.3551977911644109
3388,top_6,-0.000841301531548557,False,1.474411757109102,0.7001203535092584
3388,flag_nested,-0.020568777911501433,False,0.633166940257575,0.3564582364692622
3402,market_1,-0.2722451202579258,False,0.07042924739161635,0.051265071515267026
3402,block_2_3,0.07894690705048313,True,0.3218946144390687,0.3658496277679026
3402,block_4_6,0.004541929600040021,True,0.9444349310466258,0.7015893297772606
3402,top_3,0.09174594324681801,True,0.32104848972679667,0.36790120244636937
3402,top_6,0.0890281308509717,True,0.9506364519512919,0.6765954440505227
3402,flag_nested,0.0793064147211035,True,0.4358163991520496,0.3521961171889145
3416,market_1,0.050351202748426756,True,0.05226920041169788,0.055682116818218275
3416,block_2_3,0.24757525519127743,True,0.2960864858460259,0.31070291516213255
3416,block_4_6,0.1281978937192351,True,1.3706378258820189,1.0639430375013923
3416,top_3,0.25248256576837613,True,0.2962143495465278,0.31479552370084257
3416,top_6,0.12326373507247279,True,1.3796431635516726,1.0495031450304588
3416,flag_nested,0.136250938252674,True,0.5909446613064376,0.46873096116236124
3430,market_1,0.2123747379586625,True,0.05755489406728292,0.059465396561615876
3430,block_2_3,0.26072950918596516,True,0.35158469019748434,0.2623383472092228
3430,block_4_6,0.05358243430090255,True,0.6901537109142254,0.8998758063120411
3430,top_3,0.26520841149843366,True,0.35519779116441086,0.26764597845001353
3430,top_6,0.04185625703755394,True,0.700120353509258,0.897980507743185
3430,flag_nested,0.09426837222306957,True,0.35645823646926206,0.4022550045632372
3444,market_1,0.47355834910971856,True,0.05126507151526704,0.06756099953945269
3444,block_2_3,0.21708161464946676,True,0.36584962776790253,0.2954408504894401
3444,block_4_6,0.16149903855815884,True,0.7015893297772607,0.8040901036824226
3444,top_3,0.22028044301900826,True,0.36790120244636937,0.30163132326916375
3444,top_6,0.10764929013576234,True,0.676595444050523,0.8115542773295319
3444,flag_nested,0.14661548189710294,True,0.3521961171889146,0.38034418346165794
3458,market_1,0.5335319415857943,True,0.05568211681821826,0.0627927433805455
3458,block_2_3,-0.001965135119389532,False,0.3107029151621326,0.3723124169585202
3458,block_4_6,-0.3148089530553157,False,1.0639430375013919,0.9802107053817857
3458,top_3,0.00909803386111483,True,0.31479552370084257,0.37489151094133066
3458,top_6,-0.3603388085030232,False,1.04950314503046,0.9497348729055068
3458,flag_nested,-0.2741909704483518,False,0.4687309611623617,0.4484679829694492
3472,market_1,0.3044922656048785,True,0.059465396561615896,0.05699596380453541
3472,block_2_3,0.30466316519299863,True,0.2623383472092228,0.37783122126932717
3472,block_4_6,0.13229172065712275,True,0.8998758063120408,1.6041404982809018
3472,top_3,0.31253263108316354,True,0.26764597845001353,0.37877548388560134
3472,top_6,0.08680633607397975,True,0.8979805077431838,1.5938988293657157
3472,flag_nested,0.11657296479513655,True,0.4022550045632368,0.6888331258946766
3486,market_1,0.347865899592974,True,0.06756099953945267,0.04835068493276053
3486,block_2_3,0.4730260009991518,True,0.29544085048943997,0.388669020081948
3486,block_4_6,0.17524840955631396,True,0.8040901036824225,0.7227894107522376
3486,top_3,0.46443685373769966,True,0.3016313232691638,0.38935752072780666
3486,top_6,0.08572048495726863,True,0.8115542773295321,0.6776865333904504
3486,flag_nested,0.19861256988687745,True,0.380344183461658,0.3597416498530988
3500,market_1,0.5549140779326959,True,0.06279274338054551,0.060622212466542945
3500,block_2_3,0.2246641915580184,True,0.37231241695852,0.3685501928853506
3500,block_4_6,-0.5564434361431819,False,0.9802107053817859,0.9454558628703453
3500,top_3,0.22310467583324026,True,0.37489151094133044,0.37044095924327974
3500,top_6,-0.6019560223812879,False,0.9497348729055064,0.9366402499205375
3500,flag_nested,-0.3872051264763112,False,0.448467982969449,0.4423042471360262
3514,market_1,0.5181461571487977,True,0.0569959638045354,0.07519382707250294
3514,block_2_3,-0.16005219617793565,False,0.3778312212693272,0.4758487449092273
3514,block_4_6,-0.766770149805477,False,1.6041404982809027,1.08647259357621
3514,top_3,-0.15879297682909033,False,0.3787754838856013,0.4777406707002262
3514,top_6,-0.7969295446210084,False,1.593898829365715,1.0848082739600566
3514,flag_nested,-0.6527466485644076,False,0.6888331258946766,0.5271315392311579
3528,market_1,0.689762133680343,True,0.04835068493276054,0.07574582369827917
3528,block_2_3,-0.22234492781407175,False,0.388669020081948,0.5493767277000174
3528,block_4_6,-0.27722536601384645,False,0.7227894107522375,1.0814461434617468
3528,top_3,-0.2186051553241935,False,0.3893575207278067,0.5517498793473555
3528,top_6,-0.20668856363662527,False,0.6776865333904507,1.0314450369352384
3528,flag_nested,-0.19389817592473071,False,0.3597416498530989,0.5334103020165563
3542,market_1,0.41958230886140213,True,0.06062221246654296,0.0558673192561839
3542,block_2_3,0.09996100881805557,True,0.3685501928853506,0.41337449358558265
3542,block_4_6,-0.22762632334391186,False,0.9454558628703458,0.7262961689559383
3542,top_3,0.10306706327293194,True,0.37044095924327985,0.41644892014944795
3542,top_6,-0.22953967712669004,False,0.9366402499205368,0.6916935217922268
3542,flag_nested,-0.10889152349031139,False,0.44230424713602595,0.3750613901842938
3556,market_1,0.2751367048466058,True,0.07519382707250293,0.05542365174252688
3556,block_2_3,0.4054551478437404,True,0.4758487449092271,0.45438643333741374
3556,block_4_6,0.15366374770508895,True,1.0864725935762098,1.3782303530899511
3556,top_3,0.40495359851750234,True,0.477740670700226,0.4577028643519685
3556,top_6,0.08830298679565449,True,1.0848082739600573,1.3237378336144845
3556,flag_nested,0.16265466353169603,True,0.5271315392311581,0.6041104153007714
3570,market_1,0.2004822491887453,True,0.07574582369827916,0.04395560495196128
3570,block_2_3,0.6633828275852203,True,0.5493767277000173,0.733579759069869
3570,block_4_6,-0.4742473232990942,False,1.0814461434617468,1.4426744375802736
3570,top_3,0.6620562227437086,True,0.5517498793473552,0.7348452205441739
3570,top_6,-0.7780378640756472,False,1.031445036935238,1.2792116902148727
3570,flag_nested,-0.22506867039382808,False,0.5334103020165559,0.6742860564992402
3584,market_1,0.41553048473231347,True,0.055867319256183885,0.03971475031001065
3584,block_2_3,0.4882866526357707,True,0.41337449358558276,0.6583312920459952
3584,block_4_6,-0.09901059608642515,False,0.7262961689559378,0.9750548751145879
3584,top_3,0.4871643431479452,True,0.416448920149448,0.6594850781706598
3584,top_6,-0.39296641878370275,False,0.6916935217922272,0.760474565979481
3584,flag_nested,0.059879354672561155,True,0.375061390184294,0.49288711867159496
3598,market_1,0.2522444371572008,True,0.055423651742526905,0.03674317062148996
3598,block_2_3,0.32738442992259725,True,0.454386433337414,0.500919298930996
3598,block_4_6,-0.473619941005548,False,1.3782303530899516,1.0746557806795165
3598,top_3,0.32701979312412477,True,0.45770286435196844,0.5020687597007154
3598,top_6,-0.602970979446134,False,1.3237378336144845,0.9999119792349332
3598,flag_nested,-0.35432125515489765,False,0.6041104153007714,0.5020077039044106
3612,market_1,0.20247735842350242,True,0.04395560495196129,0.03546288051910724
3612,block_2_3,-0.573158232215102,False,0.7335797590698695,0.6365985479216968
3612,block_4_6,-0.6852838438819653,False,1.4426744375802738,1.0299586506804062
3612,top_3,-0.571182651223529,False,0.7348452205441738,0.6367564030967499
3612,top_6,-0.6844564711622427,False,1.2792116902148725,0.8861998869811325
3612,flag_nested,-0.6256022869455237,False,0.6742860564992402,0.5170127930111381
3626,market_1,0.21102252821708892,True,0.03971475031001064,0.04776496557537503
3626,block_2_3,-0.2522150214799107,False,0.6583312920459949,0.3572597736492621
3626,block_4_6,0.2966928534017701,True,0.9750548751145871,1.1592539221061804
3626,top_3,-0.24942748312870586,False,0.65948507817066,0.35752635022622375
3626,top_6,0.42683227336182433,True,0.7604745659794807,1.153531870235262
3626,flag_nested,0.1697358746530003,True,0.49288711867159496,0.5163937305130538
3640,market_1,0.032673673043123345,True,0.03674317062148996,0.06495617805057406
3640,block_2_3,-0.3125812350451574,False,0.5009192989309961,0.29334268647531203
3640,block_4_6,-0.4064988658508187,False,1.0746557806795163,1.482391877662662
3640,top_3,-0.3123123644773241,False,0.5020687597007155,0.28984254998357994
3640,top_6,-0.4096878185963919,False,0.999911979234933,1.4898261940820685
3640,flag_nested,-0.36685851519483564,False,0.5020077039044106,0.634154992429119
3654,market_1,-0.001984601087696849,False,0.03546288051910723,0.06448520431212991
3654,block_2_3,-0.41329837042352435,False,0.6365985479216968,0.2970587852620011
3654,block_4_6,-0.4412039775732804,False,1.029958650680406,1.4693939157643878
3654,top_3,-0.4124977155769003,False,0.6367564030967499,0.2955787743656269
3654,top_6,-0.4486543160643318,False,0.8861998869811321,1.4746352325772452
3654,flag_nested,-0.3800478446251717,False,0.5170127930111381,0.6290512356345576
3668,market_1,0.29439670666150575,True,0.04776496557537504,0.051773492841883824
3668,block_2_3,0.19855457638805066,True,0.3572597736492623,0.20584684754903995
3668,block_4_6,0.2530679739284348,True,1.15925392210618,0.6276711821468134
3668,top_3,0.18382728775040458,True,0.35752635022622375,0.2060478524204494
3668,top_6,0.24408825373928061,True,1.1535318702352615,0.6322544099975849
3668,flag_nested,0.23402575992434582,True,0.5163937305130536,0.2888886871275983
3682,market_1,0.5812015920674776,True,0.06495617805057405,0.039517256250392735
3682,block_2_3,-0.34700537407472903,False,0.29334268647531203,0.25803160579753176
3682,block_4_6,0.11876646836379916,True,1.4823918776626623,0.5207107260338619
3682,top_3,-0.3602585107262438,False,0.28984254998357994,0.258568013507594
3682,top_6,0.15069789349087134,True,1.4898261940820687,0.5020194857284362
3682,flag_nested,0.06929833285449866,True,0.6341549924291192,0.2566151724921078
3696,market_1,0.2556771447905159,True,0.0644852043121299,0.04665237465427968
3696,block_2_3,0.016011871394388207,True,0.2970587852620012,0.2546476826516287
3696,block_4_6,-0.1864388327069949,False,1.4693939157643874,0.5893291678500823
3696,top_3,-0.0025096052048496015,False,0.2955787743656271,0.2568253872084303
3696,top_6,-0.17384064197255927,False,1.4746352325772452,0.6121397631782172
3696,flag_nested,-0.13745886800008422,False,0.6290512356345573,0.2943049192755432
3710,market_1,0.08022733988748933,True,0.051773492841883796,0.051926758919306704
3710,block_2_3,0.08899075512933981,True,0.20584684754903995,0.27076332915518164
3710,block_4_6,-0.015254639571462048,False,0.6276711821468136,0.5219333323313233
3710,top_3,0.07255599074009414,True,0.20604785242044943,0.27490991582685503
3710,top_6,-0.04691589540488939,False,0.6322544099975848,0.5270572562496174
3710,flag_nested,-0.012963185319532017,False,0.2888886871275983,0.2723718673543013
3724,market_1,0.37557188791317714,True,0.03951725625039272,0.03459744563632079
3724,block_2_3,-0.17176387348883085,False,0.25803160579753176,0.26261871429496225
3724,block_4_6,0.033710343429811766,True,0.5207107260338619,0.6365307380162885
3724,top_3,-0.16397558029120263,False,0.2585680135075939,0.26423637544525763
3724,top_6,0.08697126833837455,True,0.5020194857284364,0.6376989963857769
3724,flag_nested,0.018212782206420145,True,0.25661517249210775,0.30372236051907403
3738,market_1,0.43081157432319717,True,0.04665237465427968,0.0371699947933542
3738,block_2_3,0.11806324811722818,True,0.2546476826516286,0.21314252240730647
3738,block_4_6,0.19379870777544578,True,0.5893291678500824,0.5227029729981386
3738,top_3,0.11941888167190857,True,0.2568253872084303,0.2159709754024425
3738,top_6,0.1645293406252164,True,0.6121397631782171,0.5200974933885391
3738,flag_nested,0.15944069508295053,True,0.29430491927554314,0.24902408790424074
3752,market_1,0.5425356006525708,True,0.05192675891930669,0.043899967760083855
3752,block_2_3,0.20311788490442928,True,0.27076332915518164,0.3266718204375046
3752,block_4_6,0.13217126574776755,True,0.5219333323313232,0.5103797667409318
3752,top_3,0.2068699079682669,True,0.27490991582685487,0.3285796055915661
3752,top_6,0.1396005607693723,True,0.5270572562496174,0.47808241379486666
3752,flag_nested,0.17749197305028902,True,0.2723718673543013,0.27569764592676604
3766,market_1,0.2656276808107755,True,0.03459744563632079,0.06122146863970539
3766,block_2_3,0.36074876927922805,True,0.2626187142949623,0.3284995894270557
3766,block_4_6,0.05054860135192627,True,0.6365307380162883,0.4544524356629612
3766,top_3,0.35857715377426536,True,0.26423637544525763,0.33194446114424325
3766,top_6,-0.022071475682195824,False,0.6376989963857769,0.4164477944921417
3766,flag_nested,0.12586625350106556,True,0.30372236051907403,0.26340444992459405
3780,market_1,0.4991065596827577,True,0.03716999479335423,0.05927768047982585
3780,block_2_3,0.24426452644422406,True,0.2131425224073064,0.315839212016718
3780,block_4_6,0.32321025803705666,True,0.5227029729981385,0.4976815238034206
3780,top_3,0.24925321804528747,True,0.21597097540244245,0.3193028805571072
3780,top_6,0.20875451124961397,True,0.5200974933885394,0.4879373444839679
3780,flag_nested,0.22634117399638737,True,0.24902408790424085,0.2778112583585628
3794,market_1,0.741035476539617,True,0.04389996776008384,0.050870182828944656
3794,block_2_3,0.07675391013909702,True,0.32667182043750453,0.27822764276996875
3794,block_4_6,0.23429163887157847,True,0.5103797667409319,0.4991535470310283
3794,top_3,0.08384325056874822,True,0.32857960559156596,0.28047687541670285
3794,top_6,0.18038787395858755,True,0.47808241379486693,0.4972442587888072
3794,flag_nested,0.15595883593839485,True,0.27569764592676604,0.2646107396383617
3808,market_1,0.6721795372816537,True,0.0612214686397054,0.05126005955363924
3808,block_2_3,0.344046621243245,True,0.3284995894270559,0.24891330942885398
3808,block_4_6,0.24583561970687415,True,0.45445243566296095,0.5119375525907531
3808,top_3,0.34484858447676947,True,0.3319444611442433,0.25052420366795375
3808,top_6,0.23634482598788498,True,0.4164477944921417,0.5208565985390579
3808,flag_nested,0.2926349178144946,True,0.26340444992459405,0.2622282440042319
3822,market_1,0.5310751869407725,True,0.05927768047982587,0.045506240484218606
3822,block_2_3,0.48717128028265105,True,0.3158392120167179,0.230477847665334
3822,block_4_6,0.3692237979615473,True,0.49768152380342073,0.6282837047250754
3822,top_3,0.4808633872680021,True,0.3193028805571071,0.23224682027605853
3822,top_6,0.29154099597124067,True,0.487937344483968,0.6231365239458649
3822,flag_nested,0.34732395073035605,True,0.27781125835856285,0.29114750158355024
3836,market_1,0.5599760857894025,True,0.050870182828944635,0.04248984997979885
3836,block_2_3,0.3975801872560417,True,0.27822764276996886,0.22644162875904458
3836,block_4_6,0.1005852189237494,True,0.4991535470310281,1.4723034987077996
3836,top_3,0.3939080396164214,True,0.2804768754167028,0.2286276225221481
3836,top_6,0.07501150184622987,True,0.49724425878880735,1.474462428935336
3836,flag_nested,0.11499381358513479,True,0.26461073963836174,0.617712575827138
3850,market_1,0.2845752931936289,True,0.0512600595536392,0.0373682652916836
3850,block_2_3,0.4478496334404121,True,0.248913309428854,0.20866678310017478
3850,block_4_6,0.08018045499509593,True,0.5119375525907531,0.8827357326440434
3850,top_3,0.4409789699007616,True,0.25052420366795375,0.21067878499926124
3850,top_6,0.10342259392865157,True,0.5208565985390581,0.894180083937086
3850,flag_nested,0.1610996278718358,True,0.2622282440042319,0.3865892408644094
3864,market_1,0.05868261869270959,True,0.045506240484218585,0.035941692825365384
3864,block_2_3,0.41941519704111235,True,0.23047784766533405,0.2622170825542357
3864,block_4_6,-0.4244353773342119,False,0.6282837047250754,1.2104646648426531
3864,top_3,0.4146959284267592,True,0.23224682027605856,0.2636197808125528
3864,top_6,-0.4078889837045611,False,0.6231365239458646,1.2202962667402737
3864,flag_nested,-0.28373665178034724,False,0.29114750158355013,0.5221533280545226
3878,market_1,-0.32983810560438603,False,0.04248984997979883,0.04308508816939443
3878,block_2_3,0.16188715660130953,True,0.22644162875904467,0.2399918871975293
3878,block_4_6,0.7023659407080067,True,1.4723034987077996,0.9532856983016594
3878,top_3,0.16025979185909778,True,0.22862762252214786,0.24128712407666944
3878,top_6,0.6925483696629408,True,1.4744624289353359,0.9621521226357629
3878,flag_nested,0.6417367970486505,True,0.6177125758271379,0.41898957992577635
3892,market_1,-0.03739029405129584,False,0.03736826529168362,0.039706860749036905
3892,block_2_3,0.16506429730547706,True,0.20866678310017472,0.2551055642795096
3892,block_4_6,0.4090515245446695,True,0.8827357326440433,0.7254345700240877
3892,top_3,0.16030520994689254,True,0.21067878499926132,0.2568956343573065
3892,top_6,0.3960214628762651,True,0.8941800839370866,0.7383550601853942
3892,flag_nested,0.35490594431010886,True,0.38658924086440966,0.33828457880614937
3906,market_1,-0.1215128710818753,False,0.03594169282536537,0.036798961467590596
3906,block_2_3,-0.06893464755669973,False,0.2622170825542358,0.2597249701436505
3906,block_4_6,0.1894208390068967,True,1.2104646648426538,0.6720266568964564
3906,top_3,-0.07118635727873682,False,0.26361978081255283,0.26209691653293604
3906,top_6,0.21825121938876432,True,1.2202962667402728,0.6742930879000546
3906,flag_nested,0.17033913372563655,True,0.5221533280545223,0.31627670825099125
3920,market_1,-0.2634291013896473,False,0.043085088169394464,0.04493835676208595
3920,block_2_3,0.052624057054752815,True,0.23999188719752926,0.2543502396766311
3920,block_4_6,-0.20521314673474075,False,0.9532856983016597,0.4964851280869934
3920,top_3,0.0459661912127881,True,0.24128712407666947,0.2582740913508952
3920,top_6,-0.19498971568299137,False,0.9621521226357627,0.49367651804604373
3920,flag_nested,-0.1404785346659978,False,0.4189895799257764,0.2547038320766513
3934,market_1,-0.003836431464523627,False,0.03970686074903691,0.03760112243230991
3934,block_2_3,0.16078531650954178,True,0.25510556427950976,0.2410848191685129
3934,block_4_6,-0.21311627845353856,False,0.7254345700240875,0.5245716960552766
3934,top_3,0.15397155903973184,True,0.25689563435730656,0.2434519229880232
3934,top_6,-0.2036686632592327,False,0.7383550601853935,0.5186193634004459
3934,flag_nested,-0.1126990158291274,False,0.33828457880614926,0.2569003659514825
3948,market_1,0.03210503828031043,True,0.03679896146759059,0.04847639764297114
3948,block_2_3,0.4915971412027326,True,0.2597249701436506,0.41562339502662926
3948,block_4_6,0.2758420834381901,True,0.6720266568964557,0.5673099217627536
3948,top_3,0.4828375594500566,True,0.2620969165329361,0.41639611712810815
3948,top_6,0.15772224310583907,True,0.6742930879000542,0.4493191824052109
3948,flag_nested,0.2641549535938842,True,0.31627670825099113,0.30625668623086266
3962,market_1,-0.17926283247356992,False,0.04493835676208593,0.0582605081414454
3962,block_2_3,0.404631150187269,True,0.2543502396766312,0.37805938423822455
3962,block_4_6,0.4422245886028692,True,0.4964851280869933,0.6893875157874989
3962,top_3,0.39073087510421256,True,0.2582740913508953,0.3805442429387599
3962,top_6,0.3211217132310862,True,0.4936765180460439,0.6460439431841312
3962,flag_nested,0.33153450480740604,True,0.25470383207665137,0.3481777178027444
3976,market_1,0.25315484909730773,True,0.03760112243230991,0.05087104435732366
3976,block_2_3,0.3124232114184607,True,0.24108481916851293,0.3054994780419629
3976,block_4_6,0.07893440092993723,True,0.5245716960552764,0.7928811027156042
3976,top_3,0.31447408199535004,True,0.2434519229880232,0.3068662739164095
3976,top_6,0.047598170354687296,True,0.518619363400446,0.7842161421942336
3976,flag_nested,0.12161354973772782,True,0.2569003659514825,0.36942657293358416
3990,market_1,0.3858766353387624,True,0.04847639764297114,0.04505336985279483
3990,block_2_3,-0.5990963877755385,False,0.41562339502662937,0.45463348528455627
3990,block_4_6,-0.17254049289411308,False,0.5673099217627535,0.7180571924429338
3990,top_3,-0.5992652721231627,False,0.41639611712810803,0.4558632186946271
3990,top_6,0.20246024046009173,True,0.4493191824052111,0.622667421436123
3990,flag_nested,-0.24474781087751282,False,0.30625668623086266,0.36867241621022623
4004,market_1,0.2535825542006155,True,0.05826050814144539,0.04809084592145675
4004,block_2_3,0.307447512530119,True,0.37805938423822477,0.26313295668827896
4004,block_4_6,-0.0349987870784813,False,0.6893875157874987,0.499838502252877
4004,top_3,0.296549551226999,True,0.38054424293875994,0.26599493522157475
4004,top_6,-0.09935392733101993,False,0.6460439431841313,0.49321079771340126
4004,flag_nested,0.0606161240934835,True,0.34817771780274454,0.25775953874260304
4018,market_1,0.14040695161658007,True,0.05087104435732365,0.050769277957602256
4018,block_2_3,0.5857175787644859,True,0.30549947804196287,0.6847384831813392
4018,block_4_6,0.06300784192231737,True,0.7928811027156037,0.8532518578133701
4018,top_3,0.578017255131523,True,0.3068662739164095,0.6857898976661713
4018,top_6,-0.08123882028858134,False,0.7842161421942331,0.5797802198192692
4018,flag_nested,0.202711031197851,True,0.36942657293358405,0.46408077391075886
4032,market_1,0.3190480644629106,True,0.04505336985279481,0.050035372807119234
4032,block_2_3,-0.6160787591252312,False,0.45463348528455644,1.1214195502030468
4032,block_4_6,-0.3953920732676776,False,0.7180571924429341,1.2683181873526643
4032,top_3,-0.6144077806807435,False,0.45586321869462726,1.1220956788161427
4032,top_6,0.02794927724906047,True,0.6226674214361232,0.647414118748632
4032,flag_nested,-0.3950462802544912,False,0.3686724162102263,0.7014703245306096
4046,market_1,0.4189490277026447,True,0.04809084592145675,0.048144652892871315
4046,block_2_3,0.41812216674382663,True,0.2631329566882791,0.7910457022284572
4046,block_4_6,0.35570610018746507,True,0.49983850225287735,0.9621039545803888
4046,top_3,0.4134591962160151,True,0.2659949352215747,0.7915386752320767
4046,top_6,0.3191051650465403,True,0.4932107977134013,0.5900373303018787
4046,flag_nested,0.33996312871082235,True,0.25775953874260304,0.5188317719548924
4060,market_1,0.5589684974624907,True,0.05076927795760225,0.04725055068851638
4060,block_2_3,0.5253788516670237,True,0.6847384831813395,0.29502953734021564
4060,block_4_6,0.26305478627029244,True,0.8532518578133701,0.6926982582828322
4060,top_3,0.5265307488517565,True,0.6857898976661712,0.29570422189638734
4060,top_6,0.15787239451360824,True,0.5797802198192691,0.6843840667461613
4060,flag_nested,0.3085637446467838,True,0.46408077391075875,0.3308220094836795
4074,market_1,0.5608366911983412,True,0.05003537280711927,0.04815643012590733
4074,block_2_3,0.2702209281342024,True,1.1214195502030462,0.2322299288703633
4074,block_4_6,0.26105730697890617,True,1.268318187352664,0.6359359868187859
4074,top_3,0.26990280863495936,True,1.1220956788161425,0.23247365431479847
4074,top_6,0.29869465235412423,True,0.647414118748632,0.6457709781363092
4074,flag_nested,0.21704200801083748,True,0.7014703245306093,0.2997283232859681
4088,market_1,0.44846113399696425,True,0.04814465289287134,0.04830498801371301
4088,block_2_3,-0.030723596909602465,False,0.791045702228457,0.19380694810491525
4088,block_4_6,0.05773250287877552,True,0.9621039545803883,0.6749867047779878
4088,top_3,-0.0345589136166822,False,0.7915386752320769,0.19480220468886225
4088,top_6,0.11645349450901527,True,0.5900373303018784,0.6943651403114366
4088,flag_nested,0.04505954257948792,True,0.5188317719548925,0.30877148432269275
4102,market_1,0.3007491847114598,True,0.047250550688516406,0.05504241124933421
4102,block_2_3,0.31357095312629285,True,0.2950295373402157,0.2884409350131487
4102,block_4_6,0.510365064184836,True,0.692698258282832,0.5540835610664991
4102,top_3,0.3056899889159463,True,0.29570422189638756,0.2920257758957723
4102,top_6,0.4404475862818448,True,0.6843840667461609,0.541021255119353
4102,flag_nested,0.3922894194544218,True,0.3308220094836794,0.28326669067706634
4116,market_1,0.41017026959600383,True,0.048156430125907354,0.04788082618774494
4116,block_2_3,0.37561688146288086,True,0.23222992887036328,0.3369377277630745
4116,block_4_6,0.2170785453744424,True,0.6359359868187855,0.5493250309056884
4116,top_3,0.3727597271851802,True,0.23247365431479847,0.33921176441964757
4116,top_6,0.15666022602014662,True,0.6457709781363095,0.5514375719826791
4116,flag_nested,0.22126361780238488,True,0.29972832328596816,0.30220525010166505
4130,market_1,0.28474475705227204,True,0.04830498801371301,0.05222964147765068
4130,block_2_3,0.1445393648697401,True,0.19380694810491525,0.480575613070404
4130,block_4_6,0.18539271847199443,True,0.6749867047779875,0.6910112572480853
4130,top_3,0.14674217712891977,True,0.1948022046888623,0.48316067393476014
4130,top_6,0.2780650956580771,True,0.6943651403114369,0.5620693177487479
4130,flag_nested,0.20773455199374846,True,0.3087714843226929,0.36496072946780395
4144,market_1,0.09040713733184168,True,0.05504241124933424,0.055948914063535346
4144,block_2_3,0.3161571698431168,True,0.28844093501314877,0.3941596826202003
4144,block_4_6,0.12780430165764584,True,0.5540835610664993,0.6211414945004755
4144,top_3,0.30497926907981376,True,0.2920257758957723,0.39666962251148924
4144,top_6,0.12136290964487247,True,0.5410212551193531,0.5374657665238831
4144,flag_nested,0.1966042549569226,True,0.28326669067706634,0.322062290802378
4158,market_1,-0.05335557692635617,False,0.04788082618774493,0.05399471560706431
4158,block_2_3,0.5711207713434381,True,0.3369377277630744,0.3227480041698543
4158,block_4_6,0.14215212359006502,True,0.5493250309056884,0.6382788038630047
4158,top_3,0.5557215888809567,True,0.3392117644196476,0.32662826965011177
4158,top_6,0.012221687282275788,True,0.5514375719826791,0.6042574779725486
4158,flag_nested,0.22116142525528534,True,0.3022052501016651,0.31516972375635
4172,market_1,0.05912256684662564,True,0.05222964147765071,0.060317537694289464
4172,block_2_3,-0.1667729580167709,False,0.4805756130704039,0.7472066266056283
4172,block_4_6,-0.08635088105797108,False,0.6910112572480855,0.8822253589424717
4172,top_3,-0.16630874193107284,False,0.4831606739347602,0.7483510129101633
4172,top_6,0.001018228510791751,True,0.5620693177487484,0.5541106189459731
4172,flag_nested,-0.1104295169258312,False,0.3649607294678041,0.49141399505187006
4186,market_1,0.01137034230773493,True,0.05594891406353533,0.05533236457284703
4186,block_2_3,0.374030529510221,True,0.3941596826202004,0.6979749631241682
4186,block_4_6,0.2848596117583752,True,0.6211414945004755,0.8143578578107822
4186,top_3,0.36949103745923095,True,0.3966696225114891,0.7000586763803085
4186,top_6,0.11884215378762411,True,0.5374657665238831,0.48439064938166876
4186,flag_nested,0.26980373603138397,True,0.32206229080237797,0.45335207535542554
4200,market_1,-0.33306268230509184,False,0.05399471560706429,0.05557301912489602
4200,block_2_3,0.6680222782229348,True,0.3227480041698543,0.3604620380415215
4200,block_4_6,0.23627772348427334,True,0.6382788038630047,0.5834630355931947
4200,top_3,0.6573302072032089,True,0.32662826965011177,0.3615413240595638
4200,top_6,0.015621024697143498,True,0.6042574779725477,0.5434630930415784
4200,flag_nested,0.26364797886495034,True,0.3151697237563497,0.30965210431271106
4214,market_1,-0.5760051939213701,False,0.06031753769428942,0.07473421849928188
4214,block_2_3,-0.42660818125430866,False,0.7472066266056282,0.37487845298654104
4214,block_4_6,-0.16854609666335124,False,0.8822253589424716,0.5994255625588575
4214,top_3,-0.4252378282418051,False,0.748351012910163,0.37280564353186885
4214,top_6,-0.005084440856418228,False,0.5541106189459732,0.578776289961639
4214,flag_nested,-0.2629450924545023,False,0.49141399505187,0.32824312889695334
4228,market_1,-0.22402636741795215,False,0.055332364572847056,0.08077646853720662
4228,block_2_3,0.241984664576527,True,0.697974963124168,0.28860955405809124
4228,block_4_6,0.13651832328990102,True,0.8143578578107823,0.6252314333161912
4228,top_3,0.24319274597458382,True,0.7000586763803086,0.28560101017242817
4228,top_6,0.08342472918683314,True,0.4843906493816692,0.6651880789942884
4228,flag_nested,0.13246781822229864,True,0.45335207535542565,0.32781094187432397
4242,market_1,0.08479276646247019,True,0.055573019124896005,0.08175653499804493
4242,block_2_3,0.565294581272294,True,0.36046203804152166,0.4350037425370762
4242,block_4_6,0.40038065286533003,True,0.5834630355931947,0.6073580871209477
4242,top_3,0.553541116938538,True,0.36154132405956396,0.4393507509538943
4242,top_6,0.35248921568455777,True,0.5434630930415781,0.5313179289958938
4242,flag_nested,0.43849699912990897,True,0.3096521043127111,0.3436232657260241
4256,market_1,0.14938611712241057,True,0.0747342184992819,0.08774863812001732
4256,block_2_3,-0.13312799480840556,False,0.3748784529865411,0.4082196129160427
4256,block_4_6,0.3367051893515801,True,0.5994255625588573,0.8749396281054377
4256,top_3,-0.12920603714155926,False,0.3728056435318691,0.41299584855733523
4256,top_6,0.5051402225046839,True,0.5787762899616389,0.8234050263287075
4256,flag_nested,0.24922344183255962,True,0.32824312889695334,0.4213719497439431
4270,market_1,0.11205260949543598,True,0.08077646853720663,0.07551556957232278
4270,block_2_3,0.16396166624643385,True,0.2886095540580913,0.2546880843662479
4270,block_4_6,0.023528043279508064,True,0.6252314333161911,0.5554080302017422
4270,top_3,0.17069672977227932,True,0.28560101017242817,0.26235485080883164
4270,top_6,-0.02371280836662944,False,0.6651880789942884,0.5696789347053219
4270,flag_nested,0.036580974433573346,True,0.327810941874324,0.28763687513362884
4284,market_1,0.021751647806324752,True,0.08175653499804497,0.06972037352572187
4284,block_2_3,0.4519135763126268,True,0.4350037425370762,0.24882540395674974
4284,block_4_6,0.026970456024664885,True,0.607358087120948,0.6860019986909555
4284,top_3,0.4243551040830246,True,0.43935075095389425,0.2567928979735011
4284,top_6,-0.13706175292520784,False,0.5313179289958937,0.7041624819622527
4284,flag_nested,0.06628306539171153,True,0.34362326572602403,0.33088154194764197
4298,market_1,-0.28904568653641766,False,0.08774863812001729,0.08345639131114581
4298,block_2_3,0.4123284510764406,True,0.40821961291604264,0.2649866706637818
4298,block_4_6,-0.5839714545287654,False,0.8749396281054377,1.1778691687911904
4298,top_3,0.40832034243250476,True,0.4129958485573351,0.2676099004839534
4298,top_6,-0.6781624340604632,False,0.8234050263287074,1.1823437744741232
4298,flag_nested,-0.44868849690474644,False,0.42137194974394304,0.513640070836874
4312,market_1,-0.36072768014502843,False,0.07551556957232275,0.0867974776051154
4312,block_2_3,0.3212994827697926,True,0.2546880843662478,0.2986749493949098
4312,block_4_6,-0.12703424009249026,False,0.5554080302017421,0.6209187857290001
4312,top_3,0.2995025311722568,True,0.26235485080883164,0.30312384879570725
4312,top_6,-0.13397446685443856,False,0.5696789347053218,0.626253839470537
4312,flag_nested,-0.025837088986365143,False,0.28763687513362884,0.32175684908035185
4326,market_1,0.22312994864534008,True,0.06972037352572188,0.07253719548555072
4326,block_2_3,0.16214417522173882,True,0.2488254039567497,0.20034086614887564
4326,block_4_6,-0.19494664948064683,False,0.6860019986909552,0.5390753480644521
4326,top_3,0.1451413380222241,True,0.2567928979735011,0.20477981609078122
4326,top_6,-0.18195587177793945,False,0.7041624819622532,0.5675764611251083
4326,flag_nested,-0.09453902369523169,False,0.3308815419476421,0.2700563070155012
4340,market_1,0.6337190598726924,True,0.08345639131114584,0.07041016545585059
4340,block_2_3,0.10203803461769688,True,0.26498667066378184,0.25260288562906125
4340,block_4_6,-0.35353759080821984,False,1.1778691687911897,0.8404453487709393
4340,top_3,0.07805990117428302,True,0.2676099004839533,0.25104815099129213
4340,top_6,-0.34290576756433483,False,1.1823437744741232,0.8457747057394016
4340,flag_nested,-0.26405086459110627,False,0.5136400708368741,0.38103603274449566
4354,market_1,0.5074495072143136,True,0.08679747760511539,0.08070821246173127
4354,block_2_3,-0.05839528003743575,False,0.2986749493949099,0.21014846686197935
4354,block_4_6,0.18291470729311632,True,0.6209187857289996,0.9951809087480411
4354,top_3,-0.10482538200796399,False,0.3031238487957073,0.2048963241377257
4354,top_6,0.19731368923439102,True,0.6262538394705369,1.005564245600647
4354,flag_nested,0.15793381733252668,True,0.3217568490803518,0.43478104694073894
4368,market_1,0.3616847497445334,True,0.07253719548555071,0.05382371241025171
4368,block_2_3,0.05408479160802434,True,0.2003408661488756,0.24039108604776716
4368,block_4_6,0.46539512965008617,True,0.539075348064452,1.0578827407605915
4368,top_3,0.03901257714128775,True,0.20477981609078122,0.24443481989214233
4368,top_6,0.44309589646299763,True,0.5675764611251081,1.0758360569821694
4368,flag_nested,0.3759656594822149,True,0.27005630701550115,0.4644534307405639
4382,market_1,-0.11967333937995787,False,0.0704101654558506,0.06085519564029022
4382,block_2_3,0.05355043516188815,True,0.25260288562906125,0.21372710074862777
4382,block_4_6,0.22726043855079708,True,0.8404453487709389,0.8281582754022887
4382,top_3,0.06372750640496454,True,0.2510481509912921,0.22152571294630807
4382,top_6,0.24807933939337157,True,0.8457747057394016,0.8449001305506197
4382,flag_nested,0.21265999036179603,True,0.3810360327444957,0.3728770223133678
4396,market_1,-0.307994956020763,False,0.08070821246173128,0.04507599199313462
4396,block_2_3,0.1830037151387196,True,0.21014846686197927,0.1782088172158199
4396,block_4_6,0.04733993665811867,True,0.9951809087480408,0.5482922562167996
4396,top_3,0.22668414706447346,True,0.20489632413772563,0.18023985074627905
4396,top_6,0.05960583163960957,True,1.005564245600647,0.5597269190014952
4396,flag_nested,0.06547000040776492,True,0.43478104694073894,0.2551006669839637
4410,market_1,0.1358633336239929,True,0.05382371241025173,0.044022378708972854
4410,block_2_3,0.03896351221779859,True,0.24039108604776716,0.2285816012820488
4410,block_4_6,-0.3552709230585104,False,1.057882740760592,0.6877707388962828
4410,top_3,0.046870377207293513,True,0.24443481989214236,0.23166378366522739
4410,top_6,-0.3331244230663151,False,1.0758360569821694,0.6880000610414287
4410,flag_nested,-0.2733422573219286,False,0.4644534307405639,0.3141942393595522
4424,market_1,0.0212151722243961,True,0.06085519564029024,0.04950454064362352
4424,block_2_3,-0.027091046189039878,False,0.21372710074862783,0.2200120274318618
4424,block_4_6,-0.5007522935539814,False,0.8281582754022889,0.7345260411743422
4424,top_3,-0.025113408209059752,False,0.22152571294630813,0.22546129746642732
4424,top_6,-0.47323478877182173,False,0.8449001305506205,0.7429173783115363
4424,flag_nested,-0.4006755539618088,False,0.37287702231336806,0.3337404234765379
4438,market_1,0.252425464024368,True,0.04507599199313461,0.05389101865079825
4438,block_2_3,0.41863762864397164,True,0.17820881721581994,0.2553762993142657
4438,block_4_6,0.2453225929325335,True,0.5482922562167997,0.6387990756921414
4438,top_3,0.39974175147241336,True,0.1802398507462792,0.2597027775833455
4438,top_6,0.22665997885420766,True,0.5597269190014952,0.6338319972317867
4438,flag_nested,0.26125447162081566,True,0.25510066698396383,0.3038803266175598
4452,market_1,0.2920195197505504,True,0.04402237870897284,0.056744618738468484
4452,block_2_3,0.11147789161789567,True,0.22858160128204863,0.29822850703099785
4452,block_4_6,-0.1581434619849927,False,0.6877707388962828,0.7449456705838292
4452,top_3,0.1099246776015403,True,0.23166378366522733,0.2977949567018934
4452,top_6,-0.1819956236936525,False,0.6880000610414293,0.7298721100868726
4452,flag_nested,-0.10930610374689968,False,0.31419423935955243,0.3486633237789415
4466,market_1,0.005766243071550036,True,0.049504540643623536,0.0682440475365109
4466,block_2_3,0.20415311597626715,True,0.22001202743186185,0.30284314909297433
4466,block_4_6,-0.41717976938353446,False,0.7345260411743421,0.8715934784672004
4466,top_3,0.19424402574335659,True,0.22546129746642746,0.30449596076292973
4466,top_6,-0.4361506164233385,False,0.742917378311536,0.8667601882940436
4466,flag_nested,-0.3164263322357652,False,0.3337404234765379,0.4009680586610357
4480,market_1,0.07486732906473093,True,0.05389101865079828,0.0616921839651833
4480,block_2_3,0.3417345815273788,True,0.2553762993142657,0.25171948153149565
4480,block_4_6,0.1183439530008372,True,0.6387990756921416,0.749342238344846
4480,top_3,0.32025294687251027,True,0.2597027775833455,0.2528193798588752
4480,top_6,0.07593375325921005,True,0.6338319972317867,0.7504457603125287
4480,flag_nested,0.12667619893793144,True,0.3038803266175598,0.3449250329684857
4494,market_1,0.25274148148838865,True,0.05674461873846853,0.05447149185741753
4494,block_2_3,0.4730903831314656,True,0.29822850703099785,0.2853620381913004
4494,block_4_6,0.635161393393664,True,0.7449456705838292,0.6197036810345155
4494,top_3,0.4578557130217414,True,0.2977949567018935,0.2869913398760952
4494,top_6,0.553567664748064,True,0.7298721100868731,0.6169519319070864
4494,flag_nested,0.5183516222271314,True,0.34866332377894177,0.3063659590431774
4508,market_1,0.25161881320722346,True,0.06824404753651092,0.04290872419562317
4508,block_2_3,0.6779767443333725,True,0.30284314909297433,0.39680130902369926
4508,block_4_6,0.1651662620667633,True,0.8715934784672001,0.741109992897713
4508,top_3,0.661097166492148,True,0.30449596076292956,0.3981435936357119
4508,top_6,0.07140851010582572,True,0.8667601882940439,0.68346421090424
4508,flag_nested,0.2363635068484215,True,0.40096805866103574,0.36405286282028
4522,market_1,0.3428529614217836,True,0.061692183965183285,0.03509992933670732
4522,block_2_3,0.2768889538343645,True,0.25171948153149554,0.37394137580854825
4522,block_4_6,0.20499794250137193,True,0.7493422383448458,0.8168508545116867
4522,top_3,0.27497680895784227,True,0.2528193798588752,0.37540392459123184
4522,top_6,0.18136398786179428,True,0.7504457603125287,0.7880887962214062
4522,flag_nested,0.20333437904502424,True,0.3449250329684858,0.38951512468780863
4536,market_1,0.08068049074934988,True,0.054471491857417516,0.05391984610312268
4536,block_2_3,0.3480228659664384,True,0.2853620381913004,0.3586238816646626
4536,block_4_6,0.06615789404704821,True,0.6197036810345153,0.8398637631760876
4536,top_3,0.34521580676306235,True,0.2869913398760952,0.3598994614076072
4536,top_6,0.053684932675766205,True,0.6169519319070866,0.8808564133560307
4536,flag_nested,0.13237581798795603,True,0.30636595904317754,0.4188092971779497
4550,market_1,0.10853857607987404,True,0.04290872419562315,0.06238121867240701
4550,block_2_3,-0.17910461452757473,False,0.3968013090236994,0.33608593095745953
4550,block_4_6,0.21174667225965782,True,0.741109992897713,0.84064922563455
4550,top_3,-0.18281080684797169,False,0.39814359363571217,0.33637441122478406
4550,top_6,0.29394398014423223,True,0.6834642109042399,0.8343569962692915
4550,flag_nested,0.13883100535710866,True,0.3640528628202801,0.39702971864741704
4564,market_1,0.24697184757693974,True,0.03509992933670731,0.06125073656299677
4564,block_2_3,-0.018035472832552975,False,0.37394137580854847,0.24139287804444254
4564,block_4_6,0.01302152742318858,True,0.8168508545116866,1.1003720135195016
4564,top_3,-0.02041636879259307,False,0.3754039245912321,0.24161700175040826
4564,top_6,0.025061654229406465,True,0.7880887962214058,1.1083155231422264
4564,flag_nested,0.019154254682372588,True,0.38951512468780863,0.4774290115268094
4578,market_1,0.5976025594569278,True,0.05391984610312268,0.056991927486324326
4578,block_2_3,-0.11815008106671156,False,0.35862388166466247,0.5181300240078213
4578,block_4_6,-0.013051267051788428,False,0.8398637631760876,1.6043501086567435
4578,top_3,-0.11925617333177073,False,0.3598994614076072,0.5186610597360746
4578,top_6,-0.008940836711024585,False,0.8808564133560312,1.5533333288331508
4578,flag_nested,-0.025868503617645863,False,0.41880929717794974,0.7036039959888198
4592,market_1,0.5650876828845972,True,0.06238121867240702,0.04857490673753643
4592,block_2_3,0.3239650068660608,True,0.33608593095745953,0.25806150478156153
4592,block_4_6,0.5249388387698305,True,0.8406492256345499,1.3711019189772327
4592,top_3,0.3121784962339856,True,0.3363744112247841,0.2577622716993874
4592,top_6,0.480167270714747,True,0.8343569962692916,1.3749780949175971
4592,flag_nested,0.44320553803484464,True,0.39702971864741704,0.5827527589401079
4606,market_1,0.5029168376647611,True,0.06125073656299675,0.056748399852610855
4606,block_2_3,-0.17514794028606692,False,0.24139287804444254,0.4251774868341407
4606,block_4_6,0.4779450421331414,True,1.1003720135195016,1.3841741760644566
4606,top_3,-0.1970244143997431,False,0.24161700175040823,0.4227230694733262
4606,top_6,0.5071346672841435,True,1.1083155231422261,1.333438569556348
4606,flag_nested,0.41925592601619527,True,0.4774290115268094,0.5992732113465126
4620,market_1,0.18376707264758455,True,0.05699192748632434,0.07123928298448791
4620,block_2_3,-0.7605996380384866,False,0.5181300240078216,0.5285610914486975
4620,block_4_6,-0.4970888919130378,False,1.6043501086567442,0.8840753665560387
4620,top_3,-0.7721450942176316,False,0.518661059736075,0.525897820270151
4620,top_6,-0.410723797203537,False,1.5533333288331501,0.7377545489608476
4620,flag_nested,-0.4848420817910448,False,0.7036039959888197,0.433564493834362
4634,market_1,0.32130363531633727,True,0.04857490673753643,0.07174082189466127
4634,block_2_3,-0.42150410613487926,False,0.25806150478156153,0.4933716970069498
4634,block_4_6,0.32061076609654465,True,1.371101918977232,0.7253839411777717
4634,top_3,-0.44222477113681546,False,0.2577622716993874,0.4917320134562062
4634,top_6,0.4550550983936747,True,1.3749780949175976,0.5816606004057988
4634,flag_nested,0.19613937160048736,True,0.582752758940108,0.37700801789364125
4648,market_1,0.6371715455782728,True,0.0567483998526109,0.0916449171528219
4648,block_2_3,0.7095596148762098,True,0.4251774868341407,0.4334664241236065
4648,block_4_6,0.46418848478063135,True,1.3841741760644564,0.610517516999417
4648,top_3,0.6961233417875825,True,0.422723069473326,0.4299982377413133
4648,top_6,0.3822474402403889,True,1.3334385695563484,0.5064958622911199
4648,flag_nested,0.439825406234424,True,0.5992732113465126,0.3358391908039175
4662,market_1,0.811090222521103,True,0.07123928298448791,0.07973304354448695
4662,block_2_3,0.8915141581906568,True,0.5285610914486973,0.6985203483383963
4662,block_4_6,0.598247131843724,True,0.8840753665560388,0.8683927832086331
4662,top_3,0.8879884001310715,True,0.525897820270151,0.6967413933842079
4662,top_6,0.274876848706518,True,0.737754548960848,0.5900130699447491
4662,flag_nested,0.6450277292150532,True,0.4335644938343622,0.4755972929928507
4676,market_1,0.5892338155873589,True,0.07174082189466124,0.05920915246379046
4676,block_2_3,0.8024143024110275,True,0.49337169700694994,0.5732840750465031
4676,block_4_6,0.4889528939045054,True,0.7253839411777716,0.9388977780230046
4676,top_3,0.7972118662154849,True,0.49173201345620626,0.5739949587359182
4676,top_6,0.2411968301636724,True,0.5816606004057984,0.8063435704578904
4676,flag_nested,0.542847772553702,True,0.37700801789364113,0.4708440508526784
4690,market_1,0.2755851355573791,True,0.09164491715282187,0.04467072642561104
4690,block_2_3,0.23405459829599065,True,0.43346642412360675,0.44723046797065213
4690,block_4_6,0.19216863017887972,True,0.6105175169994171,0.6510597131208321
4690,top_3,0.22718680647802603,True,0.42999823774131335,0.44793703216721664
4690,top_6,0.15126912584107613,True,0.5064958622911202,0.55346960253226
4690,flag_nested,0.19588118596221055,True,0.3358391908039176,0.3463131081591524
4704,market_1,0.3425393645023399,True,0.0797330435444869,0.04140277563613058
4704,block_2_3,0.34282146138766817,True,0.698520348338396,0.6154471149188797
4704,block_4_6,0.15271996649314237,True,0.868392783208633,1.0904536492592953
4704,top_3,0.33880524279932606,True,0.6967413933842076,0.6160101252676438
4704,top_6,-0.05506274200932791,False,0.5900130699447489,0.9782196494755637
4704,flag_nested,0.17368381322395238,True,0.4755972929928505,0.5363667542622408
4718,market_1,0.2604070887104988,True,0.05920915246379048,0.051756983403872
4718,block_2_3,0.4792608810010322,True,0.5732840750465032,0.5938864307918434
4718,block_4_6,0.00811140788274221,True,0.9388977780230044,1.0402911977733054
4718,top_3,0.47343996489710616,True,0.5739949587359183,0.593341158561493
4718,top_6,-0.22002928888300327,False,0.8063435704578901,0.9101681358173717
4718,flag_nested,0.11551505612512271,True,0.47084405085267844,0.5080331695748929
4732,market_1,0.2753044174092393,True,0.04467072642561103,0.038517840637517634
4732,block_2_3,0.6511047993252863,True,0.44723046797065197,0.4863683113028843
4732,block_4_6,0.0841214023947563,True,0.6510597131208322,0.9439777277235586
4732,top_3,0.6458418184483312,True,0.4479370321672164,0.48660790552254496
4732,top_6,-0.2048074867671595,False,0.5534696025322596,0.8426111311532828
4732,flag_nested,0.20389604189769317,True,0.3463131081591522,0.4458082117648339
4746,market_1,0.3008877932332815,True,0.041402775636130595,0.037675075024926966
4746,block_2_3,0.17139948842535618,True,0.6154471149188802,0.24871438413415314
4746,block_4_6,-0.3607701542035761,False,1.0904536492592956,0.5160291029055013
4746,top_3,0.16794584419042966,True,0.616010125267644,0.24972871769292196
4746,top_6,-0.4353873632799521,False,0.9782196494755638,0.48771169562866085
4746,flag_nested,-0.19145098144435704,False,0.5363667542622408,0.24869929319122488
4760,market_1,0.5048645362951787,True,0.051756983403872,0.03927996802809542
4760,block_2_3,0.4494822291020715,True,0.5938864307918437,0.29259165092490064
4760,block_4_6,0.12035931759656557,True,1.0402911977733054,0.4722797787465327
4760,top_3,0.44483315249806765,True,0.593341158561493,0.29384942284739496
4760,top_6,0.021838269444852468,True,0.9101681358173717,0.4341898775569529
4760,flag_nested,0.22431521184067774,True,0.5080331695748929,0.24848652267884508
4774,market_1,0.626682132960974,True,0.03851784063751762,0.05293454254162643
4774,block_2_3,0.2929169580232285,True,0.48636831130288416,0.2565386860173058
4774,block_4_6,0.38730018614966194,True,0.9439777277235587,0.6791096087095957
4774,top_3,0.2894034937312508,True,0.48660790552254507,0.2548206104304673
4774,top_6,0.3369541237160522,True,0.8426111311532826,0.6923418069681372
4774,flag_nested,0.3194514328613259,True,0.4458082117648338,0.3230110058601628
4788,market_1,0.5494694443849588,True,0.03767507502492696,0.0772793027098094
4788,block_2_3,0.39326078811246806,True,0.24871438413415298,0.249520158630911
4788,block_4_6,-0.06318270044552936,False,0.516029102905501,0.9561590666033875
4788,top_3,0.3815974867338316,True,0.24972871769292188,0.24184068528724292
4788,top_6,-0.10537059732343426,False,0.4877116956286604,0.9583932597196104
4788,flag_nested,0.010212308308802128,True,0.2486992931912247,0.42255650867867633
4802,market_1,0.40434848253795774,True,0.039279968028095434,0.08414735628097673
4802,block_2_3,-0.3771104464622508,False,0.2925916509249007,0.3199083520476727
4802,block_4_6,-0.018280762457832018,False,0.47227977874653293,1.572164908659402
4802,top_3,-0.40233981232465493,False,0.2938494228473948,0.3138872668722673
4802,top_6,0.002324760852786447,True,0.4341898775569529,1.5635579653709495
4802,flag_nested,-0.06480321790315187,False,0.24848652267884505,0.6688607988087523
4816,market_1,0.5912462935066193,True,0.05293454254162643,0.06192727113499603
4816,block_2_3,0.22214635354904527,True,0.25653868601730573,0.2138906054875627
4816,block_4_6,-0.09722367549213877,False,0.679109608709596,0.6583886324597588
4816,top_3,0.18644049917995265,True,0.25482061043046716,0.21249279483918587
4816,top_6,-0.11143736168770406,False,0.692341806968137,0.6742235485519679
4816,flag_nested,-0.03387629149793248,False,0.3230110058601627,0.3076506922362081
4830,market_1,0.45615173468634335,True,0.07727930270980937,0.053324848971467206
4830,block_2_3,-0.042370729248146374,False,0.24952015863091107,0.3377337871997339
4830,block_4_6,0.2659998959527869,True,0.9561590666033872,0.6205977909646784
4830,top_3,-0.04944902792989942,False,0.24184068528724306,0.34077496824217274
4830,top_6,0.30981555126102844,True,0.9583932597196103,0.5633320811129676
4830,flag_nested,0.2186938831200084,True,0.4225565086786762,0.3073161858951769
4844,market_1,-0.23806986683601078,False,0.08414735628097673,0.061620993431985
4844,block_2_3,0.1030706549236513,True,0.3199083520476726,0.2576547109148567
4844,block_4_6,0.7064549689999021,True,1.5721649086594018,1.1451846367855094
4844,top_3,0.1478712544076814,True,0.31388726687226726,0.26085656866839235
4844,top_6,0.6977533461377012,True,1.5635579653709497,1.1434594143822143
4844,flag_nested,0.6372581681029204,True,0.6688607988087523,0.49436400424577165
4858,market_1,-0.2924661020286032,False,0.061927271134996034,0.06247745444210165
4858,block_2_3,-0.11072699604267654,False,0.21389060548756275,0.3398599629312682
4858,block_4_6,0.052137849774014124,True,0.6583886324597586,0.526764406348592
4858,top_3,-0.07347995420224801,False,0.21249279483918587,0.3405627078376874
4858,top_6,0.09530034335677942,True,0.6742235485519679,0.4896331410850686
4858,flag_nested,0.026470382747905415,True,0.3076506922362081,0.2872650119865209
4872,market_1,-0.3220201387625963,False,0.05332484897146722,0.10302332301555361
4872,block_2_3,-0.48578736361544633,False,0.3377337871997339,0.42401244378868347
4872,block_4_6,-0.14999826154516527,False,0.6205977909646783,0.7934870894493138
4872,top_3,-0.4774120827202341,False,0.34077496824217257,0.41644293982449804
4872,top_6,-0.0006376017819946133,False,0.5633320811129676,0.7520810987914668
4872,flag_nested,-0.19682536424199662,False,0.3073161858951769,0.4033522558776889
4886,market_1,0.2452861656941513,True,0.061620993431984995,0.1005341706725961
4886,block_2_3,-0.04755897233212764,False,0.25765471091485675,0.41104265849245547
4886,block_4_6,-0.02798703886482363,False,1.1451846367855094,0.6103623680878835
4886,top_3,-0.07741268493506036,False,0.2608565686683924,0.4047024524605382
4886,top_6,0.010761423216014754,True,1.143459414382214,0.5638524741282048
4886,flag_nested,-0.0002841541855857796,False,0.49436400424577176,0.3430598780272928
4900,market_1,0.40077115560668314,True,0.06247745444210164,0.12422577184488295
4900,block_2_3,0.3019636785526309,True,0.33985996293126824,0.23036775883222763
4900,block_4_6,0.027051268737442735,True,0.5267644063485921,0.8626319688514542
4900,top_3,0.25136423348077347,True,0.3405627078376873,0.21175257558580082
4900,top_6,0.02617382072414376,True,0.48963314108506883,0.8743295044021844
4900,flag_nested,0.09657809542358618,True,0.28726501198652094,0.3972242530245251
4914,market_1,0.7548509778255219,True,0.10302332301555361,0.08941773288588808
4914,block_2_3,-0.29898916131307185,False,0.4240124437886833,0.30421673639427044
4914,block_4_6,-0.1694859708874246,False,0.7934870894493137,0.5893623054438265
4914,top_3,-0.36218517970729,False,0.41644293982449787,0.2992694171517219
4914,top_6,-0.053276637458777885,False,0.7520810987914675,0.5731542593928947
4914,flag_nested,-0.09711470504869052,False,0.403352255877689,0.30430340092074565
4928,market_1,0.7556230972440089,True,0.10053417067259604,0.06332676608533748
4928,block_2_3,-0.49864928282637094,False,0.41104265849245547,0.276996487920707
4928,block_4_6,-0.04826788716733068,False,0.6103623680878832,0.7333371575052456
4928,top_3,-0.5445517041629552,False,0.4047024524605382,0.27565973163392676
4928,top_6,0.030234157718627724,True,0.5638524741282046,0.7257960024916666
4928,flag_nested,-0.11393328098853349,False,0.3430598780272928,0.3422518780904941
4942,market_1,0.6473240122716262,True,0.12422577184488301,0.05403097475446324
4942,block_2_3,0.07836340594730108,True,0.2303677588322277,0.28930645616304734
4942,block_4_6,-0.4847482049915912,False,0.862631968851454,0.9132530779864505
4942,top_3,0.025688435342878017,True,0.21175257558580096,0.28798803737545875
4942,top_6,-0.45596279800999395,False,0.8743295044021846,0.9157041783548322
4942,flag_nested,-0.3414553588035676,False,0.3972242530245252,0.41269529498100255
4956,market_1,0.5671399376290883,True,0.0894177328858881,0.04445333447488079
4956,block_2_3,-0.23555447479011618,False,0.3042167363942705,0.4014697283629024
4956,block_4_6,0.14112087287639738,True,0.5893623054438267,0.7368722041977501
4956,top_3,-0.25821914680289954,False,0.29926941715172184,0.4018441934835402
4956,top_6,0.20020565464636106,True,0.5731542593928947,0.7233590125530117
4956,flag_nested,0.049855979312326416,True,0.30430340092074565,0.3781671514004875
4970,market_1,0.6447488713793115,True,0.06332676608533747,0.05806150848271418
4970,block_2_3,0.09579958786999623,True,0.276996487920707,0.3618263333204994
4970,block_4_6,0.24632438905248522,True,0.7333371575052456,0.7641845689986335
4970,top_3,0.07722773471133827,True,0.2756597316339268,0.36096581925143223
4970,top_6,0.26899836444753744,True,0.7257960024916669,0.7513453043417581
4970,flag_nested,0.22870495920516987,True,0.3422518780904942,0.37535299925444715
4984,market_1,0.5065447628097614,True,0.05403097475446321,0.04086525897882132
4984,block_2_3,-0.36042087435768705,False,0.2893064561630472,0.55681375742414
4984,block_4_6,-0.4163788668444645,False,0.9132530779864498,1.0604698728053423
4984,top_3,-0.3670441392064187,False,0.2879880373754587,0.5573796942506059
4984,top_6,-0.3802896639132691,False,0.9157041783548323,0.9285151755615447
4984,flag_nested,-0.35167789274237576,False,0.41269529498100255,0.49891624125403405
4998,market_1,0.5033298509361024,True,0.04445333447488079,0.05874506938436231
4998,block_2_3,-0.17213957128838056,False,0.4014697283629025,1.0170842572606928
4998,block_4_6,-0.051087021969525435,False,0.7368722041977502,1.3358380840064834
4998,top_3,-0.17570053201447314,False,0.4018441934835401,1.0164939060076856
4998,top_6,-0.004896603873231305,False,0.7233590125530117,0.9381333090532901
4998,flag_nested,-0.08709475301658487,False,0.37816715140048757,0.7032448277471415
5012,market_1,0.523696284049311,True,0.05806150848271417,0.04296510527919436
5012,block_2_3,0.1725834646815356,True,0.3618263333204993,0.9901434890655179
5012,block_4_6,0.3392280436120834,True,0.764184568998634,1.1525895082831215
5012,top_3,0.16936252233176308,True,0.36096581925143206,0.990179484691196
5012,top_6,0.4607943949761553,True,0.7513453043417578,0.7136711688517726
5012,flag_nested,0.2596092251629375,True,0.3753529992544471,0.6430802649082531
5026,market_1,0.5774196891937441,True,0.04086525897882133,0.05375508433576616
5026,block_2_3,0.6799597956784528,True,0.5568137574241405,0.8812164270091373
5026,block_4_6,0.48363505037075627,True,1.0604698728053426,0.9767438320585523
5026,top_3,0.677972805913105,True,0.5573796942506059,0.8804577050624184
5026,top_6,0.3280663937849563,True,0.9285151755615442,0.8019286756373372
5026,flag_nested,0.5048223886601729,True,0.4989162412540339,0.6070198783357766
5040,market_1,0.5623176029602207,True,0.05874506938436236,0.048818061859561876
5040,block_2_3,0.6990790842460054,True,1.0170842572606933,0.5845590576894392
5040,block_4_6,0.34927056272648804,True,1.3358380840064834,0.6963803192926415
5040,top_3,0.6964698676532437,True,1.0164939060076854,0.5846686312663248
5040,top_6,0.25482944597846424,True,0.9381333090532904,0.6151285028353541
5040,flag_nested,0.5509180679177207,True,0.7032448277471415,0.42354793328824936
5054,market_1,0.15262247499861395,True,0.04296510527919437,0.04800088155462782
5054,block_2_3,0.8870479612577976,True,0.9901434890655183,0.7975875314942137
5054,block_4_6,0.637266787873572,True,1.1525895082831212,0.8821552762532119
5054,top_3,0.8852240724998826,True,0.9901794846911964,0.7984897948211891
5054,top_6,0.1864942776029211,True,0.7136711688517722,0.5450827782660177
5054,flag_nested,0.7431218333534457,True,0.6430802649082533,0.5141516714954675
5068,market_1,0.06081317191805611,True,0.05375508433576616,0.04125404373954484
5068,block_2_3,0.7119740660030623,True,0.8812164270091372,0.5943206173707244
5068,block_4_6,0.35480565221623817,True,0.976743832058552,0.8158527568142349
5068,top_3,0.7103270549527055,True,0.8804577050624183,0.5955916175592563
5068,top_6,0.10711943970643152,True,0.8019286756373377,0.6288007930566811
5068,flag_nested,0.5093975303688089,True,0.6070198783357768,0.43109561273411245
5082,market_1,0.423762163490462,True,0.048818061859561855,0.034538270325614344
5082,block_2_3,0.44074710233484,True,0.5845590576894392,0.27681684028144854
5082,block_4_6,0.10481142142043408,True,0.6963803192926415,0.6231792755073281
5082,top_3,0.4412707648585613,True,0.5846686312663252,0.2786361220041157
5082,top_6,0.027031364251970922,True,0.6151285028353535,0.6164611223935
5082,flag_nested,0.20718235555842118,True,0.4235479332882493,0.3006819596340265
5096,market_1,0.21116657468119865,True,0.048000881554627825,0.04097120942951054
5096,block_2_3,-0.5091849270697081,False,0.7975875314942129,0.6903686862396681
5096,block_4_6,-0.4007907987648646,False,0.8821552762532118,0.820495828555949
5096,top_3,-0.5072794927709176,False,0.7984897948211888,0.6912766294951311
5096,top_6,-0.12696478085864638,False,0.5450827782660177,0.5340341310426823
5096,flag_nested,-0.42203019507992684,False,0.5141516714954673,0.4566163689034649
5110,market_1,0.03805064187876569,True,0.04125404373954484,0.0588432499298413
5110,block_2_3,0.49563719381086724,True,0.5943206173707245,0.9859155489887613
5110,block_4_6,0.3135645078227723,True,0.8158527568142349,1.158386212353986
5110,top_3,0.49413267727200894,True,0.5955916175592563,0.9870709674206353
5110,top_6,0.004674357479761404,True,0.6288007930566809,0.7189827453510947
5110,flag_nested,0.35053496014486646,True,0.43109561273411245,0.6437299570906848
5124,market_1,0.0848165599191709,True,0.03453827032561435,0.06257357477665404
5124,block_2_3,-0.10026091882294867,False,0.27681684028144865,0.8551150021079982
5124,block_4_6,0.19652119206068477,True,0.6231792755073281,1.0115514019645462
5124,top_3,-0.09968920310322119,False,0.27863612200411575,0.8548764223225457
5124,top_6,0.3585270257952428,True,0.6164611223935003,0.6421730004581423
5124,flag_nested,0.09416935492391706,True,0.30068195963402666,0.5623620232207157
5138,market_1,0.0852057207198033,True,0.04097120942951054,0.07292736419556672
5138,block_2_3,-0.879512015295312,False,0.6903686862396683,1.0048852066698901
5138,block_4_6,-0.5656158796548098,False,0.8204958285559487,1.1943715444233356
5138,top_3,-0.8793701108171381,False,0.6912766294951311,1.0057492180024448
5138,top_6,0.16438401709417805,True,0.534034131042682,0.7159562791473523
5138,flag_nested,-0.646346846125301,False,0.45661636890346485,0.654161903426394
5152,market_1,0.03840954453973131,True,0.0588432499298413,0.07623886225949232
5152,block_2_3,-0.8826998459947789,False,0.985915548988761,0.5144849160613826
5152,block_4_6,-0.5440754115924138,False,1.1583862123539865,0.7155468901395651
5152,top_3,-0.8840309055887666,False,0.9870709674206357,0.516256688992833
5152,top_6,-0.12260006778057207,False,0.7189827453510945,0.6020703030640338
5152,flag_nested,-0.6265877671277625,False,0.643729957090685,0.3937860612911182
5166,market_1,0.2125451221464476,True,0.06257357477665405,0.0688402818139565
5166,block_2_3,-0.7849602621387523,False,0.8551150021079977,0.3507064197658461
5166,block_4_6,-0.06546949197205085,False,1.0115514019645466,0.9331854618434015
5166,top_3,-0.7834721371390773,False,0.8548764223225448,0.3535503609577398
5166,top_6,0.26767735498768325,True,0.6421730004581423,0.9131954256814871
5166,flag_nested,-0.21415440132027466,False,0.5623620232207153,0.4305723917751111
5180,market_1,0.09692776189563852,True,0.07292736419556675,0.046234284857311125
5180,block_2_3,-0.7109611996218341,False,1.00488520666989,0.2546534645853505
5180,block_4_6,-0.22221672002659093,False,1.1943715444233356,1.6202166106038602
5180,top_3,-0.6984793913421365,False,1.005749218002445,0.2585086241398287
5180,top_6,-0.19990559946100359,False,0.7159562791473526,1.612436791261183
5180,flag_nested,-0.2229412498977974,False,0.6541619034263942,0.6765638030887646
5194,market_1,-0.04378335908989272,False,0.07623886225949233,0.05107976784633793
5194,block_2_3,0.6680390543505533,True,0.5144849160613825,0.26049219278599495
5194,block_4_6,0.35075768208815716,True,0.7155468901395649,1.0321084577543365
5194,top_3,0.6735760161724916,True,0.516256688992833,0.2628206674883828
5194,top_6,0.30367559782679915,True,0.602070303064034,1.023339465301874
5194,flag_nested,0.3489422348758034,True,0.39378606129111826,0.4474050968011388
5208,market_1,-0.24621812906277493,False,0.06884028181395649,0.06063884824332907
5208,block_2_3,0.38186790023158274,True,0.35070641976584627,0.2051130536432635
5208,block_4_6,0.708736094871287,True,0.9331854618434017,0.9285247065130208
5208,top_3,0.39920395726845237,True,0.35355036095773984,0.2060564332725972
5208,top_6,0.6909700450518194,True,0.913195425681487,0.9379786886182278
5208,flag_nested,0.6145459324034243,True,0.43057239177511103,0.40554180778839644
5222,market_1,-0.10443506651568368,False,0.04623428485731117,0.07465251050006418
5222,block_2_3,-0.021519780534804505,False,0.25465346458535054,0.22271049630808798
5222,block_4_6,0.6590584799409851,True,1.6202166106038594,0.5941443176613634
5222,top_3,-0.023049943194714668,False,0.2585086241398289,0.21898842392481024
5222,top_6,0.6543994685307908,True,1.6124367912611826,0.6107508150045092
5222,flag_nested,0.5445865083178433,True,0.6765638030887645,0.28935744953217474
5236,market_1,0.16697242943353724,True,0.05107976784633793,0.0616790409171568
5236,block_2_3,-0.3962768303624062,False,0.26049219278599506,0.24201192669908536
5236,block_4_6,0.5940368063473047,True,1.0321084577543367,0.7798362040781237
5236,top_3,-0.3949970958486053,False,0.26282066748838284,0.24047703898822528
5236,top_6,0.649237323662359,True,1.023339465301875,0.7813606218882436
5236,flag_nested,0.49802220283566995,True,0.4474050968011392,0.353319651904012
5250,market_1,0.18846564218347225,True,0.06063884824332908,0.10481833044305142
5250,block_2_3,0.031348590217412556,True,0.20511305364326354,0.2767853013924362
5250,block_4_6,-0.011192371678452903,False,0.9285247065130203,0.6319303396058031
5250,top_3,0.026426947995388552,True,0.20605643327259707,0.2672838083489612
5250,top_6,0.014340264762694123,True,0.9379786886182281,0.6249667417083011
5250,flag_nested,0.02406120654380694,True,0.40554180778839655,0.31606591903002107
5264,market_1,0.6451681620703178,True,0.07465251050006416,0.07377358213324277
5264,block_2_3,0.3241306240050005,True,0.22271049630808787,0.3161678516605712
5264,block_4_6,0.2396020551502058,True,0.5941443176613638,1.0547959391799635
5264,top_3,0.29383203112305334,True,0.21898842392481024,0.3129306061870208
5264,top_6,0.20557451256655018,True,0.6107508150045096,1.0335054990664005
5264,flag_nested,0.23709019097551562,True,0.28935744953217485,0.46487274131426976
5278,market_1,0.7095044669647137,True,0.06167904091715679,0.08358429449074974
5278,block_2_3,0.08164846379925489,True,0.24201192669908536,0.483042253044429
5278,block_4_6,0.3174805472069127,True,0.7798362040781242,0.8100901272217526
5278,top_3,0.06303175793267393,True,0.24047703898822528,0.4806978479339815
5278,top_6,0.3757188182879652,True,0.7813606218882442,0.6934248821769735
5278,flag_nested,0.27953354475016196,True,0.3533196519040123,0.4051536570553552
5292,market_1,0.3304924415572294,True,0.10481833044305142,0.0778313608525277
5292,block_2_3,-0.3918608587340366,False,0.2767853013924362,0.4495951941508639
5292,block_4_6,0.018992327361987353,True,0.6319303396058034,0.8025348556893266
5292,top_3,-0.43402934850863567,False,0.26728380834896115,0.45210369771697617
5292,top_6,0.17256606040862746,True,0.6249667417083009,0.7161250772648081
5292,flag_nested,-0.015158221214749563,False,0.316065919030021,0.3995783105681938
5306,market_1,0.18155934097786788,True,0.07377358213324274,0.06895872085800438
5306,block_2_3,0.38232482957611696,True,0.3161678516605713,0.29906832680541595
5306,block_4_6,-0.5154096412443645,False,1.0547959391799633,0.5898368764307717
5306,top_3,0.38397462417244266,True,0.3129306061870208,0.3015525303967645
5306,top_6,-0.49566880209625397,False,1.0335054990664,0.621001082813721
5306,flag_nested,-0.27313081958249835,False,0.46487274131426976,0.31518302437563434
5320,market_1,0.3696499893130952,True,0.08358429449074972,0.06290228829537468
5320,block_2_3,0.6823177890088865,True,0.48304225304442905,0.320068425499958
5320,block_4_6,0.1893732593902599,True,0.8100901272217527,0.4722722392177879
5320,top_3,0.6758461179876956,True,0.48069784793398157,0.3243136022916732
5320,top_6,0.003673178179960962,True,0.6934248821769735,0.47657389416481727
5320,flag_nested,0.3317572307796734,True,0.4051536570553552,0.27725484338991213
5334,market_1,0.1911076258545274,True,0.0778313608525277,0.05690231245883861
5334,block_2_3,-0.8351658377741562,False,0.449595194150864,0.9007983246990632
5334,block_4_6,-0.5144434187154537,False,0.8025348556893266,0.931586907244732
5334,top_3,-0.8273709934663313,False,0.4521036977169762,0.902530117907303
5334,top_6,-0.12671891989245612,False,0.7161250772648085,0.3741970413144698
5334,flag_nested,-0.5378835798241597,False,0.39957831056819393,0.5459810576944685
5348,market_1,0.07536924499607493,True,0.0689587208580044,0.060735413268002164
5348,block_2_3,0.10906704113112868,True,0.2990683268054159,0.5191265787483413
5348,block_4_6,0.17541316838613497,True,0.5898368764307719,0.6006762855499586
5348,top_3,0.11600507594780167,True,0.3015525303967644,0.521659158469285
5348,top_6,0.11647363168793184,True,0.6210010828137211,0.40264057399192943
5348,flag_nested,0.10245621965696541,True,0.31518302437563434,0.34845103185462695
5362,market_1,-0.31682227691542153,False,0.06290228829537467,0.05662006522918033
5362,block_2_3,0.4963375001672685,True,0.3200684254999581,0.3681857434032537
5362,block_4_6,0.0344887084926338,True,0.472272239217788,0.5299118175641451
5362,top_3,0.4875878530467,True,0.3243136022916733,0.37030608388909336
5362,top_6,-0.1782083225643425,False,0.47657389416481716,0.42885216129622633
5362,flag_nested,0.15753402983946357,True,0.27725484338991213,0.2820763367418877
5376,market_1,-0.1610049693150828,False,0.0569023124588386,0.0723529442213267
5376,block_2_3,0.9041598765414224,True,0.900798324699063,0.39030244324868035
5376,block_4_6,0.5215697060568365,True,0.9315869072447319,0.7362911637408505
5376,top_3,0.8978810721634681,True,0.902530117907303,0.3912399853965646
5376,top_6,0.27533790662795254,True,0.3741970413144699,0.6639618183492567
5376,flag_nested,0.5920108637086187,True,0.5459810576944685,0.36018338842799374
5390,market_1,-0.2621632372153472,False,0.06073541326800214,0.10348318721610603
5390,block_2_3,0.5953641866271064,True,0.5191265787483414,0.3367470150765309
5390,block_4_6,0.6188224483994855,True,0.6006762855499584,0.5701740277140257
5390,top_3,0.6082367302554179,True,0.5216591584692849,0.33212334521579884
5390,top_6,0.45319189562667433,True,0.40264057399192926,0.5548100227855604
5390,flag_nested,0.4597705192208302,True,0.3484510318546269,0.3142924896961431
5404,market_1,0.28865231492921084,True,0.05662006522918036,0.102457984248556
5404,block_2_3,0.0695270299900461,True,0.36818574340325355,0.25289015352651
5404,block_4_6,0.1389558510820012,True,0.5299118175641452,0.43365713336004946
5404,top_3,0.053590240095819835,True,0.37030608388909353,0.2533451829340082
5404,top_6,0.13544634146928466,True,0.4288521612962263,0.4800955418495039
5404,flag_nested,0.10693653459505632,True,0.28207633674188776,0.2651556536430269
5418,market_1,0.45881447309209605,True,0.07235294422132668,0.08452528226396401
5418,block_2_3,-0.3183574246084827,False,0.3903024432486804,0.3060793628679862
5418,block_4_6,-0.5251352435902248,False,0.7362911637408501,0.5601562130061024
5418,top_3,-0.32609225948556836,False,0.3912399853965647,0.3097415507810813
5418,top_6,-0.448657469386201,False,0.6639618183492568,0.586854241524705
5418,flag_nested,-0.35300971940045206,False,0.36018338842799374,0.3106833053681545
5432,market_1,0.5134868114107161,True,0.10348318721610601,0.05883996915610188
5432,block_2_3,-0.25937394172925476,False,0.3367470150765309,0.33886258298842864
5432,block_4_6,-0.3031439924240881,False,0.570174027714026,1.2880745592739609
5432,top_3,-0.24533442426962584,False,0.3321233452157989,0.34346102012238394
5432,top_6,-0.2937557305944896,False,0.5548100227855602,1.2875963420956709
5432,flag_nested,-0.2319300870308582,False,0.3142924896961431,0.5648905700350165
5446,market_1,0.4638270098903411,True,0.102457984248556,0.06023636448167983
5446,block_2_3,0.10287795055085806,True,0.25289015352650995,0.24482524477574402
5446,block_4_6,0.14075663674065822,True,0.43365713336004963,1.6181814900093219
5446,top_3,0.11505658084672005,True,0.25334518293400815,0.2513837666806269
5446,top_6,0.16789199355776613,True,0.48009554184950387,1.6226050649144645
5446,flag_nested,0.15013963746123588,True,0.26515565364302685,0.6808089931132143
5460,market_1,0.3990299514445844,True,0.08452528226396402,0.060079001467404705
5460,block_2_3,0.15905000600909155,True,0.30607936286798626,0.2466812990846808
5460,block_4_6,0.053985134900209945,True,0.5601562130061024,1.3395578188196076
5460,top_3,0.1590407756890191,True,0.30974155078108107,0.2529949194383633
5460,top_6,0.05801018435293246,True,0.5868542415247052,1.3573491740346297
5460,flag_nested,0.07754655182466913,True,0.3106833053681545,0.5762040375422092
5474,market_1,0.26519402106262296,True,0.05883996915610186,0.047118102208931735
5474,block_2_3,-0.07249086363715006,False,0.33886258298842875,0.2281117710201089
5474,block_4_6,-0.42797168696445775,False,1.2880745592739609,0.6292682901544633
5474,top_3,-0.06223699814170801,False,0.3434610201223841,0.2328728662809529
5474,top_6,-0.33847455053946324,False,1.287596342095671,0.6525160154468554
5474,flag_nested,-0.28315738588769646,False,0.5648905700350167,0.3020919803219659
5488,market_1,0.16358180703606068,True,0.06023636448167985,0.05267976883866472
5488,block_2_3,-0.08759872136823728,False,0.244825244775744,0.3417531783982516
5488,block_4_6,0.4289866611628612,True,1.618181490009322,0.6362179860913124
5488,top_3,-0.08073435673515689,False,0.25138376668062706,0.34473532592185185
5488,top_6,0.42831227387908327,True,1.6226050649144632,0.609107199711391
5488,flag_nested,0.3127512110405134,True,0.6808089931132139,0.3228383028923598
5502,market_1,0.4462833292584723,True,0.06007900146740472,0.049875951586368296
5502,block_2_3,0.48405385583195054,True,0.24668129908468084,0.30693466858748863
5502,block_4_6,-0.18137502765739535,False,1.3395578188196062,0.5476499364711019
5502,top_3,0.4769713913674908,True,0.2529949194383632,0.3095290183812472
5502,top_6,-0.10026300864671431,False,1.3573491740346293,0.5658512681634498
5502,flag_nested,0.005582598984593712,True,0.5762040375422092,0.29629088955567967
5516,market_1,0.4610677003250318,True,0.04711810220893175,0.053504089130400154
5516,block_2_3,0.20552204894585677,True,0.2281117710201089,0.23901615961733583
5516,block_4_6,-0.6094389157864964,False,0.6292682901544636,0.6866787884359421
5516,top_3,0.22072164470642477,True,0.2328728662809529,0.2406785857819905
5516,top_6,-0.5554847254103974,False,0.6525160154468558,0.7053253242497506
5516,flag_nested,-0.38112419290072747,False,0.302091980321966,0.3241687579173582
5530,market_1,0.36335164601170306,True,0.052679768838664716,0.05186574596724463
5530,block_2_3,-0.050586002575527485,False,0.34175317839825176,0.31536745299989616
5530,block_4_6,-0.27356806898265285,False,0.6362179860913124,0.7961913980834947
5530,top_3,-0.04143679457518515,False,0.34473532592185185,0.31891532528478767
5530,top_6,-0.24925447408823356,False,0.6091071997113908,0.8004419891788175
5530,flag_nested,-0.16998877761451683,False,0.32283830289235965,0.37865148467334675
5544,market_1,0.16430432481037605,True,0.04987595158636828,0.051626778546238844
5544,block_2_3,0.09203285037544746,True,0.30693466858748863,0.2502155800923662
5544,block_4_6,-0.3066501104551823,False,0.547649936471102,0.8717181131277054
5544,top_3,0.09801526528034496,True,0.3095290183812472,0.25476411862095827
5544,top_6,-0.3287487579815603,False,0.5658512681634497,0.8765460706865759
5544,flag_nested,-0.20905051760282034,False,0.2962908895556796,0.3903277408981409
5558,market_1,0.2321315470247226,True,0.05350408913040013,0.05587147243915914
5558,block_2_3,0.31356651410101066,True,0.2390161596173358,0.23467724551632316
5558,block_4_6,0.43234659998431035,True,0.6866787884359421,1.0862213308996354
5558,top_3,0.32373344234761386,True,0.2406785857819905,0.24088401880624016
5558,top_6,0.42084781175607666,True,0.7053253242497503,1.0864897401328637
5558,flag_nested,0.3999456060933769,True,0.32416875791735805,0.4681950991202968
5572,market_1,0.35209066055687605,True,0.05186574596724462,0.0563969046933229
5572,block_2_3,0.040156729520593445,True,0.31536745299989616,0.2589070561631684
5572,block_4_6,0.6380559864789797,True,0.7961913980834947,0.953528314871716
5572,top_3,0.05678027989881193,True,0.31891532528478767,0.26389425093545416
5572,top_6,0.6461660464377543,True,0.8004419891788177,0.9701796709677672
5572,flag_nested,0.5321101631099179,True,0.3786514846733468,0.4280990170639305
5586,market_1,0.5056471943543238,True,0.051626778546238844,0.05173785682670776
5586,block_2_3,0.0022387315910222007,True,0.2502155800923661,0.3866143406718301
5586,block_4_6,0.568915616018686,True,0.8717181131277053,0.8395836454776885
5586,top_3,0.01797605959515694,True,0.2547641186209583,0.38977231674642354
5586,top_6,0.6284310336731618,True,0.8765460706865754,0.814122289935429
5586,flag_nested,0.48547481283213484,True,0.3903277408981407,0.40470171232394136
5600,market_1,0.2558053110465732,True,0.05587147243915914,0.0481312838389654
5600,block_2_3,0.2662094781195504,True,0.2346772455163232,0.2765456352378651
5600,block_4_6,0.2662778033184082,True,1.0862213308996351,0.5706621749582881
5600,top_3,0.2730373899534184,True,0.24088401880624039,0.2790866536271517
5600,top_6,0.2855468327789692,True,1.086489740132864,0.5623676055849558
5600,flag_nested,0.26932187343220937,True,0.46819509912029666,0.2845861812002597
5614,market_1,0.14098332327721452,True,0.056396904693322876,0.04622838889528134
5614,block_2_3,-0.005075997410602436,False,0.2589070561631684,0.39214258205524904
5614,block_4_6,-0.21231179163227637,False,0.9535283148717156,0.5763224541310058
5614,top_3,-0.002729365288446124,False,0.26389425093545416,0.3941487683653631
5614,top_6,-0.2261324354173217,False,0.9701796709677664,0.508189404323484
5614,flag_nested,-0.13734508053170805,False,0.4280990170639301,0.3113907934610043
5628,market_1,0.3579017188864372,True,0.05173785682670774,0.06249827484643828
5628,block_2_3,0.18767277127201776,True,0.38661434067183004,0.4702009544251855
5628,block_4_6,0.09376113967593906,True,0.8395836454776892,0.6106879994454975
5628,top_3,0.18693793159986272,True,0.3897723167464236,0.4706802969236662
5628,top_6,-0.07805714298576345,False,0.8141222899354296,0.5182821955957758
5628,flag_nested,0.05011876496305677,True,0.4047017123239414,0.35003155197033425
5642,market_1,0.21162185138525183,True,0.04813128383896542,0.06716171847650071
5642,block_2_3,0.530648064658628,True,0.2765456352378652,0.6489961912537539
5642,block_4_6,0.16713097395979953,True,0.5706621749582881,0.7568388898706218
5642,top_3,0.5293189636757674,True,0.2790866536271518,0.650037348029185
5642,top_6,-0.18662781373334233,False,0.562367605584956,0.4793397707147811
5642,flag_nested,0.19931629032893525,True,0.2845861812002598,0.4285494724507372
5656,market_1,0.29900152088262644,True,0.046228388895281344,0.06735043730984876
5656,block_2_3,0.557881262129748,True,0.39214258205524916,0.44308638079426216
5656,block_4_6,0.17081233848685656,True,0.5763224541310058,0.5886872101925625
5656,top_3,0.5587234114380892,True,0.39414876836536333,0.445812068199754
5656,top_6,-0.1896456498063705,False,0.5081894043234844,0.4748149430171907
5656,flag_nested,0.25393873978840326,True,0.31139079346100446,0.3291814390404552
5670,market_1,0.23400614106341744,True,0.06249827484643831,0.0643187606922191
5670,block_2_3,0.6145003017550945,True,0.4702009544251854,0.38787527525381277
5670,block_4_6,0.4906058996339296,True,0.610687999445497,0.5483208854391399
5670,top_3,0.6130800215808404,True,0.4706802969236664,0.39190634485928555
5670,top_6,0.14297010214994624,True,0.5182821955957758,0.4682512307602439
5670,flag_nested,0.41866870070412676,True,0.3500315519703343,0.3031121352602893
5684,market_1,0.6107131499513411,True,0.06716171847650072,0.06190465809337621
5684,block_2_3,0.27964131916599616,True,0.6489961912537535,0.19130998352966055
5684,block_4_6,0.14328064885281216,True,0.7568388898706216,0.4844624082356027
5684,top_3,0.2736322299621749,True,0.6500373480291849,0.19782061163220188
5684,top_6,0.1499659165421394,True,0.47933977071478123,0.507793376729574
5684,flag_nested,0.19411556108252556,True,0.42854947245073716,0.24464710039341933
5698,market_1,0.4597504547091388,True,0.06735043730984874,0.07276317166357454
5698,block_2_3,-0.047741865215278026,False,0.44308638079426227,0.2316633171901191
5698,block_4_6,0.0241555146231634,True,0.5886872101925624,0.5296479661147008
5698,top_3,-0.0400148087136918,False,0.4458120681997538,0.23570546899458858
5698,top_6,0.05225864109075695,True,0.4748149430171907,0.5257405454249812
5698,flag_nested,0.03477050795713755,True,0.3291814390404551,0.2643495577938838
5712,market_1,0.11859268679372463,True,0.06431876069221905,0.06048072772057606
5712,block_2_3,0.00985852104145465,True,0.387875275253813,0.2873391126870562
5712,block_4_6,0.047134280615441906,True,0.5483208854391399,0.5743205510015079
5712,top_3,0.017062817782471755,True,0.39190634485928577,0.29012874778979025
5712,top_6,0.04710112622719298,True,0.46825123076024433,0.5714537731690946
5712,flag_nested,0.03606657855292182,True,0.30311213526028946,0.293500796708459
5726,market_1,-0.030338019753535155,False,0.061904658093376204,0.07714949079523857
5726,block_2_3,0.26300268274327915,True,0.19130998352966055,0.2817055894340377
5726,block_4_6,-0.017248254408908776,False,0.48446240823560255,0.6048869871004342
5726,top_3,0.26457894607435933,True,0.19782061163220185,0.28563792295481344
5726,top_6,-0.05177467301121654,False,0.5077933767295738,0.607429467965797
5726,flag_nested,0.028922593545432956,True,0.24464710039341925,0.30764180150321974
5740,market_1,-0.07468781261883384,False,0.0727631716635745,0.04877512116642
5740,block_2_3,-0.3624912574361533,False,0.23166331719011912,0.4297855450900463
5740,block_4_6,-0.03537678715474702,False,0.5296479661147007,0.6606447429972863
5740,top_3,-0.35249271455168035,False,0.23570546899458858,0.4307615967253259
5740,top_6,0.09265854007396157,True,0.5257405454249815,0.604893921411796
5740,flag_nested,-0.07786665771770383,False,0.26434955779388386,0.35385539354761814
5754,market_1,0.029234860289997507,True,0.06048072772057611,0.0529865114390384
5754,block_2_3,0.06642552269227621,True,0.2873391126870561,0.31345912463528613
5754,block_4_6,0.07179730016064285,True,0.5743205510015078,0.5929892607005631
5754,top_3,0.06550701082758578,True,0.29012874778979014,0.31652079470550565
5754,top_6,0.12063819429448476,True,0.5714537731690945,0.5963536137412462
5754,flag_nested,0.09869879392535043,True,0.29350079670845897,0.3089913380531158
5768,market_1,-0.21710038991735753,False,0.07714949079523858,0.04738711609255286
5768,block_2_3,0.05516505968920976,True,0.28170558943403773,0.3070856798678439
5768,block_4_6,-0.03498110180494496,False,0.6048869871004338,0.663394109808301
5768,top_3,0.058475866330863865,True,0.28563792295481333,0.3090917364363383
5768,top_6,0.0013618911994392837,True,0.6074294679657969,0.6329004310066633
5768,flag_nested,0.01038377203176828,True,0.3076418015032197,0.3175719318160576
5782,market_1,-0.30132880306246174,False,0.048775121166420014,0.051866911213944475
5782,block_2_3,-0.06430209112778235,False,0.42978554509004624,0.5249090832093994
5782,block_4_6,-0.01799878951268266,False,0.6606447429972861,0.8001329523991991
5782,top_3,-0.06337281671821826,False,0.4307615967253261,0.5265122718286906
5782,top_6,0.06346233736213347,True,0.6048939214117962,0.6479686583393954
5782,flag_nested,-0.009790866646869269,False,0.3538553935476183,0.40629110783522066
5796,market_1,-0.3449369905904045,False,0.05298651143903842,0.05554046430584495
5796,block_2_3,0.31043712388295613,True,0.3134591246352863,0.46455406060237237
5796,block_4_6,0.10842959840576623,True,0.5929892607005633,0.8843867026904957
5796,top_3,0.3039232488868037,True,0.31652079470550587,0.4667460124606484
5796,top_6,0.08546424651179833,True,0.5963536137412465,0.8575497156052191
5796,flag_nested,0.1543480469702723,True,0.30899133805311596,0.4452721366539562
5810,market_1,-0.024201677650692154,False,0.04738711609255287,0.06995449115816033
5810,block_2_3,0.4453189367238927,True,0.3070856798678438,0.5312441187582355
5810,block_4_6,0.30519623460191375,True,0.6633941098083014,1.0413342828121714
5810,top_3,0.44266941325838477,True,0.30909173643633814,0.53541085183002
5810,top_6,0.1806087427941067,True,0.6329004310066638,0.9941095941883641
5810,flag_nested,0.2646510692693042,True,0.3175719318160577,0.5149344991956472
5824,market_1,0.18180331749378414,True,0.051866911213944475,0.06778562745466551
5824,block_2_3,0.8634612797901943,True,0.5249090832093993,0.7810075282927477
5824,block_4_6,0.6660875994251635,True,0.800132952399199,0.9869532767541821
5824,top_3,0.8596454438496732,True,0.5265122718286905,0.7839166297242063
5824,top_6,0.3637483277589035,True,0.6479686583393951,0.6954348815649934
5824,flag_nested,0.6682890049655988,True,0.4062911078352205,0.5385551019394657
5838,market_1,0.5144634294539887,True,0.05554046430584492,0.08124778603460824
5838,block_2_3,0.6691955952265672,True,0.46455406060237203,1.2634613114501252
5838,block_4_6,0.5602872145903094,True,0.8843867026904952,1.3357840733265929
5838,top_3,0.6654266508957003,True,0.4667460124606484,1.2643143724396089
5838,top_6,0.4350187093859684,True,0.8575497156052192,0.5415708163881039
5838,flag_nested,0.48864112875794447,True,0.4452721366539562,0.7670167132350241
5852,market_1,0.07236173072956313,True,0.06995449115816033,0.09343818862235734
5852,block_2_3,0.7130453949740991,True,0.5312441187582355,0.7354476854099207
5852,block_4_6,0.40181437571075285,True,1.0413342828121717,0.8472658667485183
5852,top_3,0.71226538964361,True,0.53541085183002,0.7358636333206713
5852,top_6,0.28576581670671614,True,0.9941095941883639,0.5253568405236663
5852,flag_nested,0.4760398683911813,True,0.5149344991956472,0.4850042189044976
5866,market_1,0.13299644211823505,True,0.06778562745466553,0.08555028979559748
5866,block_2_3,-0.002042642954362264,False,0.7810075282927479,0.5625203175175543
5866,block_4_6,-0.0035692934852632964,False,0.9869532767541819,0.7128572056321067
5866,top_3,-0.0014895651699263033,False,0.7839166297242062,0.5633392406425322
5866,top_6,-0.0020328011560707447,False,0.6954348815649939,0.5562829131662808
5866,flag_nested,0.0019259804533637772,True,0.5385551019394657,0.4058049597365787
5880,market_1,0.4438616629030756,True,0.08124778603460821,0.06173035863981534
5880,block_2_3,-0.4705581890609005,False,1.2634613114501247,0.5365909470842335
5880,block_4_6,-0.3739203162599697,False,1.3357840733265929,0.6672707944301763
5880,top_3,-0.466742926594305,False,1.2643143724396084,0.5397463317181453
5880,top_6,0.07572945097426957,True,0.5415708163881042,0.5281153864048715
5880,flag_nested,-0.3407126155374423,False,0.7670167132350237,0.38393182763583533
5894,market_1,0.22032698681604604,True,0.09343818862235737,0.0879742105349951
5894,block_2_3,0.40430151495546995,True,0.7354476854099202,0.5833363451528343
5894,block_4_6,0.2957502240975273,True,0.8472658667485181,0.6656838898159559
5894,top_3,0.40107103417772305,True,0.7358636333206706,0.5848178138745912
5894,top_6,-0.16027729844174435,False,0.5253568405236659,0.5361211510519429
5894,flag_nested,0.2594068785881483,True,0.48500421890449724,0.4118831569290224
5908,market_1,0.28817461533321487,True,0.0855502897955975,0.07764227527907076
5908,block_2_3,0.31082415132162533,True,0.5625203175175543,0.5128254453338821
5908,block_4_6,-0.023545480857740615,False,0.7128572056321065,0.7967766943466328
5908,top_3,0.3067189350592981,True,0.563339240642532,0.5160477513968665
5908,top_6,-0.19553232627669329,False,0.5562829131662809,0.7577303826244258
5908,flag_nested,0.10106308658413628,True,0.4058049597365787,0.43645080548647347
5922,market_1,0.19843131782684093,True,0.06173035863981536,0.0753507057743995
5922,block_2_3,-0.8342846251239904,False,0.5365909470842334,0.9190454527950562
5922,block_4_6,-0.536485322443784,False,0.6672707944301762,1.0698388016417306
5922,top_3,-0.8276811305233246,False,0.5397463317181455,0.9205849036266097
5922,top_6,0.007703608549435526,True,0.5281153864048714,0.6467205737850492
5922,flag_nested,-0.5909339961461217,False,0.38393182763583533,0.5982289142810764
5936,market_1,0.03244541757516452,True,0.08797421053499507,0.09431136586006143
5936,block_2_3,0.5695821563255933,True,0.5833363451528341,0.6948531977073558
5936,block_4_6,0.32956597250494474,True,0.6656838898159562,0.8315877742389735
5936,top_3,0.5605715874368048,True,0.584817813874591,0.7009700049356296
5936,top_6,-0.2991045005816228,False,0.5361211510519429,0.5421186244515508
5936,flag_nested,0.3216840989637304,True,0.4118831569290222,0.4708110556968859
5950,market_1,0.11537601156096548,True,0.07764227527907076,0.11479043630164575
5950,block_2_3,0.5224212965884686,True,0.512825445333882,0.562279207974165
5950,block_4_6,0.22396308786483116,True,0.7967766943466326,0.7970631744489665
5950,top_3,0.5131119374244062,True,0.5160477513968666,0.5738144816603563
5950,top_6,0.038160019701602,True,0.7577303826244254,0.6184719019927732
5950,flag_nested,0.2898331158400905,True,0.4364508054864734,0.4320676409002759
5964,market_1,0.20668437331270448,True,0.07535070577439952,0.09473986751101125
5964,block_2_3,0.5889287546799525,True,0.9190454527950561,0.42806570578908765
5964,block_4_6,0.3507004398075696,True,1.0698388016417304,0.8159646916061332
5964,top_3,0.5803539262335329,True,0.9205849036266098,0.438152458187742
5964,top_6,0.19230344009614528,True,0.6467205737850494,0.7566490041554483
5964,flag_nested,0.3877607620634798,True,0.5982289142810765,0.4103508100185696
5978,market_1,0.2224320984287837,True,0.0943113658600614,0.09311045377235848
5978,block_2_3,0.06671207094655596,True,0.6948531977073557,0.307320097232796
5978,block_4_6,-0.09262799867205129,False,0.8315877742389729,1.0050497461849925
5978,top_3,0.07492730595707697,True,0.7009700049356293,0.31954063808990635
5978,top_6,-0.1553469142910227,False,0.5421186244515507,1.0164818012651067
5978,flag_nested,-0.03078827106257419,False,0.4708110556968857,0.4635847694318578
5992,market_1,-0.0473190512494764,False,0.11479043630164569,0.05122792149255229
5992,block_2_3,0.44357536581545964,True,0.5622792079741649,0.2971217536332708
5992,block_4_6,0.3998497217846487,True,0.7970631744489667,0.6003340835249354
5992,top_3,0.4299646998246372,True,0.5738144816603562,0.2992711822037141
5992,top_6,0.3097459588552423,True,0.618471901992773,0.589059730567248
5992,flag_nested,0.3322563267425472,True,0.43206764090027583,0.3005172337858676
6006,market_1,0.1516828035575068,True,0.09473986751101122,0.06457507016542699
6006,block_2_3,-0.20512755612277717,False,0.42806570578908754,0.344672431844676
6006,block_4_6,-0.060449514860824116,False,0.8159646916061324,0.6119152978536152
6006,top_3,-0.19095758270323837,False,0.438152458187742,0.34744520749727975
6006,top_6,-0.06535925699009544,False,0.7566490041554484,0.5845089861009082
6006,flag_nested,-0.1039500356571097,False,0.4103508100185696,0.31835691118082815
6020,market_1,-0.18521236571827523,False,0.09311045377235846,0.055811522300588765
6020,block_2_3,-0.11138384036819178,False,0.30732009723279596,0.35772266207864223
6020,block_4_6,-0.6276815872835803,False,1.0050497461849923,1.0566312525428614
6020,top_3,-0.11896229589809033,False,0.31954063808990624,0.3605923479915588
6020,top_6,-0.6446495960416626,False,1.0164818012651067,1.0337709344940496
6020,flag_nested,-0.5390932988532029,False,0.46358476943185767,0.473889154408125
6034,market_1,-0.2112360613156839,False,0.05122792149255228,0.05651665791408151
6034,block_2_3,0.4238429966071945,True,0.29712175363327087,0.42960368372841223
6034,block_4_6,-0.16577497592866625,False,0.600334083524935,0.7134621982704226
6034,top_3,0.4184275315887929,True,0.299271182203714,0.43121713986852606
6034,top_6,-0.27301585243743476,False,0.5890597305672479,0.6268922809320712
6034,flag_nested,0.0053833979922123226,True,0.3005172337858675,0.36149116426630745
6048,market_1,-0.28956668601251195,False,0.06457507016542698,0.07980200835784164
6048,block_2_3,0.13407736407759488,True,0.3446724318446758,0.5963215637860007
6048,block_4_6,-0.3847958210141681,False,0.6119152978536153,1.3730559171863344
6048,top_3,0.132099352464397,True,0.3474452074972796,0.5977548577435705
6048,top_6,-0.3891433699716443,False,0.5845089861009078,1.2654563446797036
6048,flag_nested,-0.20219012814518403,False,0.31835691118082804,0.6263933353505953
6062,market_1,0.4354227687209167,True,0.05581152230058877,0.0722486426575749
6062,block_2_3,0.7285007107521285,True,0.35772266207864223,0.7402251314742235
6062,block_4_6,0.6239782828806171,True,1.0566312525428612,1.3483807213548091
6062,top_3,0.7263304592736618,True,0.3605923479915588,0.7414613824878217
6062,top_6,0.6367356184469243,True,1.0337709344940498,1.1829982098768907
6062,flag_nested,0.6377701885504532,True,0.47388915440812507,0.6494015098802643
6076,market_1,0.25316171693316497,True,0.05651665791408151,0.06058764928351838
6076,block_2_3,0.45720802937369986,True,0.4296036837284124,0.27417230575031526
6076,block_4_6,0.17460565348624188,True,0.7134621982704227,1.4935510671841106
6076,top_3,0.45932893007990866,True,0.43121713986852617,0.2788681610863811
6076,top_6,0.17992084146162998,True,0.6268922809320715,1.4931691004411694
6076,flag_nested,0.20679111167977826,True,0.3614911642663076,0.6333921961052128
6090,market_1,-0.15907309358475555,False,0.07980200835784164,0.06492619168920336
6090,block_2_3,0.5073074594545286,True,0.5963215637860007,0.3513162349028844
6090,block_4_6,0.7620828102261187,True,1.3730559171863344,0.9492365027377555
6090,top_3,0.5133009176628658,True,0.5977548577435708,0.354096652534535
6090,top_6,0.8137350932300218,True,1.2654563446797036,0.9326523295300825
6090,flag_nested,0.7140138895615668,True,0.6263933353505953,0.43701672520507245
6104,market_1,0.02140574429761526,True,0.07224864265757493,0.07004151694893415
6104,block_2_3,-0.07073179562302287,False,0.7402251314742239,0.35360983491579157
6104,block_4_6,-0.5483360143637172,False,1.3483807213548091,0.7933463496875521
6104,top_3,-0.06374405869962682,False,0.7414613824878215,0.3600332578986962
6104,top_6,-0.6298110941019671,False,1.182998209876891,0.7933259391458484
6104,flag_nested,-0.40971775160118357,False,0.6494015098802643,0.3911625458993971
6118,market_1,0.3330061681274706,True,0.06058764928351838,0.06883742453827948
6118,block_2_3,-0.10018353956284552,False,0.2741723057503153,0.6365294615414775
6118,block_4_6,-0.270628940377732,False,1.493551067184111,0.9021936916084725
6118,top_3,-0.0905271905186676,False,0.27886816108638124,0.6402097419927315
6118,top_6,-0.3102882118616383,False,1.4931691004411696,0.7142667093525825
6118,flag_nested,-0.1962804708536148,False,0.6333921961052128,0.47580554600882663
6132,market_1,0.4720691797539932,True,0.06492619168920334,0.06571127860870662
6132,block_2_3,0.365130572747794,True,0.35131623490288433,0.35982761213400904
6132,block_4_6,0.38527639687217463,True,0.9492365027377554,0.6907949954188839
6132,top_3,0.3658813256598987,True,0.35409665253453504,0.36352844159087616
6132,top_6,0.38160490095536265,True,0.9326523295300818,0.6330593765439924
6132,flag_nested,0.37264368191950736,True,0.4370167252050722,0.339356710738518
6146,market_1,0.002599559965313695,True,0.07004151694893412,0.07151932132121484
6146,block_2_3,0.31038640773043585,True,0.3536098349157916,0.3833463728343034
6146,block_4_6,0.41852998342631725,True,0.7933463496875526,0.6894729215475964
6146,top_3,0.296437499832031,True,0.3600332578986961,0.38933583052887266
6146,top_6,0.3134233060145763,True,0.7933259391458484,0.6336593410359981
6146,flag_nested,0.2929960213284723,True,0.3911625458993971,0.3500902308174452
6160,market_1,0.13287261219650268,True,0.06883742453827947,0.06569997011401349
6160,block_2_3,0.5266244450342558,True,0.6365294615414773,0.4552524050672228
6160,block_4_6,0.2345214673408235,True,0.9021936916084722,0.8895159737980879
6160,top_3,0.5214190321684379,True,0.6402097419927314,0.458437936247955
6160,top_6,-0.02369600309989576,False,0.7142667093525827,0.8234920809802417
6160,flag_nested,0.23930191503311127,True,0.4758055460088267,0.43289121163359867
6174,market_1,0.35191239646742145,True,0.06571127860870664,0.07239451204617298
6174,block_2_3,0.3735128533829375,True,0.35982761213400916,0.6363120041383676
6174,block_4_6,0.018922588000977215,True,0.6907949954188838,1.621585083572016
6174,top_3,0.36706008190719097,True,0.3635284415908764,0.6376194428463677
6174,top_6,0.05215566048010719,True,0.6330593765439927,1.565986547616659
6174,flag_nested,0.1536535560187007,True,0.3393567107385181,0.741268818463112
6188,market_1,0.179547922635843,True,0.07151932132121487,0.07621293871078991
6188,block_2_3,0.11062623975355242,True,0.3833463728343035,0.46949049423848405
6188,block_4_6,-0.18263319083864396,False,0.689472921547596,0.605962634925291
6188,top_3,0.10769213343342997,True,0.3893358305288729,0.46996005696265075
6188,top_6,-0.16784502087525238,False,0.6336593410359981,0.5373406043792213
6188,flag_nested,-0.01582038500632764,False,0.3500902308174453,0.35714383366670593
6202,market_1,0.11616862061527815,True,0.06569997011401352,0.0880645542313909
6202,block_2_3,0.42283650611980933,True,0.4552524050672227,0.46069465928536024
6202,block_4_6,0.441125928249484,True,0.8895159737980874,1.2340548257861323
6202,top_3,0.4080105638210205,True,0.458437936247955,0.4610569807468459
6202,top_6,0.4493947691320099,True,0.823492080980242,1.2079292650982343
6202,flag_nested,0.4231946698339782,True,0.4328912116335987,0.5672701271210211
6216,market_1,0.25797201130928027,True,0.07239451204617296,0.07961354095374404
6216,block_2_3,-0.5239414570132566,False,0.6363120041383674,0.8934882982383776
6216,block_4_6,-0.3981405357804887,False,1.6215850835720165,1.531925706232851
6216,top_3,-0.5181772102290395,False,0.6376194428463678,0.8963603180070092
6216,top_6,-0.36680142962728235,False,1.5659865476166595,1.297463992199367
6216,flag_nested,-0.4010961765163144,False,0.741268818463112,0.7448004593925738
6230,market_1,0.41764952445411807,True,0.0762129387107899,0.07334180050951922
6230,block_2_3,-0.6724515261077418,False,0.469490494238484,1.14073734258015
6230,block_4_6,-0.13713622367804956,False,0.6059626349252912,1.767464564205327
6230,top_3,-0.6619593162302607,False,0.46996005696265064,1.1429731888396752
6230,top_6,0.2362826116880757,True,0.5373406043792214,1.3773592599848563
6230,flag_nested,-0.28011655699791427,False,0.35714383366670593,0.8700735668216579
6244,market_1,0.24227228472760154,True,0.08806455423139087,0.08456498321319983
6244,block_2_3,-0.6038652699205774,False,0.4606946592853603,1.2046589085958754
6244,block_4_6,0.03923486945530027,True,1.2340548257861323,1.351651769559926
6244,top_3,-0.5890728804077715,False,0.4610569807468458,1.2066257966876832
6244,top_6,0.473697996425051,True,1.2079292650982345,0.7617442293616095
6244,flag_nested,-0.07989883484593412,False,0.5672701271210211,0.7675777176444065
6258,market_1,0.5183760558965421,True,0.07961354095374402,0.08888667375086465
6258,block_2_3,0.43588373227504745,True,0.8934882982383776,0.5145184379921484
6258,block_4_6,-0.372916732022872,False,1.5319257062328508,0.9974932136256903
6258,top_3,0.44360534517977185,True,0.8963603180070098,0.5152694470640973
6258,top_6,-0.6766834586956878,False,1.2974639921993671,0.8951377584652623
6258,flag_nested,-0.165252839017823,False,0.744800459392574,0.47952786804812003
6272,market_1,0.5077050751640962,True,0.07334180050951922,0.0734856567024922
6272,block_2_3,0.23370657293479546,True,1.14073734258015,0.38551785450722
6272,block_4_6,0.03643244629516906,True,1.7674645642053275,1.1314608110786637
6272,top_3,0.23993605811883248,True,1.1429731888396752,0.3869078003661074
6272,top_6,0.024237411160445338,True,1.3773592599848554,1.1063082927702232
6272,flag_nested,0.09990091130094042,True,0.8700735668216577,0.5092010377487501
6286,market_1,0.34947532950658766,True,0.08456498321319987,0.0580973031982874
6286,block_2_3,0.769186184455113,True,1.2046589085958752,0.513793267663533
6286,block_4_6,0.17907135674048186,True,1.3516517695599257,0.955429244877376
6286,top_3,0.769177697866899,True,1.2066257966876832,0.515657662090483
6286,top_6,-0.3831155076611998,False,0.7617442293616099,0.8491965639039749
6286,flag_nested,0.33921573051003157,True,0.7675777176444065,0.4606503071609826
6300,market_1,-0.1626273977374411,False,0.08888667375086469,0.05142286448929443
6300,block_2_3,0.6803223875760532,True,0.5145184379921481,0.3748791342975264
6300,block_4_6,0.029214424555505502,True,0.9974932136256902,0.6202984348545134
6300,top_3,0.6819715791791935,True,0.5152694470640973,0.3759342280325038
6300,top_6,-0.22778775721960254,False,0.8951377584652624,0.5620526858745328
6300,flag_nested,0.15764195062579048,True,0.4795278680481201,0.3200057747565585
6314,market_1,0.1208988595902507,True,0.07348565670249221,0.044174476674475764
6314,block_2_3,0.16808912580471502,True,0.38551785450722015,0.461699867655387
6314,block_4_6,0.24646380665292644,True,1.1314608110786635,0.9313234480332261
6314,top_3,0.17196797146803625,True,0.38690780036610745,0.46363226904959914
6314,top_6,0.2696405801886675,True,1.1063082927702248,0.8588562645161584
6314,flag_nested,0.23644192390992955,True,0.5092010377487507,0.4433306048619533
6328,market_1,-0.1701695443789399,False,0.05809730319828739,0.04958804234437459
6328,block_2_3,0.7895705135385273,True,0.5137932676635327,0.3633468452747414
6328,block_4_6,0.7128388726387832,True,0.9554292448773762,1.0947228370125799
6328,top_3,0.7809547454531387,True,0.5156576620904831,0.3663979240564233
6328,top_6,0.6955098624891545,True,0.8491965639039746,1.0882544847639855
6328,flag_nested,0.6839533402661128,True,0.4606503071609825,0.4945615136623427
6342,market_1,-0.389022222014107,False,0.051422864489294444,0.07718640908046659
6342,block_2_3,0.6497619284701998,True,0.37487913429752623,0.31642670839320075
6342,block_4_6,-0.1064847853062121,False,0.6202984348545136,0.9246573861615611
6342,top_3,0.6368262596454553,True,0.37593422803250376,0.32313804501381044
6342,top_6,-0.1773995609041083,False,0.5620526858745329,0.9452428460440124
6342,flag_nested,0.061238997430520165,True,0.3200057747565585,0.43552016423821716
6356,market_1,-0.09813456615435595,False,0.044174476674475736,0.07279352487575215
6356,block_2_3,0.16460899839930088,True,0.461699867655387,0.28141788207903745
6356,block_4_6,-0.45093958385968513,False,0.9313234480332261,1.4703547650479776
6356,top_3,0.15702251511968987,True,0.463632269049599,0.29040396680064823
6356,top_6,-0.4848979926129524,False,0.8588562645161589,1.4886476985734496
6356,flag_nested,-0.3433248715029234,False,0.44333060486195336,0.634630375614834
6370,market_1,0.041649918650979285,True,0.04958804234437459,0.0648409375381573
6370,block_2_3,-0.3030737006926968,False,0.36334684527474137,0.29929250724559475
6370,block_4_6,0.5975726700598578,True,1.09472283701258,1.3022987034137996
6370,top_3,-0.291289524392978,False,0.3663979240564234,0.3059648663242224
6370,top_6,0.6609531880257916,True,1.088254484763986,1.2991761299410034
6370,flag_nested,0.5209506518083123,True,0.4945615136623429,0.5627778866988059
6384,market_1,-0.0735122523187046,False,0.0771864090804666,0.05468219008550397
6384,block_2_3,-0.006362286037329078,False,0.3164267083932009,0.2684784215796173
6384,block_4_6,-0.5635890209457467,False,0.9246573861615609,1.5562654219107608
6384,top_3,-0.0033910315285134375,False,0.32313804501381027,0.2732507782618495
6384,top_6,-0.5588887458247009,False,0.9452428460440124,1.5693160976013014
6384,flag_nested,-0.4806205166231999,False,0.43552016423821716,0.6620707214625029
6398,market_1,0.10348422179390328,True,0.07279352487575215,0.06545748680223366
6398,block_2_3,0.04831627632840229,True,0.28141788207903734,0.19421357068277245
6398,block_4_6,0.21767507198598943,True,1.4703547650479776,0.7036951414687809
6398,top_3,0.05744811713044922,True,0.29040396680064845,0.20301796646266243
6398,top_6,0.21609624113962939,True,1.4886476985734496,0.7213675530139148
6398,flag_nested,0.19619379317609906,True,0.6346303756148342,0.3236540929823434
6412,market_1,0.02122132593073434,True,0.0648409375381573,0.08128730091927136
6412,block_2_3,0.40772115174227835,True,0.29929250724559475,0.279718183027674
6412,block_4_6,0.6390357203851735,True,1.3022987034137996,1.20819706913933
6412,top_3,0.3911629079905027,True,0.30596486632422265,0.2846820083070958
6412,top_6,0.6148006525049834,True,1.2991761299410032,1.2260603956686353
6412,flag_nested,0.5822876354325075,True,0.5627778866988059,0.5330662149738208
6426,market_1,0.3594516340618605,True,0.054682190085503984,0.10553863235418039
6426,block_2_3,0.41039518129028435,True,0.26847842157961727,0.23236965137211887
6426,block_4_6,0.6092933019946568,True,1.5562654219107614,1.5144062078555371
6426,top_3,0.398843240323737,True,0.27325077826184957,0.25493026588467754
6426,top_6,0.5978467817849349,True,1.5693160976013034,1.516359011958595
6426,flag_nested,0.5817922987528205,True,0.6620707214625036,0.6450005105413039
6440,market_1,0.36277758616044387,True,0.06545748680223365,0.10782661499992403
6440,block_2_3,0.09941048369526603,True,0.19421357068277253,0.18087703432021024
6440,block_4_6,-0.18840089320403844,False,0.7036951414687809,1.5163902872481803
6440,top_3,0.17767161495368722,True,0.20301796646266232,0.20127359663062996
6440,top_6,-0.17877298936749256,False,0.721367553013915,1.5215570519188524
6440,flag_nested,-0.13361236244503055,False,0.3236540929823434,0.6410820874452947
6454,market_1,0.08780039270998073,True,0.08128730091927135,0.14368158664668107
6454,block_2_3,-0.3439242323223691,False,0.2797181830276739,0.2962293674313454
6454,block_4_6,0.5183136536850974,True,1.20819706913933,1.0060767383745701
6454,top_3,-0.25766515913728055,False,0.28468200830709567,0.31446408300964235
6454,top_6,0.5521926585010708,True,1.2260603956686358,0.9836679708665913
6454,flag_nested,0.42221979176501506,True,0.5330662149738209,0.4635451049543496
6468,market_1,0.375195244263313,True,0.10553863235418039,0.10784467975789128
6468,block_2_3,-0.6154711990435614,False,0.23236965137211885,0.4768015358141872
6468,block_4_6,0.40259290384036334,True,1.5144062078555376,0.8640701222601817
6468,top_3,-0.5172994671214789,False,0.25493026588467765,0.4788653849199033
6468,top_6,0.49279749721787325,True,1.5163590119585946,0.7601252685167049
6468,flag_nested,0.28123705587374004,True,0.6450005105413037,0.42937889004527224
6482,market_1,0.5929430855103077,True,0.10782661499992409,0.10695478564158159
6482,block_2_3,0.2718481858265264,True,0.18087703432021018,0.41769414032829516
6482,block_4_6,-0.47953408468152686,False,1.5163902872481803,0.7494583876033535
6482,top_3,0.25877697779335485,True,0.20127359663063,0.41918918735185967
6482,top_6,-0.5156235919155499,False,1.521557051918853,0.7396293334135364
6482,flag_nested,-0.3209102376839265,False,0.6410820874452949,0.4014819749920282
6496,market_1,0.6908243695556974,True,0.14368158664668113,0.10285425465301158
6496,block_2_3,0.5652926801583374,True,0.2962293674313453,0.49923448037589047
6496,block_4_6,-0.5800916898701072,False,1.0060767383745701,1.2455937243581503
6496,top_3,0.548838007941273,True,0.31446408300964235,0.5010474344711737
6496,top_6,-0.6854777342097461,False,0.9836679708665905,1.2149327582622782
6496,flag_nested,-0.3605790349024053,False,0.4635451049543493,0.5833284747150668
