start,component,cosine,positive_cosine,incoming_speed,outgoing_speed
42,market_1,0.15924463811813805,True,0.12594576870566332,0.1173410330665405
42,block_2_3,0.14496864776326873,True,0.3219467645536706,0.5695923586482606
42,block_4_6,0.45972051220423366,True,1.0761821205601774,1.4766331993578337
42,top_3,0.12614348628791638,True,0.31969563344236307,0.5783307110017342
42,top_6,0.4656668049450686,True,1.1125694764959764,1.5305805994458543
42,flag_nested,0.39143223842100994,True,0.5061942077970867,0.7181252562775651
56,market_1,0.0027263120145649138,True,0.1262934411166353,0.10741828568638409
56,block_2_3,0.04173049997609261,True,0.43263437797866455,0.5395508737667329
56,block_4_6,-0.2958475930593426,False,1.472456750947927,0.891857267572561
56,top_3,0.04598892156061419,True,0.4288556852008209,0.5497728748111125
56,top_6,-0.2780277996246844,False,1.4874364866476986,0.9921848644021061
56,flag_nested,-0.18438786563670656,False,0.6678325512286576,0.5257000668162385
70,market_1,0.12223296192020498,True,0.11161422195589682,0.09114872981790596
70,block_2_3,0.054065706708670745,True,0.4407877757455159,0.5052066800003949
70,block_4_6,-0.23651804222573955,False,1.104706304622878,0.9347506384857226
70,top_3,0.057948390257874516,True,0.4499731817415724,0.5114416191370824
70,top_6,-0.19338857649539554,False,1.1381447633697352,0.9886924557679636
70,flag_nested,-0.1105985147073474,False,0.5439166048541112,0.5083480397896887
84,market_1,0.06033708630234331,True,0.1173410330665405,0.0816508624363815
84,block_2_3,0.33859840693608745,True,0.5695923586482606,0.3090466486778791
84,block_4_6,0.32639883157069416,True,1.476633199357835,1.327794413197819
84,top_3,0.321815284181292,True,0.5783307110017339,0.31805025462982117
84,top_6,0.3291486564193981,True,1.5305805994458557,1.354167783465253
84,flag_nested,0.3172460171131238,True,0.7181252562775655,0.5882294754508389
98,market_1,0.04534248224667953,True,0.10741828568638409,0.0844356442821862
98,block_2_3,0.29512159254510867,True,0.5395508737667329,0.6859685699239513
98,block_4_6,0.12658499462387812,True,0.8918572675725608,1.7237267736341186
98,top_3,0.28894968612685473,True,0.5497728748111123,0.6902688514012485
98,top_6,0.08189941075454352,True,0.9921848644021056,1.6602018852484983
98,flag_nested,0.1430002893985574,True,0.5257000668162384,0.7907790191075668
112,market_1,0.185657806409118,True,0.09114872981790594,0.07847377070332903
112,block_2_3,0.12788659090035212,True,0.5052066800003954,0.6974546764646425
112,block_4_6,0.0975165430679114,True,0.9347506384857225,0.9209778732279177
112,top_3,0.1247608498464991,True,0.5114416191370829,0.7011640060972602
112,top_6,0.10944940238278897,True,0.9886924557679636,0.8458326988027893
112,flag_nested,0.11519688075969121,True,0.5083480397896888,0.5378419342438692
126,market_1,0.12923410970355273,True,0.08165086243638149,0.09628031641471357
126,block_2_3,0.12076373886213856,True,0.3090466486778792,0.6616828407566269
126,block_4_6,-0.4903866294722568,False,1.3277944131978192,1.2930342876227352
126,top_3,0.11794309387077473,True,0.3180502546298213,0.6664883285823975
126,top_6,-0.5221668929722626,False,1.354167783465253,1.2150862858802942
126,flag_nested,-0.3582555178871487,False,0.5882294754508388,0.6351466316766269
140,market_1,0.13461895301861926,True,0.08443564428218618,0.08960035189209214
140,block_2_3,0.6613224365489011,True,0.685968569923951,0.6850305293585708
140,block_4_6,0.7240991199636664,True,1.7237267736341182,1.598677929218751
140,top_3,0.6523366991039566,True,0.6902688514012484,0.6889747267558769
140,top_6,0.6763107638318725,True,1.6602018852484977,1.5039337639579673
140,flag_nested,0.6620570625085863,True,0.7907790191075665,0.7370389466127927
154,market_1,0.10012832082077369,True,0.07847377070332906,0.0817286856753323
154,block_2_3,0.2338173230434772,True,0.6974546764646417,0.6952680325992233
154,block_4_6,0.42921288673188834,True,0.9209778732279179,1.0658001928050196
154,top_3,0.23247128755094362,True,0.7011640060972595,0.6990793374280538
154,top_6,0.27166684973032185,True,0.8458326988027896,0.9181500901029269
154,flag_nested,0.24637361581061593,True,0.537841934243869,0.556851400939097
168,market_1,-0.19325933556171743,False,0.09628031641471359,0.06840653854028496
168,block_2_3,0.4947757864485978,True,0.6616828407566269,0.6779766553599769
168,block_4_6,-0.20733597029937004,False,1.2930342876227348,1.2385731559274675
168,top_3,0.4884796092986213,True,0.6664883285823971,0.6812051141240516
168,top_6,-0.4503699150386125,False,1.215086285880294,1.087702231135131
168,flag_nested,-0.07001255390298239,False,0.6351466316766267,0.5971116151558612
182,market_1,-0.13239854171701862,False,0.08960035189209219,0.07314664491560788
182,block_2_3,0.16034395591822231,True,0.6850305293585714,0.3831859933818984
182,block_4_6,0.1915422171795851,True,1.5986779292187514,0.7286265800305436
182,top_3,0.15727791316510698,True,0.688974726755877,0.3896060077371144
182,top_6,0.1689800239849516,True,1.503933763957968,0.7732693991671575
182,flag_nested,0.15807084268871516,True,0.7370389466127929,0.3944688065809729
196,market_1,0.0011442289779349725,True,0.0817286856753323,0.07137630448883747
196,block_2_3,-0.1397609673831159,False,0.6952680325992238,0.36619751118715166
196,block_4_6,-0.2934514374819317,False,1.06580019280502,0.9469177672704878
196,top_3,-0.13457024312680504,False,0.6990793374280543,0.37270239141411043
196,top_6,-0.2407278353000834,False,0.9181500901029274,0.99413508218764
196,flag_nested,-0.18658818594188575,False,0.5568514009390974,0.46488101843782187
210,market_1,0.283091277754565,True,0.06840653854028499,0.06899110784098247
210,block_2_3,-0.3811360199440241,False,0.677976655359977,0.4870125584919159
210,block_4_6,-0.009030367046325547,False,1.238573155927468,0.9371746109803298
210,top_3,-0.37313273416765996,False,0.6812051141240515,0.49037851753991474
210,top_6,0.13958639439075599,True,1.0877022311351312,0.977018209793122
210,flag_nested,-0.052512232982393305,False,0.5971116151558612,0.4939745946509467
224,market_1,0.13433271501807073,True,0.07314664491560786,0.06952109580089515
224,block_2_3,-0.23454761115771752,False,0.38318599338189824,0.41473313214876195
224,block_4_6,0.038678164165446664,True,0.7286265800305436,0.997586818888711
224,top_3,-0.22930071569919086,False,0.38960600773711423,0.4177286120718583
224,top_6,0.10386439301076193,True,0.7732693991671569,1.0126813509189958
224,flag_nested,0.009430433841988441,True,0.3944688065809726,0.48365225140835566
238,market_1,0.04800877795047955,True,0.07137630448883747,0.06665697551271456
238,block_2_3,0.24012277006714122,True,0.3661975111871515,0.3197421162217887
238,block_4_6,0.17735709945084724,True,0.9469177672704878,0.8223465107163679
238,top_3,0.22889692153561714,True,0.3727023914141103,0.3226717648622511
238,top_6,0.17454963977451024,True,0.99413508218764,0.8587871884335846
238,flag_nested,0.18296064108389662,True,0.4648810184378218,0.40257680116207156
252,market_1,0.16983770763170064,True,0.06899110784098245,0.06521220076895666
252,block_2_3,0.21862021660276723,True,0.4870125584919159,0.2757615830078261
252,block_4_6,-0.302584562804137,False,0.9371746109803292,1.104772459198511
252,top_3,0.2116000329950542,True,0.4903785175399145,0.2824566785479796
252,top_6,-0.2676058706465077,False,0.9770182097931213,1.1358360097849944
252,flag_nested,-0.15906694603295185,False,0.49397459465094634,0.49584990645889926
266,market_1,0.21858604853349012,True,0.06952109580089512,0.059056186456343654
266,block_2_3,0.17460543845822546,True,0.4147331321487621,0.2844144100060363
266,block_4_6,-0.29130909709084785,False,0.9975868188887115,1.1978533824890998
266,top_3,0.17008970335096338,True,0.4177286120718583,0.28935132376728717
266,top_6,-0.2703655147599824,False,1.0126813509189951,1.2188876350275244
266,flag_nested,-0.18738000577573785,False,0.48365225140835544,0.5282141678819544
280,market_1,0.142724690713107,True,0.06665697551271454,0.05963450949806013
280,block_2_3,0.1466767505693427,True,0.3197421162217887,0.33023069717961684
280,block_4_6,0.3021028888413596,True,0.8223465107163682,0.9452764091763143
280,top_3,0.1500223493449919,True,0.322671764862251,0.3345221201042341
280,top_6,0.25202223416319725,True,0.8587871884335847,0.9726072036898565
280,flag_nested,0.22885285943012393,True,0.4025768011620715,0.4455544333909365
294,market_1,0.016475941481422972,True,0.06521220076895667,0.058866384683176884
294,block_2_3,-0.09331931462807992,False,0.2757615830078261,0.360764577521524
294,block_4_6,0.38535272712740165,True,1.1047724591985104,0.8154636278328438
294,top_3,-0.08933986966231036,False,0.2824566785479797,0.364703254130342
294,top_6,0.3370432972898132,True,1.1358360097849944,0.8530969277125455
294,flag_nested,0.25221512260805856,True,0.4958499064588994,0.41121421884728815
308,market_1,0.03609695964811196,True,0.05905618645634366,0.06328008315442855
308,block_2_3,0.10305206558060834,True,0.28441441000603634,0.27652454699804446
308,block_4_6,0.4990549797189195,True,1.1978533824890996,0.763702770053388
308,top_3,0.10535640681720047,True,0.28935132376728734,0.2824619572404086
308,top_6,0.4539724509588636,True,1.218887635027524,0.8080981951090295
308,flag_nested,0.39307605701137716,True,0.5282141678819542,0.37341184168395636
322,market_1,0.2265140517513615,True,0.05963450949806013,0.058936787452505815
322,block_2_3,-0.041044623923754193,False,0.3302306971796166,0.3196220576400504
322,block_4_6,0.22132835621609917,True,0.9452764091763143,0.7421032430890633
322,top_3,-0.03294202995409827,False,0.3345221201042338,0.3248026402234902
322,top_6,0.20092276263120043,True,0.9726072036898563,0.7842565288479475
322,flag_nested,0.15022134252887112,True,0.4455544333909363,0.37569781356924403
336,market_1,0.14430344575050774,True,0.058866384683176905,0.05908359401057934
336,block_2_3,-0.0466246139768865,False,0.3607645775215239,0.3659443801825234
336,block_4_6,0.3598812310880115,True,0.8154636278328434,0.8948187093108693
336,top_3,-0.041531707029928595,False,0.3647032541303419,0.3705880724841644
336,top_6,0.32509538129520804,True,0.8530969277125453,0.889624853104099
336,flag_nested,0.22711263056224007,True,0.411214218847288,0.42564630165643164
350,market_1,0.01952869954904049,True,0.06328008315442858,0.06506630456534852
350,block_2_3,0.04820890460744295,True,0.2765245469980446,0.314065547777851
350,block_4_6,0.06458325529155204,True,0.7637027700533878,0.793904272348686
350,top_3,0.044238262688424464,True,0.2824619572404086,0.31998186957736796
350,top_6,0.05744580294722083,True,0.8080981951090297,0.8084185790910154
350,flag_nested,0.05350662888757285,True,0.37341184168395636,0.3837792630915884
364,market_1,0.08986322782812688,True,0.05893678745250582,0.06917999050992399
364,block_2_3,0.05260064929632074,True,0.3196220576400507,0.29624132302833983
364,block_4_6,-0.03556988402212934,False,0.7421032430890631,0.8434178570304868
364,top_3,0.05455203197706566,True,0.3248026402234903,0.3040956624845997
364,top_6,-0.04438446223693982,False,0.7842565288479476,0.8745434663876107
364,flag_nested,-0.019187961615020725,False,0.37569781356924403,0.40383367966834893
378,market_1,0.1824895958962375,True,0.059083594010579304,0.07511296898698283
378,block_2_3,-0.02162571072029644,False,0.3659443801825233,0.26533025315131226
378,block_4_6,0.015106376590420167,True,0.8948187093108692,0.6478627494140413
378,top_3,-0.011782403174297277,False,0.37058807248416425,0.2755663858381073
378,top_6,0.060510894360838834,True,0.8896248531040991,0.6740770210257044
378,flag_nested,0.046441490343602634,True,0.4256463016564317,0.32662548505969285
392,market_1,0.168775829659547,True,0.06506630456534856,0.06777657718663481
392,block_2_3,0.0634869367191645,True,0.31406554777785106,0.29170275927361167
392,block_4_6,-0.017516562338791158,False,0.7939042723486862,0.6408466737505002
392,top_3,0.07148359914484981,True,0.31998186957736807,0.2988428812398744
392,top_6,0.007131921684838704,True,0.8084185790910149,0.6679055249318596
392,flag_nested,0.028960712540197112,True,0.38377926309158833,0.3297155117321642
406,market_1,0.10006878232477852,True,0.06917999050992396,0.0686615484023793
406,block_2_3,-0.03488802725791719,False,0.2962413230283397,0.27338035787471204
406,block_4_6,-0.12845161459079135,False,0.8434178570304868,0.6503775079978961
406,top_3,-0.023501553784504102,False,0.3040956624845997,0.27923812050763763
406,top_6,-0.09420391832559674,False,0.8745434663876107,0.6710155846367687
406,flag_nested,-0.0716060518451332,False,0.40383367966834893,0.32519128219372007
420,market_1,0.2537284689888387,True,0.07511296898698284,0.06361493980925627
420,block_2_3,0.05724034896990226,True,0.2653302531513124,0.24510815539356465
420,block_4_6,-0.18341486807892504,False,0.6478627494140409,0.7535278094648803
420,top_3,0.06652013896829329,True,0.27556638583810733,0.2500513585580861
420,top_6,-0.1785401410943635,False,0.6740770210257045,0.7682760165365956
420,flag_nested,-0.11048695305135571,False,0.32662548505969297,0.35108891675766896
434,market_1,0.2730835216522672,True,0.06777657718663477,0.06017991298074431
434,block_2_3,0.046724964052900386,True,0.29170275927361156,0.2563211668701177
434,block_4_6,-0.08795877052442022,False,0.6408466737505002,0.7405882240009553
434,top_3,0.05161648126379607,True,0.2988428812398744,0.2606081601123729
434,top_6,-0.06270644027646939,False,0.6679055249318597,0.7744226527812456
434,flag_nested,-0.025200273143221204,False,0.32971551173216423,0.3552683030549526
448,market_1,0.26487596162994226,True,0.06866154840237929,0.05053259320913321
448,block_2_3,-0.01344586221220249,False,0.2733803578747121,0.3779903819748939
448,block_4_6,0.034424787838129266,True,0.6503775079978961,0.7287161065375659
448,top_3,-0.0106166880169123,False,0.2792381205076376,0.3809179099251818
448,top_6,0.05392551156242627,True,0.6710155846367687,0.7365572271468491
448,flag_nested,0.04077217025769228,True,0.32519128219372007,0.37595095312297305
462,market_1,0.16230885739124792,True,0.06361493980925625,0.054916162973796714
462,block_2_3,0.11192440462148154,True,0.24510815539356484,0.4527836560167182
462,block_4_6,-0.3740117829869317,False,0.7535278094648806,0.9358815188832006
462,top_3,0.10984288609367598,True,0.25005135855808625,0.4553554198741904
462,top_6,-0.3701008253637837,False,0.7682760165365955,0.9490709509284755
462,flag_nested,-0.24311949113275036,False,0.3510889167576689,0.47143884305539724
476,market_1,0.15877018064650913,True,0.060179912980744335,0.056236123048121096
476,block_2_3,0.10291326860570041,True,0.2563211668701179,0.48981929337705704
476,block_4_6,-0.017272098573175118,False,0.7405882240009551,0.7107488397244648
476,top_3,0.10343815007317209,True,0.260608160112373,0.4922994742831452
476,top_6,0.01021323695947504,True,0.7744226527812458,0.6823140884374331
476,flag_nested,0.04104195628524304,True,0.35526830305495266,0.4019214411739414
490,market_1,0.1156284951508511,True,0.0505325932091332,0.04982467548614131
490,block_2_3,0.39098014048087687,True,0.37799038197489376,0.3257252868814929
490,block_4_6,0.0724765110640385,True,0.7287161065375656,0.6589872216871628
490,top_3,0.3858374985261407,True,0.38091790992518154,0.328673489663541
490,top_6,0.026642122752817583,True,0.7365572271468495,0.7068652522285113
490,flag_nested,0.14258032718041516,True,0.3759509531229731,0.34895224127548174
504,market_1,0.11273719586444729,True,0.05491616297379672,0.041626803906820005
504,block_2_3,-0.05740181576434552,False,0.45278365601671794,0.29649146844842
504,block_4_6,-0.1906274216168895,False,0.9358815188832007,0.81657236169363
504,top_3,-0.05512553974267145,False,0.4553554198741904,0.29934574592025587
504,top_6,-0.1443416807949837,False,0.9490709509284749,0.8386044134540029
504,flag_nested,-0.11763697728022575,False,0.47143884305539707,0.385761121742161
518,market_1,0.034618689481697607,True,0.056236123048121076,0.04263755059295338
518,block_2_3,-0.381522028158092,False,0.48981929337705665,0.321986283142902
518,block_4_6,0.01782537021855125,True,0.7107488397244648,0.8764990697659114
518,top_3,-0.37582365380788707,False,0.49229947428314486,0.32471185244745365
518,top_6,0.13848927355772014,True,0.6823140884374334,0.8867670776106497
518,flag_nested,-0.03628064397202079,False,0.40192144117394135,0.4099063284250126
532,market_1,0.09525213453125597,True,0.049824675486141265,0.05153517479075031
532,block_2_3,0.04449596622153514,True,0.32572528688149294,0.2999069965821849
532,block_4_6,0.01612764069405829,True,0.6589872216871628,0.930469772590145
532,top_3,0.047457847292228364,True,0.32867348966354093,0.30385228870096354
532,top_6,0.03577233235459384,True,0.7068652522285109,0.9701573347411667
532,flag_nested,0.038844161384858876,True,0.34895224127548163,0.4362325309384875
546,market_1,0.14018238443845896,True,0.041626803906820005,0.0560039735642614
546,block_2_3,-0.11033454295774733,False,0.29649146844842006,0.33864529266330307
546,block_4_6,-0.05740815746381881,False,0.8165723616936298,0.8255999166265626
546,top_3,-0.10534257054440632,False,0.2993457459202559,0.3426079036541975
546,top_6,-0.0332999460181351,False,0.8386044134540033,0.8776067032483383
546,flag_nested,-0.04618243906464589,False,0.3857611217421611,0.4130723397519664
560,market_1,0.24369064096527887,True,0.04263755059295338,0.05763686423867215
560,block_2_3,-0.1506095951169557,False,0.3219862831429021,0.34641162309338175
560,block_4_6,-0.03640316924051941,False,0.8764990697659115,1.316049409310966
560,top_3,-0.14337236602388073,False,0.3247118524474537,0.3506300979069027
560,top_6,0.004045110209759565,True,0.8867670776106492,1.3381317348206136
560,flag_nested,-0.016844733791658132,False,0.40990632842501246,0.5854359514592574
574,market_1,0.25367939802809414,True,0.05153517479075033,0.05459349246556315
574,block_2_3,0.02929565125272701,True,0.29990699658218484,0.3365474970927495
574,block_4_6,0.20912637026476114,True,0.9304697725901447,1.645852100489994
574,top_3,0.0338320928442807,True,0.3038522887009636,0.3407294249455463
574,top_6,0.21642689161503484,True,0.9701573347411665,1.6645798297062815
574,flag_nested,0.1942675476994738,True,0.4362325309384874,0.7095658047977842
588,market_1,0.15582730012669166,True,0.056003973564261414,0.05629541792720442
588,block_2_3,0.34977315931196046,True,0.33864529266330307,0.3378306094848493
588,block_4_6,-0.02212317153646639,False,0.8255999166265622,0.960276278918206
588,top_3,0.34555325453443264,True,0.3426079036541974,0.34241223962418055
588,top_6,-0.007204391042649633,False,0.877606703248338,0.9873601469179789
588,flag_nested,0.06935910950948539,True,0.4130723397519663,0.45247235419938064
602,market_1,0.015794817570126636,True,0.057636864238672154,0.061921276539599425
602,block_2_3,0.26742964523106905,True,0.3464116230933817,0.33275906611072625
602,block_4_6,0.5805693636393122,True,1.316049409310967,1.472121151006187
602,top_3,0.2604764579884679,True,0.3506300979069026,0.33739008862958664
602,top_6,0.5520966538883725,True,1.338131734820614,1.4853024439947895
602,flag_nested,0.5157595828278628,True,0.5854359514592576,0.6398949081525832
616,market_1,0.21217264036320133,True,0.054593492465563165,0.07118955966548876
616,block_2_3,0.33138972393629473,True,0.33654749709274945,0.3563321809492473
616,block_4_6,-0.3706261423080652,False,1.6458521004899938,1.5718118992640844
616,top_3,0.3263333921664452,True,0.34072942494554626,0.3597134185872264
616,top_6,-0.36974040871356134,False,1.6645798297062808,1.5883725857179796
616,flag_nested,-0.30626111073136486,False,0.7095658047977841,0.6846072692325184
630,market_1,0.16592210616381273,True,0.05629541792720441,0.06861928080704471
630,block_2_3,0.24237395689008961,True,0.33783060948484933,0.3547349668776273
630,block_4_6,-0.3151090303664062,False,0.9602762789182064,1.6571013197878457
630,top_3,0.24479611755849673,True,0.34241223962418066,0.3574713906426508
630,top_6,-0.3107288331527437,False,0.9873601469179786,1.6739585654989468
630,flag_nested,-0.23102350659902166,False,0.45247235419938064,0.7171657762161328
644,market_1,0.2639186729990228,True,0.061921276539599425,0.05758138644996774
644,block_2_3,0.25159855603423986,True,0.33275906611072614,0.3762620369560973
644,block_4_6,-0.27641745051988786,False,1.472121151006186,1.3058592953936843
644,top_3,0.24892305738321724,True,0.3373900886295866,0.3796376406807655
644,top_6,-0.2760464538885415,False,1.4853024439947897,1.3270559681129328
644,flag_nested,-0.2105368947645041,False,0.6398949081525831,0.5872564339565912
658,market_1,-0.04915330434348944,False,0.07118955966548875,0.05967269385014849
658,block_2_3,0.2639041693787291,True,0.35633218094924723,0.33406937152708094
658,block_4_6,-0.5395068355969707,False,1.5718118992640855,1.0995365230982348
658,top_3,0.25643986214456377,True,0.35971341858722633,0.3392564605546206
658,top_6,-0.5477754028126308,False,1.5883725857179791,1.1164178108989617
658,flag_nested,-0.44339347609041013,False,0.6846072692325184,0.49965714960302676
672,market_1,-0.04391265828466801,False,0.06861928080704471,0.06788087127245442
672,block_2_3,0.2902388197337693,True,0.3547349668776271,0.3220663011857325
672,block_4_6,0.4642862204760202,True,1.657101319787845,0.9876354543865378
672,top_3,0.28307381279823524,True,0.35747139064265065,0.32896102444196057
672,top_6,0.4272296091099348,True,1.6739585654989468,0.9936485813021635
672,flag_nested,0.39805944578076435,True,0.7171657762161328,0.45302963303295735
686,market_1,-0.03126165246018117,False,0.05758138644996772,0.068446414820194
686,block_2_3,0.25809733526987433,True,0.37626203695609717,0.27649546119970836
686,block_4_6,0.5460814584913153,True,1.3058592953936836,1.01978207046906
686,top_3,0.2509832669471851,True,0.37963764068076555,0.2844564649850624
686,top_6,0.5125895627937574,True,1.327055968112934,1.033746243841504
686,flag_nested,0.46887561213718065,True,0.5872564339565916,0.45799776706341455
700,market_1,0.19785646232309687,True,0.05967269385014855,0.05335114103845987
700,block_2_3,-0.044626048549481184,False,0.334069371527081,0.30226053861522706
700,block_4_6,-0.5817679738390111,False,1.0995365230982346,1.6331994235312048
700,top_3,-0.03748489649632795,False,0.33925646055462083,0.30682995064729535
700,top_6,-0.563827290747788,False,1.1164178108989613,1.6458528597105162
700,flag_nested,-0.49778331623386507,False,0.4996571496030267,0.6969216764393688
714,market_1,0.10454828463603165,True,0.06788087127245444,0.054169626861003774
714,block_2_3,0.034266876457961545,True,0.32206630118573276,0.34374333753459657
714,block_4_6,0.29763907335060935,True,0.9876354543865385,0.9845516625452106
714,top_3,0.03553388372810975,True,0.32896102444196057,0.3468585085643841
714,top_6,0.2996041911307236,True,0.993648581302164,1.0090447241683742
714,flag_nested,0.24791275964807238,True,0.4530296330329575,0.4612300575895957
728,market_1,0.05584063425702026,True,0.06844641482019402,0.058474050919573396
728,block_2_3,-0.011303768025756201,False,0.2764954611997084,0.31961248243471874
728,block_4_6,0.5946247246707816,True,1.0197820704690608,1.125908844897757
728,top_3,-0.007858511818360205,False,0.28445646498506244,0.3234240625379392
728,top_6,0.5839483157148453,True,1.0337462438415044,1.1600775134107602
728,flag_nested,0.49723519022808,True,0.4579977670634147,0.5124290801929003
742,market_1,0.02655453091522447,True,0.053351141038459865,0.0676148855660942
742,block_2_3,0.04083824763017782,True,0.3022605386152272,0.26334854802450175
742,block_4_6,-0.2749937257504151,False,1.6331994235312055,0.6917845435800579
742,top_3,0.03808613588752657,True,0.3068299506472955,0.27060710030034485
742,top_6,-0.2399709788339954,False,1.645852859710517,0.7300973290831977
742,flag_nested,-0.1960945360641509,False,0.6969216764393692,0.34325140249799346
756,market_1,0.0627682281457044,True,0.05416962686100376,0.06451460602954748
756,block_2_3,-0.007723772691246616,False,0.3437433375345966,0.2614690299789998
756,block_4_6,-0.19905103438508076,False,0.9845516625452108,0.8943982639518363
756,top_3,-0.010508695091316828,False,0.34685850856438394,0.26783497092239655
756,top_6,-0.14625519750046767,False,1.0090447241683742,0.9169545153901629
756,flag_nested,-0.11978835319881703,False,0.4612300575895957,0.41013199764207964
770,market_1,0.16358872229413488,True,0.058474050919573396,0.06561879778411799
770,block_2_3,-0.06914637517565661,False,0.3196124824347188,0.24235424631581312
770,block_4_6,-0.6167836902956192,False,1.125908844897757,1.2383111659990285
770,top_3,-0.06645300486902422,False,0.3234240625379393,0.24997792059898788
770,top_6,-0.5836081831668221,False,1.1600775134107593,1.2581039788237411
770,flag_nested,-0.5196132527668423,False,0.5124290801928999,0.5375311623279643
784,market_1,0.18521885622888246,True,0.06761488556609414,0.057005703677810486
784,block_2_3,-0.0655381260478805,False,0.2633485480245017,0.25120251353154655
784,block_4_6,-0.10680782732485089,False,0.6917845435800583,0.8590035851897494
784,top_3,-0.054463480283377386,False,0.2706071003003448,0.25566250361548265
784,top_6,-0.09079682515052699,False,0.730097329083198,0.8867703259672931
784,flag_nested,-0.07624106283474014,False,0.3432514024979935,0.39509200279530393
798,market_1,0.2918120054443856,True,0.06451460602954746,0.06432621471232072
798,block_2_3,-0.08658632493448612,False,0.26146902997899973,0.27243908211532575
798,block_4_6,-0.4239228586730702,False,0.8943982639518364,1.0467146351672196
798,top_3,-0.06865714886827559,False,0.2678349709223966,0.27890474326624315
798,top_6,-0.3959368828426259,False,0.9169545153901634,1.067350226247119
798,flag_nested,-0.3383712324550883,False,0.4101319976420798,0.4689775027471801
812,market_1,0.36749102444340975,True,0.06561879778411797,0.0663219085307252
812,block_2_3,-0.11742673871701903,False,0.24235424631581318,0.3231908543832923
812,block_4_6,0.06386572256399616,True,1.238311165999029,1.4133315003811628
812,top_3,-0.09116368848945663,False,0.24997792059898793,0.3291759729228909
812,top_6,0.06524596005788848,True,1.2581039788237414,1.4270503334050801
812,flag_nested,0.056205437710242716,True,0.5375311623279644,0.6163843321713547
826,market_1,0.12260875153966326,True,0.05700570367781052,0.07015392772437912
826,block_2_3,0.011409495756330783,True,0.2512025135315464,0.42029373331318
826,block_4_6,-0.04169556425697555,False,0.8590035851897494,1.179672108017209
826,top_3,0.01824984603854659,True,0.25566250361548276,0.42564708502940773
826,top_6,-0.04501953871762293,False,0.8867703259672929,1.17671158596317
826,flag_nested,-0.031058465304495204,False,0.3950920027953038,0.5441400677489463
840,market_1,0.2057984557707952,True,0.06432621471232072,0.0696241449303148
840,block_2_3,0.2285721747706459,True,0.27243908211532575,0.4169597644956858
840,block_4_6,-0.3788246512232052,False,1.0467146351672199,1.3143583167386803
840,top_3,0.2250336788457998,True,0.27890474326624315,0.42256378056141736
840,top_6,-0.3788332178018092,False,1.067350226247119,1.2995595093575933
840,flag_nested,-0.2821511441018392,False,0.46897750274718014,0.5880845099402705
854,market_1,0.13835714027011584,True,0.06632190853072517,0.07243040579039449
854,block_2_3,0.41739532965617726,True,0.32319085438329226,0.3359058287960948
854,block_4_6,-0.1763359171505417,False,1.413331500381163,0.7225180691291571
854,top_3,0.4032448284846875,True,0.32917597292289086,0.34026017585571083
854,top_6,-0.19644156585638758,False,1.4270503334050788,0.7324962930260831
854,flag_nested,-0.08223463453061497,False,0.6163843321713541,0.36505291304627774
868,market_1,0.17292068140266162,True,0.07015392772437913,0.07547387711520644
868,block_2_3,0.35663618479688364,True,0.4202937333131799,0.25883604190695664
868,block_4_6,0.48381072629521865,True,1.1796721080172083,1.3925921072621252
868,top_3,0.34675893883381725,True,0.42564708502940773,0.26116751094834306
868,top_6,0.4657690066289994,True,1.176711585963169,1.4100732243360983
868,flag_nested,0.4367917200839388,True,0.544140067748946,0.5998473795197566
882,market_1,0.04093703243824146,True,0.0696241449303148,0.08724330994651022
882,block_2_3,0.5385346582890755,True,0.41695976449568556,0.3131686226373274
882,block_4_6,0.5934128424673437,True,1.3143583167386799,1.6000872637828654
882,top_3,0.5341604203066198,True,0.42256378056141725,0.31365756478501056
882,top_6,0.5731876855881349,True,1.2995595093575927,1.6058578396391383
882,flag_nested,0.5535253098859124,True,0.5880845099402703,0.6857125135952559
896,market_1,0.27293231908961957,True,0.07243040579039454,0.06680560615267965
896,block_2_3,0.5090531240776275,True,0.33590582879609504,0.289518871032019
896,block_4_6,-0.22875719827108237,False,0.7225180691291571,1.5666398534689043
896,top_3,0.5001966356493924,True,0.34026017585571106,0.2929365652256384
896,top_6,-0.23450906017844747,False,0.7324962930260833,1.5759666409605373
896,flag_nested,-0.11135923504448479,False,0.3650529130462778,0.6685896162810924
910,market_1,0.2745676002968345,True,0.07547387711520645,0.05444672644570861
910,block_2_3,0.38352524335609883,True,0.2588360419069566,0.24460024172510691
910,block_4_6,0.4930161229082515,True,1.3925921072621257,0.8816444950738699
910,top_3,0.3780248212783271,True,0.26116751094834323,0.24954221994783665
910,top_6,0.48419390216427444,True,1.4100732243361007,0.8905563124473932
910,flag_nested,0.4672979265695796,True,0.5998473795197575,0.39484593215514896
924,market_1,0.13770696220073797,True,0.08724330994651026,0.051720765036575606
924,block_2_3,0.063968957151058,True,0.3131686226373276,0.2068250241318309
924,block_4_6,0.5318214313724232,True,1.600087263782866,0.7387580826794852
924,top_3,0.056439835891572754,True,0.31365756478501056,0.21253156182511676
924,top_6,0.5284426311191167,True,1.6058578396391388,0.7498552595871831
924,flag_nested,0.471488423454797,True,0.6857125135952562,0.33383440632795286
938,market_1,-0.047915069715014656,False,0.06680560615267964,0.05359907992710921
938,block_2_3,0.08208973222831155,True,0.28951887103201895,0.2042473489486838
938,block_4_6,-0.07314602685596965,False,1.5666398534689046,0.819848574018785
938,top_3,0.08136078693422566,True,0.29293656522563827,0.21014397095708026
938,top_6,-0.06510648708488546,False,1.5759666409605364,0.8322646841099614
938,flag_nested,-0.052220242069741685,False,0.6685896162810921,0.3647425232704275
952,market_1,0.14113264237167503,True,0.05444672644570861,0.047447438089896994
952,block_2_3,0.03219757001636744,True,0.24460024172510694,0.2591414924266711
952,block_4_6,-0.025170670456272682,False,0.8816444950738699,1.1507561256047951
952,top_3,0.03827313131779719,True,0.24954221994783668,0.26338840536515906
952,top_6,-0.025621429213332755,False,0.8905563124473926,1.1711874674350486
952,flag_nested,-0.016336241175862826,False,0.3948459321551488,0.5039733035797124
966,market_1,0.10950366554177174,True,0.051720765036575564,0.05292881399058035
966,block_2_3,0.09673286721785389,True,0.20682502413183085,0.25979175517585607
966,block_4_6,-0.02961899059013259,False,0.7387580826794853,1.5478713318792574
966,top_3,0.10229369972477313,True,0.2125315618251166,0.26447100528594664
966,top_6,-0.02743026140818433,False,0.7498552595871832,1.5663143748299435
966,flag_nested,-0.014320778528485326,False,0.3338344063279529,0.6595502637120152
980,market_1,-0.09753505317346049,False,0.05359907992710918,0.058663811707606935
980,block_2_3,0.0779045213415524,True,0.2042473489486838,0.2662431591228403
980,block_4_6,0.45414516600611476,True,0.8198485740187845,1.2187278284476675
980,top_3,0.08216189481145285,True,0.21014397095708032,0.2693266518960879
980,top_6,0.4538086847619886,True,0.8322646841099614,1.2298224933964172
980,flag_nested,0.4077692488473907,True,0.3647425232704275,0.5288644616741431
994,market_1,-0.0761736081431734,False,0.047447438089896994,0.07239600396905295
994,block_2_3,0.062473178337607876,True,0.25914149242667117,0.21632382923503068
994,block_4_6,0.2670953289370028,True,1.1507561256047947,0.7118219200093137
994,top_3,0.05782388938253911,True,0.2633884053651592,0.2201150340378362
994,top_6,0.2533550872539482,True,1.1711874674350484,0.7297860882573814
994,flag_nested,0.22088522687726275,True,0.5039733035797123,0.33189759449190775
1008,market_1,-0.0035078875089100577,False,0.05292881399058037,0.07025964258361743
1008,block_2_3,0.09024682313024512,True,0.259791755175856,0.19714687189032593
1008,block_4_6,-0.21270731390924028,False,1.5478713318792574,0.5546056707252237
1008,top_3,0.08042171320370364,True,0.2644710052859466,0.20087899420629599
1008,top_6,-0.21436172515034646,False,1.566314374829944,0.5752242417185149
1008,flag_nested,-0.17208787490193797,False,0.6595502637120152,0.271172200253877
1022,market_1,0.3167843173845383,True,0.05866381170760695,0.0636010643315788
1022,block_2_3,0.10983766782568365,True,0.26624315912284036,0.20446141154534192
1022,block_4_6,-0.42168165260057655,False,1.2187278284476681,0.7571920060631401
1022,top_3,0.10122197011090006,True,0.2693266518960879,0.21054171416620146
1022,top_6,-0.42465465170103034,False,1.229822493396417,0.7740271776440978
1022,flag_nested,-0.35280606880504717,False,0.528864461674143,0.34449099428103835
1036,market_1,0.32847004375969474,True,0.07239600396905295,0.05892200988179347
1036,block_2_3,0.0522208216780885,True,0.2163238292350306,0.2320609096539427
1036,block_4_6,-0.27737140828148227,False,0.7118219200093138,0.5712381042948882
1036,top_3,0.036883886556147466,True,0.22011503403783617,0.2361299809501647
1036,top_6,-0.2463199992241347,False,0.7297860882573816,0.6152838125773131
1036,flag_nested,-0.16926811619059498,False,0.33189759449190775,0.29181036231252006
1050,market_1,0.3525769113584286,True,0.07025964258361746,0.057237731660891245
1050,block_2_3,0.058210739940233736,True,0.19714687189032595,0.2857431534055942
1050,block_4_6,0.09340832471532698,True,0.5546056707252239,0.6377937742154894
1050,top_3,0.05490760283452058,True,0.200878994206296,0.29030901952684834
1050,top_6,0.08919340280591104,True,0.5752242417185148,0.68908957316649
1050,flag_nested,0.09293452654919111,True,0.271172200253877,0.33243045413995004
1064,market_1,0.27124714507655956,True,0.06360106433157882,0.054862661960426544
1064,block_2_3,-0.08823561904502393,False,0.20446141154534186,0.3201469148409534
1064,block_4_6,-0.04029954278916132,False,0.7571920060631401,0.8206468284955116
1064,top_3,-0.0749563735787176,False,0.21054171416620152,0.32431288541766956
1064,top_6,-0.029931448734601584,False,0.7740271776440979,0.8686965468074416
1064,flag_nested,-0.029502560240954046,False,0.3444909942810384,0.404773775458866
1078,market_1,0.13422768174928798,True,0.058922009881793476,0.05720938890371538
1078,block_2_3,0.0381699782072264,True,0.23206090965394255,0.39741531385817286
1078,block_4_6,0.14259476291366147,True,0.5712381042948884,0.9336594225170294
1078,top_3,0.040104201944098465,True,0.23612998095016455,0.4008859544600371
1078,top_6,0.13305855326978505,True,0.6152838125773131,0.9749000575186401
1078,flag_nested,0.1109445908302931,True,0.29181036231252,0.46394804022809444
1092,market_1,0.08181705300741088,True,0.057237731660891245,0.047741950123575586
1092,block_2_3,0.03530319274147869,True,0.28574315340559414,0.4050161891364058
1092,block_4_6,0.0410904817819507,True,0.6377937742154894,0.8065641259742282
1092,top_3,0.03536923028926761,True,0.2903090195268484,0.40757019884265466
1092,top_6,0.04053916037420484,True,0.6890895731664899,0.8374866071995262
1092,flag_nested,0.03972880686646609,True,0.33243045413995004,0.41778912424361236
1106,market_1,0.07868330411886333,True,0.05486266196042651,0.048649317616562174
1106,block_2_3,-0.04987180806735053,False,0.3201469148409533,0.42516522672796453
1106,block_4_6,-0.07068087524192612,False,0.8206468284955113,0.8599517544458738
1106,top_3,-0.047003864078877966,False,0.3243128854176693,0.4276451610350611
1106,top_6,-0.02649726350118146,False,0.8686965468074419,0.8822456762436411
1106,flag_nested,-0.030068214822896316,False,0.40477377545886595,0.4393781092618955
1120,market_1,-0.08842949920236437,False,0.057209388903715394,0.053483621705617886
1120,block_2_3,0.0988255283905591,True,0.3974153138581729,0.27583700320359966
1120,block_4_6,-0.0747440597776987,False,0.9336594225170292,0.6620668282298298
1120,top_3,0.09556934171413599,True,0.4008859544600373,0.2804975303862258
1120,top_6,-0.08425625751637951,False,0.9749000575186401,0.7092347275040632
1120,flag_nested,-0.04103778621001525,False,0.46394804022809444,0.33603933662291285
1134,market_1,0.19694319541620361,True,0.047741950123575565,0.05122602871144101
1134,block_2_3,0.12460710179230847,True,0.40501618913640564,0.30747331936261146
1134,block_4_6,0.01441362190498573,True,0.8065641259742281,0.594795813266539
1134,top_3,0.12763869148956997,True,0.4075701988426547,0.3112007124833955
1134,top_6,-0.039508568413072945,False,0.8374866071995262,0.6387944422280761
1134,flag_nested,0.017573255075205164,True,0.41778912424361236,0.3208049101938999
1148,market_1,0.2091034823634901,True,0.04864931761656221,0.050895712668510076
1148,block_2_3,0.17023606562841503,True,0.4251652267279643,0.3649159626952773
1148,block_4_6,-0.08785609200788262,False,0.8599517544458742,0.6573150012129825
1148,top_3,0.17253189727737686,True,0.4276451610350612,0.36813522032101775
1148,top_6,-0.16208742672016022,False,0.8822456762436408,0.7013525568059809
1148,flag_nested,-0.045138912907540414,False,0.4393781092618955,0.3602047406749177
1162,market_1,0.09094859657118194,True,0.05348362170561788,0.05803115395155637
1162,block_2_3,0.10006127646848256,True,0.2758370032035999,0.4623802427500467
1162,block_4_6,-0.056373856124539726,False,0.6620668282298298,1.1435529604463646
1162,top_3,0.10233282595325247,True,0.280497530386226,0.4653475632816509
1162,top_6,-0.07435371872732222,False,0.709234727504063,1.133307762246813
1162,flag_nested,-0.028897779623746164,False,0.3360393366229128,0.5381587253848247
1176,market_1,0.019663177081786165,True,0.05122602871144103,0.0632768547841463
1176,block_2_3,0.2329310952337276,True,0.3074733193626116,0.43691396805302374
1176,block_4_6,0.024532937399863845,True,0.5947958132665392,1.2759537484642616
1176,top_3,0.23130058030534495,True,0.3112007124833955,0.4408667395478921
1176,top_6,0.007825450245948192,True,0.6387944422280761,1.2694427762905325
1176,flag_nested,0.0627864810372714,True,0.32080491019389995,0.5808378558117053
1190,market_1,0.019033856852064823,True,0.05089571266851011,0.06716165429546449
1190,block_2_3,0.21935402500978504,True,0.36491596269527726,0.46490232664769604
1190,block_4_6,-0.07130504186555515,False,0.6573150012129826,1.539752314035986
1190,top_3,0.21705070664004497,True,0.3681352203210177,0.4693843091140221
1190,top_6,-0.10036465044335374,False,0.7013525568059807,1.5457017585612585
1190,flag_nested,-0.02239734459226838,False,0.3602047406749177,0.6900363894450885
1204,market_1,0.19528306220191916,True,0.05803115395155635,0.0634873644082863
1204,block_2_3,0.3240959940786179,True,0.4623802427500466,0.5330768416796158
1204,block_4_6,0.2987470152227341,True,1.1435529604463648,0.9476614554298202
1204,top_3,0.32396680780854104,True,0.46534756328165083,0.5355972113554378
1204,top_6,0.22344312128456664,True,1.133307762246814,0.9431640570742014
1204,flag_nested,0.2516883893228662,True,0.5381587253848249,0.4979074640963542
1218,market_1,0.08553916465991687,True,0.06327685478414627,0.06587192292372726
1218,block_2_3,0.3170542508537506,True,0.4369139680530238,0.5882235926799106
1218,block_4_6,-0.21653960158888022,False,1.2759537484642618,1.473257170150956
1218,top_3,0.31346562311484183,True,0.44086673954789185,0.5912650411400128
1218,top_6,-0.2715745218508758,False,1.2694427762905325,1.4872598548876497
1218,flag_nested,-0.14237928646670442,False,0.5808378558117053,0.6996624465991977
1232,market_1,-0.012378626376417666,False,0.06716165429546442,0.06615352759392377
1232,block_2_3,0.052580265647972156,True,0.464902326647696,0.6815401572004304
1232,block_4_6,-0.20546130484905373,False,1.5397523140359857,1.4535300379725258
1232,top_3,0.050530094252158195,True,0.4693843091140223,0.684072881499619
1232,top_6,-0.1993981928226053,False,1.545701758561258,1.4290564972689357
1232,flag_nested,-0.1393756165680523,False,0.6900363894450885,0.7076217942365897
1246,market_1,0.1600099736341624,True,0.06348736440828633,0.05745472963346364
1246,block_2_3,0.12120862813616132,True,0.533076841679616,0.5787024302459863
1246,block_4_6,0.16771825686890968,True,0.9476614554298204,1.4525927980617783
1246,top_3,0.11919177596416558,True,0.5355972113554383,0.5810981830346111
1246,top_6,0.16424988816218827,True,0.9431640570742011,1.4691924729007573
1246,flag_nested,0.1481807793510167,True,0.49790746409635434,0.6896476147067213
1260,market_1,-0.10608569467883072,False,0.06587192292372726,0.06936914089208183
1260,block_2_3,-0.050374322452409546,False,0.5882235926799108,0.42475392182905214
1260,block_4_6,0.10906522375067952,True,1.473257170150956,0.5955174098966384
1260,top_3,-0.05302874084289263,False,0.5912650411400129,0.42781815596289663
1260,top_6,0.14947586337977886,True,1.487259854887649,0.633311098116434
1260,flag_nested,0.07262957184453858,True,0.6996624465991975,0.36423713941814134
1274,market_1,0.0011349708343406514,True,0.06615352759392379,0.07529802658586267
1274,block_2_3,-0.16557976952671472,False,0.6815401572004299,0.4094767379929592
1274,block_4_6,0.2940441524748175,True,1.453530037972526,0.7955489043115883
1274,top_3,-0.16548877291875935,False,0.6840728814996189,0.4143080480381037
1274,top_6,0.34160096821368846,True,1.4290564972689344,0.8102038710937043
1274,flag_nested,0.17121979915363136,True,0.7076217942365892,0.41508059195772706
1288,market_1,0.1824105224572519,True,0.05745472963346367,0.0779747832312678
1288,block_2_3,0.006676788182785301,True,0.5787024302459866,0.3512005788073893
1288,block_4_6,0.33541263175101815,True,1.452592798061779,0.7131683965860732
1288,top_3,0.005943490390537467,True,0.5810981830346114,0.3584912883405354
1288,top_6,0.3534547140265284,True,1.4691924729007584,0.7347565733014216
1288,flag_nested,0.2522034289007585,True,0.6896476147067218,0.37268834848112714
1302,market_1,0.1544553119228064,True,0.06936914089208186,0.07036754153567415
1302,block_2_3,0.08483951956652347,True,0.42475392182905203,0.3312027070376179
1302,block_4_6,-0.024690023730994888,False,0.5955174098966384,0.845658536978869
1302,top_3,0.08595778381654834,True,0.4278181559628967,0.33851992392395586
1302,top_6,0.010204782186400687,True,0.6333110981164344,0.8732302170291716
1302,flag_nested,0.03888728716614541,True,0.36423713941814145,0.4125998939914278
1316,market_1,0.13727329980503492,True,0.07529802658586264,0.07639731779985444
1316,block_2_3,0.06474204412264786,True,0.4094767379929591,0.38722229268541025
1316,block_4_6,0.35567068372927124,True,0.795548904311588,0.9926409914843731
1316,top_3,0.06444058635912789,True,0.41430804803810345,0.39459533292915866
1316,top_6,0.36463320858044324,True,0.8102038710937051,1.0159461827318348
1316,flag_nested,0.273037570264346,True,0.4150805919577273,0.4793358079586803
1330,market_1,0.22117205606983142,True,0.07797478323126779,0.06638954253778186
1330,block_2_3,0.0903051363348088,True,0.35120057880738936,0.38746074341315884
1330,block_4_6,0.415469122632653,True,0.7131683965860736,1.2555732715863432
1330,top_3,0.09632191026332057,True,0.3584912883405355,0.39300983582121896
1330,top_6,0.38920986851992345,True,0.7347565733014213,1.2997217748668175
1330,flag_nested,0.31232640530165046,True,0.37268834848112703,0.5808952261119109
1344,market_1,0.22244600606757012,True,0.07036754153567414,0.07531126437123717
1344,block_2_3,0.11546230846245223,True,0.331202707037618,0.4388344868572828
1344,block_4_6,0.3608442012660273,True,0.8456585369788691,0.7453653890377792
1344,top_3,0.11893413161964506,True,0.33851992392395597,0.44524260770867385
1344,top_6,0.29168995169041495,True,0.8732302170291719,0.826489208460103
1344,flag_nested,0.2376351641578542,True,0.41259989399142794,0.4308126217561827
1358,market_1,0.15085069333361686,True,0.07639731779985447,0.07376501407660561
1358,block_2_3,0.16898630563166292,True,0.3872222926854105,0.4265463566204956
1358,block_4_6,-0.140712651718388,False,0.9926409914843733,0.8201635875175192
1358,top_3,0.16865585384784879,True,0.39459533292915894,0.4324785906508125
1358,top_6,-0.14197668002946778,False,1.0159461827318348,0.8653187859784524
1358,flag_nested,-0.04924247971509224,False,0.47933580795868047,0.4388431245749403
1372,market_1,0.13010829987458308,True,0.06638954253778181,0.08124854475278143
1372,block_2_3,0.11145011559366291,True,0.3874607434131587,0.3480586138808609
1372,block_4_6,-0.49010711315813754,False,1.2555732715863437,1.3674959879252333
1372,top_3,0.11358224646124461,True,0.39300983582121907,0.3566130693245552
1372,top_6,-0.46740772434209793,False,1.2997217748668175,1.3682606268397133
1372,flag_nested,-0.379706568839272,False,0.580895226111911,0.600845357466272
1386,market_1,0.11719841617927901,True,0.07531126437123714,0.07058284866586528
1386,block_2_3,-0.059942819923558266,False,0.4388344868572828,0.2759245434870829
1386,block_4_6,0.044441833363784294,True,0.7453653890377788,0.8216470758358485
1386,top_3,-0.054208478514772875,False,0.44524260770867424,0.2816433127893422
1386,top_6,-0.013348499672837725,False,0.8264892084601024,0.8578093427105131
1386,flag_nested,-0.019043463696704985,False,0.43081262175618257,0.39250783662539435
1400,market_1,0.11495070055880387,True,0.07376501407660556,0.08268862593585304
1400,block_2_3,0.04965136458128791,True,0.42654635662049534,0.2753968188056157
1400,block_4_6,0.1298793449036985,True,0.8201635875175192,0.6014306230761768
1400,top_3,0.05452505226479535,True,0.4324785906508122,0.28066736201403086
1400,top_6,0.05274276398920688,True,0.865318785978452,0.6429734339956972
1400,flag_nested,0.05563947796029704,True,0.4388431245749401,0.31937115977573954
1414,market_1,0.16248425956432377,True,0.08124854475278147,0.066184326656586
1414,block_2_3,0.31283018027764586,True,0.34805861388086073,0.39052032226644745
1414,block_4_6,-0.35979832136397155,False,1.367495987925233,0.8551894983115692
1414,top_3,0.3000638404799597,True,0.3566130693245551,0.3936711763973932
1414,top_6,-0.3612617840324523,False,1.3682606268397126,0.8350038615314105
1414,flag_nested,-0.21604828538515908,False,0.6008453574662718,0.4150236197283427
1428,market_1,0.3522188633543841,True,0.0705828486658653,0.06022799352704498
1428,block_2_3,0.1388361553886721,True,0.27592454348708284,0.3502330643231234
1428,block_4_6,-0.051640374481343315,False,0.8216470758358483,0.736377998925697
1428,top_3,0.14073796936756952,True,0.2816433127893422,0.3544917859512604
1428,top_6,-0.04788629422742471,False,0.8578093427105136,0.7220668386254131
1428,flag_nested,0.008665322929765778,True,0.39250783662539457,0.3638850183052538
1442,market_1,0.09062249491629423,True,0.08268862593585308,0.06379183053941494
1442,block_2_3,0.22260591572326938,True,0.2753968188056159,0.29030594528872106
1442,block_4_6,0.29130954738573606,True,0.6014306230761765,0.6856683859047025
1442,top_3,0.2306311904926508,True,0.28066736201403103,0.29656937979570774
1442,top_6,0.23046379709005219,True,0.6429734339956975,0.6983570465046693
1442,flag_nested,0.22306636450350345,True,0.3193711597757397,0.3386310047650104
1456,market_1,0.0908446512403197,True,0.06618432665658595,0.06049336753009965
1456,block_2_3,-0.17351430627310294,False,0.3905203222664475,0.2686358736552257
1456,block_4_6,0.17778581723097628,True,0.8551894983115695,0.6889932939667229
1456,top_3,-0.1575926860763205,False,0.39367117639739324,0.2735262573818649
1456,top_6,0.19203644109138396,True,0.8350038615314104,0.7036573238860485
1456,flag_nested,0.09767171740517523,True,0.4150236197283427,0.33334755173940356
1470,market_1,0.1268067304571937,True,0.06022799352704498,0.060493836871783314
1470,block_2_3,0.1046940157107905,True,0.3502330643231236,0.2754604309609307
1470,block_4_6,0.3317266484789855,True,0.736377998925697,1.297453161968619
1470,top_3,0.11214508056123362,True,0.3544917859512605,0.28010055581759835
1470,top_6,0.33616821575624584,True,0.7220668386254131,1.3105086397811867
1470,flag_nested,0.2795699696912116,True,0.3638850183052539,0.5621836241354793
1484,market_1,0.04746580945431873,True,0.06379183053941496,0.05688084587006942
1484,block_2_3,-0.005095825467659228,False,0.290305945288721,0.3195988950173963
1484,block_4_6,-0.26007714943369326,False,0.6856683859047021,1.1813339791973796
1484,top_3,-0.005557883786514094,False,0.2965693797957078,0.32426306435160596
1484,top_6,-0.24718626485939824,False,0.6983570465046696,1.2016613028807372
1484,flag_nested,-0.1933382730109876,False,0.3386310047650105,0.5281564699354074
1498,market_1,0.06913404723140452,True,0.06049336753009968,0.05556012166647197
1498,block_2_3,0.36462214836636087,True,0.26863587365522573,0.4306385333919619
1498,block_4_6,0.030818143487616186,True,0.6889932939667235,0.8519876896836042
1498,top_3,0.3608330331892911,True,0.2735262573818651,0.43402018208785326
1498,top_6,-0.01373550444989362,False,0.7036573238860483,0.8684577604636172
1498,flag_nested,0.08986788367485024,True,0.33334755173940356,0.43769995075511625
1512,market_1,0.023531795853932568,True,0.06049383687178331,0.057977303974952085
1512,block_2_3,0.19240018324251346,True,0.27546043096093076,0.44330938540714276
1512,block_4_6,-0.5116204118760128,False,1.2974531619686185,1.127548289546872
1512,top_3,0.1953176070673775,True,0.2801005558175984,0.4462511960705554
1512,top_6,-0.48797556899833616,False,1.310508639781186,1.1666890696692827
1512,flag_nested,-0.37929166178321333,False,0.5621836241354791,0.5446117656844801
1526,market_1,0.08538100070587205,True,0.056880845870069426,0.05881047434311017
1526,block_2_3,0.2370534451157142,True,0.31959889501739625,0.4475455464958845
1526,block_4_6,0.5348753431235919,True,1.1813339791973794,1.6340965858055578
1526,top_3,0.23637070407514016,True,0.324263064351606,0.45080302427837454
1526,top_6,0.5239056717362328,True,1.2016613028807377,1.651519862478317
1526,flag_nested,0.4833009049272096,True,0.5281564699354077,0.725111097339829
1540,market_1,0.16286432993918565,True,0.05556012166647196,0.056185957481510874
1540,block_2_3,0.052794634641864104,True,0.4306385333919618,0.36884119334917687
1540,block_4_6,-0.11081415163284053,False,0.8519876896836043,1.153753747923799
1540,top_3,0.05602294231538572,True,0.4340201820878529,0.3727393308528408
1540,top_6,-0.07619172814645851,False,0.8684577604636174,1.175675502021318
1540,flag_nested,-0.040753466390453276,False,0.4376999507551162,0.5289964200400304
1554,market_1,0.09367744575745196,True,0.057977303974952085,0.05727722197035282
1554,block_2_3,0.10650896006869613,True,0.44330938540714276,0.3475959982226725
1554,block_4_6,-0.4055077344059911,False,1.1275482895468718,1.3300285346833463
1554,top_3,0.10974932820619344,True,0.44625119607055547,0.35178560562446076
1554,top_6,-0.394798328665983,False,1.1666890696692822,1.3672113149621299
1554,flag_nested,-0.3043366777405003,False,0.54461176568448,0.5967211919243163
1568,market_1,0.0584498511190816,True,0.058810474343110174,0.05160609651013912
1568,block_2_3,-0.12581692027377325,False,0.4475455464958846,0.34900767892466245
1568,block_4_6,-0.06866406976988816,False,1.6340965858055572,1.5041513964704396
1568,top_3,-0.11959694468740047,False,0.45080302427837504,0.3521860397553567
1568,top_6,-0.06749603055988772,False,1.651519862478317,1.532558057991486
1568,flag_nested,-0.07236087853088889,False,0.7251110973398291,0.6598968795064171
1582,market_1,-0.017629659395558973,False,0.05618595748151087,0.05188363793719804
1582,block_2_3,-0.16024823911477515,False,0.36884119334917714,0.3456852270890518
1582,block_4_6,-0.27134678783324717,False,1.1537537479237987,1.001691490564901
1582,top_3,-0.156741766915371,False,0.372739330852841,0.34922013366162186
1582,top_6,-0.2380633177655945,False,1.1756755020213183,1.0233341512865841
1582,flag_nested,-0.22107491788884964,False,0.5289964200400307,0.466775045750503
1596,market_1,0.07212286891915813,True,0.05727722197035282,0.053660168345186776
1596,block_2_3,-0.23801406903580172,False,0.34759599822267245,0.51841571798412
1596,block_4_6,-0.18381474645927956,False,1.3300285346833467,0.9281660985564767
1596,top_3,-0.2348983300488723,False,0.3517856056244606,0.520762368248893
1596,top_6,-0.15506288498022344,False,1.3672113149621294,0.8914610849587324
1596,flag_nested,-0.16091794742040055,False,0.596721191924316,0.475108099342524
1610,market_1,0.16443562930822883,True,0.05160609651013912,0.056196489755326595
1610,block_2_3,-0.2744964096963013,False,0.3490076789246624,0.619013657400161
1610,block_4_6,0.3162396366038097,True,1.50415139647044,1.5131516191212508
1610,top_3,-0.2722449798316948,False,0.3521860397553568,0.6205867056670779
1610,top_6,0.29867206068677105,True,1.5325580579914866,1.522689487416098
1610,flag_nested,0.20383539974514603,True,0.6598968795064175,0.7196975367418657
1624,market_1,0.07575483173576363,True,0.05188363793719808,0.05605890687096138
1624,block_2_3,-0.164074030291624,False,0.3456852270890519,0.4987903654694068
1624,block_4_6,-0.006433388265785521,False,1.0016914905649015,1.2724798630849563
1624,top_3,-0.15854478528971064,False,0.34922013366162175,0.4992674139270683
1624,top_6,0.039417756619580906,True,1.0233341512865854,1.2977977516486352
1624,flag_nested,-0.0009513164033601824,False,0.4667750457505034,0.6057599237927652
1638,market_1,0.0889832925523463,True,0.0536601683451868,0.06789858368925084
1638,block_2_3,-0.11473542164513503,False,0.5184157179841207,0.2974301032031349
1638,block_4_6,0.4256531542657549,True,0.9281660985564769,1.4194306328953983
1638,top_3,-0.11464805154429257,False,0.5207623682488935,0.29649599034096036
1638,top_6,0.4720375541250277,True,0.8914610849587323,1.4346405287070367
1638,flag_nested,0.3258188827039477,True,0.4751080993425242,0.6139590780591403
1652,market_1,0.3697686074306175,True,0.056196489755326595,0.06468961309238161
1652,block_2_3,-0.6097963079510658,False,0.6190136574001607,0.44859368524522614
1652,block_4_6,-0.09080271686904698,False,1.5131516191212506,0.7886307533828442
1652,top_3,-0.6076773779630839,False,0.6205867056670775,0.44986233930654046
1652,top_6,-0.01969870221561187,False,1.5226894874160986,0.7543354869175154
1652,flag_nested,-0.20084034248880603,False,0.7196975367418658,0.40802016938055957
1666,market_1,0.49981924835162495,True,0.05605890687096138,0.0671735950929268
1666,block_2_3,-0.31516201769720636,False,0.49879036546940664,0.3718210532343338
1666,block_4_6,0.09726029474024735,True,1.272479863084956,0.5545833505913914
1666,top_3,-0.32175782835669003,False,0.4992674139270685,0.37259519953556364
1666,top_6,0.10200688400995447,True,1.2977977516486354,0.5842491699257021
1666,flag_nested,-0.026052121627182925,False,0.6057599237927654,0.3281450922125292
1680,market_1,0.40854107536240464,True,0.06789858368925085,0.05910967696720244
1680,block_2_3,-0.22269385223261742,False,0.2974301032031348,0.45492718724543124
1680,block_4_6,0.04751596466857748,True,1.419430632895398,0.5992808452322318
1680,top_3,-0.2279029952758791,False,0.2964959903409602,0.4570739709485577
1680,top_6,0.07185790753662914,True,1.4346405287070383,0.5868236324857742
1680,flag_nested,0.0064338403886099295,True,0.6139590780591409,0.36128449753349207
1694,market_1,0.0052876890118191714,True,0.06468961309238162,0.057675834854699126
1694,block_2_3,-0.3260030635084163,False,0.4485936852452262,0.48470979273962667
1694,block_4_6,-0.35046354250152234,False,0.7886307533828442,0.7989556187692768
1694,top_3,-0.32053323867994615,False,0.4498623393065404,0.48800060332908884
1694,top_6,-0.14385157385530076,False,0.7543354869175154,0.765895890198111
1694,flag_nested,-0.21511777594495543,False,0.4080201693805595,0.42482245387114076
1708,market_1,-0.15211518538850635,False,0.06717359509292677,0.06759906924263344
1708,block_2_3,-0.1391396775815009,False,0.3718210532343337,0.4794658249742102
1708,block_4_6,-0.160013698883627,False,0.5545833505913913,0.7097901874927495
1708,top_3,-0.13106966801440523,False,0.3725951995355635,0.4831892180389718
1708,top_6,-0.011457067500160862,False,0.5842491699257023,0.6633002315885524
1708,flag_nested,-0.07179176076002498,False,0.3281450922125292,0.3946155603999238
1722,market_1,0.04423625072204356,True,0.05910967696720244,0.06457133687309816
1722,block_2_3,0.49101278773541057,True,0.4549271872454311,0.3078439711245602
1722,block_4_6,0.1646438342595422,True,0.5992808452322319,0.7191727969298514
1722,top_3,0.4868388741591886,True,0.4570739709485574,0.3134104982771874
1722,top_6,0.06280648161664144,True,0.5868236324857743,0.7277097377695722
1722,flag_nested,0.21816279204746883,True,0.36128449753349196,0.3537961957066158
1736,market_1,0.17854783302376329,True,0.05767583485469912,0.06735173823195718
1736,block_2_3,0.4895038471028581,True,0.4847097927396269,0.30057732057696024
1736,block_4_6,-0.2750802232450367,False,0.798955618769277,1.0770336551835793
1736,top_3,0.4827741847360083,True,0.48800060332908896,0.3069117667699235
1736,top_6,-0.3632833290727255,False,0.7658958901981108,1.0914617522668293
1736,flag_nested,-0.12550673034942292,False,0.42482245387114076,0.48423409656939104
1750,market_1,0.13919837343347521,True,0.06759906924263342,0.06062393512465922
1750,block_2_3,0.19601713805293655,True,0.47946582497421025,0.2788214935766026
1750,block_4_6,0.12123065758622094,True,0.7097901874927492,0.6399042910030763
1750,top_3,0.1943745218829681,True,0.48318921803897175,0.2852608535883174
1750,top_6,0.12007962101792914,True,0.6633002315885527,0.6848713215037818
1750,flag_nested,0.14272543663633688,True,0.3946155603999238,0.3301130627674405
1764,market_1,0.04708415672285388,True,0.06457133687309817,0.06617493454668084
1764,block_2_3,0.16847578928547155,True,0.30784397112456025,0.3305522907387074
1764,block_4_6,0.1373830337494445,True,0.7191727969298515,0.6941950720234064
1764,top_3,0.16228859737917503,True,0.31341049827718753,0.33601594797489026
1764,top_6,0.1475854224725977,True,0.7277097377695722,0.7292839581375711
1764,flag_nested,0.14819724624837716,True,0.35379619570661586,0.36146536439823107
1778,market_1,-0.009868332119450249,False,0.06735173823195718,0.06253877507394176
1778,block_2_3,-0.01922370425947298,False,0.3005773205769603,0.32779171432797827
1778,block_4_6,-0.16061009990373593,False,1.0770336551835797,0.5462382132075131
1778,top_3,-0.010237121376469378,False,0.30691176676992354,0.3309186853872918
1778,top_6,-0.10982569568602597,False,1.0914617522668297,0.5963891922401363
1778,flag_nested,-0.08046816655576651,False,0.4842340965693912,0.3157427781238613
1792,market_1,0.10957893907672739,True,0.06062393512465924,0.06992074450348808
1792,block_2_3,0.14228861681630747,True,0.2788214935766027,0.3305445153870394
1792,block_4_6,-0.16246171294361397,False,0.6399042910030763,0.7241495289144974
1792,top_3,0.14323308505888369,True,0.2852608535883174,0.3315017312302731
1792,top_6,-0.1386843167103907,False,0.6848713215037818,0.7628059080086781
1792,flag_nested,-0.05775945087137127,False,0.3301130627674405,0.37215433894685246
1806,market_1,0.18087933757965616,True,0.06617493454668084,0.06964239966898846
1806,block_2_3,0.17943713502643313,True,0.3305522907387074,0.32505172733005067
1806,block_4_6,-0.1509691930940218,False,0.6941950720234059,0.6260609765138236
1806,top_3,0.17225754688016823,True,0.3360159479748904,0.3270807077274647
1806,top_6,-0.10900907212700241,False,0.7292839581375707,0.6467579173265191
1806,flag_nested,-0.011875664137201366,False,0.36146536439823096,0.33200395714244774
1820,market_1,0.19848336800638794,True,0.06253877507394179,0.06560893879077907
1820,block_2_3,0.3571375363961796,True,0.3277917143279781,0.3576752698827325
1820,block_4_6,0.02347943925144814,True,0.5462382132075128,0.6458989362138502
1820,top_3,0.3448843443586262,True,0.3309186853872916,0.3609959847930717
1820,top_6,0.00913815896729111,True,0.596389192240136,0.6430624327590537
1820,flag_nested,0.14030946955082668,True,0.3157427781238612,0.34156324245907593
1834,market_1,0.012808095174729323,True,0.06992074450348808,0.05914488790314889
1834,block_2_3,0.3016524124350502,True,0.33054451538703933,0.3352878134009163
1834,block_4_6,0.19948818629486306,True,0.7241495289144972,0.6695429302295379
1834,top_3,0.30268382188302195,True,0.33150173123027293,0.3401490302928918
1834,top_6,0.16984889404400827,True,0.7628059080086776,0.6849137859432065
1834,flag_nested,0.20317073294871016,True,0.3721543389468523,0.3467704154970312
1848,market_1,0.17481024349423624,True,0.06964239966898844,0.056380814968069064
1848,block_2_3,0.2757537868326805,True,0.3250517273300506,0.41084772080687576
1848,block_4_6,0.04414811136429204,True,0.6260609765138238,0.8467476536691191
1848,top_3,0.2755975193509168,True,0.3270807077274647,0.41445702982737626
1848,top_6,0.003428475471098888,True,0.646757917326519,0.8444128672961687
1848,flag_nested,0.09569265598208657,True,0.3320039571424477,0.4234097950726499
1862,market_1,0.36218442095658443,True,0.06560893879077903,0.06799637745192666
1862,block_2_3,0.3192572029604467,True,0.35767526988273246,0.36807603448143283
1862,block_4_6,-0.010452720272445896,False,0.6458989362138503,0.7790147541319838
1862,top_3,0.31880921466044004,True,0.36099598479307193,0.37108429643427093
1862,top_6,-0.07035572167530585,False,0.643062432759054,0.7957484569043768
1862,flag_nested,0.07300886625160462,True,0.34156324245907604,0.3950450946549102
1876,market_1,0.17748561081870884,True,0.05914488790314887,0.060027465598284535
1876,block_2_3,0.31814966286410284,True,0.33528781340091635,0.46396248615118
1876,block_4_6,0.06226673999446808,True,0.669542930229538,0.776579064193936
1876,top_3,0.32082244823613476,True,0.340149030292892,0.4654916719585527
1876,top_6,0.0260127739026005,True,0.6849137859432066,0.7129744025970282
1876,flag_nested,0.14163531047200215,True,0.3467704154970313,0.4006905023084205
1890,market_1,0.2792888144423061,True,0.05638081496806905,0.0521134933136735
1890,block_2_3,0.2700717454009222,True,0.41084772080687576,0.3231459113200058
1890,block_4_6,-0.15239488464032028,False,0.8467476536691193,0.7335900740980252
1890,top_3,0.2700527969170743,True,0.41445702982737614,0.32579468714529314
1890,top_6,-0.18763309866126238,False,0.8444128672961689,0.7367990584579271
1890,flag_nested,-0.04268692019875029,False,0.42340979507264986,0.3585740523241126
1904,market_1,0.16643407668480334,True,0.06799637745192669,0.044405376891292106
1904,block_2_3,0.255151420328001,True,0.36807603448143283,0.37653270862063504
1904,block_4_6,-0.02687242164065021,False,0.7790147541319835,0.8383390211145239
1904,top_3,0.25114857893504994,True,0.3710842964342709,0.3789136094348691
1904,top_6,-0.09129641701155587,False,0.7957484569043771,0.8232641070156927
1904,flag_nested,0.014464847690903032,True,0.39504509465491033,0.40347363848447676
1918,market_1,0.21819538857966067,True,0.06002746559828455,0.05368410685271153
1918,block_2_3,-0.05827694770827919,False,0.4639624861511799,0.296238745761028
1918,block_4_6,-0.08352845434842279,False,0.776579064193936,0.8675918711664826
1918,top_3,-0.06523523864806592,False,0.4654916719585527,0.2990006264371719
1918,top_6,-0.10162558688001894,False,0.712974402597028,0.88323649733011
1918,flag_nested,-0.08036864269049633,False,0.4006905023084205,0.4033611614519185
1932,market_1,0.1724816403503027,True,0.05211349331367351,0.04972657386674836
1932,block_2_3,0.29613894041357536,True,0.3231459113200058,0.41337965126056164
1932,block_4_6,0.03784376387777902,True,0.7335900740980252,0.8377406720872875
1932,top_3,0.28805517054299895,True,0.32579468714529314,0.4152709901890157
1932,top_6,0.006606357025774047,True,0.7367990584579277,0.892638255974807
1932,flag_nested,0.08995674463550818,True,0.35857405232411277,0.4390405143617209
1946,market_1,0.00631646747696647,True,0.04440537689129213,0.047786132078534806
1946,block_2_3,0.6104782070807558,True,0.3765327086206352,0.4950251303811749
1946,block_4_6,0.016430392363180647,True,0.8383390211145233,1.018575272940402
1946,top_3,0.6038437492847634,True,0.3789136094348691,0.49732067478723646
1946,top_6,-0.03626155917812567,False,0.8232641070156929,1.0144430718688833
1946,flag_nested,0.16106475304532497,True,0.40347363848447676,0.5062034406110195
1960,market_1,-0.08191071837712897,False,0.053684106852711536,0.04846040883186867
1960,block_2_3,0.20688984925991388,True,0.2962387457610281,0.6065843324356822
1960,block_4_6,0.03193010217546697,True,0.8675918711664826,1.2122634065369522
1960,top_3,0.204317273215148,True,0.29900062643717196,0.6084825841972861
1960,top_6,0.059136100096715875,True,0.8832364973301097,1.1987507085206852
1960,flag_nested,0.09276054210508328,True,0.4033611614519184,0.604372379562271
1974,market_1,-0.1548234919322399,False,0.04972657386674836,0.04400385319605106
1974,block_2_3,0.31408637647453636,True,0.41337965126056186,0.430998289897518
1974,block_4_6,0.20399399952394104,True,0.8377406720872881,1.1153748823337444
1974,top_3,0.3142234746498696,True,0.4152709901890156,0.4323962697841568
1974,top_6,0.180947190460553,True,0.8926382559748075,1.1369021165522695
1974,flag_nested,0.21135648868545293,True,0.43904051436172115,0.5288505657625373
1988,market_1,-0.19789088384075662,False,0.04778613207853481,0.05905406761680946
1988,block_2_3,-0.2551195435431704,False,0.4950251303811747,0.5141210091209438
1988,block_4_6,0.1317886224311324,True,1.018575272940402,0.9053968623761682
1988,top_3,-0.2548406126967336,False,0.4973206747872361,0.51624227309818
1988,top_6,0.27503874922396016,True,1.0144430718688835,0.8795003494749624
1988,flag_nested,0.07782805012095266,True,0.5062034406110195,0.4703646335922584
2002,market_1,-0.051486577000139075,False,0.04846040883186866,0.06905771930473971
2002,block_2_3,-0.43518041254254525,False,0.6065843324356821,0.6918148231362429
2002,block_4_6,-0.20533809490644506,False,1.2122634065369524,0.8872643848406727
2002,top_3,-0.4338150178948015,False,0.608482584197286,0.6925320386425771
2002,top_6,0.09061820233536347,True,1.1987507085206859,0.6757090950899003
2002,flag_nested,-0.1648196028634514,False,0.6043723795622712,0.49064546634230244
2016,market_1,0.23235513794228202,True,0.044003853196051046,0.06379846828709701
2016,block_2_3,-0.24420876350592982,False,0.4309982898975179,0.5258334428533646
2016,block_4_6,-0.16435652054019517,False,1.1153748823337444,0.8334686669078398
2016,top_3,-0.24471614839831896,False,0.4323962697841567,0.5276830524019924
2016,top_6,-0.03579484835398212,False,1.1369021165522695,0.7381031356341359
2016,flag_nested,-0.10023913762663146,False,0.5288505657625373,0.4332275217773739
2030,market_1,0.3025730025870061,True,0.05905406761680943,0.0456018090772905
2030,block_2_3,0.5930275382421474,True,0.514121009120944,0.41323027691788233
2030,block_4_6,-0.029323099566053296,False,0.9053968623761682,0.7523642198609736
2030,top_3,0.5882977878714362,True,0.5162422730981802,0.4152886625045878
2030,top_6,-0.22124517734383337,False,0.8795003494749616,0.7159090694594535
2030,flag_nested,0.10965172451973819,True,0.4703646335922582,0.3807738375314866
2044,market_1,0.35964197393673536,True,0.0690577193047397,0.04020104641632453
2044,block_2_3,-0.15585101275815985,False,0.6918148231362427,0.30708483236227985
2044,block_4_6,0.10393715065746949,True,0.8872643848406726,0.7518506223990559
2044,top_3,-0.15213813644536997,False,0.6925320386425766,0.30950137979847986
2044,top_6,0.21697471063373192,True,0.6757090950899004,0.7815289295203504
2044,flag_nested,0.051110004205281966,True,0.4906454663423023,0.36789183661083397
2058,market_1,0.30332516319606767,True,0.06379846828709707,0.040336888894826374
2058,block_2_3,0.20637969804701262,True,0.5258334428533648,0.3125927388289988
2058,block_4_6,0.2379307144971567,True,0.83346866690784,1.436451280385848
2058,top_3,0.20705549644180407,True,0.5276830524019923,0.31507777723463154
2058,top_6,0.2431829507043054,True,0.738103135634136,1.4510387103229736
2058,flag_nested,0.20690584466036024,True,0.4332275217773739,0.6209970125940318
2072,market_1,0.24194423665164283,True,0.04560180907729051,0.04250652492273596
2072,block_2_3,0.08363038320084583,True,0.41323027691788217,0.3239367406129483
2072,block_4_6,-0.06466516743681659,False,0.7523642198609737,1.2839497529479869
2072,top_3,0.08531338667837803,True,0.4152886625045878,0.32590888778481425
2072,top_6,-0.06372936925586714,False,0.7159090694594535,1.3067353904002825
2072,flag_nested,-0.026011362162153124,False,0.3807738375314866,0.5672787989993532
2086,market_1,0.14254400548888949,True,0.04020104641632453,0.04568058850888171
2086,block_2_3,0.009840230824640793,True,0.30708483236227996,0.40145056104349286
2086,block_4_6,0.37295224513004044,True,0.7518506223990563,1.5673535257367905
2086,top_3,0.010315612128119893,True,0.30950137979848,0.4038123525800736
2086,top_6,0.38361243951441243,True,0.7815289295203504,1.5821886820056035
2086,flag_nested,0.3149725735926976,True,0.367891836610834,0.6882308424090281
2100,market_1,-0.036796916114834016,False,0.04033688889482638,0.05116039651231733
2100,block_2_3,0.2505351731827785,True,0.31259273882899885,0.32907887649703693
2100,block_4_6,0.5006308816409967,True,1.4364512803858487,0.6700375301342196
2100,top_3,0.2452112279287543,True,0.3150777772346315,0.33245874617404525
2100,top_6,0.46705184395221644,True,1.4510387103229743,0.7230785432361707
2100,flag_nested,0.40803883827093906,True,0.6209970125940321,0.3558099990471423
2114,market_1,0.09131373327372062,True,0.04250652492273596,0.053222964808653205
2114,block_2_3,0.17486816320995244,True,0.32393674061294814,0.3322391091097936
2114,block_4_6,-0.07483204880852762,False,1.283949752947987,0.5989448726210881
2114,top_3,0.17423123472450897,True,0.32590888778481414,0.33631689100863543
2114,top_6,-0.04597998223739159,False,1.3067353904002834,0.6317063585795949
2114,flag_nested,0.0013279037826367595,True,0.5672787989993535,0.32717659088109674
2128,market_1,0.3676794866669211,True,0.045680588508881695,0.046609748587612694
2128,block_2_3,-0.0019752185203499835,False,0.40145056104349314,0.544377959904743
2128,block_4_6,-0.019558266383603386,False,1.5673535257367905,0.77900508034801
2128,top_3,0.0018338453886663178,True,0.4038123525800738,0.5463437141211572
2128,top_6,-0.017315513540022885,False,1.582188682005605,0.6921328451894705
2128,flag_nested,-0.007648378448629621,False,0.6882308424090287,0.42604099867068274
2142,market_1,0.3342135655038113,True,0.05116039651231733,0.04336316850243519
2142,block_2_3,0.17793456224587914,True,0.32907887649703693,0.3647907909687576
2142,block_4_6,-0.44942774692290055,False,0.6700375301342196,1.1202733232189515
2142,top_3,0.18146643526842327,True,0.33245874617404525,0.3673388694644833
2142,top_6,-0.37424639380548674,False,0.7230785432361705,1.1236329814799264
2142,flag_nested,-0.23575669355371837,False,0.3558099990471422,0.5072325162756198
2156,market_1,0.12985368970623157,True,0.05322296480865321,0.04368849103736766
2156,block_2_3,0.029687405132256976,True,0.3322391091097938,0.330382145524405
2156,block_4_6,-0.1080693896887921,False,0.5989448726210882,1.0520518034469337
2156,top_3,0.030467721267126834,True,0.3363168910086355,0.33266480690012823
2156,top_6,-0.059248951382532555,False,0.6317063585795951,1.0871866249675073
2156,flag_nested,-0.0336350230592903,False,0.32717659088109685,0.48558531871388155
2170,market_1,0.14307316761562663,True,0.046609748587612694,0.03952085305401305
2170,block_2_3,-0.29093705735671016,False,0.5443779599047434,0.309665538697562
2170,block_4_6,-0.14353966968026013,False,0.77900508034801,1.061829125696968
2170,top_3,-0.2867513516872755,False,0.5463437141211575,0.3120073841300721
2170,top_6,-0.06554961858518314,False,0.6921328451894705,1.0760391407325764
2170,flag_nested,-0.1190583737695757,False,0.42604099867068274,0.47643272257626323
2184,market_1,0.15944688713181313,True,0.04336316850243518,0.03943682536700199
2184,block_2_3,0.3028485014097494,True,0.3647907909687577,0.32215208982041843
2184,block_4_6,0.09630590302223857,True,1.120273323218951,0.7104584599244993
2184,top_3,0.3015059412601849,True,0.36733886946448346,0.3243441689105016
2184,top_6,0.059361003984115576,True,1.1236329814799262,0.7533756372566958
2184,flag_nested,0.11223448306857624,True,0.5072325162756197,0.3622394948544827
2198,market_1,0.06866374707728658,True,0.043688491037367626,0.04619991641830325
2198,block_2_3,-0.006807513530753247,False,0.33038214552440487,0.4665454297669592
2198,block_4_6,-0.2242095525155436,False,1.0520518034469342,0.7475382233076728
2198,top_3,-0.0048440885260966,False,0.33266480690012845,0.4682220223807038
2198,top_6,-0.21093190444455842,False,1.0871866249675073,0.7082548534114245
2198,flag_nested,-0.14046883225173942,False,0.4855853187138816,0.39851709614681524
2212,market_1,0.03498544278031706,True,0.03952085305401305,0.05203377414330855
2212,block_2_3,-0.20786060864480632,False,0.3096655386975619,0.4130300998990611
2212,block_4_6,-0.19133604747329655,False,1.0618291256969679,0.8227132814099407
2212,top_3,-0.20595029545898663,False,0.3120073841300719,0.41550621977304336
2212,top_6,-0.13162910667969954,False,1.0760391407325771,0.8264403990524816
2212,flag_nested,-0.14255022548152138,False,0.4764327225762634,0.4172408681716464
2226,market_1,0.11696544440375786,True,0.039436825367002014,0.059519761347247825
2226,block_2_3,0.2013906772886307,True,0.32215208982041854,0.3600624708140097
2226,block_4_6,0.009549835341518638,True,0.7104584599244993,0.74964961751261
2226,top_3,0.2011748213817338,True,0.3243441689105018,0.36099795822093156
2226,top_6,0.007499091186954822,True,0.7533756372566961,0.7699392203824638
2226,flag_nested,0.06399604225734079,True,0.36223949485448287,0.38181606974814436
2240,market_1,-0.022329805283086118,False,0.04619991641830325,0.06867266259642885
2240,block_2_3,0.45832102906573496,True,0.4665454297669593,0.4608011819588907
2240,block_4_6,0.3739009400452334,True,0.747538223307673,0.6664757206837265
2240,top_3,0.4603146457849239,True,0.46822202238070365,0.4606384027071817
2240,top_6,0.13899477993960052,True,0.7082548534114248,0.6526420537826678
2240,flag_nested,0.2867602087306698,True,0.3985170961468153,0.38266885902204534
2254,market_1,0.04931193935513249,True,0.052033774143308544,0.06331127234043149
2254,block_2_3,-0.32822096350348196,False,0.41303009989906136,0.4902657976268277
2254,block_4_6,0.03256413056279552,True,0.8227132814099407,0.6747361146065851
2254,top_3,-0.3251841475453757,False,0.4155062197730435,0.49082427935968614
2254,top_6,0.1801839899399445,True,0.8264403990524813,0.5964831008291483
2254,flag_nested,-0.04515500056520965,False,0.41724086817164635,0.3789588674304139
2268,market_1,0.14675116164148494,True,0.059519761347247825,0.05102261066846964
2268,block_2_3,-0.394263343971404,False,0.3600624708140097,0.6242553694009837
2268,block_4_6,0.014015213662713454,True,0.7496496175126106,0.8480922730236886
2268,top_3,-0.3919140746477841,False,0.3609979582209317,0.6257710008598206
2268,top_6,0.20123175699445392,True,0.7699392203824641,0.7038499185343304
2268,flag_nested,-0.06141368343287267,False,0.3818160697481445,0.4644357220777963
2282,market_1,-0.2702978131578823,False,0.06867266259642886,0.05024437613973636
2282,block_2_3,-0.5877532535243235,False,0.46080118195889047,0.7645309344892717
2282,block_4_6,-0.19183090395546118,False,0.6664757206837261,1.0044664653021782
2282,top_3,-0.5855103319334801,False,0.46063840270718126,0.7658854822593062
2282,top_6,0.12402227790100927,True,0.6526420537826676,0.7555297128513796
2282,flag_nested,-0.28761863934428666,False,0.38266885902204506,0.5414691857767556
2296,market_1,-0.225874724203463,False,0.06331127234043149,0.05358140292032762
2296,block_2_3,0.5235641468528875,True,0.49026579762682804,0.3662681424963016
2296,block_4_6,0.23488182160430052,True,0.6747361146065852,0.7871914121022544
2296,top_3,0.5265455922506156,True,0.49082427935968664,0.36828941510351343
2296,top_6,0.12274473335936487,True,0.5964831008291485,0.7844417518299167
2296,flag_nested,0.2755779565694513,True,0.3789588674304141,0.38812559157271664
2310,market_1,0.0024220613305761573,True,0.051022610668469616,0.048799113977834804
2310,block_2_3,0.5512927757277029,True,0.6242553694009837,0.3068430518613197
2310,block_4_6,0.3300658876964407,True,0.8480922730236891,1.032439180003062
2310,top_3,0.5465991032311326,True,0.6257710008598205,0.30987272902237506
2310,top_6,0.2971887942139847,True,0.7038499185343303,1.0412556116026088
2310,flag_nested,0.33258498532573827,True,0.4644357220777962,0.46377860850259184
2324,market_1,0.029861118341947244,True,0.05024437613973638,0.04417129558418251
2324,block_2_3,0.5723587484264884,True,0.7645309344892721,0.3383716180312026
2324,block_4_6,0.5614766778060284,True,1.0044664653021784,0.934182042179331
2324,top_3,0.5671887066878583,True,0.7658854822593067,0.3411745880757696
2324,top_6,0.5463791870979823,True,0.7555297128513796,0.9432908558856802
2324,flag_nested,0.4857815202389565,True,0.5414691857767558,0.4347996584666692
2338,market_1,0.15332649632103945,True,0.053581402920327655,0.050254855053533276
2338,block_2_3,0.10785534108869874,True,0.3662681424963014,0.2872452829177593
2338,block_4_6,0.1050486135879378,True,0.7871914121022547,0.7736934723693062
2338,top_3,0.10915794884975219,True,0.3682894151035132,0.29123607548733493
2338,top_6,0.09138214105225252,True,0.7844417518299165,0.8160685187342532
2338,flag_nested,0.09623952391209839,True,0.38812559157271653,0.3765541203550864
2352,market_1,0.2908495277388584,True,0.04879911397783478,0.061967168775098704
2352,block_2_3,-0.19375385950807372,False,0.30684305186131966,0.26775912859339907
2352,block_4_6,-0.29363969420625063,False,1.0324391800030617,0.6067301180636842
2352,top_3,-0.18984456006351402,False,0.30987272902237517,0.2714320100584697
2352,top_6,-0.25563818164880336,False,1.0412556116026088,0.6418011308774579
2352,flag_nested,-0.227823707088143,False,0.46377860850259184,0.3115282073371944
2366,market_1,0.18400966301984262,True,0.04417129558418248,0.06708676460336815
2366,block_2_3,-0.35238146409529,False,0.3383716180312025,0.26669993436711714
2366,block_4_6,-0.3455323579769663,False,0.934182042179331,0.6829890765679304
2366,top_3,-0.33912337952687793,False,0.3411745880757695,0.27054174427520433
2366,top_6,-0.2856856660604599,False,0.943290855885681,0.6939994460531109
2366,flag_nested,-0.2858025287474398,False,0.4347996584666694,0.3304100245207085
2380,market_1,0.20801011373685221,True,0.05025485505353326,0.05980768618347718
2380,block_2_3,-0.14357391440102804,False,0.2872452829177593,0.21594873049501784
2380,block_4_6,0.07447045779961908,True,0.7736934723693061,0.783350804331777
2380,top_3,-0.13346764093896912,False,0.29123607548733504,0.22252541495797215
2380,top_6,0.07614303916682083,True,0.8160685187342526,0.7994736879493538
2380,flag_nested,0.044941776659331086,True,0.3765541203550862,0.35582183141929896
2394,market_1,0.1504043974435114,True,0.061967168775098745,0.05060415371694991
2394,block_2_3,-0.16906344465721482,False,0.2677591285933989,0.26300061094175003
2394,block_4_6,0.16330390045421778,True,0.6067301180636844,1.383720351387734
2394,top_3,-0.15396219929254532,False,0.2714320100584697,0.26701967556067835
2394,top_6,0.16765014033388656,True,0.6418011308774584,1.3928409225195584
2394,flag_nested,0.1179602093460138,True,0.3115282073371945,0.591321899357511
2408,market_1,0.30131451235411544,True,0.06708676460336815,0.048570727040978784
2408,block_2_3,-0.336398646681,False,0.26669993436711703,0.3304447747555436
2408,block_4_6,0.01088186730097025,True,0.6829890765679308,1.6267185100448736
2408,top_3,-0.3256892824114096,False,0.27054174427520433,0.3336331345252403
2408,top_6,0.04240746818127367,True,0.6939994460531113,1.6241138138311617
2408,flag_nested,-0.0037201424936170813,False,0.33041002452070867,0.6921611698555971
2422,market_1,0.3206057425148246,True,0.05980768618347719,0.04408106765779372
2422,block_2_3,0.10861932691712281,True,0.2159487304950178,0.23088517820638194
2422,block_4_6,0.4143252040979287,True,0.7833508043317766,1.5339803331425153
2422,top_3,0.11136170881476233,True,0.22252541495797223,0.2342780152235898
2422,top_6,0.4016886601307048,True,0.7994736879493535,1.5442903281399818
2422,flag_nested,0.3715095182248636,True,0.3558218314192988,0.6463053764251085
2436,market_1,0.3466508018685431,True,0.050604153716949915,0.045877543829432474
2436,block_2_3,0.23714649499679794,True,0.26300061094175015,0.20752789171228456
2436,block_4_6,0.28852222987645293,True,1.383720351387734,0.9243488030443013
2436,top_3,0.23830266308659148,True,0.2670196755606783,0.21092839976695443
2436,top_6,0.27682947264283114,True,1.3928409225195595,0.9390606382859924
2436,flag_nested,0.2741264529637335,True,0.5913218993575114,0.4048549032681381
2450,market_1,0.09752924809186145,True,0.04857072704097878,0.04874815226352215
2450,block_2_3,-0.25191023808347607,False,0.3304447747555436,0.24490443976792264
2450,block_4_6,-0.1271510803403345,False,1.6267185100448736,0.890263637167417
2450,top_3,-0.24230392151119154,False,0.3336331345252404,0.24909512944006154
2450,top_6,-0.10557410773426812,False,1.6241138138311606,0.90530762705332
2450,flag_nested,-0.11697984919417351,False,0.6921611698555965,0.3995699689910559
2464,market_1,0.16264948527363876,True,0.04408106765779374,0.04846455379263874
2464,block_2_3,0.1134297005050341,True,0.23088517820638194,0.26270415920267165
2464,block_4_6,-0.12052169499896687,False,1.5339803331425148,0.9448330270776641
2464,top_3,0.11115647686826284,True,0.23427801522358965,0.2665344634764452
2464,top_6,-0.1223100834227684,False,1.5442903281399825,0.9729896173483051
2464,flag_nested,-0.10093674681744007,False,0.6463053764251088,0.42873513847029765
2478,market_1,0.1866277847120584,True,0.045877543829432474,0.05306551740664885
2478,block_2_3,-0.20415561280890723,False,0.20752789171228453,0.3878952747156271
2478,block_4_6,-0.11769268430771174,False,0.9243488030443014,1.18536638531078
2478,top_3,-0.1933505070997021,False,0.21092839976695432,0.39006569162829563
2478,top_6,-0.1129447246374527,False,0.939060638285993,1.1833691353470936
2478,flag_nested,-0.11881595926666602,False,0.4048549032681384,0.5356554696333676
2492,market_1,0.1809283680226463,True,0.048748152263522165,0.045611650655536434
2492,block_2_3,0.2503966827974693,True,0.2449044397679228,0.31178807787327195
2492,block_4_6,0.09129264022834377,True,0.890263637167417,0.980292901316013
2492,top_3,0.2516582599679734,True,0.24909512944006154,0.31383219692823283
2492,top_6,0.08615884386670893,True,0.9053076270533199,1.0199755009134979
2492,flag_nested,0.1108754892366107,True,0.3995699689910559,0.4564014778997543
2506,market_1,0.3299817270900428,True,0.048464553792638726,0.04528438648006291
2506,block_2_3,0.08136336942292731,True,0.26270415920267165,0.3473840139068928
2506,block_4_6,0.15545798909870007,True,0.9448330270776638,1.1006266632290547
2506,top_3,0.08301612992635263,True,0.2665344634764452,0.34956294504500834
2506,top_6,0.13927486090698493,True,0.9729896173483052,1.131955048137342
2506,flag_nested,0.13299213011191122,True,0.42873513847029765,0.5062961567524724
2520,market_1,0.23524878048853096,True,0.05306551740664885,0.04018729564734386
2520,block_2_3,-0.10191686276778336,False,0.387895274715627,0.3785704139095794
2520,block_4_6,-0.18171248918603788,False,1.1853663853107799,1.0980101374932456
2520,top_3,-0.10064410765499038,False,0.3900656916282956,0.3804673257696421
2520,top_6,-0.13818593003110322,False,1.1833691353470936,1.1114980105367978
2520,flag_nested,-0.12834931396264596,False,0.5356554696333675,0.5057385213349792
2534,market_1,0.21964088393071401,True,0.04561165065553642,0.0466038120871974
2534,block_2_3,0.1380058947168313,True,0.31178807787327184,0.3385078954069574
2534,block_4_6,0.08006982319099736,True,0.980292901316013,0.7907024784434464
2534,top_3,0.1341318784768488,True,0.3138321969282327,0.3409317079607787
2534,top_6,0.06259762234057795,True,1.019975500913498,0.8328815238353003
2534,flag_nested,0.07816133575380914,True,0.4564014778997543,0.39564124817370266
2548,market_1,0.15205146668780262,True,0.045284386480062874,0.04615485753490913
2548,block_2_3,0.04099310070055167,True,0.34738401390689283,0.3063021086312427
2548,block_4_6,0.07661913766711555,True,1.1006266632290547,0.8486726099764781
2548,top_3,0.04502236548625823,True,0.3495629450450084,0.3096422334465241
2548,top_6,0.06757364680206347,True,1.1319550481373413,0.8873554492830769
2548,flag_nested,0.06438635132061704,True,0.5062961567524723,0.4065992999018979
2562,market_1,0.17901869957442976,True,0.04018729564734387,0.048216365869496056
2562,block_2_3,-0.2897987529608111,False,0.3785704139095797,0.3091754464311035
2562,block_4_6,-0.3371891967280919,False,1.0980101374932454,0.8538569714211245
2562,top_3,-0.2822812721917126,False,0.38046732576964243,0.3127321512161282
2562,top_6,-0.29863093619935194,False,1.1114980105367984,0.8818619290923166
2562,flag_nested,-0.2906951526974773,False,0.5057385213349795,0.40563369485635753
2576,market_1,0.07243026863924491,True,0.04660381208719742,0.046528638467722344
2576,block_2_3,0.161341106440916,True,0.3385078954069578,0.2692626989422202
2576,block_4_6,-0.25024606238849967,False,0.7907024784434461,0.9176682419235365
2576,top_3,0.16038454228855187,True,0.34093170796077904,0.27317212357160653
2576,top_6,-0.22574292853984332,False,0.8328815238353006,0.9504811070194082
2576,flag_nested,-0.1478273660307691,False,0.39564124817370283,0.42143600506285683
2590,market_1,0.1133390475941588,True,0.04615485753490916,0.04039698444824338
2590,block_2_3,-0.26363813672013237,False,0.3063021086312427,0.36341324806522907
2590,block_4_6,0.145554264990745,True,0.8486726099764782,0.8168574016603589
2590,top_3,-0.25689574839061197,False,0.30964223344652414,0.3655881378781735
2590,top_6,0.10959678480672548,True,0.8873554492830765,0.859942132668754
2590,flag_nested,0.02662478477428407,True,0.40659929990189786,0.41162307652519825
2604,market_1,0.06171004145669851,True,0.04821636586949604,0.039996200858210436
2604,block_2_3,-0.08255644290485378,False,0.3091754464311034,0.3398100171065539
2604,block_4_6,-0.13206327103397256,False,0.8538569714211247,0.8335130866051036
2604,top_3,-0.07956588491279576,False,0.31273215121612813,0.34214696974770714
2604,top_6,-0.1357741704298064,False,0.881861929092317,0.8782681604472662
2604,flag_nested,-0.1213430762621097,False,0.4056336948563576,0.4113154174857871
2618,market_1,0.11492055103688967,True,0.04652863846772233,0.04125215643739378
2618,block_2_3,0.10880889960918749,True,0.26926269894222005,0.2871995748842501
2618,block_4_6,0.16056245431159208,True,0.9176682419235365,0.9217403291400386
2618,top_3,0.10890007195645823,True,0.2731721235716065,0.29007381303620794
2618,top_6,0.14728757109765445,True,0.950481107019408,0.9569782815120778
2618,flag_nested,0.14126848683546547,True,0.42143600506285683,0.4270643019048675
2632,market_1,0.05910975352154453,True,0.04039698444824337,0.0461713852294394
2632,block_2_3,0.027309404681508002,True,0.3634132480652291,0.30915424056695423
2632,block_4_6,0.04810061208700767,True,0.8168574016603586,0.9691816714140301
2632,top_3,0.025169406049682215,True,0.3655881378781736,0.3112925684489805
2632,top_6,0.06094924756096256,True,0.859942132668754,0.9941505496321503
2632,flag_nested,0.05307417387216455,True,0.41162307652519825,0.4462682718128683
2646,market_1,-0.006574065972539255,False,0.03999620085821044,0.04706192335704121
2646,block_2_3,0.13571993970110055,True,0.33981001710655395,0.321807842148849
2646,block_4_6,0.01526585557033787,True,0.8335130866051039,1.1310366999171237
2646,top_3,0.13422843557444125,True,0.3421469697477071,0.3229217117704223
2646,top_6,0.022440605356564024,True,0.8782681604472661,1.163871493029711
2646,flag_nested,0.041522019034114635,True,0.411315417485787,0.5125821338954816
2660,market_1,0.13018661144477287,True,0.04125215643739378,0.04710699367186925
2660,block_2_3,0.1746273056713524,True,0.2871995748842499,0.34495465489408805
2660,block_4_6,0.05603864043982122,True,0.9217403291400389,0.9401736173348463
2660,top_3,0.17307015420949773,True,0.29007381303620755,0.34692219839341093
2660,top_6,0.07202623694361995,True,0.956978281512078,0.9767607464363798
2660,flag_nested,0.09017034793235584,True,0.42706430190486744,0.4487178015137497
2674,market_1,-0.05545425105080704,False,0.04617138522943939,0.049984655595314974
2674,block_2_3,-0.24211112047966343,False,0.30915424056695423,0.396427294857376
2674,block_4_6,-0.04702436782523085,False,0.96918167141403,0.7125401366307191
2674,top_3,-0.2367739967521812,False,0.31129256844898034,0.39942229779389254
2674,top_6,-0.009771450601663914,False,0.9941505496321505,0.7304798179019124
2674,flag_nested,-0.0655482759592989,False,0.4462682718128684,0.3802779472705481
2688,market_1,-0.06273562705500801,False,0.04706192335704122,0.056193021131204154
2688,block_2_3,-0.049805163286259044,False,0.3218078421488487,0.3645490379607635
2688,block_4_6,0.002518873359731632,True,1.1310366999171242,0.6118331727690968
2688,top_3,-0.04258829029590152,False,0.32292171177042206,0.3677636859747339
2688,top_6,-0.006633160257145227,False,1.163871493029711,0.6547285568890951
2688,flag_nested,-0.015193345472005248,False,0.5125821338954815,0.3459565662508889
2702,market_1,0.016231415366638528,True,0.04710699367186924,0.0600830450868395
2702,block_2_3,0.004329694247666748,True,0.3449546548940882,0.4196479024681347
2702,block_4_6,-0.008600125569904322,False,0.9401736173348458,0.9315769767993827
2702,top_3,0.013708558855344475,True,0.3469221983934111,0.4211443082322347
2702,top_6,0.02601302084951319,True,0.9767607464363794,0.9847172907426822
2702,flag_nested,0.022977942802723004,True,0.4487178015137497,0.47364773007687655
2716,market_1,0.23530486064802447,True,0.04998465559531497,0.05264313662183924
2716,block_2_3,0.05967173197644692,True,0.3964272948573761,0.43384432216427565
2716,block_4_6,-0.1654418563564129,False,0.7125401366307188,0.9985968404946842
2716,top_3,0.0608923267437315,True,0.39942229779389266,0.435973378106967
2716,top_6,-0.10952928689410048,False,0.730479817901912,1.0332624900821101
2716,flag_nested,-0.05123056827362708,False,0.380277947270548,0.4940318385905571
2730,market_1,0.4638631563164034,True,0.05619302113120413,0.05814943398803085
2730,block_2_3,0.3792143636260057,True,0.3645490379607637,0.5213353682404941
2730,block_4_6,0.003931141120272812,True,0.6118331727690969,0.8230316082927494
2730,top_3,0.3773579597561221,True,0.36776368597473413,0.5230631367577034
2730,top_6,-0.008597022076997862,False,0.6547285568890956,0.829845480284616
2730,flag_nested,0.15751716066048768,True,0.34595656625088916,0.45755177325580537
2744,market_1,0.3639007713112721,True,0.06008304508683949,0.054877675515902585
2744,block_2_3,0.29797693378600915,True,0.41964790246813505,0.43160229299569297
2744,block_4_6,-0.06391247373332044,False,0.9315769767993821,0.7935411529443295
2744,top_3,0.29593078469962336,True,0.42114430823223487,0.43451880002097065
2744,top_6,-0.1284076291320881,False,0.9847172907426811,0.7662131085166443
2744,flag_nested,0.016191711905114065,True,0.4736477300768762,0.4047149322725482
2758,market_1,0.41645008919448057,True,0.05264313662183925,0.056472022560560664
2758,block_2_3,0.4757361255114813,True,0.4338443221642757,0.4354954828088203
2758,block_4_6,0.06130609663242496,True,0.9985968404946843,0.8931525067347436
2758,top_3,0.47297369238496656,True,0.43597337810696707,0.43814931664608153
2758,top_6,0.01931098009165308,True,1.03326249008211,0.8644382962269747
2758,flag_nested,0.1582340547702747,True,0.49403183859055694,0.4378618030328622
2772,market_1,0.408938658313021,True,0.05814943398803088,0.057062029661997096
2772,block_2_3,0.3025331340943196,True,0.5213353682404936,0.32872454495681663
2772,block_4_6,0.07816646864555235,True,0.8230316082927495,0.8066734903616521
2772,top_3,0.3018505862458164,True,0.5230631367577033,0.3331139968049407
2772,top_6,0.09639211812187422,True,0.8298454802846157,0.8184034535702011
2772,flag_nested,0.1671167022067388,True,0.45755177325580515,0.3897115458740468
2786,market_1,0.40154807433275047,True,0.054877675515902585,0.05935177301536571
2786,block_2_3,0.20869160130786435,True,0.43160229299569286,0.36972628779452327
2786,block_4_6,0.17200939010595284,True,0.7935411529443296,0.9304145698943127
2786,top_3,0.21151718213276716,True,0.4345188000209707,0.37335732080689216
2786,top_6,0.1719932861037949,True,0.7662131085166446,0.9675505819064455
2786,flag_nested,0.18507468725544324,True,0.4047149322725483,0.453887156370411
2800,market_1,0.3696453465649947,True,0.0564720225605607,0.062215565750240884
2800,block_2_3,-0.0031263577117829557,False,0.43549548280881994,0.36029139493289225
2800,block_4_6,0.01603720538621944,True,0.8931525067347438,1.0605333314138354
2800,top_3,0.001870177038893812,True,0.43814931664608153,0.36508545443052415
2800,top_6,0.031186286372774374,True,0.8644382962269744,1.088298441384467
2800,flag_nested,0.028972999826331912,True,0.43786180303286215,0.49568016154960914
2814,market_1,0.27456172083655744,True,0.057062029661997096,0.0570163361951205
2814,block_2_3,-0.1288386106169413,False,0.32872454495681663,0.3681653233480687
2814,block_4_6,0.1948084103272276,True,0.8066734903616527,0.991422081799109
2814,top_3,-0.12420160325474999,False,0.33311399680494075,0.3710987079754182
2814,top_6,0.22760496731330224,True,0.8184034535702007,0.9998628008578196
2814,flag_nested,0.14813526388565368,True,0.38971154587404677,0.4645175450974167
2828,market_1,0.3933054406499593,True,0.059351773015365705,0.050860180836223214
2828,block_2_3,-0.09201146724642795,False,0.36972628779452327,0.3763766146258075
2828,block_4_6,0.07289509452361982,True,0.9304145698943126,0.9397289584949053
2828,top_3,-0.08625881391442757,False,0.3733573208068923,0.3787168141096021
2828,top_6,0.1031540585750157,True,0.9675505819064454,0.9476508765913818
2828,flag_nested,0.06346843664010753,True,0.453887156370411,0.4472910280140564
2842,market_1,0.19697336710443933,True,0.062215565750240884,0.055770327376767334
2842,block_2_3,-0.06959296694969119,False,0.360291394932892,0.5100736721352607
2842,block_4_6,0.13142521561597956,True,1.0605333314138354,1.2179533620756635
2842,top_3,-0.06693075541853662,False,0.365085454430524,0.5119445530682005
2842,top_6,0.1414581610033292,True,1.0882984413844665,1.1690283199055123
2842,flag_nested,0.09479950684701835,True,0.495680161549609,0.564131137246736
2856,market_1,0.2751163190048961,True,0.05701633619512052,0.05875026898146348
2856,block_2_3,0.11286754322625246,True,0.3681653233480688,0.5211079397581543
2856,block_4_6,0.4936022646384302,True,0.9914220817991094,1.0015824483774212
2856,top_3,0.10944028339368382,True,0.37109870797541833,0.5226105518797348
2856,top_6,0.4779775153929752,True,0.9998628008578202,0.9531161968935545
2856,flag_nested,0.3642973904772832,True,0.4645175450974169,0.4958802992801927
2870,market_1,0.34084118778127825,True,0.050860180836223214,0.060159078432717054
2870,block_2_3,0.30805446275439,True,0.3763766146258076,0.3903335679408227
2870,block_4_6,0.34004199647598976,True,0.939728958494905,0.8588344831813624
2870,top_3,0.3020980555305212,True,0.378716814109602,0.39116641813143144
2870,top_6,0.2641666859062271,True,0.9476508765913816,0.880256770377318
2870,flag_nested,0.2747808300832604,True,0.44729102801405624,0.42867800725989685
2884,market_1,0.39113906640782775,True,0.05577032737676734,0.058273141906682806
2884,block_2_3,-0.1311515266717522,False,0.5100736721352607,0.32153288359709875
2884,block_4_6,-0.0891818614481001,False,1.217953362075664,0.5861215175261345
2884,top_3,-0.130012917828721,False,0.5119445530682007,0.32217217493633327
2884,top_6,-0.058771540097533,False,1.1690283199055131,0.639644825450737
2884,flag_nested,-0.07181292440151797,False,0.5641311372467365,0.32586036829148585
2898,market_1,0.35699838580895027,True,0.058750268981463453,0.05952834213464261
2898,block_2_3,-0.28164968100575094,False,0.5211079397581542,0.3000555312789505
2898,block_4_6,-0.27795798994078524,False,1.0015824483774214,0.6543050804576387
2898,top_3,-0.2821447233480393,False,0.5226105518797345,0.3010399091176565
2898,top_6,-0.20090615296913722,False,0.953116196893555,0.6944265901048787
2898,flag_nested,-0.21316999589828106,False,0.49588029928019267,0.3378214725540739
2912,market_1,0.3438854878082015,True,0.06015907843271708,0.06253475238204204
2912,block_2_3,-0.1127605465876401,False,0.39033356794082263,0.24513026488799367
2912,block_4_6,-0.1598071196354998,False,0.8588344831813624,0.6625471510591847
2912,top_3,-0.12387512651997762,False,0.39116641813143155,0.2485849472886859
2912,top_6,-0.14375134016191357,False,0.8802567703773175,0.6957580997386602
2912,flag_nested,-0.12511292753772285,False,0.4286780072598967,0.3243279864894715
2926,market_1,0.11670179991700493,True,0.05827314190668279,0.0585789685702969
2926,block_2_3,-0.057070877424770614,False,0.3215328835970987,0.24613114156778232
2926,block_4_6,0.07422130557317344,True,0.5861215175261345,0.5800903111070955
2926,top_3,-0.05811006346780879,False,0.3221721749363332,0.25082460926012856
2926,top_6,0.09555447770736021,True,0.6396448254507366,0.6242208142685293
2926,flag_nested,0.053304464124469035,True,0.32586036829148574,0.2989053828944362
2940,market_1,-0.05255134279593133,False,0.059528342134642594,0.050523839498976646
2940,block_2_3,-0.07367489635005951,False,0.3000555312789505,0.2751758730045597
2940,block_4_6,0.09906830085645396,True,0.6543050804576389,0.47440093136709927
2940,top_3,-0.06522936782620256,False,0.30103990911765655,0.2793354689568188
2940,top_6,0.1111778390940844,True,0.6944265901048788,0.5000509450071687
2940,flag_nested,0.049680676907793805,True,0.33782147255407396,0.26502311414400703
2954,market_1,-0.17821861398983085,False,0.06253475238204198,0.05745768649542356
2954,block_2_3,-0.11977939507343122,False,0.24513026488799364,0.37520305927295344
2954,block_4_6,0.09818662554809156,True,0.6625471510591846,0.5632779516171521
2954,top_3,-0.1024632178092758,False,0.24858494728868585,0.37702872058505127
2954,top_6,0.11803363207767505,True,0.6957580997386599,0.5367112019132354
2954,flag_nested,0.03439601278869971,True,0.32432798648947136,0.31415721673911123
2968,market_1,0.05914952069980081,True,0.05857896857029686,0.05271950173919784
2968,block_2_3,0.03459525142827641,True,0.24613114156778232,0.44185142173802083
2968,block_4_6,-0.0319036376921711,False,0.5800903111070953,0.6515932053527604
2968,top_3,0.03852766827375593,True,0.2508246092601287,0.4446983193119011
2968,top_6,-0.07062325676411302,False,0.624220814268529,0.5919654449382659
2968,flag_nested,-0.025658539326624624,False,0.2989053828944362,0.35651375699973437
2982,market_1,0.35521552061583306,True,0.050523839498976646,0.04962248767608854
2982,block_2_3,-0.010527965984168271,False,0.27517587300455976,0.344544926498161
2982,block_4_6,0.04923097019172581,True,0.4744009313670991,0.6472645956786085
2982,top_3,-0.0023351634299648293,False,0.2793354689568189,0.34798191662620725
2982,top_6,0.10695481647748874,True,0.5000509450071687,0.6770557902878053
2982,flag_nested,0.07485535388991749,True,0.2650231141440071,0.3452925618126661
2996,market_1,0.06258475316978404,True,0.05745768649542355,0.05740914601414842
2996,block_2_3,-0.3675468160934253,False,0.3752030592729534,0.3465668746911911
2996,block_4_6,-0.11907722378757325,False,0.5632779516171517,0.6183015825669199
2996,top_3,-0.3533736251714058,False,0.3770287205850514,0.3501431827457691
2996,top_6,0.0728937898330881,True,0.5367112019132351,0.6157959136323562
2996,flag_nested,-0.11005052527042805,False,0.3141572167391111,0.32766343615805565
3010,market_1,0.012023018120456778,True,0.052719501739197844,0.054942285318756764
3010,block_2_3,-0.5327806156977009,False,0.44185142173802083,0.376771129339911
3010,block_4_6,-0.13260216034900807,False,0.6515932053527606,0.6348387759030493
3010,top_3,-0.5226260576937714,False,0.44469831931190096,0.37962917098898263
3010,top_6,0.1535432647799453,True,0.591965444938266,0.5848763984634782
3010,flag_nested,-0.17504126331840789,False,0.3565137569997343,0.3287422862738784
3024,market_1,0.11451429494172738,True,0.04962248767608855,0.047350017583500104
3024,block_2_3,0.03088033715983855,True,0.34454492649816104,0.26925632025000024
3024,block_4_6,0.1525688712912566,True,0.6472645956786086,0.5110912076086109
3024,top_3,0.03150645637993248,True,0.3479819166262073,0.27281370520854054
3024,top_6,0.11620407151139524,True,0.6770557902878054,0.5501508342919031
3024,flag_nested,0.08822156351437714,True,0.3452925618126662,0.27838005225538
3038,market_1,-0.21995545465651173,False,0.05740914601414843,0.06871415011170308
3038,block_2_3,0.4589420581201253,True,0.346566874691191,0.3220788436021954
3038,block_4_6,0.20369320940995161,True,0.6183015825669199,0.6769270724490899
3038,top_3,0.45716590693699544,True,0.35014318274576905,0.3233658722480835
3038,top_6,0.11779635900523716,True,0.6157959136323563,0.6947938578160852
3038,flag_nested,0.21833990217286492,True,0.32766343615805565,0.34645809897733376
3052,market_1,-0.3147361812151951,False,0.05494228531875677,0.09379298349882255
3052,block_2_3,0.5632146808734645,True,0.37677112933991097,0.38237131431867094
3052,block_4_6,0.09045725671339293,True,0.6348387759030493,0.8364656188857539
3052,top_3,0.5726137407772599,True,0.3796291709889826,0.37970785108177835
3052,top_6,-0.03277340978349058,False,0.5848763984634784,0.8456530138319334
3052,flag_nested,0.16812708091313425,True,0.32874228627387847,0.4195767444046
3066,market_1,0.38735427546429935,True,0.04735001758350009,0.07920785302824193
3066,block_2_3,0.23678716495594576,True,0.26925632025000024,0.6667082804405859
3066,block_4_6,0.09547966729551212,True,0.5110912076086109,1.121148805176205
3066,top_3,0.23391927241614574,True,0.27281370520854037,0.6664319640824066
3066,top_6,0.02334444486446217,True,0.5501508342919033,0.9800463277736916
3066,flag_nested,0.11356791955415224,True,0.27838005225538004,0.5607134196676331
3080,market_1,0.4719937561617694,True,0.06871415011170308,0.06010043019001916
3080,block_2_3,0.558157739246503,True,0.32207884360219546,0.5158890986591181
3080,block_4_6,0.25502998563283763,True,0.67692707244909,0.9652200899542039
3080,top_3,0.5527209369037229,True,0.32336587224808344,0.5178945553044546
3080,top_6,0.11189701921462009,True,0.6947938578160853,0.8845959170587534
3080,flag_nested,0.2702987608684658,True,0.3464580989773338,0.47268944131060064
3094,market_1,0.41237151342028694,True,0.09379298349882258,0.05404087055046412
3094,block_2_3,0.5527841958245192,True,0.38237131431867094,0.6132856471147801
3094,block_4_6,0.4289571523853584,True,0.8364656188857543,0.9664196503843088
3094,top_3,0.5550719869361143,True,0.3797078510817783,0.6143799323083778
3094,top_6,0.3244335060195349,True,0.8456530138319329,0.8218242845895523
3094,flag_nested,0.4018872864434861,True,0.41957674440459986,0.49123026700430683
3108,market_1,0.5479812726007374,True,0.07920785302824195,0.06480529992258985
3108,block_2_3,0.6592202141895316,True,0.6667082804405856,0.327621657772886
3108,block_4_6,0.3180185757201499,True,1.1211488051762049,0.6477207912290951
3108,top_3,0.6534142201617844,True,0.6664319640824063,0.32780194775496735
3108,top_6,0.12141197164299984,True,0.9800463277736917,0.6458390080865166
3108,flag_nested,0.34057405836638455,True,0.5607134196676331,0.33096188593714165
3122,market_1,0.43976554408323076,True,0.06010043019001915,0.07128042371650298
3122,block_2_3,0.6581701214957707,True,0.5158890986591181,0.4091362808215459
3122,block_4_6,-0.02413290513992354,False,0.9652200899542038,1.1038427103784945
3122,top_3,0.6526083162179072,True,0.5178945553044549,0.408250053427143
3122,top_6,-0.1747322671372476,False,0.8845959170587535,1.0779597063821749
3122,flag_nested,0.08435677414612004,True,0.4726894413106008,0.5042847630822126
3136,market_1,0.2804024159602681,True,0.054040870550464096,0.07787538416027441
3136,block_2_3,0.4672709879618708,True,0.6132856471147798,0.40969754442139417
3136,block_4_6,-0.16376789467521974,False,0.9664196503843082,1.4939513972281597
3136,top_3,0.4655573254002077,True,0.614379932308378,0.4088999158450899
3136,top_6,-0.316038267581409,False,0.8218242845895517,1.4840243783019356
3136,flag_nested,-0.07483767555329693,False,0.49123026700430666,0.6548681916359647
3150,market_1,0.3469897414882199,True,0.06480529992258982,0.07149567512456773
3150,block_2_3,0.40066011357136805,True,0.3276216577728862,0.36088368676998545
3150,block_4_6,0.2795173343698447,True,0.647720791229095,1.2483630359198943
3150,top_3,0.38729749069635283,True,0.3278019477549674,0.36206371465005677
3150,top_6,0.2089189118761474,True,0.6458390080865165,1.2521019543924625
3150,flag_nested,0.24463728268165577,True,0.33096188593714165,0.556867632460792
3164,market_1,0.588600135720011,True,0.07128042371650296,0.07408653726012959
3164,block_2_3,0.16150052708406604,True,0.4091362808215459,0.30224761964728697
3164,block_4_6,0.2773939935254401,True,1.1038427103784945,0.8519251592010013
3164,top_3,0.1435536462353083,True,0.40825005342714266,0.30193262374323376
3164,top_6,0.26441190415634647,True,1.0779597063821744,0.8677697235381351
3164,flag_nested,0.24794569188549953,True,0.5042847630822125,0.4017220850433745
3178,market_1,0.6457316596183033,True,0.07787538416027444,0.0743851954114016
3178,block_2_3,-0.5455804894111249,False,0.4096975444213945,0.42139794539632136
3178,block_4_6,-0.04022300499813443,False,1.49395139722816,0.6528787677870113
3178,top_3,-0.5602597215639497,False,0.40889991584509006,0.4214776871828863
3178,top_6,0.07516801553319702,True,1.484024378301935,0.5779562832961501
3178,flag_nested,-0.07788619365226844,False,0.6548681916359644,0.34701567946466144
3192,market_1,0.5700536896581665,True,0.07149567512456773,0.05974796006392422
3192,block_2_3,-0.5477382063374134,False,0.3608836867699854,0.4947745768318256
3192,block_4_6,0.08040817405861425,True,1.2483630359198947,0.663270254473794
3192,top_3,-0.5502291282626265,False,0.3620637146500564,0.49563971703299714
3192,top_6,0.22440204240157063,True,1.2521019543924625,0.5660670994635139
3192,flag_nested,-0.01913126584373074,False,0.556867632460792,0.37264109893366487
3206,market_1,0.5862039960509389,True,0.07408653726012962,0.06081524113932286
3206,block_2_3,0.019603493863239903,True,0.30224761964728714,0.43027053018004624
3206,block_4_6,0.32841623720209084,True,0.8519251592010019,0.6757686014252241
3206,top_3,0.013110416629219203,True,0.30193262374323393,0.4316926331568808
3206,top_6,0.37400861043854533,True,0.8677697235381344,0.6276960337634802
3206,flag_nested,0.25513019214828225,True,0.4017220850433743,0.3626086805302309
3220,market_1,0.5022909221957623,True,0.07438519541140158,0.05779252407615026
3220,block_2_3,0.18033187412672574,True,0.421397945396321,0.29593624975756666
3220,block_4_6,0.046990875480261776,True,0.6528787677870114,0.7662103007412566
3220,top_3,0.17398489439260267,True,0.421477687182886,0.2992350551237139
3220,top_6,-0.00853715413011273,False,0.5779562832961502,0.7973153068297488
3220,flag_nested,0.06812346111384719,True,0.34701567946466133,0.3730135810685171
3234,market_1,0.38547245807106506,True,0.05974796006392424,0.055327979471270404
3234,block_2_3,-0.1695623307803975,False,0.4947745768318259,0.35721313064601146
3234,block_4_6,0.22841950694015625,True,0.6632702544737937,0.8741108562791738
3234,top_3,-0.17006608198334425,False,0.4956397170329977,0.35909549786767425
3234,top_6,0.29514852834605665,True,0.5660670994635136,0.913723241059718
3234,flag_nested,0.10368957463809307,True,0.37264109893366504,0.43034025807194737
3248,market_1,0.19847019035644073,True,0.06081524113932287,0.048509393306199675
3248,block_2_3,-0.17081907013431147,False,0.4302705301800463,0.444104463271619
3248,block_4_6,0.09616682376533771,True,0.6757686014252241,0.9018910764304304
3248,top_3,-0.17149270027902103,False,0.43169263315688067,0.4458637549719445
3248,top_6,0.16520995872071506,True,0.6276960337634803,0.9476757345109492
3248,flag_nested,0.035190740848672,True,0.36260868053023093,0.46722536339719484
3262,market_1,0.2520149663690887,True,0.057792524076150265,0.04832321975840031
3262,block_2_3,0.19188779443000759,True,0.2959362497575665,0.49532137330806014
3262,block_4_6,-0.3443977125866996,False,0.7662103007412566,1.2558670540365862
3262,top_3,0.18621780805830895,True,0.2992350551237139,0.4964506510823231
3262,top_6,-0.31385033556491543,False,0.7973153068297486,1.267643720273595
3262,flag_nested,-0.19396004411160175,False,0.37301358106851706,0.5935567792098912
3276,market_1,0.2162164699303471,True,0.05532797947127039,0.04794275723085738
3276,block_2_3,0.3583928430451709,True,0.3572131306460114,0.32800982344134316
3276,block_4_6,-0.0209152122905143,False,0.8741108562791743,0.5360891137567084
3276,top_3,0.35395474591409753,True,0.35909549786767425,0.3305987260086931
3276,top_6,0.04594358053639846,True,0.9137232410597181,0.5976321073345633
3276,flag_nested,0.13908386284997695,True,0.43034025807194737,0.3134608478528258
3290,market_1,-0.0025073985906110853,False,0.04850939330619966,0.04707927843493418
3290,block_2_3,0.21067223586761363,True,0.4441044632716192,0.34285799917923687
3290,block_4_6,-0.3733055847849192,False,0.9018910764304301,0.8010929430310998
3290,top_3,0.2080995311444381,True,0.4458637549719445,0.3453322703629634
3290,top_6,-0.3221886264068215,False,0.94767573451095,0.8426744945386535
3290,flag_nested,-0.1721635921231559,False,0.4672253633971951,0.40039726281152677
3304,market_1,0.01940184807568478,True,0.04832321975840028,0.04567059170494525
3304,block_2_3,-0.26621030937820306,False,0.49532137330806053,0.39814430214883245
3304,block_4_6,-0.5118739911756904,False,1.2558670540365862,0.9325331426435309
3304,top_3,-0.26274212339271935,False,0.4964506510823235,0.4000989827015552
3304,top_6,-0.43533171590047176,False,1.267643720273595,0.9531468020800085
3304,flag_nested,-0.389012797256415,False,0.5935567792098914,0.45481901820267373
3318,market_1,0.13291777385641573,True,0.0479427572308574,0.04464421442794315
3318,block_2_3,-0.07979432569824527,False,0.32800982344134316,0.4604457722128556
3318,block_4_6,0.024201314926801432,True,0.5360891137567083,1.2474450344722117
3318,top_3,-0.07870425395324562,False,0.3305987260086932,0.46194080766441675
3318,top_6,0.06782562175309144,True,0.5976321073345634,1.2502597451128454
3318,flag_nested,0.026093251605918733,True,0.31346084785282585,0.577622524536609
3332,market_1,0.13490304654226043,True,0.047079278434934195,0.04151758744967732
3332,block_2_3,-0.036951011789183016,False,0.34285799917923687,0.42100132418253844
3332,block_4_6,0.3358620563418037,True,0.8010929430310993,0.9970456791061613
3332,top_3,-0.03675358894573905,False,0.3453322703629633,0.42251388500451736
3332,top_6,0.33609267010651617,True,0.8426744945386528,0.9936143415431741
3332,flag_nested,0.2385129537828999,True,0.4003972628115266,0.47515746270216325
3346,market_1,0.1338677341240654,True,0.045670591704945245,0.03852818879146089
3346,block_2_3,0.15176843037971974,True,0.39814430214883234,0.42857151908095353
3346,block_4_6,0.4262765915114271,True,0.932533142643531,0.9895110277304622
3346,top_3,0.1501453674719217,True,0.40009898270155503,0.4300161793299395
3346,top_6,0.4111072859743635,True,0.9531468020800082,0.9918236880281242
3346,flag_nested,0.339682024224316,True,0.4548190182026737,0.4765236239498957
3360,market_1,0.12949322202981786,True,0.04464421442794315,0.04229567762842164
3360,block_2_3,0.14006594815912798,True,0.4604457722128557,0.41332802953307146
3360,block_4_6,0.31675816445115623,True,1.247445034472212,0.8654952212260647
3360,top_3,0.13921122689783574,True,0.4619408076644166,0.4153466961227292
3360,top_6,0.27809707901485875,True,1.2502597451128443,0.9107708111305893
3360,flag_nested,0.24121102671505906,True,0.5776225245366087,0.4444589918173721
3374,market_1,0.07944666820774603,True,0.041517587449677304,0.04013140949514029
3374,block_2_3,0.23062184445083225,True,0.42100132418253833,0.5225152944909361
3374,block_4_6,0.16488708970368274,True,0.9970456791061615,0.7587521445481195
3374,top_3,0.22949510618276356,True,0.42251388500451736,0.5240415474905276
3374,top_6,0.07742865768243255,True,0.9936143415431743,0.7794067990456787
3374,flag_nested,0.12918495475094044,True,0.47515746270216336,0.4409038492233056
3388,market_1,0.26676891771848393,True,0.0385281887914609,0.03916188930659915
3388,block_2_3,0.3475201475245635,True,0.42857151908095337,0.5446037418464926
3388,block_4_6,0.029237043568728017,True,0.9895110277304632,0.8758132967950693
3388,top_3,0.34716426716791676,True,0.4300161793299393,0.5459657045798397
3388,top_6,-0.05589091557020157,False,0.9918236880281244,0.8811479120226771
3388,flag_nested,0.08496579447758294,True,0.4765236239498958,0.4798924645968474
3402,market_1,0.010420869078051832,True,0.04229567762842161,0.05296302899461774
3402,block_2_3,0.28283268898125985,True,0.4133280295330713,0.5499302391134101
3402,block_4_6,-0.08034363968390365,False,0.8654952212260648,0.9566393805350686
3402,top_3,0.2808578087466665,True,0.415346696122729,0.5520596625647655
3402,top_6,-0.12381983936298376,False,0.9107708111305887,0.9538906761312017
3402,flag_nested,0.015834848767601373,True,0.4444589918173718,0.5060101544952754
3416,market_1,0.13627691511552864,True,0.0401314094951403,0.06045058488218942
3416,block_2_3,0.16762124938888345,True,0.522515294490936,0.5551100100503727
3416,block_4_6,0.16899693673791205,True,0.7587521445481197,0.8518444205113332
3416,top_3,0.16740121267683916,True,0.5240415474905273,0.5577523573332204
3416,top_6,0.09197651149125995,True,0.7794067990456784,0.8631035307185637
3416,flag_nested,0.12704914588171384,True,0.44090384922330544,0.48115290851522663
3430,market_1,0.19558948605714904,True,0.03916188930659915,0.061492357691023
3430,block_2_3,0.30754299718269246,True,0.5446037418464926,0.6436303775637416
3430,block_4_6,-0.000932142894998352,False,0.8758132967950694,1.2720804875114842
3430,top_3,0.30625201603218305,True,0.54596570457984,0.6452048140680714
3430,top_6,-0.047755218574221436,False,0.8811479120226766,1.2034014314481603
3430,flag_nested,0.09413844528380018,True,0.4798924645968474,0.6196022070289822
3444,market_1,0.20045831001218023,True,0.052963028994617745,0.05688429919175665
3444,block_2_3,0.21967396284899415,True,0.54993023911341,0.7629571445687351
3444,block_4_6,-0.10022223858012645,False,0.9566393805350688,1.2193575951216724
3444,top_3,0.21776162106190744,True,0.5520596625647655,0.7643273525853633
3444,top_6,-0.18128646179458352,False,0.9538906761312014,1.0738443461603777
3444,flag_nested,0.0008950234931289278,True,0.5060101544952753,0.6246264516450524
3458,market_1,0.11621151574363053,True,0.0604505848821894,0.05508977525016805
3458,block_2_3,0.23970905972984122,True,0.5551100100503726,0.7704389598993838
3458,block_4_6,0.27231372719914104,True,0.8518444205113335,1.119820019484369
3458,top_3,0.2373096849039659,True,0.5577523573332205,0.7718512269683362
3458,top_6,0.2206836738036547,True,0.8631035307185639,0.92706889926661
3458,flag_nested,0.22604762358564698,True,0.4811529085152267,0.587249900972766
3472,market_1,0.24131037346507006,True,0.061492357691023035,0.05292076979382546
3472,block_2_3,0.6669331307372662,True,0.6436303775637415,0.6010557356577978
3472,block_4_6,0.2897969745185801,True,1.2720804875114842,0.8034951838717179
3472,top_3,0.6645421902500609,True,0.6452048140680712,0.6023805745540688
3472,top_6,0.029624821848290604,True,1.20340143144816,0.712820770539602
3472,flag_nested,0.32209332606620406,True,0.619602207028982,0.4565526277378981
3486,market_1,0.2354365884771246,True,0.05688429919175664,0.05217728614752576
3486,block_2_3,0.4139822592297077,True,0.7629571445687346,0.39743152213996913
3486,block_4_6,0.32605482995146495,True,1.219357595121673,0.9471628320838671
3486,top_3,0.4101051797343096,True,0.7643273525853633,0.3996137767470216
3486,top_6,0.23701623369859035,True,1.073844346160378,0.9750783766236053
3486,flag_nested,0.28978293780797554,True,0.6246264516450525,0.46305057262126476
3500,market_1,0.2438809811319618,True,0.05508977525016807,0.055500541642043835
3500,block_2_3,0.0455156367155452,True,0.7704389598993837,0.2984264698425649
3500,block_4_6,0.17408206907852455,True,1.1198200194843686,1.0850627760776308
3500,top_3,0.0426946125802087,True,0.7718512269683367,0.3010004598838283
3500,top_6,0.1982086230647253,True,0.9270688992666098,1.116114771157219
3500,flag_nested,0.1326492171682249,True,0.5872499009727661,0.49081506986359696
3514,market_1,0.17549417767245323,True,0.05292076979382544,0.05434378883915228
3514,block_2_3,0.02389078694461217,True,0.6010557356577977,0.3059704099080926
3514,block_4_6,0.31790396757383915,True,0.8034951838717185,0.9877425521492249
3514,top_3,0.021376927487432976,True,0.6023805745540687,0.3087240948930531
3514,top_6,0.3124770313262904,True,0.7128207705396019,1.0082413903406746
3514,flag_nested,0.19031674041079844,True,0.456552627737898,0.45182801282559065
3528,market_1,0.1730765536877992,True,0.05217728614752578,0.05681133019203545
3528,block_2_3,0.20711105489630074,True,0.39743152213996896,0.40313080951148667
3528,block_4_6,0.29778219290669167,True,0.9471628320838672,0.9748746773828332
3528,top_3,0.20194816906757898,True,0.3996137767470217,0.4057165938882165
3528,top_6,0.271740904201389,True,0.9750783766236054,0.9575612250346013
3528,flag_nested,0.2525839759134268,True,0.4630505726212648,0.45925674958411683
3542,market_1,0.2844733582724234,True,0.05550054164204385,0.0568551779686787
3542,block_2_3,0.2217193970546158,True,0.298426469842565,0.3068017112050264
3542,block_4_6,0.3498534103405618,True,1.0850627760776306,0.7420986271968886
3542,top_3,0.2169059008558956,True,0.3010004598838283,0.3110083071486709
3542,top_6,0.33516287265773265,True,1.1161147711572197,0.7735397963623937
3542,flag_nested,0.30970919906963873,True,0.4908150698635971,0.367698068700947
3556,market_1,0.19547103814230943,True,0.05434378883915232,0.052332677277034056
3556,block_2_3,0.2638527945067051,True,0.3059704099080926,0.33638230614030745
3556,block_4_6,0.1914967549381713,True,0.9877425521492248,0.676422521246849
3556,top_3,0.2623598349401024,True,0.30872409489305297,0.34029641979515773
3556,top_6,0.18275930436386817,True,1.0082413903406748,0.7211632232519618
3556,flag_nested,0.19726960812154953,True,0.4518280128255907,0.35779695263465106
3570,market_1,0.11542035462154016,True,0.05681133019203545,0.054767988004830466
3570,block_2_3,-0.09370000547146017,False,0.4031308095114868,0.35813078246372365
3570,block_4_6,-0.14320607912413436,False,0.9748746773828334,0.7661834131412081
3570,top_3,-0.08768544928070902,False,0.40571659388821674,0.3622073056743867
3570,top_6,-0.09421038100967763,False,0.9575612250346011,0.8106178082917014
3570,flag_nested,-0.08882013549040504,False,0.4592567495841168,0.39528190167440885
3584,market_1,0.05029841726955527,True,0.0568551779686787,0.059833848009671765
3584,block_2_3,0.21886846975889995,True,0.3068017112050264,0.3240660710207555
3584,block_4_6,-0.03762161314054121,False,0.7420986271968883,0.7824551923620962
3584,top_3,0.21755290597952995,True,0.3110083071486708,0.32928065287250907
3584,top_6,-0.028480646176209445,False,0.7735397963623937,0.8206820657689928
3584,flag_nested,0.03198035293141684,True,0.36769806870094707,0.3898399427955487
3598,market_1,0.1503583679085706,True,0.05233267727703405,0.05508163825461722
3598,block_2_3,-0.18894448788925103,False,0.33638230614030773,0.43363475507880916
3598,block_4_6,0.11531771256014806,True,0.6764225212468489,0.8624992657549521
3598,top_3,-0.18210072809828576,False,0.3402964197951578,0.43708635999029716
3598,top_6,0.1886066181284082,True,0.7211632232519618,0.8465058123419077
3598,flag_nested,0.06863193729621339,True,0.35779695263465106,0.43144427676982877
3612,market_1,0.11226498793268579,True,0.05476798800483045,0.055113902775032066
3612,block_2_3,-0.26025034757783155,False,0.35813078246372343,0.3944929889117575
3612,block_4_6,-0.12567382846055045,False,0.7661834131412079,0.6791508281566049
3612,top_3,-0.2524474427271165,False,0.3622073056743866,0.39812119735326257
3612,top_6,-0.05352887583228022,False,0.8106178082917016,0.6588028963089682
3612,flag_nested,-0.11700303432414348,False,0.3952819016744089,0.35806132748074737
3626,market_1,0.006840737463983024,True,0.059833848009671765,0.05231978848920783
3626,block_2_3,0.06778715046486505,True,0.3240660710207556,0.3556071140745815
3626,block_4_6,0.09589307185120657,True,0.7824551923620965,0.7684074226224362
3626,top_3,0.06564604941748134,True,0.3292806528725091,0.3594059233680612
3626,top_6,0.08073868609462943,True,0.8206820657689933,0.7871968823317005
3626,flag_nested,0.07510354461201624,True,0.38983994279554884,0.3861019573165831
3640,market_1,0.12072224665160314,True,0.05508163825461719,0.049810185766667
3640,block_2_3,-0.12700762506274768,False,0.43363475507880905,0.5670778303549183
3640,block_4_6,0.0506440708280082,True,0.8624992657549522,0.8556421450608883
3640,top_3,-0.12423460045185614,False,0.4370863599902968,0.5692170024827836
3640,top_6,0.07636792304650125,True,0.8465058123419069,0.8362618574859122
3640,flag_nested,-0.00467804045708483,False,0.4314442767698284,0.47648648350074213
3654,market_1,-0.04170383293156205,False,0.055113902775032086,0.055175484677772814
3654,block_2_3,-0.030684504994852046,False,0.3944929889117577,1.030601506610785
3654,block_4_6,0.029925418320115915,True,0.679150828156605,1.2055947474561366
3654,top_3,-0.030004185376295303,False,0.39812119735326285,1.031857041113908
3654,top_6,0.09297990805189014,True,0.6588028963089676,0.8179151993355521
3654,flag_nested,0.016772664930624636,True,0.3580613274807473,0.6851653309668377
3668,market_1,0.01133251765503158,True,0.05231978848920783,0.05695404674847456
3668,block_2_3,-0.03080095923618676,False,0.3556071140745817,1.5499086277334433
3668,block_4_6,0.0272765766181663,True,0.7684074226224363,1.6023699504352182
3668,top_3,-0.03054390536502323,False,0.3594059233680612,1.550961850440356
3668,top_6,0.21553570937318312,True,0.7871968823317005,0.7071448194863836
3668,flag_nested,0.03944575700318141,True,0.3861019573165831,0.9425569566711731
3682,market_1,0.05911376907991731,True,0.049810185766667014,0.05882670130641309
3682,block_2_3,0.6521013291825404,True,0.567077830354919,1.3404444701329286
3682,block_4_6,0.3736637937985589,True,0.8556421450608884,1.3965623009085573
3682,top_3,0.6493206549336908,True,0.5692170024827841,1.3417122942438628
3682,top_6,0.10205777625819157,True,0.836261857485912,0.5955676409158982
3682,flag_nested,0.44846032214902354,True,0.47648648350074224,0.8140278517630658
3696,market_1,0.09744541376742086,True,0.05517548467777282,0.058966297697275266
3696,block_2_3,0.7445728696786125,True,1.0306015066107856,0.724470817838321
3696,block_4_6,0.5030485625132444,True,1.2055947474561366,0.8782251045445082
3696,top_3,0.7421517856799175,True,1.031857041113909,0.726434732196459
3696,top_6,0.19987377431477388,True,0.8179151993355526,0.7023871849228381
3696,flag_nested,0.5846538301639845,True,0.6851653309668382,0.5114725055189924
3710,market_1,0.12216792060031541,True,0.05695404674847456,0.05403404200317186
3710,block_2_3,0.008369978707839624,True,1.5499086277334435,0.3032565692194062
3710,block_4_6,-0.08560872690833324,False,1.6023699504352187,0.8194709520475861
3710,top_3,0.009248899083887296,True,1.5509618504403568,0.30779315740574964
3710,top_6,0.06080220235218374,True,0.7071448194863835,0.8460977292494636
3710,flag_nested,0.021400266346809662,True,0.9425569566711732,0.39218887650040574
3724,market_1,0.2540985232491844,True,0.05882670130641309,0.04512287704946324
3724,block_2_3,-0.3740395338784875,False,1.3404444701329288,0.43885749473655783
3724,block_4_6,-0.13017266391901514,False,1.3965623009085564,1.1293873669313927
3724,top_3,-0.37066159171068186,False,1.3417122942438622,0.4410738640261382
3724,top_6,0.09643383407884495,True,0.5955676409158979,1.1427518758629904
3724,flag_nested,-0.14164737463238825,False,0.8140278517630655,0.5334151917974099
3738,market_1,-0.05425022364830709,False,0.05896629769727527,0.05442364541220595
3738,block_2_3,0.36798503949334227,True,0.7244708178383208,0.3607751832466274
3738,block_4_6,-0.00920104748103483,False,0.8782251045445086,1.3585684281951844
3738,top_3,0.3634685689005731,True,0.7264347321964587,0.3646980186957827
3738,top_6,-0.08625061735043689,False,0.7023871849228376,1.3679515879714865
3738,flag_nested,0.059085508990645796,True,0.5114725055189919,0.5993152253189595
3752,market_1,0.0013288279578610555,True,0.054034042003171856,0.055148382499335104
3752,block_2_3,0.46085954562387527,True,0.3032565692194062,0.4140244700208875
3752,block_4_6,0.17324170169971637,True,0.8194709520475862,1.3714687296380061
3752,top_3,0.45212828758339263,True,0.3077931574057495,0.41728447707468663
3752,top_6,0.16648639447754446,True,0.8460977292494639,1.3842946275296963
3752,flag_nested,0.21437934412083093,True,0.39218887650040585,0.6168160652328925
3766,market_1,0.13886314401489996,True,0.04512287704946325,0.05600937757205692
3766,block_2_3,0.2861539760099061,True,0.4388574947365573,0.3300927022926224
3766,block_4_6,0.18769224950204064,True,1.129387366931393,0.9167979487333097
3766,top_3,0.2849701559800514,True,0.4410738640261379,0.33426636913370716
3766,top_6,0.22527789089476946,True,1.1427518758629913,0.9738449010635958
3766,flag_nested,0.23625807364837376,True,0.5334151917974101,0.445470576030053
3780,market_1,0.31729711981328185,True,0.054423645412205936,0.049163182526544974
3780,block_2_3,-0.12420436979144094,False,0.36077518324662744,0.4141143736223041
3780,block_4_6,0.3498889448971001,True,1.3585684281951846,0.8025938390294631
3780,top_3,-0.11770329236816386,False,0.36469801869578267,0.41661687088062993
3780,top_6,0.34960202746882374,True,1.3679515879714852,0.8581437149092307
3780,flag_nested,0.24684562660007417,True,0.5993152253189591,0.4277951185516614
3794,market_1,0.13105517585378654,True,0.05514838249933514,0.05200543113718722
3794,block_2_3,0.1548135351569357,True,0.4140244700208876,0.4008877068613451
3794,block_4_6,0.1471456669596597,True,1.3714687296380073,0.7755496085950022
3794,top_3,0.15584887790985624,True,0.41728447707468674,0.4034693584684234
3794,top_6,0.20895176136303778,True,1.384294627529698,0.7867658819394915
3794,flag_nested,0.19062123740115156,True,0.6168160652328931,0.40016725433174744
3808,market_1,0.06082044578267805,True,0.05600937757205687,0.050513656723901484
3808,block_2_3,0.08376873881212002,True,0.33009270229262233,0.4274576454390085
3808,block_4_6,0.19494863955247646,True,0.9167979487333097,0.8653558916583769
3808,top_3,0.08339242806695742,True,0.33426636913370716,0.42977350971108613
3808,top_6,0.1939947883952493,True,0.9738449010635953,0.9050339220037116
3808,flag_nested,0.16368984532987801,True,0.4454705760300529,0.447922373551845
3822,market_1,-0.022070342776461235,False,0.049163182526544946,0.05881247416125893
3822,block_2_3,0.23127070196447264,True,0.41411437362230435,0.6391324569738044
3822,block_4_6,-0.12289989605062386,False,0.8025938390294636,1.1500378212435027
3822,top_3,0.22842607144891477,True,0.4166168708806298,0.6418102065655502
3822,top_6,-0.13375170045829296,False,0.8581437149092307,1.070332770291355
3822,flag_nested,-0.0007282152412640831,False,0.42779511855166136,0.5759349448743911
3836,market_1,-0.12883753143571647,False,0.05200543113718719,0.06605659683670194
3836,block_2_3,0.08177652241865845,True,0.40088770686134495,0.5883253230009513
3836,block_4_6,0.09913964900894662,True,0.7755496085950024,0.880327226376583
3836,top_3,0.07946385202641257,True,0.40346935846842336,0.5920002620020166
3836,top_6,0.14288184957674327,True,0.7867658819394914,0.7849815463697624
3836,flag_nested,0.10875073294928275,True,0.4001672543317474,0.47316408226531304
3850,market_1,0.11498982166003627,True,0.050513656723901505,0.05938579498621883
3850,block_2_3,0.16560512430699423,True,0.42745764543900844,0.43148719090149584
3850,block_4_6,0.26854622535235834,True,0.8653558916583769,0.6757508992698228
3850,top_3,0.16700768849513442,True,0.42977350971108613,0.43532398444750703
3850,top_6,0.20395957299733786,True,0.905033922003712,0.7230117740425576
3850,flag_nested,0.18786793788813408,True,0.44792237355184517,0.3921989299984436
3864,market_1,0.3861771124062539,True,0.05881247416125897,0.04430367837897408
3864,block_2_3,-0.42658671143718996,False,0.6391324569738046,0.4270636894143747
3864,block_4_6,-0.07983032285170151,False,1.1500378212435025,0.7030589119120918
3864,top_3,-0.41923393221854427,False,0.6418102065655501,0.4291189386299364
3864,top_6,0.03709841444350663,True,1.070332770291355,0.6846194931159513
3864,flag_nested,-0.15211419711575752,False,0.5759349448743911,0.3761132083215446
3878,market_1,0.1920567752965483,True,0.06605659683670195,0.045880854271738644
3878,block_2_3,-0.3903637128908228,False,0.5883253230009513,0.4026937457719027
3878,block_4_6,0.018652602013173026,True,0.8803272263765826,0.7871310992939325
3878,top_3,-0.38328246193852317,False,0.5920002620020167,0.40439650507054203
3878,top_6,0.15342550860641077,True,0.7849815463697626,0.78794741493675
3878,flag_nested,-0.07494138817369109,False,0.47316408226531315,0.40011758939597414
3892,market_1,0.05279509156161658,True,0.05938579498621878,0.04531718400964438
3892,block_2_3,0.20125824564578104,True,0.43148719090149606,0.28834352183059847
3892,block_4_6,0.20576445823301887,True,0.6757508992698227,0.7846763862552063
3892,top_3,0.2021135585970522,True,0.43532398444750725,0.2906112737487495
3892,top_6,0.21651714866581187,True,0.7230117740425578,0.8089610970420741
3892,flag_nested,0.20340395108481374,True,0.3921989299984437,0.37319560652706896
3906,market_1,0.3068400664889477,True,0.04430367837897407,0.046149491267569495
3906,block_2_3,0.26816395634777673,True,0.4270636894143747,0.32518998090642814
3906,block_4_6,0.15753654089466396,True,0.7030589119120919,0.8667347127985668
3906,top_3,0.2673959564861198,True,0.42911893862993616,0.3272589062203572
3906,top_6,0.17677233132406617,True,0.684619493115951,0.8990560145228342
3906,flag_nested,0.2002059063880851,True,0.3761132083215445,0.4153867984413854
3920,market_1,0.31674613614282154,True,0.04588085427173865,0.04762722213632074
3920,block_2_3,-0.11682422724000553,False,0.40269374577190276,0.6749134602146131
3920,block_4_6,0.22569137742965314,True,0.7871310992939325,0.9858669293910162
3920,top_3,-0.1169592532310474,False,0.40439650507054203,0.6757203545054528
3920,top_6,0.3534242469944409,True,0.7879474149367499,0.8446236423702611
3920,flag_nested,0.139773642104868,True,0.400117589395974,0.5228440184808613
3934,market_1,0.2556870684246145,True,0.04531718400964439,0.04718107924008078
3934,block_2_3,0.032881002835840493,True,0.2883435218305985,0.933461994645729
3934,block_4_6,0.23704902098848177,True,0.7846763862552066,1.1574224000820421
3934,top_3,0.032181155963788094,True,0.2906112737487497,0.9342787366036677
3934,top_6,0.3072266183858326,True,0.8089610970420742,0.8260888115010103
3934,flag_nested,0.15826805174061645,True,0.373195606527069,0.637904455392315
3948,market_1,0.12665663627507265,True,0.04614949126756949,0.046638128066721025
3948,block_2_3,0.2521703796604881,True,0.32518998090642837,1.0764143087214957
3948,block_4_6,0.13866101623835952,True,0.8667347127985671,1.241515295366989
3948,top_3,0.24997812166933941,True,0.3272589062203574,1.0773032731756436
3948,top_6,0.14743991532728615,True,0.899056014522834,0.7265824477872612
3948,flag_nested,0.15929903765294784,True,0.4153867984413853,0.6906684477325629
3962,market_1,0.17641486116366484,True,0.04762722213632074,0.046271532812291946
3962,block_2_3,0.6517706626927049,True,0.6749134602146127,0.6175684192427272
3962,block_4_6,-0.009081602347901414,False,0.9858669293910166,1.1152831880413017
3962,top_3,0.649735827450619,True,0.6757203545054525,0.6192069058387218
3962,top_6,-0.24370287022381273,False,0.8446236423702612,1.0030375801666174
3962,flag_nested,0.1984203069366448,True,0.5228440184808612,0.5455524875750613
3976,market_1,0.5212408861494074,True,0.047181079240080775,0.056539792141913334
3976,block_2_3,-0.2822232331486154,False,0.9334619946457284,0.29321554044286796
3976,block_4_6,-0.22361448912137333,False,1.1574224000820417,1.3100795111589654
3976,top_3,-0.2770982024393308,False,0.9342787366036676,0.29614588768739913
3976,top_6,-0.23538290217686383,False,0.8260888115010095,1.3230301547546288
3976,flag_nested,-0.1845904456533222,False,0.6379044553923147,0.5693554912575969
3990,market_1,0.4383867871521725,True,0.046638128066721046,0.052402824307973904
3990,block_2_3,-0.6541978982649895,False,1.0764143087214957,0.3229861081921971
3990,block_4_6,-0.08535847040538878,False,1.2415152953669888,1.2808351885704623
3990,top_3,-0.6459754020996752,False,1.077303273175643,0.32547961518717006
3990,top_6,0.1046611949954878,True,0.7265824477872613,1.2732539907477618
3990,flag_nested,-0.1520165565881519,False,0.6906684477325625,0.5552065712766424
4004,market_1,0.2610682769326443,True,0.04627153281229193,0.05847424122142016
4004,block_2_3,-0.2165413945789016,False,0.6175684192427277,0.22877439153994028
4004,block_4_6,0.2674358475297811,True,1.1152831880413017,0.8304550958270445
4004,top_3,-0.20930044644523457,False,0.6192069058387227,0.23201672752245034
4004,top_6,0.29268002507431007,True,1.003037580166617,0.8492308677912433
4004,flag_nested,0.15704049344442178,True,0.5455524875750616,0.37624726174605955
4018,market_1,0.32615023394782383,True,0.05653979214191331,0.057609628922220976
4018,block_2_3,-0.19627539190983134,False,0.29321554044286796,0.25218372594953875
4018,block_4_6,0.21892623685870657,True,1.3100795111589651,0.5958826312207067
4018,top_3,-0.19383213391064497,False,0.296145887687399,0.2561988934467362
4018,top_6,0.22452647895926503,True,1.3230301547546288,0.6107659991508272
4018,flag_nested,0.15686163879720091,True,0.569355491257597,0.2955853141911002
4032,market_1,0.2349943370264834,True,0.05240282430797388,0.056728123387336744
4032,block_2_3,-0.34600706551946053,False,0.3229861081921973,0.2839990140173094
4032,block_4_6,-0.5399602146704034,False,1.2808351885704627,1.5837548630818838
4032,top_3,-0.34126474500167947,False,0.3254796151871703,0.2882032492231425
4032,top_6,-0.5304075393836475,False,1.2732539907477605,1.5903676793556198
4032,flag_nested,-0.5060284074913518,False,0.5552065712766419,0.6726440441970808
4046,market_1,0.18309961367080502,True,0.05847424122142018,0.04551465860094316
4046,block_2_3,-0.05044685960010237,False,0.22877439153994023,0.29634507786773817
4046,block_4_6,0.38832460793252016,True,0.8304550958270447,1.471770737360918
4046,top_3,-0.04143011995959212,False,0.23201672752245026,0.29976585923562366
4046,top_6,0.38400991672747226,True,0.8492308677912431,1.4817719785249168
4046,flag_nested,0.3373205117330534,True,0.37624726174605944,0.6308455756566672
4060,market_1,0.0033055856156142004,True,0.05760962892222099,0.05364644884035219
4060,block_2_3,0.3068626929858407,True,0.25218372594953875,0.37764228917005505
4060,block_4_6,0.10734301029054333,True,0.5958826312207072,1.389774240016487
4060,top_3,0.30806549006581163,True,0.2561988934467362,0.3801191816216082
4060,top_6,0.06343172228245064,True,0.6107659991508273,1.4048389013186777
4060,flag_nested,0.10472708017395026,True,0.2955853141911002,0.6164172250419779
4074,market_1,0.026853834213564784,True,0.05672812338733676,0.05390227165004754
4074,block_2_3,0.4422534556038548,True,0.28399901401730937,0.3719994767521726
4074,block_4_6,0.4107648350027195,True,1.5837548630818838,1.0158169359187996
4074,top_3,0.4311255184328336,True,0.2882032492231426,0.37578801948327095
4074,top_6,0.3856855740005444,True,1.5903676793556194,1.0130828267942953
4074,flag_nested,0.3769750403517866,True,0.6726440441970807,0.47014232144001744
4088,market_1,0.05546490161173364,True,0.04551465860094318,0.06351190405478521
4088,block_2_3,0.2987722507138032,True,0.296345077867738,0.40617839389239324
4088,block_4_6,0.04640838708269762,True,1.4717707373609188,0.7744767898431103
4088,top_3,0.2954403329485525,True,0.2997658592356235,0.40925133620395304
4088,top_6,0.02742078435286604,True,1.4817719785249164,0.7362271293427833
4088,flag_nested,0.07046318642856546,True,0.6308455756566673,0.3875577957091783
4102,market_1,-0.16054182253124102,False,0.0536464488403522,0.07191308701105097
4102,block_2_3,0.49365481942063544,True,0.37764228917005505,0.36487640941067434
4102,block_4_6,0.28338446454946575,True,1.3897742400164863,1.2409436295192722
4102,top_3,0.49821796803557,True,0.38011918162160835,0.3662312185668743
4102,top_6,0.24423903088555413,True,1.4048389013186762,1.2473356192772096
4102,flag_nested,0.2737514429187174,True,0.6164172250419775,0.5560464175055246
4116,market_1,0.25425210568576295,True,0.05390227165004753,0.05567381225801105
4116,block_2_3,0.3126072166562132,True,0.3719994767521724,0.3375219053088236
4116,block_4_6,0.3948823423840367,True,1.0158169359187996,1.4218107045413202
4116,top_3,0.31179414894391116,True,0.3757880194832706,0.34136853763419817
4116,top_6,0.34874216437217676,True,1.013082826794296,1.4219654485472668
4116,flag_nested,0.33801981062091635,True,0.4701423214400175,0.6155821274835841
4130,market_1,0.026856662343494046,True,0.0635119040547852,0.05831827605730242
4130,block_2_3,0.19132504626321883,True,0.4061783938923933,0.34924522863850244
4130,block_4_6,0.10518489234700522,True,0.7744767898431099,1.470708724468295
4130,top_3,0.19503216772582493,True,0.409251336203953,0.35216013365795
4130,top_6,0.06961492513980908,True,0.7362271293427836,1.4777849598515684
4130,flag_nested,0.08916493247786406,True,0.38755779570917825,0.6393079637354295
4144,market_1,-0.28441035295511896,False,0.07191308701105095,0.06640208612026126
4144,block_2_3,0.29533941637679173,True,0.36487640941067445,0.31063767644070195
4144,block_4_6,0.4430104666840797,True,1.2409436295192717,1.2041707897061655
4144,top_3,0.3023823389520278,True,0.3662312185668744,0.31341989650610635
4144,top_6,0.45020349679066657,True,1.2473356192772096,1.2234611765250631
4144,flag_nested,0.41894637614002433,True,0.5560464175055246,0.5353778627851896
4158,market_1,0.08766142323202572,True,0.05567381225801104,0.05647415464403398
4158,block_2_3,0.3965856059849193,True,0.33752190530882387,0.3211361178338846
4158,block_4_6,-0.0068955154210038495,False,1.4218107045413197,0.6863088782868482
4158,top_3,0.3911265141530515,True,0.3413685376341982,0.32376710656851904
4158,top_6,-0.0020422246019914944,False,1.4219654485472653,0.7122562493358674
4158,flag_nested,0.0665099951084385,True,0.6155821274835834,0.35026067058836063
4172,market_1,0.2597175471941453,True,0.058318276057302415,0.05455180921490957
4172,block_2_3,0.3318035406163318,True,0.34924522863850266,0.30786823258035034
4172,block_4_6,-0.13089362231733245,False,1.4707087244682933,1.0294611642790585
4172,top_3,0.32186710417796754,True,0.35216013365794996,0.3106387202735846
4172,top_6,-0.10761924077175787,False,1.477784959851568,1.0527774712821385
4172,flag_nested,-0.05117990549346991,False,0.6393079637354292,0.4688974003690918
4186,market_1,0.2524453560158283,True,0.06640208612026123,0.057939103439721445
4186,block_2_3,0.2924791897772803,True,0.3106376764407017,0.29651417958465337
4186,block_4_6,-0.056395746794716484,False,1.2041707897061644,0.8448198841963841
4186,top_3,0.27825678551999694,True,0.31341989650610635,0.3002873332301974
4186,top_6,-0.04444701030504383,False,1.2234611765250623,0.8853370841780352
4186,flag_nested,0.007732306366892858,True,0.5353778627851893,0.40503258220013716
4200,market_1,0.22164944785521273,True,0.056474154644034,0.06337313054323732
4200,block_2_3,0.17753789814501073,True,0.3211361178338845,0.2689855665328967
4200,block_4_6,0.03269541928051793,True,0.6863088782868482,1.0560897604532733
4200,top_3,0.16881341116161164,True,0.3237671065685189,0.27439688531137474
4200,top_6,0.0403794552194119,True,0.7122562493358671,1.0719876397332948
4200,flag_nested,0.06643900224542258,True,0.35026067058836047,0.46972362851773963
4214,market_1,0.23394955516969448,True,0.054551809214909576,0.06941519140950095
4214,block_2_3,0.1042687938666492,True,0.30786823258035056,0.2924157559358878
4214,block_4_6,-0.311452170121853,False,1.029461164279059,1.3254352127094473
4214,top_3,0.10085156825241533,True,0.31063872027358463,0.29705246461845347
4214,top_6,-0.30641666503680837,False,1.0527774712821383,1.341777837717753
4214,flag_nested,-0.2513851387955028,False,0.46889740036909167,0.5781808990348998
4228,market_1,0.3378671124372184,True,0.05793910343972145,0.06836476990339951
4228,block_2_3,0.0821671382317834,True,0.2965141795846535,0.3139156643740605
4228,block_4_6,0.49840265808428047,True,0.8448198841963841,1.6436810514729423
4228,top_3,0.08429375252189499,True,0.3002873332301976,0.3191464685103488
4228,top_6,0.4708157385437687,True,0.8853370841780357,1.6514279736278168
4228,flag_nested,0.41752369635746034,True,0.4050325822001374,0.7022541965448835
4242,market_1,0.24805530300295017,True,0.0633731305432373,0.06897750368615943
4242,block_2_3,0.23217578792636795,True,0.26898556653289674,0.3440741149014207
4242,block_4_6,-0.16342228775247317,False,1.056089760453273,1.5935038887836686
4242,top_3,0.22684060797993752,True,0.2743968853113748,0.34921836345075813
4242,top_6,-0.15867975412135488,False,1.0719876397332944,1.619104051045803
4242,flag_nested,-0.11517449016583488,False,0.46972362851773947,0.6944964884653277
4256,market_1,0.10162010778102415,True,0.06941519140950096,0.07987486823484
4256,block_2_3,0.35348687014497343,True,0.2924157559358876,0.286800405158035
4256,block_4_6,0.4503647757314984,True,1.325435212709447,1.3411987846526956
4256,top_3,0.33706497275811254,True,0.2970524646184533,0.29309220092555166
4256,top_6,0.43552390818478165,True,1.3417778377177534,1.3645578241454537
4256,flag_nested,0.4215943330519254,True,0.5781808990348999,0.5876654517915985
4270,market_1,0.3419898780042655,True,0.06836476990339949,0.07238061754262722
4270,block_2_3,0.3548019048446187,True,0.3139156643740604,0.2557466495948234
4270,block_4_6,-0.43384046312487123,False,1.6436810514729427,0.7866942049178803
4270,top_3,0.34452956339897817,True,0.31914646851034856,0.26209452599789546
4270,top_6,-0.42573912428870203,False,1.6514279736278181,0.8100132952519393
4270,flag_nested,-0.32112341174462483,False,0.702254196544884,0.3707969665410216
4284,market_1,0.07333413634761222,True,0.06897750368615943,0.08189094723360936
4284,block_2_3,0.34367621621010097,True,0.34407411490142065,0.216902923872595
4284,block_4_6,-0.4518171676588776,False,1.5935038887836688,1.4073559843804244
4284,top_3,0.3178366670313081,True,0.34921836345075785,0.22715324452936364
4284,top_6,-0.4487077076808173,False,1.6191040510458012,1.4112535112865567
4284,flag_nested,-0.3911832500762662,False,0.694496488465327,0.5965275111778131
4298,market_1,0.20155989459108176,True,0.07987486823483998,0.06876292501986302
4298,block_2_3,0.1635847469527927,True,0.28680040515803495,0.22272208735057908
4298,block_4_6,-0.02663777610360632,False,1.3411987846526972,0.9513474323961146
4298,top_3,0.15860910284522456,True,0.2930922009255516,0.2321392397186168
4298,top_6,-0.026823178776777264,False,1.3645578241454546,0.9717446543807982
4298,flag_nested,-0.0049071275719109325,False,0.5876654517915988,0.4243494954428593
4312,market_1,0.21583895302829048,True,0.07238061754262722,0.07033936558048981
4312,block_2_3,0.0808330011171841,True,0.2557466495948235,0.2466400073166497
4312,block_4_6,-0.1476295846326626,False,0.7866942049178801,1.1928884326280969
4312,top_3,0.08361160443214,True,0.26209452599789534,0.2534016324565537
4312,top_6,-0.13438016403170144,False,0.8100132952519391,1.2122316302266782
4312,flag_nested,-0.0985994789275225,False,0.3707969665410215,0.5208352359570982
4326,market_1,0.1538490935109229,True,0.08189094723360935,0.0629609050189123
4326,block_2_3,0.101539172368851,True,0.21690292387259508,0.25049057050272205
4326,block_4_6,0.7340639962430177,True,1.4073559843804233,1.1775925031553434
4326,top_3,0.10440855316545312,True,0.22715324452936372,0.25774859778748316
4326,top_6,0.7208501233179763,True,1.4112535112865563,1.2000458273775425
4326,flag_nested,0.6703818641333879,True,0.5965275111778131,0.5158751658579623
4340,market_1,0.299402454837693,True,0.068762925019863,0.060011721491758326
4340,block_2_3,0.015707320874703456,True,0.22272208735057905,0.2789406524088375
4340,block_4_6,-0.6143914262150011,False,0.9513474323961143,1.5570138623827836
4340,top_3,0.02499971615706944,True,0.23213923971861694,0.2841408461296531
4340,top_6,-0.5912451012465485,False,0.9717446543807975,1.5712489693550231
4340,flag_nested,-0.5269905431398831,False,0.42434949544285905,0.6648187478398654
4354,market_1,-0.014805774056779216,False,0.07033936558048987,0.05790193785170831
4354,block_2_3,0.24882486439117588,True,0.2466400073166496,0.3163933841853595
4354,block_4_6,0.5322490559981383,True,1.1928884326280973,1.5787097084370132
4354,top_3,0.24015613172903455,True,0.25340163245655356,0.32080380116625856
4354,top_6,0.5089018526669348,True,1.2122316302266782,1.5838032562721853
4354,flag_nested,0.48148031517209167,True,0.5208352359570982,0.6750776151309957
4368,market_1,0.022797260625079828,True,0.06296090501891233,0.05849195159662029
4368,block_2_3,0.3147938105385552,True,0.25049057050272194,0.3907962154661391
4368,block_4_6,-0.37826661614992363,False,1.177592503155344,1.617416353639475
4368,top_3,0.30420325351938643,True,0.25774859778748305,0.39370074785285536
4368,top_6,-0.3534686168921707,False,1.2000458273775425,1.631242661876207
4368,flag_nested,-0.28811605311142613,False,0.5158751658579623,0.7061020972038743
4382,market_1,-0.03374879892460101,False,0.06001172149175833,0.06694915686082444
4382,block_2_3,0.3225360278874242,True,0.27894065240883753,0.36189967555415903
4382,block_4_6,0.19605435427735393,True,1.557013862382783,0.8706600740485054
4382,top_3,0.3071712744255945,True,0.2841408461296532,0.36734473188196265
4382,top_6,0.21042664175084133,True,1.5712489693550238,0.8933155275267781
4382,flag_nested,0.21049895523126969,True,0.6648187478398656,0.4271592352252962
4396,market_1,0.07505902240432133,True,0.05790193785170828,0.06501839279080536
4396,block_2_3,0.254577030185168,True,0.31639338418535967,0.2896445655459588
4396,block_4_6,0.2548790105895574,True,1.5787097084370134,0.8726886352306326
4396,top_3,0.25140389699853644,True,0.32080380116625873,0.29488933381467597
4396,top_6,0.22391262706124762,True,1.583803256272185,0.8830576241870777
4396,flag_nested,0.22150289962949926,True,0.6750776151309957,0.40395431970229206
4410,market_1,0.24267483181655147,True,0.058491951596620274,0.07640224621893074
4410,block_2_3,0.005128643681741168,True,0.39079621546613913,0.26780248109828925
4410,block_4_6,-0.2548652594113014,False,1.6174163536394754,0.9685576481802999
4410,top_3,0.0028848218635253832,True,0.3937007478528554,0.27364163603118097
4410,top_6,-0.24512089902400055,False,1.6312426618762073,0.9804011298038068
4410,flag_nested,-0.2078753389307514,False,0.7061020972038743,0.43702968713502216
4424,market_1,0.22537980880768085,True,0.06694915686082442,0.06936282989039146
4424,block_2_3,0.031553421314911435,True,0.36189967555415886,0.2636729489588585
4424,block_4_6,0.07346308422346592,True,0.8706600740485048,0.6884058143664904
4424,top_3,0.03609280380546919,True,0.36734473188196265,0.27012620747113625
4424,top_6,0.025582928954982473,True,0.893315527526778,0.7083507083922108
4424,flag_nested,0.03442916596309132,True,0.42715923522529614,0.3357986189736456
4438,market_1,0.3749288394245342,True,0.06501839279080535,0.06676930785079153
4438,block_2_3,0.048022490957784804,True,0.28964456554595863,0.2850125984338604
4438,block_4_6,-0.08710830872768323,False,0.8726886352306326,0.6654038910313268
4438,top_3,0.04812907023503887,True,0.2948893338146758,0.2893776084501722
4438,top_6,-0.10438875722758387,False,0.8830576241870768,0.694614841789989
4438,flag_nested,-0.05657469783384397,False,0.40395431970229173,0.33583662243340295
4452,market_1,0.145398187269081,True,0.07640224621893071,0.06477387313246331
4452,block_2_3,0.1890786197651379,True,0.26780248109828925,0.22036405884096016
4452,block_4_6,-0.24779119760229623,False,0.9685576481802999,0.6797036280820657
4452,top_3,0.1790758484136801,True,0.27364163603118064,0.22921650356159604
4452,top_6,-0.22130038326194498,False,0.980401129803807,0.7128204326398367
4452,flag_nested,-0.14950661304429735,False,0.43702968713502216,0.32618177653018704
4466,market_1,0.21794765116997053,True,0.06936282989039146,0.059103183018943295
4466,block_2_3,0.29750915275908774,True,0.2636729489588585,0.25382256108517065
4466,block_4_6,0.05291496159753199,True,0.6884058143664904,0.5940391285801151
4466,top_3,0.28696096227277573,True,0.2701262074711362,0.2575777219916135
4466,top_6,0.057436196457370865,True,0.7083507083922109,0.6292703005513779
4466,flag_nested,0.11625918095551721,True,0.33579861897364566,0.30266394850466954
4480,market_1,0.15775323712095576,True,0.06676930785079153,0.053448298872093875
4480,block_2_3,0.18916473594261404,True,0.28501259843386045,0.27097214380591533
4480,block_4_6,-0.14897251452242696,False,0.6654038910313271,0.7415151854751055
4480,top_3,0.18167203849402958,True,0.28937760845017224,0.2755799346438776
4480,top_6,-0.1257273616190407,False,0.6946148417899889,0.7568304193660511
4480,flag_nested,-0.04762344631051644,False,0.33583662243340295,0.35162034647906937
4494,market_1,0.11046091816758447,True,0.06477387313246333,0.05170811561658801
4494,block_2_3,0.22639784840814858,True,0.22036405884096022,0.28824991876782735
4494,block_4_6,-0.07903500274335756,False,0.679703628082066,0.8029710342024345
4494,top_3,0.21892202087567392,True,0.229216503561596,0.29282922288347946
4494,top_6,-0.07414401189672078,False,0.712820432639837,0.8116434767636558
4494,flag_nested,-0.015357396188755805,False,0.3261817765301871,0.3755674409578548
4508,market_1,0.2532695475116532,True,0.05910318301894328,0.06151014147837435
4508,block_2_3,0.3530957431646249,True,0.2538225610851706,0.21776405214421496
4508,block_4_6,-0.1034271848814659,False,0.5940391285801152,0.9432890875873049
4508,top_3,0.3417331000031143,True,0.2575777219916135,0.2238644097708438
4508,top_6,-0.08688628145716999,False,0.6292703005513777,0.9554424884837529
4508,flag_nested,-0.009680149085512747,False,0.3026639485046695,0.41549205402595857
4522,market_1,0.2803985301431803,True,0.05344829887209391,0.06629439687939437
4522,block_2_3,0.2543420620707412,True,0.27097214380591517,0.18817813186575028
4522,block_4_6,0.1582300208426946,True,0.7415151854751055,0.6962643732332449
4522,top_3,0.2498298824468253,True,0.2755799346438776,0.19150472568077376
4522,top_6,0.15014812825622453,True,0.7568304193660507,0.7139606771395103
4522,flag_nested,0.16874552855847158,True,0.3516203464790692,0.3187103310644481
4536,market_1,0.1508111861293482,True,0.05170811561658802,0.07830669282585502
4536,block_2_3,0.10375723610086818,True,0.2882499187678273,0.1950937227042344
4536,block_4_6,-0.110048185513495,False,0.802971034202434,0.7789143849611172
4536,top_3,0.10795741695256221,True,0.2928292228834793,0.19514027549349194
4536,top_6,-0.11262358030376185,False,0.8116434767636556,0.800066575147223
4536,flag_nested,-0.07156565396757493,False,0.3755674409578547,0.35427334262193083
4550,market_1,0.2904221395149172,True,0.06151014147837438,0.0698325438292066
4550,block_2_3,0.03333065516318336,True,0.21776405214421501,0.21488706048506606
4550,block_4_6,-0.22154946493174754,False,0.9432890875873049,0.6685161112766025
4550,top_3,0.02557100781092204,True,0.223864409770844,0.21998132958460162
4550,top_6,-0.2057247102462509,False,0.9554424884837524,0.700674287606724
4550,flag_nested,-0.15976501050109918,False,0.41549205402595846,0.3206731287751743
4564,market_1,0.4577088408642485,True,0.06629439687939433,0.06550692271835076
4564,block_2_3,0.07160883455783458,True,0.18817813186575025,0.2362238770867341
4564,block_4_6,0.2756161506293212,True,0.6962643732332451,1.0765446021906604
4564,top_3,0.06698534668090211,True,0.19150472568077362,0.24210829189169983
4564,top_6,0.26936828735948287,True,0.7139606771395098,1.100155032873926
4564,flag_nested,0.2529429202889075,True,0.31871033106444796,0.4749247112100033
4578,market_1,0.20119081911356473,True,0.07830669282585499,0.06145513213244129
4578,block_2_3,0.11222504751705469,True,0.19509372270423447,0.2163955536022943
4578,block_4_6,0.1400095201940511,True,0.778914384961117,1.0696122169095166
4578,top_3,0.11909626514047676,True,0.19514027549349203,0.2248021830657651
4578,top_6,0.14242117796183418,True,0.8000665751472223,1.0876062953671124
4578,flag_nested,0.14132507530671815,True,0.35427334262193055,0.466658314747335
4592,market_1,0.31073140905914914,True,0.0698325438292066,0.06496964032538118
4592,block_2_3,0.08549672861306927,True,0.2148870604850661,0.23813564378778235
4592,block_4_6,0.36176762180205874,True,0.6685161112766024,1.2580377613405753
4592,top_3,0.08970427453323149,True,0.21998132958460154,0.24587816273379154
4592,top_6,0.3457807783131123,True,0.7006742876067246,1.2785498794919623
4592,flag_nested,0.3128375646636584,True,0.3206731287751744,0.5448131577509941
4606,market_1,0.30337721633180925,True,0.06550692271835076,0.06068950060008647
4606,block_2_3,0.1298669537747321,True,0.23622387708673412,0.22797074659574904
4606,block_4_6,0.034079096324043,True,1.0765446021906606,1.4194701944411285
4606,top_3,0.12712647412299788,True,0.24210829189169986,0.23476271070645913
4606,top_6,0.03967859450680272,True,1.1001550328739256,1.434914403407963
4606,flag_nested,0.0489674513952689,True,0.4749247112100032,0.6043323724963837
4620,market_1,0.2036533280611362,True,0.06145513213244131,0.05974822411937327
4620,block_2_3,0.13503666505442144,True,0.2163955536022942,0.23135283090261452
4620,block_4_6,-0.04123846188718643,False,1.069612216909516,1.0896832671285077
4620,top_3,0.13601522096679072,True,0.22480218306576502,0.2366515434722839
4620,top_6,-0.02743621012662489,False,1.087606295367112,1.1006575014418118
4620,flag_nested,-0.010474239051265481,False,0.46665831474733477,0.47344023615240566
4634,market_1,0.10444225750756496,True,0.06496964032538116,0.059344811306140485
4634,block_2_3,0.1617609195941441,True,0.23813564378778238,0.2644107064675335
4634,block_4_6,-0.238864886573322,False,1.258037761340574,1.0836825431243968
4634,top_3,0.15374356698924824,True,0.24587816273379148,0.27065327655575233
4634,top_6,-0.21973924907485337,False,1.2785498794919612,1.1044852565789245
4634,flag_nested,-0.18284330849128524,False,0.5448131577509936,0.4808889189121036
4648,market_1,0.0809475407724088,True,0.06068950060008645,0.05436170032507554
4648,block_2_3,0.27494733994686993,True,0.22797074659574904,0.2499983201093206
4648,block_4_6,-0.02635870838513191,False,1.4194701944411292,1.033836073662962
4648,top_3,0.26633214295582847,True,0.23476271070645907,0.25572238924512825
4648,top_6,-0.013635448808557752,False,1.4349144034079628,1.0586496784902626
4648,flag_nested,0.007715355961169257,True,0.6043323724963836,0.4599380735967634
4662,market_1,0.02229397576453379,True,0.05974822411937328,0.06538866790756086
4662,block_2_3,0.19576167326406418,True,0.23135283090261435,0.31887780626220413
4662,block_4_6,0.1395818816818145,True,1.0896832671285082,0.7904454210205457
4662,top_3,0.1916926920421356,True,0.23665154347228365,0.32547495980724367
4662,top_6,0.15397877842698182,True,1.1006575014418114,0.8466163664649622
4662,flag_nested,0.15318238550721613,True,0.47344023615240544,0.3988068116757245
4676,market_1,0.24888405454712417,True,0.059344811306140464,0.05666612880614156
4676,block_2_3,0.036418227383808136,True,0.26441070646753356,0.41583606315151794
4676,block_4_6,0.31994655998463695,True,1.0836825431243968,0.8908008836820899
4676,top_3,0.04189331212659138,True,0.2706532765557523,0.41950328642598433
4676,top_6,0.32163974386760286,True,1.1044852565789258,0.9477375098293066
4676,flag_nested,0.2646348291022648,True,0.48088891891210406,0.4599707786198857
4690,market_1,0.38938111729764385,True,0.05436170032507552,0.06157322119964308
4690,block_2_3,0.36862380733460465,True,0.24999832010932066,0.466216264244987
4690,block_4_6,0.24174028387144067,True,1.0338360736629622,0.8549463253463532
4690,top_3,0.3708688194702192,True,0.2557223892451282,0.4689839242436572
4690,top_6,0.24797757347050223,True,1.0586496784902633,0.853599483641651
4690,flag_nested,0.2609404358416444,True,0.45993807359676353,0.4455841653164706
4704,market_1,0.24444216618290213,True,0.06538866790756087,0.07294563027733061
4704,block_2_3,0.26102372624856124,True,0.31887780626220447,0.5763950601777442
4704,block_4_6,0.14750588446582827,True,0.7904454210205458,0.9192661784586132
4704,top_3,0.26259426986525636,True,0.32547495980724395,0.576617299865362
4704,top_6,0.17443289506837453,True,0.8466163664649624,0.8585136320440415
4704,flag_nested,0.19862129295582617,True,0.3988068116757246,0.4888672395229669
4718,market_1,0.3626595077224977,True,0.056666128806141546,0.06820388741613419
4718,block_2_3,0.37167297617993,True,0.4158360631515178,0.48597564702113827
4718,block_4_6,0.004318707917824261,True,0.8908008836820905,0.7330270231453924
4718,top_3,0.370583568529047,True,0.41950328642598417,0.4879142779465995
4718,top_6,0.02351768372430899,True,0.9477375098293058,0.7420079061901269
4718,flag_nested,0.152674251805545,True,0.4599707786198854,0.4192467530482487
4732,market_1,0.2899145792497177,True,0.06157322119964313,0.06644091832658844
4732,block_2_3,0.09947838105136324,True,0.4662162642449866,0.4154494682927648
4732,block_4_6,-0.12306596423062914,False,0.8549463253463532,0.7942727907392536
4732,top_3,0.0980763618844841,True,0.46898392424365726,0.41785797139429837
4732,top_6,-0.08617451585090309,False,0.8535994836416502,0.8137603657275954
4732,flag_nested,-0.012863043116578593,False,0.44558416531647044,0.41591322715062984
4746,market_1,0.18298151055247694,True,0.07294563027733059,0.06346222799065661
4746,block_2_3,-0.01822658790839224,False,0.5763950601777441,0.3876961617210215
4746,block_4_6,-0.020552636910661597,False,0.919266178458613,0.6734788621338827
4746,top_3,-0.015675461964842992,False,0.5766172998653614,0.39120766674889074
4746,top_6,0.0002829708814402773,True,0.8585136320440419,0.698662327122281
4746,flag_nested,-0.0016799513250341288,False,0.4888672395229668,0.3693193402904348
4760,market_1,0.16266879949158708,True,0.06820388741613419,0.0632408974211831
4760,block_2_3,0.054834138193617515,True,0.48597564702113816,0.3068521362252036
4760,block_4_6,-0.05418380075001266,False,0.7330270231453926,0.7769728779739523
4760,top_3,0.062055983492789187,True,0.4879142779465993,0.31062073607009777
4760,top_6,-0.06946912852962979,False,0.7420079061901266,0.8189111090459212
4760,flag_nested,-0.019837121468504786,False,0.41924675304824854,0.38461720244768455
4774,market_1,-0.11427211907700717,False,0.06644091832658842,0.06250898039842263
4774,block_2_3,-0.1315441177528713,False,0.4154494682927648,0.3404936568036563
4774,block_4_6,-0.348657811267792,False,0.7942727907392537,0.9286822872590322
4774,top_3,-0.12454213645188521,False,0.4178579713942985,0.3418313950602819
4774,top_6,-0.2793717511789951,False,0.8137603657275951,0.966324634057092
4774,flag_nested,-0.23215997699512614,False,0.41591322715062984,0.4455193485259632
4788,market_1,-0.17609081866162501,False,0.06346222799065662,0.07793986562902334
4788,block_2_3,-0.10749016849596016,False,0.38769616172102167,0.42284188733047645
4788,block_4_6,-0.09889561157128482,False,0.6734788621338827,1.2740682119735967
4788,top_3,-0.10696204622626151,False,0.39120766674889096,0.4223903310824498
4788,top_6,-0.06394831105367595,False,0.6986623271222809,1.3260934268549704
4788,flag_nested,-0.07522310923790593,False,0.36931934029043484,0.5988598467445538
4802,market_1,-0.06891855647248693,False,0.06324089742118312,0.07798824310249283
4802,block_2_3,-0.02417707074490134,False,0.30685213622520335,0.43561888337006777
4802,block_4_6,0.3961163701661025,True,0.7769728779739523,1.2344261030611465
4802,top_3,-0.03235940674835902,False,0.31062073607009755,0.4385341135510587
4802,top_6,0.3768342778244207,True,0.8189111090459216,1.2941511655792843
4802,flag_nested,0.2848458248558294,True,0.38461720244768455,0.5910364587230817
4816,market_1,0.1867896299206156,True,0.06250898039842259,0.0769974694923806
4816,block_2_3,-0.014310440856173617,False,0.34049365680365634,0.47262863514654374
4816,block_4_6,0.17426412503386707,True,0.9286822872590318,1.2660742113908734
4816,top_3,-0.01829019590894018,False,0.3418313950602817,0.4776033750977099
4816,top_6,0.1972956746193521,True,0.9663246340570913,1.3110536661552257
4816,flag_nested,0.1536930339575341,True,0.445519348525963,0.6069930457039693
4830,market_1,0.20516367338981237,True,0.0779398656290233,0.07302943406176188
4830,block_2_3,0.19223545611161028,True,0.4228418873304766,0.3432656913132634
4830,block_4_6,-0.06145774593623123,False,1.2740682119735962,1.1123092156319434
4830,top_3,0.19297507820027862,True,0.4223903310824501,0.35080250682774794
4830,top_6,-0.01944007270160509,False,1.3260934268549704,1.1316150122559787
4830,flag_nested,0.01912365839773104,True,0.598859846744554,0.5096857075676883
4844,market_1,0.21034391575108216,True,0.0779882431024928,0.07294589759238804
4844,block_2_3,-0.039520173732310995,False,0.43561888337006777,0.42021684155025113
4844,block_4_6,-0.11843441630228478,False,1.2344261030611465,1.149851235060716
4844,top_3,-0.03171593318961259,False,0.43853411355105876,0.4261974772654212
4844,top_6,-0.0817796522066761,False,1.294151165579285,1.143867450781346
4844,flag_nested,-0.06654020333559761,False,0.591036458723082,0.5328614497949081
4858,market_1,0.3623474598994737,True,0.07699746949238065,0.06700374121260638
4858,block_2_3,-0.16346102292187073,False,0.4726286351465439,0.47722546731430987
4858,block_4_6,0.05889923575153122,True,1.2660742113908738,0.8770721433553407
4858,top_3,-0.154516686287665,False,0.47760337509771,0.4800509818440312
4858,top_6,0.06865119810244709,True,1.3110536661552268,0.8169399609739598
4858,flag_nested,0.008693087030928026,True,0.6069930457039697,0.4387911040943225
4872,market_1,0.5042595085990652,True,0.0730294340617619,0.06683608959081859
4872,block_2_3,0.3182754823203848,True,0.3432656913132635,0.5120468983190362
4872,block_4_6,-0.05764745274992118,False,1.1123092156319436,1.109616264219885
4872,top_3,0.3229450651152941,True,0.35080250682774805,0.5144601568297317
4872,top_6,-0.09648889730405173,False,1.131615012255978,1.0651025804652594
4872,flag_nested,0.009263490140443795,True,0.5096857075676882,0.5308145297677036
4886,market_1,0.4753944135611254,True,0.07294589759238805,0.05758492875173352
4886,block_2_3,0.5186543122596494,True,0.42021684155025135,0.47786529242149645
4886,block_4_6,-0.26785891325562394,False,1.149851235060715,1.3098833270576815
4886,top_3,0.5150247207586645,True,0.42619747726542134,0.4794482038536535
4886,top_6,-0.32314168304534596,False,1.1438674507813449,1.290986944082557
4886,flag_nested,-0.1332117210265355,False,0.5328614497949077,0.598092048972489
4900,market_1,0.556355131725141,True,0.06700374121260638,0.05434167946270184
4900,block_2_3,0.41817453222516343,True,0.4772254673143098,0.36182717063845715
4900,block_4_6,0.04874355934512058,True,0.8770721433553406,0.744054778465778
4900,top_3,0.4162698413059121,True,0.48005098184403133,0.3632541188855945
4900,top_6,-0.021296094932918157,False,0.8169399609739597,0.7901131909750088
4900,flag_nested,0.1403591390833346,True,0.43879110409432254,0.38856661228339645
4914,market_1,0.4326130918132004,True,0.06683608959081859,0.0572586884359255
4914,block_2_3,0.39965744193833996,True,0.5120468983190359,0.34248585726835373
4914,block_4_6,0.5896726257840966,True,1.1096162642198844,1.6080691292434197
4914,top_3,0.3948466178648115,True,0.5144601568297315,0.34382288790570353
4914,top_6,0.6116070939974151,True,1.0651025804652599,1.6214265078421504
4914,flag_nested,0.5460016312768566,True,0.5308145297677038,0.6934363250312702
4928,market_1,0.3898189487565401,True,0.05758492875173352,0.06185977650970032
4928,block_2_3,0.3179842844252994,True,0.4778652924214965,0.27947346515776905
4928,block_4_6,0.5342302937336848,True,1.3098833270576815,1.2812404679418963
4928,top_3,0.31116790218641693,True,0.4794482038536534,0.2822283381225951
4928,top_6,0.5529650161564277,True,1.2909869440825585,1.3013160981672671
4928,flag_nested,0.509119929590592,True,0.5980920489724897,0.5591197022592963
4942,market_1,0.4250339656039131,True,0.05434167946270181,0.06239895808442381
4942,block_2_3,0.38904442328787914,True,0.3618271706384572,0.2785383264105721
4942,block_4_6,0.23600432845896893,True,0.7440547784657776,1.4165368527626443
4942,top_3,0.3811686601598028,True,0.3632541188855945,0.2825730951285637
4942,top_6,0.2277783704914223,True,0.7901131909750091,1.428930009413325
4942,flag_nested,0.24234980853357999,True,0.3885666122833965,0.6089468859984379
4956,market_1,0.5879933705541392,True,0.057258688435925506,0.06012111151295024
4956,block_2_3,0.22989756575533662,True,0.34248585726835384,0.2788372201388569
4956,block_4_6,0.6106227877462713,True,1.6080691292434193,1.095014928263003
4956,top_3,0.22929282750861096,True,0.3438228879057035,0.2830748539468038
4956,top_6,0.5978829412768454,True,1.6214265078421508,1.1099556884061068
4956,flag_nested,0.5608564657870293,True,0.6934363250312704,0.4854468155552502
4970,market_1,0.42338390791635855,True,0.06185977650970028,0.05507961082560776
4970,block_2_3,0.24578078095102263,True,0.2794734651577689,0.23123242749510164
4970,block_4_6,-0.11793298592458917,False,1.2812404679418956,0.7891452184575813
4970,top_3,0.24912625536128047,True,0.2822283381225952,0.23715582907467364
4970,top_6,-0.10512212812844658,False,1.3013160981672658,0.8060684884499602
4970,flag_nested,-0.05642080002526551,False,0.5591197022592957,0.36065559836044814
4984,market_1,0.2264701416786001,True,0.062398958084423806,0.051985038769525066
4984,block_2_3,0.09824910431823214,True,0.27853832641057197,0.18089356041557675
4984,block_4_6,0.22287176033960626,True,1.4165368527626452,1.100956486282445
4984,top_3,0.11382460366450468,True,0.28257309512856366,0.18784986135951098
4984,top_6,0.22144056705326665,True,1.4289300094133253,1.114013823557182
4984,flag_nested,0.21468025607967908,True,0.608946885998438,0.47042828100878487
4998,market_1,0.30269777380538215,True,0.06012111151295024,0.05278149883312763
4998,block_2_3,0.029639704795599155,True,0.2788372201388569,0.18948167171853034
4998,block_4_6,-0.6387889642871069,False,1.0950149282630035,1.5920799152365137
4998,top_3,0.04438910257436789,True,0.2830748539468039,0.19645905011825868
4998,top_6,-0.620953621506838,False,1.1099556884061075,1.6020743884473363
4998,flag_nested,-0.5637873785319542,False,0.4854468155552505,0.6659016422090268
5012,market_1,0.142913185240055,True,0.055079610825607785,0.05577756893679343
5012,block_2_3,0.015389540983836601,True,0.2312324274951016,0.20404392564481602
5012,block_4_6,-0.006532621416219067,False,0.7891452184575812,0.7134619417147995
5012,top_3,0.021150463541824305,True,0.2371558290746737,0.21141238231306989
5012,top_6,0.009837846719940375,True,0.80606848844996,0.7308982447240121
5012,flag_nested,0.014903084949534419,True,0.36065559836044814,0.32717718393102374
5026,market_1,0.2760310046421272,True,0.05198503876952508,0.06405584430958795
5026,block_2_3,0.10472541618291858,True,0.18089356041557683,0.22640307893291103
5026,block_4_6,-0.3540749465303456,False,1.1009564862824448,0.9261339570815886
5026,top_3,0.11561766712807077,True,0.18784986135951104,0.2317794952449302
5026,top_6,-0.3383858463049129,False,1.114013823557181,0.9488177725922073
5026,flag_nested,-0.292189196667743,False,0.47042828100878453,0.4147926272167238
5040,market_1,0.2802802497879115,True,0.05278149883312761,0.06732130264620352
5040,block_2_3,0.08932405390808522,True,0.1894816717185303,0.28364413395069304
5040,block_4_6,0.03824007819035237,True,1.5920799152365128,1.1986513070685278
5040,top_3,0.09386847097240902,True,0.1964590501182586,0.28477524485015177
5040,top_6,0.04536037181087703,True,1.6020743884473359,1.212712330676633
5040,flag_nested,0.049775458875213445,True,0.6659016422090267,0.5260003206389976
5054,market_1,0.2153140569895237,True,0.05577756893679341,0.07876294222373639
5054,block_2_3,0.08474445148432004,True,0.20404392564481597,0.30872135766315634
5054,block_4_6,0.14128643087138426,True,0.7134619417147998,1.206191944185246
5054,top_3,0.08578919743411133,True,0.21141238231306989,0.30991335336249376
5054,top_6,0.13547628779231924,True,0.7308982447240117,1.2315874800583722
5054,flag_nested,0.13113153139086237,True,0.3271771839310236,0.5394629892506901
5068,market_1,0.29145481949071567,True,0.06405584430958795,0.06585713311331715
5068,block_2_3,0.04879804968148935,True,0.2264030789329111,0.2934349116577142
5068,block_4_6,0.2950175984498231,True,0.9261339570815885,1.0114069062192488
5068,top_3,0.04274080687722106,True,0.23177949524493027,0.2960065539186333
5068,top_6,0.2829040459394774,True,0.9488177725922075,1.0329217026174666
5068,flag_nested,0.2538938002698291,True,0.41479262721672383,0.45974448982653515
5082,market_1,0.2459148295232116,True,0.06732130264620353,0.05654662910797664
5082,block_2_3,0.14848465637976183,True,0.283644133950693,0.24113911107227223
5082,block_4_6,0.07054109434548073,True,1.198651307068528,0.5687863335017409
5082,top_3,0.1512462240224053,True,0.2847752448501516,0.24441113121886518
5082,top_6,0.055301222784460854,True,1.2127123306766334,0.6031849700830328
5082,flag_nested,0.07349329079870341,True,0.5260003206389976,0.2893932842581442
5096,market_1,0.07743560488693062,True,0.0787629422237364,0.07033398920019385
5096,block_2_3,0.21477868417649024,True,0.30872135766315634,0.2116301875252368
5096,block_4_6,-0.011732173374486139,False,1.2061919441852467,0.6451526760157045
5096,top_3,0.22650346060822202,True,0.30991335336249376,0.21319492071308063
5096,top_6,-0.022825767079228995,False,1.2315874800583724,0.6645447212004333
5096,flag_nested,0.013951641501318026,True,0.5394629892506901,0.3061059334968732
5110,market_1,0.14152192471764416,True,0.06585713311331715,0.061987021115149574
5110,block_2_3,0.18808276642904834,True,0.29343491165771407,0.20348670568781882
5110,block_4_6,0.08984583892007203,True,1.0114069062192488,0.5899587353164322
5110,top_3,0.1833218171182453,True,0.2960065539186331,0.2115719695585597
5110,top_6,0.0891923583058599,True,1.0329217026174662,0.6223683073137083
5110,flag_nested,0.10520220748778905,True,0.4597444898265349,0.2886526318589776
5124,market_1,0.24052280435326095,True,0.05654662910797662,0.07302380095192075
5124,block_2_3,0.19574373046127508,True,0.2411391110722723,0.2017866065481925
5124,block_4_6,-0.08282671199413236,False,0.5687863335017409,0.7831686712825331
5124,top_3,0.1946118791643184,True,0.24441113121886504,0.2086675569288935
5124,top_6,-0.05168653416100827,False,0.6031849700830327,0.8064436133855064
5124,flag_nested,0.0010737010159505608,True,0.2893932842581441,0.3581039079262732
5138,market_1,0.06097324884776431,True,0.07033398920019382,0.06807761643521631
5138,block_2_3,-0.056643296379896,False,0.21163018752523674,0.23271703356441836
5138,block_4_6,-0.10589238000060595,False,0.6451526760157045,0.8365340363128598
5138,top_3,-0.036593484319518574,False,0.2131949207130807,0.2348433738006568
5138,top_6,-0.08616256389367892,False,0.6645447212004333,0.8605962780255567
5138,flag_nested,-0.07282878338407944,False,0.3061059334968732,0.3826957332190927
5152,market_1,0.17271135392318163,True,0.06198702111514953,0.07320005976144398
5152,block_2_3,0.07299060159292309,True,0.20348670568781888,0.24163357010343917
5152,block_4_6,0.050843434414055304,True,0.5899587353164318,0.7183230766060854
5152,top_3,0.07232026552068893,True,0.21157196955855978,0.24249590765652287
5152,top_6,0.0616363229812811,True,0.6223683073137082,0.7502336020931855
5152,flag_nested,0.06852827970301786,True,0.2886526318589776,0.3446274511856999
5166,market_1,0.2750980191816733,True,0.07302380095192078,0.07855915511689622
5166,block_2_3,0.12664203189940587,True,0.20178660654819258,0.2592897277779593
5166,block_4_6,0.10124908742981717,True,0.7831686712825329,0.7331578859376114
5166,top_3,0.10405669118190776,True,0.20866755692889358,0.2585830916405176
5166,top_6,0.09476181521427235,True,0.8064436133855059,0.765529130477919
5166,flag_nested,0.1037891122761295,True,0.35810390792627306,0.3551512647898777
5180,market_1,0.491245301096057,True,0.06807761643521627,0.07848257356674956
5180,block_2_3,0.10493705859961357,True,0.23271703356441834,0.274570049563426
5180,block_4_6,0.1355761750016354,True,0.8365340363128597,0.736761483525339
5180,top_3,0.08143752937736241,True,0.23484337380065679,0.27655398083692445
5180,top_6,0.13728460885816335,True,0.8605962780255565,0.7541747841211606
5180,flag_nested,0.141368371097352,True,0.3826957332190926,0.3555982985897759
5194,market_1,0.4686977396224937,True,0.07320005976144399,0.08068837134750866
5194,block_2_3,0.13669100667197884,True,0.2416335701034392,0.2882614475155868
5194,block_4_6,0.0639080204241706,True,0.7183230766060852,0.7455524972311844
5194,top_3,0.11048983578360977,True,0.24249590765652282,0.2907841307495484
5194,top_6,0.055311358391531076,True,0.7502336020931856,0.7591498455846725
5194,flag_nested,0.08518862159410541,True,0.3446274511856999,0.36158977425323985
5208,market_1,0.511407661303734,True,0.0785591551168962,0.06326113514204894
5208,block_2_3,0.29026525752745436,True,0.25928972777795933,0.23597085214140623
5208,block_4_6,0.007809544518832917,True,0.7331578859376114,0.515638419824334
5208,top_3,0.2717764505205387,True,0.25858309164051757,0.24027407209135979
5208,top_6,-0.010622698700956201,False,0.765529130477919,0.5347571651940565
5208,flag_nested,0.07872784016489148,True,0.35515126478987763,0.2662831552069697
5222,market_1,0.42481494302492956,True,0.07848257356674958,0.06423590007266919
5222,block_2_3,0.3388047831539898,True,0.274570049563426,0.23759161756600863
5222,block_4_6,0.0883725584177886,True,0.7367614835253388,0.5322426490715467
5222,top_3,0.3128271868867576,True,0.2765539808369246,0.24117877678313657
5222,top_6,0.07064398746068215,True,0.7541747841211596,0.561197881184808
5222,flag_nested,0.14362137440724998,True,0.35559829858977565,0.27569154615754105
5236,market_1,0.22357919653866426,True,0.08068837134750867,0.0601709413337733
5236,block_2_3,0.28541679197937486,True,0.28826144751558663,0.24995582161390514
5236,block_4_6,0.30487681704221004,True,0.7455524972311848,0.42791487694026226
5236,top_3,0.25566911969315925,True,0.29078413074954834,0.25408371115756223
5236,top_6,0.27102185611323626,True,0.7591498455846726,0.4746788699119863
5236,flag_nested,0.26132138770123337,True,0.3615897742532399,0.25038648365346244
5250,market_1,0.17905844593002762,True,0.06326113514204898,0.06281306482327119
5250,block_2_3,0.0878943637448076,True,0.23597085214140615,0.2953942936676769
5250,block_4_6,0.3904458218652596,True,0.515638419824334,0.6815325227045432
5250,top_3,0.07314043208961746,True,0.24027407209135976,0.29979013265085636
5250,top_6,0.37359677696529414,True,0.5347571651940562,0.7083123653662005
5250,flag_nested,0.28539593331808333,True,0.26628315520696966,0.34281373486565864
5264,market_1,0.1581416213912126,True,0.0642359000726692,0.06681660770457844
5264,block_2_3,0.3429792294499345,True,0.23759161756600872,0.338220774184445
5264,block_4_6,0.3112806277939739,True,0.5322426490715466,0.7497225109456513
5264,top_3,0.3228450076266587,True,0.24117877678313665,0.34345127275223536
5264,top_6,0.28800949426656786,True,0.561197881184808,0.7377720649182823
5264,flag_nested,0.2914415517747686,True,0.27569154615754105,0.36674512668312587
5278,market_1,0.42896260669755454,True,0.0601709413337733,0.06297099789355055
5278,block_2_3,0.4056977056151211,True,0.24995582161390525,0.2738535895257944
5278,block_4_6,0.2007095808746246,True,0.4279148769402622,0.7626300326297949
5278,top_3,0.3958358909421975,True,0.25408371115756206,0.27821789095646776
5278,top_6,0.17977947420082413,True,0.47467886991198605,0.7775148604907005
5278,flag_nested,0.24332716069136748,True,0.25038648365346233,0.3612782462854775
5292,market_1,0.44880459952348095,True,0.06281306482327116,0.07330604982046679
5292,block_2_3,0.2888089586251875,True,0.2953942936676771,0.2524856483958077
5292,block_4_6,0.3480659917741301,True,0.6815325227045431,0.7104095927192398
5292,top_3,0.2806446524221022,True,0.2997901326508565,0.2560108160820441
5292,top_6,0.35731541548762674,True,0.7083123653662001,0.7297963927863832
5292,flag_nested,0.3428671378325734,True,0.34281373486565864,0.34057023565085903
5306,market_1,0.3746038398428595,True,0.06681660770457842,0.07018411558007416
5306,block_2_3,-0.16529647383771565,False,0.338220774184445,0.2756043273547934
5306,block_4_6,0.1369972668036844,True,0.7497225109456516,0.5580378789244096
5306,top_3,-0.15600777747569325,False,0.34345127275223514,0.27945797215066115
5306,top_6,0.2626977257964553,True,0.7377720649182825,0.581760843883429
5306,flag_nested,0.14351680584634227,True,0.3667451266831258,0.2955768530494289
5320,market_1,0.4028455056107683,True,0.06297099789355053,0.05650099336672624
5320,block_2_3,-0.18294068976064204,False,0.27385358952579447,0.31894828599773783
5320,block_4_6,-0.3225553233604465,False,0.7626300326297948,1.0114891765448921
5320,top_3,-0.17032446904997456,False,0.27821789095646776,0.32257740147374464
5320,top_6,-0.27693723757861083,False,0.7775148604907005,1.0023738423873174
5320,flag_nested,-0.2421013213378775,False,0.36127824628547744,0.45314086354649563
5334,market_1,0.2122374683439088,True,0.07330604982046682,0.054216012495503264
5334,block_2_3,-0.20189142199787988,False,0.2524856483958078,0.3145460169185653
5334,block_4_6,0.33815767822288284,True,0.7104095927192402,1.4562361431752773
5334,top_3,-0.196879244753968,False,0.25601081608204407,0.3186668366639322
5334,top_6,0.36549730208263664,True,0.7297963927863838,1.4548671247020328
5334,flag_nested,0.2830537818484195,True,0.3405702356508592,0.624148982239421
5348,market_1,0.2720887321737259,True,0.07018411558007419,0.05604996423373726
5348,block_2_3,0.16155953645990145,True,0.27560432735479345,0.37073804388670184
5348,block_4_6,-0.1328158274353385,False,0.5580378789244097,1.5236407852763363
5348,top_3,0.1525614274178872,True,0.2794579721506609,0.37292872919563824
5348,top_6,-0.14737913710093106,False,0.581760843883429,1.5104063704134179
5348,flag_nested,-0.07851641543531818,False,0.2955768530494288,0.6555314216786258
5362,market_1,0.29367092404039163,True,0.05650099336672627,0.06673357438117776
5362,block_2_3,0.0038682497266382485,True,0.318948285997738,0.22606068569794466
5362,block_4_6,0.5386030771436127,True,1.0114891765448917,0.8127536352930205
5362,top_3,-0.0029018785012680406,False,0.32257740147374475,0.22976144513365032
5362,top_6,0.5407268649274095,True,1.0023738423873165,0.8346950675787239
5362,flag_nested,0.4538048890193756,True,0.4531408635464953,0.37171151871628133
5376,market_1,0.2020025074130891,True,0.05421601249550324,0.06787248570730608
5376,block_2_3,0.18238290670893448,True,0.3145460169185653,0.21507754528742354
5376,block_4_6,0.6210207418909819,True,1.4562361431752764,0.7212078263204471
5376,top_3,0.17703142030491315,True,0.31866683666393214,0.21789428827536136
5376,top_6,0.6003815896674646,True,1.4548671247020317,0.7450183332655992
5376,flag_nested,0.5401507265248788,True,0.6241489822394205,0.33606750426177645
5390,market_1,0.27139377114945995,True,0.056049964233737246,0.0587791434763419
5390,block_2_3,-0.3939673105834511,False,0.37073804388670184,0.31192859803403267
5390,block_4_6,-0.44507516868494285,False,1.5236407852763347,0.5864755287762076
5390,top_3,-0.3885244742496405,False,0.3729287291956381,0.3152615906147113
5390,top_6,-0.40680723140905195,False,1.5104063704134179,0.5653673024251653
5390,flag_nested,-0.367573870890728,False,0.6555314216786258,0.2997637552952375
5404,market_1,0.08600980952123057,True,0.06673357438117772,0.05335505814965869
5404,block_2_3,0.23445725806759748,True,0.22606068569794457,0.29293339534986285
5404,block_4_6,-0.2514081859093176,False,0.8127536352930205,0.48532959356701144
5404,top_3,0.22436637360105605,True,0.2297614451336501,0.29582067690803504
5404,top_6,-0.27235527452943353,False,0.8346950675787238,0.4616062121625493
5404,flag_nested,-0.12526799975800637,False,0.37171151871628133,0.2598655467290195
5418,market_1,-0.1599569704266093,False,0.06787248570730611,0.05176691063959141
5418,block_2_3,0.1545779686903405,True,0.21507754528742362,0.3064419488404587
5418,block_4_6,-0.08887651936937137,False,0.7212078263204476,0.4740460404107036
5418,top_3,0.15204758870177418,True,0.21789428827536134,0.30921629828504604
5418,top_6,-0.10132762892161842,False,0.7450183332655995,0.4544387133710925
5418,flag_nested,-0.03245992327860316,False,0.3360675042617766,0.26262230823103855
5432,market_1,0.21343251136431418,True,0.05877914347634193,0.04953456924522181
5432,block_2_3,0.09446671643155785,True,0.3119285980340329,0.2347726240153757
5432,block_4_6,-0.24560450501649606,False,0.5864755287762077,0.44959671166723847
5432,top_3,0.09388581114731347,True,0.3152615906147114,0.23956918229068597
5432,top_6,-0.26634180545755326,False,0.5653673024251649,0.4820374337022034
5432,flag_nested,-0.12378283397786326,False,0.2997637552952374,0.24558396900684162
5446,market_1,0.05668288332041989,True,0.053355058149658685,0.05783331044069614
5446,block_2_3,-0.0510038414805647,False,0.292933395349863,0.2012941852432854
5446,block_4_6,-0.049625780139935155,False,0.4853295935670115,0.43315831134236815
5446,top_3,-0.04031368178925199,False,0.29582067690803515,0.2079962405075147
5446,top_6,-0.03147879762133246,False,0.46160621216254916,0.4735013267983658
5446,flag_nested,-0.029477633079209142,False,0.2598655467290195,0.23480365179922572
5460,market_1,0.06264600641106835,True,0.0517669106395914,0.07054617535698536
5460,block_2_3,-0.32175529430133604,False,0.30644194884045856,0.2304474776005888
5460,block_4_6,0.04500011525066063,True,0.4740460404107038,0.5865460714155416
5460,top_3,-0.30280088096951424,False,0.309216298285046,0.23692483080810522
5460,top_6,0.14999729252956856,True,0.4544387133710922,0.6058212984192287
5460,flag_nested,-0.0037008798220678194,False,0.2626223082310385,0.2913036141411711
5474,market_1,0.2445538686037237,True,0.049534569245221774,0.07039435387098705
5474,block_2_3,0.0662365917004692,True,0.23477262401537569,0.2365367811452146
5474,block_4_6,0.18761958392329178,True,0.4495967116672383,1.1259591033597194
5474,top_3,0.06740323851918599,True,0.239569182290686,0.24181928766893174
5474,top_6,0.1957516868324239,True,0.48203743370220326,1.1411473521397533
5474,flag_nested,0.16655894456433668,True,0.24558396900684157,0.49140997911019124
5488,market_1,0.19354551996913139,True,0.05783331044069616,0.07115596102191012
5488,block_2_3,0.24662515435786594,True,0.20129418524328535,0.2547719427392827
5488,block_4_6,0.008790267309600456,True,0.43315831134236815,1.5648871723275346
5488,top_3,0.23542956167636336,True,0.20799624050751467,0.26172035824594153
5488,top_6,0.01591215179566081,True,0.4735013267983657,1.5687301668410536
5488,flag_nested,0.04529063659363677,True,0.2348036517992257,0.6618520042189238
5502,market_1,0.2976167516990935,True,0.07054617535698537,0.058091872262293606
5502,block_2_3,0.1311857494994597,True,0.23044747760058884,0.21754952614689982
5502,block_4_6,0.17948420303204798,True,0.5865460714155415,1.3483254147715726
5502,top_3,0.13462197756100994,True,0.23692483080810522,0.2239784456035444
5502,top_6,0.17134032060248472,True,0.6058212984192286,1.3644777231400704
5502,flag_nested,0.16248516883318162,True,0.2913036141411711,0.5748014351166703
5516,market_1,0.0317985534187321,True,0.07039435387098707,0.06601575721989944
5516,block_2_3,-0.08561517574938551,False,0.23653678114521473,0.22220056436010113
5516,block_4_6,0.6003064218686915,True,1.12595910335972,0.6821872041010342
5516,top_3,-0.08265932684042208,False,0.2418192876689317,0.22971985944206724
5516,top_6,0.5751824470761425,True,1.1411473521397535,0.7065923138482214
5516,flag_nested,0.47638141057246836,True,0.4914099791101913,0.32428475317264244
5530,market_1,-0.005548462785665343,False,0.07115596102191013,0.057929510909900804
5530,block_2_3,-0.28344685365952343,False,0.25477194273928266,0.20582133922582352
5530,block_4_6,0.021259354046648773,True,1.5648871723275348,0.46924796517326584
5530,top_3,-0.2632635515063943,False,0.2617203582459413,0.20999719222958133
5530,top_6,0.03111867298769776,True,1.568730166841053,0.4952624562986896
5530,flag_nested,-0.005080926936523084,False,0.6618520042189233,0.24276789721638403
5544,market_1,0.2148703924288132,True,0.05809187226229359,0.07038337020718956
5544,block_2_3,0.019992971271751384,True,0.21754952614689987,0.16489112119646018
5544,block_4_6,0.7473479731683419,True,1.3483254147715726,0.9096264489507143
5544,top_3,0.028898094082161645,True,0.2239784456035445,0.1731346748352841
5544,top_6,0.7261036541823109,True,1.3644777231400709,0.9213451845542407
5544,flag_nested,0.6747215827066367,True,0.5748014351166705,0.39550623534323304
5558,market_1,0.12422640152628721,True,0.06601575721989944,0.0662593122269226
5558,block_2_3,-0.24195369458912347,False,0.222200564360101,0.19482683665654524
5558,block_4_6,0.5941023027867117,True,0.6821872041010343,0.9936810961269217
5558,top_3,-0.22364731352071132,False,0.22971985944206733,0.2027557992228327
5558,top_6,0.5764178061297034,True,0.7065923138482207,1.0018558616236743
5558,flag_nested,0.466105861803018,True,0.32428475317264227,0.43055715347431
5572,market_1,0.17037017197691712,True,0.05792951090990078,0.06229763929750935
5572,block_2_3,0.1574030775481034,True,0.20582133922582363,0.20382611706262344
5572,block_4_6,-0.13748332750948952,False,0.46924796517326584,1.0501684247489471
5572,top_3,0.15825358370829992,True,0.20999719222958135,0.21230705961485155
5572,top_6,-0.13767750109030477,False,0.4952624562986899,1.0629595190351708
5572,flag_nested,-0.08246412601683867,False,0.24276789721638414,0.4552137756784068
5586,market_1,0.03186613500293786,True,0.07038337020718957,0.05915467097519846
5586,block_2_3,0.02020491775299367,True,0.16489112119646027,0.24889707679121703
5586,block_4_6,0.3636464651973631,True,0.9096264489507143,0.6288462622688249
5586,top_3,0.019168409265942127,True,0.1731346748352841,0.25541981416800424
5586,top_6,0.3634468548054525,True,0.921345184554241,0.6421871883627851
5586,flag_nested,0.2990238003405668,True,0.39550623534323315,0.30656119520296937
5600,market_1,0.07496648042436516,True,0.06625931222692263,0.05860082775072661
5600,block_2_3,-0.16816513855632828,False,0.19482683665654524,0.26754414414296784
5600,block_4_6,-0.3364350880828713,False,0.9936810961269218,0.8921440907335474
5600,top_3,-0.15992164194866898,False,0.20275579922283288,0.2725611093866198
5600,top_6,-0.3148703880700043,False,1.001855861623675,0.8929540558597225
5600,flag_nested,-0.2870365169298375,False,0.4305571534743103,0.4013623476475425
5614,market_1,0.26280462033830587,True,0.06229763929750932,0.06506372405678656
5614,block_2_3,0.12836091177543613,True,0.2038261170626233,0.22017886149148114
5614,block_4_6,-0.22206862114894801,False,1.0501684247489473,1.0427524859738484
5614,top_3,0.12845676296533362,True,0.2123070596148515,0.22573761820085486
5614,top_6,-0.2103695135346109,False,1.0629595190351713,1.0615509555272553
5614,flag_nested,-0.17511424164310488,False,0.45521377567840704,0.4572025635776126
5628,market_1,0.16449284183453397,True,0.059154670975198435,0.07196842790686402
5628,block_2_3,-0.0036741904639519198,False,0.248897076791217,0.2171592382023136
5628,block_4_6,-0.10804243594840261,False,0.6288462622688253,1.1439866677989052
5628,top_3,-0.0028440868831970845,False,0.2554198141680042,0.2232863457865521
5628,top_6,-0.08819623210032085,False,0.6421871883627845,1.160713373355555
5628,flag_nested,-0.06776403552702061,False,0.30656119520296926,0.4963274871843133
5642,market_1,0.1405327044891543,True,0.05860082775072656,0.06735703464880012
5642,block_2_3,-0.10746705700230826,False,0.2675441441429677,0.24477573115505008
5642,block_4_6,0.29085981091846586,True,0.8921440907335473,0.6209273636231131
5642,top_3,-0.10437032586712278,False,0.27256110938661976,0.2514160685766976
5642,top_6,0.32636449647694227,True,0.8929540558597225,0.6394568984529883
5642,flag_nested,0.23784191447211714,True,0.4013623476475425,0.30619901609800526
5656,market_1,0.3061321353747505,True,0.06506372405678659,0.06262060794159821
5656,block_2_3,0.15288106985966451,True,0.22017886149148116,0.2087455282811976
5656,block_4_6,0.23013577766478174,True,1.0427524859738486,0.4717534624227686
5656,top_3,0.14011435184262472,True,0.22573761820085478,0.21273080836216718
5656,top_6,0.21574656127410163,True,1.0615509555272549,0.5078697999967129
5656,flag_nested,0.20095278766663668,True,0.4572025635776123,0.2489874731237817
5670,market_1,0.15507785121889936,True,0.07196842790686406,0.055389257821088174
5670,block_2_3,-0.09821863754255072,False,0.2171592382023135,0.22576544069490942
5670,block_4_6,0.12494953198696553,True,1.1439866677989052,0.44689269791034364
5670,top_3,-0.08682278566333079,False,0.2232863457865521,0.23080566295279403
5670,top_6,0.11155330744955547,True,1.1607133733555548,0.48813958793816464
5670,flag_nested,0.07911007691173727,True,0.4963274871843133,0.24604558680131633
5684,market_1,0.27049593395005533,True,0.06735703464880016,0.05839280978830714
5684,block_2_3,0.02106717830901529,True,0.24477573115505005,0.24389333784104686
5684,block_4_6,-0.1372902435441813,False,0.6209273636231128,0.47053744084266647
5684,top_3,0.02069785110113127,True,0.25141606857669757,0.2484450037016903
5684,top_6,-0.11538844173365505,False,0.6394568984529881,0.49910800382063153
5684,flag_nested,-0.05924682820749134,False,0.30619901609800515,0.2559352003327932
5698,market_1,-0.09046325766880303,False,0.06262060794159822,0.05909550776706553
5698,block_2_3,0.14591710667502342,True,0.20874552828119763,0.29024254033146807
5698,block_4_6,-0.19054778561324232,False,0.4717534624227688,0.5423626705108315
5698,top_3,0.14000596143562605,True,0.2127308083621671,0.2954900666759306
5698,top_6,-0.16793946600359186,False,0.507869799996713,0.5591450780975666
5698,flag_nested,-0.07382235638022339,False,0.2489874731237817,0.2910399891190526
5712,market_1,0.04746890371754247,True,0.055389257821088174,0.059594431944725385
5712,block_2_3,0.2894709595417428,True,0.22576544069490947,0.256176359584635
5712,block_4_6,-0.004727530195016657,False,0.4468926979103438,0.5747916416262531
5712,top_3,0.26632572102656277,True,0.2308056629527941,0.26112078671565864
5712,top_6,0.008015698185636421,True,0.48813958793816487,0.6065854094047464
5712,flag_nested,0.08105222225924406,True,0.2460455868013164,0.2959794382851676
5726,market_1,0.2607035535725444,True,0.05839280978830712,0.06231311204686165
5726,block_2_3,0.32718419478496524,True,0.24389333784104691,0.23051849221052115
5726,block_4_6,0.3240362622109003,True,0.47053744084266635,0.9020469470825201
5726,top_3,0.3052402193736591,True,0.24844500370169031,0.23407784044512717
5726,top_6,0.308196865277472,True,0.4991080038206318,0.9246964053340991
5726,flag_nested,0.2943802906130962,True,0.25593520033279327,0.40578028874636535
5740,market_1,-0.06438837969381853,False,0.05909550776706551,0.07860054231084684
5740,block_2_3,0.027124603076866868,True,0.2902425403314681,0.21899622702364105
5740,block_4_6,0.056133537309633226,True,0.5423626705108318,1.1224799350010306
5740,top_3,0.026539335115803305,True,0.2954900666759309,0.2251127305525999
5740,top_6,0.05656071371729043,True,0.5591450780975665,1.1393676366216863
5740,flag_nested,0.044202616138482954,True,0.2910399891190526,0.489315570602438
5754,market_1,0.08673056199739058,True,0.059594431944725385,0.06887274290835128
5754,block_2_3,-0.040197893339195455,False,0.2561763595846349,0.24354633364298817
5754,block_4_6,0.15628066030449791,True,0.5747916416262531,1.0461765871120003
5754,top_3,-0.043739281676764684,False,0.2611207867156586,0.2516581982777089
5754,top_6,0.15249531919446851,True,0.606585409404746,1.0652512179945821
5754,flag_nested,0.11528330311407275,True,0.2959794382851674,0.46366018146447613
5768,market_1,0.0365648757379962,True,0.062313112046861685,0.06349754181392919
5768,block_2_3,-0.12258307863077621,False,0.2305184922105211,0.26796344244553477
5768,block_4_6,0.40996193201167885,True,0.9020469470825206,0.6054202703008539
5768,top_3,-0.11324520830370378,False,0.23407784044512703,0.2752181370478663
5768,top_6,0.3840183277091025,True,0.9246964053340991,0.6417584334967451
5768,flag_nested,0.2811034403955371,True,0.4057802887463653,0.3129258591058652
5782,market_1,0.08439646326365499,True,0.07860054231084687,0.05577260005467831
5782,block_2_3,0.2138835319755049,True,0.2189962270236411,0.2538215649324955
5782,block_4_6,0.18943997075402189,True,1.1224799350010304,0.4867014543596528
5782,top_3,0.21011628948364422,True,0.22511273055259984,0.25941150693876247
5782,top_6,0.17652298088756785,True,1.1393676366216863,0.5379218223258734
5782,flag_nested,0.16923673871075057,True,0.48931557060243813,0.27160389181674793
5796,market_1,0.04219125660211728,True,0.0688727429083513,0.06105618280021792
5796,block_2_3,0.13169367678271474,True,0.24354633364298814,0.24698938021903133
5796,block_4_6,-0.38705468984534425,False,1.0461765871120003,0.5368951847459336
5796,top_3,0.12905213552579595,True,0.25165819827770886,0.2535966588795787
5796,top_6,-0.34383557635951856,False,1.0652512179945823,0.5768608717514535
5796,flag_nested,-0.2452755170116371,False,0.4636601814644761,0.2839478064998388
5810,market_1,-0.011645365121224714,False,0.06349754181392918,0.06069679228601034
5810,block_2_3,-0.05156084627529989,False,0.26796344244553494,0.26663280254363636
5810,block_4_6,-0.23831993224795897,False,0.6054202703008537,0.5934835377048356
5810,top_3,-0.04944542290219717,False,0.2752181370478664,0.2734554993201199
5810,top_6,-0.2120280425632968,False,0.6417584334967451,0.6363628174008984
5810,flag_nested,-0.16201701220975978,False,0.3129258591058652,0.310004854572233
5824,market_1,-0.045112162731345426,False,0.05577260005467832,0.07081852842189248
5824,block_2_3,-0.059450938557560846,False,0.2538215649324955,0.2844322282222359
5824,block_4_6,0.0900948587250765,True,0.48670145435965295,0.5833221140126197
5824,top_3,-0.05264986332737951,False,0.2594115069387624,0.290989868277769
5824,top_6,0.09201522262927574,True,0.5379218223258738,0.6104524921727673
5824,flag_nested,0.042125559972130806,True,0.27160389181674804,0.30878634357961915
5838,market_1,0.010964343241618097,True,0.06105618280021789,0.07221706939217123
5838,block_2_3,0.11543498461612318,True,0.2469893802190313,0.28556670820756763
5838,block_4_6,-0.008236394755836499,False,0.5368951847459338,0.6238688189649577
5838,top_3,0.12184408641395923,True,0.2535966588795786,0.2902319757168758
5838,top_6,-0.0017208071045372952,False,0.5768608717514533,0.6490175316265355
5838,flag_nested,0.03207795077759795,True,0.2839478064998387,0.3217102180755235
5852,market_1,0.08287092383576243,True,0.06069679228601032,0.07165596580760515
5852,block_2_3,0.20394248984949404,True,0.2666328025436363,0.28596335877207085
5852,block_4_6,0.06279369258286195,True,0.5934835377048354,0.5388356790837567
5852,top_3,0.20027790923284242,True,0.27345549932011975,0.2893488747721451
5852,top_6,0.060673930804480004,True,0.636362817400898,0.5721388534101087
5852,flag_nested,0.10162610395028222,True,0.3100048545722328,0.29597181027370695
5866,market_1,0.20285640433129176,True,0.07081852842189244,0.06553952335812792
5866,block_2_3,0.12424998603932587,True,0.28443222822223585,0.2818084932764284
5866,block_4_6,-0.05976401661967786,False,0.5833221140126198,0.6911944199639037
5866,top_3,0.11569593036254813,True,0.290989868277769,0.28761778989075315
5866,top_6,-0.08828245748069358,False,0.6104524921727669,0.7146829722566007
5866,flag_nested,-0.02130353073449831,False,0.308786343579619,0.3420507544426888
5880,market_1,0.06321099355787702,True,0.07221706939217125,0.07138930588156935
5880,block_2_3,0.10542348677786763,True,0.28556670820756763,0.2909476065676078
5880,block_4_6,-0.06599431189237076,False,0.6238688189649579,0.654709636067264
5880,top_3,0.09264343966476218,True,0.2902319757168757,0.2953858679200376
5880,top_6,-0.08387754094370682,False,0.6490175316265357,0.6821543166532091
5880,flag_nested,-0.029904249730882827,False,0.3217102180755236,0.33427003346293455
5894,market_1,0.14378200503780322,True,0.07165596580760518,0.06977045800112881
5894,block_2_3,0.1793715396248206,True,0.285963358772071,0.27257478161326404
5894,block_4_6,0.36424333863951347,True,0.5388356790837568,0.73969954475112
5894,top_3,0.18203840292180154,True,0.28934887477214516,0.2765803364610329
5894,top_6,0.30814834200079644,True,0.5721388534101088,0.7805329412951586
5894,flag_nested,0.2652259962807731,True,0.29597181027370695,0.3631878619343786
5908,market_1,0.22219238001235916,True,0.06553952335812793,0.07607963753198228
5908,block_2_3,0.2302269517537932,True,0.28180849327642826,0.2956549320737438
5908,block_4_6,0.410858272641142,True,0.6911944199639042,0.6242717886846942
5908,top_3,0.22966075541715736,True,0.2876177898907532,0.2989651087967861
5908,top_6,0.38162884102678146,True,0.714682972256601,0.6592614485685957
5908,flag_nested,0.3349851640669439,True,0.3420507544426889,0.3286625923360963
5922,market_1,0.3509550894072006,True,0.07138930588156935,0.06789512902995735
5922,block_2_3,0.010676292804536101,True,0.290947606567608,0.333292860720523
5922,block_4_6,0.5118582015806984,True,0.6547096360672641,1.2881176306964355
5922,top_3,0.01495482745849684,True,0.2953858679200376,0.3388955163631291
5922,top_6,0.4965604222064398,True,0.6821543166532084,1.2889094716741378
5922,flag_nested,0.3965911742612043,True,0.33427003346293427,0.5654859944433248
5936,market_1,0.45060540191258663,True,0.0697704580011288,0.06606067193102112
5936,block_2_3,0.014696984028793771,True,0.27257478161326404,0.4222195369642113
5936,block_4_6,0.5464020418325747,True,0.7396995447511197,1.1029119661814795
5936,top_3,0.02016183315357036,True,0.27658033646103286,0.426415980521217
5936,top_6,0.5150442099508791,True,0.7805329412951582,1.0759254790528312
5936,flag_nested,0.40639943287668184,True,0.3631878619343784,0.5078485482271715
5950,market_1,-0.049695892284820034,False,0.0760796375319823,0.07228879372726313
5950,block_2_3,0.29363237036574025,True,0.2956549320737437,0.3695121055828456
5950,block_4_6,0.3980294767278878,True,0.6242717886846942,1.3347998514330413
5950,top_3,0.2859688958641108,True,0.29896510879678595,0.3764645612314729
5950,top_6,0.3357910362034682,True,0.6592614485685954,1.3240416228733713
5950,flag_nested,0.307372575544683,True,0.32866259233609624,0.5870677656822392
5964,market_1,0.1714700281668588,True,0.06789512902995734,0.06894913393446446
5964,block_2_3,0.4175212368646661,True,0.3332928607205232,0.42639309534251435
5964,block_4_6,0.4253883416953353,True,1.2881176306964355,0.9513975444389425
5964,top_3,0.41200839001008216,True,0.3388955163631292,0.43176857549492914
5964,top_6,0.36522620886163265,True,1.2889094716741385,0.9361155966655768
5964,flag_nested,0.36153758654582024,True,0.5654859944433251,0.46146226178534283
5978,market_1,0.170743517245742,True,0.06606067193102116,0.07708668769345149
5978,block_2_3,0.5236399391512969,True,0.42221953696421133,0.3678698420566807
5978,block_4_6,0.5564937569296249,True,1.1029119661814797,1.016488595734199
5978,top_3,0.516403868885885,True,0.42641598052121704,0.37548178355016076
5978,top_6,0.5059612436569079,True,1.075925479052831,1.0227365183238282
5978,flag_nested,0.5007010096162586,True,0.5078485482271714,0.47672795701295095
5992,market_1,0.23163038180029866,True,0.07228879372726311,0.061773170917027415
5992,block_2_3,0.602686134556296,True,0.36951210558284553,0.3406131181713746
5992,block_4_6,0.5122212210576372,True,1.334799851433041,0.7428709378474463
5992,top_3,0.5911107377037617,True,0.37646456123147304,0.34583997266283606
5992,top_6,0.4565051615616626,True,1.3240416228733718,0.7565200194738632
5992,flag_nested,0.47000502546348577,True,0.5870677656822393,0.3729228385601286
6006,market_1,0.16530745784395806,True,0.06894913393446445,0.06046825293516086
6006,block_2_3,0.5263472220388514,True,0.4263930953425144,0.33911468621542246
6006,block_4_6,-0.07528614948075338,False,0.9513975444389425,0.7671505244100688
6006,top_3,0.5159509398547881,True,0.4317685754949292,0.34417940931211244
6006,top_6,-0.14944093825065574,False,0.9361155966655765,0.7587384956298364
6006,flag_nested,0.04971770390914109,True,0.4614622617853427,0.3729480513462253
6020,market_1,0.12219221595743748,True,0.07708668769345148,0.05452223093572881
6020,block_2_3,0.4344424318400809,True,0.36786984205668083,0.33997225353885085
6020,block_4_6,-0.3739691210062995,False,1.0164885957341991,0.980523201740867
6020,top_3,0.42465309734245127,True,0.37548178355016093,0.34383077129325507
6020,top_6,-0.40863497919800634,False,1.0227365183238284,0.9827801070817367
6020,flag_nested,-0.23102951637676747,False,0.47672795701295106,0.4509493651267055
6034,market_1,0.03869360183814355,True,0.061773170917027415,0.06671184849512703
6034,block_2_3,0.4328712890652669,True,0.34061311817137474,0.4311576361872285
6034,block_4_6,-0.19363153880359418,False,0.7428709378474463,1.0240671308433404
6034,top_3,0.42257340862996534,True,0.3458399726628362,0.43564772239853333
6034,top_6,-0.29356474682659883,False,0.7565200194738633,0.9983491072723695
6034,flag_nested,-0.08635131644056744,False,0.3729228385601287,0.4835599997986146
6048,market_1,-0.022021241596199594,False,0.06046825293516085,0.07699050468406538
6048,block_2_3,0.42984363997475095,True,0.33911468621542235,0.45665711197967107
6048,block_4_6,0.04373651751754059,True,0.7671505244100691,0.9327506597297479
6048,top_3,0.4224255949841088,True,0.3441794093121123,0.4606773846124551
6048,top_6,-0.045929053315320274,False,0.7587384956298364,0.9106961521109381
6048,flag_nested,0.09794891467709428,True,0.3729480513462253,0.46356948665139996
6062,market_1,0.2288525408377785,True,0.054522230935728784,0.06814893959163662
6062,block_2_3,0.5665783037795195,True,0.3399722535388509,0.5193607618416568
6062,block_4_6,0.1406828106187594,True,0.9805232017408662,0.8649233677239652
6062,top_3,0.561077008877408,True,0.3438307712932548,0.522265211739477
6062,top_6,0.0378752139282749,True,0.9827801070817359,0.7876324707756988
6062,flag_nested,0.19548597679109245,True,0.45094936512670525,0.4460479196251566
6076,market_1,0.23271698768769136,True,0.06671184849512703,0.08670799598874705
6076,block_2_3,0.5677165093501477,True,0.43115763618722847,0.4689459409121528
6076,block_4_6,0.08559538324176778,True,1.02406713084334,0.8145084016549754
6076,top_3,0.5583666882924254,True,0.4356477223985334,0.4734770764122698
6076,top_6,-0.036601442504659555,False,0.9983491072723679,0.7668384721449168
6076,flag_nested,0.1708092096137541,True,0.4835599997986141,0.42456094685130874
6090,market_1,0.3751920246257625,True,0.07699050468406538,0.09078341199082125
6090,block_2_3,0.5052414371139045,True,0.45665711197967135,0.48331350919503824
6090,block_4_6,0.09629100659053498,True,0.932750659729748,0.7907666562216326
6090,top_3,0.4984203014760713,True,0.46067738461245517,0.4877082241610136
6090,top_6,-0.05244822252121542,False,0.9106961521109387,0.729191732632141
6090,flag_nested,0.175499489703852,True,0.46356948665140024,0.4197000861972379
6104,market_1,0.4792866075967203,True,0.06814893959163666,0.08825079078161888
6104,block_2_3,0.5269964976562479,True,0.5193607618416565,0.38250099501809354
6104,block_4_6,-0.00918399709020474,False,0.864923367723965,0.7494886498497967
6104,top_3,0.5264302636389978,True,0.522265211739477,0.3885589235604501
6104,top_6,-0.15892431750278818,False,0.7876324707756992,0.7329627544655983
6104,flag_nested,0.13536330533183913,True,0.4460479196251567,0.38425679044795785
6118,market_1,0.2590285451401636,True,0.08670799598874704,0.07836348941422008
6118,block_2_3,0.490821730276142,True,0.4689459409121531,0.296228000087182
6118,block_4_6,-0.1175143058011013,False,0.8145084016549755,0.8116242140718731
6118,top_3,0.48956996037565786,True,0.4734770764122697,0.30247744231368445
6118,top_6,-0.19550007541407316,False,0.7668384721449167,0.8293564387385597
6118,flag_nested,0.02670035587031225,True,0.42456094685130863,0.38894351079417655
6132,market_1,0.2000988528266194,True,0.09078341199082127,0.08185406963179556
6132,block_2_3,0.389648133131857,True,0.4833135091950383,0.292475854783316
6132,block_4_6,0.1022212229182916,True,0.7907666562216319,0.618589840773939
6132,top_3,0.400687767405779,True,0.4877082241610134,0.29673285139689
6132,top_6,0.024912980930019316,True,0.729191732632141,0.63766567849124
6132,flag_nested,0.16820483135056735,True,0.4197000861972379,0.32221080573998756
6146,market_1,0.18260935855416513,True,0.08825079078161883,0.07494222397028762
6146,block_2_3,0.32707079227652863,True,0.38250099501809337,0.32347146517508124
6146,block_4_6,0.09394849068477724,True,0.7494886498497967,0.6946258758377781
6146,top_3,0.3302498362756562,True,0.3885589235604502,0.32674878805775415
6146,top_6,0.06252248365730363,True,0.7329627544655976,0.7125340787710666
6146,flag_nested,0.1513280014949208,True,0.3842567904479577,0.3547140576121916
6160,market_1,0.2316600313141844,True,0.07836348941422008,0.08207324633314779
6160,block_2_3,0.4514204502495153,True,0.2962280000871817,0.308368587940915
6160,block_4_6,0.39763987576359733,True,0.8116242140718731,1.1732715761375503
6160,top_3,0.43267189797276956,True,0.30247744231368423,0.31704587424369624
6160,top_6,0.3738118758284482,True,0.8293564387385591,1.180981010142468
6160,flag_nested,0.37587493935444133,True,0.38894351079417633,0.5222018169330374
6174,market_1,0.07480969505169334,True,0.08185406963179555,0.08149717544174691
6174,block_2_3,0.4310430137156494,True,0.2924758547833158,0.28670639694693834
6174,block_4_6,0.10006380925928851,True,0.6185898407739389,0.6457232600791453
6174,top_3,0.4070297988094437,True,0.2967328513968898,0.2977797421594008
6174,top_6,0.07845588532480133,True,0.6376656784912403,0.667872018265657
6174,flag_nested,0.16854941543242014,True,0.3222108057399876,0.3324778990382112
6188,market_1,0.35571452400280973,True,0.07494222397028763,0.07790942318813016
6188,block_2_3,0.28310992173019683,True,0.3234714651750812,0.2628880517067255
6188,block_4_6,0.21363183794366636,True,0.6946258758377781,0.6556095328898289
6188,top_3,0.2786029851077081,True,0.32674878805775415,0.272754673080773
6188,top_6,0.19309664375644395,True,0.7125340787710666,0.6809305423908281
6188,flag_nested,0.22261633132560402,True,0.35471405761219166,0.3288555651205427
6202,market_1,0.18890331877020772,True,0.08207324633314775,0.07058825044352811
6202,block_2_3,0.3866800997044688,True,0.3083685879409149,0.27180003596494223
6202,block_4_6,-0.33439771729270634,False,1.173271576137551,0.8643380615806883
6202,top_3,0.3761713302595479,True,0.3170458742436962,0.2808152327767348
6202,top_6,-0.34475017134663044,False,1.1809810101424683,0.872234927379373
6202,flag_nested,-0.226039998331863,False,0.5222018169330374,0.3975769034755987
6216,market_1,0.24663630345566154,True,0.08149717544174692,0.07886613867674533
6216,block_2_3,0.4966006426779235,True,0.28670639694693834,0.22509635818181797
6216,block_4_6,-0.016533084259819853,False,0.645723260079145,0.9117825154768314
6216,top_3,0.478641710133207,True,0.2977797421594008,0.23776195425612756
6216,top_6,-0.03215165183967368,False,0.6678720182656569,0.9226528623337913
6216,flag_nested,0.07051495066649689,True,0.3324778990382112,0.4085888326779546
6230,market_1,0.020113380165100874,True,0.07790942318813018,0.08967527027106141
6230,block_2_3,0.26870119125528436,True,0.2628880517067255,0.22072555554579373
6230,block_4_6,0.12963423125353313,True,0.6556095328898294,0.68103149448951
6230,top_3,0.27146001348971677,True,0.27275467308077295,0.23222130698281548
6230,top_6,0.09652158925236232,True,0.6809305423908278,0.6942840596395583
6230,flag_nested,0.1256644518868738,True,0.3288555651205426,0.3261221015949719
6244,market_1,0.2590145282544058,True,0.07058825044352812,0.07433793923486409
6244,block_2_3,0.1725294197669621,True,0.2718000359649423,0.2091174287836792
6244,block_4_6,0.33075995710963013,True,0.8643380615806882,0.802039342753
6244,top_3,0.18039987599821153,True,0.2808152327767348,0.22048579747607336
6244,top_6,0.30165159349187665,True,0.8722349273793729,0.8127900704177834
6244,flag_nested,0.2821113830594411,True,0.39757690347559865,0.363091459461934
6258,market_1,0.10157386607923667,True,0.07886613867674531,0.0723810206774929
6258,block_2_3,0.2206583196831801,True,0.22509635818181795,0.22981229585960422
6258,block_4_6,-0.25680588895948775,False,0.9117825154768319,0.7888604120565944
6258,top_3,0.21805227917012598,True,0.23776195425612762,0.23900147568225047
6258,top_6,-0.2498251135782203,False,0.9226528623337908,0.8058964194591335
6258,flag_nested,-0.17647954705402713,False,0.4085888326779545,0.36403903695884327
6272,market_1,-0.1624627484908737,False,0.08967527027106138,0.08662550010668621
6272,block_2_3,0.34335678059454533,True,0.2207255555457938,0.23995198339427906
6272,block_4_6,-0.10362568756853896,False,0.6810314944895104,1.1696267084907517
6272,top_3,0.3414814589589262,True,0.2322213069828155,0.24941380412262268
6272,top_6,-0.10565355802699447,False,0.6942840596395585,1.1805374542745455
6272,flag_nested,-0.05468138784247859,False,0.326122101594972,0.5104094820062387
6286,market_1,-0.03398846617453531,False,0.07433793923486412,0.08722671028339563
6286,block_2_3,0.26913753228307163,True,0.20911742878367914,0.25688900527563463
6286,block_4_6,0.6620290055537609,True,0.8020393427529998,1.2649677846404372
6286,top_3,0.2796026447052779,True,0.22048579747607322,0.2602761439713924
6286,top_6,0.6429110913349411,True,0.8127900704177836,1.2745236875280754
6286,flag_nested,0.5830359183458304,True,0.36309145946193405,0.5485661561793889
6300,market_1,0.1610562976741867,True,0.07238102067749294,0.08487288274157558
6300,block_2_3,0.09184969163755585,True,0.22981229585960425,0.303613031321028
6300,block_4_6,0.6059008066120838,True,0.7888604120565939,1.149825712222309
6300,top_3,0.10180480712609369,True,0.2390014756822505,0.3065480231264386
6300,top_6,0.605075132021765,True,0.8058964194591333,1.1586313390540186
6300,flag_nested,0.5237280067521469,True,0.36403903695884315,0.5121182152187056
6314,market_1,0.2702652609224318,True,0.08662550010668622,0.07407238025847271
6314,block_2_3,0.2298966057280537,True,0.23995198339427906,0.28529777236804454
6314,block_4_6,0.5702461128100772,True,1.1696267084907512,0.6682904992280918
6314,top_3,0.22350459912113196,True,0.24941380412262262,0.29150793850206635
6314,top_6,0.531426855063818,True,1.1805374542745435,0.707619308622825
6314,flag_nested,0.46422954966909796,True,0.5104094820062379,0.342442001770185
6328,market_1,0.3695852235149391,True,0.08722671028339561,0.08295647431248446
6328,block_2_3,0.3610093694589727,True,0.2568890052756347,0.32536795062018764
6328,block_4_6,-0.4497814910344059,False,1.264967784640437,0.7755898063114414
6328,top_3,0.34899513784815545,True,0.2602761439713927,0.33120033540871274
6328,top_6,-0.4344454941710196,False,1.274523687528075,0.7966151871058486
6328,flag_nested,-0.28699005879550527,False,0.5485661561793888,0.3862800668900569
