component,n_triples,mean_cosine,median_cosine,q25_cosine,q75_cosine,positive_fraction,mean_incoming_speed,mean_outgoing_speed,replicate,mean_abs_cross_correlation,original_mean_abs_cross_correlation,median_relative_spectrum_error,median_abs_lag1_error,mean_relative_gap_1,mean_relative_gap_3,mean_relative_gap_6
market_1,450,0.034112243027537355,0.04847238809615181,-0.17279791889495613,0.244675811903318,0.5644444444444444,0.8707914332237988,0.8718287920559206,0,0.010530461633676136,0.38117296246498866,0.000739966867523465,0.0002946537254781001,0.04066383347803675,0.02640844871669633,0.02162825650729139
block_2_3,450,0.008840357424877533,0.011912592269674949,-0.13426590009798225,0.14702289769065294,0.52,1.4599038024106787,1.4607022810963017,0,0.010530461633676136,0.38117296246498866,0.000739966867523465,0.0002946537254781001,0.04066383347803675,0.02640844871669633,0.02162825650729139
block_4_6,450,0.021597141731822794,0.010304167475096425,-0.07607585151475718,0.12273460594949723,0.5377777777777778,1.8700274622635158,1.8710094590098711,0,0.010530461633676136,0.38117296246498866,0.000739966867523465,0.0002946537254781001,0.04066383347803675,0.02640844871669633,0.02162825650729139
top_3,450,0.02880589925415472,0.027882903598736984,-0.08537706839024811,0.135546661273428,0.5777777777777777,1.4367762440693614,1.4378224522454726,0,0.010530461633676136,0.38117296246498866,0.000739966867523465,0.0002946537254781001,0.04066383347803675,0.02640844871669633,0.02162825650729139
top_6,450,0.034831431375969994,0.03929193239863278,-0.03307159803763838,0.09983141205237753,0.6377777777777778,1.8690200050381767,1.8696461699858067,0,0.010530461633676136,0.38117296246498866,0.000739966867523465,0.0002946537254781001,0.04066383347803675,0.02640844871669633,0.02162825650729139
flag_nested,450,0.029255555940190133,0.03533023821742407,-0.05762762506000382,0.11443172229873091,0.6111111111111112,1.4464341970293435,1.447637666161808,0,0.010530461633676136,0.38117296246498866,0.000739966867523465,0.0002946537254781001,0.04066383347803675,0.02640844871669633,0.02162825650729139
market_1,450,0.049316703876460366,0.06591921445485778,-0.16552922758128957,0.2826410986421879,0.5844444444444444,0.9124713367683677,0.9149825108027163,1,0.010412286527092043,0.38117296246498866,0.0007336760441902258,0.0002456203368754947,0.0366868198406235,0.02669910240925784,0.021000166608037676
block_2_3,450,0.03423507676859313,0.04626144977368077,-0.10543562016322193,0.1737358272331592,0.5933333333333334,1.4611225725377044,1.4621105216225179,1,0.010412286527092043,0.38117296246498866,0.0007336760441902258,0.0002456203368754947,0.0366868198406235,0.02669910240925784,0.021000166608037676
block_4_6,450,0.015823994262778706,0.009714949693614347,-0.07072580338010567,0.1163144042241161,0.5333333333333333,1.8846180967277066,1.883357803109758,1,0.010412286527092043,0.38117296246498866,0.0007336760441902258,0.0002456203368754947,0.0366868198406235,0.02669910240925784,0.021000166608037676
top_3,450,0.03750700358905912,0.03988101606586101,-0.08191959138505024,0.15277343199827645,0.6022222222222222,1.4361011059869404,1.434421378609249,1,0.010412286527092043,0.38117296246498866,0.0007336760441902258,0.0002456203368754947,0.0366868198406235,0.02669910240925784,0.021000166608037676
top_6,450,0.039343186364650805,0.034343202740216856,-0.026033877603874024,0.09800632405162851,0.66,1.8812311154730788,1.8814771779879058,1,0.010412286527092043,0.38117296246498866,0.0007336760441902258,0.0002456203368754947,0.0366868198406235,0.02669910240925784,0.021000166608037676
flag_nested,450,0.04036094856231458,0.043260504147490095,-0.050716704529145624,0.13478566594974656,0.6288888888888889,1.4759268440695,1.4771491609436438,1,0.010412286527092043,0.38117296246498866,0.0007336760441902258,0.0002456203368754947,0.0366868198406235,0.02669910240925784,0.021000166608037676
market_1,450,0.07357883072367326,0.09306221159307551,-0.13277679055953442,0.3146620903977906,0.6022222222222222,0.9012330977115558,0.9024426790437847,2,0.010616292527152217,0.38117296246498866,0.0007300389057961267,0.0002842928232090801,0.04104330322227419,0.028074515986078595,0.02161989228410644
block_2_3,450,0.03452193768916254,0.032986504465544075,-0.12326113000460046,0.1835573530961645,0.5511111111111111,1.4690408519123825,1.4708632728341833,2,0.010616292527152217,0.38117296246498866,0.0007300389057961267,0.0002842928232090801,0.04104330322227419,0.028074515986078595,0.02161989228410644
block_4_6,450,0.013117908152028535,0.008515949230825237,-0.08296803539478845,0.11500856773881185,0.5377777777777778,1.8819244126102133,1.8827820687000434,2,0.010616292527152217,0.38117296246498866,0.0007300389057961267,0.0002842928232090801,0.04104330322227419,0.028074515986078595,0.02161989228410644
top_3,450,0.034286805838589667,0.03504473566111919,-0.08905479881873932,0.15688794893559105,0.5622222222222222,1.4415636067911637,1.4440949551208269,2,0.010616292527152217,0.38117296246498866,0.0007300389057961267,0.0002842928232090801,0.04104330322227419,0.028074515986078595,0.02161989228410644
top_6,450,0.038373373922350885,0.034710835743811154,-0.030842141156706013,0.10885922781797769,0.6377777777777778,1.8648321532343328,1.8661541377791857,2,0.010616292527152217,0.38117296246498866,0.0007300389057961267,0.0002842928232090801,0.04104330322227419,0.028074515986078595,0.02161989228410644
flag_nested,450,0.04449774427057138,0.056080452577997875,-0.04364666150972784,0.14870999647665764,0.62,1.4678492325760786,1.469723749929972,2,0.010616292527152217,0.38117296246498866,0.0007300389057961267,0.0002842928232090801,0.04104330322227419,0.028074515986078595,0.02161989228410644
market_1,450,0.017576853518523342,0.037145298866994456,-0.1608342726100606,0.22299134474866897,0.5422222222222223,0.9204311043733284,0.9182561359040124,3,0.010405776629470705,0.38117296246498866,0.0007420810127965589,0.00027147805157200916,0.038139845765448654,0.025722531959211713,0.021425004686812278
block_2_3,450,0.0062492835569179506,0.0005872211459540801,-0.1432578062960341,0.15906365545814038,0.5,1.4618880983686493,1.4607324957907484,3,0.010405776629470705,0.38117296246498866,0.0007420810127965589,0.00027147805157200916,0.038139845765448654,0.025722531959211713,0.021425004686812278
block_4_6,450,0.007238987314299888,0.010116032684773232,-0.08132991332120001,0.09225070716962597,0.5333333333333333,1.8764076792044453,1.875519227820785,3,0.010405776629470705,0.38117296246498866,0.0007420810127965589,0.00027147805157200916,0.038139845765448654,0.025722531959211713,0.021425004686812278
top_3,450,0.02799249569748238,0.025432784786927797,-0.08431694686153768,0.15028451892769235,0.5688888888888889,1.4463650036896267,1.444719881910446,3,0.010405776629470705,0.38117296246498866,0.0007420810127965589,0.00027147805157200916,0.038139845765448654,0.025722531959211713,0.021425004686812278
top_6,450,0.030645579938743554,0.030997029135612253,-0.03202414532785149,0.10031760087165104,0.6288888888888889,1.8739454254245518,1.8729304893508067,3,0.010405776629470705,0.38117296246498866,0.0007420810127965589,0.00027147805157200916,0.038139845765448654,0.025722531959211713,0.021425004686812278
flag_nested,450,0.02040081283686108,0.03333361404455315,-0.06419626218319413,0.12082618482950745,0.5844444444444444,1.4815303905576631,1.4792071556155346,3,0.010405776629470705,0.38117296246498866,0.0007420810127965589,0.00027147805157200916,0.038139845765448654,0.025722531959211713,0.021425004686812278
market_1,450,0.04751365614667053,0.0668095573009661,-0.17507151216467337,0.27285952472630304,0.56,0.9118488470384679,0.9104210357443202,4,0.010669841995847498,0.38117296246498866,0.0007390061765734427,0.00024872553178149296,0.03896836774018384,0.028179211601530276,0.02141780316129268
block_2_3,450,0.01388613748076533,0.010179860772916449,-0.14221232176562135,0.179770332839514,0.5111111111111111,1.4613453435243158,1.4617028420524967,4,0.010669841995847498,0.38117296246498866,0.0007390061765734427,0.00024872553178149296,0.03896836774018384,0.028179211601530276,0.02141780316129268
block_4_6,450,0.016550138489328334,0.014534398732660922,-0.07892812612479091,0.10883377444181615,0.5333333333333333,1.8940318864300314,1.8948299272756646,4,0.010669841995847498,0.38117296246498866,0.0007390061765734427,0.00024872553178149296,0.03896836774018384,0.028179211601530276,0.02141780316129268
top_3,450,0.03256257279113359,0.04681828457008387,-0.07008078547178612,0.1366025401092006,0.5955555555555555,1.445177307184915,1.4447794291535931,4,0.010669841995847498,0.38117296246498866,0.0007390061765734427,0.00024872553178149296,0.03896836774018384,0.028179211601530276,0.02141780316129268
top_6,450,0.039492713326752506,0.03793270456359626,-0.029199411062099737,0.10607838347481585,0.6511111111111111,1.8796338256375849,1.8786728811707234,4,0.010669841995847498,0.38117296246498866,0.0007390061765734427,0.00024872553178149296,0.03896836774018384,0.028179211601530276,0.02141780316129268
flag_nested,450,0.03619749057178401,0.031090253277100095,-0.05850072803337164,0.14037194182461157,0.5777777777777777,1.4788789221511343,1.477697379024124,4,0.010669841995847498,0.38117296246498866,0.0007390061765734427,0.00024872553178149296,0.03896836774018384,0.028179211601530276,0.02141780316129268
market_1,450,0.031264026150429065,0.02191342310551466,-0.1827650520382074,0.25753097617764764,0.52,0.9113058035893332,0.9148485525998225,5,0.01056491326288379,0.38117296246498866,0.0007420401287786978,0.00031684635734820915,0.039081394947660844,0.02648542819691475,0.021217929352422928
block_2_3,450,0.021999749981528705,0.033054615635691814,-0.11519824646906174,0.1690049803121475,0.5488888888888889,1.4537784850649182,1.4542902404049678,5,0.01056491326288379,0.38117296246498866,0.0007420401287786978,0.00031684635734820915,0.039081394947660844,0.02648542819691475,0.021217929352422928
block_4_6,450,0.011330732578962204,0.015210845987131943,-0.08717629126355922,0.1127493756119361,0.5222222222222223,1.8500622151008335,1.8482880926859,5,0.01056491326288379,0.38117296246498866,0.0007420401287786978,0.00031684635734820915,0.039081394947660844,0.02648542819691475,0.021217929352422928
top_3,450,0.04095504203494241,0.049728843955356865,-0.05668492299465152,0.1402529873119029,0.62,1.4020983918157883,1.399581201272623,5,0.01056491326288379,0.38117296246498866,0.0007420401287786978,0.00031684635734820915,0.039081394947660844,0.02648542819691475,0.021217929352422928
top_6,450,0.03563324942117271,0.0384422942578716,-0.030432357190132403,0.1087311714155561,0.6377777777777778,1.848803835301477,1.8475052497429674,5,0.01056491326288379,0.38117296246498866,0.0007420401287786978,0.00031684635734820915,0.039081394947660844,0.02648542819691475,0.021217929352422928
flag_nested,450,0.03163276697457862,0.026761270525463437,-0.06622655584567165,0.13536643302771353,0.5888888888888889,1.4622705743594926,1.4636083641558133,5,0.01056491326288379,0.38117296246498866,0.0007420401287786978,0.00031684635734820915,0.039081394947660844,0.02648542819691475,0.021217929352422928
market_1,450,0.07198980152029506,0.0979442958640021,-0.1506843529262591,0.3085388710686767,0.6088888888888889,0.8910992238869992,0.8914460677949898,6,0.010490280350297327,0.38117296246498866,0.0007386463649203341,0.00027399734554551733,0.04256499165084262,0.027557602319150384,0.02153369624625318
block_2_3,450,0.018951186054665357,0.0293254947056178,-0.1329888277329872,0.17228316493114731,0.5511111111111111,1.4604671858669191,1.461121074792773,6,0.010490280350297327,0.38117296246498866,0.0007386463649203341,0.00027399734554551733,0.04256499165084262,0.027557602319150384,0.02153369624625318
block_4_6,450,0.010236770444446572,0.018249033618010127,-0.08555821242223002,0.10356682465979859,0.5355555555555556,1.8704438787100235,1.8700050546181455,6,0.010490280350297327,0.38117296246498866,0.0007386463649203341,0.00027399734554551733,0.04256499165084262,0.027557602319150384,0.02153369624625318
top_3,450,0.029588594231584865,0.01809296185922131,-0.07275905803066471,0.14637992630070412,0.5422222222222223,1.4276594518917587,1.4274452588412614,6,0.010490280350297327,0.38117296246498866,0.0007386463649203341,0.00027399734554551733,0.04256499165084262,0.027557602319150384,0.02153369624625318
top_6,450,0.039066493295416484,0.04436621725647667,-0.03532226543570555,0.11049651882965086,0.6488888888888888,1.8736869438033412,1.872600784316061,6,0.010490280350297327,0.38117296246498866,0.0007386463649203341,0.00027399734554551733,0.04256499165084262,0.027557602319150384,0.02153369624625318
flag_nested,450,0.043551747972458754,0.04783487088653475,-0.05814570001321376,0.14697499625377214,0.6533333333333333,1.4617340536685868,1.4615868592176082,6,0.010490280350297327,0.38117296246498866,0.0007386463649203341,0.00027399734554551733,0.04256499165084262,0.027557602319150384,0.02153369624625318
market_1,450,0.0007212275867480727,-0.01464344205996116,-0.2540626118445993,0.2465447146373519,0.48444444444444446,0.8860368000738663,0.8851223734839252,7,0.010393946129445478,0.38117296246498866,0.0007312129727698806,0.00022651857445145883,0.03903250695876931,0.028063250802605275,0.021616485679031985
block_2_3,450,0.02847856729293824,0.03186105847058586,-0.11094672709584497,0.17123307410109473,0.5555555555555556,1.4571602777932458,1.4558475687634944,7,0.010393946129445478,0.38117296246498866,0.0007312129727698806,0.00022651857445145883,0.03903250695876931,0.028063250802605275,0.021616485679031985
block_4_6,450,0.01206954829486732,0.009010705304529727,-0.09066492903522255,0.11876028833319052,0.5333333333333333,1.8738579110926632,1.8737937028168148,7,0.010393946129445478,0.38117296246498866,0.0007312129727698806,0.00022651857445145883,0.03903250695876931,0.028063250802605275,0.021616485679031985
top_3,450,0.04042260286561551,0.04637597002068801,-0.06391612405105332,0.15128792548908998,0.6088888888888889,1.4267917819158502,1.425374230447596,7,0.010393946129445478,0.38117296246498866,0.0007312129727698806,0.00022651857445145883,0.03903250695876931,0.028063250802605275,0.021616485679031985
top_6,450,0.034424379747234224,0.03676919127403794,-0.031532585785635565,0.09907355057499785,0.6422222222222222,1.8586541169147142,1.858097546585474,7,0.010393946129445478,0.38117296246498866,0.0007312129727698806,0.00022651857445145883,0.03903250695876931,0.028063250802605275,0.021616485679031985
flag_nested,450,0.02026659250725011,0.018133106247063078,-0.07293475245731416,0.12346317800335137,0.5577777777777778,1.4512792557894805,1.4501245271978327,7,0.010393946129445478,0.38117296246498866,0.0007312129727698806,0.00022651857445145883,0.03903250695876931,0.028063250802605275,0.021616485679031985
market_1,450,0.051192461653448,0.061954387959651275,-0.1461446085538235,0.2738341981244483,0.58,0.9115458199566918,0.913029790483431,8,0.010425469384059301,0.38117296246498866,0.0007360109448061544,0.0002596013745358415,0.0369692661979033,0.026974775054709136,0.021456987263146668
block_2_3,450,0.01775817592172902,0.025686282485186264,-0.14042573685227472,0.16484072718512177,0.5422222222222223,1.4696035777853147,1.4696481850374752,8,0.010425469384059301,0.38117296246498866,0.0007360109448061544,0.0002596013745358415,0.0369692661979033,0.026974775054709136,0.021456987263146668
block_4_6,450,0.004359208852197389,0.008121255410478805,-0.09308813902519716,0.10360372196431636,0.5266666666666666,1.8676261791725344,1.8682516226410477,8,0.010425469384059301,0.38117296246498866,0.0007360109448061544,0.0002596013745358415,0.0369692661979033,0.026974775054709136,0.021456987263146668
top_3,450,0.031268345953886785,0.03952701398106773,-0.09473132621137668,0.16769990853048364,0.5733333333333334,1.4455446622534447,1.4455072877916655,8,0.010425469384059301,0.38117296246498866,0.0007360109448061544,0.0002596013745358415,0.0369692661979033,0.026974775054709136,0.021456987263146668
top_6,450,0.038548113710500584,0.03794340962354035,-0.027738002172214733,0.11423530464181546,0.6333333333333333,1.8542474609094177,1.8548641833866308,8,0.010425469384059301,0.38117296246498866,0.0007360109448061544,0.0002596013745358415,0.0369692661979033,0.026974775054709136,0.021456987263146668
flag_nested,450,0.03598057567500246,0.041533211490022995,-0.049130482400818215,0.1297915460158258,0.6377777777777778,1.473153762946091,1.47410307642816,8,0.010425469384059301,0.38117296246498866,0.0007360109448061544,0.0002596013745358415,0.0369692661979033,0.026974775054709136,0.021456987263146668
market_1,450,0.05991099155702147,0.0809694232418907,-0.15635904561528868,0.29261873829605756,0.58,0.9170234119997334,0.9205839390028945,9,0.010579384865227649,0.38117296246498866,0.0007382844773718847,0.0003049021720505432,0.036782682125386386,0.027203249912589288,0.020538996500509485
block_2_3,450,0.02867484440497864,0.020771809922728084,-0.10904888025802581,0.1778016725057999,0.5333333333333333,1.4661044432843902,1.4670160471817517,9,0.010579384865227649,0.38117296246498866,0.0007382844773718847,0.0003049021720505432,0.036782682125386386,0.027203249912589288,0.020538996500509485
block_4_6,450,0.011550958623613106,0.005395680724602335,-0.07930268966990597,0.10184898225047397,0.5133333333333333,1.883121613280966,1.8834431932484894,9,0.010579384865227649,0.38117296246498866,0.0007382844773718847,0.0003049021720505432,0.036782682125386386,0.027203249912589288,0.020538996500509485
top_3,450,0.0465643230981772,0.051742643513483066,-0.05968563283546684,0.14987884500025542,0.6288888888888889,1.4460729982407534,1.4442703620091684,9,0.010579384865227649,0.38117296246498866,0.0007382844773718847,0.0003049021720505432,0.036782682125386386,0.027203249912589288,0.020538996500509485
top_6,450,0.040552653344051365,0.048597504011854635,-0.0319040872496007,0.11242100877860486,0.6644444444444444,1.8755361247272246,1.8760602400133595,9,0.010579384865227649,0.38117296246498866,0.0007382844773718847,0.0003049021720505432,0.036782682125386386,0.027203249912589288,0.020538996500509485
flag_nested,450,0.046385709369389495,0.049658953169735565,-0.047287233206445345,0.14224210843868584,0.64,1.4820399666541917,1.4842098299118918,9,0.010579384865227649,0.38117296246498866,0.0007382844773718847,0.0003049021720505432,0.036782682125386386,0.027203249912589288,0.020538996500509485
market_1,450,0.040040260272973326,0.05227236033215811,-0.19107333973065138,0.27851890210194385,0.56,0.901448370376714,0.9011616199128359,10,0.010552393231003354,0.38117296246498866,0.0007391585089325397,0.00026118810197573936,0.039655973015057314,0.026518149201161367,0.021933813031832096
block_2_3,450,0.03553380973448254,0.04852341874083922,-0.10096964861721201,0.16957395027721658,0.5822222222222222,1.4742620507261885,1.4746509016789418,10,0.010552393231003354,0.38117296246498866,0.0007391585089325397,0.00026118810197573936,0.039655973015057314,0.026518149201161367,0.021933813031832096
block_4_6,450,0.012714749009741632,0.011310854974168894,-0.08563861492731294,0.09784436399938971,0.5288888888888889,1.8800859086767594,1.8804963377448485,10,0.010552393231003354,0.38117296246498866,0.0007391585089325397,0.00026118810197573936,0.039655973015057314,0.026518149201161367,0.021933813031832096
top_3,450,0.028595433721846933,0.026438731188717715,-0.09253233706559118,0.13754020546905843,0.5777777777777777,1.4487663203455623,1.4486270498311002,10,0.010552393231003354,0.38117296246498866,0.0007391585089325397,0.00026118810197573936,0.039655973015057314,0.026518149201161367,0.021933813031832096
top_6,450,0.04329352052918615,0.03980018486398664,-0.019497628131099783,0.10771539439349347,0.6533333333333333,1.8660413022203362,1.8681204555902817,10,0.010552393231003354,0.38117296246498866,0.0007391585089325397,0.00026118810197573936,0.039655973015057314,0.026518149201161367,0.021933813031832096
flag_nested,450,0.03513994394521482,0.042254067455084046,-0.05740306295179004,0.12750176897854792,0.6244444444444445,1.4713151241103666,1.4714136624770526,10,0.010552393231003354,0.38117296246498866,0.0007391585089325397,0.00026118810197573936,0.039655973015057314,0.026518149201161367,0.021933813031832096
market_1,450,0.023134329345701154,0.004547977227602872,-0.21160577152012855,0.2709727209500046,0.5044444444444445,0.9295872871908326,0.925042925114907,11,0.010537187082702314,0.38117296246498866,0.0007332193163268763,0.0002827256848424234,0.03663413073860499,0.026771666950448126,0.021227366022076512
block_2_3,450,0.014351097677560742,0.006484867855694632,-0.12237292087961547,0.15470895716262278,0.5177777777777778,1.44393551913756,1.4409772959136706,11,0.010537187082702314,0.38117296246498866,0.0007332193163268763,0.0002827256848424234,0.03663413073860499,0.026771666950448126,0.021227366022076512
block_4_6,450,0.011693319098208962,0.007085803004249479,-0.08357734739763722,0.1046852088401557,0.5222222222222223,1.8716034410536657,1.8719834484775988,11,0.010537187082702314,0.38117296246498866,0.0007332193163268763,0.0002827256848424234,0.03663413073860499,0.026771666950448126,0.021227366022076512
top_3,450,0.037868432613950884,0.04313850451106256,-0.06263062165984366,0.14786748407800143,0.6044444444444445,1.4129089208163446,1.413032276108367,11,0.010537187082702314,0.38117296246498866,0.0007332193163268763,0.0002827256848424234,0.03663413073860499,0.026771666950448126,0.021227366022076512
top_6,450,0.03967596477502575,0.03903620205459765,-0.02925776079299216,0.11016871737273143,0.62,1.868339548169071,1.8694482526976017,11,0.010537187082702314,0.38117296246498866,0.0007332193163268763,0.0002827256848424234,0.03663413073860499,0.026771666950448126,0.021227366022076512
flag_nested,450,0.030907146074930874,0.0249479127610615,-0.06285328310573254,0.12954399206215714,0.5822222222222222,1.4751374004448496,1.4725656582221645,11,0.010537187082702314,0.38117296246498866,0.0007332193163268763,0.0002827256848424234,0.03663413073860499,0.026771666950448126,0.021227366022076512
market_1,450,0.03540056250677259,0.036660468385651956,-0.191249601458774,0.2782097792518592,0.5222222222222223,0.9253691216611057,0.9253174394961916,12,0.010566016647438827,0.38117296246498866,0.000742258001575804,0.00025802074600558833,0.039396174085478824,0.025429639439093373,0.023943515192152546
block_2_3,450,0.025817325305128227,0.04092155574054902,-0.12011140682281404,0.1675635462035573,0.5777777777777777,1.4884515412769346,1.488869762481488,12,0.010566016647438827,0.38117296246498866,0.000742258001575804,0.00025802074600558833,0.039396174085478824,0.025429639439093373,0.023943515192152546
block_4_6,450,0.02563167757004394,0.02927988607047249,-0.05536064669223712,0.10792206100350452,0.5644444444444444,1.8650941553778575,1.867570967537614,12,0.010566016647438827,0.38117296246498866,0.000742258001575804,0.00025802074600558833,0.039396174085478824,0.025429639439093373,0.023943515192152546
top_3,450,0.047027311071094716,0.055193852446069155,-0.06848677451150331,0.1606895379257725,0.6333333333333333,1.4499752814300235,1.451049805522285,12,0.010566016647438827,0.38117296246498866,0.000742258001575804,0.00025802074600558833,0.039396174085478824,0.025429639439093373,0.023943515192152546
top_6,450,0.04743636079390977,0.050550680616170865,-0.009617170017431698,0.11065188083556664,0.7288888888888889,1.8340543450741609,1.8368826743292008,12,0.010566016647438827,0.38117296246498866,0.000742258001575804,0.00025802074600558833,0.039396174085478824,0.025429639439093373,0.023943515192152546
flag_nested,450,0.03693295419005411,0.04273731392145713,-0.058389869908753764,0.12322824143430772,0.6355555555555555,1.4802014511010653,1.4810209809782557,12,0.010566016647438827,0.38117296246498866,0.000742258001575804,0.00025802074600558833,0.039396174085478824,0.025429639439093373,0.023943515192152546
market_1,450,0.051325759959516055,0.05602201304939501,-0.14723976831324123,0.2569178774326078,0.5688888888888889,0.8801041721366227,0.881079991083757,13,0.010552678263768496,0.38117296246498866,0.0007326792429558554,0.00025116877624383957,0.03987203580699247,0.026505203739977168,0.022650692440995525
block_2_3,450,0.013192820663121075,0.02210360567787019,-0.10819545410291105,0.13926746512754393,0.54,1.4654159605962809,1.4653270029086793,13,0.010552678263768496,0.38117296246498866,0.0007326792429558554,0.00025116877624383957,0.03987203580699247,0.026505203739977168,0.022650692440995525
block_4_6,450,0.0014724355229870124,-0.0036844790353413497,-0.08618052081672493,0.09510133079214432,0.4888888888888889,1.8643478834545038,1.863607165277134,13,0.010552678263768496,0.38117296246498866,0.0007326792429558554,0.00025116877624383957,0.03987203580699247,0.026505203739977168,0.022650692440995525
top_3,450,0.021415549565144562,0.029990245514963272,-0.08714070918791911,0.12890059064715137,0.5666666666666667,1.4487695679561485,1.4487703583503404,13,0.010552678263768496,0.38117296246498866,0.0007326792429558554,0.00025116877624383957,0.03987203580699247,0.026505203739977168,0.022650692440995525
top_6,450,0.04203675927431836,0.04376253593240808,-0.028058283789138695,0.10544420672031884,0.6533333333333333,1.8545884536096764,1.8541616586911642,13,0.010552678263768496,0.38117296246498866,0.0007326792429558554,0.00025116877624383957,0.03987203580699247,0.026505203739977168,0.022650692440995525
flag_nested,450,0.03436288424767175,0.035485228104192024,-0.04433810257856209,0.12572270210636757,0.6288888888888889,1.4529780983520333,1.4533712512209114,13,0.010552678263768496,0.38117296246498866,0.0007326792429558554,0.00025116877624383957,0.03987203580699247,0.026505203739977168,0.022650692440995525
market_1,450,0.03402639297027673,0.042929158213889665,-0.18898841272586528,0.2516620516138846,0.5644444444444444,0.9632006649831707,0.9648029595266916,14,0.010758490085729714,0.38117296246498866,0.0007307148142677703,0.0002349128302353634,0.0337568313190165,0.025709155896967387,0.02143275864268432
block_2_3,450,0.011371816591184927,0.0031323900073273684,-0.1290315150612508,0.15650761737111488,0.5044444444444445,1.4898600434312745,1.4910364699414924,14,0.010758490085729714,0.38117296246498866,0.0007307148142677703,0.0002349128302353634,0.0337568313190165,0.025709155896967387,0.02143275864268432
block_4_6,450,0.010302480830256155,0.00669982018291672,-0.07757331088513265,0.09920379319792548,0.5155555555555555,1.8773061905303252,1.8792176389818107,14,0.010758490085729714,0.38117296246498866,0.0007307148142677703,0.0002349128302353634,0.0337568313190165,0.025709155896967387,0.02143275864268432
top_3,450,0.034829121701288046,0.03772006671837634,-0.07770816221757358,0.1523257992574234,0.5755555555555556,1.4502721210860363,1.452088141542671,14,0.010758490085729714,0.38117296246498866,0.0007307148142677703,0.0002349128302353634,0.0337568313190165,0.025709155896967387,0.02143275864268432
top_6,450,0.04609001925257112,0.04634989665049968,-0.023391655696151425,0.11934195635069389,0.6622222222222223,1.8752792761817219,1.8775120201648194,14,0.010758490085729714,0.38117296246498866,0.0007307148142677703,0.0002349128302353634,0.0337568313190165,0.025709155896967387,0.02143275864268432
flag_nested,450,0.030839229069360378,0.037104190267146106,-0.05535363564809153,0.12687859608682966,0.6,1.5121223885401778,1.5139812719796566,14,0.010758490085729714,0.38117296246498866,0.0007307148142677703,0.0002349128302353634,0.0337568313190165,0.025709155896967387,0.02143275864268432
market_1,450,0.05037764934278304,0.06875301441237121,-0.14508396487976605,0.25732298952764643,0.5911111111111111,0.9067782562372125,0.9048505942164115,15,0.010581469505579007,0.38117296246498866,0.0007287719819210061,0.00025669583200162854,0.036594151080128534,0.026901928617024198,0.02025889346722678
block_2_3,450,0.019485463716119738,0.020312582291950758,-0.1290278248414349,0.16253071122841048,0.5466666666666666,1.4705410162633183,1.4703258287251115,15,0.010581469505579007,0.38117296246498866,0.0007287719819210061,0.00025669583200162854,0.036594151080128534,0.026901928617024198,0.02025889346722678
block_4_6,450,0.013207961418867799,0.009671342467279034,-0.08115759897183532,0.10170402434618608,0.5311111111111111,1.8962608458513532,1.8968257513199367,15,0.010581469505579007,0.38117296246498866,0.0007287719819210061,0.00025669583200162854,0.036594151080128534,0.026901928617024198,0.02025889346722678
top_3,450,0.04373025998697003,0.03941347370394033,-0.06247828708103073,0.16209246556169332,0.6111111111111112,1.441195458452487,1.441382712088922,15,0.010581469505579007,0.38117296246498866,0.0007287719819210061,0.00025669583200162854,0.036594151080128534,0.026901928617024198,0.02025889346722678
top_6,450,0.03084984730963985,0.03117088532989048,-0.037250714059880334,0.10452447993463068,0.6355555555555555,1.8870626156020953,1.8860254678809933,15,0.010581469505579007,0.38117296246498866,0.0007287719819210061,0.00025669583200162854,0.036594151080128534,0.026901928617024198,0.02025889346722678
flag_nested,450,0.03711286391223517,0.04272608614573875,-0.04620821912171778,0.12896326490652735,0.6177777777777778,1.4767960746273143,1.4756109471258607,15,0.010581469505579007,0.38117296246498866,0.0007287719819210061,0.00025669583200162854,0.036594151080128534,0.026901928617024198,0.02025889346722678
market_1,450,0.0702149194014476,0.07592745954350223,-0.1534536074814858,0.29003735691577737,0.5888888888888889,0.9366909438913639,0.9366447588481481,16,0.010535495518986273,0.38117296246498866,0.0007428817284066599,0.0002261849676819805,0.037914138906373594,0.02482586786011098,0.021126726316544102
block_2_3,450,0.03472344914825633,0.04703696804625031,-0.09886226231541967,0.17766898168817058,0.5866666666666667,1.4926749983911451,1.4943666137251972,16,0.010535495518986273,0.38117296246498866,0.0007428817284066599,0.0002261849676819805,0.037914138906373594,0.02482586786011098,0.021126726316544102
block_4_6,450,0.014535506528113902,0.02023567444154831,-0.0817294099304315,0.11454272670095782,0.5644444444444444,1.8799680640820178,1.8805944372829655,16,0.010535495518986273,0.38117296246498866,0.0007428817284066599,0.0002261849676819805,0.037914138906373594,0.02482586786011098,0.021126726316544102
top_3,450,0.056796838982743875,0.05618099338649974,-0.05128411885935946,0.17132812566195926,0.6311111111111111,1.4557712704354027,1.4571490340372768,16,0.010535495518986273,0.38117296246498866,0.0007428817284066599,0.0002261849676819805,0.037914138906373594,0.02482586786011098,0.021126726316544102
top_6,450,0.03809186819618804,0.039923124013799285,-0.029567441338556967,0.11131064503469798,0.64,1.8672098459206439,1.8666334936321352,16,0.010535495518986273,0.38117296246498866,0.0007428817284066599,0.0002261849676819805,0.037914138906373594,0.02482586786011098,0.021126726316544102
flag_nested,450,0.05622360840745338,0.056918935122346505,-0.041512535773018,0.14379986460507088,0.6577777777777778,1.495508100879044,1.495909940947847,16,0.010535495518986273,0.38117296246498866,0.0007428817284066599,0.0002261849676819805,0.037914138906373594,0.02482586786011098,0.021126726316544102
market_1,450,0.01625011007934697,0.02963272124625109,-0.20072257783497732,0.24979920442129455,0.5333333333333333,0.9127795789625178,0.9136915453525115,17,0.010541637622373637,0.38117296246498866,0.0007370235183448374,0.00022745105285268755,0.03745991551774904,0.028428801006814247,0.020828091988250683
block_2_3,450,-0.002035518452790386,0.010975055311963928,-0.15862110368284504,0.14635329593929775,0.5244444444444445,1.4513530988232555,1.4532027559803966,17,0.010541637622373637,0.38117296246498866,0.0007370235183448374,0.00022745105285268755,0.03745991551774904,0.028428801006814247,0.020828091988250683
block_4_6,450,0.01420730294258297,0.01487434750919028,-0.08504266664922851,0.11651407505028166,0.5244444444444445,1.8565364990434308,1.8561659200168346,17,0.010541637622373637,0.38117296246498866,0.0007370235183448374,0.00022745105285268755,0.03745991551774904,0.028428801006814247,0.020828091988250683
top_3,450,0.03287186630439597,0.03363898564230854,-0.06841222508364059,0.15017114236770598,0.6022222222222222,1.4186854330780465,1.419601469089466,17,0.010541637622373637,0.38117296246498866,0.0007370235183448374,0.00022745105285268755,0.03745991551774904,0.028428801006814247,0.020828091988250683
top_6,450,0.04205719646129457,0.040707073544407404,-0.03112118691619964,0.11938936162001718,0.6533333333333333,1.8482642894599222,1.8472512533351735,17,0.010541637622373637,0.38117296246498866,0.0007370235183448374,0.00022745105285268755,0.03745991551774904,0.028428801006814247,0.020828091988250683
flag_nested,450,0.021899432855598085,0.03464618249734708,-0.06467548169176388,0.12418721040680666,0.6088888888888889,1.4637394662032917,1.4644167414007911,17,0.010541637622373637,0.38117296246498866,0.0007370235183448374,0.00022745105285268755,0.03745991551774904,0.028428801006814247,0.020828091988250683
market_1,450,0.020414343202581373,0.03874219214755485,-0.22384941220242927,0.2510701822234316,0.5488888888888889,0.9346018942543488,0.9365977447670345,18,0.010613136680081327,0.38117296246498866,0.0007326720749280426,0.0002767819103944025,0.03755065818318365,0.026129446339144907,0.02160946368739362
block_2_3,450,0.014169462433315431,0.011139725958271184,-0.1284963110683612,0.1624810647704921,0.5266666666666666,1.4835520484416809,1.4845168836251958,18,0.010613136680081327,0.38117296246498866,0.0007326720749280426,0.0002767819103944025,0.03755065818318365,0.026129446339144907,0.02160946368739362
block_4_6,450,0.02122123069835884,0.020664253620459757,-0.07477559595946148,0.1144267239715906,0.5666666666666667,1.882222125946163,1.884646203043853,18,0.010613136680081327,0.38117296246498866,0.0007326720749280426,0.0002767819103944025,0.03755065818318365,0.026129446339144907,0.02160946368739362
top_3,450,0.034195573430467543,0.038382744217183545,-0.07239007919021215,0.140461745485286,0.6044444444444445,1.4538850529547467,1.4549166363866954,18,0.010613136680081327,0.38117296246498866,0.0007326720749280426,0.0002767819103944025,0.03755065818318365,0.026129446339144907,0.02160946368739362
top_6,450,0.04046766599247298,0.04396345340082862,-0.0280907229244782,0.1107795729393342,0.66,1.861959732019246,1.8645027871934434,18,0.010613136680081327,0.38117296246498866,0.0007326720749280426,0.0002767819103944025,0.03755065818318365,0.026129446339144907,0.02160946368739362
flag_nested,450,0.02563888240747189,0.024243124853215885,-0.06057035359171957,0.13113219281929117,0.5733333333333334,1.490854248280055,1.4929601171102251,18,0.010613136680081327,0.38117296246498866,0.0007326720749280426,0.0002767819103944025,0.03755065818318365,0.026129446339144907,0.02160946368739362
market_1,450,0.03420539417355181,0.050867269293460804,-0.1685884360030941,0.2617131128535898,0.54,0.9214482337868629,0.9201994418035675,19,0.01058570017573493,0.38117296246498866,0.00073631439868376,0.00029681920184205374,0.03677734770762791,0.025752128897277366,0.023098221010266776
block_2_3,450,0.004939057803341322,0.006887556682033587,-0.14658044410181098,0.14846685499611337,0.5155555555555555,1.4824153464889285,1.4822001326613348,19,0.01058570017573493,0.38117296246498866,0.00073631439868376,0.00029681920184205374,0.03677734770762791,0.025752128897277366,0.023098221010266776
block_4_6,450,0.015518855350882713,0.017931014188053138,-0.07833322162834801,0.10751020790749972,0.5555555555555556,1.8612838326102847,1.860616791929913,19,0.01058570017573493,0.38117296246498866,0.00073631439868376,0.00029681920184205374,0.03677734770762791,0.025752128897277366,0.023098221010266776
top_3,450,0.024689388767543827,0.024511104711759893,-0.09306929761651637,0.1483145696411897,0.5622222222222222,1.4723342192852154,1.4726697940520754,19,0.01058570017573493,0.38117296246498866,0.00073631439868376,0.00029681920184205374,0.03677734770762791,0.025752128897277366,0.023098221010266776
top_6,450,0.049796283231377,0.05149950416556942,-0.01914829321226341,0.11834351099240019,0.6844444444444444,1.83660689091856,1.8358693631271434,19,0.01058570017573493,0.38117296246498866,0.00073631439868376,0.00029681920184205374,0.03677734770762791,0.025752128897277366,0.023098221010266776
flag_nested,450,0.030814276969345668,0.03527714950863651,-0.07101239743490842,0.12854717620523542,0.5844444444444444,1.4844050271799278,1.4835883960004577,19,0.01058570017573493,0.38117296246498866,0.00073631439868376,0.00029681920184205374,0.03677734770762791,0.025752128897277366,0.023098221010266776
market_1,450,0.05247444750059948,0.06921344784874997,-0.16826892023126744,0.2791586809717976,0.5733333333333334,0.9263360760364979,0.9259253206576015,20,0.010595665404090503,0.38117296246498866,0.000734798477410117,0.00029911356015668855,0.037943322700930995,0.026144413593356945,0.02206441603185652
block_2_3,450,0.015815699134271367,0.02400454973923207,-0.1225388872271086,0.1666062734596551,0.5533333333333333,1.4742806054698845,1.4745875715723349,20,0.010595665404090503,0.38117296246498866,0.000734798477410117,0.00029911356015668855,0.037943322700930995,0.026144413593356945,0.02206441603185652
block_4_6,450,0.016397654599924576,0.01984379399753374,-0.07924192436432773,0.111524633465839,0.5355555555555556,1.8756466900065143,1.876364639723566,20,0.010595665404090503,0.38117296246498866,0.000734798477410117,0.00029911356015668855,0.037943322700930995,0.026144413593356945,0.02206441603185652
top_3,450,0.032244879867678794,0.04013211685360801,-0.0811836330236469,0.1408237006154681,0.5911111111111111,1.4395881690097398,1.4393190510282734,20,0.010595665404090503,0.38117296246498866,0.000734798477410117,0.00029911356015668855,0.037943322700930995,0.026144413593356945,0.02206441603185652
top_6,450,0.03800892028072805,0.03702947621244791,-0.02670419706745375,0.10645778918866927,0.6711111111111111,1.873932268349654,1.8730655989138723,20,0.010595665404090503,0.38117296246498866,0.000734798477410117,0.00029911356015668855,0.037943322700930995,0.026144413593356945,0.02206441603185652
flag_nested,450,0.03764929806652239,0.042638274626920256,-0.056490732686055374,0.14613794712321201,0.6088888888888889,1.48452917127462,1.4840154756631059,20,0.010595665404090503,0.38117296246498866,0.000734798477410117,0.00029911356015668855,0.037943322700930995,0.026144413593356945,0.02206441603185652
market_1,450,0.037261031499514694,0.04642966093598385,-0.16214713826346341,0.26236454826517264,0.5555555555555556,0.8968002601134026,0.896061403398872,21,0.010563182196242195,0.38117296246498866,0.0007331438635520692,0.0002719253812779737,0.03904479089468159,0.02739303678906153,0.021417098694734984
block_2_3,450,0.027932209775111412,0.0233891325464454,-0.10707425827543388,0.17109328316385022,0.5555555555555556,1.460403992505239,1.4601760405489232,21,0.010563182196242195,0.38117296246498866,0.0007331438635520692,0.0002719253812779737,0.03904479089468159,0.02739303678906153,0.021417098694734984
block_4_6,450,0.01710663399934969,0.01919187769984127,-0.07536906504623156,0.11289349215192253,0.5622222222222222,1.885146877654881,1.8847417327220586,21,0.010563182196242195,0.38117296246498866,0.0007331438635520692,0.0002719253812779737,0.03904479089468159,0.02739303678906153,0.021417098694734984
top_3,450,0.04576583345945275,0.051521918927239466,-0.06815340563797419,0.15949773360072758,0.6088888888888889,1.4368566720772198,1.4357297238454,21,0.010563182196242195,0.38117296246498866,0.0007331438635520692,0.0002719253812779737,0.03904479089468159,0.02739303678906153,0.021417098694734984
top_6,450,0.042574629421735025,0.05014689995094483,-0.03114556681762609,0.11448200333944535,0.6466666666666666,1.8821842930152004,1.8826796601199087,21,0.010563182196242195,0.38117296246498866,0.0007331438635520692,0.0002719253812779737,0.03904479089468159,0.02739303678906153,0.021417098694734984
flag_nested,450,0.035236352519925296,0.039333147281037956,-0.044120533517730966,0.12323538135760764,0.6355555555555555,1.4668394940301024,1.4661545782475622,21,0.010563182196242195,0.38117296246498866,0.0007331438635520692,0.0002719253812779737,0.03904479089468159,0.02739303678906153,0.021417098694734984
market_1,450,0.033733290068442744,0.03929844825474568,-0.19407151448123644,0.26091883759609585,0.5622222222222222,0.9215974300050511,0.920617442981576,22,0.010576476835640752,0.38117296246498866,0.0007332256304182744,0.000263389163469914,0.03685301223206896,0.02690957024725964,0.023563866991807268
block_2_3,450,0.006604300873439159,-7.984604942185111e-05,-0.12699705625655344,0.1566870149058844,0.5,1.4507388263007184,1.449040809308373,22,0.010576476835640752,0.38117296246498866,0.0007332256304182744,0.000263389163469914,0.03685301223206896,0.02690957024725964,0.023563866991807268
block_4_6,450,0.009107735824069046,0.0024805057929363997,-0.0907114232544185,0.11041147196301594,0.5044444444444445,1.8468871368559117,1.844916803836288,22,0.010576476835640752,0.38117296246498866,0.0007332256304182744,0.000263389163469914,0.03685301223206896,0.02690957024725964,0.023563866991807268
top_3,450,0.038016612383792975,0.04139558437188627,-0.0640607898909209,0.1563230337383817,0.6111111111111112,1.4267915425007254,1.425987693563577,22,0.010576476835640752,0.38117296246498866,0.0007332256304182744,0.000263389163469914,0.03685301223206896,0.02690957024725964,0.023563866991807268
top_6,450,0.04710584853843026,0.04516722877272998,-0.021091697466882255,0.1208649325090677,0.6977777777777778,1.8323706497455747,1.8303981739130308,22,0.010576476835640752,0.38117296246498866,0.0007332256304182744,0.000263389163469914,0.03685301223206896,0.02690957024725964,0.023563866991807268
flag_nested,450,0.03542768428051715,0.04135537885791664,-0.04964731054328845,0.13319123279009276,0.6111111111111112,1.4661441567542888,1.4647491728690398,22,0.010576476835640752,0.38117296246498866,0.0007332256304182744,0.000263389163469914,0.03685301223206896,0.02690957024725964,0.023563866991807268
market_1,450,0.033527819611008196,0.03247671604566526,-0.19066400460034424,0.252207639822087,0.5355555555555556,0.8869575161324778,0.8865353315224607,23,0.01033089209962006,0.38117296246498866,0.0007371186550328061,0.0002839978217083483,0.03900605123945223,0.025180052528686717,0.021761211155951476
block_2_3,450,0.022522603909575643,0.020708965918307884,-0.10981383057303701,0.16546209163539893,0.5488888888888889,1.469664903726401,1.4698514319485942,23,0.01033089209962006,0.38117296246498866,0.0007371186550328061,0.0002839978217083483,0.03900605123945223,0.025180052528686717,0.021761211155951476
block_4_6,450,0.013797954323793991,0.018670639480442855,-0.08430844851988957,0.10316073374901524,0.5488888888888889,1.8729315463147924,1.8732878239548363,23,0.01033089209962006,0.38117296246498866,0.0007371186550328061,0.0002839978217083483,0.03900605123945223,0.025180052528686717,0.021761211155951476
top_3,450,0.04031371495497104,0.039029451497180206,-0.06223720597851532,0.15106757731478637,0.5955555555555555,1.456765009428176,1.4565493370332256,23,0.01033089209962006,0.38117296246498866,0.0007371186550328061,0.0002839978217083483,0.03900605123945223,0.025180052528686717,0.021761211155951476
top_6,450,0.040128217722599516,0.041465867001884184,-0.029813334933938583,0.11880092873812333,0.6511111111111111,1.8606099762531652,1.8609344659459601,23,0.01033089209962006,0.38117296246498866,0.0007371186550328061,0.0002839978217083483,0.03900605123945223,0.025180052528686717,0.021761211155951476
flag_nested,450,0.03691651002627361,0.04337903789481866,-0.05484195990266135,0.14236756071508058,0.6177777777777778,1.4620693842318047,1.4618796510098622,23,0.01033089209962006,0.38117296246498866,0.0007371186550328061,0.0002839978217083483,0.03900605123945223,0.025180052528686717,0.021761211155951476
market_1,450,0.0329800982291143,0.05846413775988306,-0.19562742769170616,0.2586164057193093,0.5711111111111111,0.9051700403824772,0.9033316035211449,24,0.010446989071100506,0.38117296246498866,0.0007343024509392137,0.0002631177275251445,0.03959481386437528,0.027280126172109904,0.021881279418038337
block_2_3,450,0.01682670817338218,0.03604253826211587,-0.1374151323296206,0.1763049452279237,0.5577777777777778,1.4458274316663353,1.4458206499813648,24,0.010446989071100506,0.38117296246498866,0.0007343024509392137,0.0002631177275251445,0.03959481386437528,0.027280126172109904,0.021881279418038337
block_4_6,450,0.023745579749501186,0.027388246815002022,-0.07607440434861243,0.12891006050900822,0.5777777777777777,1.8673426107866382,1.8685456662315336,24,0.010446989071100506,0.38117296246498866,0.0007343024509392137,0.0002631177275251445,0.03959481386437528,0.027280126172109904,0.021881279418038337
top_3,450,0.03608866429306102,0.04094278836601262,-0.07928493892308225,0.1536828210250254,0.6,1.4252515143034623,1.4248195826096082,24,0.010446989071100506,0.38117296246498866,0.0007343024509392137,0.0002631177275251445,0.03959481386437528,0.027280126172109904,0.021881279418038337
top_6,450,0.03896594925154567,0.04056040753283448,-0.024025823347483245,0.10809742605643105,0.6866666666666666,1.85751065061599,1.8588534862512436,24,0.010446989071100506,0.38117296246498866,0.0007343024509392137,0.0002631177275251445,0.03959481386437528,0.027280126172109904,0.021881279418038337
flag_nested,450,0.02988276653869522,0.03843418676524519,-0.07698444639507868,0.13304533016255135,0.5866666666666667,1.461927212984028,1.4612495105469745,24,0.010446989071100506,0.38117296246498866,0.0007343024509392137,0.0002631177275251445,0.03959481386437528,0.027280126172109904,0.021881279418038337
market_1,450,0.0286843308670679,0.014041301515315418,-0.19589136810153035,0.2555598882349952,0.5266666666666666,0.87498655109427,0.8748696792906221,25,0.01054148674306383,0.38117296246498866,0.000734160416756316,0.00032256190723597977,0.040438111407726136,0.027191192601591415,0.022342975174602944
block_2_3,450,0.018459251240490287,0.029081654117390932,-0.12439987274783874,0.16266329815799074,0.5577777777777778,1.4441582770015167,1.4417533636578832,25,0.01054148674306383,0.38117296246498866,0.000734160416756316,0.00032256190723597977,0.040438111407726136,0.027191192601591415,0.022342975174602944
block_4_6,450,0.007796958050278055,0.009074960177593263,-0.08464659085225176,0.09355445598970602,0.5222222222222223,1.8611452383150364,1.8601706645933282,25,0.01054148674306383,0.38117296246498866,0.000734160416756316,0.00032256190723597977,0.040438111407726136,0.027191192601591415,0.022342975174602944
top_3,450,0.036768363650471675,0.042248884907797685,-0.08112910251102748,0.15218751983872048,0.5644444444444444,1.4270838736291156,1.4240051318287354,25,0.01054148674306383,0.38117296246498866,0.000734160416756316,0.00032256190723597977,0.040438111407726136,0.027191192601591415,0.022342975174602944
top_6,450,0.03709359714809907,0.036382449670463585,-0.030329417411418126,0.09998413049893884,0.6488888888888888,1.8550247259447836,1.8561058420263492,25,0.01054148674306383,0.38117296246498866,0.000734160416756316,0.00032256190723597977,0.040438111407726136,0.027191192601591415,0.022342975174602944
flag_nested,450,0.03110945787477498,0.03759703959948489,-0.05797950803410148,0.11703072575824733,0.6155555555555555,1.4420482973098228,1.4413303684370997,25,0.01054148674306383,0.38117296246498866,0.000734160416756316,0.00032256190723597977,0.040438111407726136,0.027191192601591415,0.022342975174602944
market_1,450,0.059330375174234506,0.059499084151595674,-0.17733713249485594,0.2917904865449235,0.5733333333333334,0.8997810247187022,0.8987629390047474,26,0.010429179858546155,0.38117296246498866,0.0007346209607519329,0.00029663719937209065,0.03936214976772727,0.025757515200425078,0.020604932224789624
block_2_3,450,0.011115946012711358,0.008336945032510083,-0.13771401655826335,0.16275312714372805,0.5155555555555555,1.473370951873822,1.4721627746293835,26,0.010429179858546155,0.38117296246498866,0.0007346209607519329,0.00029663719937209065,0.03936214976772727,0.025757515200425078,0.020604932224789624
block_4_6,450,0.018979316530716873,0.020052489131479792,-0.07766987495278901,0.10677708214242938,0.5711111111111111,1.889133589291578,1.8896243608387218,26,0.010429179858546155,0.38117296246498866,0.0007346209607519329,0.00029663719937209065,0.03936214976772727,0.025757515200425078,0.020604932224789624
top_3,450,0.0241682710822913,0.01896188159837901,-0.08917185892775009,0.12932793787132785,0.5466666666666666,1.4563755509207674,1.45554064910957,26,0.010429179858546155,0.38117296246498866,0.0007346209607519329,0.00029663719937209065,0.03936214976772727,0.025757515200425078,0.020604932224789624
top_6,450,0.032305804685813774,0.03296136774671697,-0.04412239208505447,0.1039537263920664,0.6333333333333333,1.896595703688607,1.899118408104101,26,0.010429179858546155,0.38117296246498866,0.0007346209607519329,0.00029663719937209065,0.03936214976772727,0.025757515200425078,0.020604932224789624
flag_nested,450,0.03790122921004464,0.03787007019717381,-0.05600039351311446,0.13293162420534324,0.62,1.4761511049808622,1.4755723831132723,26,0.010429179858546155,0.38117296246498866,0.0007346209607519329,0.00029663719937209065,0.03936214976772727,0.025757515200425078,0.020604932224789624
market_1,450,0.0679598251227879,0.07144806435714326,-0.13621288229849102,0.2959275446865963,0.6,0.908108975033257,0.9112429668558921,27,0.010362774640536648,0.38117296246498866,0.0007380600261582683,0.00031686802517008616,0.03956875672732989,0.02659021047058428,0.02194087803472998
block_2_3,450,0.027240097695750743,0.02514201147029856,-0.11431069382131351,0.1569062443304643,0.5355555555555556,1.47787458949879,1.4779561041748477,27,0.010362774640536648,0.38117296246498866,0.0007380600261582683,0.00031686802517008616,0.03956875672732989,0.02659021047058428,0.02194087803472998
block_4_6,450,0.004007489867847049,0.004610986496230032,-0.07815639112236217,0.0918227498922394,0.5133333333333333,1.883806854462051,1.884182203086846,27,0.010362774640536648,0.38117296246498866,0.0007380600261582683,0.00031686802517008616,0.03956875672732989,0.02659021047058428,0.02194087803472998
top_3,450,0.03871479070845178,0.046164672282146824,-0.0638600932083391,0.13642845311849022,0.6044444444444445,1.4435698614467427,1.4438830593563656,27,0.010362774640536648,0.38117296246498866,0.0007380600261582683,0.00031686802517008616,0.03956875672732989,0.02659021047058428,0.02194087803472998
top_6,450,0.02732467755356788,0.03627644691174152,-0.047794516981590734,0.09352590228655205,0.6266666666666667,1.86802427418024,1.868351504137158,27,0.010362774640536648,0.38117296246498866,0.0007380600261582683,0.00031686802517008616,0.03956875672732989,0.02659021047058428,0.02194087803472998
flag_nested,450,0.044011884643476315,0.05091112793069899,-0.04461122960856099,0.13984436187608673,0.6311111111111111,1.4722684761101783,1.474105764035935,27,0.010362774640536648,0.38117296246498866,0.0007380600261582683,0.00031686802517008616,0.03956875672732989,0.02659021047058428,0.02194087803472998
market_1,450,0.056853155233034816,0.07918298624673628,-0.15787627390682937,0.3081520804764406,0.5844444444444444,0.9000885525590085,0.8982522922752054,28,0.010492168511490109,0.38117296246498866,0.000728690314446469,0.00027418599936358985,0.0392217026224311,0.02699476480930474,0.022350484924568183
block_2_3,450,0.02675955616036274,0.0188855930348198,-0.12300755060241982,0.18298253928213304,0.5333333333333333,1.4690690855932573,1.4690469436055218,28,0.010492168511490109,0.38117296246498866,0.000728690314446469,0.00027418599936358985,0.0392217026224311,0.02699476480930474,0.022350484924568183
block_4_6,450,0.010217102697037938,0.010616654070166705,-0.08533927280506155,0.10359198486409535,0.5266666666666666,1.8739891877125492,1.8732103564260858,28,0.010492168511490109,0.38117296246498866,0.000728690314446469,0.00027418599936358985,0.0392217026224311,0.02699476480930474,0.022350484924568183
top_3,450,0.018411402127400427,0.01177033588102894,-0.08256985110963866,0.12506151087581627,0.5355555555555556,1.433486526781938,1.4326787862134167,28,0.010492168511490109,0.38117296246498866,0.000728690314446469,0.00027418599936358985,0.0392217026224311,0.02699476480930474,0.022350484924568183
top_6,450,0.0333933390680348,0.044246850169959606,-0.03707137670889235,0.1049224192901281,0.6244444444444445,1.8486852570119496,1.8494035347817792,28,0.010492168511490109,0.38117296246498866,0.000728690314446469,0.00027418599936358985,0.0392217026224311,0.02699476480930474,0.022350484924568183
flag_nested,450,0.03496468439716804,0.04742823500546736,-0.06257847840613867,0.13472543852495633,0.6333333333333333,1.4612938308376304,1.4598566568554119,28,0.010492168511490109,0.38117296246498866,0.000728690314446469,0.00027418599936358985,0.0392217026224311,0.02699476480930474,0.022350484924568183
market_1,450,0.043269249871866824,0.04139270598234239,-0.16835502606792896,0.26681557958562757,0.5511111111111111,0.9439868998255451,0.9433625904975194,29,0.010499257072745925,0.38117296246498866,0.0007436373392652951,0.00026541886255243563,0.035999608513285986,0.02607096441627124,0.02216122855037964
block_2_3,450,0.003400388076564177,0.00010202379800930644,-0.14156734044921637,0.15190307388290464,0.5,1.501327256783168,1.499816589287394,29,0.010499257072745925,0.38117296246498866,0.0007436373392652951,0.00026541886255243563,0.035999608513285986,0.02607096441627124,0.02216122855037964
block_4_6,450,0.01546971718563925,0.01472059681593994,-0.07404195594291348,0.10776913881026728,0.54,1.8934042446096706,1.8913289895359302,29,0.010499257072745925,0.38117296246498866,0.0007436373392652951,0.00026541886255243563,0.035999608513285986,0.02607096441627124,0.02216122855037964
top_3,450,0.022249037451181133,0.015407061629006926,-0.08510962539078909,0.1399014930440945,0.5355555555555556,1.4731516288939297,1.4711229527325005,29,0.010499257072745925,0.38117296246498866,0.0007436373392652951,0.00026541886255243563,0.035999608513285986,0.02607096441627124,0.02216122855037964
top_6,450,0.04016112521165498,0.04286747125175072,-0.02130778475581154,0.10311726303129695,0.6777777777777778,1.8839887833279696,1.8815710831949082,29,0.010499257072745925,0.38117296246498866,0.0007436373392652951,0.00026541886255243563,0.035999608513285986,0.02607096441627124,0.02216122855037964
flag_nested,450,0.03137919870217459,0.03408809871166209,-0.06070323330038827,0.1272993641052954,0.5955555555555555,1.5086994270515657,1.507195944091734,29,0.010499257072745925,0.38117296246498866,0.0007436373392652951,0.00026541886255243563,0.035999608513285986,0.02607096441627124,0.02216122855037964
market_1,450,0.04949243726045072,0.05839897302801156,-0.16610748804241451,0.26651147816939663,0.5755555555555556,0.8860091594827783,0.8883766235830911,30,0.01038212624557452,0.38117296246498866,0.0007375878927851269,0.0002650690964781932,0.0402441684107141,0.027715956322343163,0.02192328284490421
block_2_3,450,0.018572219284584367,0.03810463073133282,-0.13216684798258665,0.16054004710476752,0.5711111111111111,1.4565881311123272,1.4561939043316352,30,0.01038212624557452,0.38117296246498866,0.0007375878927851269,0.0002650690964781932,0.0402441684107141,0.027715956322343163,0.02192328284490421
block_4_6,450,0.00010554123974882855,-0.0002029161492725978,-0.09199211824320952,0.1029251404828577,0.5,1.8964487385019935,1.8950118992128349,30,0.01038212624557452,0.38117296246498866,0.0007375878927851269,0.0002650690964781932,0.0402441684107141,0.027715956322343163,0.02192328284490421
top_3,450,0.041410397300703054,0.04151945120295063,-0.06873486338834356,0.15583017608805894,0.6222222222222222,1.448522677702877,1.446506886140695,30,0.01038212624557452,0.38117296246498866,0.0007375878927851269,0.0002650690964781932,0.0402441684107141,0.027715956322343163,0.02192328284490421
top_6,450,0.032257166062543884,0.034225344649172706,-0.040110646812830275,0.10029386606413065,0.6222222222222222,1.8870007649988652,1.8875585521617675,30,0.01038212624557452,0.38117296246498866,0.0007375878927851269,0.0002650690964781932,0.0402441684107141,0.027715956322343163,0.02192328284490421
flag_nested,450,0.0390062458594258,0.03903970356581425,-0.0472935260158692,0.13899179533455108,0.6066666666666667,1.4644965162636658,1.4654863975450765,30,0.01038212624557452,0.38117296246498866,0.0007375878927851269,0.0002650690964781932,0.0402441684107141,0.027715956322343163,0.02192328284490421
market_1,450,0.04555974887850149,0.08234568936961582,-0.1556970016826817,0.2403129358775666,0.5844444444444444,0.8826196665717392,0.8792780976271151,31,0.010449587697591241,0.38117296246498866,0.0007310326063847765,0.0002935544392201339,0.03961639989670009,0.025943594685607273,0.021381988819308077
block_2_3,450,0.032323108538480826,0.03460794355371351,-0.11203238700266153,0.154585684004979,0.5888888888888889,1.456544053384698,1.4530376825072497,31,0.010449587697591241,0.38117296246498866,0.0007310326063847765,0.0002935544392201339,0.03961639989670009,0.025943594685607273,0.021381988819308077
block_4_6,450,0.0257977583065064,0.02250333394839605,-0.07770868455628312,0.1316968941814949,0.5822222222222222,1.8730599362495302,1.8732844457963433,31,0.010449587697591241,0.38117296246498866,0.0007310326063847765,0.0002935544392201339,0.03961639989670009,0.025943594685607273,0.021381988819308077
top_3,450,0.038455611746261234,0.037500367669256754,-0.06506737503017816,0.14694269877326716,0.5955555555555555,1.436220821716655,1.4343316509635076,31,0.010449587697591241,0.38117296246498866,0.0007310326063847765,0.0002935544392201339,0.03961639989670009,0.025943594685607273,0.021381988819308077
top_6,450,0.040627780823035024,0.04724797800146757,-0.02383894764566715,0.10997223644538004,0.6688888888888889,1.8674185933451675,1.8669652618847714,31,0.010449587697591241,0.38117296246498866,0.0007310326063847765,0.0002935544392201339,0.03961639989670009,0.025943594685607273,0.021381988819308077
flag_nested,450,0.038527741325047535,0.04477115450560324,-0.04207803412654798,0.11947335135076446,0.6466666666666666,1.452790595531085,1.4500180988369158,31,0.010449587697591241,0.38117296246498866,0.0007310326063847765,0.0002935544392201339,0.03961639989670009,0.025943594685607273,0.021381988819308077
market_1,450,0.03666476395258536,0.04159276845095243,-0.19405323412652026,0.3004451256877217,0.5333333333333333,0.9567124077093854,0.9578495170583483,32,0.010561436745741781,0.38117296246498866,0.000731463379380841,0.00025790705861138477,0.0343588494164216,0.027777706957123442,0.022867350416120723
block_2_3,450,0.023410923131159833,0.01960606535182737,-0.11807278611897165,0.16939455353780045,0.5444444444444444,1.4941922866997868,1.4966202601274465,32,0.010561436745741781,0.38117296246498866,0.000731463379380841,0.00025790705861138477,0.0343588494164216,0.027777706957123442,0.022867350416120723
block_4_6,450,0.01007539756878797,0.011812774217726583,-0.08645671560949297,0.11657177850486486,0.5177777777777778,1.8746477678945832,1.8758955133350192,32,0.010561436745741781,0.38117296246498866,0.000731463379380841,0.00025790705861138477,0.0343588494164216,0.027777706957123442,0.022867350416120723
top_3,450,0.024206576545810314,0.016230899039543296,-0.07494593986163108,0.12149775078713361,0.5511111111111111,1.4580803890983665,1.4611752847999668,32,0.010561436745741781,0.38117296246498866,0.000731463379380841,0.00025790705861138477,0.0343588494164216,0.027777706957123442,0.022867350416120723
top_6,450,0.03666942517997418,0.04310553664464909,-0.03705453284942004,0.1052925017225147,0.6266666666666667,1.8535473525860016,1.855889564554551,32,0.010561436745741781,0.38117296246498866,0.000731463379380841,0.00025790705861138477,0.0343588494164216,0.027777706957123442,0.022867350416120723
flag_nested,450,0.032680297738914586,0.03954766101169923,-0.06519392351264977,0.13615336523205016,0.6111111111111112,1.504413488703469,1.5064703100023178,32,0.010561436745741781,0.38117296246498866,0.000731463379380841,0.00025790705861138477,0.0343588494164216,0.027777706957123442,0.022867350416120723
market_1,450,0.043986075771879074,0.06390690428712946,-0.1736670862382318,0.27421960888098174,0.5822222222222222,0.8843083228228081,0.8868990781255105,33,0.010598312745262795,0.38117296246498866,0.0007420240409202622,0.0002694174049386669,0.0395370003514695,0.02687387088325202,0.021496035035415355
block_2_3,450,0.009772537152719375,0.011248045636961766,-0.12688686457163237,0.13935511952912244,0.5222222222222223,1.4274775322178013,1.427147398250253,33,0.010598312745262795,0.38117296246498866,0.0007420240409202622,0.0002694174049386669,0.0395370003514695,0.02687387088325202,0.021496035035415355
block_4_6,450,0.011903382593920379,0.0038341556996858432,-0.08219981318323916,0.10183183389420546,0.5111111111111111,1.8487797648808586,1.8490350217856226,33,0.010598312745262795,0.38117296246498866,0.0007420240409202622,0.0002694174049386669,0.0395370003514695,0.02687387088325202,0.021496035035415355
top_3,450,0.028234835694866508,0.02468119182226023,-0.07992298011267888,0.1278078916592306,0.5577777777777778,1.397103640752166,1.3962503318419357,33,0.010598312745262795,0.38117296246498866,0.0007420240409202622,0.0002694174049386669,0.0395370003514695,0.02687387088325202,0.021496035035415355
top_6,450,0.04005412310548061,0.039124119033561985,-0.02909846935908167,0.10386674608384386,0.6644444444444444,1.8607416370049736,1.8613298552918005,33,0.010598312745262795,0.38117296246498866,0.0007420240409202622,0.0002694174049386669,0.0395370003514695,0.02687387088325202,0.021496035035415355
flag_nested,450,0.03502525968179663,0.042247819044320026,-0.05097629743437394,0.1293168535658457,0.6333333333333333,1.4431429262519717,1.4446851622792205,33,0.010598312745262795,0.38117296246498866,0.0007420240409202622,0.0002694174049386669,0.0395370003514695,0.02687387088325202,0.021496035035415355
market_1,450,0.06070180924724255,0.08823964590634878,-0.15605579203568168,0.293935809539747,0.58,0.8636934215141656,0.8656693481685832,34,0.010531216947049801,0.38117296246498866,0.0007416856610654453,0.0002847595086499094,0.03937330963092576,0.026029645822591225,0.021493960085182926
block_2_3,450,0.04326797297732823,0.04474386263091313,-0.08780382242406501,0.16551810883227294,0.5822222222222222,1.4465911258321296,1.445721616011624,34,0.010531216947049801,0.38117296246498866,0.0007416856610654453,0.0002847595086499094,0.03937330963092576,0.026029645822591225,0.021493960085182926
block_4_6,450,0.02211686070605814,0.018682571935012153,-0.0743891418345387,0.11797099548287593,0.5533333333333333,1.8735423338710502,1.8724199623595308,34,0.010531216947049801,0.38117296246498866,0.0007416856610654453,0.0002847595086499094,0.03937330963092576,0.026029645822591225,0.021493960085182926
top_3,450,0.054346520633481235,0.05813388984530882,-0.05410925838734563,0.16457397618140202,0.64,1.4490473651312152,1.446668524274021,34,0.010531216947049801,0.38117296246498866,0.0007416856610654453,0.0002847595086499094,0.03937330963092576,0.026029645822591225,0.021493960085182926
top_6,450,0.039233553200272206,0.03844036119782802,-0.02905521912949008,0.11444924201147942,0.64,1.8677313509742213,1.867494297186974,34,0.010531216947049801,0.38117296246498866,0.0007416856610654453,0.0002847595086499094,0.03937330963092576,0.026029645822591225,0.021493960085182926
flag_nested,450,0.04865196403538217,0.05627287065866074,-0.03827126976937838,0.13870270499237106,0.6711111111111111,1.4459706899299103,1.4465672173359085,34,0.010531216947049801,0.38117296246498866,0.0007416856610654453,0.0002847595086499094,0.03937330963092576,0.026029645822591225,0.021493960085182926
market_1,450,0.022061670683501136,0.031931459571377475,-0.17404583765517256,0.24536342265496955,0.5244444444444445,0.9106674625661615,0.9098176861226276,35,0.010428274424064196,0.38117296246498866,0.0007359386145541567,0.00025592495766649237,0.03854686173413466,0.02611528016740879,0.02166250457022736
block_2_3,450,0.030003823189282828,0.028052387577943837,-0.10799558347337987,0.17506753805056197,0.54,1.4570678891397215,1.45636441558247,35,0.010428274424064196,0.38117296246498866,0.0007359386145541567,0.00025592495766649237,0.03854686173413466,0.02611528016740879,0.02166250457022736
block_4_6,450,0.02190291903652746,0.017798234123433773,-0.08085027933979431,0.12523143767176131,0.5466666666666666,1.8921548526473224,1.8932996458835745,35,0.010428274424064196,0.38117296246498866,0.0007359386145541567,0.00025592495766649237,0.03854686173413466,0.02611528016740879,0.02166250457022736
top_3,450,0.03182074593747841,0.041984362426422527,-0.07392563549608394,0.1415057549411388,0.5977777777777777,1.4418690697939596,1.4412668136003883,35,0.010428274424064196,0.38117296246498866,0.0007359386145541567,0.00025592495766649237,0.03854686173413466,0.02611528016740879,0.02166250457022736
top_6,450,0.046198740542071015,0.04338346504357581,-0.019747613930880467,0.11117652167726191,0.6688888888888889,1.8892994223022894,1.8908041276278473,35,0.010428274424064196,0.38117296246498866,0.0007359386145541567,0.00025592495766649237,0.03854686173413466,0.02611528016740879,0.02166250457022736
flag_nested,450,0.030261371005876996,0.030872330361171943,-0.06447813637973374,0.13426321026827176,0.5933333333333334,1.476791909377644,1.476510758252274,35,0.010428274424064196,0.38117296246498866,0.0007359386145541567,0.00025592495766649237,0.03854686173413466,0.02611528016740879,0.02166250457022736
market_1,450,0.05200199735795829,0.06191361901173516,-0.15058784080455734,0.26248743784349127,0.5711111111111111,0.8585892090518389,0.8580249919597006,36,0.010493278134425448,0.38117296246498866,0.000740398706233839,0.00023704817864670866,0.03969657247428414,0.028981850258088235,0.02309396912553252
block_2_3,450,0.018300664529132246,0.025486372596863593,-0.12707536920367968,0.15708177598071002,0.5533333333333333,1.4058828209000598,1.4044153046953918,36,0.010493278134425448,0.38117296246498866,0.000740398706233839,0.00023704817864670866,0.03969657247428414,0.028981850258088235,0.02309396912553252
block_4_6,450,0.01699577958400522,0.007968785456266725,-0.07239986529002496,0.1163685135214575,0.5311111111111111,1.8487897051850188,1.849570168076178,36,0.010493278134425448,0.38117296246498866,0.000740398706233839,0.00023704817864670866,0.03969657247428414,0.028981850258088235,0.02309396912553252
top_3,450,0.04552431521072863,0.04811486668655157,-0.06767473981638929,0.16550786120290434,0.6066666666666667,1.4000355353118827,1.3985685368460277,36,0.010493278134425448,0.38117296246498866,0.000740398706233839,0.00023704817864670866,0.03969657247428414,0.028981850258088235,0.02309396912553252
top_6,450,0.042293259616178136,0.04396670644717342,-0.024766635856948365,0.11659722274481615,0.6533333333333333,1.8401117491764984,1.8396224637915273,36,0.010493278134425448,0.38117296246498866,0.000740398706233839,0.00023704817864670866,0.03969657247428414,0.028981850258088235,0.02309396912553252
flag_nested,450,0.04552054282714668,0.052198936345073665,-0.041779251685149954,0.13867202904229142,0.6422222222222222,1.42142484678861,1.4205429525687097,36,0.010493278134425448,0.38117296246498866,0.000740398706233839,0.00023704817864670866,0.03969657247428414,0.028981850258088235,0.02309396912553252
market_1,450,0.016955891144712416,0.01804888662520046,-0.2297431181550225,0.2517778209867731,0.5222222222222223,0.9315460545152958,0.9330812512661782,37,0.010559683432635393,0.38117296246498866,0.0007321070623812592,0.00031835686744273103,0.036798008481302505,0.02612068447155544,0.021412751789849735
block_2_3,450,0.010399144972246994,0.010021116992476667,-0.12599278641048678,0.1371561334413493,0.5155555555555555,1.4803755762912758,1.4815782232799388,37,0.010559683432635393,0.38117296246498866,0.0007321070623812592,0.00031835686744273103,0.036798008481302505,0.02612068447155544,0.021412751789849735
block_4_6,450,0.005171848835370854,0.0047527491865408155,-0.0921662894933328,0.10791785230058187,0.5155555555555555,1.877111223918431,1.875914483735778,37,0.010559683432635393,0.38117296246498866,0.0007321070623812592,0.00031835686744273103,0.036798008481302505,0.02612068447155544,0.021412751789849735
top_3,450,0.041008721482819255,0.0373932256127234,-0.057887867166346335,0.1443944222306693,0.5911111111111111,1.4447975079654876,1.4450062330327031,37,0.010559683432635393,0.38117296246498866,0.0007321070623812592,0.00031835686744273103,0.036798008481302505,0.02612068447155544,0.021412751789849735
top_6,450,0.04500680296334273,0.04418722375343384,-0.02014688521592456,0.117907126065052,0.6733333333333333,1.8701096492237401,1.8686408950593951,37,0.010559683432635393,0.38117296246498866,0.0007321070623812592,0.00031835686744273103,0.036798008481302505,0.02612068447155544,0.021412751789849735
flag_nested,450,0.02835677395344588,0.029757801435057428,-0.07320818003947732,0.1278226294423353,0.5688888888888889,1.486693996924602,1.487280175833744,37,0.010559683432635393,0.38117296246498866,0.0007321070623812592,0.00031835686744273103,0.036798008481302505,0.02612068447155544,0.021412751789849735
market_1,450,0.048474343972403376,0.08025626905966504,-0.14740289002792092,0.24323274396208194,0.5822222222222222,0.9188162582174709,0.9186897400206291,38,0.010432450154186016,0.38117296246498866,0.000734936637950078,0.00027614458805263337,0.03775551915293771,0.027079418100559225,0.021769696588472057
block_2_3,450,0.03964469678786417,0.05059056254298852,-0.09815676481868414,0.16971336988839292,0.5911111111111111,1.4639869830263863,1.4649184283511418,38,0.010432450154186016,0.38117296246498866,0.000734936637950078,0.00027614458805263337,0.03775551915293771,0.027079418100559225,0.021769696588472057
block_4_6,450,0.0021715592412250677,0.009704608130429157,-0.08475642346921139,0.09457743369619637,0.54,1.8817495973855827,1.884230558777409,38,0.010432450154186016,0.38117296246498866,0.000734936637950078,0.00027614458805263337,0.03775551915293771,0.027079418100559225,0.021769696588472057
top_3,450,0.03965056437299225,0.041369756935468904,-0.06661625736530077,0.14633520881420023,0.58,1.4345642539063876,1.4368282848277365,38,0.010432450154186016,0.38117296246498866,0.000734936637950078,0.00027614458805263337,0.03775551915293771,0.027079418100559225,0.021769696588472057
top_6,450,0.038647824121528535,0.04072250048721126,-0.03187839673812917,0.11189428483328637,0.6555555555555556,1.8776414854774783,1.8784335396385212,38,0.010432450154186016,0.38117296246498866,0.000734936637950078,0.00027614458805263337,0.03775551915293771,0.027079418100559225,0.021769696588472057
flag_nested,450,0.039151619158927016,0.04932466485352257,-0.04220217025885707,0.13176144185634875,0.64,1.4786517538091646,1.4792645583129949,38,0.010432450154186016,0.38117296246498866,0.000734936637950078,0.00027614458805263337,0.03775551915293771,0.027079418100559225,0.021769696588472057
market_1,450,0.033389934890931644,0.05331654843997652,-0.18900804117390183,0.2553913901460247,0.56,0.9043920304452667,0.9077744840642489,39,0.010447455284800672,0.38117296246498866,0.0007266266351597139,0.00025383979241670046,0.03686093372894845,0.026952217436968556,0.02138327633626367
block_2_3,450,0.01737664007181751,0.011383646303333425,-0.13648614670381348,0.17088282076505415,0.5111111111111111,1.4728778483859877,1.47603105886798,39,0.010447455284800672,0.38117296246498866,0.0007266266351597139,0.00025383979241670046,0.03686093372894845,0.026952217436968556,0.02138327633626367
block_4_6,450,0.006363396258191752,-0.004149797722183053,-0.09211413292739351,0.10401440059639598,0.4955555555555556,1.9043887147506298,1.9052163890043388,39,0.010447455284800672,0.38117296246498866,0.0007266266351597139,0.00025383979241670046,0.03686093372894845,0.026952217436968556,0.02138327633626367
top_3,450,0.03228588910655437,0.03422335694275937,-0.07001462302300006,0.15538187999192654,0.5755555555555556,1.451054529176417,1.452318612757167,39,0.010447455284800672,0.38117296246498866,0.0007266266351597139,0.00025383979241670046,0.03686093372894845,0.026952217436968556,0.02138327633626367
top_6,450,0.030291436443692404,0.03777694428223613,-0.035231796891026596,0.10875795871022961,0.6066666666666667,1.9111534789462907,1.9118890917099503,39,0.010447455284800672,0.38117296246498866,0.0007266266351597139,0.00025383979241670046,0.03686093372894845,0.026952217436968556,0.02138327633626367
flag_nested,450,0.0275582382581615,0.03795826513133625,-0.060061326505053664,0.12228303148808109,0.6133333333333333,1.4802223154130083,1.482886868103595,39,0.010447455284800672,0.38117296246498866,0.0007266266351597139,0.00025383979241670046,0.03686093372894845,0.026952217436968556,0.02138327633626367
market_1,450,0.03637869530472995,0.03473973059219486,-0.16548373173445996,0.2734988586674486,0.5355555555555556,0.8706064234756278,0.8732048363891244,40,0.010402408640270516,0.38117296246498866,0.0007348974380548618,0.0002738141713266723,0.04065095030157369,0.02611217476598727,0.02139636776060017
block_2_3,450,0.023005586960916553,0.02328737911437122,-0.11124826964177599,0.15555560544126384,0.5555555555555556,1.4378028141223798,1.4381450352404348,40,0.010402408640270516,0.38117296246498866,0.0007348974380548618,0.0002738141713266723,0.04065095030157369,0.02611217476598727,0.02139636776060017
block_4_6,450,0.012736713780157206,0.010853241099730957,-0.0778012663821388,0.11270887708435322,0.54,1.8646462176093246,1.8645753125486744,40,0.010402408640270516,0.38117296246498866,0.0007348974380548618,0.0002738141713266723,0.04065095030157369,0.02611217476598727,0.02139636776060017
top_3,450,0.040178211026669984,0.036279500496091445,-0.0644385182139347,0.14058202566664002,0.6044444444444445,1.430158184641684,1.4296617741713318,40,0.010402408640270516,0.38117296246498866,0.0007348974380548618,0.0002738141713266723,0.04065095030157369,0.02611217476598727,0.02139636776060017
top_6,450,0.034218880995964256,0.03133984073280924,-0.03558079399450969,0.10818394681521043,0.6288888888888889,1.8557629878490993,1.8546197859916507,40,0.010402408640270516,0.38117296246498866,0.0007348974380548618,0.0002738141713266723,0.04065095030157369,0.02611217476598727,0.02139636776060017
flag_nested,450,0.034635880298141464,0.03946101864522758,-0.04946151352692912,0.13310361350392835,0.6088888888888889,1.4404953606396456,1.4417415672531564,40,0.010402408640270516,0.38117296246498866,0.0007348974380548618,0.0002738141713266723,0.04065095030157369,0.02611217476598727,0.02139636776060017
market_1,450,0.04493600310886542,0.0556053379823849,-0.15738348165935956,0.2839112643671317,0.56,0.896575315544863,0.8928879050331128,41,0.010395747990856593,0.38117296246498866,0.00073677244380767,0.0002718052332821991,0.04007543273141002,0.027242629241200838,0.023297256292258046
block_2_3,450,0.033733097740970094,0.048023718253165454,-0.10181883683064354,0.18677238190571793,0.5866666666666667,1.4615145219940744,1.46029290234167,41,0.010395747990856593,0.38117296246498866,0.00073677244380767,0.0002718052332821991,0.04007543273141002,0.027242629241200838,0.023297256292258046
block_4_6,450,0.013556809827084501,0.006047275401915913,-0.07977573810875477,0.11363473366983842,0.5244444444444445,1.8788655116025252,1.8784537688670675,41,0.010395747990856593,0.38117296246498866,0.00073677244380767,0.0002718052332821991,0.04007543273141002,0.027242629241200838,0.023297256292258046
top_3,450,0.0401142520716877,0.031694854188509744,-0.06334606559909245,0.15136528897036666,0.6,1.4348286755722606,1.4351364679766172,41,0.010395747990856593,0.38117296246498866,0.00073677244380767,0.0002718052332821991,0.04007543273141002,0.027242629241200838,0.023297256292258046
top_6,450,0.045534731243593064,0.053729373972590526,-0.024969181343538722,0.12006422137541992,0.6666666666666666,1.8691555626352114,1.8692324060731293,41,0.010395747990856593,0.38117296246498866,0.00073677244380767,0.0002718052332821991,0.04007543273141002,0.027242629241200838,0.023297256292258046
flag_nested,450,0.039797409224957524,0.04576162424504103,-0.052322728724606575,0.13373865005256713,0.6311111111111111,1.464771975194187,1.462636519945081,41,0.010395747990856593,0.38117296246498866,0.00073677244380767,0.0002718052332821991,0.04007543273141002,0.027242629241200838,0.023297256292258046
market_1,450,0.012261465159751326,0.015851284208989347,-0.2002713524646899,0.21530672273641754,0.5133333333333333,0.926994041766699,0.9272736067219507,42,0.01057831392611734,0.38117296246498866,0.0007361039554147696,0.0002874678278858016,0.038084243178337196,0.026090977885030668,0.021969189329956177
block_2_3,450,0.008531174045662957,0.013848266430866906,-0.13300427157979736,0.14794327850236794,0.5244444444444445,1.4927408367862325,1.489514141415904,42,0.01057831392611734,0.38117296246498866,0.0007361039554147696,0.0002874678278858016,0.038084243178337196,0.026090977885030668,0.021969189329956177
block_4_6,450,0.007077201023597686,0.005429007835628735,-0.08711120171237874,0.10296914834151534,0.5066666666666667,1.906019621039373,1.9048317725613555,42,0.01057831392611734,0.38117296246498866,0.0007361039554147696,0.0002874678278858016,0.038084243178337196,0.026090977885030668,0.021969189329956177
top_3,450,0.035072299452983575,0.03453073710652922,-0.07880247110268428,0.15933861962585386,0.5711111111111111,1.4848280449830007,1.4818974708706083,42,0.01057831392611734,0.38117296246498866,0.0007361039554147696,0.0002874678278858016,0.038084243178337196,0.026090977885030668,0.021969189329956177
top_6,450,0.04120891275487965,0.04167845443537944,-0.027988903505469422,0.11288794168528787,0.6488888888888888,1.8886017855271109,1.8895611852402097,42,0.01057831392611734,0.38117296246498866,0.0007361039554147696,0.0002874678278858016,0.038084243178337196,0.026090977885030668,0.021969189329956177
flag_nested,450,0.02654183481850514,0.034431416008171935,-0.07367092246423862,0.12217895687428368,0.5933333333333334,1.501426035299055,1.5007346161326274,42,0.01057831392611734,0.38117296246498866,0.0007361039554147696,0.0002874678278858016,0.038084243178337196,0.026090977885030668,0.021969189329956177
market_1,450,0.04433465392913266,0.027723461269926364,-0.17739859361419838,0.2612063552068883,0.54,0.90441722535386,0.9037639674833838,43,0.010470278215978688,0.38117296246498866,0.0007387079126263525,0.0002619332019616217,0.039054719987909436,0.027176719469750178,0.021589419037351686
block_2_3,450,0.038221663320642016,0.047080925159935984,-0.099500646101633,0.17476690660036842,0.5888888888888889,1.4569278835252226,1.4561621592070937,43,0.010470278215978688,0.38117296246498866,0.0007387079126263525,0.0002619332019616217,0.039054719987909436,0.027176719469750178,0.021589419037351686
block_4_6,450,0.0096727087953262,0.008072078682295824,-0.08767527115031354,0.11222940382622082,0.5222222222222223,1.874391147339964,1.8740744442612247,43,0.010470278215978688,0.38117296246498866,0.0007387079126263525,0.0002619332019616217,0.039054719987909436,0.027176719469750178,0.021589419037351686
top_3,450,0.04242600509624249,0.05666672287353826,-0.061583701988146757,0.14527854429786313,0.6088888888888889,1.4318238554935896,1.4302472528307841,43,0.010470278215978688,0.38117296246498866,0.0007387079126263525,0.0002619332019616217,0.039054719987909436,0.027176719469750178,0.021589419037351686
top_6,450,0.03461304174275892,0.034250889647887334,-0.03320728807848614,0.10505007841358736,0.64,1.8741220812814627,1.8722497724548661,43,0.010470278215978688,0.38117296246498866,0.0007387079126263525,0.0002619332019616217,0.039054719987909436,0.027176719469750178,0.021589419037351686
flag_nested,450,0.040613423447937606,0.03719297812900407,-0.056452652678606406,0.1326547503264079,0.6088888888888889,1.4680646938909008,1.466763627246458,43,0.010470278215978688,0.38117296246498866,0.0007387079126263525,0.0002619332019616217,0.039054719987909436,0.027176719469750178,0.021589419037351686
market_1,450,0.006126479309008152,-0.008023926474095684,-0.22477696095881883,0.2368286362871554,0.48444444444444446,0.9237335653531401,0.9253982276908802,44,0.010495463689388267,0.38117296246498866,0.0007400974041651961,0.00034047772625309114,0.037848353033091045,0.0249934679211557,0.02209975247293152
block_2_3,450,0.012850967036209133,0.027553933709647066,-0.11710312461568997,0.15550843651343965,0.5622222222222222,1.4793242706112897,1.4830229636939762,44,0.010495463689388267,0.38117296246498866,0.0007400974041651961,0.00034047772625309114,0.037848353033091045,0.0249934679211557,0.02209975247293152
block_4_6,450,0.02010052014463746,0.028491634571873745,-0.07509325201248152,0.11769186492714824,0.5911111111111111,1.8813962816994292,1.8837906427705169,44,0.010495463689388267,0.38117296246498866,0.0007400974041651961,0.00034047772625309114,0.037848353033091045,0.0249934679211557,0.02209975247293152
top_3,450,0.035213789114521936,0.04319863009632649,-0.07191920084886075,0.15509982341536382,0.5888888888888889,1.452159563233613,1.4560230105309973,44,0.010495463689388267,0.38117296246498866,0.0007400974041651961,0.00034047772625309114,0.037848353033091045,0.0249934679211557,0.02209975247293152
top_6,450,0.03698408570098983,0.03589449624406139,-0.02403190872365455,0.1058756314343666,0.6466666666666666,1.8670046272143173,1.8683992847249762,44,0.010495463689388267,0.38117296246498866,0.0007400974041651961,0.00034047772625309114,0.037848353033091045,0.0249934679211557,0.02209975247293152
flag_nested,450,0.02594688753471159,0.02987450980536057,-0.06338440554424683,0.11701611151745575,0.5888888888888889,1.4840139445135239,1.4866295827594318,44,0.010495463689388267,0.38117296246498866,0.0007400974041651961,0.00034047772625309114,0.037848353033091045,0.0249934679211557,0.02209975247293152
market_1,450,0.041307670323050695,0.05356831285803684,-0.15716682093094297,0.26138994297497303,0.5644444444444444,0.8975926132524138,0.8981531881160042,45,0.010743382774049199,0.38117296246498866,0.0007320126992033642,0.00025380997511063874,0.03859267787191372,0.02709357405087036,0.02271866180531102
block_2_3,450,0.009035267641708523,0.015188384522008507,-0.12877560530305204,0.14517058644290837,0.5288888888888889,1.467694467525204,1.4661893265834154,45,0.010743382774049199,0.38117296246498866,0.0007320126992033642,0.00025380997511063874,0.03859267787191372,0.02709357405087036,0.02271866180531102
block_4_6,450,0.012055701157246794,0.01453122320704344,-0.07344973630106803,0.10305267518037442,0.5644444444444444,1.8819359897832348,1.8819863003296091,45,0.010743382774049199,0.38117296246498866,0.0007320126992033642,0.00025380997511063874,0.03859267787191372,0.02709357405087036,0.02271866180531102
top_3,450,0.040994564822377844,0.0431378331845659,-0.06823819876965453,0.15891525090257586,0.5955555555555555,1.4395144649616662,1.4377508772300227,45,0.010743382774049199,0.38117296246498866,0.0007320126992033642,0.00025380997511063874,0.03859267787191372,0.02709357405087036,0.02271866180531102
top_6,450,0.04533269612336217,0.04601652653427569,-0.016695693380422687,0.11300269865931536,0.6911111111111111,1.8725998099175907,1.8752340341426281,45,0.010743382774049199,0.38117296246498866,0.0007320126992033642,0.00025380997511063874,0.03859267787191372,0.02709357405087036,0.02271866180531102
flag_nested,450,0.03691059858933757,0.0439070936231691,-0.049677373476567,0.12783216365354638,0.6111111111111112,1.4674780428970224,1.4677430688924278,45,0.010743382774049199,0.38117296246498866,0.0007320126992033642,0.00025380997511063874,0.03859267787191372,0.02709357405087036,0.02271866180531102
market_1,450,0.05222348009903896,0.06996527096700539,-0.1762990313078267,0.28813123402243423,0.5911111111111111,0.9068235502389834,0.9069684968493555,46,0.010515728843810182,0.38117296246498866,0.0007410181739589697,0.00028695014646863,0.03650584899242354,0.026939641359239583,0.021374482797776078
block_2_3,450,0.02873380704033392,0.0376293725600869,-0.09879247036313005,0.16568797148321174,0.5666666666666667,1.4697593151802975,1.4690890642212846,46,0.010515728843810182,0.38117296246498866,0.0007410181739589697,0.00028695014646863,0.03650584899242354,0.026939641359239583,0.021374482797776078
block_4_6,450,0.010960165673252082,0.007623236308226722,-0.08171611652063362,0.10925935553562709,0.5088888888888888,1.8962836924036077,1.8970614417806109,46,0.010515728843810182,0.38117296246498866,0.0007410181739589697,0.00028695014646863,0.03650584899242354,0.026939641359239583,0.021374482797776078
top_3,450,0.04157545560384028,0.04305304729438848,-0.07663079326610722,0.16859110874318703,0.5933333333333334,1.4566314504080997,1.454918723603434,46,0.010515728843810182,0.38117296246498866,0.0007410181739589697,0.00028695014646863,0.03650584899242354,0.026939641359239583,0.021374482797776078
top_6,450,0.024197398479492087,0.030401069603248856,-0.044340225118604956,0.09372417366198132,0.5977777777777777,1.877474970128256,1.8759193590860335,46,0.010515728843810182,0.38117296246498866,0.0007410181739589697,0.00028695014646863,0.03650584899242354,0.026939641359239583,0.021374482797776078
flag_nested,450,0.040196128201737714,0.042227571817781126,-0.04410487670850134,0.13366130232450152,0.6266666666666667,1.476685494011734,1.4759504970898947,46,0.010515728843810182,0.38117296246498866,0.0007410181739589697,0.00028695014646863,0.03650584899242354,0.026939641359239583,0.021374482797776078
market_1,450,0.029243484372077768,0.0491970850312282,-0.18062203114412356,0.23957030623704198,0.5466666666666666,0.8979101763390905,0.9013460661854009,47,0.010455582863632323,0.38117296246498866,0.0007372835621632798,0.0002760176724432156,0.038711377945489706,0.02561148651808051,0.021956029618170815
block_2_3,450,0.0328107458874669,0.03412880262868474,-0.11187207446924638,0.18309518627991372,0.5577777777777778,1.4843479644547337,1.484617528318128,47,0.010455582863632323,0.38117296246498866,0.0007372835621632798,0.0002760176724432156,0.038711377945489706,0.02561148651808051,0.021956029618170815
block_4_6,450,0.020605917754701122,0.01713845297636983,-0.06720257316906038,0.10518321191089401,0.5688888888888889,1.8699582868193212,1.8684161716308967,47,0.010455582863632323,0.38117296246498866,0.0007372835621632798,0.0002760176724432156,0.038711377945489706,0.02561148651808051,0.021956029618170815
top_3,450,0.05464165741469914,0.06294097504497402,-0.060228543939344036,0.17003590383018055,0.6222222222222222,1.4637595596724011,1.4641796018398627,47,0.010455582863632323,0.38117296246498866,0.0007372835621632798,0.0002760176724432156,0.038711377945489706,0.02561148651808051,0.021956029618170815
top_6,450,0.04571792450446757,0.04631143233247752,-0.014226960493961507,0.11435143521419616,0.68,1.8481787158960756,1.8471801188802368,47,0.010455582863632323,0.38117296246498866,0.0007372835621632798,0.0002760176724432156,0.038711377945489706,0.02561148651808051,0.021956029618170815
flag_nested,450,0.03721758004496084,0.04838685356856923,-0.04923748907781683,0.1411237727321189,0.6177777777777778,1.4702129600460068,1.4721544021192534,47,0.010455582863632323,0.38117296246498866,0.0007372835621632798,0.0002760176724432156,0.038711377945489706,0.02561148651808051,0.021956029618170815
market_1,450,0.05800875767898328,0.0666458858126001,-0.15495600115709093,0.2866004899306958,0.5777777777777777,0.9142177374518183,0.910995106549085,48,0.010414058625998859,0.38117296246498866,0.0007362928600450049,0.0003004231385851236,0.0383968010975799,0.02830156993817746,0.022233238358738673
block_2_3,450,0.029485248388552744,0.03062820272633849,-0.11149871407458783,0.17093208093818818,0.5511111111111111,1.4594846018271752,1.4590586427849677,48,0.010414058625998859,0.38117296246498866,0.0007362928600450049,0.0003004231385851236,0.0383968010975799,0.02830156993817746,0.022233238358738673
block_4_6,450,0.012149256696258638,0.01503329388961339,-0.07669372880486071,0.10475967490572484,0.5333333333333333,1.8739050389194452,1.8743655000066306,48,0.010414058625998859,0.38117296246498866,0.0007362928600450049,0.0003004231385851236,0.0383968010975799,0.02830156993817746,0.022233238358738673
top_3,450,0.033307743031638026,0.024328493703055114,-0.08160482606879511,0.15181781936747815,0.5733333333333334,1.4246205238871885,1.4256962443479464,48,0.010414058625998859,0.38117296246498866,0.0007362928600450049,0.0003004231385851236,0.0383968010975799,0.02830156993817746,0.022233238358738673
top_6,450,0.041413285118713714,0.04182358355152229,-0.02480409721710005,0.10547968668300223,0.6644444444444444,1.8632612144217,1.8626595214217907,48,0.010414058625998859,0.38117296246498866,0.0007362928600450049,0.0003004231385851236,0.0383968010975799,0.02830156993817746,0.022233238358738673
flag_nested,450,0.04035317106220075,0.04927294716965707,-0.05356408931216465,0.1405794695354704,0.6177777777777778,1.4695560528614338,1.4677180902078593,48,0.010414058625998859,0.38117296246498866,0.0007362928600450049,0.0003004231385851236,0.0383968010975799,0.02830156993817746,0.022233238358738673
market_1,450,0.038141618883511315,0.0300553206969235,-0.16164432283017122,0.2383742287528592,0.5488888888888889,0.9126933838656784,0.9145284835699888,49,0.010512640842151555,0.38117296246498866,0.0007397184598249397,0.0002309572264842727,0.04084776999885063,0.02536776954704653,0.021761164252419373
block_2_3,450,0.004408573524648024,0.002043806617239921,-0.13115070117869052,0.14647006081183045,0.5022222222222222,1.479677120902477,1.4824150346777798,49,0.010512640842151555,0.38117296246498866,0.0007397184598249397,0.0002309572264842727,0.04084776999885063,0.02536776954704653,0.021761164252419373
block_4_6,450,0.014807454031582937,0.020240472012921007,-0.08132217677409972,0.10695794585358305,0.5666666666666667,1.8871709633010207,1.8863692221250952,49,0.010512640842151555,0.38117296246498866,0.0007397184598249397,0.0002309572264842727,0.04084776999885063,0.02536776954704653,0.021761164252419373
top_3,450,0.02884727543585822,0.03049808910929832,-0.07242139155624115,0.1290111695110059,0.5866666666666667,1.4697433399476003,1.472482000217205,49,0.010512640842151555,0.38117296246498866,0.0007397184598249397,0.0002309572264842727,0.04084776999885063,0.02536776954704653,0.021761164252419373
top_6,450,0.041136108354010256,0.0406001146106644,-0.02214131453299255,0.10998309777738,0.6666666666666666,1.8680464503187353,1.8659369833595898,49,0.010512640842151555,0.38117296246498866,0.0007397184598249397,0.0002309572264842727,0.04084776999885063,0.02536776954704653,0.021761164252419373
flag_nested,450,0.032460547174259564,0.0362352726464685,-0.05607694536711416,0.12445281228939999,0.6244444444444445,1.483735472026066,1.4851094079855653,49,0.010512640842151555,0.38117296246498866,0.0007397184598249397,0.0002309572264842727,0.04084776999885063,0.02536776954704653,0.021761164252419373
market_1,450,0.03651266953262819,0.03240102368764267,-0.17691459750249705,0.2589601377210875,0.5577777777777778,0.9070275138105826,0.9107644401735401,50,0.010326761626153057,0.38117296246498866,0.0007364040008450175,0.00026376730843346956,0.039301516489042114,0.02589689861588576,0.02154447538326242
block_2_3,450,0.028997978693106163,0.032338223859822046,-0.10915504782651345,0.1704257216629988,0.5733333333333334,1.477514812346142,1.4781373263589432,50,0.010326761626153057,0.38117296246498866,0.0007364040008450175,0.00026376730843346956,0.039301516489042114,0.02589689861588576,0.02154447538326242
block_4_6,450,0.012764845091395331,0.016830268138731647,-0.09210175829877575,0.11290546989964462,0.54,1.8778110899418672,1.876444663693592,50,0.010326761626153057,0.38117296246498866,0.0007364040008450175,0.00026376730843346956,0.039301516489042114,0.02589689861588576,0.02154447538326242
top_3,450,0.05253867144636462,0.03895797427550506,-0.06394558149355126,0.17481757671904652,0.6155555555555555,1.449704808363455,1.44890392772543,50,0.010326761626153057,0.38117296246498866,0.0007364040008450175,0.00026376730843346956,0.039301516489042114,0.02589689861588576,0.02154447538326242
top_6,450,0.04812705570695024,0.0506413706918136,-0.019773450323517346,0.11501309973453888,0.6755555555555556,1.8605740237616892,1.859774724946073,50,0.010326761626153057,0.38117296246498866,0.0007364040008450175,0.00026376730843346956,0.039301516489042114,0.02589689861588576,0.02154447538326242
flag_nested,450,0.039673054038606576,0.0457179178486182,-0.05492216355012927,0.12763004918473264,0.6466666666666666,1.4716320159015848,1.4733492065935687,50,0.010326761626153057,0.38117296246498866,0.0007364040008450175,0.00026376730843346956,0.039301516489042114,0.02589689861588576,0.02154447538326242
market_1,450,0.06302381479782132,0.064315285219231,-0.13954656094295198,0.2910417382479732,0.5888888888888889,0.9031052042899624,0.9028060257100007,51,0.010452441682807333,0.38117296246498866,0.0007363563814642344,0.00024519952679385223,0.036525633268817984,0.02816502684737621,0.022510439827693976
block_2_3,450,0.021913201149242792,0.02507241333927241,-0.11116073083350914,0.16255662807576007,0.5577777777777778,1.4510369245926866,1.4522187854468394,51,0.010452441682807333,0.38117296246498866,0.0007363563814642344,0.00024519952679385223,0.036525633268817984,0.02816502684737621,0.022510439827693976
block_4_6,450,0.011239645219246879,0.020447547782421346,-0.08052925134713232,0.11044753490499422,0.5466666666666666,1.8691390376939359,1.8694767596335418,51,0.010452441682807333,0.38117296246498866,0.0007363563814642344,0.00024519952679385223,0.036525633268817984,0.02816502684737621,0.022510439827693976
top_3,450,0.04478699917192565,0.04484857336272577,-0.060955259546696894,0.16280732025059222,0.6177777777777778,1.4249238426748536,1.425306719458434,51,0.010452441682807333,0.38117296246498866,0.0007363563814642344,0.00024519952679385223,0.036525633268817984,0.02816502684737621,0.022510439827693976
top_6,450,0.03639698202744143,0.037344701637445604,-0.040551754574702815,0.11378143080988379,0.6177777777777778,1.8545962284373845,1.8536754262910007,51,0.010452441682807333,0.38117296246498866,0.0007363563814642344,0.00024519952679385223,0.036525633268817984,0.02816502684737621,0.022510439827693976
flag_nested,450,0.04601490098479169,0.05868885837004628,-0.04760348365338627,0.1383405247049483,0.6688888888888889,1.4591914914032993,1.4591658749705019,51,0.010452441682807333,0.38117296246498866,0.0007363563814642344,0.00024519952679385223,0.036525633268817984,0.02816502684737621,0.022510439827693976
market_1,450,0.06589288280748709,0.06862445537304812,-0.15578699709802385,0.29022954132910983,0.5844444444444444,0.9022550076436766,0.8999003660446455,52,0.010478573359799894,0.38117296246498866,0.0007357568528621895,0.0002406158257452981,0.04008797712255215,0.02735503926771585,0.02194188739841744
block_2_3,450,0.022095959909921126,0.01351888662295529,-0.11675096479528467,0.16451250689341912,0.5288888888888889,1.465986929455615,1.466158737154311,52,0.010478573359799894,0.38117296246498866,0.0007357568528621895,0.0002406158257452981,0.04008797712255215,0.02735503926771585,0.02194188739841744
block_4_6,450,0.025253523792273917,0.026612420332694613,-0.057064041124707796,0.1139894469479027,0.5933333333333334,1.8767426680782562,1.8764352879476167,52,0.010478573359799894,0.38117296246498866,0.0007357568528621895,0.0002406158257452981,0.04008797712255215,0.02735503926771585,0.02194188739841744
top_3,450,0.016752603090306052,0.016408217222318555,-0.09035541753709184,0.13394588687050496,0.5422222222222223,1.4351380988971632,1.436633840870877,52,0.010478573359799894,0.38117296246498866,0.0007357568528621895,0.0002406158257452981,0.04008797712255215,0.02735503926771585,0.02194188739841744
top_6,450,0.04499302636226121,0.04096172393277331,-0.02951268837622982,0.11555388794152824,0.66,1.8624437919310326,1.8624307764035208,52,0.010478573359799894,0.38117296246498866,0.0007357568528621895,0.0002406158257452981,0.04008797712255215,0.02735503926771585,0.02194188739841744
flag_nested,450,0.03858310671234466,0.041832450188848846,-0.05436142762221891,0.13051006206387378,0.6333333333333333,1.4645844940683663,1.4637532975844523,52,0.010478573359799894,0.38117296246498866,0.0007357568528621895,0.0002406158257452981,0.04008797712255215,0.02735503926771585,0.02194188739841744
market_1,450,0.07157317363691855,0.08583663430140095,-0.12565165209589219,0.3062165890713127,0.6066666666666667,0.9127287908330648,0.9137214018450184,53,0.010391224144895229,0.38117296246498866,0.0007366837500020072,0.00030156920455311903,0.038747001017595414,0.02575540781653127,0.021603403647929783
block_2_3,450,0.019510145095983415,0.014829611779317525,-0.12081075525369667,0.16361803134160163,0.5311111111111111,1.481122929046682,1.4786629132356375,53,0.010391224144895229,0.38117296246498866,0.0007366837500020072,0.00030156920455311903,0.038747001017595414,0.02575540781653127,0.021603403647929783
block_4_6,450,0.014369589945987795,0.008160648765186542,-0.07703252753829487,0.10778588585152933,0.5311111111111111,1.8798619336268838,1.8785550668871316,53,0.010391224144895229,0.38117296246498866,0.0007366837500020072,0.00030156920455311903,0.038747001017595414,0.02575540781653127,0.021603403647929783
top_3,450,0.024490455770866996,0.020851600406551766,-0.09497401262844274,0.13779896416089188,0.5444444444444444,1.4596519147608058,1.4573114499560031,53,0.010391224144895229,0.38117296246498866,0.0007366837500020072,0.00030156920455311903,0.038747001017595414,0.02575540781653127,0.021603403647929783
top_6,450,0.028618042312351342,0.025457593263244302,-0.044612550227706216,0.10285384300805397,0.5822222222222222,1.8616250370212526,1.8616938768976272,53,0.010391224144895229,0.38117296246498866,0.0007366837500020072,0.00030156920455311903,0.038747001017595414,0.02575540781653127,0.021603403647929783
flag_nested,450,0.041507424061991774,0.04499268020551975,-0.042466345660547675,0.13153949270102183,0.6422222222222222,1.4803205933694388,1.479997306252253,53,0.010391224144895229,0.38117296246498866,0.0007366837500020072,0.00030156920455311903,0.038747001017595414,0.02575540781653127,0.021603403647929783
market_1,450,0.030688138080382493,0.0365554999057605,-0.18854067787218146,0.22512723198064716,0.5533333333333333,0.9028808580419685,0.9062698553138859,54,0.01059340934770284,0.38117296246498866,0.0007377258066443975,0.0002801646538752728,0.03831589588646013,0.024499166553163892,0.021958508000697652
block_2_3,450,0.014469776575024807,0.017505751613232236,-0.12555733338676273,0.1682365288110559,0.5155555555555555,1.4677685611923352,1.4691668369623563,54,0.01059340934770284,0.38117296246498866,0.0007377258066443975,0.0002801646538752728,0.03831589588646013,0.024499166553163892,0.021958508000697652
block_4_6,450,0.022194729737507257,0.022745527053698963,-0.06267161311922767,0.10342913344494056,0.5666666666666667,1.8807561598243203,1.8819818732490055,54,0.01059340934770284,0.38117296246498866,0.0007377258066443975,0.0002801646538752728,0.03831589588646013,0.024499166553163892,0.021958508000697652
top_3,450,0.03300778063017613,0.044889908183378326,-0.07896646914200005,0.1395206403783967,0.5844444444444444,1.4444563136089734,1.445097518226346,54,0.01059340934770284,0.38117296246498866,0.0007377258066443975,0.0002801646538752728,0.03831589588646013,0.024499166553163892,0.021958508000697652
top_6,450,0.050884305045691004,0.0540251679275616,-0.008749802574916237,0.10786372593541062,0.7311111111111112,1.871001638846102,1.872195431360859,54,0.01059340934770284,0.38117296246498866,0.0007377258066443975,0.0002801646538752728,0.03831589588646013,0.024499166553163892,0.021958508000697652
flag_nested,450,0.03398971216606894,0.031000961606504767,-0.052421039500615926,0.1292279133181217,0.6088888888888889,1.470092006684237,1.472605895167326,54,0.01059340934770284,0.38117296246498866,0.0007377258066443975,0.0002801646538752728,0.03831589588646013,0.024499166553163892,0.021958508000697652
market_1,450,0.07115511433100388,0.07903285845196857,-0.15367728481530363,0.2895433399012548,0.5933333333333334,0.9303047363985256,0.9304835599571252,55,0.010580143860971584,0.38117296246498866,0.000743731791259594,0.00031400582247344266,0.03792658012112225,0.023999029955933435,0.021170134785462806
block_2_3,450,0.03644686212512842,0.03706952647751832,-0.10830606902190411,0.16432008957093136,0.5711111111111111,1.4911022688089548,1.4920761700687786,55,0.010580143860971584,0.38117296246498866,0.000743731791259594,0.00031400582247344266,0.03792658012112225,0.023999029955933435,0.021170134785462806
block_4_6,450,0.016010935045442095,0.014688194269464872,-0.07803678017407617,0.12225986077817523,0.5288888888888889,1.882348257603223,1.8825511667519381,55,0.010580143860971584,0.38117296246498866,0.000743731791259594,0.00031400582247344266,0.03792658012112225,0.023999029955933435,0.021170134785462806
top_3,450,0.04358419763497756,0.05692967283561133,-0.07022402248216804,0.15235400699766638,0.6088888888888889,1.4703675106357958,1.4714630559703359,55,0.010580143860971584,0.38117296246498866,0.000743731791259594,0.00031400582247344266,0.03792658012112225,0.023999029955933435,0.021170134785462806
top_6,450,0.04134489579368956,0.04032610717631779,-0.023303777697258728,0.11395642501248969,0.6688888888888889,1.8673463375624948,1.8678141772781278,55,0.010580143860971584,0.38117296246498866,0.000743731791259594,0.00031400582247344266,0.03792658012112225,0.023999029955933435,0.021170134785462806
flag_nested,450,0.05104339672147765,0.04908623089689624,-0.030872692759909063,0.1388989283657701,0.6688888888888889,1.4955718798929933,1.496107457977354,55,0.010580143860971584,0.38117296246498866,0.000743731791259594,0.00031400582247344266,0.03792658012112225,0.023999029955933435,0.021170134785462806
market_1,450,0.05735323366504714,0.0734716942967662,-0.1617303701592268,0.2718785706827599,0.5977777777777777,0.9178511421705002,0.9150383767457466,56,0.010372323050241857,0.38117296246498866,0.0007357472495587886,0.0002701911527616084,0.036714385649972564,0.02640277760704315,0.022098366110813804
block_2_3,450,0.046185104623054495,0.03980388355087437,-0.0911991356380612,0.19109193598438176,0.5777777777777777,1.4674484272583868,1.4667655437173295,56,0.010372323050241857,0.38117296246498866,0.0007357472495587886,0.0002701911527616084,0.036714385649972564,0.02640277760704315,0.022098366110813804
block_4_6,450,0.023842321386372992,0.02844021979758214,-0.06823014842674117,0.12161479135899181,0.5911111111111111,1.8848254451508835,1.8826609183386123,56,0.010372323050241857,0.38117296246498866,0.0007357472495587886,0.0002701911527616084,0.036714385649972564,0.02640277760704315,0.022098366110813804
top_3,450,0.05420737770181826,0.05378163973718336,-0.04748921981187414,0.1542285137352033,0.6155555555555555,1.4381277240868642,1.437571948622349,56,0.010372323050241857,0.38117296246498866,0.0007357472495587886,0.0002701911527616084,0.036714385649972564,0.02640277760704315,0.022098366110813804
top_6,450,0.040436780004390285,0.04071134033601736,-0.025317776455119165,0.10952910489216658,0.6533333333333333,1.8812223898123146,1.879361321430411,56,0.010372323050241857,0.38117296246498866,0.0007357472495587886,0.0002701911527616084,0.036714385649972564,0.02640277760704315,0.022098366110813804
flag_nested,450,0.04985056093840379,0.04768017003717036,-0.04480498923588748,0.14001816963690195,0.6222222222222222,1.480572777785522,1.478202792895028,56,0.010372323050241857,0.38117296246498866,0.0007357472495587886,0.0002701911527616084,0.036714385649972564,0.02640277760704315,0.022098366110813804
market_1,450,0.033633136899295854,0.05030098222761768,-0.17619461818967447,0.25287509245063045,0.5555555555555556,0.9197696409374382,0.9171305772374234,57,0.010604490657805742,0.38117296246498866,0.0007414351475152006,0.00027671427334038934,0.038157742783045796,0.027294015664455207,0.02105962339933071
block_2_3,450,0.03023927671360052,0.025351595880301437,-0.12186133494895075,0.19753603397886715,0.5511111111111111,1.4817246937203485,1.4815222585444567,57,0.010604490657805742,0.38117296246498866,0.0007414351475152006,0.00027671427334038934,0.038157742783045796,0.027294015664455207,0.02105962339933071
block_4_6,450,0.014594921396975883,0.013147994153575284,-0.07340048031995366,0.10493169127500088,0.5377777777777778,1.8856076700174733,1.885006636461575,57,0.010604490657805742,0.38117296246498866,0.0007414351475152006,0.00027671427334038934,0.038157742783045796,0.027294015664455207,0.02105962339933071
top_3,450,0.042903289635607876,0.04608755822135642,-0.06552628525702442,0.1560685295415214,0.6155555555555555,1.4426200668880769,1.4447587356713656,57,0.010604490657805742,0.38117296246498866,0.0007414351475152006,0.00027671427334038934,0.038157742783045796,0.027294015664455207,0.02105962339933071
top_6,450,0.035560453832040984,0.03777231511603959,-0.028204550494201622,0.10752594125294146,0.6444444444444445,1.8714681307753518,1.8695391113313948,57,0.010604490657805742,0.38117296246498866,0.0007414351475152006,0.00027671427334038934,0.038157742783045796,0.027294015664455207,0.02105962339933071
flag_nested,450,0.033113091061415634,0.03788657976621011,-0.06099694143175302,0.13029415582052042,0.6222222222222222,1.4828225340409118,1.4813159696883464,57,0.010604490657805742,0.38117296246498866,0.0007414351475152006,0.00027671427334038934,0.038157742783045796,0.027294015664455207,0.02105962339933071
market_1,450,0.037542617914336364,0.039561283176952344,-0.20579126191996094,0.2676842265619818,0.5533333333333333,0.902519013397387,0.9029613413960113,58,0.010578827187361868,0.38117296246498866,0.0007359571102906916,0.0002636903287997032,0.038179958072477295,0.02857295427427917,0.02228920672234119
block_2_3,450,0.028670196996222468,0.026104004540512683,-0.11387192545440795,0.17020817880982492,0.5622222222222222,1.4478396924267205,1.4477792779027763,58,0.010578827187361868,0.38117296246498866,0.0007359571102906916,0.0002636903287997032,0.038179958072477295,0.02857295427427917,0.02228920672234119
block_4_6,450,0.014674717360221926,0.023676928483711113,-0.07863510108054159,0.09916586774532388,0.5666666666666667,1.8708115071922395,1.8698921277117018,58,0.010578827187361868,0.38117296246498866,0.0007359571102906916,0.0002636903287997032,0.038179958072477295,0.02857295427427917,0.02228920672234119
top_3,450,0.037867011933683706,0.03810918966689582,-0.06106233884581,0.14154514621765402,0.6111111111111112,1.4248370267416526,1.4242289220837518,58,0.010578827187361868,0.38117296246498866,0.0007359571102906916,0.0002636903287997032,0.038179958072477295,0.02857295427427917,0.02228920672234119
top_6,450,0.039390049606594604,0.04078935207678938,-0.028942278236253144,0.10975216183513993,0.6644444444444444,1.8629783799955244,1.862094270102528,58,0.010578827187361868,0.38117296246498866,0.0007359571102906916,0.0002636903287997032,0.038179958072477295,0.02857295427427917,0.02228920672234119
flag_nested,450,0.037555452289294175,0.03695956201281373,-0.06405384096810252,0.13042613838328543,0.5911111111111111,1.4624398351422112,1.462267636851333,58,0.010578827187361868,0.38117296246498866,0.0007359571102906916,0.0002636903287997032,0.038179958072477295,0.02857295427427917,0.02228920672234119
market_1,450,0.05340535933500831,0.07986258501068536,-0.15461988778445201,0.26254918358636214,0.5911111111111111,0.901085949821953,0.898053703619119,59,0.010327070117525365,0.38117296246498866,0.0007432962888376896,0.000258067818032115,0.03881221846244139,0.02535643161051226,0.020729041409487226
block_2_3,450,0.01767950472909347,0.014287987592728382,-0.11065930007887587,0.1363583908681032,0.5355555555555556,1.4783749214342823,1.477047577334894,59,0.010327070117525365,0.38117296246498866,0.0007432962888376896,0.000258067818032115,0.03881221846244139,0.02535643161051226,0.020729041409487226
block_4_6,450,0.016352516519873767,0.013363936268371342,-0.07537222065469729,0.10579487359277186,0.54,1.8727655312843074,1.8729163179119193,59,0.010327070117525365,0.38117296246498866,0.0007432962888376896,0.000258067818032115,0.03881221846244139,0.02535643161051226,0.020729041409487226
top_3,450,0.021679693364399174,0.019036459842624753,-0.09033470398158319,0.12292112248280126,0.5533333333333333,1.470712844558372,1.4729259918930837,59,0.010327070117525365,0.38117296246498866,0.0007432962888376896,0.000258067818032115,0.03881221846244139,0.02535643161051226,0.020729041409487226
top_6,450,0.03701866001661942,0.03428237617764006,-0.037025213929089466,0.1044896858613619,0.6222222222222222,1.8624395775433555,1.862628458249499,59,0.010327070117525365,0.38117296246498866,0.0007432962888376896,0.000258067818032115,0.03881221846244139,0.02535643161051226,0.020729041409487226
flag_nested,450,0.0335837122597891,0.039757008287826134,-0.04502944025442211,0.1204843169296425,0.6177777777777778,1.4745884684340083,1.4732182926262318,59,0.010327070117525365,0.38117296246498866,0.0007432962888376896,0.000258067818032115,0.03881221846244139,0.02535643161051226,0.020729041409487226
market_1,450,0.0329455801669622,0.04114930309711315,-0.2013139658976913,0.26962735651675845,0.5444444444444444,0.9291086046691454,0.9271375420569162,60,0.010532199982098915,0.38117296246498866,0.0007415754158718233,0.0002549435217671023,0.03617447064483638,0.02583982818469753,0.021419391851224014
block_2_3,450,0.004055399612183137,0.005517800636389903,-0.13066339741384006,0.1456654737698838,0.5155555555555555,1.5019717231363143,1.5026860943311284,60,0.010532199982098915,0.38117296246498866,0.0007415754158718233,0.0002549435217671023,0.03617447064483638,0.02583982818469753,0.021419391851224014
block_4_6,450,0.02989300175431651,0.033195697188012005,-0.05457935796168572,0.12278282459620861,0.5955555555555555,1.8728165794795542,1.8724856785717279,60,0.010532199982098915,0.38117296246498866,0.0007415754158718233,0.0002549435217671023,0.03617447064483638,0.02583982818469753,0.021419391851224014
top_3,450,0.030822324774320474,0.025692938704639668,-0.0903865407880037,0.15684247776548643,0.58,1.467710255630732,1.4690165715734709,60,0.010532199982098915,0.38117296246498866,0.0007415754158718233,0.0002549435217671023,0.03617447064483638,0.02583982818469753,0.021419391851224014
top_6,450,0.0455851395241013,0.05390114424223556,-0.025133612556082378,0.11911592284813552,0.6888888888888889,1.8507413980414635,1.8509264658700395,60,0.010532199982098915,0.38117296246498866,0.0007415754158718233,0.0002549435217671023,0.03617447064483638,0.02583982818469753,0.021419391851224014
flag_nested,450,0.03102184021421644,0.030554204758809506,-0.06499032041243105,0.13601087682645863,0.6044444444444445,1.4896357914674414,1.488791680516474,60,0.010532199982098915,0.38117296246498866,0.0007415754158718233,0.0002549435217671023,0.03617447064483638,0.02583982818469753,0.021419391851224014
market_1,450,0.04552594149474135,0.06917059310193037,-0.16588672573409036,0.24599265637912077,0.5822222222222222,0.8767716507768868,0.8790829956476275,61,0.010459980863745595,0.38117296246498866,0.0007390058702051842,0.00025280134797758813,0.03983121592203635,0.028706028611647144,0.02199934658982936
block_2_3,450,0.028085411236465577,0.022634278409748236,-0.11093682255363255,0.17027881951895965,0.5511111111111111,1.4357830520061658,1.436834510790664,61,0.010459980863745595,0.38117296246498866,0.0007390058702051842,0.00025280134797758813,0.03983121592203635,0.028706028611647144,0.02199934658982936
block_4_6,450,0.012249177969758147,0.014342445196783063,-0.08413525663529892,0.10360212262654961,0.5577777777777778,1.883073103122467,1.8838633399404399,61,0.010459980863745595,0.38117296246498866,0.0007390058702051842,0.00025280134797758813,0.03983121592203635,0.028706028611647144,0.02199934658982936
top_3,450,0.04140915685386676,0.03644475414370432,-0.0645386282208795,0.1630578216957108,0.5911111111111111,1.4283583288595456,1.429882775418205,61,0.010459980863745595,0.38117296246498866,0.0007390058702051842,0.00025280134797758813,0.03983121592203635,0.028706028611647144,0.02199934658982936
top_6,450,0.04014426817881605,0.04542862716820331,-0.02770834843651474,0.11316365769392239,0.6466666666666666,1.8761699091355881,1.8758278589775546,61,0.010459980863745595,0.38117296246498866,0.0007390058702051842,0.00025280134797758813,0.03983121592203635,0.028706028611647144,0.02199934658982936
flag_nested,450,0.040867220940357135,0.05247838141994284,-0.050775014900894644,0.13212277665513106,0.6355555555555555,1.4485888225069072,1.4507112453793416,61,0.010459980863745595,0.38117296246498866,0.0007390058702051842,0.00025280134797758813,0.03983121592203635,0.028706028611647144,0.02199934658982936
market_1,450,0.07433288312563625,0.07770000200379487,-0.12705259881533396,0.3012299812319869,0.5977777777777777,0.8789399339515053,0.8801702882757584,62,0.010472367877639019,0.38117296246498866,0.0007353359601880062,0.00029735764857754393,0.0398871378180367,0.026531397352942066,0.02173172347598637
block_2_3,450,0.025111349242936485,0.0207951945613413,-0.13817104105205244,0.17695808901963153,0.5311111111111111,1.469721683569275,1.4691537034467956,62,0.010472367877639019,0.38117296246498866,0.0007353359601880062,0.00029735764857754393,0.0398871378180367,0.026531397352942066,0.02173172347598637
block_4_6,450,0.013069934161229953,0.008589866324608668,-0.08341040906887404,0.11276704508558136,0.5444444444444444,1.8702426135377213,1.870787189820439,62,0.010472367877639019,0.38117296246498866,0.0007353359601880062,0.00029735764857754393,0.0398871378180367,0.026531397352942066,0.02173172347598637
top_3,450,0.029314942639912165,0.0433587140573769,-0.09638019324594835,0.1594331112252856,0.5866666666666667,1.446642129397994,1.4457869540027515,62,0.010472367877639019,0.38117296246498866,0.0007353359601880062,0.00029735764857754393,0.0398871378180367,0.026531397352942066,0.02173172347598637
top_6,450,0.030634692974318804,0.026857663936876417,-0.03939965079117559,0.10030639186361806,0.5977777777777777,1.8466495410956227,1.846513515383113,62,0.010472367877639019,0.38117296246498866,0.0007353359601880062,0.00029735764857754393,0.0398871378180367,0.026531397352942066,0.02173172347598637
flag_nested,450,0.04309252179398446,0.042580641224582015,-0.04488992656428006,0.13098451598118654,0.6222222222222222,1.4508299769684208,1.4514163756177145,62,0.010472367877639019,0.38117296246498866,0.0007353359601880062,0.00029735764857754393,0.0398871378180367,0.026531397352942066,0.02173172347598637
market_1,450,0.039104457696311684,0.04360893697538692,-0.17573078983795976,0.2716591051443942,0.5488888888888889,0.9117817400706344,0.910819907813782,63,0.01045908484469365,0.38117296246498866,0.000735728540087144,0.0002799248376561163,0.039154103731220684,0.026333877208138314,0.02170440485430965
block_2_3,450,0.012544200421924678,0.00881114893859886,-0.11870755132524724,0.1543857696494784,0.5155555555555555,1.4746202296666782,1.4740821660672343,63,0.01045908484469365,0.38117296246498866,0.000735728540087144,0.0002799248376561163,0.039154103731220684,0.026333877208138314,0.02170440485430965
block_4_6,450,0.029113706582738277,0.025495589353607916,-0.06306415509109574,0.12257404050202605,0.5911111111111111,1.8757245369327609,1.8748659477196494,63,0.01045908484469365,0.38117296246498866,0.000735728540087144,0.0002799248376561163,0.039154103731220684,0.026333877208138314,0.02170440485430965
top_3,450,0.05134475968035744,0.05469560842322385,-0.07325367405911344,0.16531050716439064,0.6266666666666667,1.4532657570479455,1.4520692959945054,63,0.01045908484469365,0.38117296246498866,0.000735728540087144,0.0002799248376561163,0.039154103731220684,0.026333877208138314,0.02170440485430965
top_6,450,0.0382441259420327,0.0401784116238359,-0.027200641424775622,0.10305979545529903,0.6466666666666666,1.873876330050604,1.8727009775748866,63,0.01045908484469365,0.38117296246498866,0.000735728540087144,0.0002799248376561163,0.039154103731220684,0.026333877208138314,0.02170440485430965
flag_nested,450,0.04115193383683264,0.044465669771606986,-0.05092338673507947,0.13544730709027897,0.6311111111111111,1.4816725829363795,1.4802054285727786,63,0.01045908484469365,0.38117296246498866,0.000735728540087144,0.0002799248376561163,0.039154103731220684,0.026333877208138314,0.02170440485430965
market_1,450,0.027059350150992468,0.04345357408669711,-0.21994076141914068,0.26281375791852807,0.5488888888888889,0.9566781833200669,0.9599094798799271,64,0.010592759933224404,0.38117296246498866,0.0007307789984102913,0.00026309707998617426,0.038130421193915624,0.026567313251981608,0.02133128270411954
block_2_3,450,0.015340793651716337,0.011982713331747196,-0.12216358665494349,0.16298219314150872,0.52,1.4949603313996713,1.4936027111103214,64,0.010592759933224404,0.38117296246498866,0.0007307789984102913,0.00026309707998617426,0.038130421193915624,0.026567313251981608,0.02133128270411954
block_4_6,450,-0.009698987480917328,-0.0055313611449277576,-0.09876699900549676,0.0723653993566444,0.48,1.8953194189782099,1.8949875336828372,64,0.010592759933224404,0.38117296246498866,0.0007307789984102913,0.00026309707998617426,0.038130421193915624,0.026567313251981608,0.02133128270411954
top_3,450,0.016108161012522094,0.017283266121558602,-0.09900458985414842,0.12502071665462544,0.5355555555555556,1.4465900981594846,1.445550490951955,64,0.010592759933224404,0.38117296246498866,0.0007307789984102913,0.00026309707998617426,0.038130421193915624,0.026567313251981608,0.02133128270411954
top_6,450,0.03107906739219304,0.039217144118074546,-0.045116240603381104,0.10375138866138092,0.6288888888888889,1.89354005364629,1.892618156243374,64,0.010592759933224404,0.38117296246498866,0.0007307789984102913,0.00026309707998617426,0.038130421193915624,0.026567313251981608,0.02133128270411954
flag_nested,450,0.02000945512746294,0.02013362993488943,-0.08385124376979397,0.12175829572248201,0.5733333333333334,1.510561314657176,1.511460292640676,64,0.010592759933224404,0.38117296246498866,0.0007307789984102913,0.00026309707998617426,0.038130421193915624,0.026567313251981608,0.02133128270411954
market_1,450,0.06326639755181612,0.08844820842656478,-0.15693523792850553,0.28959340407085327,0.5955555555555555,0.9443844634937105,0.9466325209037246,65,0.010486314808418539,0.38117296246498866,0.0007399134844377611,0.00029569085249375043,0.03586421203372055,0.026240612142013446,0.02301849576443151
block_2_3,450,0.025732345112021607,0.03995953907310601,-0.1265283122738894,0.16311320219429665,0.5622222222222222,1.4632774181660015,1.4654078951469651,65,0.010486314808418539,0.38117296246498866,0.0007399134844377611,0.00029569085249375043,0.03586421203372055,0.026240612142013446,0.02301849576443151
block_4_6,450,0.01256367794585815,0.017777982121399888,-0.07506434966235435,0.1122179676914655,0.5622222222222222,1.8618014733406258,1.8586098608844082,65,0.010486314808418539,0.38117296246498866,0.0007399134844377611,0.00029569085249375043,0.03586421203372055,0.026240612142013446,0.02301849576443151
top_3,450,0.0323748215165114,0.014458021227369094,-0.07522945084292099,0.1400794477263436,0.5577777777777778,1.431003586242718,1.4329389492684084,65,0.010486314808418539,0.38117296246498866,0.0007399134844377611,0.00029569085249375043,0.03586421203372055,0.026240612142013446,0.02301849576443151
top_6,450,0.043446753790396586,0.040112212331015716,-0.019146263307383428,0.11375205271954182,0.6777777777777778,1.8451333217391412,1.8417113058935008,65,0.010486314808418539,0.38117296246498866,0.0007399134844377611,0.00029569085249375043,0.03586421203372055,0.026240612142013446,0.02301849576443151
flag_nested,450,0.04116297994655554,0.05559637625983256,-0.04315532466260545,0.14106652899246092,0.6488888888888888,1.4854501368981294,1.4867294749292979,65,0.010486314808418539,0.38117296246498866,0.0007399134844377611,0.00029569085249375043,0.03586421203372055,0.026240612142013446,0.02301849576443151
market_1,450,0.04867668548527453,0.04904073827439592,-0.17167091136996798,0.27080153916455674,0.5666666666666667,0.9588539780331979,0.957471086359384,66,0.010454549890860268,0.38117296246498866,0.0007375917240450347,0.0002727557204093428,0.034244760222234154,0.02619728428002963,0.02179924681855033
block_2_3,450,0.009032458026511671,0.000830170401552112,-0.12711961674018718,0.1626613861715155,0.5044444444444445,1.4970793858232567,1.496059086754301,66,0.010454549890860268,0.38117296246498866,0.0007375917240450347,0.0002727557204093428,0.034244760222234154,0.02619728428002963,0.02179924681855033
block_4_6,450,0.006573018514039648,0.002723129617660837,-0.07505599269172196,0.08325807976910851,0.5066666666666667,1.8922468133193155,1.8940342903883978,66,0.010454549890860268,0.38117296246498866,0.0007375917240450347,0.0002727557204093428,0.034244760222234154,0.02619728428002963,0.02179924681855033
top_3,450,0.026851451817842813,0.021529108580238515,-0.07836282968412414,0.1274927640232989,0.5711111111111111,1.4555585252140035,1.4556924931150812,66,0.010454549890860268,0.38117296246498866,0.0007375917240450347,0.0002727557204093428,0.034244760222234154,0.02619728428002963,0.02179924681855033
top_6,450,0.03404062356289201,0.03948304448577275,-0.03688009540712262,0.11037694580532952,0.6444444444444445,1.8901892565461307,1.8915545550407362,66,0.010454549890860268,0.38117296246498866,0.0007375917240450347,0.0002727557204093428,0.034244760222234154,0.02619728428002963,0.02179924681855033
flag_nested,450,0.034583593144916096,0.028876026141295613,-0.06144716513928192,0.1457982177061747,0.5688888888888889,1.5140605436104013,1.5135908031372733,66,0.010454549890860268,0.38117296246498866,0.0007375917240450347,0.0002727557204093428,0.034244760222234154,0.02619728428002963,0.02179924681855033
market_1,450,0.022957252669089163,0.05045620589685308,-0.196376581657325,0.22928602625018224,0.5488888888888889,0.8951118527193178,0.8960096750663149,67,0.010394865476941557,0.38117296246498866,0.0007404187853000319,0.00026409131191069274,0.040330503384887424,0.027681815024679975,0.02180191006561374
block_2_3,450,0.02242364627609993,0.02274174223059567,-0.13130411420424032,0.16220124029939564,0.5555555555555556,1.4591573434842384,1.45844067042522,67,0.010394865476941557,0.38117296246498866,0.0007404187853000319,0.00026409131191069274,0.040330503384887424,0.027681815024679975,0.02180191006561374
block_4_6,450,0.015048254041031123,0.02774489101545209,-0.07411562625583894,0.10826274637417861,0.5733333333333334,1.884085892103568,1.8822444393632183,67,0.010394865476941557,0.38117296246498866,0.0007404187853000319,0.00026409131191069274,0.040330503384887424,0.027681815024679975,0.02180191006561374
top_3,450,0.041020438652430075,0.03173224383045756,-0.06852746980962016,0.1530229932765441,0.5822222222222222,1.445539349986162,1.442853563573568,67,0.010394865476941557,0.38117296246498866,0.0007404187853000319,0.00026409131191069274,0.040330503384887424,0.027681815024679975,0.02180191006561374
top_6,450,0.03064205965018528,0.02815618683863426,-0.04088782702984326,0.10230047043885714,0.6111111111111112,1.8635298707994767,1.8632516410934552,67,0.010394865476941557,0.38117296246498866,0.0007404187853000319,0.00026409131191069274,0.040330503384887424,0.027681815024679975,0.02180191006561374
flag_nested,450,0.025485830816109428,0.03684840374523432,-0.06421493717117262,0.12046671875710374,0.6155555555555555,1.4639126409478438,1.4636252724842729,67,0.010394865476941557,0.38117296246498866,0.0007404187853000319,0.00026409131191069274,0.040330503384887424,0.027681815024679975,0.02180191006561374
market_1,450,0.03576704939500078,0.047851360502375415,-0.1512950602602749,0.23830510727829846,0.5755555555555556,0.8795231384959846,0.8797457980467023,68,0.010427762637883042,0.38117296246498866,0.0007471322648021039,0.000230297509911645,0.04388009899523245,0.02669808073691628,0.023130509326164235
block_2_3,450,0.004510797229876293,0.0027134173948181674,-0.12628080209497772,0.14997351880443027,0.5044444444444445,1.4727422020996663,1.472646486116827,68,0.010427762637883042,0.38117296246498866,0.0007471322648021039,0.000230297509911645,0.04388009899523245,0.02669808073691628,0.023130509326164235
block_4_6,450,0.014393061644399937,0.016054278855626727,-0.08964570384365614,0.11396667043817661,0.5377777777777778,1.8822966958128018,1.8824023804404386,68,0.010427762637883042,0.38117296246498866,0.0007471322648021039,0.000230297509911645,0.04388009899523245,0.02669808073691628,0.023130509326164235
top_3,450,0.045691661346038095,0.05282549313141999,-0.055136352863481064,0.16342275473350099,0.6466666666666666,1.4462059274239658,1.4455406692745763,68,0.010427762637883042,0.38117296246498866,0.0007471322648021039,0.000230297509911645,0.04388009899523245,0.02669808073691628,0.023130509326164235
top_6,450,0.03979468330143377,0.041038986233803615,-0.026476619649992733,0.10789640219885296,0.6422222222222222,1.8753264898190507,1.876352147699688,68,0.010427762637883042,0.38117296246498866,0.0007471322648021039,0.000230297509911645,0.04388009899523245,0.02669808073691628,0.023130509326164235
flag_nested,450,0.03065336912387182,0.04603523076233476,-0.0539041882816397,0.1284140406625451,0.6155555555555555,1.459880535697925,1.4600431083840049,68,0.010427762637883042,0.38117296246498866,0.0007471322648021039,0.000230297509911645,0.04388009899523245,0.02669808073691628,0.023130509326164235
market_1,450,0.023322171882370898,0.037180200243216825,-0.22557565789262973,0.2445579948149192,0.5466666666666666,0.8954126117728002,0.8903150263273488,69,0.010463318502245755,0.38117296246498866,0.0007417527305257128,0.0002448939005038203,0.039592450514967105,0.02619278215918702,0.021297550971645318
block_2_3,450,0.01327837056083593,0.010754378953097195,-0.13478921781976488,0.1588943992859676,0.5288888888888889,1.4853310071217112,1.485082606429068,69,0.010463318502245755,0.38117296246498866,0.0007417527305257128,0.0002448939005038203,0.039592450514967105,0.02619278215918702,0.021297550971645318
block_4_6,450,0.019174526271112744,0.021078337573058888,-0.07667354367487719,0.11581965520678796,0.5577777777777778,1.8858742661086914,1.8874828354054458,69,0.010463318502245755,0.38117296246498866,0.0007417527305257128,0.0002448939005038203,0.039592450514967105,0.02619278215918702,0.021297550971645318
top_3,450,0.04042347109016408,0.03160631453713241,-0.07579975092705973,0.16340531595759222,0.5844444444444444,1.4541958652934004,1.4558871398839301,69,0.010463318502245755,0.38117296246498866,0.0007417527305257128,0.0002448939005038203,0.039592450514967105,0.02619278215918702,0.021297550971645318
top_6,450,0.04653828902614102,0.042525674513054605,-0.01997746587471023,0.11938044503618735,0.6711111111111111,1.8697239374911154,1.871631739068062,69,0.010463318502245755,0.38117296246498866,0.0007417527305257128,0.0002448939005038203,0.039592450514967105,0.02619278215918702,0.021297550971645318
flag_nested,450,0.032143023975986104,0.03829354383941005,-0.0681961263650433,0.13146685901943211,0.5844444444444444,1.4690047787667866,1.4667988822633338,69,0.010463318502245755,0.38117296246498866,0.0007417527305257128,0.0002448939005038203,0.039592450514967105,0.02619278215918702,0.021297550971645318
market_1,450,0.06919199416918995,0.0636556472321834,-0.15795892039994983,0.3182542469498453,0.5666666666666667,0.9608381836646336,0.9602822505333054,70,0.010471252609229683,0.38117296246498866,0.0007404980043716396,0.00022333579259199016,0.03532839041050814,0.026677769670987478,0.0213412548123945
block_2_3,450,0.03800921861324178,0.03781956800695331,-0.11717128706921802,0.207206172328704,0.5555555555555556,1.4959843202761465,1.4949348394725388,70,0.010471252609229683,0.38117296246498866,0.0007404980043716396,0.00022333579259199016,0.03532839041050814,0.026677769670987478,0.0213412548123945
block_4_6,450,0.01958301682104138,0.013983264495918912,-0.07464679194028676,0.10976000228463068,0.5533333333333333,1.8739455924697404,1.8746416540279116,70,0.010471252609229683,0.38117296246498866,0.0007404980043716396,0.00022333579259199016,0.03532839041050814,0.026677769670987478,0.0213412548123945
top_3,450,0.05184646326553377,0.06071816832545911,-0.06567985854815872,0.1717722427861711,0.6288888888888889,1.4489801292918396,1.4476751408907722,70,0.010471252609229683,0.38117296246498866,0.0007404980043716396,0.00022333579259199016,0.03532839041050814,0.026677769670987478,0.0213412548123945
top_6,450,0.034758446755007666,0.036834041994389666,-0.024850943572625,0.09487867114601653,0.6533333333333333,1.8584831244331037,1.859722774490053,70,0.010471252609229683,0.38117296246498866,0.0007404980043716396,0.00022333579259199016,0.03532839041050814,0.026677769670987478,0.0213412548123945
flag_nested,450,0.05411309925739215,0.049822174586599224,-0.051060111061834015,0.16223022131732107,0.6155555555555555,1.506728860654159,1.5062944903537963,70,0.010471252609229683,0.38117296246498866,0.0007404980043716396,0.00022333579259199016,0.03532839041050814,0.026677769670987478,0.0213412548123945
market_1,450,0.04017738522299945,0.02919748704464696,-0.1464666966711962,0.2455971851485143,0.5333333333333333,0.935103011011489,0.9346621585626129,71,0.010582378472833049,0.38117296246498866,0.0007331920827961841,0.0002953328359531233,0.03857923754985601,0.026974465643972174,0.021664479863038794
block_2_3,450,0.02525296969972286,0.02022875008441955,-0.11321484703798836,0.17581903278216493,0.5311111111111111,1.4812932435327366,1.4817290853354355,71,0.010582378472833049,0.38117296246498866,0.0007331920827961841,0.0002953328359531233,0.03857923754985601,0.026974465643972174,0.021664479863038794
block_4_6,450,0.011552381456703422,0.025726908701333685,-0.08077970949139317,0.10299727671586068,0.56,1.8805269281247052,1.8837561426442462,71,0.010582378472833049,0.38117296246498866,0.0007331920827961841,0.0002953328359531233,0.03857923754985601,0.026974465643972174,0.021664479863038794
top_3,450,0.045699032528525564,0.04845845888108573,-0.07103344450508399,0.16114882015268536,0.6088888888888889,1.4505678777148667,1.4516893884945676,71,0.010582378472833049,0.38117296246498866,0.0007331920827961841,0.0002953328359531233,0.03857923754985601,0.026974465643972174,0.021664479863038794
top_6,450,0.028242645183907247,0.03259677017242466,-0.03196082923393366,0.0925156049353325,0.6111111111111112,1.8657274203042808,1.8689754075945995,71,0.010582378472833049,0.38117296246498866,0.0007331920827961841,0.0002953328359531233,0.03857923754985601,0.026974465643972174,0.021664479863038794
flag_nested,450,0.03590809020636767,0.030268660569302455,-0.05274804214923014,0.13368190079479403,0.6066666666666667,1.4915898704060302,1.492399807923266,71,0.010582378472833049,0.38117296246498866,0.0007331920827961841,0.0002953328359531233,0.03857923754985601,0.026974465643972174,0.021664479863038794
market_1,450,0.03832418219169138,0.045864839019568254,-0.1867706584797601,0.2584708693338975,0.5555555555555556,0.8875824944043167,0.889355180986803,72,0.010604167774321327,0.38117296246498866,0.0007435546335566702,0.0002624795633290786,0.039716532037700224,0.026933396439653767,0.021130115043383222
block_2_3,450,0.01590195602968155,0.021807624840310326,-0.12129320539822941,0.15814098582643754,0.5444444444444444,1.4667719923082716,1.4671612783769705,72,0.010604167774321327,0.38117296246498866,0.0007435546335566702,0.0002624795633290786,0.039716532037700224,0.026933396439653767,0.021130115043383222
block_4_6,450,0.015022078290355312,0.00863366216119807,-0.08495336934960686,0.10548070808831504,0.5222222222222223,1.8710817840436533,1.8717713745896272,72,0.010604167774321327,0.38117296246498866,0.0007435546335566702,0.0002624795633290786,0.039716532037700224,0.026933396439653767,0.021130115043383222
top_3,450,0.03751730707078301,0.05597628111683878,-0.07088275881380456,0.1412315402585605,0.6088888888888889,1.4262156472905605,1.4252264757009023,72,0.010604167774321327,0.38117296246498866,0.0007435546335566702,0.0002624795633290786,0.039716532037700224,0.026933396439653767,0.021130115043383222
top_6,450,0.036328815820538964,0.037979863839899645,-0.0381125400917352,0.1050501081947304,0.6288888888888889,1.8677621874162758,1.8684428917097324,72,0.010604167774321327,0.38117296246498866,0.0007435546335566702,0.0002624795633290786,0.039716532037700224,0.026933396439653767,0.021130115043383222
flag_nested,450,0.03450548940433729,0.03903711381404501,-0.06450795025917588,0.12825344731950072,0.6044444444444445,1.452797342145776,1.4538696686637518,72,0.010604167774321327,0.38117296246498866,0.0007435546335566702,0.0002624795633290786,0.039716532037700224,0.026933396439653767,0.021130115043383222
market_1,450,0.04831257091150502,0.03494002591025061,-0.16471003710558524,0.27877778096717065,0.5333333333333333,0.910231142737061,0.909181272704775,73,0.01055141779696056,0.38117296246498866,0.000728099243532105,0.00025186781222404087,0.04041618061990528,0.026503105678200786,0.022162719751662847
block_2_3,450,-0.005319524357104604,-0.006612385824744575,-0.1629318128550708,0.13846200375207374,0.49333333333333335,1.4771406049656435,1.47545886119596,73,0.01055141779696056,0.38117296246498866,0.000728099243532105,0.00025186781222404087,0.04041618061990528,0.026503105678200786,0.022162719751662847
block_4_6,450,0.0005662758663394708,0.00023968465601090992,-0.08851367136009713,0.09717454308890618,0.5,1.8800926977181278,1.8782209128734486,73,0.01055141779696056,0.38117296246498866,0.000728099243532105,0.00025186781222404087,0.04041618061990528,0.026503105678200786,0.022162719751662847
top_3,450,0.020272991712446533,0.022194635810081485,-0.08668820909924656,0.13253623654153468,0.5466666666666666,1.4498853702633705,1.4478351215479628,73,0.01055141779696056,0.38117296246498866,0.000728099243532105,0.00025186781222404087,0.04041618061990528,0.026503105678200786,0.022162719751662847
top_6,450,0.035476613603262507,0.031925521047994135,-0.03419424000253311,0.1002687792022258,0.6311111111111111,1.8535137014478047,1.8527216740238308,73,0.01055141779696056,0.38117296246498866,0.000728099243532105,0.00025186781222404087,0.04041618061990528,0.026503105678200786,0.022162719751662847
flag_nested,450,0.03108537113515018,0.028516158112335054,-0.0738953614701979,0.14104580921998516,0.5822222222222222,1.472128790744388,1.4706785816762622,73,0.01055141779696056,0.38117296246498866,0.000728099243532105,0.00025186781222404087,0.04041618061990528,0.026503105678200786,0.022162719751662847
market_1,450,0.03174939483601733,0.041037355858798544,-0.1988535435038109,0.2734989994792916,0.5488888888888889,0.9327879860027016,0.9330009072115951,74,0.010478668723572011,0.38117296246498866,0.0007361869609839787,0.00021564685486941387,0.03859243373675725,0.025233621059249412,0.02195701345180472
block_2_3,450,0.02852264334156956,0.02355752736064046,-0.10769843173444696,0.1679736778546341,0.5488888888888889,1.4855692504130507,1.4874335159326695,74,0.010478668723572011,0.38117296246498866,0.0007361869609839787,0.00021564685486941387,0.03859243373675725,0.025233621059249412,0.02195701345180472
block_4_6,450,0.018962148058883112,0.01035988481741865,-0.07297339130518865,0.10611852593174255,0.5288888888888889,1.8787955525622637,1.8804114348885048,74,0.010478668723572011,0.38117296246498866,0.0007361869609839787,0.00021564685486941387,0.03859243373675725,0.025233621059249412,0.02195701345180472
top_3,450,0.04408044116968818,0.04347686085126709,-0.06535509918204196,0.1685564948303,0.5955555555555555,1.462318544019328,1.4646591183131417,74,0.010478668723572011,0.38117296246498866,0.0007361869609839787,0.00021564685486941387,0.03859243373675725,0.025233621059249412,0.02195701345180472
top_6,450,0.03358713162906918,0.03332245075378408,-0.03620984623147296,0.10560845867373844,0.6311111111111111,1.8639920264836145,1.864084814961871,74,0.010478668723572011,0.38117296246498866,0.0007361869609839787,0.00021564685486941387,0.03859243373675725,0.025233621059249412,0.02195701345180472
flag_nested,450,0.030848108844818423,0.03232683881831712,-0.07713774241388299,0.1405835255468173,0.6155555555555555,1.4951557577496029,1.4960564151514513,74,0.010478668723572011,0.38117296246498866,0.0007361869609839787,0.00021564685486941387,0.03859243373675725,0.025233621059249412,0.02195701345180472
market_1,450,0.02588343450501907,0.02185303167341964,-0.23005484064127207,0.26112303092197453,0.54,0.9114785486945728,0.9078725104543426,75,0.010474508934796272,0.38117296246498866,0.0007386869121792834,0.00023438428460897248,0.03825365191964911,0.02600976257604006,0.022043915063899907
block_2_3,450,0.010524704437193454,0.001165583860937234,-0.13536185648089644,0.15867360853277815,0.5022222222222222,1.4626196535038263,1.4617936114194523,75,0.010474508934796272,0.38117296246498866,0.0007386869121792834,0.00023438428460897248,0.03825365191964911,0.02600976257604006,0.022043915063899907
block_4_6,450,0.01216206277319207,0.00934524472940598,-0.08200289041560105,0.09697886695220488,0.5311111111111111,1.8795962055551734,1.8811670884418803,75,0.010474508934796272,0.38117296246498866,0.0007386869121792834,0.00023438428460897248,0.03825365191964911,0.02600976257604006,0.022043915063899907
top_3,450,0.026968125677705113,0.03325024293553088,-0.08605567702630507,0.13870419892761313,0.5711111111111111,1.4430982733387065,1.4450786213326374,75,0.010474508934796272,0.38117296246498866,0.0007386869121792834,0.00023438428460897248,0.03825365191964911,0.02600976257604006,0.022043915063899907
top_6,450,0.04170111775564502,0.042883816898156055,-0.03258145463970753,0.10968754361382306,0.6733333333333333,1.8637468645241388,1.865218188401556,75,0.010474508934796272,0.38117296246498866,0.0007386869121792834,0.00023438428460897248,0.03825365191964911,0.02600976257604006,0.022043915063899907
flag_nested,450,0.02556031770018944,0.020628371562887424,-0.0743782097253252,0.12198490504429563,0.5688888888888889,1.471760944092802,1.470379795300869,75,0.010474508934796272,0.38117296246498866,0.0007386869121792834,0.00023438428460897248,0.03825365191964911,0.02600976257604006,0.022043915063899907
market_1,450,0.05228439322676075,0.07670035249197261,-0.16059049497806216,0.26425569999748033,0.5866666666666667,0.9089343352104773,0.9097290025380189,76,0.010419171382314152,0.38117296246498866,0.0007354486406972967,0.0002828464741305506,0.036006549226534706,0.026529063851705285,0.02161961717185318
block_2_3,450,0.028998848797348462,0.03521353075282349,-0.09649665763847849,0.16288841572434234,0.5711111111111111,1.454323281330797,1.4553415342757325,76,0.010419171382314152,0.38117296246498866,0.0007354486406972967,0.0002828464741305506,0.036006549226534706,0.026529063851705285,0.02161961717185318
block_4_6,450,0.013052779094072476,0.012133040403592654,-0.08368431935734655,0.10310288689718013,0.5422222222222223,1.8818324349956879,1.8813411786678493,76,0.010419171382314152,0.38117296246498866,0.0007354486406972967,0.0002828464741305506,0.036006549226534706,0.026529063851705285,0.02161961717185318
top_3,450,0.04333484431909822,0.04902760709660113,-0.05949215238375814,0.14286352832220373,0.6288888888888889,1.4340777150825565,1.4352107950559687,76,0.010419171382314152,0.38117296246498866,0.0007354486406972967,0.0002828464741305506,0.036006549226534706,0.026529063851705285,0.02161961717185318
top_6,450,0.044376303741202085,0.05070196602107225,-0.027567870919948466,0.11109279799825969,0.66,1.875214233045555,1.8747810697178167,76,0.010419171382314152,0.38117296246498866,0.0007354486406972967,0.0002828464741305506,0.036006549226534706,0.026529063851705285,0.02161961717185318
flag_nested,450,0.04446987965720782,0.04534973110964062,-0.0477556678425747,0.13843575108812564,0.6466666666666666,1.4709822841118745,1.471777205503916,76,0.010419171382314152,0.38117296246498866,0.0007354486406972967,0.0002828464741305506,0.036006549226534706,0.026529063851705285,0.02161961717185318
market_1,450,0.03479446829354295,0.03796318291886357,-0.2054208235098372,0.2609349488006013,0.5466666666666666,0.9135668931809541,0.914639099232133,77,0.010527820172327835,0.38117296246498866,0.0007340721369771345,0.000306633283817255,0.0381335147705677,0.027204174763433387,0.022052489027596607
block_2_3,450,0.00922593575106176,0.012613580403997685,-0.1454494061695658,0.1550500491171988,0.5155555555555555,1.463562881839076,1.464538528297007,77,0.010527820172327835,0.38117296246498866,0.0007340721369771345,0.000306633283817255,0.0381335147705677,0.027204174763433387,0.022052489027596607
block_4_6,450,0.007591451644894441,0.01058686694483692,-0.08137572885018743,0.1016905598209488,0.5377777777777778,1.893458715672079,1.8934549357560484,77,0.010527820172327835,0.38117296246498866,0.0007340721369771345,0.000306633283817255,0.0381335147705677,0.027204174763433387,0.022052489027596607
top_3,450,0.02880424888903672,0.03387443906443945,-0.08841936433167485,0.15000748476340672,0.5866666666666667,1.425810467213516,1.4253092599943455,77,0.010527820172327835,0.38117296246498866,0.0007340721369771345,0.000306633283817255,0.0381335147705677,0.027204174763433387,0.022052489027596607
top_6,450,0.028997132420131327,0.030659245609145253,-0.032775642359552076,0.09452369630904556,0.6333333333333333,1.8692085482234335,1.8698742778820785,77,0.010527820172327835,0.38117296246498866,0.0007340721369771345,0.000306633283817255,0.0381335147705677,0.027204174763433387,0.022052489027596607
flag_nested,450,0.02549177808754257,0.028907239782036652,-0.07916779462939291,0.12794956788542103,0.5577777777777778,1.4701537773541475,1.4708649285543753,77,0.010527820172327835,0.38117296246498866,0.0007340721369771345,0.000306633283817255,0.0381335147705677,0.027204174763433387,0.022052489027596607
market_1,450,0.038529128040426235,0.04025551843550716,-0.1650900500514305,0.25090488973654146,0.5355555555555556,0.8944975545637186,0.8931808306499064,78,0.010429841408861587,0.38117296246498866,0.000739041103941169,0.00025864961907802464,0.03673524565027135,0.02674347918688112,0.021684985669085024
block_2_3,450,0.014793289919751937,0.013664057960387327,-0.11894885171719945,0.1662360912708067,0.5266666666666666,1.452672886910494,1.450369715486318,78,0.010429841408861587,0.38117296246498866,0.000739041103941169,0.00025864961907802464,0.03673524565027135,0.02674347918688112,0.021684985669085024
block_4_6,450,0.020327742186567986,0.013786225388581999,-0.06523358990051116,0.11011550813035327,0.5666666666666667,1.8830871692797793,1.8832152437047054,78,0.010429841408861587,0.38117296246498866,0.000739041103941169,0.00025864961907802464,0.03673524565027135,0.02674347918688112,0.021684985669085024
top_3,450,0.0522439848495955,0.05053210925650263,-0.04527949876885008,0.15765053702624582,0.6511111111111111,1.4305334810490613,1.4292607171691958,78,0.010429841408861587,0.38117296246498866,0.000739041103941169,0.00025864961907802464,0.03673524565027135,0.02674347918688112,0.021684985669085024
top_6,450,0.037925016756175274,0.03495697574395006,-0.03894990015030103,0.10630263492957874,0.6111111111111112,1.8883315163624828,1.8897397098377662,78,0.010429841408861587,0.38117296246498866,0.000739041103941169,0.00025864961907802464,0.03673524565027135,0.02674347918688112,0.021684985669085024
flag_nested,450,0.03920309978783839,0.044339664449245864,-0.05581405015312164,0.13295317982787794,0.6155555555555555,1.4638549349134928,1.4626542109198633,78,0.010429841408861587,0.38117296246498866,0.000739041103941169,0.00025864961907802464,0.03673524565027135,0.02674347918688112,0.021684985669085024
market_1,450,0.016882506635751637,0.024997751912121856,-0.19264231613090266,0.2180780877247973,0.5333333333333333,0.8955308932989718,0.8959753225313903,79,0.010515455144605283,0.38117296246498866,0.0007378050396303069,0.0002810316219809747,0.03849622036299087,0.024941694921414074,0.02255024994386686
block_2_3,450,0.005311829471556888,-0.002370062284271904,-0.13666095486112534,0.15007318237214926,0.4911111111111111,1.4567362926214245,1.4560563684877785,79,0.010515455144605283,0.38117296246498866,0.0007378050396303069,0.0002810316219809747,0.03849622036299087,0.024941694921414074,0.02255024994386686
block_4_6,450,-0.006851741976326814,-0.008915575733727529,-0.11533718121293969,0.09845533888705185,0.47555555555555556,1.8759541285670012,1.8759669452079313,79,0.010515455144605283,0.38117296246498866,0.0007378050396303069,0.0002810316219809747,0.03849622036299087,0.024941694921414074,0.02255024994386686
top_3,450,0.02628831103659094,0.03107942594384481,-0.09468996307755821,0.14257445339294633,0.5711111111111111,1.4595760197091725,1.4587399415289881,79,0.010515455144605283,0.38117296246498866,0.0007378050396303069,0.0002810316219809747,0.03849622036299087,0.024941694921414074,0.02255024994386686
top_6,450,0.02526512251397419,0.023313145643726198,-0.03603268825812634,0.08902513141285379,0.5933333333333334,1.8590545715512916,1.858409883407649,79,0.010515455144605283,0.38117296246498866,0.0007378050396303069,0.0002810316219809747,0.03849622036299087,0.024941694921414074,0.02255024994386686
flag_nested,450,0.020222725044787566,0.018817354855930106,-0.07169313657900783,0.11359682031659317,0.5511111111111111,1.4659672197259357,1.465937357691932,79,0.010515455144605283,0.38117296246498866,0.0007378050396303069,0.0002810316219809747,0.03849622036299087,0.024941694921414074,0.02255024994386686
market_1,450,0.012341553658878686,0.010013909539603202,-0.21206327721048068,0.2425486602688411,0.5088888888888888,0.9342764425009005,0.9360576619167589,80,0.010308639051255362,0.38117296246498866,0.0007369198269944849,0.0002661949558143799,0.03652472255508719,0.02671336668134607,0.020335611119232547
block_2_3,450,0.018335526310809192,0.019998491334622687,-0.10958150751625029,0.15276355580505313,0.5377777777777778,1.4954603931138961,1.4973714116045722,80,0.010308639051255362,0.38117296246498866,0.0007369198269944849,0.0002661949558143799,0.03652472255508719,0.02671336668134607,0.020335611119232547
block_4_6,450,0.0027107510534220463,0.004073806195071316,-0.09505554472867098,0.1011582297807413,0.5133333333333333,1.8965248741924678,1.899072861729817,80,0.010308639051255362,0.38117296246498866,0.0007369198269944849,0.0002661949558143799,0.03652472255508719,0.02671336668134607,0.020335611119232547
top_3,450,0.04168197901648725,0.03866768198683172,-0.05145323160499024,0.14442674948997422,0.6022222222222222,1.467648845922378,1.4699438288739817,80,0.010308639051255362,0.38117296246498866,0.0007369198269944849,0.0002661949558143799,0.03652472255508719,0.02671336668134607,0.020335611119232547
top_6,450,0.036473351577711234,0.039656535184036584,-0.039764045905166946,0.11233622845942132,0.6311111111111111,1.900007436007636,1.9025392023107741,80,0.010308639051255362,0.38117296246498866,0.0007369198269944849,0.0002661949558143799,0.03652472255508719,0.02671336668134607,0.020335611119232547
flag_nested,450,0.02650669699078119,0.03233937420318048,-0.06972911278408456,0.12434676137691092,0.5955555555555555,1.5030351772890056,1.5054797268300446,80,0.010308639051255362,0.38117296246498866,0.0007369198269944849,0.0002661949558143799,0.03652472255508719,0.02671336668134607,0.020335611119232547
market_1,450,0.01714222392241542,0.026864453322925936,-0.18024790655294642,0.22709616008007907,0.5355555555555556,0.889505907879299,0.8858689832161591,81,0.010453527943693397,0.38117296246498866,0.000734916446213969,0.00025594319608286675,0.04008823574263476,0.026606883222269874,0.021063183000902555
block_2_3,450,0.005969682691606127,0.009048040043637382,-0.1289885593227838,0.13591779590450942,0.5111111111111111,1.4716678363395386,1.471046218785641,81,0.010453527943693397,0.38117296246498866,0.000734916446213969,0.00025594319608286675,0.04008823574263476,0.026606883222269874,0.021063183000902555
block_4_6,450,0.01727707497777106,0.0202957877611638,-0.07434167818322064,0.10844373744679661,0.5555555555555556,1.8894711362351913,1.8893701845454396,81,0.010453527943693397,0.38117296246498866,0.000734916446213969,0.00025594319608286675,0.04008823574263476,0.026606883222269874,0.021063183000902555
top_3,450,0.02203721833629651,0.032820642239312636,-0.08658667352877207,0.13578019536343933,0.5644444444444444,1.462892050173578,1.463565519614449,81,0.010453527943693397,0.38117296246498866,0.000734916446213969,0.00025594319608286675,0.04008823574263476,0.026606883222269874,0.021063183000902555
top_6,450,0.03820759008242997,0.036816670195124516,-0.025833780675177016,0.1029965129749744,0.6444444444444445,1.8760340915342686,1.8751097634432259,81,0.010453527943693397,0.38117296246498866,0.000734916446213969,0.00025594319608286675,0.04008823574263476,0.026606883222269874,0.021063183000902555
flag_nested,450,0.02118799045291853,0.020199647327733328,-0.05613562205336249,0.10402020943022994,0.5644444444444444,1.469610619950876,1.4673696449363185,81,0.010453527943693397,0.38117296246498866,0.000734916446213969,0.00025594319608286675,0.04008823574263476,0.026606883222269874,0.021063183000902555
market_1,450,0.05499265012012862,0.07518422758223509,-0.13660053364293848,0.27490256914488204,0.5933333333333334,0.8763860603658059,0.8746219517671844,82,0.01057540065349288,0.38117296246498866,0.0007396396957570687,0.00024764162255287714,0.0406180829003137,0.025967524401987477,0.02144259914641063
block_2_3,450,0.007467215803887383,0.02070568917927014,-0.13889200387524936,0.14679759954659133,0.5311111111111111,1.462710362829225,1.4624291182480906,82,0.01057540065349288,0.38117296246498866,0.0007396396957570687,0.00024764162255287714,0.0406180829003137,0.025967524401987477,0.02144259914641063
block_4_6,450,0.007658098940782634,0.01723519729276367,-0.10130611965183395,0.11156522187097163,0.5355555555555556,1.8632552101252837,1.8604587224654863,82,0.01057540065349288,0.38117296246498866,0.0007396396957570687,0.00024764162255287714,0.0406180829003137,0.025967524401987477,0.02144259914641063
top_3,450,0.02638868744546253,0.045514597286955616,-0.09992328872837204,0.14792737019442687,0.5844444444444444,1.4519293020246768,1.4506661964506093,82,0.01057540065349288,0.38117296246498866,0.0007396396957570687,0.00024764162255287714,0.0406180829003137,0.025967524401987477,0.02144259914641063
top_6,450,0.033507542052380844,0.03381858243491703,-0.03349213052856624,0.09636158464381336,0.6311111111111111,1.8586948163479176,1.8566222722542185,82,0.01057540065349288,0.38117296246498866,0.0007396396957570687,0.00024764162255287714,0.0406180829003137,0.025967524401987477,0.02144259914641063
flag_nested,450,0.0335865350881741,0.04015249219318921,-0.0469248654555762,0.12583700382081417,0.6066666666666667,1.4539545427209113,1.4520319385343938,82,0.01057540065349288,0.38117296246498866,0.0007396396957570687,0.00024764162255287714,0.0406180829003137,0.025967524401987477,0.02144259914641063
market_1,450,0.0050708484476989675,-0.00034634383886388947,-0.20551249442469724,0.22730643080952828,0.5,0.9304811536725626,0.9291955215464448,83,0.010478736845495568,0.38117296246498866,0.0007375918292592899,0.00026435189367651074,0.03701523860376347,0.027889633770818406,0.0223953834877897
block_2_3,450,0.019654512717904464,0.0355534205631067,-0.12827146655027172,0.1612208888702446,0.5533333333333333,1.455916169641407,1.4556049145926908,83,0.010478736845495568,0.38117296246498866,0.0007375918292592899,0.00026435189367651074,0.03701523860376347,0.027889633770818406,0.0223953834877897
block_4_6,450,0.007373236770700573,0.0042772243750671835,-0.09114021014196719,0.09669952834977692,0.5111111111111111,1.8582708733300417,1.8590448159844224,83,0.010478736845495568,0.38117296246498866,0.0007375918292592899,0.00026435189367651074,0.03701523860376347,0.027889633770818406,0.0223953834877897
top_3,450,0.028105499917414338,0.024739644364091897,-0.08462803847233907,0.1287071088864572,0.5688888888888889,1.4205892946372949,1.4204712458137136,83,0.010478736845495568,0.38117296246498866,0.0007375918292592899,0.00026435189367651074,0.03701523860376347,0.027889633770818406,0.0223953834877897
top_6,450,0.0342646570143509,0.036186369869246754,-0.023672456086053856,0.1017179723692293,0.6511111111111111,1.8546468872722555,1.8558513777338228,83,0.010478736845495568,0.38117296246498866,0.0007375918292592899,0.00026435189367651074,0.03701523860376347,0.027889633770818406,0.0223953834877897
flag_nested,450,0.015241627641604753,0.01947090892266604,-0.07830053859058117,0.11492978016816177,0.5466666666666666,1.4781235944478808,1.4774439283755787,83,0.010478736845495568,0.38117296246498866,0.0007375918292592899,0.00026435189367651074,0.03701523860376347,0.027889633770818406,0.0223953834877897
market_1,450,0.044208256125747816,0.06494200509902659,-0.19009465109438262,0.28237293427643234,0.5844444444444444,0.8849007075419069,0.8872299161853997,84,0.010490592938698133,0.38117296246498866,0.0007353751968168575,0.0002563118059361186,0.04001076058159221,0.026423704979421307,0.02256113455256175
block_2_3,450,0.021739276833821628,0.03712296817096904,-0.1286689471223261,0.1641914619004965,0.5666666666666667,1.4766475437169924,1.476849459064423,84,0.010490592938698133,0.38117296246498866,0.0007353751968168575,0.0002563118059361186,0.04001076058159221,0.026423704979421307,0.02256113455256175
block_4_6,450,0.011147901424037241,0.006422015691301412,-0.07654117055519237,0.09884105585654587,0.5222222222222223,1.8816185160300727,1.8797458398654685,84,0.010490592938698133,0.38117296246498866,0.0007353751968168575,0.0002563118059361186,0.04001076058159221,0.026423704979421307,0.02256113455256175
top_3,450,0.04054667714098987,0.051688582336709914,-0.0578868125585857,0.1464746586827976,0.6266666666666667,1.4509005127002492,1.4493495532053366,84,0.010490592938698133,0.38117296246498866,0.0007353751968168575,0.0002563118059361186,0.04001076058159221,0.026423704979421307,0.02256113455256175
top_6,450,0.037699696680834886,0.03302926825184482,-0.027398507307673722,0.10799484716645344,0.6333333333333333,1.8739601429432389,1.8748545430238748,84,0.010490592938698133,0.38117296246498866,0.0007353751968168575,0.0002563118059361186,0.04001076058159221,0.026423704979421307,0.02256113455256175
flag_nested,450,0.035100485775472416,0.043559140374483135,-0.053011846274681376,0.13157537770293143,0.6311111111111111,1.4631634364171597,1.4643861272285361,84,0.010490592938698133,0.38117296246498866,0.0007353751968168575,0.0002563118059361186,0.04001076058159221,0.026423704979421307,0.02256113455256175
market_1,450,0.051914150395413756,0.04812134875675976,-0.1844296688693536,0.2802954228153386,0.5622222222222222,0.917556269913074,0.9151011251878078,85,0.010378538828912782,0.38117296246498866,0.0007379987996288849,0.00027359877209912043,0.03624949932289541,0.027251172059026153,0.022503323101420187
block_2_3,450,0.01924824154094674,0.02518714433443467,-0.136812193536544,0.16796353678534962,0.54,1.4663799490166354,1.4651486026169767,85,0.010378538828912782,0.38117296246498866,0.0007379987996288849,0.00027359877209912043,0.03624949932289541,0.027251172059026153,0.022503323101420187
block_4_6,450,-0.0016949596136518134,-0.002559035861030131,-0.09205320232904796,0.08877014643881831,0.4911111111111111,1.8560267488618791,1.8572855715268517,85,0.010378538828912782,0.38117296246498866,0.0007379987996288849,0.00027359877209912043,0.03624949932289541,0.027251172059026153,0.022503323101420187
top_3,450,0.024713434844099266,0.026840952765576916,-0.09139674228121143,0.14754885040035298,0.54,1.4342351446808552,1.43330980977504,85,0.010378538828912782,0.38117296246498866,0.0007379987996288849,0.00027359877209912043,0.03624949932289541,0.027251172059026153,0.022503323101420187
top_6,450,0.04026838255639426,0.035990877511737296,-0.030138979885451764,0.11223552869674883,0.6533333333333333,1.853404174571001,1.8521479724238923,85,0.010378538828912782,0.38117296246498866,0.0007379987996288849,0.00027359877209912043,0.03624949932289541,0.027251172059026153,0.022503323101420187
flag_nested,450,0.04015622366974444,0.03652331260918024,-0.049975874942995394,0.13079993408943205,0.5977777777777777,1.4748086976804213,1.4727978113045062,85,0.010378538828912782,0.38117296246498866,0.0007379987996288849,0.00027359877209912043,0.03624949932289541,0.027251172059026153,0.022503323101420187
market_1,450,0.058753819008431504,0.0640018550532141,-0.15317681695341823,0.27920698096855623,0.5844444444444444,0.9342684663967963,0.9353734954282132,86,0.0105301188702696,0.38117296246498866,0.0007338865653220772,0.00026253814522082114,0.03574095994724419,0.026211585434661237,0.02125285481401605
block_2_3,450,0.01902717038418922,0.020054551743792726,-0.12213681720058552,0.15638948971083888,0.5266666666666666,1.4701601999659075,1.4703404864885963,86,0.0105301188702696,0.38117296246498866,0.0007338865653220772,0.00026253814522082114,0.03574095994724419,0.026211585434661237,0.02125285481401605
block_4_6,450,0.02450700398655804,0.01781063508614581,-0.07216601234676656,0.11941873924785128,0.5666666666666667,1.89457501709994,1.8935386448924472,86,0.0105301188702696,0.38117296246498866,0.0007338865653220772,0.00026253814522082114,0.03574095994724419,0.026211585434661237,0.02125285481401605
top_3,450,0.034649431629661956,0.028455595467747948,-0.06232919369728371,0.13397456858351273,0.5644444444444444,1.4573112127018621,1.456519043450201,86,0.0105301188702696,0.38117296246498866,0.0007338865653220772,0.00026253814522082114,0.03574095994724419,0.026211585434661237,0.02125285481401605
top_6,450,0.04270436266953513,0.043877649071000696,-0.034691699147296834,0.12012671086064156,0.66,1.8837888085773893,1.8831414166539142,86,0.0105301188702696,0.38117296246498866,0.0007338865653220772,0.00026253814522082114,0.03574095994724419,0.026211585434661237,0.02125285481401605
flag_nested,450,0.04197553436799743,0.051696178893173836,-0.04626700134053247,0.1388329805261947,0.6311111111111111,1.495721326362358,1.496136490235054,86,0.0105301188702696,0.38117296246498866,0.0007338865653220772,0.00026253814522082114,0.03574095994724419,0.026211585434661237,0.02125285481401605
market_1,450,0.03209825717596828,0.032677171160146304,-0.20082077302545248,0.2684154033954044,0.54,0.8996765600923017,0.8991707911495912,87,0.01058452434232569,0.38117296246498866,0.0007417783021582305,0.00024709034270881114,0.04154295315027171,0.026060888866555696,0.021359236867232484
block_2_3,450,0.011823268312646292,0.01552412435207566,-0.1326313565252067,0.1495754628630624,0.5333333333333333,1.4722968501623428,1.4703299559208616,87,0.01058452434232569,0.38117296246498866,0.0007417783021582305,0.00024709034270881114,0.04154295315027171,0.026060888866555696,0.021359236867232484
block_4_6,450,0.00848516547402153,0.01353155017495827,-0.09196177021246951,0.10536947723669321,0.5333333333333333,1.874563644489792,1.8737273025761676,87,0.01058452434232569,0.38117296246498866,0.0007417783021582305,0.00024709034270881114,0.04154295315027171,0.026060888866555696,0.021359236867232484
top_3,450,0.032010026337047526,0.024134508086672495,-0.09616589385248221,0.1622768597295393,0.5688888888888889,1.4539992862518565,1.4522953651062542,87,0.01058452434232569,0.38117296246498866,0.0007417783021582305,0.00024709034270881114,0.04154295315027171,0.026060888866555696,0.021359236867232484
top_6,450,0.03504231095639148,0.03614062020241526,-0.03990053836821865,0.11151444715869845,0.64,1.854985462575047,1.8549875924589045,87,0.01058452434232569,0.38117296246498866,0.0007417783021582305,0.00024709034270881114,0.04154295315027171,0.026060888866555696,0.021359236867232484
flag_nested,450,0.02891740301753447,0.02233586525392499,-0.07358745821641674,0.12680040944410065,0.5733333333333334,1.4682016709660946,1.4672613623111523,87,0.01058452434232569,0.38117296246498866,0.0007417783021582305,0.00024709034270881114,0.04154295315027171,0.026060888866555696,0.021359236867232484
market_1,450,0.05318325243287329,0.05580736116436054,-0.16437623585820682,0.2744914124645528,0.58,0.9304042835340971,0.9314602985214956,88,0.010579227053372484,0.38117296246498866,0.000736347930947442,0.00021892398095325893,0.03599056032436437,0.027527863696091837,0.02356129265745024
block_2_3,450,0.033588642023736424,0.03852131108988141,-0.10783467581332704,0.17723230285403863,0.5688888888888889,1.4576952465091304,1.454833732856493,88,0.010579227053372484,0.38117296246498866,0.000736347930947442,0.00021892398095325893,0.03599056032436437,0.027527863696091837,0.02356129265745024
block_4_6,450,0.02455072887899356,0.02811626441702491,-0.07775252307181174,0.11924625385571427,0.5622222222222222,1.8423638833247082,1.8404976718259494,88,0.010579227053372484,0.38117296246498866,0.000736347930947442,0.00021892398095325893,0.03599056032436437,0.027527863696091837,0.02356129265745024
top_3,450,0.04192592255700927,0.04030575982394652,-0.063410167005628,0.1516308262874727,0.6044444444444445,1.4106026947848662,1.4065722418992133,88,0.010579227053372484,0.38117296246498866,0.000736347930947442,0.00021892398095325893,0.03599056032436437,0.027527863696091837,0.02356129265745024
top_6,450,0.036874716381804985,0.04169104450031957,-0.039935724099879354,0.11038345827845719,0.6466666666666666,1.8315881748248992,1.830934120035521,88,0.010579227053372484,0.38117296246498866,0.000736347930947442,0.00021892398095325893,0.03599056032436437,0.027527863696091837,0.02356129265745024
flag_nested,450,0.04273419469488516,0.037593663196943156,-0.04679950923712026,0.14161949380057848,0.6177777777777778,1.468084554101823,1.467436525729003,88,0.010579227053372484,0.38117296246498866,0.000736347930947442,0.00021892398095325893,0.03599056032436437,0.027527863696091837,0.02356129265745024
market_1,450,0.05618702569712657,0.0574850187623023,-0.12870948424168566,0.26606890352156254,0.5911111111111111,0.9228988157643924,0.92561975762295,89,0.010547511897874673,0.38117296246498866,0.0007341565463681016,0.0002835926208605982,0.038288647060298255,0.028068503112368796,0.02126294595864349
block_2_3,450,0.023607641213318795,0.01848845489678705,-0.12411252641533452,0.1692288144429036,0.5466666666666666,1.4563524521995381,1.4556124755760014,89,0.010547511897874673,0.38117296246498866,0.0007341565463681016,0.0002835926208605982,0.038288647060298255,0.028068503112368796,0.02126294595864349
block_4_6,450,0.012044275511339051,0.01007081681517102,-0.07519053754217278,0.09279520191752759,0.5311111111111111,1.8765951534995524,1.8753939763305794,89,0.010547511897874673,0.38117296246498866,0.0007341565463681016,0.0002835926208605982,0.038288647060298255,0.028068503112368796,0.02126294595864349
top_3,450,0.04676940471685113,0.0537905626590285,-0.05867413046294201,0.15329796674924348,0.62,1.4247079943483707,1.4221766002432148,89,0.010547511897874673,0.38117296246498866,0.0007341565463681016,0.0002835926208605982,0.038288647060298255,0.028068503112368796,0.02126294595864349
top_6,450,0.04301963916220733,0.04401177201582787,-0.024626002798082185,0.10606287188698643,0.6733333333333333,1.859962689032954,1.859225639251974,89,0.010547511897874673,0.38117296246498866,0.0007341565463681016,0.0002835926208605982,0.038288647060298255,0.028068503112368796,0.02126294595864349
flag_nested,450,0.048503040323738936,0.052449927888915726,-0.029882685481102383,0.14674808074184692,0.6688888888888889,1.4770623415182704,1.477800946332232,89,0.010547511897874673,0.38117296246498866,0.0007341565463681016,0.0002835926208605982,0.038288647060298255,0.028068503112368796,0.02126294595864349
market_1,450,0.0492238283772184,0.05124598342942096,-0.18087559854791993,0.2887817927600455,0.5666666666666667,0.9485142496104934,0.9507393122362354,90,0.01033222004054399,0.38117296246498866,0.0007408468945407,0.0002851095672850232,0.036166850667898286,0.02827124670344396,0.02217262455674258
block_2_3,450,0.024982744492264262,0.029538738366750257,-0.11881806824348484,0.17317818076060093,0.5511111111111111,1.48174744253128,1.4844394046240652,90,0.01033222004054399,0.38117296246498866,0.0007408468945407,0.0002851095672850232,0.036166850667898286,0.02827124670344396,0.02217262455674258
block_4_6,450,0.01581340060690056,0.022523265762463614,-0.0834586440567008,0.10558947602654016,0.5666666666666667,1.8628481934694379,1.8643207895586307,90,0.01033222004054399,0.38117296246498866,0.0007408468945407,0.0002851095672850232,0.036166850667898286,0.02827124670344396,0.02217262455674258
top_3,450,0.028037912913546594,0.029643557169573034,-0.08101150075236985,0.14320427266329758,0.5555555555555556,1.4482091726322794,1.4506066563892823,90,0.01033222004054399,0.38117296246498866,0.0007408468945407,0.0002851095672850232,0.036166850667898286,0.02827124670344396,0.02217262455674258
top_6,450,0.03772990883840096,0.037353829167839844,-0.022418599465141364,0.11244853107094543,0.6511111111111111,1.851378760755632,1.8510501042210625,90,0.01033222004054399,0.38117296246498866,0.0007408468945407,0.0002851095672850232,0.036166850667898286,0.02827124670344396,0.02217262455674258
flag_nested,450,0.03728757207029449,0.03475552393467937,-0.05443569509192431,0.13671814569639498,0.5911111111111111,1.4965926526513733,1.4986430445485475,90,0.01033222004054399,0.38117296246498866,0.0007408468945407,0.0002851095672850232,0.036166850667898286,0.02827124670344396,0.02217262455674258
market_1,450,0.06213794253983353,0.0786846372164616,-0.1489795281689657,0.2702504692738148,0.5844444444444444,0.8878504691489125,0.8883257079480747,91,0.010453840012262131,0.38117296246498866,0.0007474213218192392,0.0002446714369183983,0.04056264669784275,0.02520594573274479,0.021102116835495656
block_2_3,450,0.01828326218666534,0.015850275081190662,-0.13132232800266314,0.15604564767749154,0.5444444444444444,1.4615761546618125,1.4602937256953479,91,0.010453840012262131,0.38117296246498866,0.0007474213218192392,0.0002446714369183983,0.04056264669784275,0.02520594573274479,0.021102116835495656
block_4_6,450,0.025835503390362505,0.026833816757338043,-0.06049849394344996,0.12266979101903588,0.5533333333333333,1.891362550163185,1.8908878544078906,91,0.010453840012262131,0.38117296246498866,0.0007474213218192392,0.0002446714369183983,0.04056264669784275,0.02520594573274479,0.021102116835495656
top_3,450,0.044793739613486025,0.046532572505924824,-0.06503933728365338,0.16003260765421057,0.6155555555555555,1.4673363769386778,1.4667410622017465,91,0.010453840012262131,0.38117296246498866,0.0007474213218192392,0.0002446714369183983,0.04056264669784275,0.02520594573274479,0.021102116835495656
top_6,450,0.043884548674974336,0.04508603890696889,-0.016658352212811894,0.10883727586612017,0.6755555555555556,1.866369504314343,1.8666270401408136,91,0.010453840012262131,0.38117296246498866,0.0007474213218192392,0.0002446714369183983,0.04056264669784275,0.02520594573274479,0.021102116835495656
flag_nested,450,0.047567434442252136,0.058815122435016194,-0.0372753916827724,0.13869462204752525,0.6377777777777778,1.4667496568004958,1.466725844522081,91,0.010453840012262131,0.38117296246498866,0.0007474213218192392,0.0002446714369183983,0.04056264669784275,0.02520594573274479,0.021102116835495656
market_1,450,0.016884946807656058,0.03268358499865836,-0.22307115679125294,0.27516229802714637,0.5333333333333333,0.9417877293398247,0.9434095259387137,92,0.010589697753566732,0.38117296246498866,0.0007310579602017144,0.00023865007810495997,0.03628330688617145,0.025006396959324727,0.021153369205423583
block_2_3,450,0.014578885349765496,0.009041054143828754,-0.12821646295752262,0.1545383953473358,0.5111111111111111,1.4986126257016519,1.4988936590639546,92,0.010589697753566732,0.38117296246498866,0.0007310579602017144,0.00023865007810495997,0.03628330688617145,0.025006396959324727,0.021153369205423583
block_4_6,450,0.005652198178969735,-0.0033501566237929443,-0.08218767806591423,0.09485053421099493,0.49333333333333335,1.8900016316778498,1.8895699837500024,92,0.010589697753566732,0.38117296246498866,0.0007310579602017144,0.00023865007810495997,0.03628330688617145,0.025006396959324727,0.021153369205423583
top_3,450,0.03875498516710026,0.03159674824804357,-0.07192130527759247,0.15420228873101174,0.5733333333333334,1.4660188836544308,1.4654218069915608,92,0.010589697753566732,0.38117296246498866,0.0007310579602017144,0.00023865007810495997,0.03628330688617145,0.025006396959324727,0.021153369205423583
top_6,450,0.03869144621429775,0.03751956942884338,-0.033547114800311396,0.11513721622241394,0.6311111111111111,1.884009745057234,1.885029805949762,92,0.010589697753566732,0.38117296246498866,0.0007310579602017144,0.00023865007810495997,0.03628330688617145,0.025006396959324727,0.021153369205423583
flag_nested,450,0.02679981171532363,0.042544941352030415,-0.070063004549023,0.12792152886386085,0.6111111111111112,1.5033916009584287,1.5044805638749634,92,0.010589697753566732,0.38117296246498866,0.0007310579602017144,0.00023865007810495997,0.03628330688617145,0.025006396959324727,0.021153369205423583
market_1,450,0.036953351114803294,0.036691851975301414,-0.1721443891336706,0.25834155390613495,0.5355555555555556,0.8999149706623553,0.8992816708293077,93,0.010446180506123993,0.38117296246498866,0.0007375915638781142,0.00030650984898206515,0.03922408655985266,0.02599447397550053,0.021301641648065864
block_2_3,450,0.03833230671284134,0.0448950378856071,-0.09093259776962055,0.18023477363089657,0.5888888888888889,1.469903459923611,1.4674204650210072,93,0.010446180506123993,0.38117296246498866,0.0007375915638781142,0.00030650984898206515,0.03922408655985266,0.02599447397550053,0.021301641648065864
block_4_6,450,0.006739135977686027,0.003842722726965516,-0.09242489704975804,0.10548164538174482,0.52,1.884711176012291,1.8836273832532782,93,0.010446180506123993,0.38117296246498866,0.0007375915638781142,0.00030650984898206515,0.03922408655985266,0.02599447397550053,0.021301641648065864
top_3,450,0.043227363545147564,0.05470173466300754,-0.05980077799674684,0.14757641649840225,0.6244444444444445,1.4681892135815764,1.4659500499613483,93,0.010446180506123993,0.38117296246498866,0.0007375915638781142,0.00030650984898206515,0.03922408655985266,0.02599447397550053,0.021301641648065864
top_6,450,0.03779902709971264,0.04138178975345063,-0.028262017621128486,0.10527515480729827,0.6577777777777778,1.87264288978461,1.8724268214635342,93,0.010446180506123993,0.38117296246498866,0.0007375915638781142,0.00030650984898206515,0.03922408655985266,0.02599447397550053,0.021301641648065864
flag_nested,450,0.034124097727587725,0.04097964451508932,-0.055710632782461744,0.12468500971763154,0.6066666666666667,1.476251679088062,1.47505908609325,93,0.010446180506123993,0.38117296246498866,0.0007375915638781142,0.00030650984898206515,0.03922408655985266,0.02599447397550053,0.021301641648065864
market_1,450,0.046145308894178255,0.036170621962356146,-0.1939530872286583,0.3057290579847343,0.5466666666666666,0.9151744080999773,0.9138590585893227,94,0.010527689088959154,0.38117296246498866,0.0007356897842051899,0.00025771915652988975,0.038866482289839764,0.026164450617168628,0.02121326917396837
block_2_3,450,0.024027544097317884,0.01829294491157701,-0.11403024549734792,0.15656590265746512,0.5266666666666666,1.4614645149886438,1.4613592841562608,94,0.010527689088959154,0.38117296246498866,0.0007356897842051899,0.00025771915652988975,0.038866482289839764,0.026164450617168628,0.02121326917396837
block_4_6,450,0.010750084865299192,0.01720773382311929,-0.07438626725119253,0.09778861122970112,0.5444444444444444,1.8755085846516728,1.8757123539596174,94,0.010527689088959154,0.38117296246498866,0.0007356897842051899,0.00025771915652988975,0.038866482289839764,0.026164450617168628,0.02121326917396837
top_3,450,0.04564698298569378,0.049779458470327664,-0.06439875819239473,0.16004092060712988,0.5911111111111111,1.4224767573761956,1.4222930212069018,94,0.010527689088959154,0.38117296246498866,0.0007356897842051899,0.00025771915652988975,0.038866482289839764,0.026164450617168628,0.02121326917396837
top_6,450,0.039076954677121654,0.0439665713771083,-0.02601465718148694,0.1048622132670249,0.6555555555555556,1.8788098230626717,1.8784900638290836,94,0.010527689088959154,0.38117296246498866,0.0007356897842051899,0.00025771915652988975,0.038866482289839764,0.026164450617168628,0.02121326917396837
flag_nested,450,0.04235129236563333,0.035456090556229655,-0.05794935179035061,0.14718155583253495,0.6066666666666667,1.4730357997429786,1.4720830185303222,94,0.010527689088959154,0.38117296246498866,0.0007356897842051899,0.00025771915652988975,0.038866482289839764,0.026164450617168628,0.02121326917396837
market_1,450,0.023582243007307692,0.023505907754669396,-0.16967431104052907,0.22643372768978848,0.54,0.9218024342980728,0.922478489125362,95,0.010360231227927449,0.38117296246498866,0.0007317660603160352,0.0002774873574088394,0.038113853867985534,0.026091729128764667,0.020771490450407663
block_2_3,450,0.027965618842797822,0.03234463701311941,-0.10458624181236575,0.1610646413822055,0.5711111111111111,1.4855110331454737,1.487270756115877,95,0.010360231227927449,0.38117296246498866,0.0007317660603160352,0.0002774873574088394,0.038113853867985534,0.026091729128764667,0.020771490450407663
block_4_6,450,0.009601367226152454,0.01176874136271919,-0.07415495733420539,0.09834066681608852,0.5311111111111111,1.889229880363398,1.8911429373643402,95,0.010360231227927449,0.38117296246498866,0.0007317660603160352,0.0002774873574088394,0.038113853867985534,0.026091729128764667,0.020771490450407663
top_3,450,0.03635461805380796,0.032305658058187026,-0.06665396933086595,0.14276855039901157,0.6066666666666667,1.4672194478156038,1.4690303963657394,95,0.010360231227927449,0.38117296246498866,0.0007317660603160352,0.0002774873574088394,0.038113853867985534,0.026091729128764667,0.020771490450407663
top_6,450,0.03500501578719871,0.04059905504555589,-0.033427791422666726,0.10135538387669277,0.6422222222222222,1.8915213367114954,1.8938490515464572,95,0.010360231227927449,0.38117296246498866,0.0007317660603160352,0.0002774873574088394,0.038113853867985534,0.026091729128764667,0.020771490450407663
flag_nested,450,0.02622183013735161,0.02459213183223012,-0.05617846105315442,0.1158873529534447,0.56,1.4936379357003655,1.495204715067067,95,0.010360231227927449,0.38117296246498866,0.0007317660603160352,0.0002774873574088394,0.038113853867985534,0.026091729128764667,0.020771490450407663
market_1,450,0.026922854397842373,0.01825677894774258,-0.20416197713792666,0.25210542139977044,0.5311111111111111,0.9249526180713997,0.9221194585773002,96,0.010498161238303756,0.38117296246498866,0.0007343802622274526,0.00030220208205929827,0.03630555766075824,0.025194302033024602,0.021717791199859702
block_2_3,450,0.033274623277233455,0.0249354720621047,-0.09825652216470789,0.1765681023762069,0.5422222222222223,1.4766345530376461,1.4774593700111485,96,0.010498161238303756,0.38117296246498866,0.0007343802622274526,0.00030220208205929827,0.03630555766075824,0.025194302033024602,0.021717791199859702
block_4_6,450,0.010629202962707956,0.01242575808895605,-0.08273534250607631,0.11216506988894273,0.5288888888888889,1.875386787427797,1.8759453067824958,96,0.010498161238303756,0.38117296246498866,0.0007343802622274526,0.00030220208205929827,0.03630555766075824,0.025194302033024602,0.021717791199859702
top_3,450,0.03411983206822317,0.02225679249772075,-0.07788789599888758,0.14035074848946497,0.5711111111111111,1.4514176726679495,1.4521296819326386,96,0.010498161238303756,0.38117296246498866,0.0007343802622274526,0.00030220208205929827,0.03630555766075824,0.025194302033024602,0.021717791199859702
top_6,450,0.037768928756953736,0.037699856715828414,-0.022809037523505445,0.10362462789043167,0.6688888888888889,1.8821153027811153,1.882126115393347,96,0.010498161238303756,0.38117296246498866,0.0007343802622274526,0.00030220208205929827,0.03630555766075824,0.025194302033024602,0.021717791199859702
flag_nested,450,0.029920868136961,0.03263767845174169,-0.06759794974992694,0.13309179585908396,0.5955555555555555,1.4867952649921352,1.485497389834153,96,0.010498161238303756,0.38117296246498866,0.0007343802622274526,0.00030220208205929827,0.03630555766075824,0.025194302033024602,0.021717791199859702
market_1,450,0.054354873192431784,0.08737244967513864,-0.17903583852105642,0.29347128430808656,0.5955555555555555,0.9326075610639504,0.9324579073285907,97,0.010630374047886179,0.38117296246498866,0.0007396204821332041,0.00027017603226592996,0.037374298719431376,0.026656985125727648,0.02188973523249388
block_2_3,450,0.015455372675177144,0.019639422954321667,-0.11767536850696357,0.15556540561979595,0.5244444444444445,1.4796711597278878,1.4781093128290679,97,0.010630374047886179,0.38117296246498866,0.0007396204821332041,0.00027017603226592996,0.037374298719431376,0.026656985125727648,0.02188973523249388
block_4_6,450,0.011657527845937857,0.016438514376751624,-0.08657671538897804,0.10962898220640768,0.5422222222222223,1.868267991965542,1.867199047767508,97,0.010630374047886179,0.38117296246498866,0.0007396204821332041,0.00027017603226592996,0.037374298719431376,0.026656985125727648,0.02188973523249388
top_3,450,0.044055499959019036,0.039643276541505075,-0.056731076637429864,0.15549301040200147,0.6066666666666667,1.4469030324446792,1.4452260254387819,97,0.010630374047886179,0.38117296246498866,0.0007396204821332041,0.00027017603226592996,0.037374298719431376,0.026656985125727648,0.02188973523249388
top_6,450,0.037587392272300096,0.0381351087890973,-0.038143935768800666,0.10896101133235545,0.6355555555555555,1.8521274713453924,1.850850946170323,97,0.010630374047886179,0.38117296246498866,0.0007396204821332041,0.00027017603226592996,0.037374298719431376,0.026656985125727648,0.02188973523249388
flag_nested,450,0.040653311046878624,0.04920906941037057,-0.05614519863226823,0.1538701165811504,0.6288888888888889,1.487458673873641,1.486468039228606,97,0.010630374047886179,0.38117296246498866,0.0007396204821332041,0.00027017603226592996,0.037374298719431376,0.026656985125727648,0.02188973523249388
market_1,450,0.060768690874528346,0.06443495081235226,-0.1454251899814713,0.2968017206041963,0.58,0.9154395086135325,0.9186733700942722,98,0.01058202449263809,0.38117296246498866,0.0007384726944838278,0.0002388312507740544,0.036960935442690315,0.02509510398063652,0.02145690519413726
block_2_3,450,0.032355467118301784,0.03267583551575057,-0.11037902144610243,0.17274136386013214,0.5577777777777778,1.4614888137535404,1.465441178413233,98,0.01058202449263809,0.38117296246498866,0.0007384726944838278,0.0002388312507740544,0.036960935442690315,0.02509510398063652,0.02145690519413726
block_4_6,450,0.017807740817424318,0.022971885977750687,-0.0774999015875684,0.11684511138915689,0.5533333333333333,1.8733687142664452,1.8732201057137996,98,0.01058202449263809,0.38117296246498866,0.0007384726944838278,0.0002388312507740544,0.036960935442690315,0.02509510398063652,0.02145690519413726
top_3,450,0.04223976524858769,0.04437859640111492,-0.05865934600545586,0.1405557403689414,0.6088888888888889,1.4411057997895333,1.4436647980748416,98,0.01058202449263809,0.38117296246498866,0.0007384726944838278,0.0002388312507740544,0.036960935442690315,0.02509510398063652,0.02145690519413726
top_6,450,0.03773121531052592,0.03865988394890052,-0.025940338074834313,0.11155386327391528,0.6622222222222223,1.867578114495366,1.8671442208319584,98,0.01058202449263809,0.38117296246498866,0.0007384726944838278,0.0002388312507740544,0.036960935442690315,0.02509510398063652,0.02145690519413726
flag_nested,450,0.044688799682418345,0.05011402604205996,-0.03831192760103533,0.13820829514705144,0.6511111111111111,1.473525323248677,1.4762321347768128,98,0.01058202449263809,0.38117296246498866,0.0007384726944838278,0.0002388312507740544,0.036960935442690315,0.02509510398063652,0.02145690519413726
