,raw,raw,raw,standardised,standardised,standardised,T,N,null_mode1,null_mode2,null_mode3
,mode1,mode2,mode3,mode1,mode2,mode3,,,,,
5,1.2754749003876862,0.09393153686974619,0.04689686931155815,0.6299889213822025,0.06630262622154186,0.03360013209840614,26,26,18.741635257465234,0.3451713693283746,0.2449756413868992
10,2.826754077084472,0.18236370731979046,0.08313246265821589,1.3528130734498816,0.12149383379946148,0.053334599614092856,26,26,18.741635257465234,0.3451713693283746,0.2449756413868992
15,4.706130496831484,0.2563929735549544,0.11765983359641657,2.243262322260076,0.16608556121721343,0.06939006677395401,26,26,18.741635257465234,0.3451713693283746,0.2449756413868992
20,6.638337689902558,0.3255621690496191,0.14756880270487954,3.1265010203254677,0.20141401496930542,0.08017092529034099,26,26,18.741635257465234,0.3451713693283746,0.2449756413868992
25,8.472556944995988,0.38818826115618266,0.17290024339761545,4.004263591073155,0.24412450345944955,0.09028031848920846,26,26,18.741635257465234,0.3451713693283746,0.2449756413868992
30,9.598261854869106,0.4185687403757707,0.18828105589618144,4.488006048090094,0.27155582931638383,0.09815375281008604,26,26,18.741635257465234,0.3451713693283746,0.2449756413868992
35,10.435425204796788,0.4308931750648389,0.1977690458620787,4.907706503120345,0.28863238190064544,0.09989889625959165,26,26,18.741635257465234,0.3451713693283746,0.2449756413868992
40,11.072568370461413,0.4421194335544892,0.21365506683857186,5.285148008879017,0.30211362437596584,0.10140815083201779,26,26,18.741635257465234,0.3451713693283746,0.2449756413868992
45,11.667117865472326,0.4465856444617827,0.21942938940106368,5.633197296728227,0.3079798637134795,0.1019625278242649,26,26,18.741635257465234,0.3451713693283746,0.2449756413868992
50,12.307043019582656,0.4555102549963634,0.22868723864165855,5.920650847068956,0.3038043645151576,0.10384713241921677,26,26,18.741635257465234,0.3451713693283746,0.2449756413868992
55,12.887538777405542,0.4517997657212898,0.23442688054392025,6.198525667289507,0.29419786219561483,0.10577895330345544,26,26,18.741635257465234,0.3451713693283746,0.2449756413868992
60,13.397005799098398,0.44620766065651896,0.24119580634468168,6.376672834510622,0.2829650387476456,0.11129844739908258,26,26,18.741635257465234,0.3451713693283746,0.2449756413868992
65,13.837374642575595,0.44342364871220086,0.24166302786796404,6.550002091591312,0.2762403541026088,0.10893158091836166,26,26,18.741635257465234,0.3451713693283746,0.2449756413868992
70,14.190845263291807,0.4494883016309565,0.2446877786679946,6.716927620363524,0.2662634156186931,0.11031689197421596,26,26,18.741635257465234,0.3451713693283746,0.2449756413868992
75,14.347408965562465,0.44939604339967754,0.24504888540116357,6.885448237737812,0.25633492845483313,0.11195947219137993,26,26,18.741635257465234,0.3451713693283746,0.2449756413868992
80,14.364896938590201,0.4420178608971874,0.24392729677744213,6.995949341155981,0.25517386784839696,0.11185354378369324,26,26,18.741635257465234,0.3451713693283746,0.2449756413868992
85,14.353680974082579,0.4511651339721404,0.24310272379189685,7.097645369270097,0.2561484933997591,0.11080292154992841,26,26,18.741635257465234,0.3451713693283746,0.2449756413868992
90,14.282152901287805,0.4455949153531878,0.24084294795111624,7.17023448721901,0.24471063165988863,0.10887540796589013,26,26,18.741635257465234,0.3451713693283746,0.2449756413868992
95,14.24650616958327,0.44630521377806204,0.2486360839791433,7.20922994101752,0.24595537937822742,0.11045725924277423,26,26,18.741635257465234,0.3451713693283746,0.2449756413868992
100,14.114974985695898,0.4420145822292287,0.24847718110975373,7.212747051116952,0.2499647715375635,0.11265942438148592,26,26,18.741635257465234,0.3451713693283746,0.2449756413868992
105,14.008882608029088,0.4491677062446766,0.25043061430488267,7.226417140919955,0.25270752276273817,0.11372487415296424,26,26,18.741635257465234,0.3451713693283746,0.2449756413868992
110,13.849695458031196,0.45137005749542153,0.2498648794437491,7.190121371901299,0.2531013022700754,0.11169058464408828,26,26,18.741635257465234,0.3451713693283746,0.2449756413868992
115,13.638147684975182,0.45388853421726794,0.24917788764535134,7.078449111037872,0.26736958089897345,0.11208938375947196,26,26,18.741635257465234,0.3451713693283746,0.2449756413868992
120,13.356809924435,0.45432716903900827,0.2481530633065668,6.947674495362934,0.2780095658135694,0.11096630425869412,26,26,18.741635257465234,0.3451713693283746,0.2449756413868992
125,13.05880198422285,0.45528319455125943,0.23918367599441284,6.746588070575475,0.28213584216027526,0.11166995911645661,26,26,18.741635257465234,0.3451713693283746,0.2449756413868992
130,12.73813193840656,0.45237653246680937,0.23089971021151004,6.529984252464951,0.27758277841877804,0.10977717700242492,26,26,18.741635257465234,0.3451713693283746,0.2449756413868992
135,12.405401681295684,0.44213889127676187,0.22176801251596875,6.266912345595931,0.2762938644577891,0.10527147327617375,26,26,18.741635257465234,0.3451713693283746,0.2449756413868992
140,12.284174219058576,0.4498623805365425,0.2171017234543772,6.027757135372256,0.27451646299899946,0.10178370928015124,26,26,18.741635257465234,0.3451713693283746,0.2449756413868992
145,12.179644259105054,0.4530834683006509,0.2138206829097893,5.779559413496141,0.2728884738205196,0.1004258515967048,26,26,18.741635257465234,0.3451713693283746,0.2449756413868992
150,12.278244773539921,0.4546576748442618,0.21325466697521603,5.6801696205920065,0.2684520079011952,0.09924903217384085,26,26,18.741635257465234,0.3451713693283746,0.2449756413868992
155,12.378748561310951,0.445619379415601,0.2193760789812428,5.65570543332309,0.26715813537566224,0.09757476715888017,26,26,18.741635257465234,0.3451713693283746,0.2449756413868992
160,12.60457079669542,0.44645603782997517,0.21874620568995878,5.752903066537783,0.26576675276007306,0.09919160661859146,26,26,18.741635257465234,0.3451713693283746,0.2449756413868992
165,12.935804170771151,0.4446775919359453,0.2255309244994004,5.931743625121234,0.2646807862925843,0.10250399921432948,26,26,18.741635257465234,0.3451713693283746,0.2449756413868992
170,13.25655726410546,0.44885721744528995,0.23457607370305195,6.190556991814965,0.26611521109387004,0.10614912009329332,26,26,18.741635257465234,0.3451713693283746,0.2449756413868992
175,13.473158064850274,0.45342133420857184,0.23752959022774145,6.440871074252905,0.27589819273317157,0.10838398811685845,26,26,18.741635257465234,0.3451713693283746,0.2449756413868992
180,13.853202220170745,0.46232767407564174,0.2432354284728884,6.722822899662912,0.2793060813791698,0.10777507072006536,26,26,18.741635257465234,0.3451713693283746,0.2449756413868992
185,14.258846430306253,0.48173200496331703,0.2554729036957097,6.935245119964737,0.2832806808530007,0.10956686689835322,26,26,18.741635257465234,0.3451713693283746,0.2449756413868992
190,14.727392675959068,0.4976043347930605,0.2626494876877745,7.226706196135926,0.2780386757994703,0.11203921097600054,26,26,18.741635257465234,0.3451713693283746,0.2449756413868992
195,15.140064413022639,0.5071165075758927,0.2682670274001531,7.516482474817695,0.28095373367616633,0.11665330682995705,26,26,18.741635257465234,0.3451713693283746,0.2449756413868992
200,15.407672074666761,0.5159946296283336,0.27192788367042975,7.719418601884206,0.2803821622647174,0.11772616523080337,26,26,18.741635257465234,0.3451713693283746,0.2449756413868992
205,15.586256618783766,0.5232062965222953,0.2745391980821433,7.743453349666243,0.2805714337188042,0.11940664535528352,26,26,18.741635257465234,0.3451713693283746,0.2449756413868992
210,15.744692749978636,0.5270187983445523,0.27882387868586084,7.826506118343056,0.2766756100129859,0.12540590406601018,26,26,18.741635257465234,0.3451713693283746,0.2449756413868992
215,15.710648918593336,0.5325090507197399,0.28099103594748515,7.77424718612235,0.27664677130114923,0.13055056161797587,26,26,18.741635257465234,0.3451713693283746,0.2449756413868992
220,15.70628609037704,0.5394614735829806,0.2896079909733632,7.681976223740528,0.2764348301156794,0.13412600499394625,26,26,18.741635257465234,0.3451713693283746,0.2449756413868992
225,15.784279174381357,0.5441243093498946,0.2855635884698546,7.545638779152916,0.27184233881056696,0.12929978559523148,26,26,18.741635257465234,0.3451713693283746,0.2449756413868992
230,15.936537712049576,0.546992977458224,0.2857262598517186,7.494629103257313,0.27108160351467714,0.13051442436195745,26,26,18.741635257465234,0.3451713693283746,0.2449756413868992
235,15.956734595933264,0.5432277360536539,0.2826882543090098,7.349673973834749,0.27209448604584646,0.13017154628583044,26,26,18.741635257465234,0.3451713693283746,0.2449756413868992
240,15.859320410176618,0.5357973887167853,0.2808054729683356,7.210270894539155,0.2724955573769974,0.12766312578134503,26,26,18.741635257465234,0.3451713693283746,0.2449756413868992
245,15.614648576027513,0.5330696800010697,0.2779139226364888,7.0819365834113235,0.27717069959904006,0.12480274904513834,26,26,18.741635257465234,0.3451713693283746,0.2449756413868992
250,15.18696154722679,0.5283554782359425,0.27203908823177814,6.931993882874846,0.28019209054977856,0.12101811958658251,26,26,18.741635257465234,0.3451713693283746,0.2449756413868992
255,14.67422916291466,0.5142287030297223,0.2707103948061018,6.803314296394533,0.2855501308572294,0.11772161925642152,26,26,18.741635257465234,0.3451713693283746,0.2449756413868992
260,14.23860292604354,0.515140627140678,0.2603141200872281,6.69757969410612,0.28992300305794044,0.11703667641637895,26,26,18.741635257465234,0.3451713693283746,0.2449756413868992
265,13.78438928443265,0.5119584199615965,0.2504137337685414,6.60242489692958,0.28839817089697206,0.11577248202645728,26,26,18.741635257465234,0.3451713693283746,0.2449756413868992
270,13.428847832929325,0.508511871273869,0.24272108322761712,6.523636941461911,0.28625364442657547,0.11103023642560196,26,26,18.741635257465234,0.3451713693283746,0.2449756413868992
275,13.06315028776817,0.5048379637252597,0.2367249997915961,6.431582599787433,0.2900034782534122,0.10914902250295128,26,26,18.741635257465234,0.3451713693283746,0.2449756413868992
280,12.870513281905621,0.5071681388904432,0.23093379279121717,6.377260730399343,0.2924207929681338,0.10741163736514199,26,26,18.741635257465234,0.3451713693283746,0.2449756413868992
285,12.755783337428092,0.5016055291772515,0.23241951983973574,6.325747960669026,0.30025448050849995,0.10813817310231483,26,26,18.741635257465234,0.3451713693283746,0.2449756413868992
290,12.919466913434427,0.49213961283447993,0.23603626260322527,6.351133426415165,0.3008468510164577,0.10385923730288217,26,26,18.741635257465234,0.3451713693283746,0.2449756413868992
295,13.071041468658564,0.48967781327788934,0.23547339262505138,6.393655530218736,0.3083085719156197,0.10143600786358982,26,26,18.741635257465234,0.3451713693283746,0.2449756413868992
300,13.447034734621557,0.49992268848699817,0.2348507693487533,6.49401492448133,0.3009875357677003,0.10293812931080605,26,26,18.741635257465234,0.3451713693283746,0.2449756413868992
305,13.820013823180679,0.5062830367368579,0.23566320484905906,6.591437633121619,0.298180075740722,0.10845102204944662,26,26,18.741635257465234,0.3451713693283746,0.2449756413868992
310,14.320555582705314,0.5089026117800224,0.24102515298614394,6.82575336530777,0.2927959681106657,0.11045490276592082,26,26,18.741635257465234,0.3451713693283746,0.2449756413868992
315,14.727388758456726,0.5162146922445826,0.24335737127253854,7.0583648275953,0.2873833172093298,0.10959501611450176,26,26,18.741635257465234,0.3451713693283746,0.2449756413868992
320,15.37149358406746,0.5215359107956118,0.2550559343918494,7.366390828559566,0.28203549799769323,0.10946892719365572,26,26,18.741635257465234,0.3451713693283746,0.2449756413868992
325,16.10768202153493,0.5297168931533404,0.2664353007157006,7.754635308838216,0.2854301782952615,0.11451657308681557,26,26,18.741635257465234,0.3451713693283746,0.2449756413868992
330,16.783015869880103,0.5370783450105326,0.2774880708384795,8.162351976394357,0.28725387895444754,0.11803512406301309,26,26,18.741635257465234,0.3451713693283746,0.2449756413868992
335,17.440746108439466,0.5467308378851972,0.29171570089414534,8.535827384124225,0.29152275263063354,0.12272536794662797,26,26,18.741635257465234,0.3451713693283746,0.2449756413868992
340,18.06341706594953,0.5610801630187893,0.3061572078624166,8.908602466467928,0.3041359075227384,0.13119438649195989,26,26,18.741635257465234,0.3451713693283746,0.2449756413868992
345,18.490414825002308,0.5708175674057537,0.3152925516277262,9.214963886847617,0.3170230362387892,0.135428364161494,26,26,18.741635257465234,0.3451713693283746,0.2449756413868992
350,18.52793541096557,0.5819208897469044,0.3143640936452574,9.394067139656373,0.32909452995638305,0.1365123407512686,26,26,18.741635257465234,0.3451713693283746,0.2449756413868992
355,18.418490675019225,0.5878342542076745,0.30711716397519345,9.55751399832401,0.34100892302076125,0.13789945985868607,26,26,18.741635257465234,0.3451713693283746,0.2449756413868992
360,18.235678102816568,0.5856450515980149,0.30249319689207343,9.682977950405027,0.3530761416269504,0.1382277141266583,26,26,18.741635257465234,0.3451713693283746,0.2449756413868992
365,18.050722527508167,0.5680966652803916,0.29584297920636055,9.735499844615736,0.3623027055870893,0.135592425536449,26,26,18.741635257465234,0.3451713693283746,0.2449756413868992
370,17.855930878541987,0.559639433529733,0.2946408342893394,9.734033821409035,0.36362963134864007,0.13552749504823494,26,26,18.741635257465234,0.3451713693283746,0.2449756413868992
375,17.608553370519264,0.5492876184914105,0.2928841057074523,9.7431844240943,0.35719019828897536,0.1365510477174702,26,26,18.741635257465234,0.3451713693283746,0.2449756413868992
380,17.569597138825852,0.5458723629863386,0.2947789573969877,9.713192140796089,0.3471845577897116,0.13651443717875994,26,26,18.741635257465234,0.3451713693283746,0.2449756413868992
385,17.494097274975655,0.5370266230019615,0.2896440279274714,9.619226755008475,0.34655042422270793,0.13333111062500602,26,26,18.741635257465234,0.3451713693283746,0.2449756413868992
390,17.43012713228268,0.5395407446141312,0.285461600120572,9.502065889233108,0.34274536642353726,0.13251882281844607,26,26,18.741635257465234,0.3451713693283746,0.2449756413868992
395,17.303099401093544,0.5445412947962083,0.2823823783173364,9.351180566598313,0.33486054698860584,0.12899534923259978,26,26,18.741635257465234,0.3451713693283746,0.2449756413868992
400,17.11617635115245,0.5442416596803827,0.2731210353889735,9.135756852825567,0.3262036713956151,0.1250421352593573,26,26,18.741635257465234,0.3451713693283746,0.2449756413868992
405,16.934290529850706,0.5460984345011601,0.2677957408652474,8.924379826892817,0.3205383532347502,0.12150775869378123,26,26,18.741635257465234,0.3451713693283746,0.2449756413868992
410,16.606814942341547,0.5391058302847591,0.26390946034314394,8.67256024233842,0.31471182329560465,0.11775414798750318,26,26,18.741635257465234,0.3451713693283746,0.2449756413868992
415,16.471843686001645,0.5442204879789135,0.2644189463984576,8.50493441207532,0.31371101704902543,0.11408375463830797,26,26,18.741635257465234,0.3451713693283746,0.2449756413868992
420,16.300395547412318,0.5435412171529882,0.2652734839048605,8.330072720134016,0.3165901178989669,0.1130840080920065,26,26,18.741635257465234,0.3451713693283746,0.2449756413868992
425,16.359196897091998,0.5258419684843025,0.273008754431763,8.2472692534968,0.32221077446417384,0.11952927436010088,26,26,18.741635257465234,0.3451713693283746,0.2449756413868992
430,16.41327819414663,0.500865150178381,0.28344359620525705,8.128450359597618,0.31639187293815385,0.12088660800974536,26,26,18.741635257465234,0.3451713693283746,0.2449756413868992
435,16.588408489946502,0.49029301655455093,0.2865262895099718,8.096983639982291,0.3132761568347723,0.11565625221299294,26,26,18.741635257465234,0.3451713693283746,0.2449756413868992
440,16.660952243119734,0.4924705627859164,0.28563600021235763,8.021355266102994,0.3048405726792985,0.11359858666509143,26,26,18.741635257465234,0.3451713693283746,0.2449756413868992
445,16.890182978914485,0.4844567617265233,0.28993303821785266,8.031839091344736,0.3019825760942222,0.11579147258118702,26,26,18.741635257465234,0.3451713693283746,0.2449756413868992
450,17.001253734569744,0.4907736379037132,0.29511621262833243,8.004540024597063,0.3025658494810328,0.11753086102224054,26,26,18.741635257465234,0.3451713693283746,0.2449756413868992
455,17.197937442832114,0.5062656689612761,0.29908149435773995,8.050116063659676,0.3049212065426017,0.11785658459589139,26,26,18.741635257465234,0.3451713693283746,0.2449756413868992
460,17.456262335940657,0.5267601933061806,0.3060103662776689,8.087620299676889,0.30569333978564317,0.12135012105609844,26,26,18.741635257465234,0.3451713693283746,0.2449756413868992
465,17.733355006272223,0.5361547712346396,0.3063969915336379,8.14021702131081,0.3060528418110123,0.12120496601842849,26,26,18.741635257465234,0.3451713693283746,0.2449756413868992
470,18.092363712993233,0.5447776206840171,0.3134579255512187,8.218622582482398,0.3049182769883691,0.12321505356558045,26,26,18.741635257465234,0.3451713693283746,0.2449756413868992
475,18.48578647548042,0.5444566422152846,0.313724649543372,8.307167842231225,0.30716423420900646,0.11869560098036977,26,26,18.741635257465234,0.3451713693283746,0.2449756413868992
480,18.867814532852652,0.5517171223972037,0.32050024449068676,8.41415014119576,0.31309082775595304,0.12249619664182956,26,26,18.741635257465234,0.3451713693283746,0.2449756413868992
485,19.134658504486264,0.5625207781961457,0.32436979076551936,8.537765297983189,0.31441076690466874,0.12395555979372946,26,26,18.741635257465234,0.3451713693283746,0.2449756413868992
490,19.421297017351705,0.558092344130916,0.3267836300689605,8.662987609261862,0.3131529699916984,0.12839415461324025,26,26,18.741635257465234,0.3451713693283746,0.2449756413868992
495,19.593757626841573,0.5495449910044959,0.3282224698760414,8.799983083570135,0.31429312860737624,0.1317907704721272,26,26,18.741635257465234,0.3451713693283746,0.2449756413868992
500,19.768134388803535,0.5508531152793092,0.32937362699934913,8.948184874656983,0.32165634436984425,0.13453290419638608,26,26,18.741635257465234,0.3451713693283746,0.2449756413868992
505,20.11267175935189,0.552514461344928,0.33607246987765743,9.178965218342922,0.32942583028283967,0.13906422183403783,26,26,18.741635257465234,0.3451713693283746,0.2449756413868992
510,20.410313360659096,0.5480602185484064,0.3431228734278719,9.364091843973966,0.32414888093633165,0.14347901955281753,26,26,18.741635257465234,0.3451713693283746,0.2449756413868992
515,20.73530237909334,0.5579161976294026,0.3528326883016633,9.55480933016653,0.3204840555585585,0.1467337469121389,26,26,18.741635257465234,0.3451713693283746,0.2449756413868992
520,21.096176647502077,0.5618281756572414,0.36210457196082113,9.68863410416679,0.31376303194898414,0.14744521604961983,26,26,18.741635257465234,0.3451713693283746,0.2449756413868992
525,21.302550342256026,0.568339717465898,0.36499258848889143,9.707234580195713,0.30972078466080966,0.1453957145996012,26,26,18.741635257465234,0.3451713693283746,0.2449756413868992
530,21.209505984397154,0.5738511562161875,0.35880880566488565,9.664786288552865,0.2995337746856678,0.14090956026911602,26,26,18.741635257465234,0.3451713693283746,0.2449756413868992
535,21.144697274701052,0.5853478486112463,0.358835231046333,9.61666948818638,0.30244850900215614,0.13887185577744243,26,26,18.741635257465234,0.3451713693283746,0.2449756413868992
540,20.90767146238827,0.5905125068169736,0.3554743094987128,9.545244151720983,0.2989284014419379,0.13691785040003795,26,26,18.741635257465234,0.3451713693283746,0.2449756413868992
545,20.457727464322094,0.5862934510207292,0.34598288445696906,9.413244983039684,0.3002106721774598,0.13280657545975946,26,26,18.741635257465234,0.3451713693283746,0.2449756413868992
550,20.04628067144354,0.5875853784676517,0.34295704572438396,9.366895136305175,0.30299458550828734,0.13094706818999682,26,26,18.741635257465234,0.3451713693283746,0.2449756413868992
555,19.525957389165022,0.5897862622725613,0.33500357335291603,9.222064348172937,0.31850132350739135,0.1293167696132981,26,26,18.741635257465234,0.3451713693283746,0.2449756413868992
560,18.962695292968217,0.5978492358904175,0.32582216670762904,9.073918551437309,0.3378157862554441,0.12491290720584804,26,26,18.741635257465234,0.3451713693283746,0.2449756413868992
565,18.62863566223932,0.6065057188468493,0.31593234222890343,8.959343036805409,0.34520746596229834,0.12387488421545195,26,26,18.741635257465234,0.3451713693283746,0.2449756413868992
570,18.45598461097299,0.604085322268642,0.3144689739672103,8.942460731827284,0.34545587979976317,0.12251276251499607,26,26,18.741635257465234,0.3451713693283746,0.2449756413868992
575,18.349535350663633,0.6140132397088323,0.31256296893271956,8.937806740748108,0.35040160646775803,0.11922315177936203,26,26,18.741635257465234,0.3451713693283746,0.2449756413868992
580,18.68812725372163,0.6323773247836005,0.3183012934833669,9.127144573737818,0.3596067610853882,0.12297331682327642,26,26,18.741635257465234,0.3451713693283746,0.2449756413868992
585,19.133210891174,0.6445800516395938,0.32463667143119396,9.34364451458795,0.3594864619678907,0.12463548669985602,26,26,18.741635257465234,0.3451713693283746,0.2449756413868992
590,19.66185229614901,0.6522504551477865,0.33076412672868005,9.575007521486445,0.3517484362521075,0.12620126703547557,26,26,18.741635257465234,0.3451713693283746,0.2449756413868992
595,20.13636727318028,0.6733260126284187,0.3339712811532749,9.769258720129525,0.3387481252208303,0.13120500045786307,26,26,18.741635257465234,0.3451713693283746,0.2449756413868992
600,20.770581919107762,0.693391289457642,0.33281534526377293,10.02989301060991,0.32711618684334715,0.13284819345439933,26,26,18.741635257465234,0.3451713693283746,0.2449756413868992
605,21.371573988554854,0.708313742966885,0.3428487504002856,10.288182896359856,0.31709210895497764,0.13762851909863738,26,26,18.741635257465234,0.3451713693283746,0.2449756413868992
610,21.95731567370169,0.7125759157866395,0.3493823316089491,10.54769177328079,0.31796709996313444,0.13491213453609607,26,26,18.741635257465234,0.3451713693283746,0.2449756413868992
615,22.554480402465224,0.7142664394645218,0.3559743967401489,10.875677459621262,0.32521878773125346,0.13513870275903545,26,26,18.741635257465234,0.3451713693283746,0.2449756413868992
620,23.21845903741925,0.7187580281861806,0.36341986279447924,11.230294525674275,0.33074829625406427,0.13532242829643545,26,26,18.741635257465234,0.3451713693283746,0.2449756413868992
625,23.880743350075534,0.7222134148328891,0.36863095200621165,11.631603313119498,0.33832160891548024,0.13605616506669346,26,26,18.741635257465234,0.3451713693283746,0.2449756413868992
630,24.378704373390207,0.7229952400169715,0.36960637824102843,11.981677729417404,0.34667446936847107,0.14265467399447498,26,26,18.741635257465234,0.3451713693283746,0.2449756413868992
635,24.746506437099374,0.725515810516604,0.3717063526773252,12.25035728864261,0.35489626926553264,0.14789221245998513,26,26,18.741635257465234,0.3451713693283746,0.2449756413868992
640,24.956700402950613,0.7256675691720497,0.3763100691485204,12.406432199892734,0.36066199158346324,0.1542903095972933,26,26,18.741635257465234,0.3451713693283746,0.2449756413868992
645,24.91311995063086,0.7176892144251809,0.38023642293695337,12.459731181107522,0.36612956605615593,0.15552402789627423,26,26,18.741635257465234,0.3451713693283746,0.2449756413868992
650,24.723250344627086,0.7070761082397361,0.3771573407144621,12.413022134219958,0.3682836019369649,0.1577354910334521,26,26,18.741635257465234,0.3451713693283746,0.2449756413868992
655,24.327562273563537,0.6926684438414396,0.3773334124362876,12.303862626706497,0.3685329353701032,0.15456943528566464,26,26,18.741635257465234,0.3451713693283746,0.2449756413868992
660,23.886023913107707,0.6943797651571975,0.37766946271387714,12.107725141013004,0.3642882951202242,0.15241511129224106,26,26,18.741635257465234,0.3451713693283746,0.2449756413868992
665,23.467545077855256,0.6854879110644226,0.37348054658905055,11.923430146985654,0.3653160705528277,0.14975883967393983,26,26,18.741635257465234,0.3451713693283746,0.2449756413868992
670,22.995964254658336,0.6728876985041318,0.36984255428917034,11.684821408176358,0.3685117040422715,0.15165826056556614,26,26,18.741635257465234,0.3451713693283746,0.2449756413868992
675,22.580497008784118,0.6597371716169415,0.3683074463243515,11.35603429198299,0.36332114760991957,0.15017476753095446,26,26,18.741635257465234,0.3451713693283746,0.2449756413868992
680,22.338411563498916,0.6534900859994304,0.3658225239775905,11.070327081181533,0.34876571174686277,0.14768667538771665,26,26,18.741635257465234,0.3451713693283746,0.2449756413868992
685,22.147409967682087,0.641561686792481,0.3578951733797609,10.865473494908466,0.342074626923182,0.14179827460657796,26,26,18.741635257465234,0.3451713693283746,0.2449756413868992
690,21.959815246715937,0.6468180329178006,0.3564980376765471,10.638576204307112,0.3471719621086708,0.13602368819968932,26,26,18.741635257465234,0.3451713693283746,0.2449756413868992
695,21.99022085062701,0.6444507108170566,0.3610190098846355,10.513738525749327,0.34676914931241715,0.13267617381819038,26,26,18.741635257465234,0.3451713693283746,0.2449756413868992
700,22.031673193926004,0.6432263909954822,0.36125036799585614,10.389040418667111,0.3394750962940335,0.12841225596942066,26,26,18.741635257465234,0.3451713693283746,0.2449756413868992
705,21.831406218077024,0.6461046816836042,0.35660949273299614,10.180115601763534,0.33711650968893636,0.1304588936978766,26,26,18.741635257465234,0.3451713693283746,0.2449756413868992
710,21.673991841956536,0.6539780631885522,0.35367759010063404,9.910730604284591,0.3322122311843638,0.1263118458384612,26,26,18.741635257465234,0.3451713693283746,0.2449756413868992
715,21.390746510196326,0.6593745531930268,0.34783385595347593,9.546107463255247,0.3268302378025082,0.12685798080114247,26,26,18.741635257465234,0.3451713693283746,0.2449756413868992
720,21.129834025306415,0.6610965321255365,0.34058092035895643,9.22504798391122,0.3144011940912402,0.12939134852955073,26,26,18.741635257465234,0.3451713693283746,0.2449756413868992
725,20.906937954205226,0.6730448987886932,0.338279290746329,8.934580850901618,0.31156152449123564,0.12833192308078634,26,26,18.741635257465234,0.3451713693283746,0.2449756413868992
730,20.890553320372863,0.6815361564121943,0.34039103253435427,8.769262399286765,0.30520908873891284,0.12346564337340525,26,26,18.741635257465234,0.3451713693283746,0.2449756413868992
735,20.95661821898481,0.6950035387465298,0.3392162467114758,8.769245521898403,0.3008725655890468,0.12049976165784486,26,26,18.741635257465234,0.3451713693283746,0.2449756413868992
740,21.14004349355509,0.7146463480784608,0.3402659049670364,8.890328836206614,0.30563991771026144,0.12007070869729018,26,26,18.741635257465234,0.3451713693283746,0.2449756413868992
745,21.212421834474764,0.7223166210650359,0.34407370582795155,9.025862412250719,0.30676647422440007,0.12205004538364689,26,26,18.741635257465234,0.3451713693283746,0.2449756413868992
750,21.338890790307303,0.717384988024125,0.3434830727822685,9.212607484083323,0.31316468010029663,0.12438165305280585,26,26,18.741635257465234,0.3451713693283746,0.2449756413868992
755,21.522918136579342,0.7162804192302273,0.34245230534859533,9.386170864965571,0.31908650612498124,0.1254096918467637,26,26,18.741635257465234,0.3451713693283746,0.2449756413868992
760,21.54735030833619,0.6956223660804081,0.34067593944535535,9.484353762575077,0.3199756590776055,0.1305177411651727,26,26,18.741635257465234,0.3451713693283746,0.2449756413868992
765,21.55704600049658,0.6691710190521578,0.33827512980939056,9.543958301402709,0.3184041034372936,0.12776652965040147,26,26,18.741635257465234,0.3451713693283746,0.2449756413868992
770,21.698875508812893,0.6532418672990092,0.3365783653471713,9.668367245134299,0.32746568871879317,0.12607532884185657,26,26,18.741635257465234,0.3451713693283746,0.2449756413868992
775,21.89365389317511,0.6382758818027383,0.33530612203597143,9.773415251722197,0.3375756247197459,0.12678783128494456,26,26,18.741635257465234,0.3451713693283746,0.2449756413868992
780,22.109414339636256,0.6275197325612613,0.3392549997612733,9.90034939437719,0.34436276882970546,0.13084721426711673,26,26,18.741635257465234,0.3451713693283746,0.2449756413868992
785,22.446787252203475,0.6247907201263903,0.34839412094526967,10.00474398050227,0.33619340041176493,0.13532332433127886,26,26,18.741635257465234,0.3451713693283746,0.2449756413868992
790,22.80387501863872,0.6380758641323165,0.3501402460979072,10.183869769199458,0.3260617452100648,0.13985023903940647,26,26,18.741635257465234,0.3451713693283746,0.2449756413868992
795,22.99338062530736,0.6509407997854396,0.35539875662789167,10.280346175338792,0.3122007427568901,0.14349518890668844,26,26,18.741635257465234,0.3451713693283746,0.2449756413868992
800,23.09581609716152,0.6581474790836161,0.3568720540745903,10.306875877742055,0.3066090018641256,0.1432727742073215,26,26,18.741635257465234,0.3451713693283746,0.2449756413868992
805,23.14435133044434,0.6660104789863955,0.3600387213456716,10.258433669870316,0.2999680005662996,0.1383088368903337,26,26,18.741635257465234,0.3451713693283746,0.2449756413868992
810,22.96140468053537,0.6572989132792579,0.35898061526682884,10.16614942064561,0.3026544810366593,0.13491209028473977,26,26,18.741635257465234,0.3451713693283746,0.2449756413868992
815,22.49499266867464,0.6481913550659388,0.3563829351995692,9.941471270086872,0.30658784820346835,0.12988086483672343,26,26,18.741635257465234,0.3451713693283746,0.2449756413868992
820,22.11535972995891,0.6336094687365206,0.35717346313829956,9.684444387479019,0.3053745483238846,0.12883352042446305,26,26,18.741635257465234,0.3451713693283746,0.2449756413868992
825,21.722216477617494,0.6257218894800836,0.35347339113538007,9.463666951581924,0.30953261831680895,0.1268285156109915,26,26,18.741635257465234,0.3451713693283746,0.2449756413868992
830,21.15086148712511,0.6169470636797263,0.34811563726059724,9.213121266589372,0.306531195295991,0.12320041790347788,26,26,18.741635257465234,0.3451713693283746,0.2449756413868992
835,20.799259935145006,0.6192355329572093,0.3425967431522659,9.066089074711185,0.3151686095347497,0.12393151867163905,26,26,18.741635257465234,0.3451713693283746,0.2449756413868992
840,20.53806568115887,0.6098027897866092,0.34380575722685897,9.01055260099055,0.3150638766675377,0.12329165995839382,26,26,18.741635257465234,0.3451713693283746,0.2449756413868992
845,20.37030501156689,0.6135078575179116,0.342364418809261,9.006560601902393,0.31111983773993146,0.12243738087787923,26,26,18.741635257465234,0.3451713693283746,0.2449756413868992
850,20.10991110004857,0.6178367947375034,0.3359917097023927,8.992100722542624,0.30209231283370847,0.12344230221087338,26,26,18.741635257465234,0.3451713693283746,0.2449756413868992
855,20.04543365129438,0.6124127193554748,0.3333838025086061,9.05566649412936,0.29352951557347684,0.1197730105207848,26,26,18.741635257465234,0.3451713693283746,0.2449756413868992
860,19.79787084063515,0.5999857335853784,0.3255661600017346,8.98483588554723,0.29053344492706223,0.11870773414195382,26,26,18.741635257465234,0.3451713693283746,0.2449756413868992
865,19.63059777562863,0.5865858411812842,0.3148451758201529,8.935622469554122,0.28617010567668294,0.11886263711958965,26,26,18.741635257465234,0.3451713693283746,0.2449756413868992
870,19.572444641103903,0.5882741460539104,0.3140907514410142,8.93639596707601,0.28492853363634774,0.12228589519406656,26,26,18.741635257465234,0.3451713693283746,0.2449756413868992
875,19.681060793191836,0.5991441749477524,0.3173056981738265,9.023444888118036,0.28975762214054623,0.12407423475840947,26,26,18.741635257465234,0.3451713693283746,0.2449756413868992
880,19.841003548540442,0.6016565990201473,0.31682350207382726,9.066635330458558,0.2981430362584635,0.12363987011235002,26,26,18.741635257465234,0.3451713693283746,0.2449756413868992
885,20.410447330592692,0.607002544980057,0.32236071755257595,9.338976701439965,0.303782794015736,0.12482462126297492,26,26,18.741635257465234,0.3451713693283746,0.2449756413868992
890,20.996702306694488,0.6193423347261011,0.3321215126989161,9.605930144318132,0.31169980520956836,0.12168586589556075,26,26,18.741635257465234,0.3451713693283746,0.2449756413868992
895,21.80934876751904,0.6455301987497648,0.34692486348551965,9.972218415555943,0.32487355646532723,0.121761240477656,26,26,18.741635257465234,0.3451713693283746,0.2449756413868992
900,22.59184204378724,0.6596553862962088,0.35939269952127173,10.338077060791905,0.33286613724989217,0.12725796407528175,26,26,18.741635257465234,0.3451713693283746,0.2449756413868992
905,23.50202407876006,0.6768095943802115,0.37791392432069565,10.762109571404187,0.33984070763388613,0.13574596588936944,26,26,18.741635257465234,0.3451713693283746,0.2449756413868992
910,24.223877004091108,0.6859765399350475,0.389494222456059,11.082574294123305,0.3483419180492256,0.13721390840861808,26,26,18.741635257465234,0.3451713693283746,0.2449756413868992
915,24.646634407820308,0.6958603624564709,0.3920795957533083,11.362612029647293,0.36396579055881045,0.14115345750565886,26,26,18.741635257465234,0.3451713693283746,0.2449756413868992
920,24.744950927028338,0.699597597488121,0.3944927387366743,11.486957893300438,0.3677340196535227,0.1432597620693908,26,26,18.741635257465234,0.3451713693283746,0.2449756413868992
925,24.60760339024002,0.6998268306782067,0.39029912295498037,11.509205654921807,0.3707100292786836,0.1424749458682349,26,26,18.741635257465234,0.3451713693283746,0.2449756413868992
930,24.044067660109288,0.6869377288062843,0.385989401074065,11.34124262691045,0.37270969786351754,0.14432368993464895,26,26,18.741635257465234,0.3451713693283746,0.2449756413868992
935,23.249580656035192,0.6706807014791875,0.3843091847856891,11.067025872450312,0.37726087529448693,0.14380892537955625,26,26,18.741635257465234,0.3451713693283746,0.2449756413868992
940,22.3953118748768,0.6520067530564676,0.37398421995644526,10.626122555048832,0.3753896392810088,0.1367591441186911,26,26,18.741635257465234,0.3451713693283746,0.2449756413868992
945,21.725837735553032,0.633719126565334,0.3657242958499281,10.216999523081977,0.37259642926487224,0.13268085889778,26,26,18.741635257465234,0.3451713693283746,0.2449756413868992
950,21.10073212908781,0.6126331136832478,0.3569098348288885,9.748136853910355,0.36265987508792236,0.13142900899741253,26,26,18.741635257465234,0.3451713693283746,0.2449756413868992
955,20.769682332525363,0.5844623057474382,0.3460989332036128,9.370870231436426,0.3487617933136172,0.13233426265356124,26,26,18.741635257465234,0.3451713693283746,0.2449756413868992
960,20.62349928920608,0.5773237075202596,0.34633278475990525,9.03495737596714,0.33819820838103576,0.13167308144226844,26,26,18.741635257465234,0.3451713693283746,0.2449756413868992
965,20.500869611443285,0.5801795484936079,0.34259026718197166,8.744516286263691,0.32960373090110784,0.1278934327961931,26,26,18.741635257465234,0.3451713693283746,0.2449756413868992
970,20.257555648674167,0.5737486348583336,0.3422647418597035,8.490070548248553,0.3283698524241993,0.12639264880252993,26,26,18.741635257465234,0.3451713693283746,0.2449756413868992
975,20.084597702569155,0.572286076673894,0.3427829952090578,8.292681813368826,0.32785384360839975,0.12263843389844141,26,26,18.741635257465234,0.3451713693283746,0.2449756413868992
980,19.71626757786368,0.5680030900230512,0.33879006888925245,8.070020936737167,0.3273411940481572,0.11959686237311462,26,26,18.741635257465234,0.3451713693283746,0.2449756413868992
985,19.30832212591616,0.5694207027095856,0.3300754121851748,7.903938405500366,0.33234054443656125,0.11701372690218996,26,26,18.741635257465234,0.3451713693283746,0.2449756413868992
990,18.739951756353296,0.5503004693121039,0.32079598403515847,7.728178279250997,0.32546944329855987,0.11824652848612267,26,26,18.741635257465234,0.3451713693283746,0.2449756413868992
995,18.285350057009406,0.5453208676172968,0.3147766242879742,7.623260251619658,0.31786448470100725,0.118319566413942,26,26,18.741635257465234,0.3451713693283746,0.2449756413868992
1000,17.98021710255363,0.5442832197282459,0.30288393003155684,7.503148165501452,0.31737533211781355,0.11943443537260363,26,26,18.741635257465234,0.3451713693283746,0.2449756413868992
1005,17.921968418474318,0.5541472220578212,0.29920829490950385,7.429243896429057,0.3191527769666961,0.12054893448638633,26,26,18.741635257465234,0.3451713693283746,0.2449756413868992
1010,17.90691823486066,0.5745713863857282,0.29971994025808857,7.285096062373295,0.3146479957747506,0.11875453601977465,26,26,18.741635257465234,0.3451713693283746,0.2449756413868992
1015,17.970386657359192,0.5811977353525243,0.30148865932601204,7.236231044946818,0.3142287001143798,0.1179300795644525,26,26,18.741635257465234,0.3451713693283746,0.2449756413868992
1020,18.125314685964316,0.5747919361280492,0.3033971613346743,7.203241778812523,0.3158207935737985,0.11572395098051072,26,26,18.741635257465234,0.3451713693283746,0.2449756413868992
1025,18.232325156816874,0.5895921579941064,0.30721844359982897,7.209197267783012,0.32760958722611266,0.11452005849980025,26,26,18.741635257465234,0.3451713693283746,0.2449756413868992
1030,18.4173530165826,0.6193375430058152,0.3069969431753061,7.313546520391093,0.3355541465050468,0.11127487125448003,26,26,18.741635257465234,0.3451713693283746,0.2449756413868992
1035,18.862740110733373,0.6369573494114854,0.31289717357320945,7.569182352603414,0.34757269935793517,0.11223121100009502,26,26,18.741635257465234,0.3451713693283746,0.2449756413868992
1040,19.499688089564625,0.6404185395000964,0.32262429644454393,7.957935398514141,0.3574925747509782,0.11727761697875712,26,26,18.741635257465234,0.3451713693283746,0.2449756413868992
1045,20.20994364414999,0.6481317538153379,0.3334973204726637,8.342583730187602,0.3647760621601897,0.12180986848562667,26,26,18.741635257465234,0.3451713693283746,0.2449756413868992
1050,20.996384972913862,0.6584543460044381,0.3482233779427449,8.811860401509952,0.3693453375501539,0.1279595413024316,26,26,18.741635257465234,0.3451713693283746,0.2449756413868992
1055,21.730253955236066,0.6601624848679173,0.3650515730257736,9.337757188670533,0.36909195586499405,0.13805873507068794,26,26,18.741635257465234,0.3451713693283746,0.2449756413868992
1060,22.28053542416691,0.6580606412339597,0.37062515615877845,9.74587322192862,0.3718516077584661,0.13993299338372125,26,26,18.741635257465234,0.3451713693283746,0.2449756413868992
1065,22.707412514418372,0.6623805394898874,0.37533882159760684,10.101757355591996,0.3728158752666032,0.1418126077641376,26,26,18.741635257465234,0.3451713693283746,0.2449756413868992
1070,23.04348736174758,0.6605382958263668,0.3818458986364314,10.527113557582675,0.3753213437143435,0.14934222933488958,26,26,18.741635257465234,0.3451713693283746,0.2449756413868992
1075,23.2016421877505,0.6557157679603033,0.37822290918261814,10.855049525445507,0.38146977315258856,0.15299247004850325,26,26,18.741635257465234,0.3451713693283746,0.2449756413868992
1080,23.230720854759348,0.6486051435606289,0.38027640487482345,11.042620730448133,0.3820047148089921,0.15500407994282991,26,26,18.741635257465234,0.3451713693283746,0.2449756413868992
1085,23.2677107781129,0.6504324986886955,0.38283893569960314,11.089493545054177,0.37940853548535886,0.15344886387168827,26,26,18.741635257465234,0.3451713693283746,0.2449756413868992
1090,23.165846897051946,0.665653739190665,0.3799128375403267,11.004978618218706,0.38293228116918304,0.15209678644658242,26,26,18.741635257465234,0.3451713693283746,0.2449756413868992
1095,22.91763633416108,0.6739077174099763,0.3750749819900088,10.698938822465957,0.38775211004233096,0.15041806540709626,26,26,18.741635257465234,0.3451713693283746,0.2449756413868992
1100,22.675065256896115,0.6790047038161038,0.37343894870827615,10.419933429635135,0.3905366978534754,0.1456003728760975,26,26,18.741635257465234,0.3451713693283746,0.2449756413868992
1105,22.51855504885019,0.6856538603163764,0.37128773420571654,10.183715063777024,0.3984270545987901,0.14303575442669675,26,26,18.741635257465234,0.3451713693283746,0.2449756413868992
1110,22.382386383653376,0.6969309796295029,0.37464221764003813,10.069943713867133,0.4050940142650329,0.1395416771045875,26,26,18.741635257465234,0.3451713693283746,0.2449756413868992
1115,22.101096033551464,0.6945522089460321,0.3771749655501745,9.961582476350332,0.40829013112048307,0.14099356228739762,26,26,18.741635257465234,0.3451713693283746,0.2449756413868992
1120,21.850357876546504,0.6756687966678513,0.37638269938771535,9.87090756412113,0.3985193510661173,0.1395263592732998,26,26,18.741635257465234,0.3451713693283746,0.2449756413868992
1125,21.505807470857327,0.6653544100360613,0.372456824530397,9.67488725276138,0.39267324309661217,0.13644874633108858,26,26,18.741635257465234,0.3451713693283746,0.2449756413868992
1130,21.036946080698332,0.6685463023654004,0.354071743869144,9.459016471745086,0.3902214192325276,0.12810918561577372,26,26,18.741635257465234,0.3451713693283746,0.2449756413868992
1135,20.406847203199163,0.6651273157691993,0.3355542214294334,9.205068166066944,0.38235539515966444,0.12272725970601804,26,26,18.741635257465234,0.3451713693283746,0.2449756413868992
1140,20.01203415008881,0.6630937674686814,0.3267366091532435,9.041629943966552,0.37392296786946,0.11912423401926517,26,26,18.741635257465234,0.3451713693283746,0.2449756413868992
1145,19.602867012413917,0.664930412120443,0.3119333826092835,8.913962592684701,0.37018873636071514,0.11984050228801364,26,26,18.741635257465234,0.3451713693283746,0.2449756413868992
1150,19.306980976995035,0.66586468624308,0.30225770388249495,8.96865184011023,0.3706234266715559,0.11689077049804841,26,26,18.741635257465234,0.3451713693283746,0.2449756413868992
1155,18.9624536922784,0.6615070015697835,0.29548667107551885,9.002917326957977,0.37326348738352383,0.11619466374782644,26,26,18.741635257465234,0.3451713693283746,0.2449756413868992
1160,18.854903215375803,0.6532398755395415,0.2941876162453065,9.08443811625912,0.3777237606728301,0.11812111581996389,26,26,18.741635257465234,0.3451713693283746,0.2449756413868992
1165,18.794324245111135,0.6419437786865355,0.2866120421274843,9.073669954178788,0.38118508269970836,0.12086819903373912,26,26,18.741635257465234,0.3451713693283746,0.2449756413868992
1170,18.887978298955467,0.6396089016521143,0.285693173427551,9.07847510176467,0.3862250218898261,0.1235300302353715,26,26,18.741635257465234,0.3451713693283746,0.2449756413868992
1175,19.107398390947637,0.6278021921353173,0.29169640149417353,9.077512999183066,0.386961277132646,0.12213849547784333,26,26,18.741635257465234,0.3451713693283746,0.2449756413868992
1180,19.496325092249403,0.6315393122076706,0.30326547855330893,9.14040801445156,0.38942287892077737,0.1232273492775723,26,26,18.741635257465234,0.3451713693283746,0.2449756413868992
1185,19.860352543207764,0.648034567384712,0.31454692617386043,9.196044142250358,0.39082177520446376,0.12398434524703997,26,26,18.741635257465234,0.3451713693283746,0.2449756413868992
1190,20.285313892094038,0.6686833873963024,0.31856558015896513,9.352827672364935,0.3903426693361893,0.12848470655333136,26,26,18.741635257465234,0.3451713693283746,0.2449756413868992
1195,20.586383581692736,0.6674021289661146,0.32800334924820596,9.480227054562038,0.38752767503799473,0.12930154099150745,26,26,18.741635257465234,0.3451713693283746,0.2449756413868992
1200,20.89237451321965,0.6696678848298684,0.33625458515582,9.701805471966413,0.378752008809242,0.1352756989964635,26,26,18.741635257465234,0.3451713693283746,0.2449756413868992
1205,21.10051665966844,0.6735343415317229,0.35006230716676284,9.790378024351986,0.3693494639199734,0.14057600039920942,26,26,18.741635257465234,0.3451713693283746,0.2449756413868992
1210,21.28645176756653,0.6735535089098801,0.35878807735360757,9.890977820551818,0.36705290532311363,0.14095381008909494,26,26,18.741635257465234,0.3451713693283746,0.2449756413868992
1215,21.153479162462652,0.6839890167411441,0.36525981820542835,9.85204316886168,0.3712427978864246,0.1389045273129131,26,26,18.741635257465234,0.3451713693283746,0.2449756413868992
1220,20.92953409261632,0.6957711666661164,0.3637224728454548,9.808693828010256,0.3612709109997853,0.13748093424681423,26,26,18.741635257465234,0.3451713693283746,0.2449756413868992
1225,20.67890933213166,0.6852648630788611,0.35936344160691497,9.664052249023193,0.365397017013178,0.13890859335358458,26,26,18.741635257465234,0.3451713693283746,0.2449756413868992
1230,20.354834812174886,0.6678650479028783,0.35376630197666575,9.547893774427548,0.36610154009098167,0.13628816762374665,26,26,18.741635257465234,0.3451713693283746,0.2449756413868992
1235,19.89214713381713,0.6551746688593102,0.34450162396964845,9.357537525382925,0.37434377704884353,0.13864991414101122,26,26,18.741635257465234,0.3451713693283746,0.2449756413868992
1240,19.53032710769018,0.6228193284308783,0.3332289415739202,9.182878580141297,0.3762882562569861,0.13606507036083104,26,26,18.741635257465234,0.3451713693283746,0.2449756413868992
1245,19.247778105708925,0.5963533761712658,0.32202856702195126,8.915210225664897,0.3790075733802212,0.1318055512819108,26,26,18.741635257465234,0.3451713693283746,0.2449756413868992
1250,18.858460910137026,0.5819423474091343,0.3140765758117914,8.577973678117832,0.37429145289562477,0.1280850209439398,26,26,18.741635257465234,0.3451713693283746,0.2449756413868992
1255,18.626036535203394,0.5757691759669549,0.31008378813948767,8.2819781542593,0.3670832965307379,0.13182632559023344,26,26,18.741635257465234,0.3451713693283746,0.2449756413868992
1260,18.72445640315794,0.5763583212874858,0.31715204825737786,8.084861121943032,0.3549118154567687,0.13122871925122145,26,26,18.741635257465234,0.3451713693283746,0.2449756413868992
1265,18.681347856363296,0.5903840784178181,0.3225068601956711,7.832209312978534,0.3435549483353383,0.1236150245751893,26,26,18.741635257465234,0.3451713693283746,0.2449756413868992
1270,18.736371333136226,0.6106381790986114,0.32717630235902934,7.673735993201515,0.341431940042123,0.12244159377698184,26,26,18.741635257465234,0.3451713693283746,0.2449756413868992
1275,18.557257316268792,0.6069796782356677,0.32152393782122896,7.49615773567717,0.3385109908225237,0.12001140262573147,26,26,18.741635257465234,0.3451713693283746,0.2449756413868992
1280,18.412965986033665,0.6160419343224454,0.31521085132451726,7.400877588204788,0.3405842067068698,0.12233462368122351,26,26,18.741635257465234,0.3451713693283746,0.2449756413868992
1285,18.161892480671874,0.6195329811403497,0.31104130208635394,7.2766866149002745,0.3353093021747098,0.12051258988506976,26,26,18.741635257465234,0.3451713693283746,0.2449756413868992
1290,17.86426477279245,0.6270572759420137,0.30919338736260554,7.262880943736764,0.33174494129706,0.12173858149747285,26,26,18.741635257465234,0.3451713693283746,0.2449756413868992
1295,17.80412602986855,0.6348474343056152,0.3099002688554849,7.361348926916173,0.3305097588561404,0.12487713916453322,26,26,18.741635257465234,0.3451713693283746,0.2449756413868992
1300,17.827419475027288,0.6391392977927532,0.31001872576044825,7.4693126874372,0.33934809417475187,0.12406391160889432,26,26,18.741635257465234,0.3451713693283746,0.2449756413868992
1305,18.120924623835528,0.6455245670407234,0.31001897781921134,7.67108349553794,0.3465061274400705,0.12772603758428333,26,26,18.741635257465234,0.3451713693283746,0.2449756413868992
1310,18.35809716783743,0.6523889566657104,0.30874602803177004,7.805314860159615,0.34777401511163375,0.12466926303368187,26,26,18.741635257465234,0.3451713693283746,0.2449756413868992
1315,18.651939695967453,0.6459175300811305,0.3036653476073742,7.977345797672505,0.35056524283747986,0.12119331752926352,26,26,18.741635257465234,0.3451713693283746,0.2449756413868992
1320,18.831125071926138,0.636936168248042,0.30656793802424276,8.074330812386648,0.35307682348885944,0.12398179755536923,26,26,18.741635257465234,0.3451713693283746,0.2449756413868992
1325,19.154506249404424,0.6458585543040971,0.31458685149250476,8.254870059302759,0.3588632866526819,0.13047074717282836,26,26,18.741635257465234,0.3451713693283746,0.2449756413868992
1330,19.39582530365235,0.6406100724569158,0.31976648849389455,8.40176225984329,0.3599290066693541,0.12670740096415584,26,26,18.741635257465234,0.3451713693283746,0.2449756413868992
1335,19.715440287272436,0.6312679105212783,0.322091317169088,8.668683637163527,0.3608892196679963,0.1281021564505896,26,26,18.741635257465234,0.3451713693283746,0.2449756413868992
1340,20.08630545436971,0.6131908423432123,0.3271381239280748,8.939352744221853,0.3580608092043002,0.13035527936246163,26,26,18.741635257465234,0.3451713693283746,0.2449756413868992
1345,20.534191706343247,0.6225184754077123,0.3362838132507662,9.274478063059412,0.361977548185147,0.13889875052993556,26,26,18.741635257465234,0.3451713693283746,0.2449756413868992
1350,20.843136569174955,0.6307854847138017,0.34229279015227737,9.522150086069233,0.37037126264359843,0.14500469573690877,26,26,18.741635257465234,0.3451713693283746,0.2449756413868992
1355,21.0503102664864,0.6439341924759832,0.3428442131418928,9.85890119752844,0.3842717241404853,0.14489111080595798,26,26,18.741635257465234,0.3451713693283746,0.2449756413868992
1360,21.156126848221888,0.6556499323082865,0.3418284602771076,10.121978633725552,0.3904657602527959,0.1462622146503266,26,26,18.741635257465234,0.3451713693283746,0.2449756413868992
1365,21.260769689648967,0.6576325783873429,0.3438744822266835,10.334173184895391,0.3907186606602558,0.14849539882646923,26,26,18.741635257465234,0.3451713693283746,0.2449756413868992
1370,21.44203603235891,0.6803084880176679,0.348902969073428,10.484924934113081,0.38907089849676063,0.15693004529261953,26,26,18.741635257465234,0.3451713693283746,0.2449756413868992
1375,21.563781662213593,0.6903591352687721,0.356027587741567,10.526706940748083,0.3985938308083438,0.16085113700728512,26,26,18.741635257465234,0.3451713693283746,0.2449756413868992
1380,21.523721092340857,0.6992330417841794,0.35310271616283245,10.39942120989728,0.4083239356802376,0.15674411844348135,26,26,18.741635257465234,0.3451713693283746,0.2449756413868992
1385,21.517396620193384,0.7067671736310419,0.3523593102773056,10.196084543366542,0.4224620721196462,0.15558281211974215,26,26,18.741635257465234,0.3451713693283746,0.2449756413868992
1390,21.322510285971045,0.7222414943904116,0.34509805959071205,9.978194043436822,0.4351019734872954,0.1567839133982995,26,26,18.741635257465234,0.3451713693283746,0.2449756413868992
1395,21.12114736072143,0.7262573385493288,0.3442321562567222,9.830394512141924,0.43703833094720546,0.1568725620773824,26,26,18.741635257465234,0.3451713693283746,0.2449756413868992
1400,21.023589064640717,0.729142303786207,0.34355556429530487,9.752280179396475,0.42747762939207207,0.15229267917675215,26,26,18.741635257465234,0.3451713693283746,0.2449756413868992
1405,20.868421537759307,0.7269608058896136,0.3383629281446084,9.737394888141118,0.4193384287394124,0.14586443845083874,26,26,18.741635257465234,0.3451713693283746,0.2449756413868992
1410,20.405144668947184,0.7254458057285074,0.3330844279444668,9.693362689807145,0.4198948063504393,0.1440233526204509,26,26,18.741635257465234,0.3451713693283746,0.2449756413868992
1415,20.122459998592912,0.7365217653651643,0.3338288738327715,9.671994346845318,0.42844300852142025,0.14432066880431357,26,26,18.741635257465234,0.3451713693283746,0.2449756413868992
1420,19.514609939531805,0.7383446710408302,0.3274591923574535,9.491148344154354,0.42205422127490966,0.13810361438929258,26,26,18.741635257465234,0.3451713693283746,0.2449756413868992
1425,18.873096605587357,0.7425081422932459,0.3122314885264455,9.31367133386308,0.4201242028873499,0.13188922080705456,26,26,18.741635257465234,0.3451713693283746,0.2449756413868992
1430,18.331275938882424,0.7385003922378148,0.300571011181682,9.079766485495789,0.4219932057957352,0.12397940948827407,26,26,18.741635257465234,0.3451713693283746,0.2449756413868992
1435,18.067117138470348,0.7405557816472776,0.29507589939932416,8.884175645262799,0.4291450579486484,0.12311295245739175,26,26,18.741635257465234,0.3451713693283746,0.2449756413868992
1440,17.952970355898977,0.7343785349239955,0.2952545190365188,8.67241742252198,0.4338276986059,0.12283387709916796,26,26,18.741635257465234,0.3451713693283746,0.2449756413868992
1445,17.977606947883633,0.7249203818325758,0.2901116536240128,8.575019818635136,0.4408529825099169,0.1271571687233947,26,26,18.741635257465234,0.3451713693283746,0.2449756413868992
1450,17.983894100075183,0.6989358632778476,0.280544404851375,8.490241560325504,0.4407647999791257,0.1297276762891334,26,26,18.741635257465234,0.3451713693283746,0.2449756413868992
1455,18.19175799154928,0.6666523211052572,0.28063822368341224,8.404356697869563,0.4193152641324581,0.13038967188538528,26,26,18.741635257465234,0.3451713693283746,0.2449756413868992
1460,18.57635544838727,0.6610527833980686,0.2851853556692463,8.406567299271494,0.40332013954365514,0.13524039263195964,26,26,18.741635257465234,0.3451713693283746,0.2449756413868992
1465,18.903392978249357,0.6619517829081457,0.2857640198540808,8.555285879528235,0.39522696199377483,0.13712650206899538,26,26,18.741635257465234,0.3451713693283746,0.2449756413868992
1470,19.3428474055096,0.6658083012474421,0.28841825605432303,8.817136366622282,0.39656470683050604,0.13205200261436378,26,26,18.741635257465234,0.3451713693283746,0.2449756413868992
1475,19.955613130165702,0.692222402468092,0.30113686130595985,9.089147381788717,0.400720314645466,0.1324783254692358,26,26,18.741635257465234,0.3451713693283746,0.2449756413868992
1480,20.76024165075032,0.7318146893748644,0.3172424822113247,9.41544098328732,0.40426054175018306,0.14043728198657918,26,26,18.741635257465234,0.3451713693283746,0.2449756413868992
1485,21.483073365848732,0.735926030299123,0.33089319271565043,9.745616202133691,0.40391749161281765,0.15091851085074054,26,26,18.741635257465234,0.3451713693283746,0.2449756413868992
1490,21.94365480504258,0.7533897500474015,0.34442351021697093,9.980534541104864,0.4102411697446173,0.15744579233799624,26,26,18.741635257465234,0.3451713693283746,0.2449756413868992
1495,22.283737431455123,0.7541478211302006,0.35423518035288665,10.1630802947673,0.42612130567852935,0.167141089642566,26,26,18.741635257465234,0.3451713693283746,0.2449756413868992
1500,22.4449861328892,0.7400121107169217,0.3563384484502511,10.28091161147266,0.42195430637768855,0.16873221275022574,26,26,18.741635257465234,0.3451713693283746,0.2449756413868992
1505,22.43560473627554,0.7430211673461409,0.3636856103801365,10.361387233745013,0.422047358415016,0.16869775986203295,26,26,18.741635257465234,0.3451713693283746,0.2449756413868992
1510,22.117644192755463,0.7434624983770343,0.36054149783403233,10.382440878254211,0.42167386983126676,0.16898341201267764,26,26,18.741635257465234,0.3451713693283746,0.2449756413868992
1515,21.74379365174785,0.742664940706246,0.35473831187233,10.40051985156186,0.43048444406731545,0.16322426071205412,26,26,18.741635257465234,0.3451713693283746,0.2449756413868992
1520,21.42316152479091,0.7421058355096084,0.35173874864423216,10.339061583489357,0.4334065771171132,0.161253647251513,26,26,18.741635257465234,0.3451713693283746,0.2449756413868992
1525,21.15366748046683,0.7461570552933097,0.35683107021626437,10.224748587249188,0.43861634937267596,0.15771406727095288,26,26,18.741635257465234,0.3451713693283746,0.2449756413868992
1530,20.842008030309778,0.7376553451993882,0.35613803938367544,10.192496023505877,0.4308683539083945,0.16177509583043212,26,26,18.741635257465234,0.3451713693283746,0.2449756413868992
1535,20.46970769967947,0.7395684431314944,0.3541365461383498,10.090660533552295,0.4236377333942378,0.1675381439595025,26,26,18.741635257465234,0.3451713693283746,0.2449756413868992
1540,20.051326223243876,0.7438345815169759,0.3480002123688359,9.888403337306881,0.4190707007523505,0.16480446489310002,26,26,18.741635257465234,0.3451713693283746,0.2449756413868992
1545,19.4968617687894,0.7381413857713655,0.3413447159624326,9.658782942933545,0.4257100985272225,0.16372589726870532,26,26,18.741635257465234,0.3451713693283746,0.2449756413868992
1550,19.15965192853839,0.7362877298402006,0.3342732270175864,9.467261774476142,0.4241736712766426,0.16821780589059138,26,26,18.741635257465234,0.3451713693283746,0.2449756413868992
1555,18.848102479229922,0.741711132605454,0.32423365094969336,9.212374812067672,0.429898169258564,0.16726552973254621,26,26,18.741635257465234,0.3451713693283746,0.2449756413868992
1560,18.88392613313188,0.759304120301549,0.3213764912187531,9.022662900378693,0.4382235680032494,0.16693925707356086,26,26,18.741635257465234,0.3451713693283746,0.2449756413868992
1565,19.142198705007438,0.7759101729439276,0.31660964442667033,9.0110109931865,0.4465299019567174,0.16077644022753335,26,26,18.741635257465234,0.3451713693283746,0.2449756413868992
1570,19.569345500697438,0.7934267517753641,0.32361001992247995,9.095400874434366,0.4607199032085676,0.15738431470610306,26,26,18.741635257465234,0.3451713693283746,0.2449756413868992
1575,20.036825586225426,0.8220321806536975,0.3328730023384187,9.282858108380935,0.4732817442826601,0.15490872631843222,26,26,18.741635257465234,0.3451713693283746,0.2449756413868992
1580,20.593213525814175,0.861437980262379,0.3517551636536191,9.531792986619067,0.4853009031196877,0.15319518514006045,26,26,18.741635257465234,0.3451713693283746,0.2449756413868992
1585,21.055565680178425,0.9005375753616948,0.36534112679462294,9.867679337058268,0.5001549861548666,0.15502030116308746,26,26,18.741635257465234,0.3451713693283746,0.2449756413868992
1590,21.303585831725485,0.9207870465008967,0.3741039819668696,10.123434139053796,0.5104337370445006,0.15982968226403046,26,26,18.741635257465234,0.3451713693283746,0.2449756413868992
1595,21.349733475854187,0.9277656136550194,0.37729389178822764,10.310584620783123,0.5038179007318343,0.16012741558096796,26,26,18.741635257465234,0.3451713693283746,0.2449756413868992
1600,21.40632839606453,0.9339196978280371,0.3760373145745765,10.40896082923821,0.49792515801877635,0.16371588603389933,26,26,18.741635257465234,0.3451713693283746,0.2449756413868992
1605,21.34422225988901,0.9218361291305189,0.37054501652858046,10.441596684986381,0.498489352027471,0.1607497080273753,26,26,18.741635257465234,0.3451713693283746,0.2449756413868992
1610,21.339502557101863,0.897609092354734,0.3616127820203971,10.508084595818383,0.4956459094337009,0.15813006951155822,26,26,18.741635257465234,0.3451713693283746,0.2449756413868992
1615,21.96096518603598,0.8919570092812211,0.3662387927165121,10.753816223670475,0.4894603417652066,0.16298227577438806,26,26,18.741635257465234,0.3451713693283746,0.2449756413868992
1620,22.873568538998914,0.891976423097937,0.37172440179498295,11.113366434230612,0.48360271727957804,0.164837254439998,26,26,18.741635257465234,0.3451713693283746,0.2449756413868992
1625,23.77144667546949,0.8991410580032749,0.38182587484078595,11.523933326870102,0.48534727368993313,0.16645051298236674,26,26,18.741635257465234,0.3451713693283746,0.2449756413868992
1630,24.775298607285553,0.8965745889986649,0.3822820750834664,12.039634506715826,0.4897368914658565,0.16347824596772134,26,26,18.741635257465234,0.3451713693283746,0.2449756413868992
1635,25.69778942433398,0.900783802789181,0.38633119988842224,12.509131215950267,0.4920339060963345,0.1651776442736423,26,26,18.741635257465234,0.3451713693283746,0.2449756413868992
1640,26.193607441945737,0.909454255479402,0.3916622949214869,12.895742414465456,0.498276671518545,0.17493577286748893,26,26,18.741635257465234,0.3451713693283746,0.2449756413868992
1645,26.195345204277025,0.9180130805398213,0.3994475914763226,13.191054817032429,0.5108772508075868,0.18433642660114577,26,26,18.741635257465234,0.3451713693283746,0.2449756413868992
1650,26.077137485521487,0.8999617284375849,0.40531007282964265,13.46351730472197,0.5131613817067809,0.1884379085604038,26,26,18.741635257465234,0.3451713693283746,0.2449756413868992
1655,26.12875638534914,0.8798762250376498,0.41191233736298466,13.700521817011975,0.5180467273565584,0.19168859166870603,26,26,18.741635257465234,0.3451713693283746,0.2449756413868992
1660,26.14031928856135,0.8676007787654675,0.41463778945355967,13.835039362374381,0.5334357857438332,0.19041368608347162,26,26,18.741635257465234,0.3451713693283746,0.2449756413868992
1665,26.179890152225536,0.8584763951623283,0.41719250152042936,13.974949631751462,0.5649004403617759,0.19098958845465466,26,26,18.741635257465234,0.3451713693283746,0.2449756413868992
1670,26.398054531208157,0.8332257153903037,0.4262808164634949,14.013215137566704,0.5629037802017816,0.19630943138757098,26,26,18.741635257465234,0.3451713693283746,0.2449756413868992
1675,26.612556099164024,0.8232483130077929,0.42613975003783483,14.154123206141307,0.5601873045909807,0.19576152633081811,26,26,18.741635257465234,0.3451713693283746,0.2449756413868992
1680,26.85608605357073,0.8333633610635027,0.43793780137121535,14.13706366864129,0.5497034211089651,0.19449639347141412,26,26,18.741635257465234,0.3451713693283746,0.2449756413868992
1685,27.09780048449771,0.8443125659063038,0.44488657335624127,14.017339344225794,0.5342211169464665,0.19165526770797237,26,26,18.741635257465234,0.3451713693283746,0.2449756413868992
1690,27.2171335781899,0.8488221195899732,0.44411328833013813,13.841726423135203,0.5045215693991756,0.19477311179379928,26,26,18.741635257465234,0.3451713693283746,0.2449756413868992
1695,27.160644032230348,0.8364233581392962,0.43449225405814534,13.467129191451066,0.4789425841467364,0.19199353239243666,26,26,18.741635257465234,0.3451713693283746,0.2449756413868992
1700,26.922075523390152,0.8391751399073984,0.43065332149594443,12.928137359500981,0.4671617202092651,0.18329871780727094,26,26,18.741635257465234,0.3451713693283746,0.2449756413868992
1705,26.561100016805486,0.8249657648799779,0.43330258726342613,12.359358799537468,0.44297593979935185,0.17847568868026564,26,26,18.741635257465234,0.3451713693283746,0.2449756413868992
1710,26.097749973638738,0.8189547399017756,0.43719695756713234,11.840063146612666,0.41907386136391817,0.17258386717540636,26,26,18.741635257465234,0.3451713693283746,0.2449756413868992
1715,25.67782131394874,0.8144347633704485,0.4278150542618953,11.438903853080435,0.40837959268126417,0.16520186151677457,26,26,18.741635257465234,0.3451713693283746,0.2449756413868992
1720,25.419806674201183,0.8241091619849458,0.4149189799768437,11.207266039306415,0.4099791495781284,0.16303424134849706,26,26,18.741635257465234,0.3451713693283746,0.2449756413868992
1725,25.60024299462628,0.836941727011073,0.4121091277831435,11.090523692946775,0.4076055776421746,0.15732194681848524,26,26,18.741635257465234,0.3451713693283746,0.2449756413868992
1730,25.702464344840436,0.8560802973890168,0.40991644500713087,11.077200471170762,0.4108626183292625,0.14985502719045732,26,26,18.741635257465234,0.3451713693283746,0.2449756413868992
1735,26.04795519981199,0.8889037745625981,0.4135893410870378,11.150253496090968,0.431318471296478,0.1495001406244158,26,26,18.741635257465234,0.3451713693283746,0.2449756413868992
1740,26.314956761880605,0.9228768825405625,0.4219456143531535,11.168868640694896,0.44861990530338064,0.15337329391473384,26,26,18.741635257465234,0.3451713693283746,0.2449756413868992
1745,26.69578900594487,0.9646742378029666,0.4221201398596212,11.228812523009275,0.4585686930543269,0.15479613700547137,26,26,18.741635257465234,0.3451713693283746,0.2449756413868992
1750,26.756947876275042,0.9644162743463572,0.41740077310907464,11.274359273811212,0.4604933025308668,0.15379406458825393,26,26,18.741635257465234,0.3451713693283746,0.2449756413868992
1755,26.919105912092267,0.9709677791790018,0.41603903809090165,11.386140134106594,0.47113025678451587,0.15290680569004625,26,26,18.741635257465234,0.3451713693283746,0.2449756413868992
1760,26.936978218177558,0.9711454777553667,0.4215380504539258,11.41546634001247,0.47444309218065334,0.15907171092657613,26,26,18.741635257465234,0.3451713693283746,0.2449756413868992
1765,27.012967180718906,0.9573988925341157,0.42167771946914234,11.58470432942924,0.49566752969069855,0.16452523537631503,26,26,18.741635257465234,0.3451713693283746,0.2449756413868992
1770,27.081122748201913,0.9253485451949941,0.43047012343183055,11.786972362395158,0.4978999125689211,0.16607353580143888,26,26,18.741635257465234,0.3451713693283746,0.2449756413868992
1775,27.220120888074913,0.9010645741533679,0.4400209054610413,11.94636434917219,0.4923699232836154,0.1680423111285676,26,26,18.741635257465234,0.3451713693283746,0.2449756413868992
1780,27.247425301847457,0.8866988157443849,0.4386223886550269,12.064339318077762,0.484405041819593,0.1732291442027244,26,26,18.741635257465234,0.3451713693283746,0.2449756413868992
1785,27.136164195837203,0.8560826023722714,0.4370164697090716,12.16094488584296,0.46818011897550893,0.1757892881826775,26,26,18.741635257465234,0.3451713693283746,0.2449756413868992
1790,27.08161240961097,0.847863814536816,0.4259989163590074,12.178653132068748,0.4572330018160044,0.17578194311370635,26,26,18.741635257465234,0.3451713693283746,0.2449756413868992
1795,26.759392495073946,0.8299855703148571,0.415663116742461,12.18989310889627,0.4625821730076427,0.173035869501969,26,26,18.741635257465234,0.3451713693283746,0.2449756413868992
1800,26.58487420603572,0.840905389855658,0.4112410048223162,12.287716576338958,0.4601407356381213,0.1736211809052115,26,26,18.741635257465234,0.3451713693283746,0.2449756413868992
1805,26.509023669296084,0.8576385685494924,0.40888217157786455,12.479776241002954,0.44902963596356954,0.17460868474817695,26,26,18.741635257465234,0.3451713693283746,0.2449756413868992
1810,26.41232119177495,0.8612145609318151,0.4183880207542937,12.704425727409555,0.4449147252578361,0.18111530181579563,26,26,18.741635257465234,0.3451713693283746,0.2449756413868992
1815,26.706522342873445,0.8720673935656752,0.42136994920590426,13.01069720794995,0.44491507448855167,0.18171391272806597,26,26,18.741635257465234,0.3451713693283746,0.2449756413868992
1820,26.843419781137936,0.8613764363239078,0.4272782004709987,13.146544847200625,0.42773260499856325,0.179627686030646,26,26,18.741635257465234,0.3451713693283746,0.2449756413868992
1825,26.86656535331509,0.8611523591650504,0.4266647409077254,13.29108402185947,0.4304065867716997,0.18155007530121653,26,26,18.741635257465234,0.3451713693283746,0.2449756413868992
1830,26.958333436430255,0.847943595442197,0.4317503018687853,13.33132609037092,0.4475301805451511,0.17853143905426716,26,26,18.741635257465234,0.3451713693283746,0.2449756413868992
1835,27.377549499102294,0.8527904315509214,0.43739818424377097,13.48887105062694,0.46480225755092724,0.1813627061186155,26,26,18.741635257465234,0.3451713693283746,0.2449756413868992
1840,27.67260071261189,0.8595341027504038,0.4433082728081013,13.522077881166856,0.4689005742829245,0.17431753557376448,26,26,18.741635257465234,0.3451713693283746,0.2449756413868992
1845,27.89897563647917,0.8809598587264418,0.4399441615075101,13.532591487328052,0.48625765804648047,0.17874902147094396,26,26,18.741635257465234,0.3451713693283746,0.2449756413868992
1850,27.8048782988329,0.8731400095067685,0.4383799814230053,13.423524444468013,0.4893127931033328,0.1826334514358836,26,26,18.741635257465234,0.3451713693283746,0.2449756413868992
1855,27.914413647912696,0.8916215922638632,0.43878160020436624,13.33247125557972,0.5117793423224334,0.18402397335355325,26,26,18.741635257465234,0.3451713693283746,0.2449756413868992
1860,27.662369823821766,0.8850504421506614,0.44200539688186175,13.030712350810456,0.49770035566513404,0.1804751792878151,26,26,18.741635257465234,0.3451713693283746,0.2449756413868992
1865,27.52747279549098,0.8986329027329457,0.4461718272834651,12.80109188181646,0.48430446048509956,0.17571333974207332,26,26,18.741635257465234,0.3451713693283746,0.2449756413868992
1870,27.53728267447981,0.9131440536876846,0.44482706190048626,12.643426312923454,0.47406417550931323,0.17189499815943177,26,26,18.741635257465234,0.3451713693283746,0.2449756413868992
1875,27.75466638793855,0.92065696841136,0.43964010620394345,12.63388318462089,0.481682184351666,0.16428421716450925,26,26,18.741635257465234,0.3451713693283746,0.2449756413868992
1880,28.167050533785805,0.9254287628479468,0.4360961668934567,12.751435305042243,0.4678066866175962,0.16056181752112433,26,26,18.741635257465234,0.3451713693283746,0.2449756413868992
1885,28.560441173902504,0.9165382668262575,0.434767251577949,12.901226499490093,0.44805104651436856,0.15706284894798503,26,26,18.741635257465234,0.3451713693283746,0.2449756413868992
1890,29.06993411131958,0.928300576431337,0.43696177858910795,13.12932789524752,0.44886043682902604,0.1548273426262809,26,26,18.741635257465234,0.3451713693283746,0.2449756413868992
1895,29.40097735215209,0.9461750027128315,0.4441664300079832,13.431132471660117,0.4648265042544214,0.16230881946638792,26,26,18.741635257465234,0.3451713693283746,0.2449756413868992
1900,30.028674750015675,0.9800172871210466,0.4662412688790424,13.83885886184761,0.47986928335534823,0.17388302444729967,26,26,18.741635257465234,0.3451713693283746,0.2449756413868992
1905,30.564630182380366,1.0070524715781932,0.48671844821393795,14.156957452836918,0.508668751723307,0.18060859794813305,26,26,18.741635257465234,0.3451713693283746,0.2449756413868992
1910,31.070521453395806,1.0257058238334604,0.49647916228371164,14.52459757033411,0.5310570649835376,0.1856991436905455,26,26,18.741635257465234,0.3451713693283746,0.2449756413868992
1915,31.760609963113055,1.0620173917800984,0.49963119329796857,15.019726075369114,0.5391645878285791,0.1914474720170157,26,26,18.741635257465234,0.3451713693283746,0.2449756413868992
1920,32.28907524935729,1.0837717255270216,0.49571426123384127,15.469213853800557,0.5331121177492655,0.19715097757765113,26,26,18.741635257465234,0.3451713693283746,0.2449756413868992
1925,32.565389664777115,1.08342329240215,0.48770426977663867,15.757380874427197,0.5340102570605814,0.1919257162534519,26,26,18.741635257465234,0.3451713693283746,0.2449756413868992
1930,32.918674443621185,1.0583312939309386,0.48035683355956826,16.040374105529644,0.5188562209197959,0.19157314484612087,26,26,18.741635257465234,0.3451713693283746,0.2449756413868992
1935,33.48973455501792,1.05195206370703,0.4809975202169314,16.42293327704766,0.5081691887664904,0.1912450817912395,26,26,18.741635257465234,0.3451713693283746,0.2449756413868992
1940,33.747910207436036,1.016381185402335,0.47452641703186066,16.573173948329362,0.47902194203600906,0.19144088385450939,26,26,18.741635257465234,0.3451713693283746,0.2449756413868992
1945,34.0923804618726,0.9814851666552441,0.4767190582580113,16.666939157372624,0.4716933047146504,0.19586121613885477,26,26,18.741635257465234,0.3451713693283746,0.2449756413868992
1950,34.413053493387075,0.9653878017754858,0.4858949720080244,16.715066017681767,0.440041768112314,0.20095981493482637,26,26,18.741635257465234,0.3451713693283746,0.2449756413868992
1955,34.1564033329428,0.948167521479976,0.47912640055740924,16.450903159980488,0.43448390925821023,0.2007891298364877,26,26,18.741635257465234,0.3451713693283746,0.2449756413868992
1960,33.604188204799705,0.9229184528647205,0.47553843964612913,15.967133640841167,0.4351499960390157,0.19316944198459507,26,26,18.741635257465234,0.3451713693283746,0.2449756413868992
1965,32.87220419874855,0.9260778929705242,0.46617457592540124,15.528832760955565,0.4758225550726141,0.19252093723143518,26,26,18.741635257465234,0.3451713693283746,0.2449756413868992
1970,32.189489505455846,0.9473302129767117,0.47587741042887355,15.14661544686318,0.481951877464361,0.19230133715063652,26,26,18.741635257465234,0.3451713693283746,0.2449756413868992
1975,31.590204810855745,0.9521819768247636,0.48580084993993855,14.735768134377404,0.4717180330763038,0.1862331883614964,26,26,18.741635257465234,0.3451713693283746,0.2449756413868992
1980,31.449718810881592,0.965097238390411,0.504260624017933,14.583464630973776,0.47036413997714766,0.18654563490573656,26,26,18.741635257465234,0.3451713693283746,0.2449756413868992
1985,31.426555182590757,0.9658230550555117,0.5221796498066564,14.502987451213842,0.45904749250139437,0.1894190199566129,26,26,18.741635257465234,0.3451713693283746,0.2449756413868992
1990,31.83243739329573,0.9641096316320584,0.5332780069942773,14.550021901859475,0.43716931354141064,0.19081107429132108,26,26,18.741635257465234,0.3451713693283746,0.2449756413868992
1995,32.213668581781754,0.9640298116589926,0.5405360548561892,14.569109533349495,0.41384052606362787,0.1940559797065754,26,26,18.741635257465234,0.3451713693283746,0.2449756413868992
2000,32.59223799259259,0.9960748007774741,0.5376411062414216,14.601513841636741,0.4012127848617086,0.19515037375720204,26,26,18.741635257465234,0.3451713693283746,0.2449756413868992
2005,32.84691213185186,1.012115411147948,0.5358003991408111,14.477973519762864,0.3855885856682332,0.19820514750579646,26,26,18.741635257465234,0.3451713693283746,0.2449756413868992
2010,33.15938657601929,1.024043678108749,0.541911927627939,14.399913444408162,0.3655059754274962,0.19767804487811583,26,26,18.741635257465234,0.3451713693283746,0.2449756413868992
2015,33.48362332150251,1.0371848032370092,0.5523403593379659,14.424685840577622,0.3618051509957928,0.1945284336528423,26,26,18.741635257465234,0.3451713693283746,0.2449756413868992
2020,33.95055716808221,1.038429092986246,0.5460637087862881,14.583373982686453,0.36984995763406614,0.18871036239907404,26,26,18.741635257465234,0.3451713693283746,0.2449756413868992
2025,34.32660877323066,1.037811084126357,0.5457547904638551,14.711759189937878,0.3639234520048872,0.18858021113861292,26,26,18.741635257465234,0.3451713693283746,0.2449756413868992
2030,34.81879647916623,1.059224745859938,0.539176073848008,14.896961563277156,0.3481404816310598,0.18067190912548856,26,26,18.741635257465234,0.3451713693283746,0.2449756413868992
2035,35.31802772177896,1.0935100684340997,0.5463600817290694,15.003990313466057,0.36219985242818564,0.18323685344792506,26,26,18.741635257465234,0.3451713693283746,0.2449756413868992
2040,35.87232648524918,1.0967866472487298,0.5547271814676864,15.132851508630988,0.38806839428062,0.1843668490918232,26,26,18.741635257465234,0.3451713693283746,0.2449756413868992
2045,36.299058618551506,1.1305098811076728,0.5608025566306993,15.29681541103533,0.41704936062316367,0.178474945923607,26,26,18.741635257465234,0.3451713693283746,0.2449756413868992
2050,36.74357668652987,1.170210999210892,0.5632362103401564,15.534144027877591,0.4185139706321979,0.17932670849333268,26,26,18.741635257465234,0.3451713693283746,0.2449756413868992
2055,37.32861709490907,1.1823438282424474,0.5616854533703663,15.854153972561456,0.43380848741021505,0.18418691024855127,26,26,18.741635257465234,0.3451713693283746,0.2449756413868992
2060,38.20971028913994,1.1990208227484171,0.5772472075438702,16.38861120623615,0.44157797721733927,0.191552759484534,26,26,18.741635257465234,0.3451713693283746,0.2449756413868992
2065,39.0388743342332,1.2193324702895256,0.597452890923575,16.91178983985507,0.44363980163192107,0.19561625054752105,26,26,18.741635257465234,0.3451713693283746,0.2449756413868992
2070,39.65924555270155,1.2453161872341725,0.6194606657894506,17.295960260521383,0.45902978668800387,0.19709374925679404,26,26,18.741635257465234,0.3451713693283746,0.2449756413868992
2075,40.19099253858821,1.2675115434694848,0.6289325017297135,17.677013322450705,0.47095588517854514,0.20324557605281285,26,26,18.741635257465234,0.3451713693283746,0.2449756413868992
2080,40.6825019709203,1.291412688220442,0.6462560635345939,18.087502642862844,0.463500806978335,0.2062462646176223,26,26,18.741635257465234,0.3451713693283746,0.2449756413868992
2085,40.92258378373124,1.2782546745976553,0.6561791670477702,18.470322035762393,0.45163930499426413,0.21017728917812967,26,26,18.741635257465234,0.3451713693283746,0.2449756413868992
2090,41.265019505999284,1.2608580196782835,0.6681409065142409,18.826717426245782,0.4406697291352519,0.21977054840658702,26,26,18.741635257465234,0.3451713693283746,0.2449756413868992
2095,41.51617188283594,1.2308009256213737,0.6745481875192856,19.13541091529678,0.43691788677889076,0.22032776491596368,26,26,18.741635257465234,0.3451713693283746,0.2449756413868992
2100,41.75932313495106,1.1891859835810188,0.6798431251312492,19.3599022792108,0.41965466291904163,0.22349821988644913,26,26,18.741635257465234,0.3451713693283746,0.2449756413868992
2105,41.96431912413109,1.157671258445137,0.681305236113802,19.458319111396158,0.40399597305502816,0.22786670995653754,26,26,18.741635257465234,0.3451713693283746,0.2449756413868992
2110,41.9497319440619,1.1496884825980183,0.676364336246507,19.398062475652395,0.3855346067683843,0.2241018711669824,26,26,18.741635257465234,0.3451713693283746,0.2449756413868992
2115,41.54768751403431,1.1261891901408019,0.6699460014904352,19.183217622057747,0.3776406415983999,0.21626797324282093,26,26,18.741635257465234,0.3451713693283746,0.2449756413868992
2120,41.249706105525966,1.1005481536584876,0.6570460926006129,19.10330080298076,0.36753045551909447,0.2109547889908018,26,26,18.741635257465234,0.3451713693283746,0.2449756413868992
2125,41.2054139810061,1.0595800000321274,0.6589637638062744,19.043594943202883,0.3633881100888356,0.20786620446296422,26,26,18.741635257465234,0.3451713693283746,0.2449756413868992
2130,41.559459777699495,1.0453446980275998,0.6561826927213018,18.99804918880035,0.35367736954769485,0.2049663418678966,26,26,18.741635257465234,0.3451713693283746,0.2449756413868992
2135,42.17145946097553,1.0693997631048726,0.6607601758978854,18.90115721392994,0.3610825532533741,0.20013364173327444,26,26,18.741635257465234,0.3451713693283746,0.2449756413868992
2140,42.978308034065435,1.0795385772577448,0.666536363191419,18.988588720326103,0.35198471165456474,0.18743742239370142,26,26,18.741635257465234,0.3451713693283746,0.2449756413868992
2145,43.84186392309062,1.0985808533008514,0.6863045038409191,19.007512938838783,0.36548339398470603,0.1868907171685784,26,26,18.741635257465234,0.3451713693283746,0.2449756413868992
2150,44.79294566862077,1.1356751906515823,0.7002843312617201,19.120244491760268,0.3835863339608178,0.18532980035044988,26,26,18.741635257465234,0.3451713693283746,0.2449756413868992
2155,45.337982607229144,1.1743170155900786,0.7148797849247306,19.233152517230103,0.40057077676672914,0.1923299829523639,26,26,18.741635257465234,0.3451713693283746,0.2449756413868992
2160,45.687469513297984,1.2060545848594648,0.7313913385132185,19.471694187588906,0.40701495198527576,0.1968887068523997,26,26,18.741635257465234,0.3451713693283746,0.2449756413868992
2165,45.835098278413895,1.2299899829188432,0.732107544927132,19.61303824767713,0.4044872473749667,0.19584008581870377,26,26,18.741635257465234,0.3451713693283746,0.2449756413868992
2170,46.01427211597719,1.2683388734621657,0.7256031857361813,19.67459740239891,0.3985417040102798,0.1998671623359922,26,26,18.741635257465234,0.3451713693283746,0.2449756413868992
2175,46.26804498520979,1.3038733884702278,0.71933596376256,19.746962939866073,0.4215852296800331,0.20468184682918433,26,26,18.741635257465234,0.3451713693283746,0.2449756413868992
2180,46.29921332569354,1.3185846194274893,0.7148612251120862,19.793064710304176,0.4646711675681501,0.206910660173519,26,26,18.741635257465234,0.3451713693283746,0.2449756413868992
2185,46.47221581117634,1.3180645732088876,0.7154163115331359,19.872251103623388,0.4804344335121835,0.20640958650852434,26,26,18.741635257465234,0.3451713693283746,0.2449756413868992
2190,46.69221312405575,1.3405242231983805,0.7159648431595795,19.775405906292818,0.4689402499007022,0.20214474139550576,26,26,18.741635257465234,0.3451713693283746,0.2449756413868992
2195,46.77873386241595,1.350667162450133,0.7168966528158072,19.646675109486015,0.4759330455537398,0.2029000646614863,26,26,18.741635257465234,0.3451713693283746,0.2449756413868992
2200,46.785940952851284,1.3527252634705964,0.7098840334170026,19.46730267811713,0.45534451725704284,0.20115523525559126,26,26,18.741635257465234,0.3451713693283746,0.2449756413868992
2205,46.76193605472001,1.349430512257775,0.7016727153053817,19.327745316606105,0.4497996958705844,0.19810733274184,26,26,18.741635257465234,0.3451713693283746,0.2449756413868992
2210,47.03379152551689,1.3868498398523272,0.7097785868487253,19.268001628212698,0.4511779495230056,0.1962504255064038,26,26,18.741635257465234,0.3451713693283746,0.2449756413868992
2215,47.080337908081106,1.3946167854673854,0.7309120580431369,19.272933622982386,0.43111222520609643,0.20181341172885695,26,26,18.741635257465234,0.3451713693283746,0.2449756413868992
2220,47.03037777595139,1.347260838302401,0.7438339286228973,19.33409381743794,0.3932018218361755,0.21157425758019935,26,26,18.741635257465234,0.3451713693283746,0.2449756413868992
2225,46.872821037471944,1.3353757073954755,0.7608779276530344,19.43975828947351,0.37394308122035774,0.21187238935503305,26,26,18.741635257465234,0.3451713693283746,0.2449756413868992
2230,46.912954886409,1.334957793212656,0.7680773199753745,19.508547528606186,0.36064224620894425,0.21784455705652647,26,26,18.741635257465234,0.3451713693283746,0.2449756413868992
2235,47.01449140933773,1.3303250116430967,0.7761376537925601,19.66960658177876,0.3623440332994796,0.2232961563542119,26,26,18.741635257465234,0.3451713693283746,0.2449756413868992
2240,47.217517079258414,1.3369064995962743,0.7840103029744847,19.633245021836373,0.3727556937142657,0.223655957308519,26,26,18.741635257465234,0.3451713693283746,0.2449756413868992
2245,47.52398077058976,1.3622851992632454,0.7816569359483917,19.7005698370718,0.39457469041167,0.22449015210900278,26,26,18.741635257465234,0.3451713693283746,0.2449756413868992
2250,47.82802840923136,1.388151188998017,0.7884314030747614,19.81297169651214,0.4114177695717051,0.2248358593131792,26,26,18.741635257465234,0.3451713693283746,0.2449756413868992
2255,47.81652309974078,1.3988469872841398,0.7937604479049865,19.8986428044808,0.4369667959362731,0.22887650032002274,26,26,18.741635257465234,0.3451713693283746,0.2449756413868992
2260,47.414647882476274,1.4272616035572843,0.7915242940764248,19.695156487993366,0.4412559684173649,0.2181070426241618,26,26,18.741635257465234,0.3451713693283746,0.2449756413868992
2265,47.109909160842655,1.4246116046259072,0.7972871604428845,19.490486130811053,0.44293795206742015,0.22712377647526458,26,26,18.741635257465234,0.3451713693283746,0.2449756413868992
2270,46.46839910417312,1.4238996230958165,0.7904666037045665,19.179254059011747,0.4689480354820289,0.23762501860180696,26,26,18.741635257465234,0.3451713693283746,0.2449756413868992
2275,46.063221908693485,1.3957928842071572,0.7917087091969492,18.902231517695757,0.4759873018889115,0.24138909775125916,26,26,18.741635257465234,0.3451713693283746,0.2449756413868992
2280,45.50568944073547,1.3941732755229668,0.7752177286087558,18.563553049003378,0.48137619064905723,0.24374667797441596,26,26,18.741635257465234,0.3451713693283746,0.2449756413868992
2285,45.30317589588957,1.38632478640385,0.7700359149301748,18.408931179290093,0.4974287452455387,0.24163632741416544,26,26,18.741635257465234,0.3451713693283746,0.2449756413868992
2290,45.16067864583497,1.4039238124471791,0.7575588078945983,18.2716322731828,0.5233267468315669,0.23680690175874863,26,26,18.741635257465234,0.3451713693283746,0.2449756413868992
2295,45.10145084183638,1.371226754917774,0.7594089609672303,18.36360180227669,0.5049417204895766,0.2255214997460516,26,26,18.741635257465234,0.3451713693283746,0.2449756413868992
2300,45.4202552817859,1.3809519067824745,0.754818467127967,18.639080035764362,0.4674429075910658,0.2226063492493945,26,26,18.741635257465234,0.3451713693283746,0.2449756413868992
2305,46.00666126840543,1.3975111369046918,0.7648052947292557,19.246116260050037,0.4430860050078548,0.21603597355389798,26,26,18.741635257465234,0.3451713693283746,0.2449756413868992
2310,46.85576285612929,1.3937618044272346,0.7761457055919113,19.90096314389142,0.43046576401547687,0.22638696022248644,26,26,18.741635257465234,0.3451713693283746,0.2449756413868992
2315,47.69760011879094,1.3758781673652962,0.789684476874541,20.553268230009795,0.41201571792234665,0.23189609965195668,26,26,18.741635257465234,0.3451713693283746,0.2449756413868992
2320,48.416982056535254,1.3383186425312832,0.800200066396051,20.96646539709689,0.3868122881609676,0.2389340861168215,26,26,18.741635257465234,0.3451713693283746,0.2449756413868992
2325,48.82648482540384,1.3049377767907973,0.7996052003157623,21.265788444747415,0.37215523203377476,0.24382501330469974,26,26,18.741635257465234,0.3451713693283746,0.2449756413868992
2330,48.952874898731544,1.2476848746005926,0.8071316039836369,21.320953448080388,0.35126784656981014,0.24697066544492072,26,26,18.741635257465234,0.3451713693283746,0.2449756413868992
2335,49.01656533868581,1.2275061605131423,0.7982450205607206,21.31508868649792,0.333678588038216,0.2644437526069725,26,26,18.741635257465234,0.3451713693283746,0.2449756413868992
2340,49.11123852182077,1.2362687195078153,0.8108630721163377,21.376095088706265,0.3324888934315527,0.27188817523610787,26,26,18.741635257465234,0.3451713693283746,0.2449756413868992
2345,49.63839727616067,1.281758105385212,0.812944520897588,21.652298606407662,0.37530902058776194,0.2688254729312082,26,26,18.741635257465234,0.3451713693283746,0.2449756413868992
2350,50.0791200773255,1.3391035859609326,0.8175589469596549,21.954505145236787,0.4259478102987803,0.2709194879760211,26,26,18.741635257465234,0.3451713693283746,0.2449756413868992
2355,50.70696775057295,1.366459271187049,0.8269817093159917,22.23767964624076,0.44221939734941534,0.27500953602049244,26,26,18.741635257465234,0.3451713693283746,0.2449756413868992
2360,51.17461889720239,1.4178535125820324,0.822961701944157,22.54367531339824,0.4818143214855072,0.2767793735513957,26,26,18.741635257465234,0.3451713693283746,0.2449756413868992
2365,51.882375294550684,1.495035418987011,0.840662298599609,23.13446809116095,0.533262776583238,0.28179589999098265,26,26,18.741635257465234,0.3451713693283746,0.2449756413868992
2370,52.29372742824956,1.5477558234133524,0.855714647661767,23.67383162280527,0.5672737268618981,0.2909809364042273,26,26,18.741635257465234,0.3451713693283746,0.2449756413868992
2375,53.05424867144782,1.5734653740971012,0.8874516691433284,24.264318402043706,0.6025862075462277,0.3025636451603468,26,26,18.741635257465234,0.3451713693283746,0.2449756413868992
2380,54.13381156509046,1.591629826119282,0.8986748247861851,24.87725391025376,0.6274230438144425,0.31388855033337937,26,26,18.741635257465234,0.3451713693283746,0.2449756413868992
2385,55.44792667517945,1.5770491441683565,0.9224520656163281,25.54324861948476,0.6665551546838133,0.32658121575839427,26,26,18.741635257465234,0.3451713693283746,0.2449756413868992
2390,56.88276883776528,1.5419177389377843,0.9315562305155362,25.982381585014743,0.6398262061397267,0.32306521741058397,26,26,18.741635257465234,0.3451713693283746,0.2449756413868992
2395,58.59304574134846,1.5346930079664887,0.9499282393882392,26.388821818355865,0.6191456405135656,0.32028228498353806,26,26,18.741635257465234,0.3451713693283746,0.2449756413868992
2400,60.65305370416892,1.563167139768303,0.9903947813807049,26.87819800720884,0.6269444732940892,0.3183038421042166,26,26,18.741635257465234,0.3451713693283746,0.2449756413868992
2405,62.51971767810505,1.6308523667984793,1.0157586143537456,27.521904519330878,0.6348634279661516,0.32873867250877364,26,26,18.741635257465234,0.3451713693283746,0.2449756413868992
2410,63.831426982786326,1.6852717595339977,1.0320679121860374,27.983025648839007,0.6309782189647686,0.32602536080609595,26,26,18.741635257465234,0.3451713693283746,0.2449756413868992
2415,65.00567275297483,1.7313317436858982,1.0548189628549243,28.41042424303723,0.6208110868460684,0.31467065900648494,26,26,18.741635257465234,0.3451713693283746,0.2449756413868992
2420,65.73632067739611,1.7240619216752477,1.0734031938990842,28.834654826579634,0.6245035701917716,0.3261319687466526,26,26,18.741635257465234,0.3451713693283746,0.2449756413868992
2425,66.01602638642632,1.718401480971209,1.0777407297077823,29.087792811122647,0.6076317556523735,0.3352230065899565,26,26,18.741635257465234,0.3451713693283746,0.2449756413868992
2430,66.24886241376836,1.7329641686565698,1.0850288364768592,29.218505159576416,0.5768447452347503,0.343573900875027,26,26,18.741635257465234,0.3451713693283746,0.2449756413868992
2435,66.541039119938,1.7604695969452853,1.0885580308879337,29.376325624673438,0.5706485574372794,0.3482864633449595,26,26,18.741635257465234,0.3451713693283746,0.2449756413868992
2440,66.51613785715017,1.8014798227655837,1.0672710561542333,29.56185709170483,0.5852020432737514,0.34344247184648174,26,26,18.741635257465234,0.3451713693283746,0.2449756413868992
2445,66.87215518805343,1.9038141741936545,1.0640765124461402,29.634824405416797,0.6156763459184046,0.34351563468879787,26,26,18.741635257465234,0.3451713693283746,0.2449756413868992
2450,67.4571967306593,1.9655867968863503,1.0638829658637896,29.684256685481454,0.6299529850665406,0.33752824136392223,26,26,18.741635257465234,0.3451713693283746,0.2449756413868992
2455,68.05408192328353,1.9900214015374063,1.0622202961416767,29.77234937394857,0.6475735113264419,0.33987067608965776,26,26,18.741635257465234,0.3451713693283746,0.2449756413868992
2460,69.17713293323163,2.035696723388564,1.0783363193580353,30.1452015717152,0.6836694653641154,0.34620255111825576,26,26,18.741635257465234,0.3451713693283746,0.2449756413868992
2465,70.68169231259026,2.110336765413867,1.1163138749582127,30.672039214317874,0.7144764311959164,0.3385538873463618,26,26,18.741635257465234,0.3451713693283746,0.2449756413868992
2470,71.78574439185276,2.168192074869454,1.1421824893078258,31.06581803416708,0.7361503039434535,0.3485083293701723,26,26,18.741635257465234,0.3451713693283746,0.2449756413868992
2475,72.46449954181526,2.2053249481223975,1.162823821351593,31.44746365484218,0.7886469730268054,0.38098837623454584,26,26,18.741635257465234,0.3451713693283746,0.2449756413868992
2480,73.05338588887847,2.2403254693036665,1.196978292390448,31.66128069706568,0.8026483773516825,0.40350402926532514,26,26,18.741635257465234,0.3451713693283746,0.2449756413868992
2485,73.31867787303506,2.25798135367761,1.1953961735704066,31.653283309454405,0.7968780070630564,0.40774633522121556,26,26,18.741635257465234,0.3451713693283746,0.2449756413868992
2490,73.80051610541379,2.2417290405936336,1.2097240626930263,31.73133575560022,0.7924382044882268,0.396859262862925,26,26,18.741635257465234,0.3451713693283746,0.2449756413868992
2495,75.01622561817177,2.27535047577792,1.210629652501706,32.13464066794547,0.8368223806175149,0.3811302120808548,26,26,18.741635257465234,0.3451713693283746,0.2449756413868992
2500,76.75837979116115,2.3269300319944706,1.2257950429427313,32.603644151412695,0.8633724078383678,0.3706615290404319,26,26,18.741635257465234,0.3451713693283746,0.2449756413868992
2505,79.0516132398824,2.3859223756141694,1.2325301978963197,33.36777932632819,0.8732292730411501,0.3674959779256322,26,26,18.741635257465234,0.3451713693283746,0.2449756413868992
2510,81.4959390739286,2.4265440615099263,1.2526078256613018,34.26051780130753,0.9038117298302211,0.36194387724091615,26,26,18.741635257465234,0.3451713693283746,0.2449756413868992
2515,83.73710480706245,2.4324459837127317,1.278154505631221,35.18349322296011,0.9177663045020035,0.3557349738770268,26,26,18.741635257465234,0.3451713693283746,0.2449756413868992
2520,85.46387539825939,2.4755964419855254,1.3071904082020955,35.86073630587719,0.8826907475646794,0.3483172024601472,26,26,18.741635257465234,0.3451713693283746,0.2449756413868992
2525,87.02531586707079,2.4939329648553055,1.3347410966597975,36.28081213995594,0.8357612847212698,0.36193519866103285,26,26,18.741635257465234,0.3451713693283746,0.2449756413868992
2530,87.74905843295907,2.478696040839316,1.3573750299363572,36.66548540274324,0.8070077156608808,0.3757766848115451,26,26,18.741635257465234,0.3451713693283746,0.2449756413868992
2535,88.33612448589172,2.4824470515889296,1.3705995333483245,37.02713866421361,0.7961157752820214,0.39984957033428914,26,26,18.741635257465234,0.3451713693283746,0.2449756413868992
2540,88.62865293140183,2.5386282433050136,1.3764333843600298,37.21895292948699,0.7734427732687745,0.4177754689003775,26,26,18.741635257465234,0.3451713693283746,0.2449756413868992
2545,88.12565282944891,2.528864351890089,1.3845037132320583,36.85937968339407,0.6767004968570032,0.41770109079678963,26,26,18.741635257465234,0.3451713693283746,0.2449756413868992
2550,87.75817814300225,2.4892285122385034,1.3703399600778823,36.42574458097468,0.6241604899195331,0.41175891011553617,26,26,18.741635257465234,0.3451713693283746,0.2449756413868992
2555,87.22133305507525,2.5239310729685966,1.3246725477306753,35.833658834963764,0.6043114312271687,0.38699017508057215,26,26,18.741635257465234,0.3451713693283746,0.2449756413868992
2560,87.17356319232195,2.5512931389790645,1.2817327123958473,35.44231998870929,0.602078329797765,0.37303832621149596,26,26,18.741635257465234,0.3451713693283746,0.2449756413868992
2565,87.48685765117752,2.6031387696973245,1.2581409991406045,35.219511477174635,0.607432887393692,0.3636050139026582,26,26,18.741635257465234,0.3451713693283746,0.2449756413868992
2570,88.67091144948301,2.650531525660546,1.2684845113435526,35.395652674737754,0.625521232698941,0.36113378067755136,26,26,18.741635257465234,0.3451713693283746,0.2449756413868992
2575,89.51622604408064,2.7342599262374185,1.2739617140810426,35.596656356747715,0.6519552068091654,0.35092458430646456,26,26,18.741635257465234,0.3451713693283746,0.2449756413868992
2580,90.22200317606264,2.781685965561689,1.2957915204619308,35.93956354914928,0.6615330494913619,0.347511093495128,26,26,18.741635257465234,0.3451713693283746,0.2449756413868992
2585,90.56315514149105,2.8471924571364853,1.2952972603124306,36.15842785793167,0.7058004694025057,0.34659537463985357,26,26,18.741635257465234,0.3451713693283746,0.2449756413868992
2590,90.0018615455186,2.8809894622830514,1.2947561565642625,36.16658991305429,0.775223972901676,0.3568497005592791,26,26,18.741635257465234,0.3451713693283746,0.2449756413868992
2595,89.84695741427063,2.963940828867186,1.2859658913705099,36.08235612768522,0.8048528362452103,0.3662725473936542,26,26,18.741635257465234,0.3451713693283746,0.2449756413868992
2600,89.92354531756065,3.0830307690303127,1.2806501815042695,35.928092966130244,0.846683522747482,0.35420389693539506,26,26,18.741635257465234,0.3451713693283746,0.2449756413868992
2605,90.46922696517414,3.164833492530405,1.2727399503810004,35.89498788703258,0.8748457348962502,0.33236020737611643,26,26,18.741635257465234,0.3451713693283746,0.2449756413868992
2610,91.07353748546277,3.217147162109086,1.28380344530265,36.066754460263965,0.8746719859922057,0.32371957129815626,26,26,18.741635257465234,0.3451713693283746,0.2449756413868992
2615,92.65159967373052,3.2937170913168696,1.2966189497053857,36.576741961975394,0.8502165978733341,0.3234586943327616,26,26,18.741635257465234,0.3451713693283746,0.2449756413868992
2620,94.55992092158058,3.370200958859752,1.3037360195574577,37.019714931607254,0.8804920354734316,0.31261806479126814,26,26,18.741635257465234,0.3451713693283746,0.2449756413868992
2625,96.4549821468254,3.3814330725854664,1.3413639235332218,37.53642423660179,0.9264281992968625,0.31120079334056644,26,26,18.741635257465234,0.3451713693283746,0.2449756413868992
2630,98.74921025785918,3.420635704961984,1.375350501553113,38.4192144527898,0.9260417830605392,0.3176271947114855,26,26,18.741635257465234,0.3451713693283746,0.2449756413868992
2635,100.89821647987935,3.524789442788348,1.4091861345890546,39.30875022135765,0.8970046745635993,0.3399214401617655,26,26,18.741635257465234,0.3451713693283746,0.2449756413868992
2640,102.14752461786969,3.5664163727394347,1.4237416196850992,39.94138110030289,0.969312480835121,0.34318364795848627,26,26,18.741635257465234,0.3451713693283746,0.2449756413868992
2645,101.63902148759735,3.5536500370928645,1.3896274805733242,40.17689847099876,1.0502749596051173,0.3217931412801034,26,26,18.741635257465234,0.3451713693283746,0.2449756413868992
2650,100.87523582937044,3.4561271608677133,1.3586119272355024,40.17772207629282,1.1009848362885055,0.3163740589912989,26,26,18.741635257465234,0.3451713693283746,0.2449756413868992
2655,100.3564130916918,3.4604395534134675,1.3355968003753345,40.136352024012346,1.0953845102748418,0.2929345720930114,26,26,18.741635257465234,0.3451713693283746,0.2449756413868992
2660,99.30676389531747,3.443754299022571,1.3222457081827719,39.66806278430136,1.0976267049143613,0.29264482752975984,26,26,18.741635257465234,0.3451713693283746,0.2449756413868992
2665,97.73809073208531,3.444630792198391,1.282768873197823,38.79350315161241,1.1335487739734222,0.2795490540945447,26,26,18.741635257465234,0.3451713693283746,0.2449756413868992
2670,95.51793768154492,3.4749320452112418,1.260187266463343,37.99807618433074,1.1508633256217484,0.2753229900861396,26,26,18.741635257465234,0.3451713693283746,0.2449756413868992
2675,92.91125724013969,3.4989843149245465,1.2067108445555097,37.00470421806826,1.1740541779108382,0.25745900780642694,26,26,18.741635257465234,0.3451713693283746,0.2449756413868992
2680,89.69990913838888,3.5060817009331617,1.1177090700289938,35.68347094640551,1.2024967790515149,0.246472101046679,26,26,18.741635257465234,0.3451713693283746,0.2449756413868992
2685,86.54366629016418,3.4906622237472664,1.0828902809646848,34.506195880147175,1.216591339455923,0.2633829062156608,26,26,18.741635257465234,0.3451713693283746,0.2449756413868992
2690,82.18963067780653,3.5305298524527395,1.033873955377782,32.76833035327753,1.2230008494904965,0.26980467588683643,26,26,18.741635257465234,0.3451713693283746,0.2449756413868992
2695,78.6512422710766,3.548429871410479,0.9684679013725408,31.311105029598313,1.2606245434172012,0.25795116697077564,26,26,18.741635257465234,0.3451713693283746,0.2449756413868992
2700,75.23730280743827,3.5849133369451724,0.9187998865221564,29.703481442009345,1.3127888666668526,0.2350058392381161,26,26,18.741635257465234,0.3451713693283746,0.2449756413868992
2705,71.77798941715959,3.6136251453821697,0.8744842777045237,28.096610071260265,1.3065165797209932,0.2220310893097351,26,26,18.741635257465234,0.3451713693283746,0.2449756413868992
2710,68.18815009641172,3.5954815939263893,0.8224763740504617,26.055809230369846,1.313479728332869,0.19958340230090546,26,26,18.741635257465234,0.3451713693283746,0.2449756413868992
2715,66.269458042161,3.5742660154146595,0.8072430198280837,25.116383645658672,1.2953182461176447,0.19804372441326903,26,26,18.741635257465234,0.3451713693283746,0.2449756413868992
2720,65.74104100000893,3.549437210352194,0.8117183117045361,24.229934767535173,1.317861833440916,0.17749314353956588,26,26,18.741635257465234,0.3451713693283746,0.2449756413868992
2725,64.58860292597883,3.6075895405628287,0.7906684558297595,23.705691715404942,1.3380413244347917,0.16457389538729003,26,26,18.741635257465234,0.3451713693283746,0.2449756413868992
2730,64.46756103973088,3.68017957329986,0.8283719767629582,23.522275576837025,1.3990559451527051,0.1803915286235932,26,26,18.741635257465234,0.3451713693283746,0.2449756413868992
2735,64.82792478120277,3.90884877169098,0.8400217334467311,23.795838414423724,1.4232055352850983,0.2090911429755877,26,26,18.741635257465234,0.3451713693283746,0.2449756413868992
2740,61.039721448244705,3.778209527002893,0.7887080156735544,23.088652388718213,1.3238075151292104,0.19973699249750645,26,26,18.741635257465234,0.3451713693283746,0.2449756413868992
2745,56.550723288302784,3.6102141958760137,0.7093291190465094,22.01504818001901,1.178290202391892,0.17039898841840379,26,26,18.741635257465234,0.3451713693283746,0.2449756413868992
2750,54.33091266574489,3.4731878038713973,0.6622571825180809,21.408338851782766,1.0360935008310455,0.16699889983139451,26,26,18.741635257465234,0.3451713693283746,0.2449756413868992
2755,55.00270934315127,3.0443749912768876,0.6581465972141726,21.357021492029705,1.0292823229528365,0.1647451438102482,26,26,18.741635257465234,0.3451713693283746,0.2449756413868992
2760,56.12109676517776,2.746279331219472,0.6662512369755224,21.356427831096507,0.8695324842392727,0.14897357094445987,26,26,18.741635257465234,0.3451713693283746,0.2449756413868992
2765,60.48530151310354,2.5016737557636786,0.6653392700836008,22.139841102191557,0.6869501179242835,0.15491323410855867,26,26,18.741635257465234,0.3451713693283746,0.2449756413868992
2770,65.07874340301176,2.2421917618701217,0.624648889809862,23.536703281849963,0.5203615920362332,0.16486401333800213,26,26,18.741635257465234,0.3451713693283746,0.2449756413868992
2775,70.56182558346059,1.8295772990808095,0.6880242394524684,25.228881536151913,0.2536831237611222,0.17616865767602424,26,26,18.741635257465234,0.3451713693283746,0.2449756413868992
2780,77.53079245817082,1.6301135527129724,0.781112033740508,27.299055740724842,0.2350903397535265,0.1767272469166734,26,26,18.741635257465234,0.3451713693283746,0.2449756413868992
2785,82.61919809184064,1.1810310918146487,0.8555387276271272,29.232220534279968,0.3503480797543771,0.18564864176622614,26,26,18.741635257465234,0.3451713693283746,0.2449756413868992
2790,87.1122232910031,0.8598701065181115,0.8978212557806998,31.1756750746592,0.48917696689923607,0.21867328372652825,26,26,18.741635257465234,0.3451713693283746,0.2449756413868992
2795,88.524144948702,0.9317845502880282,0.9012787101926755,31.83853295186669,0.44153118076069975,0.28023312302479325,26,26,18.741635257465234,0.3451713693283746,0.2449756413868992
2800,85.91852689611714,0.9015344117909949,0.9434711333627541,30.779280625260668,0.4035387539577592,0.3825665273218328,26,26,18.741635257465234,0.3451713693283746,0.2449756413868992
2805,80.64468560042579,0.7434212862897045,0.9165832454899435,26.439103938360805,0.11869393796493323,0.47160106762643456,26,26,18.741635257465234,0.3451713693283746,0.2449756413868992
2810,73.63460397263384,0.9501539838843269,0.8007861321055778,21.8290625062955,0.1723840115640522,0.5056605957581926,26,26,18.741635257465234,0.3451713693283746,0.2449756413868992
2815,49.88111825767882,1.3570225317029303,0.2951844774484742,12.479893601722049,0.10485586191295809,0.2830952204622562,26,26,18.741635257465234,0.3451713693283746,0.2449756413868992
