date,start,past_start,future_start,component,cosine,positive_cosine,incoming_speed,outgoing_speed,erse_outgoing_cosine,outgoing_erse_attributed_fraction,outgoing_residual_energy_fraction,residual_cosine,positive_correlation_fraction,all_correlations_positive,erse_rotations
2001-02-15,42,0,84,market_1,0.1697448264095231,True,0.12587363695854847,0.11742081847895101,-0.09115343565923442,0.008308948832482344,0.9916910511675177,0.18981682654045692,0.9048114735137636,False,123
2001-02-15,42,0,84,block_2_3,0.166976933777785,True,0.3171417359923892,0.5227919052401313,0.055217880662984054,0.0030490143449114493,0.9969509856550886,0.1580520696096389,0.9048114735137636,False,123
2001-02-15,42,0,84,block_4_6,0.5098862736566463,True,1.1801564712797465,1.464984665138572,-0.03501172550463625,0.001225820922811982,0.998774179077188,0.5099724445175867,0.9048114735137636,False,123
2001-02-15,42,0,84,top_3,0.1439018044549981,True,0.3146353094542081,0.5322375145134212,-0.02735068522751164,0.0007480599824143397,0.9992519400175857,0.145355120846628,0.9048114735137636,False,123
2001-02-15,42,0,84,top_6,0.5011035627483326,True,1.2126711417602012,1.5249297351110591,-0.0060571732126064246,3.6689347327256705e-05,0.9999633106526727,0.5012322788735927,0.9048114735137636,False,123
2001-02-15,42,0,84,flag_nested,0.43218626445448,True,0.5421603527948343,0.7041176668249813,-0.019823653957140006,0.00039297725621223467,0.9996070227437878,0.43360043356121697,0.9048114735137636,False,123
2001-03-07,56,14,98,market_1,0.009671932827593455,True,0.12628306068901704,0.10706030448937895,-0.08851676606772639,0.00783521787508834,0.9921647821249117,0.019750566547277724,0.9148739301411057,False,123
2001-03-07,56,14,98,block_2_3,0.0962237291664738,True,0.41493126533320607,0.5064579916633629,,0.0,1.0,0.0962237291664738,0.9148739301411057,False,123
2001-03-07,56,14,98,block_4_6,-0.333980235928024,False,1.4386282930845065,0.9074672205992228,-0.023174609080239158,0.0005370625060219236,0.9994629374939781,-0.33427744484257627,0.9148739301411057,False,123
2001-03-07,56,14,98,top_3,0.09935576772743268,True,0.41092149760104485,0.5172975066921769,-0.017184669920806608,0.00029531288028727953,0.9997046871197127,0.09999932201105599,0.9148739301411057,False,123
2001-03-07,56,14,98,top_6,-0.307903848781176,False,1.457929820569704,1.0080909002307126,-0.0058618511088366215,3.436129842182556e-05,0.9999656387015782,-0.30786769639483264,0.9148739301411057,False,123
2001-03-07,56,14,98,flag_nested,-0.20111611970660886,False,0.6530641602718802,0.5196492626076434,-0.021099361656857787,0.00044518306232688154,0.9995548169376731,-0.20067715587460505,0.9148739301411057,False,123
2001-03-27,70,28,112,market_1,0.13089341118454717,True,0.11095419474408637,0.09085935103974514,-0.17925535119224453,0.03213248093105503,0.967867519068945,0.16022663814507743,0.9306037473976405,False,120
2001-03-27,70,28,112,block_2_3,0.02646665243542892,True,0.40780473439664056,0.4930890183245061,,0.0,1.0,0.02646665243542892,0.9306037473976405,False,120
2001-03-27,70,28,112,block_4_6,-0.2690594852287443,False,1.0729336233339666,0.9782791799870579,0.005207645649273906,2.711957320855607e-05,0.9999728804267914,-0.2692126836804184,0.9306037473976405,False,120
2001-03-27,70,28,112,top_3,0.03181429484866185,True,0.41749163358585273,0.4994915465509995,-0.030041234096259035,0.00090247574602631,0.9990975242539737,0.03284963552576044,0.9306037473976405,False,120
2001-03-27,70,28,112,top_6,-0.2186662138397791,False,1.117710859209904,1.0307260246479553,-0.015275785576605014,0.00023334962498233747,0.9997666503750177,-0.21858082908568588,0.9306037473976405,False,120
2001-03-27,70,28,112,flag_nested,-0.14059891197174426,False,0.527848004165966,0.5181557484750727,-0.037681625326076454,0.0014199048872147735,0.9985800951127852,-0.13951378462737968,0.9306037473976405,False,120
2001-04-16,84,42,126,market_1,0.06303439182959387,True,0.11742081847895088,0.08137660247139968,-0.20060431780710217,0.040242092322852696,0.9597579076771473,0.09999050731378059,0.9388156372889197,False,119
2001-04-16,84,42,126,block_2_3,0.3296155818246076,True,0.5227919052401311,0.28816044192314544,,0.0,1.0,0.3296155818246076,0.9388156372889197,False,119
2001-04-16,84,42,126,block_4_6,0.327961262377521,True,1.464984665138573,1.2881583108821146,0.011135106315402408,0.000123990592655443,0.9998760094073446,0.3278017317188628,0.9388156372889197,False,119
2001-04-16,84,42,126,top_3,0.3107451679230539,True,0.5322375145134213,0.2977794686453461,-0.05643782603946434,0.0031852282080608862,0.9968147717919391,0.3136087763872776,0.9388156372889197,False,119
2001-04-16,84,42,126,top_6,0.3303782486798355,True,1.5249297351110587,1.3174134279426066,-0.012527294163112873,0.0001569330990490725,0.9998430669009509,0.33053000938948046,0.9388156372889197,False,119
2001-04-16,84,42,126,flag_nested,0.3177600281681502,True,0.7041176668249813,0.5704758646071465,-0.03531905655131065,0.001247435755674653,0.9987525642443253,0.31930863831649525,0.9388156372889197,False,119
2001-05-04,98,56,140,market_1,0.05168761444671921,True,0.10706030448937905,0.0839207234249158,-0.04171753867658642,0.0017403530332325001,0.9982596469667675,0.060590936467432216,0.9439046958130928,False,121
2001-05-04,98,56,140,block_2_3,0.1819654927453343,True,0.5064579916633629,0.6648903050143262,,0.0,1.0,0.1819654927453343,0.9439046958130928,False,121
2001-05-04,98,56,140,block_4_6,0.17976314232414414,True,0.9074672205992231,1.1970212336737818,0.0029024820978721835,8.424402328399694e-06,0.9999915755976716,0.179835188388926,0.9439046958130928,False,121
2001-05-04,98,56,140,top_3,0.17822583134515876,True,0.517297506692177,0.6693504795912957,-0.0040746086599243135,1.660243573176068e-05,0.9999833975642682,0.17853026694082513,0.9439046958130928,False,121
2001-05-04,98,56,140,top_6,0.1592059839633455,True,1.0080909002307124,1.1311106983196322,-0.004106706093934505,1.686503494191527e-05,0.9999831349650581,0.15926961363878164,0.9439046958130928,False,121
2001-05-04,98,56,140,flag_nested,0.16234977669269565,True,0.5196492626076433,0.607964865738184,-0.00695989826355943,4.844018383909354e-05,0.9999515598161609,0.16283785093202732,0.9439046958130928,False,121
2001-05-24,112,70,154,market_1,0.18632580607908278,True,0.09085935103974521,0.0782608211117022,-0.09971488849225407,0.009943058987022524,0.9900569410129775,0.17979337861825637,0.950381679389313,False,121
2001-05-24,112,70,154,block_2_3,0.11054521829792363,True,0.493089018324506,0.657933945534391,,0.0,1.0,0.11054521829792363,0.950381679389313,False,121
2001-05-24,112,70,154,block_4_6,0.1222967813640959,True,0.9782791799870577,0.8597328741623573,-0.011553681446995314,0.0001334875549785508,0.9998665124450214,0.1222560715132538,0.950381679389313,False,121
2001-05-24,112,70,154,top_3,0.10770693585144568,True,0.4994915465509996,0.6618898361443041,-0.0126275016565356,0.00015945379808601778,0.999840546201914,0.10756267311000227,0.950381679389313,False,121
2001-05-24,112,70,154,top_6,0.1366933633432253,True,1.0307260246479542,0.8153594102012097,-0.009513812366078867,9.051262573689378e-05,0.9999094873742631,0.13664232572538282,0.950381679389313,False,121
2001-05-24,112,70,154,flag_nested,0.12171624868600756,True,0.5181557484750725,0.5127955757272091,-0.01892025841514419,0.0003579761784958668,0.9996420238215041,0.12144131924212213,0.950381679389313,False,121
2001-06-13,126,84,168,market_1,0.12759142057498105,True,0.08137660247139969,0.09575429602811059,-0.010331787886234168,0.00010674584092629225,0.9998932541590737,0.12744324734435866,0.9455239417071478,False,118
2001-06-13,126,84,168,block_2_3,0.06547776243367764,True,0.2881604419231454,0.7230510513711543,,0.0,1.0,0.06547776243367764,0.9455239417071478,False,118
2001-06-13,126,84,168,block_4_6,-0.4315838732659089,False,1.2881583108821135,1.229475797806921,-0.013536436730758135,0.00018323511936568782,0.9998167648806343,-0.43178217204362807,0.9455239417071478,False,118
2001-06-13,126,84,168,top_3,0.06477635536402034,True,0.2977794686453464,0.7274010295933687,-0.0023156739640615644,5.362345907866661e-06,0.9999946376540921,0.06476336907321915,0.9455239417071478,False,118
2001-06-13,126,84,168,top_6,-0.46676171510713327,False,1.3174134279426064,1.1111971511181413,-6.824991799004885e-05,4.658051278028097e-09,0.9999999953419487,-0.4667626525204161,0.9455239417071478,False,118
2001-06-13,126,84,168,flag_nested,-0.3032232505713274,False,0.5704758646071465,0.6255660017945207,-0.0020414424961824806,4.1674874651231875e-06,0.9999958325125349,-0.303232627337729,0.9455239417071478,False,118
2001-07-03,140,98,182,market_1,0.13214283044319788,True,0.08392072342491577,0.0892509825093489,-0.048064318791374266,0.002310178740878799,0.9976898212591212,0.13598755961451306,0.9479528105482304,False,117
2001-07-03,140,98,182,block_2_3,0.6912104474572186,True,0.664890305014326,0.8170251518571042,,0.0,1.0,0.6912104474572186,0.9479528105482304,False,117
2001-07-03,140,98,182,block_4_6,0.062432578081026376,True,1.197021233673782,1.117795246643085,-0.00017891037366226308,3.2008921957427106e-08,0.999999967991078,0.06243343332299942,0.9479528105482304,False,117
2001-07-03,140,98,182,top_3,0.6830525871494145,True,0.6693504795912956,0.8202686930769331,-0.0048655926681719945,2.3673992012640532e-05,0.9999763260079874,0.683125918908226,0.9479528105482304,False,117
2001-07-03,140,98,182,top_6,-0.3323568608410245,False,1.1311106983196324,0.875962788208996,-0.004990194408296549,2.490204023253284e-05,0.9999750979597675,-0.3323396156125704,0.9479528105482304,False,117
2001-07-03,140,98,182,flag_nested,0.19491911673428142,True,0.607964865738184,0.6001092527315981,-0.008637675345802627,7.460943537940246e-05,0.9999253905646206,0.19504085906011168,0.9479528105482304,False,117
2001-07-23,154,112,196,market_1,0.09732847309190644,True,0.07826082111170213,0.08130961729445194,-0.056491800251740866,0.0031913234956825187,0.9968086765043175,0.10606823635564862,0.957205644228545,False,118
2001-07-23,154,112,196,block_2_3,0.3095099507909985,True,0.6579339455343909,0.8794053346427771,,0.0,1.0,0.3095099507909985,0.957205644228545,False,118
2001-07-23,154,112,196,block_4_6,0.4351579310918061,True,0.859732874162358,1.1589244628255932,-0.001413135309676364,1.9969514035711455e-06,0.9999980030485964,0.435256422751537,0.957205644228545,False,118
2001-07-23,154,112,196,top_3,0.30753394128355366,True,0.6618898361443044,0.8823584270020715,-0.005482534509537174,3.005818464851817e-05,0.9999699418153515,0.30767042320708954,0.957205644228545,False,118
2001-07-23,154,112,196,top_6,0.2205354979985833,True,0.8153594102012103,0.8674817533380791,-0.004906449953681492,2.4073251148060137e-05,0.9999759267488519,0.2206254226636757,0.957205644228545,False,118
2001-07-23,154,112,196,flag_nested,0.2695309002432315,True,0.5127955757272094,0.6257402153936128,-0.009023669821993516,8.142661705645704e-05,0.9999185733829435,0.2698597994169627,0.957205644228545,False,118
2001-08-10,168,126,210,market_1,-0.18997283257294661,False,0.0957542960281106,0.06789319135200676,-0.17541290976501203,0.030769688912227977,0.969230311087772,-0.167765407799787,0.9575526254915568,False,114
2001-08-10,168,126,210,block_2_3,0.5567223124089702,True,0.7230510513711551,0.8206207905552617,,0.0,1.0,0.5567223124089702,0.9575526254915568,False,114
2001-08-10,168,126,210,block_4_6,-0.04886003529779518,False,1.229475797806921,1.2824783243586606,-0.007512734605829253,5.6441181257582684e-05,0.9999435588187424,-0.04899072413904776,0.9575526254915568,False,114
2001-08-10,168,126,210,top_3,0.5512612369293165,True,0.7274010295933692,0.8232648605683649,-0.014985986120752115,0.00022457978001133583,0.9997754202199887,0.5517287015896412,0.9575526254915568,False,114
2001-08-10,168,126,210,top_6,-0.39747280300321447,False,1.1111971511181404,1.0374693948362066,-0.01264193835251634,0.00015981860530889236,0.9998401813946911,-0.3973692034494765,0.9575526254915568,False,114
2001-08-10,168,126,210,flag_nested,0.08098181029215439,True,0.6255660017945206,0.640251216204346,-0.023218411529641856,0.0005390946339598468,0.9994609053660402,0.08170173701867016,0.9575526254915568,False,114
2001-08-30,182,140,224,market_1,-0.13709625349726481,False,0.08925098250934888,0.07284796286215753,-0.1000629464818683,0.01001259325863324,0.9899874067413668,-0.1299220249299177,0.9610224381216748,False,118
2001-08-30,182,140,224,block_2_3,0.16889276590590932,True,0.8170251518571047,0.38783362197909893,-0.025873175917629238,0.0006694212320643711,0.9993305787679356,0.16873315886450566,0.9610224381216748,False,118
2001-08-30,182,140,224,block_4_6,0.20856949601504532,True,1.1177952466430843,0.7317279964131638,,0.0,1.0,0.20856949601504532,0.9610224381216748,False,118
2001-08-30,182,140,224,top_3,0.16602244456530657,True,0.8202686930769333,0.39407800399414644,-0.016079385252528923,0.00025854663009905465,0.999741453369901,0.16617848139896313,0.9610224381216748,False,118
2001-08-30,182,140,224,top_6,0.20567733673223595,True,0.8759627882089954,0.7694109667700464,-0.008021653689678212,6.434692791734697e-05,0.9999356530720827,0.2057564873481379,0.9610224381216748,False,118
2001-08-30,182,140,224,flag_nested,0.1693279414255434,True,0.6001092527315981,0.39463678161254306,-0.021584713237724,0.0004658998455548957,0.9995341001544451,0.16970191238101506,0.9610224381216748,False,118
2001-09-19,196,154,238,market_1,-0.00022047798210729952,False,0.08130961729445198,0.071039615432117,-0.05523344517377232,0.0030507334657643437,0.9969492665342357,0.004291368079698906,0.9655331945408281,False,115
2001-09-19,196,154,238,block_2_3,-0.22516936198842494,False,0.8794053346427775,0.36507575109820856,-0.02469550724375537,0.000609868078026321,0.9993901319219737,-0.22504393548593896,0.9655331945408281,False,115
2001-09-19,196,154,238,block_4_6,-0.24075437144615652,False,1.1589244628255935,0.8801976396779182,,0.0,1.0,-0.24075437144615652,0.9655331945408281,False,115
2001-09-19,196,154,238,top_3,-0.21884283130465776,False,0.8823584270020718,0.3715184119941233,-0.007115846195511691,5.0635267078158464e-05,0.9999493647329218,-0.2188137145689096,0.9655331945408281,False,115
2001-09-19,196,154,238,top_6,-0.15406681410711748,False,0.8674817533380784,0.9252808840018182,-0.0027346103634920084,7.478093840052047e-06,0.99999252190616,-0.1540539819265657,0.9655331945408281,False,115
2001-09-19,196,154,238,flag_nested,-0.16165681124220865,False,0.6257402153936127,0.4401659416184073,-0.009700061617466267,9.409119538261734e-05,0.9999059088046174,-0.1615613952576884,0.9655331945408281,False,115
2001-10-09,210,168,252,market_1,0.2828583317142826,True,0.0678931913520068,0.06851825592397615,-0.0878087781789034,0.0077103815252719254,0.9922896184747281,0.28613257877623427,0.9706222530650012,False,116
2001-10-09,210,168,252,block_2_3,-0.45476426992915653,False,0.8206207905552605,0.5043797061526577,-0.044349936282788875,0.0019669168482875365,0.9980330831517125,-0.45471977062023466,0.9706222530650012,False,116
2001-10-09,210,168,252,block_4_6,-0.06124758479894306,False,1.282478324358661,0.936677222114194,,0.0,1.0,-0.06124758479894306,0.9706222530650012,False,116
2001-10-09,210,168,252,top_3,-0.44764259157060055,False,0.8232648605683641,0.5075986653005482,-0.009883325070563461,9.7680114450438e-05,0.9999023198855496,-0.44764930765942773,0.9706222530650012,False,116
2001-10-09,210,168,252,top_6,0.15500801870223876,True,1.037469394836208,0.959564957891981,-0.004642469747649279,2.1552525357959595e-05,0.999978447474642,0.15501721841982102,0.9706222530650012,False,116
2001-10-09,210,168,252,flag_nested,-0.11167090717453361,False,0.6402512162043459,0.4940050989637685,-0.01393905712530689,0.00019429731354270174,0.9998057026864573,-0.11164092097278261,0.9706222530650012,False,116
2001-10-29,224,182,266,market_1,0.13659919708755638,True,0.07284796286215758,0.06926364432337508,-0.2047820742252816,0.04193569792400886,0.9580643020759911,0.11329709259600104,0.969234328012954,False,118
2001-10-29,224,182,266,block_2_3,-0.2665212152587281,False,0.3878336219790988,0.41833372564168947,-0.0525780309866729,0.002764449342435582,0.9972355506575644,-0.26697208760072083,0.969234328012954,False,118
2001-10-29,224,182,266,block_4_6,-0.0021562728465450275,False,0.7317279964131639,0.9774610668581588,-0.006229036616420546,3.8800897168678183e-05,0.9999611991028313,-0.002058110400173836,0.969234328012954,False,118
2001-10-29,224,182,266,top_3,-0.2607811639863858,False,0.39407800399414616,0.42139443927027154,-0.029301206111237807,0.0008585606795731282,0.9991414393204269,-0.2616379436879701,0.969234328012954,False,118
2001-10-29,224,182,266,top_6,0.07623637889968839,True,0.7694109667700464,0.9895819824922344,-0.012888665367030882,0.00016611769494334627,0.9998338823050567,0.07609324861192604,0.969234328012954,False,118
2001-10-29,224,182,266,flag_nested,-0.021645940871185577,False,0.39463678161254306,0.47665566913632806,-0.03498988176849932,0.0012242918261736735,0.9987757081738263,-0.02268631525575206,0.969234328012954,False,118
2001-11-16,238,196,280,market_1,0.049578568806739935,True,0.07103961543211695,0.06651809138230451,-0.04990110868781129,0.002490120648272809,0.9975098793517272,0.04584350457019742,0.9671524404348831,False,117
2001-11-16,238,196,280,block_2_3,0.27043538954097546,True,0.36507575109820856,0.3224446028574833,-0.07938460756710668,0.006301915918583423,0.9936980840814166,0.26874382015324466,0.9671524404348831,False,117
2001-11-16,238,196,280,block_4_6,0.19499761573497126,True,0.8801976396779185,0.8489971114832939,-0.004896908183170959,2.3979709754207157e-05,0.9999760202902458,0.1950377172962596,0.9671524404348831,False,117
2001-11-16,238,196,280,top_3,0.25864970655637476,True,0.3715184119941235,0.3255921150793219,0.0016908347326777921,2.8589220931740655e-06,0.9999971410779068,0.25868832133004965,0.9671524404348831,False,117
2001-11-16,238,196,280,top_6,0.18810743163981566,True,0.9252808840018186,0.8813418495062263,0.0005246326077259329,2.752393730709457e-07,0.9999997247606269,0.1881121693619047,0.9671524404348831,False,117
2001-11-16,238,196,280,flag_nested,0.2000886847060888,True,0.4401659416184075,0.41136598574780425,-0.006085844347790974,3.703750142558526e-05,0.9999629624985744,0.2000251802838618,0.9671524404348831,False,117
2001-12-06,252,210,294,market_1,0.1819470703814707,True,0.06851825592397615,0.06495945268529964,-0.03538013297724746,0.0012517538094874991,0.9987482461905125,0.1853033513242126,0.9676150821188989,False,116
2001-12-06,252,210,294,block_2_3,0.22868221505403272,True,0.5043797061526581,0.27596927923334624,0.00043500735597671095,1.892313996609829e-07,0.9999998107686003,0.22908726690902004,0.9676150821188989,False,116
2001-12-06,252,210,294,block_4_6,-0.2963296844270004,False,0.9366772221141936,1.0930863203655283,-0.019678843218957937,0.00038725687043661416,0.9996127431295634,-0.29651210191987776,0.9676150821188989,False,116
2001-12-06,252,210,294,top_3,0.22273851694338656,True,0.5075986653005485,0.2827720138507404,-0.01067828910445503,0.00011402585819819677,0.9998859741418018,0.22282320925233107,0.9676150821188989,False,116
2001-12-06,252,210,294,top_6,-0.26575447692716814,False,0.9595649578919808,1.1237794994291097,-0.008845840155795918,7.824888806196029e-05,0.999921751111938,-0.2657141765898479,0.9676150821188989,False,116
2001-12-06,252,210,294,flag_nested,-0.14955301309563637,False,0.4940050989637685,0.4912770382602518,-0.008226261189550084,6.767137315888405e-05,0.9999323286268411,-0.14946957136588668,0.9676150821188989,False,116
2001-12-26,266,224,308,market_1,0.22365220417894452,True,0.06926364432337506,0.058919262401702595,-0.17973697577302952,0.03230538046003473,0.9676946195399653,0.2345284241773946,0.9716631968540366,False,116
2001-12-26,266,224,308,block_2_3,0.14352526631421728,True,0.41833372564168936,0.2850252175559384,-0.03619989328699637,0.0013104322739898588,0.9986895677260101,0.14555010128865115,0.9716631968540366,False,116
2001-12-26,266,224,308,block_4_6,-0.27526997168017825,False,0.9774610668581581,1.1812134497266686,-0.008891659365396296,7.906160627035863e-05,0.9999209383937296,-0.27528229026620893,0.9716631968540366,False,116
2001-12-26,266,224,308,top_3,0.14122739095688128,True,0.42139443927027137,0.29010883484161254,-0.036508163739102074,0.0013328460196011527,0.9986671539803988,0.14152026477958843,0.9716631968540366,False,116
2001-12-26,266,224,308,top_6,-0.2545726656351637,False,0.9895819824922337,1.2019959883340714,-0.009534280154279531,9.090249806043005e-05,0.9999090975019396,-0.25455721875813975,0.9716631968540366,False,116
2001-12-26,266,224,308,flag_nested,-0.17608700133015193,False,0.4766556691363278,0.5218475998745996,-0.025080301213554472,0.0006290215089626017,0.9993709784910374,-0.17597887960865807,0.9716631968540366,False,116
2002-01-15,280,238,322,market_1,0.1400414502727662,True,0.06651809138230456,0.05925839820762557,0.0037913643297488287,1.4374443481068866e-05,0.9999856255565189,0.1399968319719402,0.9818413139023826,False,120
2002-01-15,280,238,322,block_2_3,0.1642369539384657,True,0.3224446028574831,0.3317122549205324,-0.039946091981986245,0.0015956902646332427,0.9984043097353668,0.16768317407902555,0.9818413139023826,False,120
2002-01-15,280,238,322,block_4_6,0.3057841121997107,True,0.8489971114832939,0.9139383905307183,-0.01144672511748877,0.0001310275159150942,0.9998689724840849,0.30574728534054757,0.9818413139023826,False,120
2002-01-15,280,238,322,top_3,0.16751778589541033,True,0.32559211507932184,0.3359316505091735,0.0022790305386302633,5.19398019627193e-06,0.9999948060198037,0.16751039901639922,0.9818413139023826,False,120
2002-01-15,280,238,322,top_6,0.25198587422287627,True,0.8813418495062261,0.942243787319024,-0.0006728667722166729,4.5274969318054303e-07,0.9999995472503068,0.2519874499445283,0.9818413139023826,False,120
2002-01-15,280,238,322,flag_nested,0.23219448915934082,True,0.41136598574780414,0.4348549277091795,0.0007034574551572669,4.948523912862157e-07,0.9999995051476087,0.2321945991866966,0.9818413139023826,False,120
2002-02-04,294,252,336,market_1,0.005821187385159103,True,0.06495945268529964,0.05868032850180216,-0.09830144807902831,0.009663174694434007,0.990336825305566,0.003475880184804847,0.9838075410594495,False,121
2002-02-04,294,252,336,block_2_3,-0.07842415565084024,False,0.27596927923334613,0.3588133783722257,-0.058946486791935634,0.0034746883051119948,0.996525311694888,-0.0770904874858369,0.9838075410594495,False,121
2002-02-04,294,252,336,block_4_6,0.38293887997755266,True,1.093086320365529,0.8126999251810244,0.04069778597705153,0.0016563097834341178,0.9983436902165659,0.38351604237743664,0.9838075410594495,False,121
2002-02-04,294,252,336,top_3,-0.07546148065287497,False,0.28277201385074024,0.36277354610191154,-0.012603435111610677,0.00015884657661258128,0.9998411534233874,-0.07555286581181579,0.9838075410594495,False,121
2002-02-04,294,252,336,top_6,0.3342976461504859,True,1.1237794994291113,0.8512424804488418,-0.004448862619390491,1.9792378606164895e-05,0.9999802076213938,0.3343097984088445,0.9838075410594495,False,121
2002-02-04,294,252,336,flag_nested,0.25192417287500857,True,0.49127703826025226,0.40997628747320747,-0.0157812724188347,0.0002490485591574165,0.9997509514408426,0.2519084603435823,0.9838075410594495,False,121
2002-02-22,308,266,350,market_1,0.035220741635060254,True,0.05891926240170258,0.06296405128849583,-0.03627539755898584,0.001315904468062512,0.9986840955319375,0.03188805033963955,0.9858894286375203,False,122
2002-02-22,308,266,350,block_2_3,0.0998295917379946,True,0.28502521755593846,0.2781320975844078,-0.055300854901077834,0.0030581845527901663,0.9969418154472098,0.09995639436597226,0.9858894286375203,False,122
2002-02-22,308,266,350,block_4_6,0.5107007961572959,True,1.1812134497266684,0.759991557488011,0.021554300408489366,0.00046458786609915315,0.9995354121339008,0.5107487378860062,0.9858894286375203,False,122
2002-02-22,308,266,350,top_3,0.10152045658959767,True,0.29010883484161254,0.28398536183684897,-0.007127837584427488,5.080606863006043e-05,0.9999491939313699,0.10140128611123032,0.9858894286375203,False,122
2002-02-22,308,266,350,top_6,0.4663120748866031,True,1.2019959883340712,0.8042182838836541,-0.0033403837129394563,1.1158163349844763e-05,0.9999888418366502,0.46630499482240095,0.9858894286375203,False,122
2002-02-22,308,266,350,flag_nested,0.40166533192690346,True,0.5218475998745995,0.37234599727850437,-0.007469458526074575,5.579281067258357e-05,0.9999442071893274,0.4016129783638126,0.9858894286375203,False,122
2002-03-14,322,280,364,market_1,0.22746244467308335,True,0.059258398207625546,0.05865669587890075,-0.18395668032211082,0.03384006023513131,0.9661599397648687,0.23623153240272982,0.9843858431644691,False,122
2002-03-14,322,280,364,block_2_3,-0.04881478898518055,False,0.3317122549205325,0.3206863554431841,0.01722447816259616,0.0002966826479737783,0.9997033173520262,-0.04794478199270629,0.9843858431644691,False,122
2002-03-14,322,280,364,block_4_6,0.1851332554264587,True,0.9139383905307183,0.743878389320077,-0.02357009864070202,0.0005555495499326435,0.9994444504500674,0.1851468714803749,0.9843858431644691,False,122
2002-03-14,322,280,364,top_3,-0.04065731119107838,False,0.3359316505091734,0.32579719680758773,-0.03277208588897814,0.0010740096135146704,0.9989259903864853,-0.0404513292443276,0.9843858431644691,False,122
2002-03-14,322,280,364,top_6,0.16746567763933443,True,0.9422437873190245,0.7881072572291269,-0.012351316618927686,0.00015255502222100148,0.999847444977779,0.16751692658128167,0.9843858431644691,False,122
2002-03-14,322,280,364,flag_nested,0.12211056827983749,True,0.4348549277091796,0.37728069206298737,-0.03456625504397254,0.0011948259877648804,0.9988051740122351,0.12236458577198614,0.9843858431644691,False,122
2002-04-03,336,294,378,market_1,0.14166118756495055,True,0.05868032850180218,0.05899405858902578,-0.03067958506716641,0.0009412369398934528,0.9990587630601065,0.14317370788137132,0.9848484848484849,False,121
2002-04-03,336,294,378,block_2_3,-0.06349625249113605,False,0.35881337837222604,0.35879342510946216,0.012414155933115928,0.00015411126753195337,0.999845888732468,-0.06330041963861606,0.9848484848484849,False,121
2002-04-03,336,294,378,block_4_6,0.3500044660403761,True,0.8126999251810243,0.8838002023753633,0.009222574119922137,8.505587339757703e-05,0.9999149441266024,0.3501448008486044,0.9848484848484849,False,121
2002-04-03,336,294,378,top_3,-0.05798940143538355,False,0.36277354610191176,0.363514155782725,-0.003998378325684378,1.5987029235331462e-05,0.9999840129707647,-0.057948307570689986,0.9848484848484849,False,121
2002-04-03,336,294,378,top_6,0.3157354484723765,True,0.8512424804488422,0.8819072712685313,-0.002039334300461915,4.158884389204864e-06,0.9999958411156108,0.31575428610055434,0.9848484848484849,False,121
2002-04-03,336,294,378,flag_nested,0.2170052492078446,True,0.4099762874732078,0.4208973175882676,-0.005032524653377335,2.532630438700778e-05,0.999974673695613,0.21706518177053621,0.9848484848484849,False,121
2002-04-23,350,308,392,market_1,0.01990367939135546,True,0.06296405128849586,0.06514186096934456,-0.13305172852915192,0.017702762464595234,0.9822972375354048,0.014413177993529024,0.9840388619014573,False,123
2002-04-23,350,308,392,block_2_3,0.01694563958938517,True,0.2781320975844078,0.3080149213620431,-0.03623078930576168,0.0013126700937184932,0.9986873299062815,0.014769806028310496,0.9840388619014573,False,123
2002-04-23,350,308,392,block_4_6,0.05897531421326313,True,0.7599915574880118,0.7898146991664302,,0.0,1.0,0.05897531421326313,0.9840388619014573,False,123
2002-04-23,350,308,392,top_3,0.013945864920147408,True,0.2839853618368489,0.31399371096416273,-0.024180873247077406,0.0005847146309913009,0.9994152853690087,0.013813575839216309,0.9840388619014573,False,123
2002-04-23,350,308,392,top_6,0.05680440759543773,True,0.8042182838836541,0.8072870882989619,-0.009780096207940705,9.56502818366678e-05,0.9999043497181633,0.05678051050998513,0.9840388619014573,False,123
2002-04-23,350,308,392,flag_nested,0.046733734915898564,True,0.3723459972785043,0.3817410370673652,-0.026767323022883253,0.0007164895818114747,0.9992835104181885,0.04654241994001498,0.9840388619014573,False,123
2002-05-13,364,322,406,market_1,0.09146291243713113,True,0.05865669587890075,0.06929256953578154,-0.18136359895535836,0.032892755026040055,0.96710724497396,0.08128316495916488,0.9831135785334258,False,122
2002-05-13,364,322,406,block_2_3,0.02395739906059165,True,0.3206863554431838,0.2962805373018483,-0.02200115870160359,0.00048405098421311354,0.9995159490157869,0.02338039935748795,0.9831135785334258,False,122
2002-05-13,364,322,406,block_4_6,-0.05562149618741125,False,0.7438783893200771,0.853304726281364,-0.007135309607765631,5.0912643198675056e-05,0.9999490873568013,-0.05565160421674252,0.9831135785334258,False,122
2002-05-13,364,322,406,top_3,0.027068155172158312,True,0.3257971968075875,0.3041499926430968,-0.03957295331721327,0.0015660186342464355,0.9984339813657536,0.02668965366687457,0.9831135785334258,False,122
2002-05-13,364,322,406,top_6,-0.06223787255420212,False,0.7881072572291267,0.8848482657255144,-0.011953983770307538,0.00014289772798092848,0.9998571022720191,-0.06231071642715376,0.9831135785334258,False,122
2002-05-13,364,322,406,flag_nested,-0.03880860320514973,False,0.3772806920629873,0.4075904093090409,-0.036747878425960445,0.0013504065688093592,0.9986495934311906,-0.03928518080562203,0.9831135785334258,False,122
2002-05-31,378,336,420,market_1,0.18547853941071563,True,0.05899405858902571,0.07553504346736108,-0.02110999259803474,0.00044563178748913135,0.9995543682125109,0.18537853727174736,0.9865833911635439,False,122
2002-05-31,378,336,420,block_2_3,-0.029446913048975072,False,0.3587934251094617,0.2667455992601972,-0.006016885839528281,3.6202915205785224e-05,0.9999637970847942,-0.029537755205204137,0.9865833911635439,False,122
2002-05-31,378,336,420,block_4_6,0.030680142081106344,True,0.8838002023753636,0.6474829054353157,0.004563773235970649,2.0828026149444234e-05,0.9999791719738506,0.030850024755138285,0.9865833911635439,False,122
2002-05-31,378,336,420,top_3,-0.01893932865337102,False,0.3635141557827247,0.2770273294276088,-0.00795408937773055,6.326753782903705e-05,0.999936732462171,-0.0189517005604476,0.9865833911635439,False,122
2002-05-31,378,336,420,top_6,0.07849584957993408,True,0.8819072712685305,0.6723715308392293,-0.0035344650149449746,1.2492442941991477e-05,0.999987507557058,0.07849473879745311,0.9865833911635439,False,122
2002-05-31,378,336,420,flag_nested,0.05783005948255426,True,0.4208973175882672,0.32654887707977476,-0.006810037549102246,4.637661142004035e-05,0.99995362338858,0.05782281999850006,0.9865833911635439,False,122
2002-06-20,392,350,434,market_1,0.1738125021613047,True,0.06514186096934452,0.0678203361873054,-0.08256783838384751,0.006817447935381193,0.9931825520646188,0.17061228134091977,0.9877399953735831,False,120
2002-06-20,392,350,434,block_2_3,0.06910043956957733,True,0.3080149213620431,0.29419371037077535,-0.0052047129419060395,2.708903680759267e-05,0.9999729109631924,0.06928638860686921,0.9877399953735831,False,120
2002-06-20,392,350,434,block_4_6,-0.014642412894083275,False,0.7898146991664303,0.6360277159128424,0.026032513662791384,0.00067769176760335,0.9993223082323966,-0.014061645557880222,0.9877399953735831,False,120
2002-06-20,392,350,434,top_3,0.07709583173343854,True,0.31399371096416245,0.30131725943315696,-0.01731110654644959,0.00029967440986256033,0.9997003255901374,0.07688347943236395,0.9877399953735831,False,120
2002-06-20,392,350,434,top_6,0.0092275129589055,True,0.8072870882989616,0.6622419441286549,-0.01076755563434885,0.00011594025433858679,0.9998840597456614,0.009171468181589901,0.9877399953735831,False,120
2002-06-20,392,350,434,flag_nested,0.03206201258414028,True,0.38174103706736495,0.3285691612206051,-0.021186390135136124,0.00044886312695813224,0.9995511368730419,0.03183361534905449,0.9877399953735831,False,120
2002-07-10,406,364,448,market_1,0.10666403598068479,True,0.06929256953578157,0.06878372830565442,-0.13242847562349963,0.017537301155963858,0.9824626988440361,0.10662973695919678,0.9868147120055517,False,122
2002-07-10,406,364,448,block_2_3,-0.02547009475511234,False,0.29628053730184845,0.27504314883152337,-0.04726270506873362,0.002233763290414137,0.9977662367095859,-0.026013018022624384,0.9868147120055517,False,122
2002-07-10,406,364,448,block_4_6,-0.11709024245504837,False,0.8533047262813642,0.644078395434523,0.020532812784507134,0.0004215964008436046,0.9995784035991564,-0.11709726045484345,0.9868147120055517,False,122
2002-07-10,406,364,448,top_3,-0.014398021930766704,False,0.30414999264309683,0.2808915732047682,-0.027527874332756025,0.0007577838652796931,0.9992422161347203,-0.014417200733996164,0.9868147120055517,False,122
2002-07-10,406,364,448,top_6,-0.08541891371622276,False,0.8848482657255139,0.6648977514886238,-0.013996528741674279,0.0001959028168165844,0.9998040971831834,-0.08541438044619964,0.9868147120055517,False,122
2002-07-10,406,364,448,flag_nested,-0.06275849813351049,False,0.4075904093090407,0.32359346393463195,-0.0334056947348467,0.001115940440717722,0.9988840595592823,-0.06282215352480054,0.9868147120055517,False,122
2002-07-30,420,378,462,market_1,0.2609651057969609,True,0.07553504346736112,0.06379330682136944,-0.13539733865386255,0.018332439314548643,0.9816675606854514,0.28030347061386157,0.9873930141105713,False,123
2002-07-30,420,378,462,block_2_3,0.04363636601734035,True,0.2667455992601974,0.24969019389912459,-0.03641697508746086,0.0013261960745207801,0.9986738039254792,0.04320125022589813,0.9873930141105713,False,123
2002-07-30,420,378,462,block_4_6,-0.15989093607360524,False,0.6474829054353165,0.7391549806017813,-0.019631089645777974,0.00038537968068086403,0.9996146203193191,-0.15946996935296262,0.9873930141105713,False,123
2002-07-30,420,378,462,top_3,0.053753587425171834,True,0.27702732942760894,0.2545852368887282,-0.028165209596572836,0.0007932790316189653,0.999206720968381,0.05472216467189898,0.9873930141105713,False,123
2002-07-30,420,378,462,top_6,-0.15650562690289055,False,0.6723715308392297,0.7537850365481098,-0.012602445780592353,0.00015882163965275087,0.9998411783603472,-0.15636115598160338,0.9873930141105713,False,123
2002-07-30,420,378,462,flag_nested,-0.09443396604949283,False,0.326548877079775,0.34694780658826463,-0.029679739947101744,0.000880886963327554,0.9991191130366724,-0.0935651620309293,0.9873930141105713,False,123
2002-08-19,434,392,476,market_1,0.2801568510125518,True,0.06782033618730544,0.06075701639463305,-0.04642180848678243,0.0021549843031836158,0.9978450156968164,0.2834285919547737,0.9858894286375203,False,122
2002-08-19,434,392,476,block_2_3,0.03277505684122198,True,0.2941937103707752,0.25817019364428284,0.008467265774655067,7.169458969846776e-05,0.9999283054103015,0.03272533894841008,0.9858894286375203,False,122
2002-08-19,434,392,476,block_4_6,-0.0891450287601493,False,0.6360277159128425,0.7380309391462508,0.015140829224133262,0.0002292447095945116,0.9997707552904055,-0.08949660448624365,0.9858894286375203,False,122
2002-08-19,434,392,476,top_3,0.03874311425192125,True,0.3013172594331568,0.2624278374447001,-0.011263249328591601,0.00012686078543799884,0.999873139214562,0.03889910585076157,0.9858894286375203,False,122
2002-08-19,434,392,476,top_6,-0.06473934636568074,False,0.6622419441286547,0.7716102360106981,-0.003689017116678079,1.3608847287294168e-05,0.9999863911527127,-0.06473568202604668,0.9858894286375203,False,122
2002-08-19,434,392,476,flag_nested,-0.028633837668034432,False,0.32856916122060503,0.35479280016542875,-0.00984951686637913,9.701298250108792e-05,0.9999029870174989,-0.02851081661597604,0.9858894286375203,False,122
2002-09-06,448,406,490,market_1,0.2742493348958716,True,0.06878372830565438,0.05081842955405487,-0.13058278026373402,0.017051862501406556,0.9829481374985934,0.30778239571713917,0.9843858431644691,False,121
2002-09-06,448,406,490,block_2_3,-0.012536795369417089,False,0.27504314883152337,0.3708517165202455,-0.0025948200199340165,6.733090935684416e-06,0.9999932669090643,-0.012447512316117482,0.9843858431644691,False,121
2002-09-06,448,406,490,block_4_6,0.00046593400534071755,True,0.6440783954345233,0.716551476640772,-0.0003192617433329651,1.0192806099151852e-07,0.999999898071939,0.0004711442433664027,0.9843858431644691,False,121
2002-09-06,448,406,490,top_3,-0.009542723961343157,False,0.28089157320476804,0.3738378959016925,-0.016518480077866115,0.00027286018408290147,0.9997271398159171,-0.008847982861118396,0.9843858431644691,False,121
2002-09-06,448,406,490,top_6,0.023117948729635712,True,0.6648977514886236,0.7280187117846417,-0.008380972496271438,7.024069998318172e-05,0.9999297593000168,0.02325844928350442,0.9843858431644691,False,121
2002-09-06,448,406,490,flag_nested,0.020748609446564845,True,0.3235934639346318,0.37081349000699826,-0.021386430638826285,0.00045737941546941663,0.9995426205845306,0.021807455811955267,0.9843858431644691,False,121
2002-09-26,462,420,504,market_1,0.1664472705406868,True,0.0637933068213694,0.054668866698169005,-0.15162943316239802,0.022991485001150114,0.9770085149988499,0.19117934060394456,0.9848484848484849,False,122
2002-09-26,462,420,504,block_2_3,0.1403621436610105,True,0.24969019389912472,0.4660969044781805,0.03588052039091752,0.0012874117435228705,0.9987125882564771,0.13985321515954574,0.9848484848484849,False,122
2002-09-26,462,420,504,block_4_6,-0.35034767354372737,False,0.7391549806017811,0.9209003985020701,0.0016853128891313944,2.840279534233048e-06,0.9999971597204658,-0.35046484500463326,0.9848484848484849,False,122
2002-09-26,462,420,504,top_3,0.13752803201404545,True,0.2545852368887283,0.4685538190105634,-0.022220102996696356,0.0004937329771838028,0.9995062670228162,0.13830586011662926,0.9848484848484849,False,122
2002-09-26,462,420,504,top_6,-0.35758758959569564,False,0.753785036548109,0.9257858687069498,-0.012954402383897074,0.00016781654112385525,0.9998321834588761,-0.35753289006406463,0.9848484848484849,False,122
2002-09-26,462,420,504,flag_nested,-0.2188914626730532,False,0.34694780658826435,0.46799162158323276,-0.023987046586206442,0.0005753784039287391,0.9994246215960713,-0.2183538592567746,0.9848484848484849,False,122
2002-10-16,476,434,518,market_1,0.1470093331195126,True,0.06075701639463304,0.056211347103304325,-0.014522884819304355,0.0002109141834747419,0.9997890858165253,0.1499324054677364,0.9856581077955123,False,122
2002-10-16,476,434,518,block_2_3,0.058979640498109755,True,0.25817019364428306,0.5234859438915936,0.03195111593878454,0.0010208738097335912,0.9989791261902664,0.05930585038381706,0.9856581077955123,False,122
2002-10-16,476,434,518,block_4_6,-0.02835695064951062,False,0.7380309391462495,0.7351502720769736,-0.010403808188536414,0.00010823922482383619,0.9998917607751762,-0.028256170434720517,0.9856581077955123,False,122
2002-10-16,476,434,518,top_3,0.06012017124809024,True,0.2624278374447002,0.5257981360706765,-0.0059572502927647515,3.548883105053413e-05,0.9999645111689495,0.06030078029084001,0.9856581077955123,False,122
2002-10-16,476,434,518,top_6,0.003985252952296152,True,0.7716102360106971,0.6843737167694453,-0.004521375497057105,2.0442836385248242e-05,0.9999795571636148,0.004024983322750922,0.9856581077955123,False,122
2002-10-16,476,434,518,flag_nested,0.02449081883496799,True,0.35479280016542847,0.4163838447984082,-0.0046489823080355045,2.1613036500500726e-05,0.9999783869634995,0.02461533484922701,0.9856581077955123,False,122
2002-11-05,490,448,532,market_1,0.10603286994574647,True,0.05081842955405486,0.04967096837104915,0.00859806143963339,7.39266605195299e-05,0.9999260733394805,0.1072282497377594,0.9873930141105713,False,124
2002-11-05,490,448,532,block_2_3,0.40995563986552636,True,0.3708517165202458,0.34262550776053885,0.021332191664384322,0.00045506240120618546,0.9995449375987938,0.4098568368141436,0.9873930141105713,False,124
2002-11-05,490,448,532,block_4_6,0.0974660030407916,True,0.7165514766407722,0.6556104795552661,-0.007052096230652606,4.9732061246254844e-05,0.9999502679387537,0.09741768179050596,0.9873930141105713,False,124
2002-11-05,490,448,532,top_3,0.4045413845201061,True,0.3738378959016926,0.34540388432406527,-0.004926995429686086,2.427528396420353e-05,0.9999757247160358,0.4045163266888434,0.9873930141105713,False,124
2002-11-05,490,448,532,top_6,0.035527879031137174,True,0.7280187117846417,0.6971471662230618,-0.002705135309003058,7.317757039992934e-06,0.99999268224296,0.035514197773154725,0.9873930141105713,False,124
2002-11-05,490,448,532,flag_nested,0.15890225441299963,True,0.3708134900069983,0.35105201147851217,-0.0010458531639157582,1.0938088403911195e-06,0.9999989061911596,0.1589043146682065,0.9873930141105713,False,124
2002-11-25,504,462,546,market_1,0.1164743626150044,True,0.05466886669816903,0.04106848457596708,0.008647116812386502,7.477262916688598e-05,0.9999252273708331,0.11669347861978399,0.9886652787416146,False,123
2002-11-25,504,462,546,block_2_3,-0.07630094638963833,False,0.4660969044781808,0.2964212253225393,,0.0,1.0,-0.07630094638963833,0.9886652787416146,False,123
2002-11-25,504,462,546,block_4_6,-0.17099166029769,False,0.9209003985020706,0.8055154424517351,-0.0027211699837362915,7.404766080298941e-06,0.9999925952339197,-0.17098331133086367,0.9886652787416146,False,123
2002-11-25,504,462,546,top_3,-0.07375562914117743,False,0.46855381901056353,0.2992012647204339,0.0012047300694662446,1.4513745402178202e-06,0.9999985486254598,-0.0737529867719291,0.9886652787416146,False,123
2002-11-25,504,462,546,top_6,-0.1226599303748965,False,0.9257858687069503,0.8286808774183713,-0.001740944911999906,3.0308891864061493e-06,0.9999969691108136,-0.12265884704624412,0.9886652787416146,False,123
2002-11-25,504,462,546,flag_nested,-0.10552674265568406,False,0.467991621583233,0.3820720945868058,0.0005078372964798962,2.578987193802007e-07,0.9999997421012806,-0.10552580950548136,0.9886652787416146,False,123
2002-12-13,518,476,560,market_1,0.029787001043669648,True,0.056211347103304325,0.042177264504705436,-0.16298322643553464,0.02656353209933693,0.9734364679006631,0.04670771579541845,0.9857737682165163,False,123
2002-12-13,518,476,560,block_2_3,-0.4229713084749995,False,0.5234859438915941,0.32626848790103824,,0.0,1.0,-0.4229713084749995,0.9857737682165163,False,123
2002-12-13,518,476,560,block_4_6,0.012310260648531583,True,0.7351502720769737,0.8659028841548354,-0.008428236883919926,7.103517697149009e-05,0.9999289648230285,0.012168356077662494,0.9857737682165163,False,123
2002-12-13,518,476,560,top_3,-0.4172659207115688,False,0.5257981360706767,0.32889022087645686,-0.021231765083692414,0.0004507878485690009,0.999549212151431,-0.4171636799460478,0.9857737682165163,False,123
2002-12-13,518,476,560,top_6,0.15075528062847282,True,0.6843737167694451,0.8756009600062431,-0.007542529507215281,5.688975136730612e-05,0.9999431102486327,0.1508435584322152,0.9857737682165163,False,123
2002-12-13,518,476,560,flag_nested,-0.05267356084962419,False,0.41638384479840823,0.40695784502959337,-0.020671005863477514,0.0004272904834078384,0.9995727095165922,-0.05234758772964012,0.9857737682165163,False,123
2003-01-02,532,490,574,market_1,0.08801376798456663,True,0.04967096837104913,0.051304821711456575,0.08016901062424213,0.00642707026446987,0.9935729297355301,0.07369937557047201,0.9873930141105713,False,122
2003-01-02,532,490,574,block_2_3,0.022935187578406322,True,0.34262550776053907,0.2991478545966274,,0.0,1.0,0.022935187578406322,0.9873930141105713,False,122
2003-01-02,532,490,574,block_4_6,0.06164149841694141,True,0.6556104795552661,0.8803399909141749,-0.010203129682570963,0.00010410385531944844,0.9998958961446806,0.061711152496872146,0.9873930141105713,False,122
2003-01-02,532,490,574,top_3,0.025972679836770082,True,0.34540388432406527,0.30305248992018,0.013542492880075105,0.00018339911340681248,0.9998166008865932,0.025600586970094857,0.9873930141105713,False,122
2003-01-02,532,490,574,top_6,0.0793115506875692,True,0.6971471662230617,0.922809911421158,0.004499904109394879,2.0249136993832906e-05,0.9999797508630062,0.07925703303210058,0.9873930141105713,False,122
2003-01-02,532,490,574,flag_nested,0.06557238993740146,True,0.3510520114785121,0.41853969630447097,0.012042751273199155,0.00014502785822800845,0.999854972141772,0.06520037418636845,0.9873930141105713,False,122
2003-01-22,546,504,588,market_1,0.13382444586129066,True,0.04106848457596708,0.055760396043446056,-0.11290269899525972,0.01274701944041412,0.9872529805595859,0.15858493641389165,0.9863520703215359,False,125
2003-01-22,546,504,588,block_2_3,-0.12440180385135736,False,0.29642122532253906,0.34664395657079927,-0.046601753417474655,0.002171723421583005,0.997828276578417,-0.1234037492902455,0.9863520703215359,False,125
2003-01-22,546,504,588,block_4_6,-0.0404857194172292,False,0.805515442451735,0.8319031007631915,-0.019122532525210578,0.00036567125017783475,0.9996343287498222,-0.040371453941893835,0.9863520703215359,False,125
2003-01-22,546,504,588,top_3,-0.1194533554880737,False,0.2992012647204336,0.3504670039860651,-0.017561588066010846,0.0003084093754001094,0.9996915906245999,-0.11906937911558767,0.9863520703215359,False,125
2003-01-22,546,504,588,top_6,-0.012888078139005645,False,0.8286808774183704,0.8811180171785187,-0.00528614993433848,2.794338112832584e-05,0.9999720566188717,-0.012843474356624751,0.9863520703215359,False,125
2003-01-22,546,504,588,flag_nested,-0.03417048415483448,False,0.38207209458680547,0.4164689929562731,-0.017888115357998283,0.000319984671061202,0.9996800153289388,-0.033753126535905634,0.9863520703215359,False,125
2003-02-11,560,518,602,market_1,0.24289841291506753,True,0.04217726450470544,0.05757928717933095,0.026001133579933118,0.0006760589474414935,0.9993239410525585,0.24160157373876953,0.9869303724265557,False,127
2003-02-11,560,518,602,block_2_3,-0.18988197637563906,False,0.32626848790103846,0.35944267626597987,-0.0362010059587993,0.0013105128324290005,0.998689487167571,-0.18990597909771428,0.9869303724265557,False,127
2003-02-11,560,518,602,block_4_6,-0.028614099496777012,False,0.8659028841548356,1.364030783341859,0.003902626543979671,1.5230493941809087e-05,0.9999847695060582,-0.028575257118479736,0.9869303724265557,False,127
2003-02-11,560,518,602,top_3,-0.1824295041275743,False,0.3288902208764572,0.3634920175726347,0.004598844409106586,2.1149369899164938e-05,0.9999788506301008,-0.1825205488931243,0.9869303724265557,False,127
2003-02-11,560,518,602,top_6,0.014953361167532538,True,0.8756009600062441,1.3807421653537233,0.0028098106045667433,7.895035633587177e-06,0.9999921049643664,0.014934352774117381,0.9869303724265557,False,127
2003-02-11,560,518,602,flag_nested,-0.014911943423595649,False,0.4069578450295937,0.60423423531169,0.0036475127153757923,1.330434900881361e-05,0.9999866956509912,-0.014969848276028883,0.9869303724265557,False,127
2003-03-03,574,532,616,market_1,0.25626873082415413,True,0.05130482171145658,0.054573885073857506,-0.13983414589637974,0.019553588358570018,0.98044641164143,0.27755487287847636,0.9865833911635439,False,123
2003-03-03,574,532,616,block_2_3,0.021815750597591,True,0.29914785459662707,0.35298293696832234,-0.01467776911698543,0.00021543690625158707,0.9997845630937484,0.021145562414707476,0.9865833911635439,False,123
2003-03-03,574,532,616,block_4_6,-0.166607061652896,False,0.8803399909141747,1.6423467124530224,-0.02039663008180819,0.00041602251869410356,0.9995839774813059,-0.16646190888611423,0.9865833911635439,False,123
2003-03-03,574,532,616,top_3,0.026210701259675753,True,0.30305248992017975,0.35697500534248705,-0.021325226860457874,0.0004547653006499175,0.9995452346993501,0.026644831827186036,0.9865833911635439,False,123
2003-03-03,574,532,616,top_6,-0.13955003467372015,False,0.9228099114211576,1.6506701253191254,-0.0038157932852416173,1.4560278395747694e-05,0.9999854397216043,-0.1395264099648431,0.9865833911635439,False,123
2003-03-03,574,532,616,flag_nested,-0.11414024885251935,False,0.4185396963044709,0.7068054924673316,-0.012960130743919896,0.00016796498889937173,0.9998320350111006,-0.11393453464097793,0.9865833911635439,False,123
2003-03-21,588,546,630,market_1,0.16551122014821745,True,0.05576039604344607,0.056563975014054274,-0.053380031170380246,0.002849427727750875,0.9971505722722491,0.1793592693078122,0.9871616932685635,False,123
2003-03-21,588,546,630,block_2_3,0.37431751998208906,True,0.3466439565707991,0.34853755089735095,-0.019711002938402507,0.0003885236368377232,0.9996114763631623,0.37414551488018805,0.9871616932685635,False,123
2003-03-21,588,546,630,block_4_6,-0.05431589339587597,False,0.831903100763192,1.035090055955321,0.012122157768687674,0.00014694670896897577,0.999853053291031,-0.05413490937731438,0.9871616932685635,False,123
2003-03-21,588,546,630,top_3,0.3699101717448587,True,0.350467003986065,0.3530122408224985,-0.008223546608276247,6.762671881843652e-05,0.9999323732811816,0.37034825908775754,0.9871616932685635,False,123
2003-03-21,588,546,630,top_6,-0.04504949480318549,False,0.8811180171785192,1.0559798623032512,-0.0020376185774377007,4.151889467118863e-06,0.9999958481105329,-0.04502637561555798,0.9871616932685635,False,123
2003-03-21,588,546,630,flag_nested,0.0439580699489262,True,0.4164689929562732,0.4801953861966641,-0.007389712224699494,5.460784676392105e-05,0.9999453921532361,0.04421720129960189,0.9871616932685635,False,123
2003-04-10,602,560,644,market_1,0.02337367721266096,True,0.05757928717933093,0.062114152622108613,-0.03872392199588487,0.001499542134743348,0.9985004578652567,0.03367040975469203,0.989821882951654,False,121
2003-04-10,602,560,644,block_2_3,0.27821257674638605,True,0.35944267626597903,0.33527057554334805,-0.014732045765749626,0.0002170331724443697,0.9997829668275556,0.2780989931493243,0.989821882951654,False,121
2003-04-10,602,560,644,block_4_6,0.5521330753408514,True,1.3640307833418597,1.4750761700670514,0.01262581086335097,0.00015941109995698532,0.999840588900043,0.552112704170284,0.989821882951654,False,121
2003-04-10,602,560,644,top_3,0.2713830190151347,True,0.3634920175726341,0.33987569475195056,-0.006115666401802748,3.740137553798206e-05,0.999962598624462,0.2718416980918349,0.989821882951654,False,121
2003-04-10,602,560,644,top_6,0.5291596251875895,True,1.3807421653537229,1.4892105991441398,-0.002399450554690902,5.757362964264878e-06,0.9999942426370357,0.529223034909959,0.989821882951654,False,121
2003-04-10,602,560,644,flag_nested,0.4966118644651731,True,0.6042342353116897,0.6418629386539967,-0.004696352884731082,2.205573041780262e-05,0.9999779442695822,0.49695640059273744,0.989821882951654,False,121
2003-04-30,616,574,658,market_1,0.2153884658735703,True,0.05457388507385755,0.07131791438781879,0.05079187600252837,0.002579814667856062,0.9974201853321439,0.20996271202905234,0.9912098080037012,False,122
2003-04-30,616,574,658,block_2_3,0.33988334378477536,True,0.35298293696832256,0.35473247785879936,,0.0,1.0,0.33988334378477536,0.9912098080037012,False,122
2003-04-30,616,574,658,block_4_6,-0.15828480517776816,False,1.6423467124530218,1.6075472864267153,-0.0056936269481948805,3.241738782522319e-05,0.9999675826121748,-0.1583408341111466,0.9912098080037012,False,122
2003-04-30,616,574,658,top_3,0.3350088300639807,True,0.3569750053424872,0.3581246141381539,0.009516065783694842,9.055550799974554e-05,0.9999094444920003,0.33488910148857043,0.9912098080037012,False,122
2003-04-30,616,574,658,top_6,-0.1548838124092765,False,1.6506701253191247,1.6223530565657025,0.0023748513264774808,5.639918822963885e-06,0.999994360081177,-0.1548993053044954,0.9912098080037012,False,122
2003-04-30,616,574,658,flag_nested,-0.1095636915373983,False,0.7068054924673314,0.6975018982204815,0.006321558279092172,3.996209907608517e-05,0.9999600379009239,-0.10968660263985643,0.9912098080037012,False,122
2003-05-20,630,588,672,market_1,0.17462505154736768,True,0.05656397501405425,0.06893266640195579,0.08128146296705176,0.006606676222064234,0.9933933237779358,0.16778124051266172,0.9921350913717326,False,123
2003-05-20,630,588,672,block_2_3,0.24589375726188334,True,0.3485375508973512,0.3508203152107346,,0.0,1.0,0.24589375726188334,0.9921350913717326,False,123
2003-05-20,630,588,672,block_4_6,0.46199709156560226,True,1.035090055955321,1.4869154825812618,-0.0008787413829191716,7.721864182519411e-07,0.9999992278135817,0.4619968644467611,0.9921350913717326,False,123
2003-05-20,630,588,672,top_3,0.2484547458527465,True,0.3530122408224985,0.35350856970462974,0.015618757519366632,0.00024394558644891262,0.9997560544135511,0.24826109020568993,0.9921350913717326,False,123
2003-05-20,630,588,672,top_6,0.425179006309986,True,1.0559798623032508,1.5094903725213635,0.004037899792501166,1.6304634734454204e-05,0.9999836953652655,0.42516941164536975,0.9921350913717326,False,123
2003-05-20,630,588,672,flag_nested,0.395469241241871,True,0.480195386196664,0.6528154508776595,0.010579782089180992,0.00011193178905477552,0.9998880682109452,0.3953803981301619,0.9921350913717326,False,123
2003-06-09,644,602,686,market_1,0.27508598991085875,True,0.06211415262210863,0.0578300193704273,-0.052686682773823344,0.0027758865417095713,0.9972241134582904,0.2799629700785228,0.9886652787416146,False,124
2003-06-09,644,602,686,block_2_3,0.2519685819362833,True,0.3352705755433483,0.37827720975171675,0.01133872891818084,0.00012856677347994339,0.9998714332265201,0.2521008395825054,0.9886652787416146,False,124
2003-06-09,644,602,686,block_4_6,-0.3132214380335763,False,1.4750761700670538,1.544695853259663,-0.03143079858626757,0.000987895099770597,0.9990121049002294,-0.31270822949201976,0.9886652787416146,False,124
2003-06-09,644,602,686,top_3,0.24944660676284833,True,0.3398756947519509,0.3816276056832287,-0.01041289990641445,0.0001084284844610206,0.999891571515539,0.24961646835469078,0.9886652787416146,False,124
2003-06-09,644,602,686,top_6,-0.3121209676000209,False,1.4892105991441416,1.5622984373881847,-0.0015718438531077527,2.470693098222121e-06,0.9999975293069018,-0.3121194116601716,0.9886652787416146,False,124
2003-06-09,644,602,686,flag_nested,-0.251331731598002,False,0.6418629386539975,0.6772642927182484,-0.005763391366484745,3.321668004296896e-05,0.999966783319957,-0.25129790255461554,0.9886652787416146,False,124
2003-06-27,658,616,700,market_1,-0.03559744388069054,False,0.07131791438781876,0.059153469288384705,-0.2810158690214423,0.0789699186418763,0.9210300813581237,0.016011725097379623,0.9855424473745085,False,124
2003-06-27,658,616,700,block_2_3,0.2556900387085779,True,0.3547324778587992,0.3382022111787315,,0.0,1.0,0.2556900387085779,0.9855424473745085,False,124
2003-06-27,658,616,700,block_4_6,0.6108307446599369,True,1.6075472864267155,1.2427252766091066,-0.045990522992822885,0.0021151282051532494,0.9978848717948468,0.6110615807728822,0.9855424473745085,False,124
2003-06-27,658,616,700,top_3,0.2484399254374528,True,0.3581246141381539,0.3432568692850098,-0.0485124632515475,0.0023534590907327013,0.9976465409092673,0.2504721603496502,0.9855424473745085,False,124
2003-06-27,658,616,700,top_6,0.5745169005154348,True,1.6223530565657025,1.2584265881374375,-0.01274779422299451,0.00016250625755187542,0.9998374937424481,0.5746693603417781,0.9855424473745085,False,124
2003-06-27,658,616,700,flag_nested,0.5320374541621152,True,0.6975018982204815,0.5538174837626314,-0.03663311230778814,0.0013419849173548215,0.9986580150826452,0.5333274328952452,0.9855424473745085,False,124
2003-07-17,672,630,714,market_1,-0.05195068752163444,False,0.06893266640195579,0.06796217393626797,-0.14588188961101092,0.02128152571647912,0.9787184742835209,-0.04001036475837548,0.982766597270414,False,122
2003-07-17,672,630,714,block_2_3,0.29334648206284714,True,0.3508203152107346,0.3202114495144409,,0.0,1.0,0.29334648206284714,0.982766597270414,False,122
2003-07-17,672,630,714,block_4_6,-0.42380701529485265,False,1.4869154825812614,1.0139937504299963,0.015841151700363505,0.000250942087193895,0.9997490579128061,-0.42371391019459725,0.982766597270414,False,122
2003-07-17,672,630,714,top_3,0.28555176233575724,True,0.35350856970462957,0.32719263888525646,-0.030033204199759262,0.0009019933545043601,0.9990980066454956,0.28616208523538544,0.982766597270414,False,122
2003-07-17,672,630,714,top_6,-0.40924362340724507,False,1.509490372521363,1.0215433546873198,-0.010979778628414913,0.00012055553872925007,0.9998794444612707,-0.4092334264630605,0.982766597270414,False,122
2003-07-17,672,630,714,flag_nested,-0.31245627597061787,False,0.6528154508776594,0.46284878990589,-0.026564563419549447,0.0007056760296713094,0.9992943239703287,-0.3123008752425415,0.982766597270414,False,122
2003-08-06,686,644,728,market_1,-0.04327890332384363,False,0.05783001937042732,0.0685036611312324,-0.11797614195563193,0.013918370070735375,0.9860816299292646,-0.03681021343772131,0.9831135785334258,False,121
2003-08-06,686,644,728,block_2_3,0.2499875069607236,True,0.3782772097517171,0.27651364900522274,,0.0,1.0,0.2499875069607236,0.9831135785334258,False,121
2003-08-06,686,644,728,block_4_6,0.610001318103416,True,1.544695853259663,1.0195420811866989,-0.008422541669674053,7.093920817735633e-05,0.9999290607918226,0.6100724776881002,0.9831135785334258,False,121
2003-08-06,686,644,728,top_3,0.24263689736833266,True,0.381627605683229,0.2845204177554032,-0.02757991274908064,0.0007606515872466968,0.9992393484127533,0.24301359627093275,0.9831135785334258,False,121
2003-08-06,686,644,728,top_6,0.5785282935376392,True,1.5622984373881847,1.0349683042529885,-0.0073450683775369875,5.395002947083949e-05,0.9999460499705292,0.5785732245895101,0.9831135785334258,False,121
2003-08-06,686,644,728,flag_nested,0.5298255707470987,True,0.6772642927182484,0.4584793046179986,-0.02130775766672845,0.0004540205367841166,0.9995459794632159,0.5300987071196718,0.9831135785334258,False,121
2003-08-26,700,658,742,market_1,0.19482564091706656,True,0.059153469288384705,0.053600514252237566,0.15617293488248227,0.024389985589808205,0.9756100144101918,0.1767344205630465,0.9821882951653944,False,125
2003-08-26,700,658,742,block_2_3,-0.062110977956855204,False,0.3382022111787314,0.3068909658074789,-0.018230617641705967,0.0003323554195980849,0.9996676445804019,-0.062207437740617044,0.9821882951653944,False,125
2003-08-26,700,658,742,block_4_6,-0.6551521113478797,False,1.2427252766091061,1.620650218570862,0.003873158755356617,1.500135874432651e-05,0.9999849986412557,-0.6551473690229259,0.9821882951653944,False,125
2003-08-26,700,658,742,top_3,-0.05478174977653849,False,0.34325686928500987,0.31143846694669536,0.027272421685333018,0.0007437849845827182,0.9992562150154173,-0.05549759681881799,0.9821882951653944,False,125
2003-08-26,700,658,742,top_6,-0.6383365703015396,False,1.258426588137438,1.6321113643248137,0.006368143231106319,4.0553248211616655e-05,0.9999594467517884,-0.6384176059355091,0.9821882951653944,False,125
2003-08-26,700,658,742,flag_nested,-0.573468042801771,False,0.5538174837626316,0.6922202724705296,0.015255665954454828,0.00023273534371370808,0.9997672646562863,-0.5739247125491628,0.9821882951653944,False,125
2003-09-15,714,672,756,market_1,0.10284090433569276,True,0.06796217393626795,0.05469481395540123,-0.09584281716544178,0.009185845602208365,0.9908141543977916,0.11780271258707051,0.9816099930603748,False,123
2003-09-15,714,672,756,block_2_3,0.03702277102463906,True,0.3202114495144408,0.34925927597858125,-0.06126085851179345,0.00375289278560198,0.996247107214398,0.03625755060907181,0.9816099930603748,False,123
2003-09-15,714,672,756,block_4_6,0.14987542955169156,True,1.013993750429996,0.9874792495131662,-0.007095202684119408,5.034190112884751e-05,0.9999496580988712,0.15014482606034354,0.9816099930603748,False,123
2003-09-15,714,672,756,top_3,0.038219498006439784,True,0.3271926388852563,0.3523304419741499,-0.011307659233689359,0.00012786315734503173,0.999872136842655,0.038579451868321776,0.9816099930603748,False,123
2003-09-15,714,672,756,top_6,0.15598818535114503,True,1.0215433546873192,1.0096970090372202,-0.005653196774222904,3.195863376825869e-05,0.9999680413662317,0.15604013804471512,0.9816099930603748,False,123
2003-09-15,714,672,756,flag_nested,0.13379524408554322,True,0.4628487899058898,0.4629093984038712,-0.013266456602356577,0.00017599887078234566,0.9998240011292177,0.1341769578136801,0.9816099930603748,False,123
2003-10-03,728,686,770,market_1,0.05274307179508636,True,0.06850366113123238,0.05908341061322384,-0.22911468429770615,0.052493538560837716,0.9475064614391623,0.09495542455124673,0.9814943326393708,False,123
2003-10-03,728,686,770,block_2_3,0.007836305193819114,True,0.27651364900522263,0.3201958865441523,-0.024659107534801588,0.0006080715844130058,0.999391928415587,0.007376650250074481,0.9814943326393708,False,123
2003-10-03,728,686,770,block_4_6,0.5785113917225047,True,1.0195420811866984,1.0437331151895641,-0.004020986090467809,1.61683291398651e-05,0.9999838316708601,0.5785999437559532,0.9814943326393708,False,123
2003-10-03,728,686,770,top_3,0.010365126640794321,True,0.284520417755403,0.324024241760322,-0.040581902218402466,0.0016468907876637795,0.9983531092123362,0.012122164815533833,0.9814943326393708,False,123
2003-10-03,728,686,770,top_6,0.566964772992786,True,1.0349683042529878,1.0799092245568407,-0.011826409996309252,0.00013986397340071122,0.9998601360265993,0.5671488684565177,0.9814943326393708,False,123
2003-10-03,728,686,770,flag_nested,0.47977584195856365,True,0.4584793046179983,0.4825509382848967,-0.033924571910415355,0.0011508765793047937,0.9988491234206952,0.48132098683699703,0.9814943326393708,False,123
2003-10-23,742,700,784,market_1,0.026981796797968978,True,0.05360051425223754,0.06769692675689487,-0.1872637819872643,0.03506772404417369,0.9649322759558263,0.07103199422555866,0.9797594263243118,False,124
2003-10-23,742,700,784,block_2_3,0.049578347425048484,True,0.30689096580747893,0.260813653840277,-0.03763728460138484,0.0014165651921657085,0.9985834348078343,0.04958681106459846,0.9797594263243118,False,124
2003-10-23,742,700,784,block_4_6,-0.30122748692913104,False,1.6206502185708629,0.7337027765765186,0.007796682989309721,6.0788265635713934e-05,0.9999392117343643,-0.30120489805770945,0.9797594263243118,False,124
2003-10-23,742,700,784,top_3,0.04644743714940559,True,0.3114384669466953,0.2681103108837375,-0.044288665127569744,0.001961485858782197,0.9980385141412178,0.04823388420209861,0.9797594263243118,False,124
2003-10-23,742,700,784,top_6,-0.26829795392060507,False,1.6321113643248142,0.770751528818918,-0.015094572820646275,0.0002278461286376876,0.9997721538713623,-0.2682210892555909,0.9797594263243118,False,124
2003-10-23,742,700,784,flag_nested,-0.22190529739629727,False,0.6922202724705299,0.3571464312517156,-0.042467460435061555,0.0018034851958035336,0.9981965148041965,-0.2212606388092888,0.9797594263243118,False,124
2003-11-12,756,714,798,market_1,0.05315067369050962,True,0.054694813955401204,0.06424476366485506,-0.28685548170995434,0.08228606738704969,0.9177139326129503,0.10489727445412445,0.9808003701133472,False,122
2003-11-12,756,714,798,block_2_3,-0.00637620764038836,False,0.3492592759785814,0.2598768480340439,0.009466857744473884,8.962139555379611e-05,0.9999103786044462,-0.006846045493457711,0.9808003701133472,False,122
2003-11-12,756,714,798,block_4_6,-0.08946222662100954,False,0.9874792495131662,0.8898951734119052,-0.010411641793098496,0.00010840228482789094,0.9998915977151721,-0.08935146097977677,0.9808003701133472,False,122
2003-11-12,756,714,798,top_3,-0.00936809072674072,False,0.35233044197415,0.2662622630943712,-0.06848821522764008,0.004690635625067552,0.9953093643749324,-0.0079267522347115,0.9808003701133472,False,122
2003-11-12,756,714,798,top_6,-0.04077920301468898,False,1.0096970090372202,0.9140066539357277,-0.018863665211079256,0.00035583786519577387,0.9996441621348042,-0.040668958152751004,0.9808003701133472,False,122
2003-11-12,756,714,798,flag_nested,-0.03371880301953126,False,0.4629093984038712,0.4086489297847188,-0.054712406199514924,0.0029934473921408022,0.9970065526078592,-0.03258402013598899,0.9808003701133472,False,122
2003-12-02,770,728,812,market_1,0.15012712063906522,True,0.0590834106132239,0.06504284141611284,-0.10219509837769353,0.010443838132426664,0.9895561618675733,0.1491328102322161,0.9824196160074022,False,121
2003-12-02,770,728,812,block_2_3,-0.04919329000646331,False,0.3201958865441526,0.2404178154592823,-0.010743695205986194,0.00011542698667910134,0.9998845730133209,-0.04963987097324258,0.9824196160074022,False,121
2003-12-02,770,728,812,block_4_6,-0.5744889703253377,False,1.043733115189564,1.1696429276881526,0.003458419789384758,1.1960667439803174e-05,0.9999880393325602,-0.5744923973796782,0.9824196160074022,False,121
2003-12-02,770,728,812,top_3,-0.047707534590612936,False,0.3240242417603222,0.24798993857165744,-0.021763184460052924,0.0004736361978423531,0.9995263638021576,-0.04773475941589206,0.9824196160074022,False,121
2003-12-02,770,728,812,top_6,-0.538771174816765,False,1.0799092245568402,1.1906532275089796,-0.005454645785607746,2.975316064657285e-05,0.9999702468393534,-0.5387872723239148,0.9824196160074022,False,121
2003-12-02,770,728,812,flag_nested,-0.4711787014378573,False,0.4825509382848966,0.5108875536358252,-0.015231094734532992,0.00023198624681253222,0.9997680137531875,-0.47126989634063754,0.9824196160074022,False,121
2003-12-22,784,742,826,market_1,0.16937073208757833,True,0.0676969267568949,0.056764184304929105,-0.10446191100616456,0.010912290851060047,0.98908770914894,0.16530511213652493,0.9834605597964376,False,123
2003-12-22,784,742,826,block_2_3,-0.05559633116495449,False,0.2608136538402768,0.25167108814083977,-0.036191029474014404,0.0013097906143890725,0.9986902093856109,-0.05321811042630825,0.9834605597964376,False,123
2003-12-22,784,742,826,block_4_6,-0.15130835631822082,False,0.7337027765765183,0.8689884360123911,0.022878383692071506,0.0005234204403615772,0.9994765795596384,-0.1509903369509082,0.9834605597964376,False,123
2003-12-22,784,742,826,top_3,-0.0452952759931458,False,0.2681103108837374,0.25600768033910604,-0.022811110516577218,0.0005203467629997238,0.9994796532370003,-0.04567560437023926,0.9834605597964376,False,123
2003-12-22,784,742,826,top_6,-0.13361915286239298,False,0.7707515288189177,0.8948849362651734,-0.0061738442706590875,3.81163530783768e-05,0.9999618836469216,-0.1336544624605312,0.9834605597964376,False,123
2003-12-22,784,742,826,flag_nested,-0.1107260027024237,False,0.35714643125171547,0.3981691327518929,-0.018040256254395485,0.0003254508457243288,0.9996745491542757,-0.11097604874571491,0.9834605597964376,False,123
2004-01-09,798,756,840,market_1,0.2838792218790305,True,0.06424476366485513,0.06402847140147983,0.001590988352855776,2.5312439390079433e-06,0.999997468756061,0.28391918953200773,0.9816099930603748,False,123
2004-01-09,798,756,840,block_2_3,-0.07938240891739491,False,0.25987684803404404,0.27044519977618864,-0.08474342675974504,0.0071814483789841566,0.9928185516210158,-0.0778077381715167,0.9816099930603748,False,123
2004-01-09,798,756,840,block_4_6,-0.4117750848628206,False,0.8898951734119053,1.028841035610021,0.011430183649792827,0.00013064909826787652,0.9998693509017321,-0.411718603676524,0.9816099930603748,False,123
2004-01-09,798,756,840,top_3,-0.06212571841214378,False,0.26626226309437134,0.27682399016160364,0.0034915407148858827,1.2190856563787378e-05,0.9999878091434362,-0.0621384197446335,0.9816099930603748,False,123
2004-01-09,798,756,840,top_6,-0.3855737857063605,False,0.914006653935728,1.0508969629420208,0.0010620233618740334,1.12789362116672e-06,0.9999988721063788,-0.3855775575091685,0.9816099930603748,False,123
2004-01-09,798,756,840,flag_nested,-0.32864084372348307,False,0.40864892978471884,0.46228514661386344,0.0010760359796746196,1.1578534293565923e-06,0.9999988421465706,-0.3286487010643348,0.9816099930603748,False,123
2004-01-29,812,770,854,market_1,0.36571639101314013,True,0.0650428414161128,0.06635112103360943,-0.016794783039319146,0.0002820647373376062,0.9997179352626624,0.3668258497520046,0.9790654637982882,False,120
2004-01-29,812,770,854,block_2_3,-0.10845813038972234,False,0.24041781545928234,0.3231206068064492,,0.0,1.0,-0.10845813038972234,0.9790654637982882,False,120
2004-01-29,812,770,854,block_4_6,-0.0657242618264859,False,1.169642927688153,1.3465925296459185,0.0035780590407053026,1.2802506498821309e-05,0.9999871974935012,-0.0657178511878907,0.9790654637982882,False,120
2004-01-29,812,770,854,top_3,-0.08291146132922843,False,0.2479899385716574,0.32905976721821645,-0.00439084472462823,1.9279517395776047e-05,0.9999807204826042,-0.08287237614295714,0.9790654637982882,False,120
2004-01-29,812,770,854,top_6,-0.06170686924053161,False,1.19065322750898,1.3610536812872382,-0.0009604085956563282,9.223846706429839e-07,0.9999990776153294,-0.061705339560200696,0.9790654637982882,False,120
2004-01-29,812,770,854,flag_nested,-0.05744432188094672,False,0.5108875536358253,0.5909656802956013,-0.0025058480284377914,6.279274341713936e-06,0.9999937207256583,-0.057429791791383855,0.9790654637982882,False,120
2004-02-18,826,784,868,market_1,0.11942178252393863,True,0.05676418430492911,0.07012761824302585,-0.11213114072132954,0.01257339271946667,0.9874266072805333,0.11757551453901226,0.9762896136941939,False,122
2004-02-18,826,784,868,block_2_3,0.019683719532331077,True,0.25167108814083977,0.4222777335219066,0.008628585317041684,7.445248457327303e-05,0.9999255475154267,0.020009585974262587,0.9762896136941939,False,122
2004-02-18,826,784,868,block_4_6,-0.11672949835952956,False,0.8689884360123914,1.0994520392049845,0.00349724007958402,1.22306881743528e-05,0.9999877693118256,-0.116743496252891,0.9762896136941939,False,122
2004-02-18,826,784,868,top_3,0.02592498561050946,True,0.25600768033910604,0.42757343852254664,-0.01889071037279559,0.0003568589383889931,0.999643141061611,0.02584151058955459,0.9762896136941939,False,122
2004-02-18,826,784,868,top_6,-0.12013691506660344,False,0.8948849362651737,1.094397098348499,-0.006153100919586357,3.786065092659108e-05,0.9999621393490734,-0.1201435362636459,0.9762896136941939,False,122
2004-02-18,826,784,868,flag_nested,-0.08865651626536418,False,0.398169132751893,0.5152427254178752,-0.0185083675107578,0.0003425596679135223,0.9996574403320865,-0.08874182678231718,0.9762896136941939,False,122
2004-03-09,840,798,882,market_1,0.20568993261466517,True,0.06402847140147978,0.06964277031996682,-0.134340238617272,0.018047299711745568,0.9819527002882544,0.22449691203997751,0.9731667823270876,False,123
2004-03-09,840,798,882,block_2_3,0.22386359450548932,True,0.2704451997761885,0.4263356277659627,0.007062270327606229,4.987566218017658e-05,0.9999501243378198,0.22412943678093558,0.9731667823270876,False,123
2004-03-09,840,798,882,block_4_6,-0.4069578707458127,False,1.028841035610021,1.2549368823468867,-0.014556071515850153,0.0002118792179744977,0.9997881207820255,-0.40687586208995713,0.9731667823270876,False,123
2004-03-09,840,798,882,top_3,0.22029200873562885,True,0.27682399016160353,0.4318011731371776,-0.021316429620339642,0.0004543901717587451,0.9995456098282413,0.22107990397556104,0.9731667823270876,False,123
2004-03-09,840,798,882,top_6,-0.41059917375576305,False,1.0508969629420208,1.2363196676027473,-0.006252184429831811,3.9089810144665726e-05,0.9999609101898553,-0.41057070626827236,0.9731667823270876,False,123
2004-03-09,840,798,882,flag_nested,-0.30209912693107344,False,0.4622851466138634,0.5672288661398341,-0.019740247623788863,0.0003896773762485095,0.9996103226237515,-0.30182059851096243,0.9731667823270876,False,123
2004-03-29,854,812,896,market_1,0.14150208387524635,True,0.06635112103360942,0.07234394186504123,-0.11841319846287193,0.014021685570207332,0.9859783144297927,0.174889973947715,0.970853573907009,False,120
2004-03-29,854,812,896,block_2_3,0.4181789662617477,True,0.32312060680644866,0.34009297059448274,-0.068670637803798,0.004715656496380505,0.9952843435036195,0.41652373627293515,0.970853573907009,False,120
2004-03-29,854,812,896,block_4_6,-0.11357241369012704,False,1.3465925296459171,0.7215436257396667,-0.010208287848301247,0.00010420914079400934,0.999895790859206,-0.11349080839772771,0.970853573907009,False,120
2004-03-29,854,812,896,top_3,0.40401504229193136,True,0.329059767218216,0.3444199702428881,-0.021006856877683697,0.00044128803587928367,0.9995587119641207,0.40567009879252297,0.970853573907009,False,120
2004-03-29,854,812,896,top_6,-0.13894136651968358,False,1.3610536812872378,0.7295808497739285,-0.007131964591624149,5.086491893624423e-05,0.9999491350810638,-0.13887392421163985,0.970853573907009,False,120
2004-03-29,854,812,896,flag_nested,-0.032663299869266485,False,0.590965680295601,0.3653629071914905,-0.026479739628572262,0.0007011766107969386,0.9992988233892031,-0.031834672586646316,0.970853573907009,False,120
2004-04-16,868,826,910,market_1,0.17243556664344656,True,0.07012761824302587,0.07611870463543532,-0.23314532211998393,0.05435674122643097,0.945643258773569,0.19224322372445002,0.9681933842239185,False,124
2004-04-16,868,826,910,block_2_3,0.365856818023754,True,0.4222777335219075,0.25924305120634833,-0.17413711087258332,0.0303237333830505,0.9696762666169495,0.36763754359748657,0.9681933842239185,False,124
2004-04-16,868,826,910,block_4_6,0.4790857886076975,True,1.0994520392049836,1.4064309839684106,-0.015237685747245046,0.00023218706693184377,0.9997678129330682,0.47897965435129247,0.9681933842239185,False,124
2004-04-16,868,826,910,top_3,0.3553199088946333,True,0.4275734385225473,0.26158902319819843,-0.045195873355145154,0.002042666968334439,0.9979573330316656,0.35622918352682686,0.9681933842239185,False,124
2004-04-16,868,826,910,top_6,0.46028150957876623,True,1.0943970983484985,1.4231993958117635,-0.009027354437743156,8.149312814476062e-05,0.9999185068718552,0.4603423162016143,0.9681933842239185,False,124
2004-04-16,868,826,910,flag_nested,0.42866171543750137,True,0.5152427254178752,0.605133387158953,-0.03216918903009303,0.0010348567228539718,0.998965143277146,0.42924794788190357,0.9681933842239185,False,124
2004-05-06,882,840,924,market_1,0.04888016930822839,True,0.06964277031996688,0.0879940417627171,-0.04702447441472402,0.0022113011939809413,0.9977886988060191,0.0594263502657317,0.9663428174878557,False,122
2004-05-06,882,840,924,block_2_3,0.5513342347034006,True,0.42633562776596307,0.31404958147242756,-0.09888388041653018,0.009778021806230552,0.9902219781937694,0.5504557632651846,0.9663428174878557,False,122
2004-05-06,882,840,924,block_4_6,0.5853793537766585,True,1.2549368823468863,1.631386357240133,-0.004542336654934857,2.0632822286814623e-05,0.9999793671777132,0.5853677875365539,0.9663428174878557,False,122
2004-05-06,882,840,924,top_3,0.5472500666882597,True,0.43180117313717775,0.31456389745986185,-0.007516593451715138,5.6499177118474186e-05,0.9999435008228815,0.5477809819164533,0.9663428174878557,False,122
2004-05-06,882,840,924,top_6,0.5645226823085999,True,1.236319667602747,1.6363741440480462,-0.0024010236182739034,5.764914415506972e-06,0.9999942350855845,0.56458681359125,0.9663428174878557,False,122
2004-05-06,882,840,924,flag_nested,0.5442059276640038,True,0.5672288661398341,0.6978632792070479,-0.006531172499683644,4.2656214220504474e-05,0.9999573437857795,0.5446529473163991,0.9663428174878557,False,122
2004-05-26,896,854,938,market_1,0.28035199888499474,True,0.07234394186504124,0.06728590069956984,0.02564240366592981,0.0006575328657664192,0.9993424671342336,0.28034954338058465,0.9753643303261624,False,125
2004-05-26,896,854,938,block_2_3,0.5150330062627303,True,0.3400929705944832,0.2927259022541995,0.013436265675943283,0.00018053323531452836,0.9998194667646855,0.5160616931251621,0.9753643303261624,False,125
2004-05-26,896,854,938,block_4_6,-0.19827917780600451,False,0.7215436257396672,1.5916695585991192,-0.0062682500785006074,3.9290959046645035e-05,0.9999607090409534,-0.19826794528993455,0.9753643303261624,False,125
2004-05-26,896,854,938,top_3,0.506324162696236,True,0.3444199702428887,0.2960159406754934,0.004546555069034337,2.0671162995866688e-05,0.9999793288370041,0.506340654908107,0.9753643303261624,False,125
2004-05-26,896,854,938,top_6,-0.2050813593563109,False,0.7295808497739288,1.6005730943513734,0.00017156617795274982,2.9434953474627434e-08,0.9999999705650465,-0.20508129087711718,0.9753643303261624,False,125
2004-05-26,896,854,938,flag_nested,-0.08605915909384339,False,0.3653629071914907,0.67875492131147,0.0026727206370044084,7.143435603373938e-06,0.9999928565643966,-0.08605895253252342,0.9753643303261624,False,125
2004-06-15,910,868,952,market_1,0.28232226880925765,True,0.0761187046354353,0.0543023936404651,-0.1168068256345698,0.01364383451482476,0.9863561654851752,0.27678255010809893,0.9773305574832293,False,125
2004-06-15,910,868,952,block_2_3,0.39538756633400973,True,0.25924305120634783,0.24771246654465598,-0.03572877547325863,0.0012765453968184293,0.9987234546031816,0.3953135648687906,0.9773305574832293,False,125
2004-06-15,910,868,952,block_4_6,0.5187261459357887,True,1.4064309839684102,0.8884278445844903,0.0007841467648989098,6.148861488863844e-07,0.9999993851138511,0.5187274816153198,0.9773305574832293,False,125
2004-06-15,910,868,952,top_3,0.3899437426563322,True,0.26158902319819793,0.25252946323537023,-0.02762193801845546,0.0007629714598952342,0.9992370285401048,0.39004008844663085,0.9773305574832293,False,125
2004-06-15,910,868,952,top_6,0.5100388576693538,True,1.4231993958117628,0.8964986969841138,-0.0076027531438892315,5.780185536685689e-05,0.9999421981446331,0.5100520905495151,0.9773305574832293,False,125
2004-06-15,910,868,952,flag_nested,0.49121171010704695,True,0.6051333871589528,0.3976901375502889,-0.020125777593336308,0.0004050469237364407,0.9995949530762636,0.4911753181909361,0.9773305574832293,False,125
2004-07-05,924,882,966,market_1,0.1354360725206665,True,0.08799404176271707,0.05138177360936359,0.03233035325322976,0.0010452517414786255,0.9989547482585214,0.1362587129542861,0.9821882951653944,False,122
2004-07-05,924,882,966,block_2_3,0.07046320229914767,True,0.3140495814724275,0.20947544020538428,,0.0,1.0,0.07046320229914767,0.9821882951653944,False,122
2004-07-05,924,882,966,block_4_6,0.5302353569907706,True,1.631386357240133,0.7236119728585293,0.025061905025363124,0.0006280990835004774,0.9993719009164995,0.5298540596417611,0.9821882951653944,False,122
2004-07-05,924,882,966,top_3,0.061978276809291785,True,0.31456389745986163,0.21501186517811088,0.007656661731466186,5.862446887006101e-05,0.9999413755311299,0.06197119414287051,0.9821882951653944,False,122
2004-07-05,924,882,966,top_6,0.527053823429621,True,1.6363741440480464,0.7345390057376779,0.002227333816947425,4.961015932170021e-06,0.9999950389840678,0.5270528607175755,0.9821882951653944,False,122
2004-07-05,924,882,966,flag_nested,0.4692002856421242,True,0.6978632792070482,0.32859505860564914,0.006168860700509015,3.80548423423166e-05,0.9999619451576577,0.46922083063502895,0.9821882951653944,False,122
2004-07-23,938,896,980,market_1,-0.05201139736539477,False,0.0672859006995698,0.053403746101652855,-0.16366870466490985,0.026787444886689382,0.9732125551133106,-0.044139833120985135,0.9863520703215359,False,122
2004-07-23,938,896,980,block_2_3,0.09305651276700598,True,0.29272590225419926,0.20853293104423637,-0.05953900285085535,0.0035448928604743246,0.9964551071395257,0.09105914997836752,0.9863520703215359,False,122
2004-07-23,938,896,980,block_4_6,-0.07377827840103883,False,1.5916695585991194,0.817930674699667,0.02572574153573731,0.0006618137775634692,0.9993381862224365,-0.07420871480068568,0.9863520703215359,False,122
2004-07-23,938,896,980,top_3,0.09109740314559774,True,0.2960159406754932,0.21430226403046568,-0.03965050057295944,0.001572162195686455,0.9984278378043135,0.09161893781314501,0.9863520703215359,False,122
2004-07-23,938,896,980,top_6,-0.06624964729345284,False,1.6005730943513727,0.829596926896495,-0.011010373804691873,0.00012122833131900101,0.999878771668681,-0.06623017716412134,0.9863520703215359,False,122
2004-07-23,938,896,980,flag_nested,-0.052228707019064756,False,0.6787549213114699,0.3645073713107903,-0.0293333205015032,0.0008604436916439528,0.999139556308356,-0.052069269181912,0.9863520703215359,False,122
2004-08-12,952,910,994,market_1,0.14017302126049097,True,0.05430239364046514,0.04726080110528766,-0.07629533495444049,0.005820978135810284,0.9941790218641897,0.138072945066537,0.9873930141105713,False,122
2004-08-12,952,910,994,block_2_3,0.02679369829896556,True,0.24771246654465606,0.26212309494010994,,0.0,1.0,0.02679369829896556,0.9873930141105713,False,122
2004-08-12,952,910,994,block_4_6,-0.038918182797312746,False,0.8884278445844904,1.192543867693708,-0.01045528900388263,0.00010931306815475939,0.9998906869318452,-0.038638200167456394,0.9873930141105713,False,122
2004-08-12,952,910,994,top_3,0.032802378297345586,True,0.25252946323537034,0.2662955827008623,-0.013641096127977951,0.0001860795035726337,0.9998139204964274,0.03270746374559872,0.9873930141105713,False,122
2004-08-12,952,910,994,top_6,-0.039248411661186144,False,0.8964986969841142,1.211794971796414,-0.004406388221002404,1.941625715418116e-05,0.9999805837428458,-0.03925815103767846,0.9873930141105713,False,122
2004-08-12,952,910,994,flag_nested,-0.029057266339826523,False,0.3976901375502891,0.5202043233720345,-0.008956663726124496,8.022182510292186e-05,0.9999197781748971,-0.029109680803724954,0.9873930141105713,False,122
2004-09-01,966,924,1008,market_1,0.11399772192055924,True,0.05138177360936362,0.053558081081317294,-0.09174022945967074,0.008416269701312928,0.9915837302986871,0.11216517362031592,0.9890122600046264,False,122
2004-09-01,966,924,1008,block_2_3,0.10821740319629042,True,0.2094754402053843,0.26020599860053617,,0.0,1.0,0.10821740319629042,0.9890122600046264,False,122
2004-09-01,966,924,1008,block_4_6,0.08528516973062608,True,0.72361197285853,1.5992053087782596,0.02435756774607743,0.0005932911065049673,0.999406708893495,0.08539639195753161,0.9890122600046264,False,122
2004-09-01,966,924,1008,top_3,0.11332723699986824,True,0.21501186517811108,0.26496537800914083,-0.018129697040578287,0.00032868591478318887,0.9996713140852168,0.11323677216515819,0.9890122600046264,False,122
2004-09-01,966,924,1008,top_6,0.0757181443757743,True,0.7345390057376783,1.6097390613996214,-0.0033367522886320012,1.1133915835737085e-05,0.9999888660841643,0.0757154470248522,0.9890122600046264,False,122
2004-09-01,966,924,1008,flag_nested,0.07817623192231624,True,0.32859505860564936,0.6768658110705876,-0.008938481235203586,7.989644679207153e-05,0.9999201035532079,0.07813872805291423,0.9890122600046264,False,122
2004-09-21,980,938,1022,market_1,-0.09037592684491934,False,0.053403746101652876,0.06043224918968253,-0.06235358528557642,0.003887969597965557,0.9961120304020344,-0.09331098587469924,0.9887809391626186,False,122
2004-09-21,980,938,1022,block_2_3,0.09143605828561539,True,0.20853293104423645,0.2636774701112145,,0.0,1.0,0.09143605828561539,0.9887809391626186,False,122
2004-09-21,980,938,1022,block_4_6,0.4670099534198986,True,0.8179306746996673,1.2731268108929017,0.002116352893182147,4.478949568564872e-06,0.9999955210504314,0.46701206699869924,0.9887809391626186,False,122
2004-09-21,980,938,1022,top_3,0.09505399398306552,True,0.21430226403046582,0.26702875749198307,-0.014164433124514035,0.00020063116573898476,0.999799368834261,0.09492228820164246,0.9887809391626186,False,122
2004-09-21,980,938,1022,top_6,0.46636480945135694,True,0.829596926896495,1.2838015973718777,-0.0038114980058480763,1.452751704866806e-05,0.9999854724829513,0.4663585854399237,0.9887809391626186,False,122
2004-09-21,980,938,1022,flag_nested,0.4207840922653024,True,0.36450737131079036,0.5496464919265158,-0.00868187782951399,7.537500264676034e-05,0.9999246249973532,0.42074537385075533,0.9887809391626186,False,122
2004-10-11,994,952,1036,market_1,-0.06752306871701513,False,0.04726080110528765,0.07525102600087544,-0.05303460407494594,0.0028126692293862776,0.9971873307706137,-0.0690913397502421,0.9904001850566736,False,122
2004-10-11,994,952,1036,block_2_3,0.06657015820199225,True,0.26212309494010994,0.21399208990771343,,0.0,1.0,0.06657015820199225,0.9904001850566736,False,122
2004-10-11,994,952,1036,block_4_6,0.29692449514845776,True,1.1925438676937077,0.7292117462330938,-0.01317647129341094,0.0001736193957462273,0.9998263806042538,0.2969749687544052,0.9904001850566736,False,122
2004-10-11,994,952,1036,top_3,0.061695646696878645,True,0.2662955827008623,0.21846421951083947,-0.018785734198162787,0.00035290380936403576,0.999647096190636,0.06161480170773988,0.9904001850566736,False,122
2004-10-11,994,952,1036,top_6,0.2831538318208969,True,1.2117949717964134,0.7467986785784643,-0.006425949659747866,4.1292829029648814e-05,0.9999587071709704,0.2831483632828317,0.9904001850566736,False,122
2004-10-11,994,952,1036,flag_nested,0.2480279595996707,True,0.5202043233720341,0.33841242053265114,-0.014859322505860627,0.00022079946533304362,0.999779200534667,0.24800780849184825,0.9904001850566736,False,122
2004-10-29,1008,966,1050,market_1,0.045389846049903884,True,0.05355808108131727,0.0706590895798712,-0.07348035876630811,0.005399363124425349,0.9946006368755747,0.04999297072234929,0.9904001850566736,False,118
2004-10-29,1008,966,1050,block_2_3,0.08847228748015562,True,0.2602059986005359,0.1970596457009539,,0.0,1.0,0.08847228748015562,0.9904001850566736,False,118
2004-10-29,1008,966,1050,block_4_6,0.30675756504188006,True,1.5992053087782585,0.569266652453445,-0.01734848969235467,0.00030097009460572366,0.9996990299053943,0.3066933559912956,0.9904001850566736,False,118
2004-10-29,1008,966,1050,top_3,0.0802999072095267,True,0.26496537800914044,0.20111660705789516,-0.023951550260561484,0.0005736767598839565,0.999426323240116,0.08059277763698551,0.9904001850566736,False,118
2004-10-29,1008,966,1050,top_6,0.29082695074886283,True,1.6097390613996203,0.5894394513812279,-0.006802230234659021,4.627033616544374e-05,0.9999537296638346,0.2908556273856824,0.9904001850566736,False,118
2004-10-29,1008,966,1050,flag_nested,0.2543989544043984,True,0.676865811070587,0.2763726010766082,-0.02205888535490149,0.000486594423100839,0.9995134055768992,0.2545980268961356,0.9904001850566736,False,118
2004-11-18,1022,980,1064,market_1,0.353640735594364,True,0.060432249189682534,0.06380507506016024,-0.10155745783864084,0.010313917242647186,0.9896860827573528,0.3672442896609031,0.9935230164237798,False,122
2004-11-18,1022,980,1064,block_2_3,0.11606723832849168,True,0.2636774701112145,0.20610754745275883,,0.0,1.0,0.11606723832849168,0.9935230164237798,False,122
2004-11-18,1022,980,1064,block_4_6,-0.597876745058198,False,1.2731268108929026,0.9673013525684151,-0.009175195142707489,8.418420590672326e-05,0.9999158157940933,-0.5979276637630414,0.9935230164237798,False,122
2004-11-18,1022,980,1064,top_3,0.10949536747434815,True,0.2670287574919832,0.2123620508376407,-0.030689246280218196,0.0009418298372478873,0.9990581701627521,0.11020819425710934,0.9935230164237798,False,122
2004-11-18,1022,980,1064,top_6,-0.5952933982602836,False,1.2838015973718777,0.9813067595807217,-0.006144809410009998,3.775868268529603e-05,0.9999622413173147,-0.5952833886629139,0.9935230164237798,False,122
2004-11-18,1022,980,1064,flag_nested,-0.5218585141328878,False,0.5496464919265157,0.42378940589467107,-0.018606723479924966,0.00034621015865821114,0.9996537898413418,-0.5217518056427155,0.9935230164237798,False,122
2004-12-08,1036,994,1078,market_1,0.34632737358004595,True,0.07525102600087544,0.058929814086539134,-0.12056552848214977,0.01453604665818009,0.9854639533418199,0.3501647693030498,0.9958362248438585,False,124
2004-12-08,1036,994,1078,block_2_3,0.03534071038020996,True,0.21399208990771357,0.23589131930657625,-0.03616266736465429,0.0013077385109264705,0.9986922614890735,0.03043598089472458,0.9958362248438585,False,124
2004-12-08,1036,994,1078,block_4_6,-0.32046322983436104,False,0.7292117462330939,0.5822715846279816,0.0007071797145730471,5.001031487816832e-07,0.9999994998968512,-0.32047068855784167,0.9958362248438585,False,124
2004-12-08,1036,994,1078,top_3,0.022207364366115843,True,0.2184642195108396,0.23998757992229913,-0.030941967322652968,0.0009574053417962247,0.9990425946582038,0.022399364666300485,0.9958362248438585,False,124
2004-12-08,1036,994,1078,top_6,-0.287343007060923,False,0.7467986785784644,0.6263606640183284,-0.010184249365851388,0.00010371893514571351,0.9998962810648543,-0.28732746007644844,0.9958362248438585,False,124
2004-12-08,1036,994,1078,flag_nested,-0.203913979031345,False,0.3384124205326512,0.296746832724757,-0.029286490207048325,0.0008576985086474753,0.9991423014913525,-0.20388970387339903,0.9958362248438585,False,124
2004-12-28,1050,1008,1092,market_1,0.3567607867098073,True,0.0706590895798712,0.057344258175284116,0.059423850796317026,0.0035311940434630262,0.996468805956537,0.3566449730916199,0.9964145269488781,False,125
2004-12-28,1050,1008,1092,block_2_3,0.048448238500735034,True,0.19705964570095408,0.28802568504515524,-0.0019078552364923988,3.6399116033480894e-06,0.9999963600883967,0.04844256866226174,0.9964145269488781,False,125
2004-12-28,1050,1008,1092,block_4_6,0.14493467746757932,True,0.5692666524534452,0.6379094781777577,0.007786439303615454,6.062863702871457e-05,0.9999393713629713,0.14524766695221017,0.9964145269488781,False,125
2004-12-28,1050,1008,1092,top_3,0.046665929581369635,True,0.20111660705789533,0.29261815777470357,0.011356377354416412,0.00012896730661571265,0.9998710326933843,0.04655022934011852,0.9964145269488781,False,125
2004-12-28,1050,1008,1092,top_6,0.1347877372423712,True,0.5894394513812284,0.690167113154168,0.005374947662863147,2.8890062378383874e-05,0.9999711099376216,0.13476339274638602,0.9964145269488781,False,125
2004-12-28,1050,1008,1092,flag_nested,0.124769667382531,True,0.2763726010766084,0.33349452775933286,0.012567980136704179,0.00015795412471641956,0.9998420458752836,0.12470212759458248,0.9964145269488781,False,125
2005-01-17,1064,1022,1106,market_1,0.2700100715877989,True,0.06380507506016023,0.05520584885979735,-0.07180229799255824,0.005155569997012277,0.9948444300029877,0.27143058995953034,0.9971084894749017,False,126
2005-01-17,1064,1022,1106,block_2_3,-0.09323821440110701,False,0.20610754745275883,0.3227399460268342,0.02344515098191578,0.0005496751045649395,0.9994503248954351,-0.09253606113312111,0.9971084894749017,False,126
2005-01-17,1064,1022,1106,block_4_6,-0.44650377805610963,False,0.9673013525684157,1.078796073662602,0.010839772381444727,0.00011750066528148917,0.9998824993347185,-0.446400562170494,0.9971084894749017,False,126
2005-01-17,1064,1022,1106,top_3,-0.07931931794293214,False,0.21236205083764056,0.3269460247546234,-0.01540530480101331,0.00023732341601201412,0.999762676583988,-0.07919335258318456,0.9971084894749017,False,126
2005-01-17,1064,1022,1106,top_6,-0.42009817722310705,False,0.981306759580722,1.1171422072004802,-0.003932283782139708,1.5462855743386683e-05,0.9999845371442566,-0.4200930342003026,0.9971084894749017,False,126
2005-01-17,1064,1022,1106,flag_nested,-0.36886931225283115,False,0.42378940589467123,0.4966689426912805,-0.010478445324675524,0.00010979781642239672,0.9998902021835776,-0.3688578561645468,0.9971084894749017,False,126
2005-02-04,1078,1036,1120,market_1,0.1367594682936833,True,0.05892981408653914,0.057504110952189866,0.14071955566998398,0.019801993347957736,0.9801980066520423,0.14359193634437517,0.9966458477908859,False,124
2005-02-04,1078,1036,1120,block_2_3,0.019306062467408645,True,0.23589131930657628,0.40764265391181237,0.042207203445964195,0.0017814480227289486,0.998218551977271,0.019726583234049487,0.9966458477908859,False,124
2005-02-04,1078,1036,1120,block_4_6,0.02495678321880278,True,0.5822715846279818,0.9410532265465181,-0.01888001766753803,0.00035645506712655983,0.9996435449328734,0.025016149488055254,0.9966458477908859,False,124
2005-02-04,1078,1036,1120,top_3,0.021919132854476896,True,0.23998757992229916,0.4110730600245196,0.015467415209590787,0.0002392409332657719,0.9997607590667342,0.022016993631179302,0.9966458477908859,False,124
2005-02-04,1078,1036,1120,top_6,0.028859745551178845,True,0.6263606640183286,0.9812881332745548,0.006122592196838567,3.748613520870858e-05,0.9999625138647913,0.028872854627158558,0.9966458477908859,False,124
2005-02-04,1078,1036,1120,flag_nested,0.029740510769806577,True,0.2967468327247571,0.4691710524104749,0.01952093737089956,0.0003810669958383972,0.9996189330041616,0.029904348243684736,0.9966458477908859,False,124
2005-02-24,1092,1050,1134,market_1,0.08430470667412897,True,0.05734425817528411,0.04774894102066454,-0.001756515267554264,3.0853458850010895e-06,0.999996914654115,0.08480084161176478,0.9958362248438585,False,125
2005-02-24,1092,1050,1134,block_2_3,0.036371670037704605,True,0.2880256850451551,0.4124810551009043,0.029398704925797787,0.000864283851314207,0.9991357161486858,0.036416846706832075,0.9958362248438585,False,125
2005-02-24,1092,1050,1134,block_4_6,-0.06752930705348806,False,0.6379094781777574,0.8252633552895285,0.008720785287390348,7.605209602890017e-05,0.9999239479039711,-0.06747846362576698,0.9958362248438585,False,125
2005-02-24,1092,1050,1134,top_3,0.03660256580195235,True,0.2926181577747036,0.4149947973267626,-0.0017397132551876691,3.0266022102987122e-06,0.9999969733977897,0.036640458660927674,0.9958362248438585,False,125
2005-02-24,1092,1050,1134,top_6,-0.056393948665740774,False,0.6901671131541673,0.8528294631475285,-0.00035672070464451894,1.2724966125254866e-07,0.9999998727503387,-0.05639283634348312,0.9958362248438585,False,125
2005-02-24,1092,1050,1134,flag_nested,-0.026928929135144792,False,0.3334945277593327,0.42533109162953525,-0.0007191082724941928,5.171167076767347e-07,0.9999994828832923,-0.026920160401412156,0.9958362248438585,False,125
2005-03-16,1106,1064,1148,market_1,0.08093024370672754,True,0.055205848859797305,0.0485174036240853,-0.11421540266176242,0.013045158205188478,0.9869548417948115,0.09028549510780186,0.9958362248438585,False,124
2005-03-16,1106,1064,1148,block_2_3,-0.050255356647801404,False,0.32273994602683437,0.4355710561664636,-0.028886568392527075,0.0008344338334960177,0.999165566166504,-0.04945130888721835,0.9958362248438585,False,124
2005-03-16,1106,1064,1148,block_4_6,0.0587451295381477,True,1.0787960736626019,0.8404303303535791,0.006800742773666783,4.6250102273770466e-05,0.9999537498977262,0.05881940108025202,0.9958362248438585,False,124
2005-03-16,1106,1064,1148,top_3,-0.04742408040833447,False,0.3269460247546236,0.4379977416570192,-0.011276519152053133,0.0001271598841864341,0.9998728401158136,-0.047305155232891936,0.9958362248438585,False,124
2005-03-16,1106,1064,1148,top_6,0.08689509916080462,True,1.11714220720048,0.8581184179018401,-0.006995906076682994,4.894270183375404e-05,0.9999510572981662,0.08691002649674998,0.9958362248438585,False,124
2005-03-16,1106,1064,1148,flag_nested,0.0548143122114662,True,0.4966689426912804,0.4347748254867473,-0.015377060642342405,0.00023645399399840894,0.9997635460060016,0.05496628449252107,0.9958362248438585,False,124
2005-04-05,1120,1078,1162,market_1,-0.08859803027114095,False,0.05750411095218984,0.05351859262631122,-0.02912336019015558,0.000848170108765478,0.9991518298912345,-0.08452612484197286,0.9957205644228545,False,125
2005-04-05,1120,1078,1162,block_2_3,0.09696998797673216,True,0.40764265391181237,0.27555592273966567,0.037054020867153904,0.0013730004624233905,0.9986269995375766,0.09627465975534708,0.9957205644228545,False,125
2005-04-05,1120,1078,1162,block_4_6,-0.06150817265169398,False,0.9410532265465177,0.6737692999703444,-0.012115977193704023,0.0001467969033585037,0.9998532030966415,-0.06144865521632955,0.9957205644228545,False,125
2005-04-05,1120,1078,1162,top_3,0.09378520362331849,True,0.4110730600245196,0.28020950399545325,-0.00635263646464456,4.03559900521433e-05,0.9999596440099479,0.09397935634230808,0.9957205644228545,False,125
2005-04-05,1120,1078,1162,top_6,-0.07762093226061638,False,0.9812881332745549,0.7197267159653254,-0.0026494773065363695,7.019729997725932e-06,0.9999929802700023,-0.07759927814201921,0.9957205644228545,False,125
2005-04-05,1120,1078,1162,flag_nested,-0.0364487730232836,False,0.46917105241047496,0.33966324412894466,-0.005935592316228767,3.523125614435241e-05,0.9999647687438556,-0.036293754101738886,0.9957205644228545,False,125
2005-04-25,1134,1092,1176,market_1,0.19739924747041662,True,0.04774894102066456,0.05155074333088812,-0.038366270481766884,0.0014719707106800595,0.9985280292893199,0.19687608175218954,0.9965301873698821,False,126
2005-04-25,1134,1092,1176,block_2_3,0.11825518354513676,True,0.41248105510090416,0.3062682013053669,0.005014274566144256,2.514294942479456e-05,0.9999748570505752,0.11823063930520865,0.9965301873698821,False,126
2005-04-25,1134,1092,1176,block_4_6,-0.002653152043674836,False,0.8252633552895284,0.5942954118707376,-0.004889048423445851,2.3902794486829748e-05,0.9999760972055132,-0.00273315194478553,0.9965301873698821,False,126
2005-04-25,1134,1092,1176,top_3,0.12136294463271793,True,0.4149947973267626,0.3100427127050558,-0.007277738769485088,5.296548159694492e-05,0.999947034518403,0.12134082176157533,0.9965301873698821,False,126
2005-04-25,1134,1092,1176,top_6,-0.05350769041652211,False,0.8528294631475282,0.6394156245274522,-0.004090116548503965,1.6729053380348802e-05,0.9999832709466197,-0.05351632187178358,0.9965301873698821,False,126
2005-04-25,1134,1092,1176,flag_nested,0.0060698884766149696,True,0.4253310916295352,0.32068940922140793,-0.008058241287060092,6.493525264050781e-05,0.9999350647473595,0.006044618577033046,0.9965301873698821,False,126
2005-05-13,1148,1106,1190,market_1,0.2075511922322639,True,0.048517403624085347,0.051256603463028204,0.05783051266615751,0.0033443681952306514,0.9966556318047693,0.20479100172156772,0.9962988665278741,False,129
2005-05-13,1148,1106,1190,block_2_3,0.1560636002701923,True,0.43557105616646336,0.36570446876242996,0.013115183323890242,0.00017200803361916428,0.9998279919663808,0.15642942625523593,0.9962988665278741,False,129
2005-05-13,1148,1106,1190,block_4_6,-0.2109331835220613,False,0.8404303303535794,0.713286182548822,0.019839503964172864,0.0003936059175443374,0.9996063940824557,-0.21114843569025632,0.9962988665278741,False,129
2005-05-13,1148,1106,1190,top_3,0.15843039111077856,True,0.4379977416570192,0.36895514876300084,0.0054076234690477185,2.924239158297315e-05,0.999970757608417,0.1583901237735273,0.9962988665278741,False,129
2005-05-13,1148,1106,1190,top_6,-0.26581471538341017,False,0.8581184179018404,0.7532952686975254,0.002661895591840531,7.085688141783564e-06,0.9999929143118582,-0.2658329153808417,0.9962988665278741,False,129
2005-05-13,1148,1106,1190,flag_nested,-0.1193127829791105,False,0.43477482548674745,0.37759612503108175,0.008577718205562206,7.357724961387646e-05,0.9999264227503861,-0.11940246317307457,0.9962988665278741,False,129
2005-06-02,1162,1120,1204,market_1,0.08735446945362448,True,0.05351859262631125,0.05856386426005526,0.08055687770872326,0.0064894105461781315,0.9935105894538219,0.0834010948279685,0.9967615082118899,False,124
2005-06-02,1162,1120,1204,block_2_3,0.08075339915418174,True,0.2755559227396656,0.4777630950091625,-0.00372515850406773,1.3876805880608245e-05,0.9999861231941194,0.08068523623701442,0.9967615082118899,False,124
2005-06-02,1162,1120,1204,block_4_6,-0.07612316699893236,False,0.6737692999703443,1.1047330157646296,-0.0016972271375636796,2.880579956454632e-06,0.9999971194200435,-0.07610441062233483,0.9967615082118899,False,124
2005-06-02,1162,1120,1204,top_3,0.08325228403015492,True,0.28020950399545297,0.4806933938736922,0.010481497664301342,0.00010986179328675849,0.9998901382067132,0.08311041544135965,0.9967615082118899,False,124
2005-06-02,1162,1120,1204,top_6,-0.08856228123013576,False,0.7197267159653254,1.0894333114941048,0.0034042704025564656,1.1589056973515532e-05,0.9999884109430265,-0.08858043443365446,0.9967615082118899,False,124
2005-06-02,1162,1120,1204,flag_nested,-0.042203870225208044,False,0.33966324412894466,0.5275060150056821,0.010859581539400753,0.00011793051121067322,0.9998820694887893,-0.04233599453890478,0.9967615082118899,False,124
2005-06-22,1176,1134,1218,market_1,0.0243415255041286,True,0.05155074333088809,0.06334356267153061,-0.037819337477622936,0.0014303022872466098,0.9985696977127534,0.029009933440189466,0.9967615082118899,False,128
2005-06-22,1176,1134,1218,block_2_3,0.22646739658243692,True,0.30626820130536697,0.4764429635661539,0.004094455090818462,1.6764562490778623e-05,0.9999832354375092,0.2268441193078488,0.9967615082118899,False,128
2005-06-22,1176,1134,1218,block_4_6,-0.01936055378045431,False,0.5942954118707382,1.2184672057038088,-0.013559151756113637,0.00018385059634529188,0.9998161494036547,-0.019590004720993048,0.9967615082118899,False,128
2005-06-22,1176,1134,1218,top_3,0.2249969491432519,True,0.31004271270505573,0.48010713320939435,-0.006363559007715929,4.049488324475714e-05,0.9999595051167552,0.22522992269318393,0.9967615082118899,False,128
2005-06-22,1176,1134,1218,top_6,-0.03896183296052921,False,0.6394156245274524,1.2007273358239967,-0.0017971515904396376,3.229753839040228e-06,0.999996770246161,-0.03894456998378964,0.9967615082118899,False,128
2005-06-22,1176,1134,1218,flag_nested,0.034434209898484607,True,0.320689409221408,0.5666901409800028,-0.005436122026249891,2.9551422684348516e-05,0.9999704485773157,0.03458108077782786,0.9967615082118899,False,128
2005-07-12,1190,1148,1232,market_1,0.025471170209210293,True,0.0512566034630282,0.06730033901559196,0.0593259748713507,0.0035195712944361413,0.9964804287055639,0.0110296161966101,0.9959518852648623,False,128
2005-07-12,1190,1148,1232,block_2_3,0.242293601751052,True,0.3657044687624298,0.49679373177320474,0.020558629765038333,0.0004226572578158727,0.9995773427421841,0.24228472980088997,0.9959518852648623,False,128
2005-07-12,1190,1148,1232,block_4_6,-0.05603720918158092,False,0.7132861825488218,1.2909726867069349,0.010317603801696676,0.0001064529482088794,0.9998935470517911,-0.05634370083460335,0.9959518852648623,False,128
2005-07-12,1190,1148,1232,top_3,0.23982980070538,True,0.3689551487630006,0.5010391545523755,0.0066884283095801555,4.47350732524221e-05,0.9999552649267476,0.23974935451749818,0.9959518852648623,False,128
2005-07-12,1190,1148,1232,top_6,-0.10247135997647162,False,0.7532952686975251,1.2923750452674947,0.0015209122273169044,2.3131740031212544e-06,0.9999976868259969,-0.10250855291369426,0.9959518852648623,False,128
2005-07-12,1190,1148,1232,flag_nested,-0.007700164181961917,False,0.37759612503108153,0.6054598445546656,0.007340474708972119,5.388256895300092e-05,0.999946117431047,-0.008011874531407902,0.9959518852648623,False,128
2005-08-01,1204,1162,1246,market_1,0.201803561050839,True,0.05856386426005524,0.06365245864610183,0.001980621550233881,3.922861725347282e-06,0.9999960771382747,0.20381273615559048,0.9946796206338191,False,123
2005-08-01,1204,1162,1246,block_2_3,0.3935156742088698,True,0.4777630950091626,0.6935737551767541,-0.031150586006641848,0.0009703590085572422,0.9990296409914428,0.39474133805199824,0.9946796206338191,False,123
2005-08-01,1204,1162,1246,block_4_6,0.09390930662730823,True,1.1047330157646302,1.135577389095432,-0.006081063827256554,3.6979337271203505e-05,0.9999630206627288,0.09391583362907796,0.9946796206338191,False,123
2005-08-01,1204,1162,1246,top_3,0.39230888259374863,True,0.4806933938736922,0.6955379326022513,0.00808406705576911,6.535214016212265e-05,0.9999346478598379,0.39224254669223246,0.9946796206338191,False,123
2005-08-01,1204,1162,1246,top_6,0.008310872531734481,True,1.089433311494106,1.048582830052172,0.008836973548072358,7.809210148923551e-05,0.9999219078985108,0.008255312801517116,0.9946796206338191,False,123
2005-08-01,1204,1162,1246,flag_nested,0.1478834355731931,True,0.5275060150056825,0.5903927782710439,0.004847617382942115,2.34993942912487e-05,0.9999765006057088,0.14781902340814637,0.9946796206338191,False,123
2005-08-19,1218,1176,1260,market_1,0.06117149915460101,True,0.06334356267153059,0.06641847161625516,0.002708827440484121,7.337746102065168e-06,0.9999926622538979,0.061337267678434615,0.9936386768447837,False,125
2005-08-19,1218,1176,1260,block_2_3,0.4520749565078529,True,0.4764429635661541,0.6154002065842835,0.023102737629327956,0.0005337364859697713,0.9994662635140302,0.45183544784770374,0.9936386768447837,False,125
2005-08-19,1218,1176,1260,block_4_6,-0.12427711124845388,False,1.2184672057038084,1.1912502514002197,-0.00256577665508759,6.583209843813442e-06,0.9999934167901562,-0.12429812867561581,0.9936386768447837,False,125
2005-08-19,1218,1176,1260,top_3,0.44672460023214494,True,0.48010713320939463,0.6183535034079405,-0.003075290639936868,9.457412520008646e-06,0.99999054258748,0.4468310476716113,0.9936386768447837,False,125
2005-08-19,1218,1176,1260,top_6,-0.2178825598630361,False,1.2007273358239978,1.1958834799432665,0.0007713005309690525,5.949045089881366e-07,0.999999405095491,-0.21789173077933122,0.9936386768447837,False,125
2005-08-19,1218,1176,1260,flag_nested,-0.022271566163266622,False,0.5666901409800033,0.6084581453951182,-0.0003990996059917853,1.592804953487459e-07,0.9999998407195047,-0.022267996507146403,0.9936386768447837,False,125
2005-09-08,1232,1190,1274,market_1,-0.02605962555511245,False,0.06730033901559196,0.06691033196461386,-0.006505958055423334,4.232749021859661e-05,0.9999576725097814,-0.025366593863792395,0.9937543372657877,False,128
2005-09-08,1232,1190,1274,block_2_3,0.08945924700639621,True,0.4967937317732049,0.7732094334541029,0.0209361245853256,0.0004383213126522012,0.9995616786873478,0.08879126443481099,0.9937543372657877,False,128
2005-09-08,1232,1190,1274,block_4_6,-0.18298119708703317,False,1.2909726867069355,1.1248729472838153,0.0003673798264008239,1.3496793682676866e-07,0.9999998650320632,-0.1829811663962537,0.9937543372657877,False,128
2005-09-08,1232,1190,1274,top_3,0.0870299469324612,True,0.5010391545523755,0.7754778951325567,-0.0021483034418983845,4.615207678471123e-06,0.9999953847923215,0.08708619652827099,0.9937543372657877,False,128
2005-09-08,1232,1190,1274,top_6,-0.17140232332702807,False,1.292375045267495,1.0155023161819723,-0.0018171230113302865,3.3019360383690355e-06,0.9999966980639616,-0.17139336895739138,0.9937543372657877,False,128
2005-09-08,1232,1190,1274,flag_nested,-0.07086431986656332,False,0.6054598445546656,0.6138456430557387,-0.0017224145240997562,2.966711792673493e-06,0.9999970332882073,-0.07084400831085849,0.9937543372657877,False,128
2005-09-28,1246,1204,1288,market_1,0.13197011904331035,True,0.06365245864610185,0.060031882925069,0.15071694795175597,0.022715598399892123,0.9772844016001079,0.1099664507095775,0.9932916955817719,False,127
2005-09-28,1246,1204,1288,block_2_3,-0.05241357178690839,False,0.6935737551767549,0.5608976460474462,0.011994498857473258,0.00014386800284205137,0.999856131997158,-0.0528380596478594,0.9932916955817719,False,127
2005-09-28,1246,1204,1288,block_4_6,0.1757771222847134,True,1.1355773890954315,0.995314935848412,-0.0002851016107015086,8.128292849907126e-08,0.9999999187170715,0.1757769232579761,0.9932916955817719,False,127
2005-09-28,1246,1204,1288,top_3,-0.0531767100138405,False,0.6955379326022524,0.5635272542554419,0.013978506599973326,0.00019539864676532126,0.9998046013532347,-0.05337900572313907,0.9932916955817719,False,127
2005-09-28,1246,1204,1288,top_6,0.23191678069264313,True,1.0485828300521716,1.03155778137031,0.006511400044571921,4.239833054042741e-05,0.9999576016694596,0.2318786408516697,0.9932916955817719,False,127
2005-09-28,1246,1204,1288,flag_nested,0.11185422100442617,True,0.5903927782710442,0.5355465044681254,0.01950823334559123,0.00038057116826595294,0.999619428831734,0.11149541274026528,0.9932916955817719,False,127
2005-10-20,1260,1218,1302,market_1,-0.06927832002953344,False,0.06641847161625523,0.06953927266419704,0.03614018377079483,0.0013061128829865432,0.9986938871170135,-0.0761160764183351,0.9927133934767522,False,125
2005-10-20,1260,1218,1302,block_2_3,-0.17568237473001455,False,0.6154002065842828,0.45012265764431564,0.024523864208725012,0.0006014199157280409,0.999398580084272,-0.17648191775510894,0.9927133934767522,False,125
2005-10-20,1260,1218,1302,block_4_6,0.15025552224756838,True,1.1912502514002197,0.626189540989928,-0.0018838147433157136,3.5487579872484076e-06,0.9999964512420128,0.15024736483454362,0.9927133934767522,False,125
2005-10-20,1260,1218,1302,top_3,-0.17676990689158034,False,0.6183535034079399,0.4530951198979382,0.000595673922431337,3.548274221110148e-07,0.9999996451725779,-0.17679918424859645,0.9927133934767522,False,125
2005-10-20,1260,1218,1302,top_6,0.26722929288167085,True,1.195883479943267,0.6424772392738681,-0.0006711994603072654,4.505087155548537e-07,0.9999995494912844,0.26723647481727497,0.9927133934767522,False,125
2005-10-20,1260,1218,1302,flag_nested,0.07583313391719315,True,0.6084581453951182,0.376913261682229,0.005492507090044412,3.0167634133992927e-05,0.999969832365866,0.07574000213557726,0.9927133934767522,False,125
2005-11-09,1274,1232,1316,market_1,0.05588910705108477,True,0.0669103319646139,0.07629497409257215,-0.04282672646424972,0.0018341284996438167,0.9981658715003562,0.06680444785721025,0.9890122600046264,False,124
2005-11-09,1274,1232,1316,block_2_3,-0.36519659776186014,False,0.7732094334541028,0.4834581408043914,0.04233110292414323,0.0017919222747744268,0.9982080777252256,-0.36670913331463756,0.9890122600046264,False,124
2005-11-09,1274,1232,1316,block_4_6,0.16356969748424496,True,1.1248729472838155,0.8697475146595167,0.0041460350648240205,1.718960675867187e-05,0.9999828103932413,0.16351984186191443,0.9890122600046264,False,124
2005-11-09,1274,1232,1316,top_3,-0.36262293623521874,False,0.7754778951325564,0.4875327819678667,-0.008315145494561726,6.914164459570493e-05,0.9999308583554043,-0.36254407330199423,0.9890122600046264,False,124
2005-11-09,1274,1232,1316,top_6,0.3740458938337411,True,1.0155023161819725,0.8507155060677412,-0.005836418215479514,3.406377758596868e-05,0.999965936222414,0.37414781919389944,0.9890122600046264,False,124
2005-11-09,1274,1232,1316,flag_nested,0.030328049240669116,True,0.6138456430557387,0.45350833099320703,-0.0098026509685584,9.609196601134684e-05,0.9999039080339887,0.03061834548667554,0.9890122600046264,False,124
2005-11-29,1288,1246,1330,market_1,0.22998125418574292,True,0.06003188292506908,0.07807648419114632,-0.1681717552162962,0.02828173925252986,0.9717182607474701,0.2524654226449541,0.9873930141105713,False,123
2005-11-29,1288,1246,1330,block_2_3,0.15912200685962483,True,0.5608976460474462,0.38605803430123525,0.024539894241946157,0.000602206409405448,0.9993977935905946,0.15901088757751106,0.9873930141105713,False,123
2005-11-29,1288,1246,1330,block_4_6,0.37156364956806015,True,0.9953149358484122,0.7614173264400943,0.001062538858112219,1.1289888248722235e-06,0.9999988710111751,0.3715730403764303,0.9873930141105713,False,123
2005-11-29,1288,1246,1330,top_3,0.1562531480853159,True,0.5635272542554423,0.3927323028109702,-0.036233653749840423,0.0013128776640635165,0.9986871223359365,0.1567852886087772,0.9873930141105713,False,123
2005-11-29,1288,1246,1330,top_6,0.3799171594382788,True,1.031557781370311,0.7634596585077087,-0.02321442995454449,0.0005389097581144364,0.9994610902418856,0.3801631344321976,0.9873930141105713,False,123
2005-11-29,1288,1246,1330,flag_nested,0.2966272748686883,True,0.5355465044681256,0.3932606425372839,-0.04323292625110202,0.001869085912233337,0.9981309140877667,0.29755874366631796,0.9873930141105713,False,123
2005-12-19,1302,1260,1344,market_1,0.15936611716322868,True,0.069539272664197,0.07044414541568825,-0.21927896444686845,0.0480832642488912,0.9519167357511088,0.18702813407689378,0.9886652787416146,False,123
2005-12-19,1302,1260,1344,block_2_3,0.060778822221852616,True,0.45012265764431564,0.3279550598331672,0.008439675805075665,7.122812769499998e-05,0.999928771872305,0.060348940296776545,0.9886652787416146,False,123
2005-12-19,1302,1260,1344,block_4_6,0.04060765506792097,True,0.6261895409899275,0.8009987155484194,0.01196065832411129,0.00014305734754627153,0.9998569426524537,0.04045457930879926,0.9886652787416146,False,123
2005-12-19,1302,1260,1344,top_3,0.06261181217151418,True,0.453095119897938,0.33536824271320853,-0.04577595168909318,0.0020954377530421064,0.9979045622469579,0.06310618332536992,0.9886652787416146,False,123
2005-12-19,1302,1260,1344,top_6,0.08433637563988665,True,0.6424772392738678,0.8300902645413136,-0.01904019466164396,0.0003625290127531322,0.9996374709872469,0.08445248838194286,0.9886652787416146,False,123
2005-12-19,1302,1260,1344,flag_nested,0.07658506536363112,True,0.3769132616822288,0.3966038807734654,-0.047758091419161826,0.0022808352960008715,0.9977191647039991,0.07762007478583692,0.9886652787416146,False,123
2006-01-06,1316,1274,1358,market_1,0.13290521035444705,True,0.07629497409257215,0.07604775408320914,-0.20551026761475777,0.042234470095089516,0.9577655299049105,0.13499587819541412,0.9890122600046264,False,124
2006-01-06,1316,1274,1358,block_2_3,0.10028778340039511,True,0.4834581408043918,0.3948547907968255,-0.004991794069648165,2.491800803383626e-05,0.9999750819919662,0.10016517781734317,0.9890122600046264,False,124
2006-01-06,1316,1274,1358,block_4_6,0.37925580761590666,True,0.8697475146595166,1.0611436636491902,-0.00870528339610764,7.578195900648232e-05,0.9999242180409935,0.3792585417390694,0.9890122600046264,False,124
2006-01-06,1316,1274,1358,top_3,0.09889328938384005,True,0.48753278196786715,0.40202590589872256,-0.04228096753808986,0.0017876802159570993,0.9982123197840429,0.09921549822693353,0.9890122600046264,False,124
2006-01-06,1316,1274,1358,top_6,0.3920275366408048,True,0.8507155060677413,1.0826250325014164,-0.01677133106713731,0.00028127754576345865,0.9997187224542365,0.3921095425912925,0.9890122600046264,False,124
2006-01-06,1316,1274,1358,flag_nested,0.2943455442602879,True,0.45350833099320725,0.5049795679748953,-0.03931576167739295,0.0015457291162734865,0.9984542708837265,0.2946312512395303,0.9890122600046264,False,124
2006-01-26,1330,1288,1372,market_1,0.2318574531011924,True,0.07807648419114624,0.06602962437958328,-0.2818784414574319,0.0794554557584709,0.9205445442415291,0.22754571231193316,0.9901688642146658,False,122
2006-01-26,1330,1288,1372,block_2_3,0.05136440609931579,True,0.3860580343012347,0.3872852774496038,-0.0624252249865369,0.0038969087146198955,0.9961030912853801,0.05376265964442712,0.9901688642146658,False,122
2006-01-26,1330,1288,1372,block_4_6,0.3449792294824036,True,0.7614173264400936,1.3548530500493294,0.015875034184957084,0.0002520167103738924,0.9997479832896261,0.3451070525920264,0.9901688642146658,False,122
2006-01-26,1330,1288,1372,top_3,0.0579833462302374,True,0.39273230281096977,0.3928125810040468,-0.04475015770997559,0.0020025766150675306,0.9979974233849325,0.05748107325670205,0.9901688642146658,False,122
2006-01-26,1330,1288,1372,top_6,0.3318849426731253,True,0.7634596585077086,1.39477956460329,-0.013230351384529038,0.0001750421977579908,0.999824957802242,0.3318249752476963,0.9901688642146658,False,122
2006-01-26,1330,1288,1372,flag_nested,0.2601921413656771,True,0.39326064253728366,0.616464779907622,-0.03648678369820625,0.0013312853846395578,0.9986687146153604,0.25990225593972544,0.9901688642146658,False,122
2006-02-15,1344,1302,1386,market_1,0.221967732376214,True,0.07044414541568826,0.0749761479087841,-0.05536887425978316,0.003065712236795526,0.9969342877632045,0.21920802685132004,0.9924820726347444,False,126
2006-02-15,1344,1302,1386,block_2_3,0.13102380665915034,True,0.3279550598331673,0.4419764080516548,-0.014335869099392537,0.00020551714283489897,0.9997944828571651,0.1311446386921935,0.9924820726347444,False,126
2006-02-15,1344,1302,1386,block_4_6,0.4193264814143195,True,0.8009987155484195,0.828274132152302,0.014331569375560684,0.00020539388076667997,0.9997946061192333,0.419394994864272,0.9924820726347444,False,126
2006-02-15,1344,1302,1386,top_3,0.13386735208390838,True,0.3353682427132087,0.4482764595801495,-0.009238101708618036,8.534252317882185e-05,0.9999146574768212,0.13376060228793288,0.9924820726347444,False,126
2006-02-15,1344,1302,1386,top_6,0.34168119395261715,True,0.830090264541314,0.9003745215802562,-0.0071761145348205125,5.149661981684872e-05,0.9999485033801832,0.3416590673829913,0.9924820726347444,False,126
2006-02-15,1344,1302,1386,flag_nested,0.27906297938663926,True,0.39660388077346553,0.45576060676443964,-0.011834516340836966,0.00014005577702147498,0.9998599442229785,0.2789459200119944,0.9924820726347444,False,126
2006-03-07,1358,1316,1400,market_1,0.1479640383397986,True,0.07604775408320912,0.07344029703350839,0.026275001810057475,0.0006903757201183192,0.9993096242798817,0.14937566053122825,0.9937543372657877,False,125
2006-03-07,1358,1316,1400,block_2_3,0.1711005289566415,True,0.39485479079682523,0.42632316166788886,0.009257459983059477,8.570056533807602e-05,0.9999142994346619,0.17142135855026444,0.9937543372657877,False,125
2006-03-07,1358,1316,1400,block_4_6,-0.05650463353285024,False,1.0611436636491902,0.7633393881363215,0.00220648010429801,4.868554450698781e-06,0.9999951314455493,-0.0565384520885538,0.9937543372657877,False,125
2006-03-07,1358,1316,1400,top_3,0.17054351655913733,True,0.4020259058987222,0.4322247202374471,0.004675344881401378,2.185884975991481e-05,0.9999781411502401,0.1705920892250306,0.9937543372657877,False,125
2006-03-07,1358,1316,1400,top_6,-0.06696662000582766,False,1.0826250325014166,0.8073008782882518,0.0023523804706195254,5.53369387834568e-06,0.9999944663061217,-0.06695991289241941,0.9937543372657877,False,125
2006-03-07,1358,1316,1400,flag_nested,0.004479290669245866,True,0.5049795679748953,0.41986743721955094,0.0056778741656716685,3.223825504106159e-05,0.9999677617449589,0.004527191561013695,0.9937543372657877,False,125
2006-03-27,1372,1330,1414,market_1,0.12809044195573244,True,0.06602962437958332,0.08087205005599442,0.013429905847303551,0.000180362371067333,0.9998196376289327,0.13010952890982366,0.9941013185287995,False,127
2006-03-27,1372,1330,1414,block_2_3,0.1168744586111467,True,0.3872852774496042,0.34775027269396425,0.06308143352870087,0.003979267256035701,0.9960207327439643,0.11764575843075813,0.9941013185287995,False,127
2006-03-27,1372,1330,1414,block_4_6,-0.558222438426559,False,1.3548530500493303,1.592873888411545,0.016521650285891462,0.00027296492816941686,0.9997270350718306,-0.5583820191072758,0.9941013185287995,False,127
2006-03-27,1372,1330,1414,top_3,0.11839903367759097,True,0.392812581004047,0.3562741251830944,0.001014401843389214,1.029011099995536e-06,0.9999989709889,0.11842875420707423,0.9941013185287995,False,127
2006-03-27,1372,1330,1414,top_6,-0.5278798861838881,False,1.3947795646032906,1.5922656591267412,-0.0010174463712886534,1.0351971183597541e-06,0.9999989648028816,-0.5278898731073363,0.9941013185287995,False,127
2006-03-27,1372,1330,1414,flag_nested,-0.4469717375182099,False,0.6164647799076224,0.6865874749641435,0.0011156258469410844,1.2446210304606353e-06,0.9999987553789695,-0.4469944619818117,0.9941013185287995,False,127
2006-04-14,1386,1344,1428,market_1,0.12124087775340167,True,0.07497614790878405,0.07007725339918779,-0.07570591977987537,0.005731386289716922,0.9942686137102831,0.1280319509671821,0.9921350913717326,False,124
2006-04-14,1386,1344,1428,block_2_3,-0.04248776941691955,False,0.44197640805165467,0.2765400156148257,,0.0,1.0,-0.04248776941691955,0.9921350913717326,False,124
2006-04-14,1386,1344,1428,block_4_6,0.19449480245819353,True,0.8282741321523016,0.7349644728436296,-0.030631337712834595,0.0009382788500775785,0.9990617211499224,0.1953873148211374,0.9921350913717326,False,124
2006-04-14,1386,1344,1428,top_3,-0.037629522629609495,False,0.4482764595801492,0.28217317979429846,-0.021287600970081637,0.00045316195506128754,0.9995468380449387,-0.0373601770653536,0.9921350913717326,False,124
2006-04-14,1386,1344,1428,top_6,0.10811701382698093,True,0.9003745215802559,0.7760693938868412,-0.00479239228409836,2.296702380466531e-05,0.9999770329761953,0.10813713297321349,0.9921350913717326,False,124
2006-04-14,1386,1344,1428,flag_nested,0.07035016872383638,True,0.4557606067644394,0.36308677557442187,-0.01782975103479456,0.000317900021962747,0.9996820999780373,0.07064120185260565,0.9921350913717326,False,124
2006-05-04,1400,1358,1442,market_1,0.11826130703396709,True,0.0734402970335084,0.08217021147741284,-0.06817774558180958,0.004648204992617977,0.995351795007382,0.1333316267923802,0.9919037705297248,False,124
2006-05-04,1400,1358,1442,block_2_3,0.05796778461386231,True,0.4263231616678892,0.27747216771509964,,0.0,1.0,0.05796778461386231,0.9919037705297248,False,124
2006-05-04,1400,1358,1442,block_4_6,0.07882662050156981,True,0.7633393881363212,0.6293811355727009,0.019833336581322532,0.0003933612399479314,0.9996066387600521,0.07911668749112478,0.9919037705297248,False,124
2006-05-04,1400,1358,1442,top_3,0.06190957886128521,True,0.4322247202374476,0.28280846851295105,-0.022708686444297663,0.0005156844400252547,0.9994843155599747,0.06265000754047385,0.9919037705297248,False,124
2006-05-04,1400,1358,1442,top_6,0.005346850692234114,True,0.8073008782882516,0.6679348529904553,-0.01033112618822718,0.00010673216831691423,0.9998932678316831,0.005525648696036363,0.9919037705297248,False,124
2006-05-04,1400,1358,1442,flag_nested,0.02696516811782575,True,0.41986743721955105,0.3282808476213925,-0.022116771216096592,0.0004891515690251813,0.9995108484309748,0.027861903455987724,0.9919037705297248,False,124
2006-05-24,1414,1372,1456,market_1,0.16187818986421523,True,0.08087205005599439,0.0660422030900488,-0.2805187324443333,0.0786907592521755,0.9213092407478245,0.20864452460658037,0.9934073560027759,False,125
2006-05-24,1414,1372,1456,block_2_3,0.32589554497322226,True,0.347750272693964,0.3951794504450736,,0.0,1.0,0.32589554497322226,0.9934073560027759,False,125
2006-05-24,1414,1372,1456,block_4_6,-0.5309218438238286,False,1.5928738884115436,1.055404730478877,0.005130126754867877,2.6318200520902835e-05,0.9999736817994791,-0.5309156974132816,0.9934073560027759,False,125
2006-05-24,1414,1372,1456,top_3,0.3129669469353373,True,0.3562741251830945,0.39821231001315954,-0.05020763617742621,0.002520806730524683,0.9974791932694753,0.3150061833268367,0.9934073560027759,False,125
2006-05-24,1414,1372,1456,top_6,-0.5295759085756712,False,1.5922656591267406,1.037442551938621,-0.017493626624989465,0.00030602697249459965,0.9996939730275054,-0.529524790771124,0.9934073560027759,False,125
2006-05-24,1414,1372,1456,flag_nested,-0.3896629610941278,False,0.6865874749641432,0.4864159008843625,-0.04736307494353241,0.002243260868106778,0.9977567391318932,-0.38924866823389537,0.9934073560027759,False,125
2006-06-13,1428,1386,1470,market_1,0.3570725207253673,True,0.07007725339918781,0.06023606274007299,-0.13512439539582244,0.01825860223108655,0.9817413977689134,0.3808781352298387,0.9947952810548231,False,123
2006-06-13,1428,1386,1470,block_2_3,0.14419852566746946,True,0.2765400156148258,0.34986528287796964,,0.0,1.0,0.14419852566746946,0.9947952810548231,False,123
2006-06-13,1428,1386,1470,block_4_6,0.17851688279955744,True,0.7349644728436299,0.6133350106853426,-0.00824814495293509,6.803189516468855e-05,0.9999319681048353,0.1784899093525666,0.9947952810548231,False,123
2006-06-13,1428,1386,1470,top_3,0.14569761728554678,True,0.2821731797942986,0.3540911328548753,-0.026119242121473384,0.0006822148090002145,0.9993177851909998,0.1466434337124245,0.9947952810548231,False,123
2006-06-13,1428,1386,1470,top_6,0.17411107763139744,True,0.7760693938868415,0.6023661312118508,-0.014392702425159342,0.00020714988309922244,0.9997928501169008,0.17430096746095466,0.9947952810548231,False,123
2006-06-13,1428,1386,1470,flag_nested,0.1686371527987036,True,0.3630867755744221,0.3254167369928869,-0.03178260708316345,0.0010101341130027697,0.9989898658869972,0.16975324531094887,0.9947952810548231,False,123
2006-07-03,1442,1400,1484,market_1,0.09319031624558094,True,0.08217021147741284,0.0639753681191343,-0.1125574755409786,0.012669185300158148,0.9873308146998419,0.08539606025561845,0.9949109414758269,False,126
2006-07-03,1442,1400,1484,block_2_3,0.2286444384662796,True,0.2774721677150996,0.28879057725620144,,0.0,1.0,0.2286444384662796,0.9949109414758269,False,126
2006-07-03,1442,1400,1484,block_4_6,0.27829275947510385,True,0.6293811355727013,0.6392204227375805,-0.005382933006171519,2.897596774886768e-05,0.9999710240322511,0.2782497340848655,0.9949109414758269,False,126
2006-07-03,1442,1400,1484,top_3,0.23501958247352064,True,0.28280846851295083,0.2952008836620963,-0.023965715372315205,0.0005743555133067568,0.9994256444866932,0.23459873761098943,0.9949109414758269,False,126
2006-07-03,1442,1400,1484,top_6,0.2138217995628693,True,0.6679348529904556,0.6553654997833681,-0.01040588760317084,0.0001082824968098306,0.9998917175031902,0.21375768623717495,0.9949109414758269,False,126
2006-07-03,1442,1400,1484,flag_nested,0.21301610586533024,True,0.32828084762139254,0.32361194562107387,-0.02698669622491441,0.0007282817731358859,0.9992717182268641,0.21252546454499555,0.9949109414758269,False,126
2006-07-21,1456,1414,1498,market_1,0.08998058093459496,True,0.06604220309004875,0.0603444604656978,-0.09342750034700367,0.008728697821089426,0.9912713021789106,0.09293991361072744,0.9959518852648623,False,124
2006-07-21,1456,1414,1498,block_2_3,-0.18734525036197883,False,0.3951794504450734,0.2699334889989993,,0.0,1.0,-0.18734525036197883,0.9959518852648623,False,124
2006-07-21,1456,1414,1498,block_4_6,0.23949000130444764,True,1.055404730478876,0.6666699498142373,-0.007392572479530177,5.465012786509682e-05,0.9999453498721349,0.23948509939984997,0.9959518852648623,False,124
2006-07-21,1456,1414,1498,top_3,-0.1714601658647494,False,0.3982123100131592,0.27484319658159784,-0.02008648685762713,0.00040346695428150614,0.9995965330457185,-0.17144154606263917,0.9959518852648623,False,124
2006-07-21,1456,1414,1498,top_6,0.2528819390969154,True,1.037442551938622,0.6811518675984424,-0.00858025271453499,7.36207366454078e-05,0.9999263792633546,0.2528904327384268,0.9959518852648623,False,124
2006-07-21,1456,1414,1498,flag_nested,0.15072747229071326,True,0.4864159008843626,0.32580519629593707,-0.02118144756547367,0.00044865372096880574,0.9995513462790312,0.15083767555539263,0.9959518852648623,False,124
2006-08-10,1470,1428,1512,market_1,0.12115167091806964,True,0.060236062740072954,0.060299620293311054,-0.30011987224489983,0.09007193771629485,0.9099280622837052,0.1388422158868956,0.9957205644228545,False,126
2006-08-10,1470,1428,1512,block_2_3,0.09756563948669339,True,0.3498652828779693,0.27486961823355516,,0.0,1.0,0.09756563948669339,0.9957205644228545,False,126
2006-08-10,1470,1428,1512,block_4_6,0.24788152296657304,True,0.613335010685342,1.5654261896256003,0.0022821821641373953,5.208355430164069e-06,0.9999947916445698,0.2479018405250205,0.9957205644228545,False,126
2006-08-10,1470,1428,1512,top_3,0.10532882936607953,True,0.35409113285487503,0.27952481493205045,-0.06381692297359984,0.0040725996578185875,0.9959274003421814,0.10593445578682874,0.9957205644228545,False,126
2006-08-10,1470,1428,1512,top_6,0.24189959159538124,True,0.60236613121185,1.575444665117142,-0.01208195877250224,0.00014597372778024642,0.9998540262722198,0.2419640228435455,0.9957205644228545,False,126
2006-08-10,1470,1428,1512,flag_nested,0.1946455231013872,True,0.3254167369928866,0.6658466292894537,-0.0333729146023425,0.001113751429055232,0.9988862485709448,0.19504062252890234,0.9957205644228545,False,126
2006-08-30,1484,1442,1526,market_1,0.038064606900161196,True,0.06397536811913432,0.056887629526992556,-0.010345742837420749,0.00010703439485792998,0.9998929656051421,0.038901003083723275,0.9949109414758269,False,125
2006-08-30,1484,1442,1526,block_2_3,-0.009225078428473829,False,0.28879057725620183,0.3219900753980273,,0.0,1.0,-0.009225078428473829,0.9949109414758269,False,125
2006-08-30,1484,1442,1526,block_4_6,-0.32855484854686534,False,0.6392204227375801,1.1827574553981821,-0.00041661618597583637,1.7356904624676872e-07,0.9999998264309538,-0.3285851094104894,0.9949109414758269,False,125
2006-08-30,1484,1442,1526,top_3,-0.009597220132795608,False,0.29520088366209646,0.3266152835030188,-0.001740570383155288,3.029585258773615e-06,0.9999969704147412,-0.009571663224207112,0.9949109414758269,False,125
2006-08-30,1484,1442,1526,top_6,-0.3123953885768163,False,0.6553654997833676,1.2028275405796724,-0.0009193809414099351,8.45261315385315e-07,0.9999991547386846,-0.3123964990624461,0.9949109414758269,False,125
2006-08-30,1484,1442,1526,flag_nested,-0.2407060483863197,False,0.32361194562107376,0.5290819712123476,-0.001484949333702027,2.2050745235313585e-06,0.9999977949254765,-0.24071628637257808,0.9949109414758269,False,125
2006-09-19,1498,1456,1540,market_1,0.07350710377216317,True,0.060344460465697795,0.05535285250160038,-0.24445316145416685,0.05975734814493716,0.9402426518550628,0.08436889748381259,0.9956049040018505,False,123
2006-09-19,1498,1456,1540,block_2_3,0.3630416170426874,True,0.26993348899899955,0.43039533804491353,,0.0,1.0,0.3630416170426874,0.9956049040018505,False,123
2006-09-19,1498,1456,1540,block_4_6,0.0555418771436281,True,0.6666699498142376,0.8375655515019468,0.010204879333209342,0.00010413956220534093,0.9998958604377947,0.05566743066233282,0.9956049040018505,False,123
2006-09-19,1498,1456,1540,top_3,0.3591620999122262,True,0.27484319658159806,0.43376843447254737,-0.03099854642082436,0.0009609098802040306,0.999039090119796,0.35957261013386665,0.9956049040018505,False,123
2006-09-19,1498,1456,1540,top_6,0.009395900815065058,True,0.6811518675984425,0.8549200233594461,-0.015966375039888316,0.0002549251319144963,0.9997450748680855,0.009423730351857128,0.9956049040018505,False,123
2006-09-19,1498,1456,1540,flag_nested,0.10934648299828688,True,0.3258051962959372,0.43312469057436354,-0.03824576277034488,0.001462738369885641,0.9985372616301144,0.10970775364417087,0.9956049040018505,False,123
2006-10-09,1512,1470,1554,market_1,0.026225740009456842,True,0.060299620293311096,0.05771940328717043,-0.07907736110942797,0.006253229040030561,0.9937467709599694,0.02860050380036196,0.9975711311589174,False,126
2006-10-09,1512,1470,1554,block_2_3,0.203596095201597,True,0.27486961823355555,0.44217624760673285,,0.0,1.0,0.203596095201597,0.9975711311589174,False,126
2006-10-09,1512,1470,1554,block_4_6,-0.6362365991883058,False,1.5654261896255997,1.3244919057775277,0.0011965285933090454,1.431680674457425e-06,0.9999985683193255,-0.636253986457874,0.9975711311589174,False,126
2006-10-09,1512,1470,1554,top_3,0.2060704292864798,True,0.2795248149320508,0.44514309355377274,-0.009635710692785699,9.284692055500088e-05,0.999907153079445,0.20615795267174503,0.9975711311589174,False,126
2006-10-09,1512,1470,1554,top_6,-0.6153069852058486,False,1.575444665117141,1.359661716564801,-0.0037546586976596333,1.4097461935813627e-05,0.9999859025380642,-0.6153054168021276,0.9975711311589174,False,126
2006-10-09,1512,1470,1554,flag_nested,-0.515847771683451,False,0.6658466292894534,0.6144067474759899,-0.00909495940197927,8.271828652373081e-05,0.9999172817134763,-0.5158398772643756,0.9975711311589174,False,126
2006-10-27,1526,1484,1568,market_1,0.08555490396240828,True,0.056887629526992556,0.058742598172060824,-0.15099655253358027,0.02279995887702624,0.9772000411229738,0.07883570649295349,0.9972241498959056,False,126
2006-10-27,1526,1484,1568,block_2_3,0.22346074857653,True,0.3219900753980279,0.4529047510675844,,0.0,1.0,0.22346074857653,0.9972241498959056,False,126
2006-10-27,1526,1484,1568,block_4_6,0.5407124280865397,True,1.1827574553981828,1.5631890926395644,0.0036453762890704985,1.3288768288766128e-05,0.9999867112317112,0.5407088137181693,0.9972241498959056,False,126
2006-10-27,1526,1484,1568,top_3,0.22302262559437191,True,0.32661528350301916,0.4561391502450813,-0.018703064326638992,0.0003498046152062839,0.9996501953847937,0.22290412232169857,0.9972241498959056,False,126
2006-10-27,1526,1484,1568,top_6,0.5268386152812797,True,1.2028275405796733,1.5817927476246019,-0.004951505805879765,2.4517409745739016e-05,0.9999754825902543,0.5268349251864434,0.9972241498959056,False,126
2006-10-27,1526,1484,1568,flag_nested,0.48185192399760113,True,0.529081971212348,0.6998688332169135,-0.01518896397002851,0.00023070462648289158,0.9997692953735171,0.48181643614983644,0.9972241498959056,False,126
2006-11-16,1540,1498,1582,market_1,0.1620825082225461,True,0.05535285250160036,0.056126892793370256,-0.0686687673984212,0.004715399616018412,0.9952846003839816,0.16324680867261,0.9969928290538977,False,127
2006-11-16,1540,1498,1582,block_2_3,0.058173437154591556,True,0.43039533804491376,0.37149042397112403,,0.0,1.0,0.058173437154591556,0.9969928290538977,False,127
2006-11-16,1540,1498,1582,block_4_6,0.08733821709347828,True,0.8375655515019467,1.6286916698202183,0.0072399254421314455,5.241652040766098e-05,0.9999475834795923,0.0872188500127901,0.9969928290538977,False,127
2006-11-16,1540,1498,1582,top_3,0.06121073161266836,True,0.4337684344725475,0.375362725779667,-0.010452832087935236,0.00010926169865854707,0.9998907383013415,0.06122280169491291,0.9969928290538977,False,127
2006-11-16,1540,1498,1582,top_6,0.11936292339374235,True,0.854920023359446,1.6429513705301573,-0.0024110625394396803,5.8132225692064665e-06,0.9999941867774308,0.11936398086432692,0.9969928290538977,False,127
2006-11-16,1540,1498,1582,flag_nested,0.10372852064536324,True,0.4331246905743635,0.707105004732234,-0.006722896901484961,4.5197342747993474e-05,0.999954802657252,0.10374088781593144,0.9969928290538977,False,127
2006-12-06,1554,1512,1596,market_1,0.09447042185339055,True,0.05771940328717041,0.05734984402112806,0.060356056085443366,0.003642853506189203,0.9963571464938108,0.08948892925463862,0.9968771686328938,False,125
2006-12-06,1554,1512,1596,block_2_3,0.10664503089403131,True,0.4421762476067327,0.3469761418609881,,0.0,1.0,0.10664503089403131,0.9968771686328938,False,125
2006-12-06,1554,1512,1596,block_4_6,-0.40110063148593084,False,1.324491905777527,1.320050289467004,-0.014837147700176377,0.0002201409518767239,0.9997798590481233,-0.4011297847830498,0.9968771686328938,False,125
2006-12-06,1554,1512,1596,top_3,0.10968296879856987,True,0.4451430935537726,0.3512119750461811,0.009139990233848571,8.353942147476534e-05,0.9999164605785252,0.10958807785711447,0.9968771686328938,False,125
2006-12-06,1554,1512,1596,top_6,-0.38647344443273046,False,1.3596617165647997,1.3594270170786737,0.0033106989807417104,1.096072774098289e-05,0.999989039272259,-0.3864792338434722,0.9968771686328938,False,125
2006-12-06,1554,1512,1596,flag_nested,-0.3098888644434877,False,0.6144067474759894,0.5936434880255131,0.007262946873969559,5.2750397294132334e-05,0.9999472496027059,-0.30998146440398583,0.9968771686328938,False,125
2006-12-26,1568,1526,1610,market_1,0.05929195512178329,True,0.058742598172060845,0.05144605798548402,0.04566315818213555,0.002085124015166695,0.9979148759848333,0.053197577691153804,0.9957205644228545,False,126
2006-12-26,1568,1526,1610,block_2_3,-0.1127496672680113,False,0.4529047510675842,0.3456690541584135,,0.0,1.0,-0.1127496672680113,0.9957205644228545,False,126
2006-12-26,1568,1526,1610,block_4_6,-0.022214964109668004,False,1.5631890926395642,1.5085414717034618,0.0035316989932810752,1.2472897779280956e-05,0.9999875271022207,-0.02211608610315343,0.9957205644228545,False,126
2006-12-26,1568,1526,1610,top_3,-0.10689905709025002,False,0.4561391502450811,0.34889615774158544,0.007488792800492916,5.608201760876064e-05,0.9999439179823912,-0.10706047646245197,0.9957205644228545,False,126
2006-12-26,1568,1526,1610,top_6,-0.01464202736910969,False,1.5817927476246,1.5379916206062643,-0.00013691978824323294,1.8747028263099708e-08,0.9999999812529717,-0.014641477861739359,0.9957205644228545,False,126
2006-12-26,1568,1526,1610,flag_nested,-0.024688916662202832,False,0.6998688332169127,0.661407018423885,0.003934220392990987,1.5478090100606856e-05,0.9999845219098994,-0.024751791136501108,0.9957205644228545,False,126
2007-01-19,1582,1540,1624,market_1,-0.018622539210279607,False,0.056126892793370284,0.05178899960788704,-0.06819856666018585,0.004651044494503931,0.9953489555054961,-0.014870368537059295,0.9961832061068703,False,126
2007-01-19,1582,1540,1624,block_2_3,-0.15626089483996136,False,0.3714904239711241,0.34087526576005844,,0.0,1.0,-0.15626089483996136,0.9961832061068703,False,126
2007-01-19,1582,1540,1624,block_4_6,-0.5012095992280903,False,1.6286916698202194,1.6366503627267004,-0.6823459972429005,0.46559605995340836,0.5344039400465916,-0.2990544311810356,0.9961832061068703,False,126
2007-01-19,1582,1540,1624,top_3,-0.15285739016078387,False,0.37536272577966695,0.34445054012387033,-0.009416090195104443,8.866275456242967e-05,0.9999113372454376,-0.15278834727338825,0.9961832061068703,False,126
2007-01-19,1582,1540,1624,top_6,-0.47712812784770287,False,1.6429513705301577,1.6528609747997511,0.6653149063463432,0.44264392460664304,0.557356075393357,-0.27690361227522353,0.9961832061068703,False,126
2007-01-19,1582,1540,1624,flag_nested,-0.4462688478465237,False,0.7071050047322343,0.7053763007645341,0.5641503206861342,0.3182655843302681,0.6817344156697319,-0.31121536528549704,0.9961832061068703,False,126
2007-02-08,1596,1554,1638,market_1,0.07080746353295127,True,0.05734984402112806,0.05366348482125558,-0.17606791832474253,0.030999911863208385,0.9690000881367916,0.11373365577567777,0.9968771686328938,False,125
2007-02-08,1596,1554,1638,block_2_3,-0.19853879679354153,False,0.34697614186098796,0.4994192283486796,,0.0,1.0,-0.19853879679354153,0.9968771686328938,False,125
2007-02-08,1596,1554,1638,block_4_6,-0.2068276072253073,False,1.3200502894670043,0.9241290315793061,-0.01627763490766029,0.0002649613981871024,0.9997350386018129,-0.20688903533738762,0.9968771686328938,False,125
2007-02-08,1596,1554,1638,top_3,-0.19603133670192005,False,0.3512119750461809,0.501854699672349,-0.018977755154921512,0.00036015519072019053,0.9996398448092798,-0.1955123669641031,0.9968771686328938,False,125
2007-02-08,1596,1554,1638,top_6,-0.18281918172106132,False,1.3594270170786737,0.8980946873111464,-0.010261718662846281,0.00010530286991539128,0.9998946971300846,-0.18274591242640753,0.9968771686328938,False,125
2007-02-08,1596,1554,1638,flag_nested,-0.17368491049414178,False,0.5936434880255133,0.47038441090982874,-0.024578079288390727,0.0006040819815064102,0.9993959180184936,-0.17316230451687525,0.9968771686328938,False,125
2007-03-01,1610,1568,1652,market_1,0.16037832213412814,True,0.05144605798548399,0.05646728036794428,-0.1837407509506549,0.033760663559910475,0.9662393364400895,0.2065872196645688,0.9960675456858663,False,124
2007-03-01,1610,1568,1652,block_2_3,-0.22571454328118196,False,0.3456690541584133,0.5867697608164297,,0.0,1.0,-0.22571454328118196,0.9960675456858663,False,124
2007-03-01,1610,1568,1652,block_4_6,0.3394217914333408,True,1.508541471703462,1.4104344998021927,-0.0008324848254571934,6.930309847108518e-07,0.9999993069690153,0.3394233344790604,0.9960675456858663,False,124
2007-03-01,1610,1568,1652,top_3,-0.2240118341570254,False,0.34889615774158544,0.5883837743791928,-0.01690700196954499,0.0002858467155979483,0.999714153284402,-0.22363193566031103,0.9960675456858663,False,124
2007-03-01,1610,1568,1652,top_6,0.31389003802336146,True,1.5379916206062632,1.4311612595456016,-0.005731158181207271,3.2846174097933556e-05,0.9999671538259021,0.31394959886369816,0.9960675456858663,False,124
2007-03-01,1610,1568,1652,flag_nested,0.22357502659396378,True,0.6614070184238846,0.6782016422424915,-0.018131631275817225,0.0003287560527222011,0.9996712439472778,0.22402094388541316,0.9960675456858663,False,124
2007-03-22,1624,1582,1666,market_1,0.06779884956556514,True,0.051788999607887035,0.05635609686586774,-0.028364135906355094,0.0008045242057140856,0.9991954757942859,0.06982201722089544,0.9969928290538977,False,125
2007-03-22,1624,1582,1666,block_2_3,-0.12055591346435462,False,0.34087526576005805,0.4751852125462669,,0.0,1.0,-0.12055591346435462,0.9969928290538977,False,125
2007-03-22,1624,1582,1666,block_4_6,0.12146983102434201,True,1.6366503627267,1.353555456446553,-0.024276762830778426,0.0005893612135419168,0.9994106387864581,0.12136918943715187,0.9969928290538977,False,125
2007-03-22,1624,1582,1666,top_3,-0.11542366209716003,False,0.3444505401238701,0.4756251786238069,-0.0022382113900424622,5.009590226534577e-06,0.9999949904097735,-0.11540809281394815,0.9969928290538977,False,125
2007-03-22,1624,1582,1666,top_6,0.12348414798449565,True,1.65286097479975,1.3858645555569127,-0.0007412504629936589,5.494522490323561e-07,0.999999450547751,0.12348688298626352,0.9969928290538977,False,125
2007-03-22,1624,1582,1666,flag_nested,0.09213946678223892,True,0.7053763007645336,0.6314157696999321,-0.002747584784420685,7.549222147740231e-06,0.9999924507778523,0.09215821207433814,0.9969928290538977,False,125
2007-04-11,1638,1596,1680,market_1,0.08566217204540798,True,0.05366348482125563,0.06796865155152443,-0.0875385245914109,0.0076629932876410845,0.9923370067123589,0.09223025292918989,0.9967615082118899,False,125
2007-04-11,1638,1596,1680,block_2_3,-0.11839397588010561,False,0.49941922834867936,0.3033348284161992,,0.0,1.0,-0.11839397588010561,0.9967615082118899,False,125
2007-04-11,1638,1596,1680,block_4_6,0.409250596962349,True,0.9241290315793065,1.4485959534734618,0.023565138347795337,0.0005553157453507263,0.9994446842546493,0.4094725581353431,0.9967615082118899,False,125
2007-04-11,1638,1596,1680,top_3,-0.11845611562998364,False,0.5018546996723487,0.30229470823178284,-0.01760417630594135,0.0003099070234104939,0.9996900929765895,-0.11835304776152779,0.9967615082118899,False,125
2007-04-11,1638,1596,1680,top_6,0.4471408841661539,True,0.8980946873111463,1.4631168555525245,-0.0029381344429563303,8.632634004968054e-06,0.999991367365995,0.44715983250933916,0.9967615082118899,False,125
2007-04-11,1638,1596,1680,flag_nested,0.3132798339713347,True,0.4703844109098287,0.6259916852235579,-0.011009075007801116,0.00012119973252744387,0.9998788002674726,0.31341845702556304,0.9967615082118899,False,125
2007-05-02,1652,1610,1694,market_1,0.3774771177486789,True,0.05646728036794429,0.06456474214184889,0.011405448288262803,0.0001300842506563038,0.9998699157493437,0.3777263228780012,0.9980337728429332,False,125
2007-05-02,1652,1610,1694,block_2_3,-0.5784906201742582,False,0.5867697608164292,0.44547689854342026,-0.06443227413985994,0.004151517950834127,0.9958484820491659,-0.579229159029491,0.9980337728429332,False,125
2007-05-02,1652,1610,1694,block_4_6,-0.030247712918244633,False,1.4104344998021934,0.7845903059308601,,0.0,1.0,-0.030247712918244633,0.9980337728429332,False,125
2007-05-02,1652,1610,1694,top_3,-0.5768067687039362,False,0.5883837743791923,0.44659859937241103,0.005521619791573589,3.0488285122864944e-05,0.9999695117148771,-0.576804788148991,0.9980337728429332,False,125
2007-05-02,1652,1610,1694,top_6,0.03228247139176468,True,1.4311612595456003,0.7512498653152611,0.0036389862624788055,1.324222101828365e-05,0.9999867577789817,0.032284405968334255,0.9980337728429332,False,125
2007-05-02,1652,1610,1694,flag_nested,-0.15753672455054243,False,0.6782016422424909,0.4058506732009645,0.004048914133405526,1.639370565953424e-05,0.9999836062943405,-0.1575312867706029,0.9980337728429332,False,125
2007-05-24,1666,1624,1708,market_1,0.5046528934341891,True,0.05635609686586777,0.06707176411052482,-0.08492026023946785,0.007211450599138969,0.992788549400861,0.507497369607652,0.9975711311589174,False,127
2007-05-24,1666,1624,1708,block_2_3,-0.28934363329402607,False,0.4751852125462673,0.3706026287375764,-0.0656072429385601,0.0043043103259992055,0.9956956896740008,-0.29308412026847847,0.9975711311589174,False,127
2007-05-24,1666,1624,1708,block_4_6,0.09106151741801845,True,1.353555456446553,0.5691252282936937,-0.009334870427052869,8.713980588981318e-05,0.9999128601941102,0.09107799866239454,0.9975711311589174,False,127
2007-05-24,1666,1624,1708,top_3,-0.2967179995086064,False,0.4756251786238073,0.37123790158099296,-0.012774749854515481,0.00016319423384547616,0.9998368057661545,-0.29672727026806656,0.9975711311589174,False,127
2007-05-24,1666,1624,1708,top_6,0.09363670316789899,True,1.3858645555569133,0.5951246323558256,-0.008491111346107017,7.20989718918652e-05,0.9999279010281081,0.0936453258476885,0.9975711311589174,False,127
2007-05-24,1666,1624,1708,flag_nested,-0.012852354675712552,False,0.6314157696999324,0.330857526341919,-0.020036877796034,0.0004014764718131003,0.9995985235281869,-0.012829571551119294,0.9975711311589174,False,127
2007-06-13,1680,1638,1722,market_1,0.41270454859498773,True,0.06796865155152439,0.05915907093909154,-0.07482652316909316,0.005599008569574626,0.9944009914304254,0.41855450307769687,0.9966458477908859,False,126
2007-06-13,1680,1638,1722,block_2_3,-0.24388197938857392,False,0.3033348284161993,0.44631692177032184,-0.038803857919281426,0.0015057393894198912,0.9984942606105801,-0.24839913103676536,0.9966458477908859,False,126
2007-06-13,1680,1638,1722,block_4_6,0.11651250496674287,True,1.448595953473462,0.6020240065150322,0.010980092959130869,0.00012056244139102557,0.999879437558609,0.1165817293793681,0.9966458477908859,False,126
2007-06-13,1680,1638,1722,top_3,-0.24966243933029428,False,0.3022947082317829,0.4484504395627485,-0.006673148657159416,4.453091300049561e-05,0.9999554690869995,-0.24958477778159166,0.9966458477908859,False,126
2007-06-13,1680,1638,1722,top_6,0.14489284141132497,True,1.4631168555525251,0.5917087571030861,-0.006283338580597682,3.948034371836773e-05,0.9999605196562816,0.14492148631515378,0.9966458477908859,False,126
2007-06-13,1680,1638,1722,flag_nested,0.05021080315509927,True,0.6259916852235581,0.3590110538611085,-0.013747981488767588,0.00018900699501545049,0.9998109930049845,0.05033652481894711,0.9966458477908859,False,126
2007-07-03,1694,1652,1736,market_1,-0.002515714337480411,False,0.06456474214184887,0.05805371917623768,-0.17011365272194234,0.028938654842401434,0.9710613451575986,0.009409699478113485,0.9958362248438585,False,126
2007-07-03,1694,1652,1736,block_2_3,-0.33271075472268985,False,0.44547689854342,0.480399834812331,0.012978779308643064,0.00016844871234256154,0.9998315512876574,-0.3325183692070308,0.9958362248438585,False,126
2007-07-03,1694,1652,1736,block_4_6,-0.3868919438659287,False,0.7845903059308598,0.7871260255271784,0.0032083093130151176,1.029324864787462e-05,0.9999897067513521,-0.38688180683956225,0.9958362248438585,False,126
2007-07-03,1694,1652,1736,top_3,-0.32705927150261793,False,0.44659859937241103,0.48375376991508967,-0.022552085559313782,0.0005085965630745592,0.9994914034369254,-0.3267934486575925,0.9958362248438585,False,126
2007-07-03,1694,1652,1736,top_6,-0.18363424632124797,False,0.7512498653152612,0.7539126561126611,-0.014500638324577054,0.00021026851182015527,0.9997897314881798,-0.18349279647901587,0.9958362248438585,False,126
2007-07-03,1694,1652,1736,flag_nested,-0.24012381909386177,False,0.40585067320096463,0.4196508705106606,-0.029832249405506404,0.0008899631045923284,0.9991100368954077,-0.2397499854193562,0.9958362248438585,False,126
2007-07-24,1708,1666,1750,market_1,-0.15611183165621173,False,0.06707176411052478,0.067988805658581,-0.07617959421816033,0.005803330575243626,0.9941966694247564,-0.1492109924173247,0.9947952810548231,False,128
2007-07-24,1708,1666,1750,block_2_3,-0.15464226633002598,False,0.3706026287375766,0.47859959245207445,0.018660026739280196,0.00034819659791063273,0.9996518034020894,-0.15429981919395958,0.9947952810548231,False,128
2007-07-24,1708,1666,1750,block_4_6,-0.20454816449473637,False,0.5691252282936937,0.724463135394307,0.02531603034375449,0.0006409013923657225,0.9993590986076343,-0.20441538534734,0.9947952810548231,False,128
2007-07-24,1708,1666,1750,top_3,-0.14592962239305496,False,0.37123790158099296,0.4822939701861105,-0.013398047500699773,0.00017950767683105884,0.9998204923231689,-0.14567608336472002,0.9947952810548231,False,128
2007-07-24,1708,1666,1750,top_6,-0.055072040971837016,False,0.5951246323558256,0.6773832933748656,-0.010646050701513346,0.00011333839553906433,0.9998866616044609,-0.05491350945396296,0.9947952810548231,False,128
2007-07-24,1708,1666,1750,flag_nested,-0.09957339599419528,False,0.330857526341919,0.39828757191850356,-0.017488729034073724,0.0003058556432274928,0.9996941443567725,-0.09912877022434323,0.9947952810548231,False,128
2007-08-13,1722,1680,1764,market_1,0.039943701647337015,True,0.05915907093909156,0.06454134943869765,-0.024923379155750283,0.0006211748285411822,0.9993788251714588,0.04530406614782019,0.9944482997918113,False,126
2007-08-13,1722,1680,1764,block_2_3,0.4963619411402743,True,0.4463169217703217,0.3075515331381515,0.027489692394768128,0.0007556831879589332,0.9992443168120411,0.49708187648804175,0.9944482997918113,False,126
2007-08-13,1722,1680,1764,block_4_6,0.11131552579412964,True,0.6020240065150323,0.7610081908192854,-0.0016631698989421823,2.766134112652807e-06,0.9999972338658873,0.1113378972092919,0.9944482997918113,False,126
2007-08-13,1722,1680,1764,top_3,0.4924180888393465,True,0.4484504395627482,0.31310506154995893,-0.010600740515150232,0.00011237569946964676,0.9998876243005304,0.4929642775334897,0.9944482997918113,False,126
2007-08-13,1722,1680,1764,top_6,0.016754417808065754,True,0.5917087571030857,0.7690454893884543,-0.0038385626630087297,1.4734563317908567e-05,0.9999852654366821,0.016847374927302417,0.9944482997918113,False,126
2007-08-13,1722,1680,1764,flag_nested,0.18522428587758868,True,0.3590110538611083,0.36798868610537083,-0.0071076785960589505,5.051909502473695e-05,0.9999494809049753,0.1856584558381659,0.9944482997918113,False,126
2007-08-31,1736,1694,1778,market_1,0.1857097226070506,True,0.058053719176237695,0.06722880669391709,-0.10586637007134915,0.01120768831208363,0.9887923116879164,0.2001605681185112,0.9944482997918113,False,126
2007-08-31,1736,1694,1778,block_2_3,0.4799135047764966,True,0.4803998348123316,0.3005260759252719,-0.05417058996852248,0.0029344528175377915,0.9970655471824622,0.48084380463065696,0.9944482997918113,False,126
2007-08-31,1736,1694,1778,block_4_6,-0.25498761039606505,False,0.7871260255271785,1.1015525093853427,0.0026574735528149323,7.062165683802135e-06,0.9999929378343162,-0.254978856673031,0.9944482997918113,False,126
2007-08-31,1736,1694,1778,top_3,0.4735001706067596,True,0.48375376991509034,0.30693740267769504,-0.021675938103403906,0.00046984629266266786,0.9995301537073373,0.4738046955690948,0.9944482997918113,False,126
2007-08-31,1736,1694,1778,top_6,-0.3394802968759457,False,0.7539126561126612,1.1162269739113575,-0.005989940637324882,3.587938883875541e-05,0.9999641206111612,-0.3394550587308945,0.9944482997918113,False,126
2007-08-31,1736,1694,1778,flag_nested,-0.11324126672649351,False,0.41965087051066086,0.4935419722626257,-0.017288404495267164,0.0002988889299919695,0.999701111070008,-0.11298091055894717,0.9944482997918113,False,126
2007-09-21,1750,1708,1792,market_1,0.14350896158526308,True,0.06798880565858101,0.060522831705671444,-0.013493858749010868,0.0001820842239382836,0.9998179157760617,0.14539380157188875,0.9953735831598427,False,126
2007-09-21,1750,1708,1792,block_2_3,0.19687567317234617,True,0.47859959245207456,0.280924774181161,-0.022828417921292962,0.0005211366647891458,0.9994788633352109,0.1970176256096712,0.9953735831598427,False,126
2007-09-21,1750,1708,1792,block_4_6,0.15172828731460086,True,0.7244631353943071,0.6365762860841545,-0.006547678692213895,4.287209625652988e-05,0.9999571279037435,0.151648830008154,0.9953735831598427,False,126
2007-09-21,1750,1708,1792,top_3,0.19527616310232032,True,0.48229397018611053,0.28729861417429237,-0.001102672518669351,1.2158866832256976e-06,0.9999987841133168,0.1953110932481218,0.9953735831598427,False,126
2007-09-21,1750,1708,1792,top_6,0.14955737513596923,True,0.6773832933748651,0.6807637814216315,-0.0009254604095645671,8.564769696794983e-07,0.9999991435230303,0.14957596524066266,0.9953735831598427,False,126
2007-09-21,1750,1708,1792,flag_nested,0.1609259061489488,True,0.3982875719185034,0.3292664555377744,-0.002548261540775163,6.493636880322562e-06,0.9999935063631197,0.1610096439027846,0.9953735831598427,False,126
2007-10-15,1764,1722,1806,market_1,0.0558073850841541,True,0.06454134943869762,0.06625104327464411,-0.1028750171721758,0.010583269158175423,0.9894167308418246,0.06970843102102091,0.9941013185287995,False,127
2007-10-15,1764,1722,1806,block_2_3,0.17564208729117384,True,0.307551533138152,0.3323355576119074,-0.02290483086367236,0.0005246312768933947,0.9994753687231066,0.17727357651313555,0.9941013185287995,False,127
2007-10-15,1764,1722,1806,block_4_6,0.13564650389573313,True,0.7610081908192863,0.7023254984533229,-0.004941712857168595,2.442052596263178e-05,0.9999755794740374,0.13566327515595852,0.9941013185287995,False,127
2007-10-15,1764,1722,1806,top_3,0.16916004546556868,True,0.3131050615499594,0.3376864374426234,-0.018642893904156955,0.00034755749312165296,0.9996524425068783,0.1696870285354211,0.9941013185287995,False,127
2007-10-15,1764,1722,1806,top_6,0.1458838181517134,True,0.769045489388455,0.7362442442141021,-0.008456259111368453,7.15083181587195e-05,0.9999284916818413,0.14597756272746137,0.9941013185287995,False,127
2007-10-15,1764,1722,1806,flag_nested,0.14892820727999892,True,0.36798868610537117,0.3643384533675724,-0.022303340549045866,0.0004974389996466044,0.9995025610003534,0.14960594399569074,0.9941013185287995,False,127
2007-11-02,1778,1736,1820,market_1,-0.005979696686571966,False,0.0672288066939171,0.06261596587719709,-0.1334039489674749,0.01779661360011664,0.9822033863998834,0.016411761818363714,0.9958362248438585,False,126
2007-11-02,1778,1736,1820,block_2_3,-0.007291940253331531,False,0.3005260759252718,0.3283209986118343,0.039355418378278446,0.001548848955729376,0.9984511510442706,-0.007204774791796382,0.9958362248438585,False,126
2007-11-02,1778,1736,1820,block_4_6,-0.1566812797877006,False,1.101552509385343,0.5458820079977842,0.00036271529995263944,1.3156238876099735e-07,0.9999998684376112,-0.15668628139615853,0.9958362248438585,False,126
2007-11-02,1778,1736,1820,top_3,0.0008933023341290598,True,0.30693740267769487,0.33142192191671516,-0.025066850859369015,0.0006283470120056478,0.9993716529879944,0.0017766550519414147,0.9958362248438585,False,126
2007-11-02,1778,1736,1820,top_6,-0.10761088546191215,False,1.1162269739113588,0.5954825538970185,-0.014769250404488277,0.00021813075751053734,0.9997818692424895,-0.10749258418238666,0.9958362248438585,False,126
2007-11-02,1778,1736,1820,flag_nested,-0.07649125061283228,False,0.4935419722626261,0.3156488047778364,-0.032561867530424025,0.0010602752170688623,0.9989397247829311,-0.07567622924138268,0.9958362248438585,False,126
2007-11-22,1792,1750,1834,market_1,0.11656952139537285,True,0.06052283170567146,0.0699056762068169,-0.04879051812456429,0.002380514658863131,0.9976194853411369,0.11711314160405306,0.9968771686328938,False,124
2007-11-22,1792,1750,1834,block_2_3,0.15217881207241746,True,0.28092477418116124,0.32862516436872075,0.07686254148593612,0.005907850283677352,0.9940921497163226,0.15115979931609314,0.9968771686328938,False,124
2007-11-22,1792,1750,1834,block_4_6,-0.10807413023981496,False,0.6365762860841551,0.7251998110541473,0.020504044344381002,0.0004204158344764952,0.9995795841655235,-0.10819820132379301,0.9968771686328938,False,124
2007-11-22,1792,1750,1834,top_3,0.15298064570580386,True,0.28729861417429226,0.3294879998360005,-0.01644395411119684,0.00027040362681107766,0.9997295963731889,0.15304565518434343,0.9968771686328938,False,124
2007-11-22,1792,1750,1834,top_6,-0.09187405934141933,False,0.6807637814216317,0.7638310569053169,-0.007870844409894289,6.195019172494654e-05,0.999938049808275,-0.09186941067789782,0.9968771686328938,False,124
2007-11-22,1792,1750,1834,flag_nested,-0.021574482830933023,False,0.32926645553777445,0.3719057651611368,-0.013649308243532991,0.0001863036155269615,0.999813696384473,-0.02154743495335294,0.9968771686328938,False,124
2007-12-13,1806,1764,1848,market_1,0.19475879124080225,True,0.06625104327464411,0.06943416551838054,-0.012173437399340974,0.00014819257811582442,0.9998518074218842,0.1984550433151974,0.9968771686328938,False,124
2007-12-13,1806,1764,1848,block_2_3,0.18736050202154272,True,0.33233555761190725,0.3168281744301342,-0.0037791830999364326,1.4282224902961715e-05,0.999985717775097,0.18757909255710822,0.9968771686328938,False,124
2007-12-13,1806,1764,1848,block_4_6,-0.1524861218192971,False,0.7023254984533226,0.6286993464458581,0.03446464069327726,0.0011878114581166388,0.9988121885418834,-0.15230460202776597,0.9968771686328938,False,124
2007-12-13,1806,1764,1848,top_3,0.1796477837165856,True,0.3376864374426232,0.31876375451732897,-0.008829313037863294,7.795676872057733e-05,0.9999220432312794,0.17996124521638704,0.9968771686328938,False,124
2007-12-13,1806,1764,1848,top_6,-0.11339095677573166,False,0.7362442442141008,0.6531480519553763,-0.007647632004131393,5.8486275270608346e-05,0.9999415137247294,-0.11331193098970398,0.9968771686328938,False,124
2007-12-13,1806,1764,1848,flag_nested,-0.014463205027870702,False,0.36433845336757203,0.33134817041104314,-0.006439028536210155,4.1461088490235554e-05,0.9999585389115098,-0.014270919164228369,0.9968771686328938,False,124
2008-01-09,1820,1778,1862,market_1,0.20167865100188268,True,0.06261596587719709,0.06532186951720416,-0.14824514491994756,0.02197662299233616,0.9780233770076638,0.20786531963641355,0.9966458477908859,False,126
2008-01-09,1820,1778,1862,block_2_3,0.3375605581209777,True,0.3283209986118345,0.3520520609469163,0.007670100471852191,5.8830441248436394e-05,0.9999411695587516,0.3388327648023981,0.9966458477908859,False,126
2008-01-09,1820,1778,1862,block_4_6,0.02287493884615527,True,0.5458820079977842,0.6520294906322124,0.04469130461241328,0.001997312707959664,0.9980026872920403,0.023078314368933577,0.9966458477908859,False,126
2008-01-09,1820,1778,1862,top_3,0.3254535428324477,True,0.3314219219167153,0.3553864515794606,-0.02854825607688393,0.0008150029250313384,0.9991849970749687,0.3257305715628746,0.9966458477908859,False,126
2008-01-09,1820,1778,1862,top_6,0.013829026122828436,True,0.5954825538970185,0.6510112159278394,-0.0210262554791864,0.00044210341947592546,0.9995578965805241,0.013897020269019978,0.9966458477908859,False,126
2008-01-09,1820,1778,1862,flag_nested,0.13426007113422786,True,0.31564880477783647,0.3420566091111383,-0.036625267684637114,0.0013414102329712962,0.9986585897670287,0.13458645609932432,0.9966458477908859,False,126
2008-01-30,1834,1792,1876,market_1,0.004795445359483495,True,0.06990567620681691,0.05913434956013131,0.041544358271314835,0.0017259337041752865,0.9982740662958247,0.004351095967524753,0.9975711311589174,False,124
2008-01-30,1834,1792,1876,block_2_3,0.2833541885159674,True,0.3286251643687204,0.3315330400487581,,0.0,1.0,0.2833541885159674,0.9975711311589174,False,124
2008-01-30,1834,1792,1876,block_4_6,0.20182947313943514,True,0.7251998110541472,0.6761905311283698,0.014553852323205387,0.00021181461744568253,0.9997881853825543,0.20161947615189968,0.9975711311589174,False,124
2008-01-30,1834,1792,1876,top_3,0.2849667178122686,True,0.32948799983600047,0.3364244525545015,0.007152609892767147,5.11598282781911e-05,0.9999488401717218,0.2849506617748109,0.9975711311589174,False,124
2008-01-30,1834,1792,1876,top_6,0.17476397226787474,True,0.7638310569053173,0.690281647497748,0.002243944186337192,5.035285511323373e-06,0.9999949647144887,0.1747638605368834,0.9975711311589174,False,124
2008-01-30,1834,1792,1876,flag_nested,0.20055655191804614,True,0.37190576516113694,0.34733096733346325,0.008269116161678802,6.837828209538266e-05,0.9999316217179046,0.20054279633226874,0.9975711311589174,False,124
2008-02-20,1848,1806,1890,market_1,0.15728073777127402,True,0.06943416551838055,0.05662562888753234,-0.10043554116530433,0.010087297929167627,0.9899127020708324,0.17281336189686425,0.9979181124219292,False,125
2008-02-20,1848,1806,1890,block_2_3,0.27810272538363756,True,0.31682817443013434,0.4108104740479322,0.038221273778076305,0.0014608657692186666,0.9985391342307813,0.2773546993274989,0.9979181124219292,False,125
2008-02-20,1848,1806,1890,block_4_6,0.04752348603818177,True,0.6286993464458583,0.8625182059157047,-0.005960312732691535,3.5525327871543944e-05,0.9999644746721285,0.04763742054517974,0.9979181124219292,False,125
2008-02-20,1848,1806,1890,top_3,0.27844014448827065,True,0.31876375451732925,0.4144430007887937,-0.014169441493926049,0.00020077307224986018,0.9997992269277501,0.27905153842207475,0.9979181124219292,False,125
2008-02-20,1848,1806,1890,top_6,0.0059803403540632585,True,0.6531480519553763,0.8584391100646555,-0.008371203186561552,7.007704279071714e-05,0.9999299229572093,0.00608922534273365,0.9979181124219292,False,125
2008-02-20,1848,1806,1890,flag_nested,0.09473634178021856,True,0.3313481704110432,0.4281126173052462,-0.01686176684432174,0.0002843191811123802,0.9997156808188876,0.0953811641601092,0.9979181124219292,False,125
2008-03-11,1862,1820,1904,market_1,0.36226359832275645,True,0.06532186951720416,0.06765891769867996,0.040476758740853956,0.001638367998165191,0.9983616320018348,0.36110559728652786,0.998380754105945,False,124
2008-03-11,1862,1820,1904,block_2_3,0.34007247727188816,True,0.35205206094691627,0.3764944043183107,0.07687678003827289,0.0059100393090529835,0.994089960690947,0.3428781989905194,0.998380754105945,False,124
2008-03-11,1862,1820,1904,block_4_6,-0.009779443371388027,False,0.6520294906322127,0.7903792826510645,-0.022375984562564948,0.0005006846851441926,0.9994993153148558,-0.009672128826290547,0.998380754105945,False,124
2008-03-11,1862,1820,1904,top_3,0.339442687989854,True,0.35538645157946047,0.3793941496849869,0.0035739651345542216,1.2773226783169278e-05,0.9999872267732168,0.33942700296667283,0.998380754105945,False,124
2008-03-11,1862,1820,1904,top_6,-0.07528638424415693,False,0.6510112159278391,0.8030011959226402,0.0006509676497121562,4.237588808742032e-07,0.9999995762411191,-0.07528638347562402,0.998380754105945,False,124
2008-03-11,1862,1820,1904,flag_nested,0.07525504066244178,True,0.3420566091111382,0.4000327355664199,0.006692669763787684,4.479182856731434e-05,0.9999552081714327,0.07519770842696902,0.998380754105945,False,124
2008-04-01,1876,1834,1918,market_1,0.1705376946096178,True,0.05913434956013122,0.059897691462286975,-0.0035062052186321927,1.2293475035174417e-05,0.9999877065249648,0.17057928438118727,0.9979181124219292,False,124
2008-04-01,1876,1834,1918,block_2_3,0.34420031375540683,True,0.33153304004875817,0.46800626440055587,0.029638315595206383,0.0008784297513209083,0.9991215702486791,0.3446159752653474,0.9979181124219292,False,124
2008-04-01,1876,1834,1918,block_4_6,0.04707188720279089,True,0.6761905311283699,0.7897279298187716,-0.004188585231998018,1.7544246245559947e-05,0.9999824557537544,0.0470435955396125,0.9979181124219292,False,124
2008-04-01,1876,1834,1918,top_3,0.34641469995787544,True,0.3364244525545011,0.46949286446102195,-0.0021801335132157294,4.752982135536321e-06,0.9999952470178645,0.3464245326975769,0.9979181124219292,False,124
2008-04-01,1876,1834,1918,top_6,0.0057201104605136026,True,0.6902816474977478,0.7248576480749057,-0.0027732762338651515,7.691061069237115e-06,0.9999923089389308,0.005729400327673483,0.9979181124219292,False,124
2008-04-01,1876,1834,1918,flag_nested,0.13708784881554428,True,0.34733096733346314,0.40574871332459433,-0.0017808093969651601,3.1712821083607068e-06,0.9999968287178916,0.1370941795220781,0.9979181124219292,False,124
2008-04-21,1890,1848,1932,market_1,0.25229513539479265,True,0.05662562888753236,0.05252642961135565,-0.12707449561193837,0.016147927435028797,0.9838520725649712,0.2719087704708056,0.9987277353689568,False,125
2008-04-21,1890,1848,1932,block_2_3,0.3028324147496813,True,0.41081047404793253,0.32221519120546915,,0.0,1.0,0.3028324147496813,0.9987277353689568,False,125
2008-04-21,1890,1848,1932,block_4_6,-0.17320284162515515,False,0.8625182059157044,0.7470415924879155,0.023788451589653974,0.0005658904290333222,0.9994341095709667,-0.172800426360671,0.9987277353689568,False,125
2008-04-21,1890,1848,1932,top_3,0.3020630329405438,True,0.4144430007887941,0.32486798531123084,-0.02187403642567305,0.0004784734695515436,0.9995215265304485,0.30253970671716796,0.9987277353689568,False,125
2008-04-21,1890,1848,1932,top_6,-0.21108948985352033,False,0.858439110064655,0.7507711473881805,-0.009942658436399512,9.885645678298083e-05,0.999901143543217,-0.21101038826569582,0.9987277353689568,False,125
2008-04-21,1890,1848,1932,flag_nested,-0.05381892028743868,False,0.4281126173052462,0.3631551290099089,-0.023129350765528432,0.0005349668668348517,0.9994650331331651,-0.053376405923164734,0.9987277353689568,False,125
2008-05-14,1904,1862,1946,market_1,0.16259738909599245,True,0.06765891769867997,0.04460431759624716,-0.14313075027048355,0.02048641167299159,0.9795135883270084,0.19780654171623724,0.9975711311589174,False,125
2008-05-14,1904,1862,1946,block_2_3,0.28888033749966646,True,0.376494404318311,0.3627803375615449,,0.0,1.0,0.28888033749966646,0.9975711311589174,False,125
2008-05-14,1904,1862,1946,block_4_6,-0.030534973708641246,False,0.7903792826510637,0.8237192031249522,-0.022810077724829552,0.000520299645812794,0.9994797003541872,-0.03097529314658165,0.9975711311589174,False,125
2008-05-14,1904,1862,1946,top_3,0.284322364186857,True,0.37939414968498725,0.36525889105183545,-0.01723370617755963,0.00029700062861426346,0.9997029993713857,0.28519398983233496,0.9975711311589174,False,125
2008-05-14,1904,1862,1946,top_6,-0.10046897682128388,False,0.8030011959226395,0.8155054905542513,-0.007860838342504093,6.179277944684536e-05,0.9999382072205532,-0.10034613740822283,0.9975711311589174,False,125
2008-05-14,1904,1862,1946,flag_nested,0.016758247661159388,True,0.4000327355664198,0.3966137060579904,-0.019662190331955768,0.0003866017286497936,0.9996133982713502,0.017613810229120667,0.9975711311589174,False,125
2008-06-03,1918,1876,1960,market_1,0.22453958929469278,True,0.05989769146228707,0.05332274071128549,-0.15457771579999233,0.023894270221943237,0.9761057297780568,0.24357749292243508,0.9972241498959056,False,122
2008-06-03,1918,1876,1960,block_2_3,-0.07015265818256676,False,0.46800626440055576,0.2942259447898921,,0.0,1.0,-0.07015265818256676,0.9972241498959056,False,122
2008-06-03,1918,1876,1960,block_4_6,-0.0915454302472064,False,0.789727929818772,0.8584748700401472,-0.006650003709242582,4.422254933300618e-05,0.999955777450667,-0.09151871152454903,0.9972241498959056,False,122
2008-06-03,1918,1876,1960,top_3,-0.07687881297284027,False,0.46949286446102206,0.29694926316577314,-0.029656865045034182,0.0008795296442993816,0.9991204703557006,-0.07658999582253044,0.9972241498959056,False,122
2008-06-03,1918,1876,1960,top_6,-0.1076752899006296,False,0.7248576480749057,0.8752648606157905,-0.010036411799013548,0.0001007295617994064,0.9998992704382006,-0.10762459427704427,0.9972241498959056,False,122
2008-06-03,1918,1876,1960,flag_nested,-0.08776882259315699,False,0.4057487133245944,0.3998971105338531,-0.02581214307330931,0.0006662667300368907,0.9993337332699631,-0.08738255519808713,0.9972241498959056,False,122
2008-06-23,1932,1890,1974,market_1,0.17651669401058442,True,0.05252642961135562,0.04956422218441669,-0.15322616298323813,0.023478257022565563,0.9765217429774344,0.19072587332527666,0.9980337728429332,False,125
2008-06-23,1932,1890,1974,block_2_3,0.2972736145044179,True,0.32221519120546893,0.40937594691048973,,0.0,1.0,0.2972736145044179,0.9980337728429332,False,125
2008-06-23,1932,1890,1974,block_4_6,0.06346769302681429,True,0.7470415924879159,0.8423486697556,0.00036306450520776307,1.3181583502497318e-07,0.999999868184165,0.06347107083218528,0.9980337728429332,False,125
2008-06-23,1932,1890,1974,top_3,0.289031529653502,True,0.32486798531123073,0.41127472095449874,-0.01959950995546315,0.000384140790494536,0.9996158592095055,0.2893593123905622,0.9980337728429332,False,125
2008-06-23,1932,1890,1974,top_6,0.026225704852432464,True,0.750771147388181,0.8967242553116628,-0.010111379645536881,0.00010223999833602893,0.999897760001664,0.02626872724710436,0.9980337728429332,False,125
2008-06-23,1932,1890,1974,flag_nested,0.10204757049911115,True,0.36315512900990904,0.43915598120734867,-0.021923725846151924,0.00048064975497730256,0.9995193502450227,0.10236716256895544,0.9980337728429332,False,125
2008-07-11,1946,1904,1988,market_1,0.001052144653349628,True,0.04460431759624713,0.04770751492420077,0.017299386569954948,0.00029926877569719235,0.9997007312243028,0.002518971766436328,0.9981494332639371,False,127
2008-07-11,1946,1904,1988,block_2_3,0.595383812876867,True,0.36278033756154476,0.4903843124560475,,0.0,1.0,0.595383812876867,0.9981494332639371,False,127
2008-07-11,1946,1904,1988,block_4_6,0.02281330910780444,True,0.8237192031249527,1.0031572557303745,-0.00625595231054992,3.9136939311790186e-05,0.9999608630606882,0.022722819495340284,0.9981494332639371,False,127
2008-07-11,1946,1904,1988,top_3,0.5885363157514638,True,0.3652588910518353,0.49268762235885033,0.0015804761736511132,2.497904935561124e-06,0.9999975020950644,0.588583952884383,0.9981494332639371,False,127
2008-07-11,1946,1904,1988,top_6,-0.02673409091003382,False,0.8155054905542519,0.9999436544704641,7.489790158908826e-05,5.609695596930919e-09,0.9999999943903044,-0.026734015460322533,0.9981494332639371,False,127
2008-07-11,1946,1904,1988,flag_nested,0.15976829588983757,True,0.3966137060579906,0.49983756368918464,0.0017939472523969993,3.218246744318698e-06,0.9999967817532557,0.15979974252745582,0.9981494332639371,False,127
2008-08-01,1960,1918,2002,market_1,-0.07359194219102247,False,0.053322740711285455,0.04825286521355846,-0.09690973800339553,0.009391497319886755,0.9906085026801132,-0.07566599614962266,0.9986120749479528,False,124
2008-08-01,1960,1918,2002,block_2_3,0.18680032448029585,True,0.2942259447898922,0.604127730145596,,0.0,1.0,0.18680032448029585,0.9986120749479528,False,124
2008-08-01,1960,1918,2002,block_4_6,0.050927498178468845,True,0.8584748700401476,1.1870559435894714,0.0062386501306603845,3.89207554529758e-05,0.999961079244547,0.05098564280117483,0.9986120749479528,False,124
2008-08-01,1960,1918,2002,top_3,0.18453827487985633,True,0.29694926316577314,0.6060166612449979,-0.007856862139869029,6.173028268496861e-05,0.999938269717315,0.18450987289727488,0.9986120749479528,False,124
2008-08-01,1960,1918,2002,top_6,0.08153081109260715,True,0.8752648606157911,1.172392514339146,-0.003614029176109275,1.3061206885822685e-05,0.9999869387931142,0.08152595762473015,0.9986120749479528,False,124
2008-08-01,1960,1918,2002,flag_nested,0.10435841368409407,True,0.3998971105338533,0.594837040583307,-0.009567258113040327,9.15324278014662e-05,0.9999084675721985,0.1043322328017361,0.9986120749479528,False,124
2008-08-21,1974,1932,2016,market_1,-0.15243477712561854,False,0.049564222184416695,0.0439996713231246,-0.16352308940755017,0.026739800769389754,0.9732601992306102,-0.1202212984427687,0.9984964145269489,False,127
2008-08-21,1974,1932,2016,block_2_3,0.3147115811645272,True,0.4093759469104895,0.42780966896804484,,0.0,1.0,0.3147115811645272,0.9984964145269489,False,127
2008-08-21,1974,1932,2016,block_4_6,0.1925461516822859,True,0.8423486697555997,1.1061040585465776,0.014523054913224009,0.00021091912401249857,0.9997890808759875,0.19240410826198684,0.9984964145269489,False,127
2008-08-21,1974,1932,2016,top_3,0.3148365651235643,True,0.41127472095449835,0.42923322114207124,-0.01607018390395489,0.0002582508107071835,0.9997417491892928,0.31539974585751346,0.9984964145269489,False,127
2008-08-21,1974,1932,2016,top_6,0.17043110684118656,True,0.8967242553116617,1.1288870206329804,-0.005901955777431905,3.483308199858648e-05,0.9999651669180014,0.1705032564634438,0.9984964145269489,False,127
2008-08-21,1974,1932,2016,flag_nested,0.2035855687200405,True,0.4391559812073481,0.5251165026412172,-0.016489472638376877,0.00027190270789168025,0.9997280972921083,0.20420523542739077,0.9984964145269489,False,127
2008-09-10,1988,1946,2030,market_1,-0.19292490388791475,False,0.0477075149242008,0.059120432374074695,-0.2767330493270342,0.07658118058983865,0.9234188194101614,-0.15223234957275394,0.9984964145269489,False,127
2008-09-10,1988,1946,2030,block_2_3,-0.24666221003600378,False,0.49038431245604774,0.504016835439355,,0.0,1.0,-0.24666221003600378,0.9984964145269489,False,127
2008-09-10,1988,1946,2030,block_4_6,0.11803472071918435,True,1.003157255730375,0.8984504264882035,-0.013260331202842634,0.00017583638360907372,0.9998241636163909,0.1183574038504325,0.9984964145269489,False,127
2008-09-10,1988,1946,2030,top_3,-0.2463209016862694,False,0.49268762235885094,0.5062008219724309,-0.03027114991914906,0.0009163425174275597,0.9990836574825724,-0.24595297472254876,0.9984964145269489,False,127
2008-09-10,1988,1946,2030,top_6,0.2569490679040644,True,0.999943654470464,0.8769474491011346,-0.016412523403938006,0.0002693709244847575,0.9997306290755152,0.257118381690157,0.9984964145269489,False,127
2008-09-10,1988,1946,2030,flag_nested,0.07098591521830695,True,0.49983756368918475,0.46591965079126074,-0.04182692258156837,0.0017494914526446914,0.9982505085473553,0.07191996159910381,0.9984964145269489,False,127
2008-10-02,2002,1960,2044,market_1,-0.052347088680536766,False,0.04825286521355847,0.06917821887530978,-0.2813597342529588,0.07916330005889549,0.9208366999411045,0.00038721564359346774,0.9974554707379135,False,126
2008-10-02,2002,1960,2044,block_2_3,-0.43076916882908695,False,0.6041277301455958,0.6728124693281139,,0.0,1.0,-0.43076916882908695,0.9974554707379135,False,126
2008-10-02,2002,1960,2044,block_4_6,-0.2107876355497585,False,1.1870559435894705,0.8690977231797077,-0.008176967659277883,6.686280010093082e-05,0.9999331371998991,-0.21081294106007933,0.9974554707379135,False,126
2008-10-02,2002,1960,2044,top_3,-0.42936574481642925,False,0.6060166612449976,0.6735451777898206,-0.027194366283771698,0.0007395335575759443,0.9992604664424241,-0.4291690980937952,0.9974554707379135,False,126
2008-10-02,2002,1960,2044,top_6,0.0869157053534239,True,1.1723925143391452,0.6706534580506414,-0.029339957780539445,0.0008608331225637977,0.9991391668774362,0.08717517536412797,0.9974554707379135,False,126
2008-10-02,2002,1960,2044,flag_nested,-0.1651226484861016,False,0.5948370405833067,0.4805926947779666,-0.04901236080996186,0.0024022115121660192,0.997597788487834,-0.16444084997024747,0.9974554707379135,False,126
2008-10-23,2016,1974,2058,market_1,0.23440104580902518,True,0.043999671323124614,0.0637352232606382,-0.12811645542551436,0.016413826150797783,0.9835861738492022,0.24377143278501728,0.9987277353689568,False,126
2008-10-23,2016,1974,2058,block_2_3,-0.22713648885003473,False,0.4278096689680458,0.530084203219751,,0.0,1.0,-0.22713648885003473,0.9987277353689568,False,126
2008-10-23,2016,1974,2058,block_4_6,-0.1563761786131564,False,1.106104058546578,0.8345513070838928,0.013288064752500946,0.0001765726648667032,0.9998234273351333,-0.15639622645724077,0.9987277353689568,False,126
2008-10-23,2016,1974,2058,top_3,-0.22769052687692723,False,0.4292332211420722,0.5318861448704657,-0.014628343799294136,0.00021398844231024228,0.9997860115576898,-0.22763082593331407,0.9987277353689568,False,126
2008-10-23,2016,1974,2058,top_6,-0.028804773708803678,False,1.1288870206329802,0.7364339797470509,-0.010435944670940512,0.00010890894117487893,0.9998910910588251,-0.02878459908677536,0.9987277353689568,False,126
2008-10-23,2016,1974,2058,flag_nested,-0.09056405085414564,False,0.5251165026412176,0.43445633091656677,-0.022627778886899538,0.0005120163773542075,0.9994879836226458,-0.09045990660797669,0.9987277353689568,False,126
2008-11-13,2030,1988,2072,market_1,0.30046318403008965,True,0.05912043237407468,0.045429575480966364,-0.03152844687139421,0.0009940429621223545,0.9990059570378776,0.29942532561614454,0.9996530187369882,False,127
2008-11-13,2030,1988,2072,block_2_3,0.5956509659680299,True,0.5040168354393547,0.42534097522763004,,0.0,1.0,0.5956509659680299,0.9996530187369882,False,127
2008-11-13,2030,1988,2072,block_4_6,-0.022934207400875622,False,0.8984504264882028,0.7591793551205642,0.009210670181805007,8.483644519807765e-05,0.9999151635548019,-0.02283789693675727,0.9996530187369882,False,127
2008-11-13,2030,1988,2072,top_3,0.5909765090673977,True,0.5062008219724304,0.42732172546590574,-0.004018938072280621,1.6151863228675012e-05,0.9999838481367713,0.5910250034752036,0.9996530187369882,False,127
2008-11-13,2030,1988,2072,top_6,-0.21501018493316562,False,0.876947449101134,0.7155875285542613,-0.004329399147076361,1.8743696974521384e-05,0.9999812563030255,-0.21507890190635043,0.9996530187369882,False,127
2008-11-13,2030,1988,2072,flag_nested,0.11666483664183337,True,0.46591965079126035,0.38506629366534584,-0.005343720401211404,2.8555347726388902e-05,0.9999714446522736,0.11656751235261094,0.9996530187369882,False,127
2008-12-04,2044,2002,2086,market_1,0.3608370297732416,True,0.06917821887530978,0.04016783809903863,-0.0833232029185539,0.006942756144606488,0.9930572438553935,0.35366318526404095,0.9990747166319686,False,129
2008-12-04,2044,2002,2086,block_2_3,-0.06307473035831496,False,0.6728124693281139,0.302691161820465,-0.0038399685668600095,1.4745358594359104e-05,0.9999852546414056,-0.06326272618820115,0.9990747166319686,False,129
2008-12-04,2044,2002,2086,block_4_6,0.11322582723055498,True,0.8690977231797078,0.7787184401073417,0.014213041734194139,0.00020201055533797252,0.999797989444662,0.11369956924594396,0.9990747166319686,False,129
2008-12-04,2044,2002,2086,top_3,-0.06004683857202383,False,0.6735451777898201,0.30514055783554406,-0.009007067689202045,8.112726835773909e-05,0.9999188727316423,-0.060150671962239756,0.9990747166319686,False,129
2008-12-04,2044,2002,2086,top_6,0.18785723823982534,True,0.670653458050641,0.808724297039332,-0.0042553084538698984,1.8107650037624268e-05,0.9999818923499624,0.18782772413811655,0.9990747166319686,False,129
2008-12-04,2044,2002,2086,flag_nested,0.07668219498665364,True,0.4805926947779664,0.37637243080036187,-0.01049296044942197,0.00011010221899332429,0.9998898977810067,0.07646426594448585,0.9990747166319686,False,129
2008-12-25,2058,2016,2100,market_1,0.3014268752353981,True,0.0637352232606382,0.04021113319082992,-0.012103091602670526,0.00014648482634271875,0.9998535151736573,0.30151251924773853,0.9991903770529724,False,128
2008-12-25,2058,2016,2100,block_2_3,0.23202889242317826,True,0.5300842032197502,0.3131017938116006,-0.011455456194838147,0.0001312274766317456,0.9998687725233683,0.23176140239526138,0.9991903770529724,False,128
2008-12-25,2058,2016,2100,block_4_6,0.24431639591039106,True,0.8345513070838927,1.4633500007066578,0.0036474608763393526,1.330397084453594e-05,0.9999866960291555,0.2442977788281108,0.9991903770529724,False,128
2008-12-25,2058,2016,2100,top_3,0.23244605687214345,True,0.531886144870465,0.31557723415621886,-0.0019622868684386137,3.850569754160205e-06,0.9999961494302458,0.23245652501321798,0.9991903770529724,False,128
2008-12-25,2058,2016,2100,top_6,0.24735579690928897,True,0.7364339797470506,1.477100114406891,0.0033522380828366477,1.1237500164185121e-05,0.9999887624998358,0.247346780750493,0.9991903770529724,False,128
2008-12-25,2058,2016,2100,flag_nested,0.21376409420165343,True,0.43445633091656644,0.6312295331086218,0.00016371967285538357,2.680413146993743e-08,0.9999999731958685,0.21376446797445628,0.9991903770529724,False,128
2009-01-20,2072,2030,2114,market_1,0.24226132130105815,True,0.04542957548096637,0.042255382558609576,-0.0983191408480755,0.009666653457103602,0.9903333465428964,0.2561041798259547,0.998380754105945,False,128
2009-01-20,2072,2030,2114,block_2_3,0.07394562910813857,True,0.42534097522763087,0.32467681992570674,-0.04548757639711655,0.0020691196064833717,0.9979308803935166,0.07175995760970598,0.998380754105945,False,128
2009-01-20,2072,2030,2114,block_4_6,-0.09825898670895668,False,0.7591793551205648,1.268816068437351,-0.005262800531594144,2.769706943528405e-05,0.9999723029305647,-0.09817284678690039,0.998380754105945,False,128
2009-01-20,2072,2030,2114,top_3,0.07570256814434528,True,0.4273217254659063,0.3266609185063863,-0.011318572469264493,0.00012811008274216107,0.9998718899172578,0.07586537592030078,0.998380754105945,False,128
2009-01-20,2072,2030,2114,top_6,-0.09881213782025135,False,0.7155875285542616,1.2913362591353676,-0.00016334270232876074,2.6680838427495246e-08,0.9999999733191616,-0.09881341273822795,0.998380754105945,False,128
2009-01-20,2072,2030,2114,flag_nested,-0.051942323976318,False,0.38506629366534617,0.5614975734063986,-0.007891066436872988,6.22689295112222e-05,0.9999377310704888,-0.05182022177908683,0.998380754105945,False,128
2009-02-09,2086,2044,2128,market_1,0.13541197390671875,True,0.04016783809903865,0.045861631788774435,-0.014887718706635508,0.00022164416828773792,0.9997783558317123,0.14109818956114442,0.9975711311589174,False,127
2009-02-09,2086,2044,2128,block_2_3,0.004256835228013529,True,0.3026911618204649,0.4037415512278342,0.0031268977775771754,9.777489711648713e-06,0.9999902225102884,0.004226148869866037,0.9975711311589174,False,127
2009-02-09,2086,2044,2128,block_4_6,0.3983753058012615,True,0.7787184401073415,1.5761233538985573,0.006830110629699111,4.665041121409974e-05,0.9999533495887859,0.3983269608930138,0.9975711311589174,False,127
2009-02-09,2086,2044,2128,top_3,0.004745710677340342,True,0.3051405578355438,0.40612054718940155,-0.0010005714806641107,1.0011432879375448e-06,0.9999989988567121,0.004775411746303034,0.9975711311589174,False,127
2009-02-09,2086,2044,2128,top_6,0.4087311495950398,True,0.8087242970393319,1.590490428621608,0.0007543566493520466,5.690539542912987e-07,0.9999994309460457,0.4087526530078425,0.9975711311589174,False,127
2009-02-09,2086,2044,2128,flag_nested,0.3382010222644976,True,0.37637243080036176,0.6918751497269043,-0.0007310468921844359,5.344295583853409e-07,0.9999994655704416,0.3383425219848817,0.9975711311589174,False,127
2009-03-02,2100,2058,2142,market_1,-0.037891291280860176,False,0.040211133190829924,0.0512893422769134,0.09207571090355578,0.008477936538395126,0.9915220634616049,-0.05834973538498836,0.9975711311589174,False,127
2009-03-02,2100,2058,2142,block_2_3,0.25337001804214926,True,0.3131017938116006,0.32773987362627083,-0.012047034493230618,0.00014513104008095912,0.999854868959919,0.25349865441151775,0.9975711311589174,False,127
2009-03-02,2100,2058,2142,block_4_6,0.48934021889548823,True,1.4633500007066569,0.6587066093893911,0.023460194537766613,0.0005503807277498218,0.9994496192722502,0.48903045038414067,0.9975711311589174,False,127
2009-03-02,2100,2058,2142,top_3,0.2480322293735583,True,0.31557723415621913,0.3311345109266653,0.015432145818778926,0.00023815112457203913,0.999761848875428,0.24773815344167766,0.9975711311589174,False,127
2009-03-02,2100,2058,2142,top_6,0.45520626399974784,True,1.4771001144068896,0.7133654884880096,0.007304849369540491,5.33608243118433e-05,0.9999466391756882,0.45518411213684906,0.9975711311589174,False,127
2009-03-02,2100,2058,2142,flag_nested,0.3981746238762599,True,0.6312295331086214,0.3521301910293527,0.016913292125951284,0.0002860594505380565,0.9997139405494619,0.3980101766680631,0.9975711311589174,False,127
2009-03-23,2114,2072,2156,market_1,0.09222934190609142,True,0.042255382558609576,0.05322444415726906,0.007648004289428959,5.8491969611162986e-05,0.9999415080303888,0.09223931469911217,0.9978024520009253,False,127
2009-03-23,2114,2072,2156,block_2_3,0.15731121430209935,True,0.3246768199257061,0.33652518206968374,0.010975746597766482,0.00012046701337831145,0.9998795329866217,0.15728457402141105,0.9978024520009253,False,127
2009-03-23,2114,2072,2156,block_4_6,-0.07070164177023629,False,1.2688160684373493,0.6027865902359945,-0.033231517917086666,0.0011043337830737299,0.9988956662169263,-0.07089870987795925,0.9978024520009253,False,127
2009-03-23,2114,2072,2156,top_3,0.15727580542326763,True,0.3266609185063857,0.34052710987950235,0.0021754262994792936,4.732479584546034e-06,0.9999952675204155,0.1572668749732087,0.9978024520009253,False,127
2009-03-23,2114,2072,2156,top_6,-0.04182681575299222,False,1.2913362591353656,0.6324672467919917,0.002092592751998241,4.378944425620368e-06,0.9999956210555744,-0.04183981777644473,0.9978024520009253,False,127
2009-03-23,2114,2072,2156,flag_nested,0.0018711696054928605,True,0.5614975734063977,0.32886909556983235,0.0021698420913500503,4.708214701332203e-06,0.9999952917852987,0.0018376672686205389,0.9978024520009253,False,127
2009-04-10,2128,2086,2170,market_1,0.36933272671194445,True,0.0458616317887744,0.04646280105389257,-0.1319819239773525,0.017419228256763453,0.9825807717432365,0.4058448397873547,0.9959518852648623,False,128
2009-04-10,2128,2086,2170,block_2_3,-0.005669449983233718,False,0.40374155122783434,0.5504048958190694,0.03474436812491065,0.0012071711163994525,0.9987928288836005,-0.003567907661578033,0.9959518852648623,False,128
2009-04-10,2128,2086,2170,block_4_6,-0.024181936809230708,False,1.5761233538985577,0.7822444166921382,-0.04252290740594157,0.0018081976542543288,0.9981918023457457,-0.024192387688376792,0.9959518852648623,False,128
2009-04-10,2128,2086,2170,top_3,-0.0018890699328612476,False,0.4061205471894017,0.5523268093459721,-0.011047506359486656,0.00012204739676291432,0.9998779526032371,-0.001649542724396124,0.9959518852648623,False,128
2009-04-10,2128,2086,2170,top_6,-0.02259759891546002,False,1.5904904286216077,0.6935527328177324,-0.0055309821083379595,3.059176308273237e-05,0.9999694082369173,-0.022564964663367423,0.9959518852648623,False,128
2009-04-10,2128,2086,2170,flag_nested,-0.011822243493191602,False,0.6918751497269044,0.428971240903589,-0.01676443652122242,0.00028104633187397976,0.999718953668126,-0.011560680562565689,0.9959518852648623,False,128
2009-05-01,2142,2100,2184,market_1,0.3373337413882768,True,0.051289342276913424,0.043232654911372854,0.03438585989928112,0.0011823873610132818,0.9988176126389867,0.33745348910698447,0.9951422623178349,False,126
2009-05-01,2142,2100,2184,block_2_3,0.20475929047711683,True,0.327739873626271,0.3620252563149355,0.016443779612623766,0.0002703978879484703,0.9997296021120515,0.20540030557928238,0.9951422623178349,False,126
2009-05-01,2142,2100,2184,block_4_6,-0.44371188818960394,False,0.6587066093893913,1.130842417115656,-0.011462972909734243,0.0001313997479293061,0.9998686002520707,-0.44387515009790374,0.9951422623178349,False,126
2009-05-01,2142,2100,2184,top_3,0.2077846450485209,True,0.33113451092666524,0.3645679955529258,0.004624290989442319,2.1384067155238995e-05,0.9999786159328448,0.2077464068213018,0.9951422623178349,False,126
2009-05-01,2142,2100,2184,top_6,-0.3719923427332045,False,0.7133654884880098,1.1367765432889916,0.0045095610534384035,2.0336140894694488e-05,0.9999796638591053,-0.372122362836326,0.9951422623178349,False,126
2009-05-01,2142,2100,2184,flag_nested,-0.2286005000291937,False,0.3521301910293527,0.5114187669022878,0.0046251308581509165,2.139183545490919e-05,0.9999786081645451,-0.22892598614643586,0.9951422623178349,False,126
2009-05-26,2156,2114,2198,market_1,0.13742048700843715,True,0.053224444157269034,0.04341987365913232,-0.04055379548605584,0.001644610328324858,0.9983553896716751,0.14125645377548193,0.9945639602128151,False,126
2009-05-26,2156,2114,2198,block_2_3,0.010986434443263596,True,0.33652518206968424,0.3342828159943337,0.024023688399725834,0.0005771376043273158,0.9994228623956727,0.010968683744237855,0.9945639602128151,False,126
2009-05-26,2156,2114,2198,block_4_6,-0.11105775683962675,False,0.6027865902359945,1.0692757571321465,-0.011808901962468327,0.00013945016555938494,0.9998605498344406,-0.11096242417116761,0.9945639602128151,False,126
2009-05-26,2156,2114,2198,top_3,0.012004892166767802,True,0.3405271098795026,0.33649203456633237,-0.005332583452984193,2.8436446283142125e-05,0.9999715635537169,0.012075331532453725,0.9945639602128151,False,126
2009-05-26,2156,2114,2198,top_6,-0.06058679204571971,False,0.6324672467919922,1.103335245335528,-0.003247319924495162,1.0545086691848837e-05,0.9999894549133082,-0.060564913615568435,0.9945639602128151,False,126
2009-05-26,2156,2114,2198,flag_nested,-0.03871663695613238,False,0.32886909556983257,0.49246220748808733,-0.004898481920156234,2.3995125122189265e-05,0.9999760048748778,-0.038642776099590076,0.9945639602128151,False,126
2009-06-15,2170,2128,2212,market_1,0.14445261610654048,True,0.04646280105389259,0.03923626882906458,0.03237670673744388,0.0010482511391625149,0.9989517488608375,0.14093963998655776,0.9912098080037012,False,126
2009-06-15,2170,2128,2212,block_2_3,-0.30407929492141955,False,0.5504048958190695,0.31393673533546823,-0.055326369038377635,0.0030610071109707926,0.9969389928890292,-0.30654718850405616,0.9912098080037012,False,126
2009-06-15,2170,2128,2212,block_4_6,-0.14776438007618753,False,0.7822444166921385,1.082509130008053,0.0015052276959661224,2.265710416837763e-06,0.9999977342895832,-0.1477569408596942,0.9912098080037012,False,126
2009-06-15,2170,2128,2212,top_3,-0.29994403765365,False,0.5523268093459724,0.3162110744895114,0.006412569862570538,4.112105224240992e-05,0.9999588789477576,-0.300083326776623,0.9912098080037012,False,126
2009-06-15,2170,2128,2212,top_6,-0.06913290871788412,False,0.6935527328177328,1.0952337504268328,0.006056821856968488,3.6685091007182535e-05,0.9999633149089928,-0.06921991349315618,0.9912098080037012,False,126
2009-06-15,2170,2128,2212,flag_nested,-0.12484796700606259,False,0.4289712409035893,0.4845535340364723,0.005131110301773105,2.6328292928923247e-05,0.9999736717070711,-0.12501761732929884,0.9912098080037012,False,126
2009-07-03,2184,2142,2226,market_1,0.1563209455050964,True,0.043232654911372834,0.03911863275625722,-0.2349686090413203,0.05521024723481305,0.944789752765187,0.17003511882880598,0.9902845246356696,False,126
2009-07-03,2184,2142,2226,block_2_3,0.30477500781665084,True,0.3620252563149355,0.32255779722039607,0.015245240186055652,0.00023241734833046035,0.9997675826516695,0.30485435121652804,0.9902845246356696,False,126
2009-07-03,2184,2142,2226,block_4_6,0.09385013703544492,True,1.1308424171156568,0.7164089425479488,-0.011412779245419403,0.000130251530104597,0.9998697484698954,0.09373144624600574,0.9902845246356696,False,126
2009-07-03,2184,2142,2226,top_3,0.3033908986143303,True,0.36456799555292585,0.3247078484462698,-0.028084376754487234,0.0007887322176879374,0.9992112677823121,0.3036267554743187,0.9902845246356696,False,126
2009-07-03,2184,2142,2226,top_6,0.05836610625678854,True,1.136776543288992,0.759033698722001,-0.011578045133967816,0.0001340511291241242,0.9998659488708759,0.05838291767140432,0.9902845246356696,False,126
2009-07-03,2184,2142,2226,flag_nested,0.11073414594314215,True,0.511418766902288,0.36427648246286926,-0.030699669785803883,0.0009424697249572622,0.9990575302750427,0.11090130729738072,0.9902845246356696,False,126
2009-07-24,2198,2156,2240,market_1,0.0664476164418355,True,0.04341987365913235,0.04601160704521804,-0.09568339939352583,0.009155312919500891,0.9908446870804991,0.08918384017355797,0.9904001850566736,False,127
2009-07-24,2198,2156,2240,block_2_3,-0.0008100657526143286,False,0.33428281599433335,0.4678097008810485,0.014120645471576246,0.00019939262853385653,0.9998006073714661,-0.0005028540006334646,0.9904001850566736,False,127
2009-07-24,2198,2156,2240,block_4_6,-0.23630684770908997,False,1.0692757571321456,0.7561575248993211,-0.002631292150594861,6.923698381844368e-06,0.9999930763016182,-0.2363083473886537,0.9904001850566736,False,127
2009-07-24,2198,2156,2240,top_3,0.0010441410842512372,True,0.3364920345663319,0.46943951508763004,-0.009683872501615063,9.377738662752488e-05,0.9999062226133725,0.0013093287839798188,0.9904001850566736,False,127
2009-07-24,2198,2156,2240,top_6,-0.21963867339017434,False,1.103335245335527,0.7203898576378264,-0.006070225245649724,3.6847634532932716e-05,0.9999631523654671,-0.21959939374920162,0.9904001850566736,False,127
2009-07-24,2198,2156,2240,flag_nested,-0.14581402143887384,False,0.4924622074880869,0.4025772951736861,-0.0134806868444375,0.00018172891779744127,0.9998182710822026,-0.14555644554172034,0.9904001850566736,False,127
2009-08-13,2212,2170,2254,market_1,0.035510083135955585,True,0.039236268829064565,0.05181519384756714,0.05017985091134005,0.0025180174374842546,0.9974819825625157,0.023946250193593758,0.9892435808466343,False,128
2009-08-13,2212,2170,2254,block_2_3,-0.1826313017610806,False,0.3139367353354681,0.41600466805336045,-0.018497263938218406,0.00034214877320015713,0.9996578512267998,-0.18391992984730843,0.9892435808466343,False,128
2009-08-13,2212,2170,2254,block_4_6,-0.2034612630897133,False,1.0825091300080516,0.8344954848458298,-0.011914666022839904,0.00014195926643589818,0.9998580407335641,-0.2035135563702963,0.9892435808466343,False,128
2009-08-13,2212,2170,2254,top_3,-0.18115762033390234,False,0.31621107448951136,0.4184235129048984,0.008404623727227598,7.063769999648972e-05,0.9999293623000035,-0.18150543573756817,0.9892435808466343,False,128
2009-08-13,2212,2170,2254,top_6,-0.13929311496099067,False,1.0952337504268315,0.8454113362496777,0.005136456173025324,2.638318201741985e-05,0.9999736168179826,-0.1393428920005816,0.9892435808466343,False,128
2009-08-13,2212,2170,2254,flag_nested,-0.14301018497390278,False,0.4845535340364718,0.42445763150236454,0.008644365631115855,7.472505716443756e-05,0.9999252749428356,-0.14326723239854985,0.9892435808466343,False,128
2009-09-03,2226,2184,2268,market_1,0.12033784139907415,True,0.03911863275625722,0.05927718298751471,0.05058980344962493,0.0025593282130715878,0.9974406717869284,0.12564698259886903,0.9906315058986814,False,129
2009-09-03,2226,2184,2268,block_2_3,0.1993919891364377,True,0.32255779722039557,0.36100025996134366,-0.03846265474445763,0.0014793758099912457,0.9985206241900088,0.19846114442652654,0.9906315058986814,False,129
2009-09-03,2226,2184,2268,block_4_6,0.005965414457025496,True,0.7164089425479477,0.7632624829451119,0.013952691214981505,0.00019467759214064628,0.9998053224078594,0.005927128779641438,0.9906315058986814,False,129
2009-09-03,2226,2184,2268,top_3,0.19909154216497138,True,0.3247078484462694,0.36194833992743525,0.01155016593398058,0.00013340633310277017,0.9998665936668972,0.19922408654412896,0.9906315058986814,False,129
2009-09-03,2226,2184,2268,top_6,0.007054375622495723,True,0.759033698722,0.7905086812629771,0.004030038883273157,1.624121340071394e-05,0.9999837587865993,0.007069469987075233,0.9906315058986814,False,129
2009-09-03,2226,2184,2268,flag_nested,0.06198663437730209,True,0.36427648246286876,0.38901582727917283,0.010332328790532596,0.00010675701823548156,0.9998932429817645,0.062111596100581715,0.9906315058986814,False,129
2009-09-25,2240,2198,2282,market_1,-0.024689616403641302,False,0.04601160704521802,0.06865502034008336,0.10542908283458968,0.011115291507342695,0.9888847084926573,-0.04096518486757299,0.9886652787416146,False,125
2009-09-25,2240,2198,2282,block_2_3,0.44248380696345097,True,0.46780970088104806,0.4473299718411867,0.0065067548713060004,4.2337858955132646e-05,0.9999576621410449,0.4434123042799666,0.9886652787416146,False,125
2009-09-25,2240,2198,2282,block_4_6,0.3740070848176824,True,0.7561575248993216,0.6630326871813057,0.004899958891540262,2.4009597138774375e-05,0.9999759904028612,0.3741144529534305,0.9886652787416146,False,125
2009-09-25,2240,2198,2282,top_3,0.4446121124596959,True,0.4694395150876294,0.4471624267548053,0.014698343328285665,0.0002160412965962477,0.9997839587034038,0.44447923462307987,0.9886652787416146,False,125
2009-09-25,2240,2198,2282,top_6,0.16266321463756206,True,0.7203898576378268,0.6598696744190886,0.008907734025077503,7.934772546147606e-05,0.9999206522745385,0.16258210755899946,0.9886652787416146,False,125
2009-09-25,2240,2198,2282,flag_nested,0.2875578252126017,True,0.40257729517368607,0.3793893184948303,0.022405982631503063,0.0005020280576835123,0.9994979719423165,0.2872121460285267,0.9886652787416146,False,125
2009-10-16,2254,2212,2296,market_1,0.04346565258600219,True,0.05181519384756717,0.063328976132352,0.05797573827784895,0.0033611862288613903,0.9966388137711386,0.03487434308675835,0.9858894286375203,False,124
2009-10-16,2254,2212,2296,block_2_3,-0.30290584685132466,False,0.4160046680533603,0.488789208416431,0.03556485980440681,0.0012648592529070912,0.9987351407470929,-0.3016829735291072,0.9858894286375203,False,124
2009-10-16,2254,2212,2296,block_4_6,0.04110924275400449,True,0.8344954848458295,0.6759534242056364,0.005325121337230317,2.835691725622258e-05,0.9999716430827438,0.04109760209221566,0.9858894286375203,False,124
2009-10-16,2254,2212,2296,top_3,-0.30009780716510476,False,0.4184235129048982,0.4893482227787432,0.0033192754683147646,1.1017589634620961e-05,0.9999889824103654,-0.3002472182651583,0.9858894286375203,False,124
2009-10-16,2254,2212,2296,top_6,0.1737023347802504,True,0.8454113362496775,0.6000067603213438,0.0034323870787768595,1.1781281058609316e-05,0.9999882187189414,0.17367614432968861,0.9858894286375203,False,124
2009-10-16,2254,2212,2296,flag_nested,-0.035125408017927795,False,0.42445763150236443,0.3792525179025569,0.00981660815417686,9.636579565264203e-05,0.9999036342043474,-0.035378651549409966,0.9858894286375203,False,124
2009-11-06,2268,2226,2310,market_1,0.14973199103498994,True,0.05927718298751472,0.05078542805136062,-0.035659336548789174,0.0012715882830995895,0.9987284117169004,0.15743537052549197,0.9817256534813786,False,126
2009-11-06,2268,2226,2310,block_2_3,-0.3538230661077319,False,0.36100025996134394,0.6149374376887804,0.04949934341499416,0.002450184998515348,0.9975498150014847,-0.3520341471837508,0.9817256534813786,False,126
2009-11-06,2268,2226,2310,block_4_6,0.02740121636247174,True,0.7632624829451123,0.8299386346024876,-0.0382288111602005,0.0014614420027223574,0.9985385579972776,0.026286715393436272,0.9817256534813786,False,126
2009-11-06,2268,2226,2310,top_3,-0.35162384855695483,False,0.36194833992743597,0.6164825744689086,-0.003593446504957729,1.2912857783931031e-05,0.9999870871422161,-0.3516535990321326,0.9817256534813786,False,126
2009-11-06,2268,2226,2310,top_6,0.19677002192630888,True,0.7905086812629772,0.6901346472868523,-0.0014753571507012764,2.176678722154435e-06,0.9999978233212778,0.19680208226023113,0.9817256534813786,False,126
2009-11-06,2268,2226,2310,flag_nested,-0.043957111083373274,False,0.38901582727917317,0.4567753493873355,-0.004860679898392997,2.3626209074367743e-05,0.9999763737909256,-0.04383283693925014,0.9817256534813786,False,126
2009-11-27,2282,2240,2324,market_1,-0.2796072039574379,False,0.06865502034008336,0.04998478382701515,-0.05399895457109723,0.002915887094771419,0.9970841129052286,-0.27484677353688375,0.9740920656951191,False,126
2009-11-27,2282,2240,2324,block_2_3,-0.5579938746126581,False,0.4473299718411872,0.7328725587983455,0.012234461392583862,0.00014968204556653486,0.9998503179544335,-0.5585298421170993,0.9740920656951191,False,126
2009-11-27,2282,2240,2324,block_4_6,-0.14855283628077773,False,0.6630326871813063,0.9627683233489761,-0.021148614355095147,0.00044726388914062554,0.9995527361108594,-0.14826079532891892,0.9740920656951191,False,126
2009-11-27,2282,2240,2324,top_3,-0.555533120520668,False,0.44716242675480605,0.734239146763919,-0.0036993907890209023,1.3685492209813965e-05,0.9999863145077902,-0.5556029985246898,0.9740920656951191,False,126
2009-11-27,2282,2240,2324,top_6,0.14743161277023042,True,0.6598696744190892,0.730169408712518,-0.001492290388105224,2.2269306024780278e-06,0.9999977730693975,0.14747254486118755,0.9740920656951191,False,126
2009-11-27,2282,2240,2324,flag_nested,-0.2527238642232793,False,0.37938931849483076,0.5206330259703412,-0.005938926736034074,3.5270850775925844e-05,0.9999647291492241,-0.25267773671991944,0.9740920656951191,False,126
2009-12-17,2296,2254,2338,market_1,-0.2384322927305725,False,0.06332897613235194,0.053499091051597836,-0.07349501475817982,0.005401517194305039,0.994598482805695,-0.22939649981866772,0.9755956511681703,False,124
2009-12-17,2296,2254,2338,block_2_3,0.5084493217947841,True,0.4887892084164309,0.3515728854683345,0.017653580532968675,0.00031164890563406544,0.9996883510943659,0.5082288039424954,0.9755956511681703,False,124
2009-12-17,2296,2254,2338,block_4_6,0.2343991869969371,True,0.6759534242056368,0.7732091223114828,-0.02919673975233831,0.0008524496121657954,0.9991475503878342,0.23361316724833334,0.9755956511681703,False,124
2009-12-17,2296,2254,2338,top_3,0.5119328730871853,True,0.489348222778743,0.3535564724836495,-0.012471252335478059,0.0001555321348151173,0.9998444678651849,0.5122366650972575,0.9755956511681703,False,124
2009-12-17,2296,2254,2338,top_6,0.1333300006480399,True,0.6000067603213436,0.7745636945497627,-0.005316149018706756,2.826144038892142e-05,0.9999717385596111,0.13342966920678367,0.9755956511681703,False,124
2009-12-17,2296,2254,2338,flag_nested,0.27080105271454913,True,0.37925251790255676,0.38015921924127705,-0.013074160802563978,0.00017093368069109882,0.9998290663193089,0.27142999534503354,0.9755956511681703,False,124
2010-01-12,2310,2268,2352,market_1,-0.01583338969355142,False,0.05078542805136056,0.049302571866912254,-0.11655215605584453,0.013584405081265905,0.9864155949187341,-0.001020792140099863,0.9783715012722646,False,124
2010-01-12,2310,2268,2352,block_2_3,0.531259452061722,True,0.6149374376887803,0.2973426019834878,-0.025308758453998628,0.0006405332544827669,0.9993594667455172,0.5324816470006265,0.9783715012722646,False,124
2010-01-12,2310,2268,2352,block_4_6,0.2964537217685633,True,0.8299386346024883,1.0291929194537912,-0.009094023526783394,8.270126390541588e-05,0.9999172987360946,0.29637111796623855,0.9783715012722646,False,124
2010-01-12,2310,2268,2352,top_3,0.5263869784054089,True,0.6164825744689086,0.3004400671496696,-0.018589899237012087,0.00034558435364240303,0.9996544156463576,0.526631673185434,0.9783715012722646,False,124
2010-01-12,2310,2268,2352,top_6,0.2662970179257151,True,0.6901346472868527,1.0392378486718914,-0.005361009721562063,2.8740425234707878e-05,0.9999712595747653,0.2663576547057353,0.9783715012722646,False,124
2010-01-12,2310,2268,2352,flag_nested,0.3053126537815634,True,0.4567753493873356,0.4610004041151753,-0.01511984944574471,0.00022860984726214006,0.9997713901527379,0.3056304091964373,0.9783715012722646,False,124
2010-02-01,2324,2282,2366,market_1,0.031980236810778405,True,0.04998478382701514,0.044161717888371206,-0.08635485772959699,0.0074571614534990616,0.9925428385465009,0.045657687946925686,0.9814943326393708,False,124
2010-02-01,2324,2282,2366,block_2_3,0.5681336297963092,True,0.7328725587983456,0.3391013882769424,-0.008270886296680118,6.840756013259952e-05,0.9999315924398674,0.5681889191360597,0.9814943326393708,False,124
2010-02-01,2324,2282,2366,block_4_6,0.5589197748196276,True,0.9627683233489753,0.9381920763294391,-0.006623385531832612,4.3869235903271075e-05,0.9999561307640967,0.5590791716550451,0.9814943326393708,False,124
2010-02-01,2324,2282,2366,top_3,0.5629292506684774,True,0.7342391467639188,0.341900986750695,-0.01197427448772476,0.00014338324950746717,0.9998566167504925,0.5630905728687845,0.9814943326393708,False,124
2010-02-01,2324,2282,2366,top_6,0.5400614457489243,True,0.7301694087125175,0.9474692571152701,-0.004247464017365532,1.8040950578779302e-05,0.9999819590494212,0.5401299797436512,0.9814943326393708,False,124
2010-02-01,2324,2282,2366,flag_nested,0.4815984727390696,True,0.520633025970341,0.43649973398653064,-0.01094025565762363,0.00011968919385418886,0.9998803108061458,0.4818794978719734,0.9814943326393708,False,124
2010-02-22,2338,2296,2380,market_1,0.1585261184286382,True,0.05349909105159787,0.05009018525735125,-0.11019416253136656,0.012142753455989252,0.9878572465440107,0.16999615746670452,0.9847328244274809,False,122
2010-02-22,2338,2296,2380,block_2_3,0.11711110452988896,True,0.35157288546833465,0.2889884196123691,-0.001303660119250339,1.69952970652254e-06,0.9999983004702935,0.11713211550742525,0.9847328244274809,False,122
2010-02-22,2338,2296,2380,block_4_6,0.09021608102132109,True,0.7732091223114834,0.7793570604004877,-0.01920455925227794,0.0003688150960743375,0.9996311849039257,0.09018792526904708,0.9847328244274809,False,122
2010-02-22,2338,2296,2380,top_3,0.11820992693004063,True,0.3535564724836498,0.29290340714254537,-0.019156909225373647,0.0003669871710690886,0.9996330128289309,0.11847590305959543,0.9847328244274809,False,122
2010-02-22,2338,2296,2380,top_6,0.07524455940375283,True,0.774563694549763,0.8213087197996075,-0.005915084161958693,3.4988220643183965e-05,0.9999650117793568,0.07528322901370721,0.9847328244274809,False,122
2010-02-22,2338,2296,2380,flag_nested,0.0866738129743159,True,0.38015921924127727,0.3788550701356629,-0.017672712267197997,0.00031232475887910116,0.9996876752411209,0.08696193172190964,0.9847328244274809,False,122
2010-03-12,2352,2310,2394,market_1,0.2958500643707489,True,0.04930257186691231,0.06164264191282845,-0.12058661374310732,0.01454113141402924,0.9854588685859708,0.30109792071088315,0.9854267869535045,False,123
2010-03-12,2352,2310,2394,block_2_3,-0.17653228948420677,False,0.29734260198348783,0.2659910318192359,-0.04390524677583661,0.0019276706944472144,0.9980723293055528,-0.1772987294412336,0.9854267869535045,False,123
2010-03-12,2352,2310,2394,block_4_6,-0.28271876244529504,False,1.0291929194537908,0.6021068773014856,-0.009266013560957655,8.585900731172824e-05,0.9999141409926883,-0.2827572625671024,0.9854267869535045,False,123
2010-03-12,2352,2310,2394,top_3,-0.17339854585009176,False,0.3004400671496696,0.2696168374602764,-0.02418845086279507,0.0005850811551416646,0.9994149188448583,-0.1733755637993103,0.9854267869535045,False,123
2010-03-12,2352,2310,2394,top_6,-0.24714575306087755,False,1.0392378486718907,0.6382223125035397,-0.009041392771001359,8.174678323946694e-05,0.9999182532167605,-0.24714681598721464,0.9854267869535045,False,123
2010-03-12,2352,2310,2394,flag_nested,-0.21784820283417922,False,0.461000404115175,0.3097076820900334,-0.02786977359532453,0.0007767242802546592,0.9992232757197453,-0.2178501319382926,0.9854267869535045,False,123
2010-04-02,2366,2324,2408,market_1,0.19163141305608225,True,0.04416171788837118,0.06681516955531247,-0.10848673045247136,0.011769370684267422,0.9882306293157326,0.2024202771977061,0.9821882951653944,False,127
2010-04-02,2366,2324,2408,block_2_3,-0.34539231381596175,False,0.3391013882769423,0.2658603800275484,0.07781573053536366,0.006055287918752428,0.9939447120812476,-0.34766733386287685,0.9821882951653944,False,127
2010-04-02,2366,2324,2408,block_4_6,-0.3496455965350141,False,0.9381920763294394,0.7164642171852958,0.0029227441259816462,8.542433225788848e-06,0.9999914575667742,-0.34970136796255885,0.9821882951653944,False,127
2010-04-02,2366,2324,2408,top_3,-0.3326374538731854,False,0.34190098675069486,0.26964130341577025,-0.033448181463653845,0.0011187808432253643,0.9988812191567746,-0.3323742639023505,0.9821882951653944,False,127
2010-04-02,2366,2324,2408,top_6,-0.29370563654347587,False,0.9474692571152709,0.7276757431624773,-0.011477113237726922,0.00013172412827178182,0.9998682758717282,-0.2936780259457685,0.9821882951653944,False,127
2010-04-02,2366,2324,2408,flag_nested,-0.29077740015939185,False,0.4364997339865309,0.3419820788430308,-0.027799051670521432,0.0007727872737802732,0.9992272127262197,-0.29059787735555964,0.9821882951653944,False,127
2010-04-22,2380,2338,2422,market_1,0.21225274896695312,True,0.050090185257351226,0.05971636777082701,-0.19300524116079276,0.03725102311553574,0.9627489768844643,0.25313043046175016,0.9869303724265557,False,127
2010-04-22,2380,2338,2422,block_2_3,-0.1321715940292866,False,0.2889884196123691,0.21663915675186424,0.07856740653155458,0.006172837369094464,0.9938271626309055,-0.13486623033003717,0.9869303724265557,False,127
2010-04-22,2380,2338,2422,block_4_6,0.13184254805192627,True,0.7793570604004879,0.8545355621957389,0.005615508999592576,3.153394132449083e-05,0.9999684660586755,0.1318487178087142,0.9869303724265557,False,127
2010-04-22,2380,2338,2422,top_3,-0.12275594807350614,False,0.2929034071425454,0.2231401450519848,-0.056216998630295736,0.003160350934998779,0.9968396490650012,-0.12148296046950015,0.9869303724265557,False,127
2010-04-22,2380,2338,2422,top_6,0.12872303200793983,True,0.8213087197996072,0.8693322106304912,-0.015534268006608664,0.0002413134825011154,0.9997586865174989,0.1288993346177589,0.9869303724265557,False,127
2010-04-22,2380,2338,2422,flag_nested,0.09168881010996634,True,0.3788550701356628,0.3822559806782584,-0.03835229581604223,0.0014708985943612252,0.9985291014056388,0.09281790083455542,0.9869303724265557,False,127
2010-05-18,2394,2352,2436,market_1,0.1580710839953665,True,0.061642641912828436,0.05035520769842568,-0.18392937661365438,0.03383001558148746,0.9661699844185125,0.17532612808767703,0.9910941475826972,False,125
2010-05-18,2394,2352,2436,block_2_3,-0.1617238492972224,False,0.2659910318192356,0.2639808903788551,0.020209204896058524,0.0004084119625306082,0.9995915880374694,-0.16237387932866634,0.9910941475826972,False,125
2010-05-18,2394,2352,2436,block_4_6,0.170658432674081,True,0.6021068773014856,1.4726229577140457,0.010515931533761977,0.00011058481602288506,0.9998894151839771,0.17069161493553656,0.9910941475826972,False,125
2010-05-18,2394,2352,2436,top_3,-0.14721752740282185,False,0.2696168374602763,0.26801220265842746,-0.03763398660685604,0.0014163169479251003,0.9985836830520749,-0.14675045214065516,0.9910941475826972,False,125
2010-05-18,2394,2352,2436,top_6,0.17231014182546625,True,0.6382223125035398,1.4814191791640972,-0.006144783429739827,3.7758363398476824e-05,0.9999622416366015,0.172359917042525,0.9910941475826972,False,125
2010-05-18,2394,2352,2436,flag_nested,0.12423212706234975,True,0.3097076820900334,0.6262956899629467,-0.01843547797947445,0.00033986684833153813,0.9996601331516685,0.12460159069082563,0.9910941475826972,False,125
2010-06-07,2408,2366,2450,market_1,0.3045266527094495,True,0.06681516955531246,0.04850020747610666,-0.24487047952610935,0.05996155174334672,0.9400384482566533,0.3389977778598032,0.987971316215591,False,126
2010-06-07,2408,2366,2450,block_2_3,-0.3300667654402462,False,0.26586038002754864,0.33331556997712675,-0.022079200002760556,0.00048749107276180315,0.9995125089272382,-0.32963768448550856,0.987971316215591,False,126
2010-06-07,2408,2366,2450,block_4_6,-0.1010304746718916,False,0.716464217185296,1.5753972819157624,0.016406593929414227,0.00026917632436473937,0.9997308236756353,-0.1006950202404478,0.987971316215591,False,126
2010-06-07,2408,2366,2450,top_3,-0.3198482855402177,False,0.2696413034157703,0.33644241739288916,-0.03578509934214791,0.0012805733349272597,0.9987194266650727,-0.31936047487631797,0.987971316215591,False,126
2010-06-07,2408,2366,2450,top_6,-0.06684557369518021,False,0.7276757431624774,1.5763901870254762,-0.0069841927097626395,4.877894780719316e-05,0.9999512210521928,-0.06679319500756223,0.987971316215591,False,126
2010-06-07,2408,2366,2450,flag_nested,-0.09312791812087746,False,0.34198207884303083,0.6739815332465114,-0.021473179832370418,0.0004610974521134237,0.9995389025478866,-0.09270461590767975,0.987971316215591,False,126
2010-06-25,2422,2380,2464,market_1,0.3235994437335863,True,0.05971636777082702,0.04399226865482665,-0.31607441817891624,0.09990303782714038,0.9000969621728596,0.3103678807758208,0.9892435808466343,False,125
2010-06-25,2422,2380,2464,block_2_3,0.11440406202704881,True,0.21663915675186438,0.23191026000165246,0.016534293813434714,0.0002733828719091447,0.9997266171280909,0.11369190072837822,0.9892435808466343,False,125
2010-06-25,2422,2380,2464,block_4_6,0.4701176312670706,True,0.8545355621957387,1.4552093194413587,0.009177733631643238,8.42307946136156e-05,0.9999157692053864,0.4700816187846107,0.9892435808466343,False,125
2010-06-25,2422,2380,2464,top_3,0.11690252618672996,True,0.22314014505198485,0.23528772458454997,-0.05963968583241137,0.0035568921261888153,0.9964431078738112,0.11558996563713987,0.9892435808466343,False,125
2010-06-25,2422,2380,2464,top_6,0.45726718671227895,True,0.8693322106304906,1.4664616570879,-0.009815853621812684,9.63509823248554e-05,0.9999036490176751,0.457235566032593,0.9892435808466343,False,125
2010-06-25,2422,2380,2464,flag_nested,0.4252730899607793,True,0.38225598067825817,0.6154730344211855,-0.027833819943612132,0.0007747215326535661,0.9992252784673464,0.4249964272101821,0.9892435808466343,False,125
2010-07-15,2436,2394,2478,market_1,0.347653809555156,True,0.05035520769842568,0.04568289877743014,-0.1302545023131439,0.016966235372844807,0.9830337646271552,0.33121846538196664,0.9923664122137404,False,124
2010-07-15,2436,2394,2478,block_2_3,0.23475967316695345,True,0.2639808903788555,0.20848947997673845,,0.0,1.0,0.23475967316695345,0.9923664122137404,False,124
2010-07-15,2436,2394,2478,block_4_6,0.2989377049185357,True,1.4726229577140446,0.8879144618612703,0.01761815206275732,0.00031039928210652157,0.9996896007178935,0.2989693447688237,0.9923664122137404,False,124
2010-07-15,2436,2394,2478,top_3,0.23597200037123814,True,0.2680122026584279,0.21187757060863,-0.02835760258325987,0.0008041536242702207,0.9991958463757298,0.23519026488099914,0.9923664122137404,False,124
2010-07-15,2436,2394,2478,top_6,0.2871356411984054,True,1.4814191791640972,0.9030583492483427,-0.008468175949341659,7.171000390904236e-05,0.999928289996091,0.2870919807395498,0.9923664122137404,False,124
2010-07-15,2436,2394,2478,flag_nested,0.28286420396613215,True,0.6262956899629467,0.39111382730296157,-0.019261912866653852,0.0003710212872825025,0.9996289787127175,0.2825941592840511,0.9923664122137404,False,124
2010-08-06,2450,2408,2492,market_1,0.09692974740887571,True,0.04850020747610669,0.04851575185349809,-0.11043860841379108,0.012196686228374554,0.9878033137716254,0.0934282215828553,0.9945639602128151,False,125
2010-08-06,2450,2408,2492,block_2_3,-0.2516300389190407,False,0.33331556997712697,0.24738545323061997,,0.0,1.0,-0.2516300389190407,0.9945639602128151,False,125
2010-08-06,2450,2408,2492,block_4_6,0.0177804558722077,True,1.5753972819157631,0.9136124570805648,0.014589476185299804,0.00021285281536143064,0.9997871471846386,0.017774289777426792,0.9945639602128151,False,125
2010-08-06,2450,2408,2492,top_3,-0.2421580785704582,False,0.3364424173928892,0.2515031982303989,-0.02057722559171435,0.00042342221305224914,0.9995765777869478,-0.24231104241586285,0.9945639602128151,False,125
2010-08-06,2450,2408,2492,top_6,0.03392900474693493,True,1.5763901870254762,0.9277447701998074,-0.0074029788821261275,5.480409632929728e-05,0.9999451959036707,0.03391656418659098,0.9945639602128151,False,125
2010-08-06,2450,2408,2492,flag_nested,0.0060581448092271,True,0.6739815332465114,0.40852187724788036,-0.016442563059399718,0.0002703578799624351,0.9997296421200376,0.006002580859769027,0.9945639602128151,False,125
2010-08-26,2464,2422,2506,market_1,0.16201695403014238,True,0.043992268654826645,0.04840116580181614,0.010904728358933746,0.00011891310058231852,0.9998810868994177,0.16350891290382819,0.9934073560027759,False,126
2010-08-26,2464,2422,2506,block_2_3,0.12056293114733226,True,0.23191026000165252,0.2678121326555376,,0.0,1.0,0.12056293114733226,0.9934073560027759,False,126
2010-08-26,2464,2422,2506,block_4_6,-0.15557132320917336,False,1.4552093194413578,0.9650273867416961,0.01258883424004503,0.00015847874752317193,0.9998415212524768,-0.1555881920664798,0.9934073560027759,False,126
2010-08-26,2464,2422,2506,top_3,0.11812747272672165,True,0.23528772458455013,0.27156716937300496,0.0025335916748892616,6.4190867751223735e-06,0.9999935809132249,0.11818334438757419,0.9934073560027759,False,126
2010-08-26,2464,2422,2506,top_6,-0.15350610720606114,False,1.4664616570878983,0.9931093383150753,-0.001054172798981376,1.111280290011507e-06,0.99999888871971,-0.1535083536316964,0.9934073560027759,False,126
2010-08-26,2464,2422,2506,flag_nested,-0.12778369891486327,False,0.6154730344211847,0.4373822984371507,0.0010928027821937682,1.1942179207746761e-06,0.9999988057820792,-0.12777923242284198,0.9934073560027759,False,126
2010-09-16,2478,2436,2520,market_1,0.18321935825299973,True,0.045682898777430155,0.05340757350906894,-0.12783727224561778,0.016342368175200073,0.9836576318247999,0.20613006500859568,0.9921350913717326,False,128
2010-09-16,2478,2436,2520,block_2_3,-0.19969755242169387,False,0.20848947997673822,0.3924199442446997,,0.0,1.0,-0.19969755242169387,0.9921350913717326,False,128
2010-09-16,2478,2436,2520,block_4_6,-0.12721329644572996,False,0.8879144618612708,1.2131158332231413,-0.008654101832871481,7.489347853373296e-05,0.9999251065214663,-0.12707839024685802,0.9921350913717326,False,128
2010-09-16,2478,2436,2520,top_3,-0.18908039500826776,False,0.21187757060862966,0.3945467547759031,-0.017409297453722338,0.00030308363783215775,0.9996969163621678,-0.1886395725069736,0.9921350913717326,False,128
2010-09-16,2478,2436,2520,top_6,-0.12154546816154192,False,0.9030583492483427,1.2124958256791167,-0.005555597058766894,3.086465867951915e-05,0.9999691353413205,-0.12151812070460158,0.9921350913717326,False,128
2010-09-16,2478,2436,2520,flag_nested,-0.1261001807585499,False,0.3911138273029615,0.5475086946260057,-0.015270633899924705,0.00023319225970563906,0.9997668077402944,-0.12582516343500488,0.9921350913717326,False,128
2010-10-08,2492,2450,2534,market_1,0.17788395482305697,True,0.0485157518534981,0.045973681496833424,-0.09924801439966369,0.009850168362275924,0.9901498316377241,0.18346210610321192,0.9925977330557483,False,127
2010-10-08,2492,2450,2534,block_2_3,0.2635325181715439,True,0.24738545323061983,0.3169656441562634,,0.0,1.0,0.2635325181715439,0.9925977330557483,False,127
2010-10-08,2492,2450,2534,block_4_6,0.07346342154297958,True,0.9136124570805643,0.9898214370321579,-0.0004171048065658627,1.739764196040383e-07,0.9999998260235804,0.07347432886912064,0.9925977330557483,False,127
2010-10-08,2492,2450,2534,top_3,0.26457021460529967,True,0.2515031982303987,0.31897641189466175,-0.014410816384260852,0.00020767162886103918,0.999792328371139,0.2647215139252468,0.9925977330557483,False,127
2010-10-08,2492,2450,2534,top_6,0.07042028541852399,True,0.9277447701998066,1.0300322483957232,-0.005536836413877486,3.0656557473918156e-05,0.9999693434425261,0.07043468493956824,0.9925977330557483,False,127
2010-10-08,2492,2450,2534,flag_nested,0.09914922023226937,True,0.40852187724788,0.4613638859887367,-0.012466743065101182,0.00015541968265131434,0.9998445803173487,0.09923948515440481,0.9925977330557483,False,127
