date,start,past_start,future_start,component,cosine,positive_cosine,incoming_speed,outgoing_speed,erse_outgoing_cosine,outgoing_erse_attributed_fraction,outgoing_residual_energy_fraction,residual_cosine,positive_correlation_fraction,all_correlations_positive,erse_rotations
2001-08-06,42,0,84,market_1,0.244792363375581,True,0.10211543323895794,0.08126866611959793,-0.022132798187176485,0.000489860755594429,0.9995101392444056,0.24559078381331864,0.8689610675730967,False,309
2001-08-06,42,0,84,block_2_3,0.5030250448679232,True,0.29137734055893794,0.2854338024473771,,0.0,1.0,0.5030250448679232,0.8689610675730967,False,309
2001-08-06,42,0,84,block_4_6,0.23126142917298212,True,0.43231395584957116,0.41645410887525597,,0.0,1.0,0.23126142917298212,0.8689610675730967,False,309
2001-08-06,42,0,84,top_3,0.47029452977787656,True,0.2916974554653904,0.2941012229626402,-0.006602392681213827,4.3591589116931395e-05,0.9999564084108831,0.4703997721763767,0.8689610675730967,False,309
2001-08-06,42,0,84,top_6,0.029172234489343373,True,0.4300197772494485,0.41189509825103,-0.005640179093135173,3.1811620202604196e-05,0.9999681883797974,0.029209984744230578,0.8689610675730967,False,309
2001-08-06,42,0,84,flag_nested,0.2453799135013564,True,0.2638361834261027,0.2524137500271525,-0.009164558168851172,8.398912643015066e-05,0.9999160108735698,0.24553863291460581,0.8689610675730967,False,309
2001-08-24,56,14,98,market_1,-0.3854903736055392,False,0.13316230547370667,0.08945438790547391,-0.10351407759275234,0.010715164259878174,0.9892848357401218,-0.3878781388559968,0.8633902999402008,False,309
2001-08-24,56,14,98,block_2_3,0.13222052887840618,True,0.23798461664000897,0.30460129282472065,,0.0,1.0,0.13222052887840618,0.8633902999402008,False,309
2001-08-24,56,14,98,block_4_6,0.2289251806001247,True,0.43123973947112065,0.4504042948054411,,0.0,1.0,0.2289251806001247,0.8633902999402008,False,309
2001-08-24,56,14,98,top_3,0.21561003692365582,True,0.2231593991128988,0.3109277237918169,-0.02901853111365286,0.0008420751479941702,0.9991579248520058,0.21567806585799093,0.8633902999402008,False,309
2001-08-24,56,14,98,top_6,0.1448756522484426,True,0.4523415286872221,0.4407461383200946,-0.020697162794087575,0.00042837254772487565,0.9995716274522751,0.14489682208197568,0.8633902999402008,False,309
2001-08-24,56,14,98,flag_nested,0.07389584913266749,True,0.26159965946537145,0.2694506084554442,-0.04177989324671074,0.001745559479706671,0.9982544405202933,0.07389738530581638,0.8633902999402008,False,309
2001-09-20,70,28,112,market_1,-0.12466618898976635,False,0.09330777913212644,0.07680409734875902,0.07501867005159459,0.0056278008563099835,0.99437219914369,-0.12905564450934337,0.8798193434677242,False,305
2001-09-20,70,28,112,block_2_3,0.22729823364709784,True,0.2403741251357016,0.30447408528380954,,0.0,1.0,0.22729823364709784,0.8798193434677242,False,305
2001-09-20,70,28,112,block_4_6,0.05778530184893541,True,0.4048861891255799,0.4900121176186709,,0.0,1.0,0.05778530184893541,0.8798193434677242,False,305
2001-09-20,70,28,112,top_3,0.24374570820723754,True,0.2486006150193338,0.3104552454103044,0.017878102001503093,0.0003196265311761204,0.9996803734688239,0.24349422489405712,0.8798193434677242,False,305
2001-09-20,70,28,112,top_6,0.001811642287820271,True,0.4198507536515823,0.4937199256998125,0.011444618340993532,0.00013097928897110034,0.9998690207110289,0.0016755592005858527,0.8798193434677242,False,305
2001-09-20,70,28,112,flag_nested,0.08006907477859042,True,0.24225236042785417,0.28045127326504776,0.024902661278410464,0.0006201425387472037,0.9993798574612528,0.079515121251994,0.8798193434677242,False,305
2001-10-10,84,42,126,market_1,0.1484032217680089,True,0.08126866611959804,0.06981195900048488,-0.03026792666160283,0.000916147384392052,0.999083852615608,0.1486050330739091,0.88539011110062,False,306
2001-10-10,84,42,126,block_2_3,0.00018173927413252833,True,0.2854338024473771,0.308040385658436,,0.0,1.0,0.00018173927413252833,0.88539011110062,False,306
2001-10-10,84,42,126,block_4_6,0.1715657551553823,True,0.41645410887525625,0.48960454532607367,,0.0,1.0,0.1715657551553823,0.88539011110062,False,306
2001-10-10,84,42,126,top_3,0.012054595180462275,True,0.29410122296264024,0.31577690395564006,-0.0070191394367607254,4.926831843277135e-05,0.9999507316815672,0.012061113911033056,0.88539011110062,False,306
2001-10-10,84,42,126,top_6,0.19811864475251975,True,0.4118950982510301,0.5046850505593605,-0.004948517677575611,2.44878272052107e-05,0.9999755121727948,0.19812242450386933,0.88539011110062,False,306
2001-10-10,84,42,126,flag_nested,0.11276830443954046,True,0.25241375002715255,0.28383662088093203,-0.009401245933967245,8.838342511108266e-05,0.9999116165748889,0.11278742566075627,0.88539011110062,False,306
2001-10-30,98,56,140,market_1,0.11230118503474519,True,0.0894543879054739,0.06396153342789088,-0.11233026839685858,0.012618089198110471,0.9873819108018895,0.11534619437963393,0.8891196928209486,False,303
2001-10-30,98,56,140,block_2_3,0.33700690107639014,True,0.30460129282472104,0.24405657303436706,,0.0,1.0,0.33700690107639014,0.8891196928209486,False,303
2001-10-30,98,56,140,block_4_6,0.08930590619925534,True,0.45040429480544125,0.4963606414918976,-0.02236335945482784,0.0005001198461058731,0.9994998801538941,0.08787311986226165,0.8891196928209486,False,303
2001-10-30,98,56,140,top_3,0.33709037509445483,True,0.3109277237918174,0.25194418313194844,-0.02872295389919091,0.0008250080806949667,0.999174991919305,0.33741780848487896,0.8891196928209486,False,303
2001-10-30,98,56,140,top_6,0.03933402011572903,True,0.440746138320095,0.5261581050784923,-0.012751005647089352,0.00016258814501191043,0.9998374118549881,0.03944326561650753,0.8891196928209486,False,303
2001-10-30,98,56,140,flag_nested,0.1523033420574584,True,0.26945060845544455,0.2671892465770665,-0.03274463693437738,0.0010722112479644164,0.9989277887520356,0.15269770673833208,0.8891196928209486,False,303
2001-11-19,112,70,154,market_1,-0.004547190637509696,False,0.07680409734875909,0.06731313663539054,-0.11472210946542152,0.013161162400196269,0.9868388375998037,-0.0015677546704670978,0.8900324174613665,False,310
2001-11-19,112,70,154,block_2_3,0.0536356776702119,True,0.3044740852838099,0.2406862410117751,,0.0,1.0,0.0536356776702119,0.8900324174613665,False,310
2001-11-19,112,70,154,block_4_6,0.05020607123624624,True,0.4900121176186712,0.465103510255955,0.02187828995347714,0.00047865957128823133,0.9995213404287118,0.049165645100613886,0.8900324174613665,False,310
2001-11-19,112,70,154,top_3,0.06792196169584695,True,0.31045524541030484,0.248166319062411,-0.03101838866538652,0.0009621404353969965,0.999037859564603,0.06815178329321112,0.8900324174613665,False,310
2001-11-19,112,70,154,top_6,0.05312850584332423,True,0.4937199256998131,0.48446657403507204,-0.01766831551668378,0.0003121693731970021,0.999687830626803,0.05314887364550705,0.8900324174613665,False,310
2001-11-19,112,70,154,flag_nested,0.05403136844328771,True,0.2804512732650481,0.253333526986797,-0.03775616511652401,0.0014255280043062868,0.9985744719956937,0.054369875372573186,0.8900324174613665,False,310
2001-12-10,126,84,168,market_1,0.05606762696412225,True,0.06981195900048487,0.06785293070046101,-0.04663510162773525,0.0021748327038290105,0.997825167296171,0.06273700358666756,0.8958392345702326,False,313
2001-12-10,126,84,168,block_2_3,0.07538970668415367,True,0.30804038565843583,0.1884836605963781,,0.0,1.0,0.07538970668415367,0.8958392345702326,False,313
2001-12-10,126,84,168,block_4_6,0.04873761926868379,True,0.48960454532607395,0.3815936666942024,0.05402246721953222,0.002918426964485299,0.9970815730355147,0.04721041111665609,0.8958392345702326,False,313
2001-12-10,126,84,168,top_3,0.07436725670013312,True,0.31577690395563995,0.20014468416219675,-0.015563247240381524,0.00024221466466534114,0.9997577853353347,0.07485760897475033,0.8958392345702326,False,313
2001-12-10,126,84,168,top_6,0.03593870079878933,True,0.5046850505593606,0.41771198745094584,-0.00929937298049153,8.647833783015368e-05,0.9999135216621698,0.03610566946181388,0.8958392345702326,False,313
2001-12-10,126,84,168,flag_nested,0.05027741229043287,True,0.28383662088093203,0.21688061803860342,-0.018258353838817198,0.0003333674849036461,0.9996666325150964,0.05103786546216137,0.8958392345702326,False,313
2001-12-31,140,98,182,market_1,0.030025197176651877,True,0.06396153342789095,0.07225116046239424,-0.012171662799700974,0.00014814937530960304,0.9998518506246904,0.029907780786619414,0.8999779687155761,False,311
2001-12-31,140,98,182,block_2_3,0.01317324570461912,True,0.2440565730343668,0.23488859391931707,,0.0,1.0,0.01317324570461912,0.8999779687155761,False,311
2001-12-31,140,98,182,block_4_6,0.1468248432218376,True,0.4963606414918974,0.43028229802921736,-0.024294153417122134,0.0005902058902548246,0.9994097941097452,0.14634290645600112,0.8999779687155761,False,311
2001-12-31,140,98,182,top_3,0.01527655136190939,True,0.25194418313194833,0.24546968694849966,-0.0035561836762668603,1.2646442339336872e-05,0.9999873535576607,0.015267185237941941,0.8999779687155761,False,311
2001-12-31,140,98,182,top_6,0.14173848705920056,True,0.5261581050784923,0.4548059444610583,1.2486674203297673e-05,1.5591705704309788e-10,0.9999999998440829,0.14173849003900643,0.8999779687155761,False,311
2001-12-31,140,98,182,flag_nested,0.09347765851334092,True,0.26718924657706644,0.24449968052715323,-0.003906761642525005,1.526278653130042e-05,0.9999847372134687,0.09346871494470102,0.8999779687155761,False,311
2002-01-22,154,112,196,market_1,0.07346593645568009,True,0.06731313663539051,0.070519596227132,-0.012802190964659491,0.00016389609349554135,0.9998361039065045,0.0733913021332911,0.8989393510213074,False,301
2002-01-22,154,112,196,block_2_3,0.18027154460880893,True,0.24068624101177494,0.2287034375850843,,0.0,1.0,0.18027154460880893,0.8989393510213074,False,301
2002-01-22,154,112,196,block_4_6,0.20001732869478298,True,0.4651035102559548,0.40993715107528744,0.021568562840496464,0.0004652029030045579,0.9995347970969954,0.1994859440129979,0.8989393510213074,False,301
2002-01-22,154,112,196,top_3,0.1856870481428213,True,0.2481663190624108,0.2360849428275934,-0.0029855287034527777,8.913381639219509e-06,0.9999910866183608,0.18568464047078403,0.8989393510213074,False,301
2002-01-22,154,112,196,top_6,0.19262307221771222,True,0.4844665740350722,0.4422146234683095,-0.0017579362917710206,3.09034000600672e-06,0.999996909659994,0.19262166114977616,0.8989393510213074,False,301
2002-01-22,154,112,196,flag_nested,0.180802413500691,True,0.253333526986797,0.23694727063957402,-0.004367052172521061,1.9071144677695884e-05,0.9999809288553223,0.18079592634915015,0.8989393510213074,False,301
2002-02-11,168,126,210,market_1,0.24680119953608776,True,0.06785293070046104,0.07045445896674377,-0.04444437968146651,0.001975302885270369,0.9980246971147296,0.24727865481252692,0.9113398168256066,False,306
2002-02-11,168,126,210,block_2_3,0.017162336906985678,True,0.18848366059637822,0.284498419621761,,0.0,1.0,0.017162336906985678,0.9113398168256066,False,306
2002-02-11,168,126,210,block_4_6,0.06748020200015638,True,0.3815936666942021,0.42850577396455475,,0.0,1.0,0.06748020200015638,0.9113398168256066,False,306
2002-02-11,168,126,210,top_3,0.031368050284367247,True,0.20014468416219688,0.2911166319616788,-0.010450207956986271,0.00010920684634418976,0.9998907931536558,0.03138756320841896,0.9113398168256066,False,306
2002-02-11,168,126,210,top_6,0.020308776133284995,True,0.41771198745094573,0.44370692892355895,-0.006926352290988374,4.797435605874423e-05,0.9999520256439413,0.02031825028740165,0.9113398168256066,False,306
2002-02-11,168,126,210,flag_nested,0.04336030854603541,True,0.2168806180386034,0.25695544695335115,-0.014799875784501265,0.0002190363232363879,0.9997809636767636,0.04339604257499821,0.9113398168256066,False,306
2002-03-04,182,140,224,market_1,0.20244079665228576,True,0.07225116046239423,0.06751705135177632,-0.022411425075558808,0.0005022719739173898,0.9994977280260826,0.20644562509081263,0.9180121486796966,False,306
2002-03-04,182,140,224,block_2_3,-0.11884484876216095,False,0.23488859391931727,0.27765249703523337,,0.0,1.0,-0.11884484876216095,0.9180121486796966,False,306
2002-03-04,182,140,224,block_4_6,0.031226561563588322,True,0.43028229802921764,0.4044890626827611,-0.00920743772585129,8.477690947539251e-05,0.9999152230905246,0.03144455828544962,0.9180121486796966,False,306
2002-03-04,182,140,224,top_3,-0.09687720376378726,False,0.2454696869484998,0.2813271067903985,-0.004383916838137436,1.9218726843628353e-05,0.9999807812731564,-0.09678518722263907,0.9180121486796966,False,306
2002-03-04,182,140,224,top_6,-0.06937193649351704,False,0.4548059444610584,0.45812698177823324,-0.0021640295557823954,4.683023918206075e-06,0.9999953169760818,-0.06934403065786224,0.9180121486796966,False,306
2002-03-04,182,140,224,flag_nested,-0.05816831804277539,False,0.2444996805271533,0.25674940013002845,-0.006644948827025489,4.4155344913976435e-05,0.999955844655086,-0.057942952140314634,0.9180121486796966,False,306
2002-03-22,196,154,238,market_1,0.2524625149338516,True,0.070519596227132,0.07046920164868792,-0.04051063537137845,0.0016411115781927998,0.9983588884218072,0.2534722337484136,0.9204041167028609,False,304
2002-03-22,196,154,238,block_2_3,-0.12746172151889873,False,0.22870343758508438,0.2793073106450777,,0.0,1.0,-0.12746172151889873,0.9204041167028609,False,304
2002-03-22,196,154,238,block_4_6,0.13355340908635518,True,0.4099371510752873,0.460090559011324,,0.0,1.0,0.13355340908635518,0.9204041167028609,False,304
2002-03-22,196,154,238,top_3,-0.10775315897723008,False,0.2360849428275935,0.28566938215093496,-0.009497503801255398,9.020257845504531e-05,0.999909797421545,-0.1076966731132633,0.9204041167028609,False,304
2002-03-22,196,154,238,top_6,0.04038475287804074,True,0.4422146234683093,0.5118952415440577,-0.004477424071031392,2.0047326312000457e-05,0.999979952673688,0.04040356268114848,0.9204041167028609,False,304
2002-03-22,196,154,238,flag_nested,0.005453559053116236,True,0.23694727063957402,0.2753925018340381,-0.012277814573385254,0.00015074473069853767,0.9998492552693015,0.005544852112979789,0.9204041167028609,False,304
2002-04-12,210,168,252,market_1,0.27883374248285026,True,0.07045445896674377,0.07050405925275094,0.022796995917547722,0.0005197030228648591,0.9994802969771351,0.27809851037887995,0.9271551317156076,False,304
2002-04-12,210,168,252,block_2_3,0.10564323606711927,True,0.28449841962176076,0.2016629455844949,,0.0,1.0,0.10564323606711927,0.9271551317156076,False,304
2002-04-12,210,168,252,block_4_6,0.17221256381047947,True,0.4285057739645551,0.4329986498308931,,0.0,1.0,0.17221256381047947,0.9271551317156076,False,304
2002-04-12,210,168,252,top_3,0.1040967607361148,True,0.29111663196167864,0.21015423107758197,0.00749589335046408,5.6188417121516565e-05,0.9999438115828785,0.10401138577703298,0.9271551317156076,False,304
2002-04-12,210,168,252,top_6,0.13640881650258832,True,0.44370692892355906,0.4764100151630867,0.0036293907998699564,1.3172477578149433e-05,0.9999868275224219,0.13638218966994417,0.9271551317156076,False,304
2002-04-12,210,168,252,flag_nested,0.13490523465842044,True,0.25695544695335115,0.2398336362474359,0.008240618952555038,6.790780072107871e-05,0.9999320921992789,0.1347848528677796,0.9271551317156076,False,304
2002-05-02,224,182,266,market_1,0.3052417295449502,True,0.06751705135177637,0.06675161860368162,-0.0014770835527143182,2.181775821785692e-06,0.9999978182241782,0.3054477919503631,0.931057816384981,False,308
2002-05-02,224,182,266,block_2_3,-0.04141616484680869,False,0.2776524970352333,0.24669580973270905,,0.0,1.0,-0.04141616484680869,0.931057816384981,False,308
2002-05-02,224,182,266,block_4_6,-0.03001226937524495,False,0.4044890626827608,0.7807625002325067,,0.0,1.0,-0.03001226937524495,0.931057816384981,False,308
2002-05-02,224,182,266,top_3,-0.03229861095173979,False,0.2813271067903985,0.25486245148955355,-0.00039986517996310183,1.5989216195499978e-07,0.999999840107838,-0.032296533888198434,0.931057816384981,False,308
2002-05-02,224,182,266,top_6,-0.028652341891560365,False,0.45812698177823297,0.8142207401041053,-0.0006457817634587389,4.17034086153123e-07,0.9999995829659138,-0.02864971341087231,0.931057816384981,False,308
2002-05-02,224,182,266,flag_nested,-0.012409197799904632,False,0.25674940013002834,0.36959433245372214,-0.0004864652142314524,2.3664840476111948e-07,0.9999997633515952,-0.012404872966845963,0.931057816384981,False,308
2002-05-22,238,196,280,market_1,0.30986011476709974,True,0.0704692016486879,0.07811019422255139,-0.08434717527528461,0.007114445976919348,0.9928855540230807,0.30713351693653607,0.9372737859188619,False,302
2002-05-22,238,196,280,block_2_3,0.08562528887632238,True,0.2793073106450778,0.24438883563005934,,0.0,1.0,0.08562528887632238,0.9372737859188619,False,302
2002-05-22,238,196,280,block_4_6,-0.5071088829488214,False,0.4600905590113244,1.52276383233186,,0.0,1.0,-0.5071088829488214,0.9372737859188619,False,302
2002-05-22,238,196,280,top_3,0.07936009359099215,True,0.28566938215093524,0.2467756704501048,-0.025269483183259334,0.0006385467803489142,0.9993614532196511,0.07908343017197267,0.9372737859188619,False,302
2002-05-22,238,196,280,top_6,-0.4369891770084617,False,0.5118952415440579,1.54090158793191,-0.002737392505081728,7.493317726869897e-06,0.9999925066822731,-0.43701430265082447,0.9372737859188619,False,302
2002-05-22,238,196,280,flag_nested,-0.30111547870531924,False,0.2753925018340382,0.6497154994549778,-0.011775284054696664,0.00013865731456885744,0.9998613426854311,-0.30135219822638476,0.9372737859188619,False,302
2002-06-12,252,210,294,market_1,0.24624736613032663,True,0.07050405925275094,0.08099168654705681,-0.0881102148410151,0.007763409959329892,0.9922365900406701,0.252214014901995,0.9410348409026532,False,309
2002-06-12,252,210,294,block_2_3,0.24051774857999003,True,0.20166294558449502,0.25612929210516117,,0.0,1.0,0.24051774857999003,0.9410348409026532,False,309
2002-06-12,252,210,294,block_4_6,0.5607874973552502,True,0.43299864983089303,1.3781097899166785,0.026877582814754334,0.0007224044579640099,0.999277595542036,0.5622473406932834,0.9410348409026532,False,309
2002-06-12,252,210,294,top_3,0.21314610212378057,True,0.21015423107758216,0.25963108066207274,-0.026855091130777685,0.0007211959196424811,0.9992788040803575,0.21370511679010668,0.9410348409026532,False,309
2002-06-12,252,210,294,top_6,0.5120610710553325,True,0.4764100151630865,1.3921354964207935,-0.004557101856659338,2.076717733190403e-05,0.9999792328226681,0.5121171754022925,0.9410348409026532,False,309
2002-06-12,252,210,294,flag_nested,0.4348915156953233,True,0.2398336362474359,0.5933261829472752,-0.014473757190281964,0.0002094896472032426,0.9997905103527968,0.4352848386960228,0.9410348409026532,False,309
2002-07-02,266,224,308,market_1,0.21375848465999667,True,0.06675161860368153,0.08162093413236475,-0.11357510197852949,0.012899303789433492,0.9871006962105665,0.21829201379727084,0.9468731312749818,False,306
2002-07-02,266,224,308,block_2_3,-0.03506876588436972,False,0.2466958097327087,0.29540235526652553,,0.0,1.0,-0.03506876588436972,0.9468731312749818,False,306
2002-07-02,266,224,308,block_4_6,0.4881376640718131,True,0.7807625002325068,1.048438594757754,,0.0,1.0,0.4881376640718131,0.9468731312749818,False,306
2002-07-02,266,224,308,top_3,-0.035828242383567105,False,0.254862451489553,0.2995327570845377,-0.030318550475802435,0.0009192145029535137,0.9990807854970465,-0.03563783672690533,0.9468731312749818,False,306
2002-07-02,266,224,308,top_6,0.4733194562606473,True,0.8142207401041053,1.0532349107255394,-0.008821315415817401,7.781560566522128e-05,0.9999221843943348,0.473357787101159,0.9468731312749818,False,306
2002-07-02,266,224,308,flag_nested,0.3904141076262609,True,0.36959433245372203,0.4705874668320091,-0.024023137123048672,0.000577111117232576,0.9994228888827674,0.39067477314346344,0.9468731312749818,False,306
2002-07-23,280,238,322,market_1,0.25733260499142047,True,0.07811019422255143,0.07002747862466237,-0.07386129213421222,0.005455490475735347,0.9945445095242647,0.2560095334258785,0.9596827495042961,False,307
2002-07-23,280,238,322,block_2_3,0.013624177677673996,True,0.24438883563005917,0.261145710784993,,0.0,1.0,0.013624177677673996,0.9596827495042961,False,307
2002-07-23,280,238,322,block_4_6,0.5992398743785269,True,1.5227638323318586,0.642725150259208,,0.0,1.0,0.5992398743785269,0.9596827495042961,False,307
2002-07-23,280,238,322,top_3,0.01404615325026934,True,0.2467756704501046,0.26956740684388947,-0.018716821630678893,0.0003503194119546249,0.9996496805880454,0.013883281831616131,0.9596827495042961,False,307
2002-07-23,280,238,322,top_6,0.5874521724639362,True,1.5409015879319088,0.6550515671891051,-0.007772203401587737,6.040714571553529e-05,0.9999395928542845,0.5874588928358121,0.9596827495042961,False,307
2002-07-23,280,238,322,flag_nested,0.48780848845921904,True,0.6497154994549773,0.31724039673333587,-0.019824718649441173,0.0003930194695298539,0.9996069805304701,0.4878248667986491,0.9596827495042961,False,307
2002-08-12,294,252,336,market_1,0.4196673051143961,True,0.08099168654705682,0.06612318281509323,-0.003998717718588839,1.598974339300785e-05,0.999984010256607,0.41967742601519215,0.9670317565228339,False,313
2002-08-12,294,252,336,block_2_3,0.14806681992087486,True,0.256129292105161,0.21817119361377374,,0.0,1.0,0.14806681992087486,0.9670317565228339,False,313
2002-08-12,294,252,336,block_4_6,-0.1978239082250491,False,1.3781097899166794,0.35184326062257787,-0.008803466258203125,7.750101815939825e-05,0.9999224989818406,-0.1977991197804621,0.9670317565228339,False,313
2002-08-12,294,252,336,top_3,0.12995924075901433,True,0.2596310806620727,0.22406196455255703,-0.001178241222135729,1.3882523776098665e-06,0.9999986117476224,0.12995859191477102,0.9670317565228339,False,313
2002-08-12,294,252,336,top_6,-0.16946694313484886,False,1.3921354964207953,0.3804054568429343,-0.0002875801172338714,8.270232387808107e-08,0.9999999172976761,-0.1694668476281183,0.9670317565228339,False,313
2002-08-12,294,252,336,flag_nested,-0.08075951911847536,False,0.5933261829472758,0.21266150386148627,-0.0014231447402666465,2.0253409517279053e-06,0.9999979746590483,-0.08075928146567986,0.9670317565228339,False,313
2002-08-30,308,266,350,market_1,0.3293195233704699,True,0.08162093413236475,0.06892732490166108,-0.105916374958882,0.011218278484430577,0.9887817215155694,0.3263289684997274,0.9680861108488339,False,314
2002-08-30,308,266,350,block_2_3,-0.05077838514224108,False,0.2954023552665254,0.20783600177092787,,0.0,1.0,-0.05077838514224108,0.9680861108488339,False,314
2002-08-30,308,266,350,block_4_6,0.03130791669778574,True,1.0484385947577535,0.3575942907412122,,0.0,1.0,0.03130791669778574,0.9680861108488339,False,314
2002-08-30,308,266,350,top_3,-0.06188539606331477,False,0.29953275708453747,0.21325184016752025,-0.03296919578407357,0.0010869678706484365,0.9989130321293516,-0.062389566612419206,0.9680861108488339,False,314
2002-08-30,308,266,350,top_6,0.03414856351409567,True,1.053234910725539,0.39995489690324043,-0.017573588577418357,0.00030883101548828673,0.9996911689845117,0.034092321381864375,0.9680861108488339,False,314
2002-08-30,308,266,350,flag_nested,0.028876907726099195,True,0.4705874668320088,0.2158017882746201,-0.040921173331183,0.0016745424268007625,0.9983254575731992,0.028473128088227412,0.9680861108488339,False,314
2002-09-20,322,280,364,market_1,0.1327453634194518,True,0.07002747862466235,0.06555834630231522,-0.07355058881087496,0.005409689114426186,0.9945903108855738,0.1377546117887517,0.9692191483334907,False,315
2002-09-20,322,280,364,block_2_3,-0.11359940888531864,False,0.26114571078499305,0.22078496197773476,,0.0,1.0,-0.11359940888531864,0.9692191483334907,False,315
2002-09-20,322,280,364,block_4_6,-0.07475387562335013,False,0.6427251502592085,0.33519090257412304,,0.0,1.0,-0.07475387562335013,0.9692191483334907,False,315
2002-09-20,322,280,364,top_3,-0.10968242300108215,False,0.2695674068438897,0.22514777114124687,-0.020276479741237103,0.000411135630696835,0.9995888643693032,-0.10939368438420588,0.9692191483334907,False,315
2002-09-20,322,280,364,top_6,-0.051780280787027816,False,0.6550515671891056,0.38284771648246657,-0.011798335390677355,0.00013920071799100597,0.999860799282009,-0.05170079033542931,0.9692191483334907,False,315
2002-09-20,322,280,364,flag_nested,-0.05569274496153379,False,0.3172403967333361,0.21359728163647412,-0.02712675203501252,0.0007358606759690911,0.9992641393240309,-0.055273517367982486,0.9692191483334907,False,315
2002-10-10,336,294,378,market_1,0.07192348320568201,True,0.06612318281509323,0.04863852291052829,-0.11062798998706685,0.01223855216857872,0.9877614478314213,0.07615586089802834,0.974349290277909,False,311
2002-10-10,336,294,378,block_2_3,-0.0032878976299741923,False,0.21817119361377377,0.24187969704446613,,0.0,1.0,-0.0032878976299741923,0.974349290277909,False,311
2002-10-10,336,294,378,block_4_6,0.1890702636876491,True,0.351843260622578,0.3803210329695709,-0.026815385055785564,0.0007190648756900675,0.9992809351243099,0.18938436206862574,0.974349290277909,False,311
2002-10-10,336,294,378,top_3,0.004199918301220869,True,0.22406196455255722,0.24617296401963443,-0.021695360540170714,0.0004706886689679335,0.9995293113310321,0.00441182134468276,0.974349290277909,False,311
2002-10-10,336,294,378,top_6,0.12813639433714308,True,0.3804054568429343,0.4248048767477124,-0.012008430599077635,0.00014420240545265361,0.9998557975945473,0.1282147816771353,0.974349290277909,False,311
2002-10-10,336,294,378,flag_nested,0.07705273474763638,True,0.21266150386148633,0.2294397797544312,-0.028509300371985263,0.0008127802077000368,0.9991872197923,0.07745214253517094,0.974349290277909,False,311
2002-10-30,350,308,392,market_1,0.04195154781238668,True,0.06892732490166115,0.04829326168994019,-0.11851488153633064,0.014045777145570426,0.9859542228544296,0.0552068324224165,0.9763478425077896,False,314
2002-10-30,350,308,392,block_2_3,0.05733719658604744,True,0.20783600177092806,0.2397177507671089,,0.0,1.0,0.05733719658604744,0.9763478425077896,False,314
2002-10-30,350,308,392,block_4_6,-0.030636546510730875,False,0.3575942907412125,0.35974030292229536,,0.0,1.0,-0.030636546510730875,0.9763478425077896,False,314
2002-10-30,350,308,392,top_3,0.06581351749973112,True,0.21325184016752052,0.2443343133660883,-0.023693257521173697,0.0005613704519646934,0.9994386295480353,0.0667160001806872,0.9763478425077896,False,314
2002-10-30,350,308,392,top_6,-0.006070717010573908,False,0.39995489690324076,0.3973282174722813,-0.014626066752202713,0.00021392182863988474,0.9997860781713601,-0.0057936590273567155,0.9763478425077896,False,314
2002-10-30,350,308,392,flag_nested,0.023596221992311445,True,0.21580178827462032,0.22032614481104082,-0.03195083883235063,0.0010208561020907947,0.9989791438979092,0.02497270293138194,0.9763478425077896,False,314
2002-11-19,364,322,406,market_1,0.004926907944425343,True,0.06555834630231516,0.05105778153027469,-0.19713464178388274,0.038862066991259714,0.9611379330087403,0.006847740392926996,0.9766311018789539,False,311
2002-11-19,364,322,406,block_2_3,0.10939471708251468,True,0.22078496197773448,0.24250933240678457,,0.0,1.0,0.10939471708251468,0.9766311018789539,False,311
2002-11-19,364,322,406,block_4_6,0.06993114198907302,True,0.3351909025741229,0.4599546276039006,,0.0,1.0,0.06993114198907302,0.9766311018789539,False,311
2002-11-19,364,322,406,top_3,0.11256747082542748,True,0.22514777114124676,0.2476766018037238,-0.040567159967530034,0.001645694467831138,0.9983543055321689,0.11269422592468989,0.9766311018789539,False,311
2002-11-19,364,322,406,top_6,0.1087707394730097,True,0.38284771648246635,0.4798915938654463,-0.02097018887603289,0.000439748821496444,0.9995602511785036,0.10879303492530638,0.9766311018789539,False,311
2002-11-19,364,322,406,flag_nested,0.10274257669426155,True,0.21359728163647393,0.2478657978132383,-0.04971359132548919,0.002471441162477883,0.9975285588375221,0.10299412169700027,0.9766311018789539,False,311
2002-12-10,378,336,420,market_1,0.15108973638929862,True,0.048638522910528274,0.049589657486890336,-0.15918643590293938,0.02534032137548059,0.9746596786245194,0.1541846831369389,0.9771032008308942,False,318
2002-12-10,378,336,420,block_2_3,0.02729397197345713,True,0.24187969704446607,0.20343267943147347,,0.0,1.0,0.02729397197345713,0.9771032008308942,False,318
2002-12-10,378,336,420,block_4_6,-0.27017717972684485,False,0.38032103296957087,0.705721988803227,,0.0,1.0,-0.27017717972684485,0.9771032008308942,False,318
2002-12-10,378,336,420,top_3,0.0399228489347674,True,0.24617296401963434,0.20784679528055092,-0.037883608620049844,0.0014351678020771974,0.9985648321979228,0.04000586929842711,0.9771032008308942,False,318
2002-12-10,378,336,420,top_6,-0.21469363868385982,False,0.42480487674771245,0.7273227749653696,-0.010746266599527439,0.00011548224582813571,0.9998845177541719,-0.21470089776707638,0.9771032008308942,False,318
2002-12-10,378,336,420,flag_nested,-0.1346270049570724,False,0.22943977975443122,0.3240765867245268,-0.029783317568198808,0.0008870460053682638,0.9991129539946317,-0.1346344438868381,0.9771032008308942,False,318
2002-12-31,392,350,434,market_1,0.007975472105894957,True,0.04829326168994015,0.04872584575302582,-0.00262712965929279,6.901810246651152e-06,0.9999930981897533,0.007756802431364805,0.9785352343184465,False,314
2002-12-31,392,350,434,block_2_3,0.21073113951372666,True,0.23971775076710902,0.25631370096868666,,0.0,1.0,0.21073113951372666,0.9785352343184465,False,314
2002-12-31,392,350,434,block_4_6,0.03299992662278315,True,0.35974030292229536,0.6236987606525497,,0.0,1.0,0.03299992662278315,0.9785352343184465,False,314
2002-12-31,392,350,434,top_3,0.20845586693575505,True,0.24433431336608827,0.25946872296016715,-0.0002732402244506868,7.466022045043985e-08,0.9999999253397795,0.208489318402964,0.9785352343184465,False,314
2002-12-31,392,350,434,top_6,0.01594102521337785,True,0.39732821747228114,0.6305988589754388,-0.00023875752409142732,5.700515537387929e-08,0.9999999429948446,0.01593931376116548,0.9785352343184465,False,314
2002-12-31,392,350,434,flag_nested,0.07653859235840106,True,0.2203261448110408,0.3018134649073749,-0.00047812132697912593,2.2860000326030416e-07,0.9999997713999967,0.07655225388137027,0.9785352343184465,False,314
2003-01-22,406,364,448,market_1,-0.07704875097083669,False,0.05105778153027471,0.05713181747704218,-0.07042998098597271,0.0049603822216843785,0.9950396177783156,-0.0757622654813124,0.9807855726560287,False,321
2003-01-22,406,364,448,block_2_3,0.13990226672583342,True,0.2425093324067848,0.22584669915808323,,0.0,1.0,0.13990226672583342,0.9807855726560287,False,321
2003-01-22,406,364,448,block_4_6,-0.06823717480871047,False,0.4599546276039003,0.3870553827311086,,0.0,1.0,-0.06823717480871047,0.9807855726560287,False,321
2003-01-22,406,364,448,top_3,0.13519411323132566,True,0.24767660180372403,0.23067384449429437,-0.018081883882495584,0.00032695452474007514,0.9996730454752599,0.13529321668891095,0.9807855726560287,False,321
2003-01-22,406,364,448,top_6,-0.08248387129351599,False,0.4798915938654463,0.41313578106259374,-0.010417680903016471,0.0001085280753970741,0.9998914719246029,-0.08247041872324824,0.9807855726560287,False,321
2003-01-22,406,364,448,flag_nested,-0.006815265743271241,False,0.24786579781323836,0.2223684202965638,-0.02251357984127868,0.0005068612772693992,0.9994931387227306,-0.006700917567552942,0.9807855726560287,False,321
2003-02-11,420,378,462,market_1,0.13821640999519358,True,0.049589657486890315,0.05690548420869507,-0.08028719851054662,0.006446034244671717,0.9935539657553283,0.14055827775512253,0.9832876971013125,False,318
2003-02-11,420,378,462,block_2_3,0.1831378938584618,True,0.20343267943147353,0.19593754012401737,,0.0,1.0,0.1831378938584618,0.9832876971013125,False,318
2003-02-11,420,378,462,block_4_6,-0.45050046646819036,False,0.7057219888032268,0.4839379964002946,,0.0,1.0,-0.45050046646819036,0.9832876971013125,False,318
2003-02-11,420,378,462,top_3,0.1698650887060958,True,0.20784679528055083,0.20293326021828464,-0.021868328151819008,0.0004782237761555841,0.9995217762238444,0.17002750483649826,0.9832876971013125,False,318
2003-02-11,420,378,462,top_6,-0.42249790995733466,False,0.727322774965369,0.5126740127608365,-0.0084829004138936,7.195959943184782e-05,0.9999280404005682,-0.4225014769013117,0.9832876971013125,False,318
2003-02-11,420,378,462,flag_nested,-0.29388247680322316,False,0.3240765867245266,0.24651837807220328,-0.02243253789699939,0.0005032187565000568,0.9994967812434999,-0.2938633967126781,0.9832876971013125,False,318
2003-03-04,434,392,476,market_1,0.17547954665309387,True,0.04872584575302581,0.05627870595426076,-0.14596524557927457,0.021305852917018142,0.9786941470829819,0.1712584867714293,0.9817297705599094,False,320
2003-03-04,434,392,476,block_2_3,0.267808104061397,True,0.2563137009686865,0.21236921341931908,,0.0,1.0,0.267808104061397,0.9817297705599094,False,320
2003-03-04,434,392,476,block_4_6,-0.390586962206045,False,0.6236987606525494,0.5192414680302214,,0.0,1.0,-0.390586962206045,0.9817297705599094,False,320
2003-03-04,434,392,476,top_3,0.254264401646829,True,0.2594687229601671,0.21826581983218077,-0.037570724702193414,0.0014115593546482064,0.9985884406453518,0.2541336111426179,0.9817297705599094,False,320
2003-03-04,434,392,476,top_6,-0.4110045675732868,False,0.6305988589754391,0.5393861441055876,-0.015157163614502601,0.0002297396088369874,0.999770260391163,-0.41110648427851204,0.9817297705599094,False,320
2003-03-04,434,392,476,flag_nested,-0.22972518514998408,False,0.30181346490737493,0.25987853096220376,-0.03867854731030177,0.001496030022035244,0.9985039699779648,-0.23023764122710252,0.9817297705599094,False,320
2003-03-24,448,406,490,market_1,0.17076825182653232,True,0.057131817477042185,0.04774179097068628,-0.03409864229375722,0.0011627174062776024,0.9988372825937224,0.17177044564086366,0.9833349069965065,False,314
2003-03-24,448,406,490,block_2_3,0.11795505476174908,True,0.2258466991580833,0.2419326635463826,,0.0,1.0,0.11795505476174908,0.9833349069965065,False,314
2003-03-24,448,406,490,block_4_6,0.09542756309087493,True,0.38705538273110857,0.41535394523485003,,0.0,1.0,0.09542756309087493,0.9833349069965065,False,314
2003-03-24,448,406,490,top_3,0.11045558083845496,True,0.2306738444942944,0.24591116781292613,-0.0063988450119182505,4.0945217486321184e-05,0.9999590547825137,0.11050166468376356,0.9833349069965065,False,314
2003-03-24,448,406,490,top_6,0.04900306956893701,True,0.41313578106259385,0.42950158502476077,-0.0037140374565408606,1.3794074228745679e-05,0.9999862059257713,0.049017807597253805,0.9833349069965065,False,314
2003-03-24,448,406,490,flag_nested,0.07807060945006203,True,0.22236842029656387,0.2306121882004318,-0.008562175534625923,7.331084988571046e-05,0.9999266891501143,0.07814457236512411,0.9833349069965065,False,314
2003-04-11,462,420,504,market_1,0.06697227302451048,True,0.05690548420869508,0.04505865708166078,-0.06920518522735766,0.004789357662352889,0.9952106423376471,0.07383136328913671,0.9827211783589841,False,325
2003-04-11,462,420,504,block_2_3,-0.020950562389196226,False,0.19593754012401732,0.333219650045033,,0.0,1.0,-0.020950562389196226,0.9827211783589841,False,325
2003-04-11,462,420,504,block_4_6,0.044575724995054626,True,0.4839379964002952,0.5136314179836704,,0.0,1.0,0.044575724995054626,0.9827211783589841,False,325
2003-04-11,462,420,504,top_3,-0.023422321171140393,False,0.20293326021828453,0.3358311319385179,-0.009313438156634496,8.674013029741356e-05,0.9999132598697026,-0.023190940500477767,0.9827211783589841,False,325
2003-04-11,462,420,504,top_6,0.0586079075432936,True,0.5126740127608368,0.4743713373665027,-0.006183099478113803,3.8230719156207016e-05,0.9999617692808438,0.058675165505872776,0.9827211783589841,False,325
2003-04-11,462,420,504,flag_nested,0.02943452402389113,True,0.24651837807220342,0.2777213710241234,-0.013670108773886013,0.00018687187388999327,0.99981312812611,0.029802950492353406,0.9827211783589841,False,325
2003-05-02,476,434,518,market_1,0.1467271375838011,True,0.056278705954260724,0.04927970332612811,-0.11591624243991007,0.013436575261387973,0.986563424738612,0.15039945766880727,0.9843892613225065,False,330
2003-05-02,476,434,518,block_2_3,-0.06089034667601618,False,0.21236921341931914,0.30649093474427713,,0.0,1.0,-0.06089034667601618,0.9843892613225065,False,330
2003-05-02,476,434,518,block_4_6,-0.04682828769345643,False,0.5192414680302212,0.48306627087089493,,0.0,1.0,-0.04682828769345643,0.9843892613225065,False,330
2003-05-02,476,434,518,top_3,-0.05806777965136081,False,0.21826581983218077,0.31005754321685924,-0.01900197580069569,0.0003610750843302535,0.9996389249156697,-0.05795770181379885,0.9843892613225065,False,330
2003-05-02,476,434,518,top_6,-0.02541560010500898,False,0.5393861441055873,0.45949251151805837,-0.013275517914274101,0.00017623937589239524,0.9998237606241076,-0.02538227327832889,0.9843892613225065,False,330
2003-05-02,476,434,518,flag_nested,-0.02847042588354764,False,0.25987853096220365,0.26393675483342255,-0.02689171655708234,0.0007231644193863573,0.9992768355806136,-0.028313947398275127,0.9843892613225065,False,330
2003-05-22,490,448,532,market_1,0.17244455537024647,True,0.047741790970686274,0.047520852928052415,-0.1013493949897292,0.010271699864783934,0.9897283001352161,0.1738040594680247,0.9854278790167752,False,323
2003-05-22,490,448,532,block_2_3,-0.04500473653539808,False,0.24193266354638243,0.2461633865888262,,0.0,1.0,-0.04500473653539808,0.9854278790167752,False,323
2003-05-22,490,448,532,block_4_6,-0.0445432667060569,False,0.41535394523485003,0.45972344594163483,,0.0,1.0,-0.0445432667060569,0.9854278790167752,False,323
2003-05-22,490,448,532,top_3,-0.04096011502959948,False,0.24591116781292596,0.2502961665961728,-0.019648826302529895,0.00038607637506693493,0.9996139236249331,-0.04095843502745347,0.9854278790167752,False,323
2003-05-22,490,448,532,top_6,-0.06119484541988097,False,0.4295015850247609,0.48388083610701815,-0.010512312200553193,0.00011050870780171529,0.9998894912921983,-0.061196037164883296,0.9854278790167752,False,323
2003-05-22,490,448,532,flag_nested,-0.044676403046111854,False,0.23061218820043175,0.24932789466723088,-0.02391689439057262,0.0005720178372897733,0.9994279821627102,-0.04466608933951916,0.9854278790167752,False,323
2003-06-12,504,462,546,market_1,0.1639832175810507,True,0.04505865708166079,0.042928943060921994,-0.018794059263503523,0.00035321666360010884,0.9996467833363999,0.1630114140145979,0.9868913857677902,False,330
2003-06-12,504,462,546,block_2_3,-0.18834100564809528,False,0.3332196500450331,0.22109432510084612,,0.0,1.0,-0.18834100564809528,0.9868913857677902,False,330
2003-06-12,504,462,546,block_4_6,-0.03486820978167896,False,0.5136314179836703,0.41266775978217424,0.02174673688888976,0.00047292056531467175,0.9995270794346853,-0.034897002250917145,0.9868913857677902,False,330
2003-06-12,504,462,546,top_3,-0.18093247753547492,False,0.33583113193851827,0.22503652277027344,-0.003521228689032875,1.2399051480427303e-05,0.9999876009485196,-0.18098396216605597,0.9868913857677902,False,330
2003-06-12,504,462,546,top_6,0.04793590404039255,True,0.4743713373665025,0.4293929387084931,-0.0032143181104386993,1.0331840915034363e-05,0.999989668159085,0.04791262594171609,0.9868913857677902,False,330
2003-06-12,504,462,546,flag_nested,-0.04231542361434084,False,0.27772137102412353,0.2223805049488206,-0.004776101750576442,2.2811147931900422e-05,0.9999771888520681,-0.04240070363357693,0.9868913857677902,False,330
2003-07-02,518,476,560,market_1,0.07762545380606434,True,0.049279703326128126,0.0407289532733027,-0.1708701657214274,0.02919661353366798,0.970803386466332,0.06810974108420403,0.9873634847197306,False,327
2003-07-02,518,476,560,block_2_3,-0.07704169513382415,False,0.3064909347442773,0.22813234009420913,,0.0,1.0,-0.07704169513382415,0.9873634847197306,False,327
2003-07-02,518,476,560,block_4_6,-0.03885585384044708,False,0.4830662708708951,0.41131247990507963,0.003633050708397757,1.3199057449675422e-05,0.9999868009425503,-0.03879311114377433,0.9873634847197306,False,327
2003-07-02,518,476,560,top_3,-0.07375864492602366,False,0.3100575432168593,0.23161762599456767,-0.030204196264640364,0.0009122934719928422,0.9990877065280072,-0.07407819792309432,0.9873634847197306,False,327
2003-07-02,518,476,560,top_6,0.037557375173527835,True,0.4594925115180582,0.4354287620250919,-0.016356050173366676,0.00026752037727373335,0.9997324796227263,0.03747581013767111,0.9873634847197306,False,327
2003-07-02,518,476,560,flag_nested,-0.005988876023980701,False,0.26393675483342255,0.2261432959983029,-0.03783204548959821,0.0014312636659269407,0.9985687363340731,-0.006514437409518937,0.9873634847197306,False,327
2003-07-23,532,490,574,market_1,-0.02144170308814173,False,0.0475208529280524,0.04343993339993867,-0.06644065697633687,0.004414360899447245,0.9955856391005528,-0.02107831423199323,0.9882132628332232,False,330
2003-07-23,532,490,574,block_2_3,0.05013902418049762,True,0.24616338658882633,0.3007069942184799,,0.0,1.0,0.05013902418049762,0.9882132628332232,False,330
2003-07-23,532,490,574,block_4_6,-0.002345277544031873,False,0.459723445941635,0.49859879420831515,0.004812280590549039,2.3158044482163298e-05,0.9999768419555178,-0.0023132753600265754,0.9882132628332232,False,330
2003-07-23,532,490,574,top_3,0.04861743432323763,True,0.25029616659617315,0.30379479479174437,-0.009570787382419158,9.159997111929385e-05,0.9999084000288807,0.0486356083625086,0.9882132628332232,False,330
2003-07-23,532,490,574,top_6,-0.0153749142584555,False,0.4838808361070182,0.49594554280468617,-0.005889118386302499,3.468171536769038e-05,0.9999653182846323,-0.015365860822753695,0.9882132628332232,False,330
2003-07-23,532,490,574,flag_nested,0.008469596592398446,True,0.249327894667231,0.27137511031648226,-0.013064339394933566,0.0001706769638258887,0.9998293230361741,0.008494280818604302,0.9882132628332232,False,330
2003-08-12,546,504,588,market_1,0.05877128618924899,True,0.042928943060922015,0.041221779744159644,-0.06289770334649596,0.003956121086263864,0.9960438789137361,0.05859412486493381,0.9881188430428351,False,330
2003-08-12,546,504,588,block_2_3,-0.006802685669778425,False,0.22109432510084598,0.3987151451320616,,0.0,1.0,-0.006802685669778425,0.9881188430428351,False,330
2003-08-12,546,504,588,block_4_6,-0.0033830776286502165,False,0.4126677597821745,0.5643745038798619,0.017525120532352657,0.0003071298496734043,0.9996928701503266,-0.003114622182393555,0.9881188430428351,False,330
2003-08-12,546,504,588,top_3,-0.005005821976448543,False,0.22503652277027325,0.40077779111651274,-0.00667379974156201,4.453960299055648e-05,0.9999554603970094,-0.005011508943743687,0.9881188430428351,False,330
2003-08-12,546,504,588,top_6,0.037038313245371886,True,0.42939293870849304,0.4998383393017937,-0.006135712260855647,3.7646964948123696e-05,0.9999623530350519,0.037039817914266374,0.9881188430428351,False,330
2003-08-12,546,504,588,flag_nested,0.01846963405779068,True,0.22238050494882056,0.31125537529283287,-0.01048070152177892,0.00010984510438860617,0.9998901548956114,0.018460887783788852,0.9881188430428351,False,330
2003-09-02,560,518,602,market_1,0.10180904992270041,True,0.04072895327330274,0.044229877064122715,-0.06870414276682037,0.004720259233323643,0.9952797407666764,0.1029932087091059,0.9885279954678501,False,329
2003-09-02,560,518,602,block_2_3,0.12482313122040017,True,0.22813234009420935,0.37439526438639775,,0.0,1.0,0.12482313122040017,0.9885279954678501,False,329
2003-09-02,560,518,602,block_4_6,0.060425595086762485,True,0.4113124799050796,0.5447955321088858,0.016593972340216825,0.000275359918027851,0.9997246400819721,0.06014520449999006,0.9885279954678501,False,329
2003-09-02,560,518,602,top_3,0.124650956499858,True,0.23161762599456767,0.37681320677246866,-0.008127023656320113,6.604851351021956e-05,0.9999339514864898,0.1246772107576343,0.9885279954678501,False,329
2003-09-02,560,518,602,top_6,0.04158649010214318,True,0.43542876202509195,0.4920000796112917,-0.006355475074968557,4.0392063428540403e-05,0.9999596079365715,0.04159310024418843,0.9885279954678501,False,329
2003-09-02,560,518,602,flag_nested,0.07820337824405375,True,0.2261432959983029,0.29938218497556607,-0.012492826300575948,0.0001560707089761637,0.9998439292910238,0.07824699389567963,0.9885279954678501,False,329
2003-09-22,574,532,616,market_1,0.08560044643203801,True,0.0434399333999387,0.045253783209183426,-0.14226635731567297,0.020239716423870457,0.9797602835761295,0.10159320518118263,0.9888112548390142,False,323
2003-09-22,574,532,616,block_2_3,0.5742187778656003,True,0.30070699421847974,0.3414239237868249,,0.0,1.0,0.5742187778656003,0.9888112548390142,False,323
2003-09-22,574,532,616,block_4_6,0.0787816769185731,True,0.49859879420831515,0.5379262697507615,,0.0,1.0,0.0787816769185731,0.9888112548390142,False,323
2003-09-22,574,532,616,top_3,0.5651647052981703,True,0.303794794791744,0.3440157864247188,-0.018753621757770515,0.0003516983290333675,0.9996483016709666,0.56559814250744,0.9888112548390142,False,323
2003-09-22,574,532,616,top_6,-0.1057207261592748,False,0.49594554280468595,0.49812578142014785,-0.013026682708802027,0.00016969446239578634,0.9998303055376042,-0.10562287673299418,0.9888112548390142,False,323
2003-09-22,574,532,616,flag_nested,0.19848072479772577,True,0.2713751103164821,0.28783978358997186,-0.027430529110128735,0.0007524339272615421,0.9992475660727385,0.19913859027990366,0.9888112548390142,False,323
2003-10-10,588,546,630,market_1,0.12046647070715406,True,0.04122177974415961,0.04624978770188535,-0.0686164235002058,0.00470821357395923,0.9952917864260408,0.1269542228545299,0.989487930003462,False,322
2003-10-10,588,546,630,block_2_3,0.5133079757756763,True,0.39871514513206163,0.31131464646613594,,0.0,1.0,0.5133079757756763,0.989487930003462,False,322
2003-10-10,588,546,630,block_4_6,0.1761258489654176,True,0.5643745038798617,0.4742696115490284,,0.0,1.0,0.1761258489654176,0.989487930003462,False,322
2003-10-10,588,546,630,top_3,0.5073906256251248,True,0.40077779111651285,0.3138768787251248,-0.009835163305064239,9.673043723734676e-05,0.9999032695627627,0.5075188035415551,0.989487930003462,False,322
2003-10-10,588,546,630,top_6,-0.02531587317221162,False,0.49983833930179344,0.48615122927653387,-0.006312790446221818,3.9851323217932055e-05,0.9999601486767821,-0.02527275003713207,0.989487930003462,False,322
2003-10-10,588,546,630,flag_nested,0.2412787044854894,True,0.31125537529283276,0.27270700544062404,-0.014113920924300456,0.0001992027638574312,0.9998007972361426,0.2415171247045811,0.989487930003462,False,322
2003-10-30,602,560,644,market_1,0.09455480153107267,True,0.04422987706412269,0.04932297758715824,-0.07273758131403935,0.005290755735416486,0.9947092442645835,0.10232740704009212,0.9907783338054322,False,326
2003-10-30,602,560,644,block_2_3,0.6369956888913151,True,0.3743952643863976,0.3808137549658668,,0.0,1.0,0.6369956888913151,0.9907783338054322,False,326
2003-10-30,602,560,644,block_4_6,0.13569610916927305,True,0.5447955321088855,0.5688638875323807,0.00012029603690946268,1.4471136289273545e-08,0.9999999855288637,0.1357083081811332,0.9907783338054322,False,326
2003-10-30,602,560,644,top_3,0.6280726774801144,True,0.37681320677246855,0.3830826628294722,-0.008737492946152635,7.634378298415623e-05,0.9999236562170158,0.6282383847714731,0.9907783338054322,False,326
2003-10-30,602,560,644,top_6,-0.10778017880950308,False,0.4920000796112917,0.5542393174367841,-0.006271785736617164,3.933529632615951e-05,0.9999606647036738,-0.10773474758053128,0.9907783338054322,False,326
2003-10-30,602,560,644,flag_nested,0.2662827540372635,True,0.29938218497556596,0.32022971203554557,-0.013469449609180298,0.00018142607277427114,0.9998185739272257,0.2665817634228249,0.9907783338054322,False,326
2003-11-19,616,574,658,market_1,0.190423441504591,True,0.04525378320918343,0.04755186662245402,-0.10970909308510571,0.012036085105556094,0.9879639148944439,0.1897215315684189,0.9902747615900293,False,333
2003-11-19,616,574,658,block_2_3,0.07819482633113381,True,0.3414239237868251,0.27612821405811877,,0.0,1.0,0.07819482633113381,0.9902747615900293,False,333
2003-11-19,616,574,658,block_4_6,0.23744822707894567,True,0.5379262697507619,1.4756537058596786,-0.0013514999567349054,1.8265521327665013e-06,0.9999981734478672,0.23744517070800633,0.9902747615900293,False,333
2003-11-19,616,574,658,top_3,0.07911242172611714,True,0.3440157864247191,0.27993308054995014,-0.018833832237482775,0.00035471323674984845,0.9996452867632502,0.07907628069325529,0.9902747615900293,False,333
2003-11-19,616,574,658,top_6,0.28340447951218983,True,0.49812578142014774,1.4799330908730515,-0.0034445442873351846,1.1864885347434573e-05,0.9999881351146526,0.28340161076210746,0.9902747615900293,False,333
2003-11-19,616,574,658,flag_nested,0.2092038522936545,True,0.287839783589972,0.6272285724716723,-0.010184807440784635,0.00010373030260579785,0.9998962696973942,0.2091813296940064,0.9902747615900293,False,333
2003-12-10,630,588,672,market_1,0.20538204491402529,True,0.04624978770188539,0.05186255485533581,-0.027142811528738733,0.0007367322176846658,0.9992632677823153,0.20480365203621614,0.990857016964089,False,327
2003-12-10,630,588,672,block_2_3,0.14421184148989274,True,0.3113146464661359,0.2843282167657823,,0.0,1.0,0.14421184148989274,0.990857016964089,False,327
2003-12-10,630,588,672,block_4_6,0.07544991453743215,True,0.4742696115490285,0.7994762535661026,-0.0053148009457572865,2.8247109093104683e-05,0.9999717528909069,0.07537127098883048,0.990857016964089,False,327
2003-12-10,630,588,672,top_3,0.14574576314143564,True,0.3138768787251248,0.2888253983827744,-0.004829442732255135,2.3323517103990277e-05,0.999976676482896,0.1457276667093225,0.990857016964089,False,327
2003-12-10,630,588,672,top_6,0.03937438625887267,True,0.48615122927653354,0.814815250939972,-0.0017745150320616465,3.1489035990928116e-06,0.9999968510964009,0.039370870681747466,0.990857016964089,False,327
2003-12-10,630,588,672,flag_nested,0.07316682206701255,True,0.27270700544062393,0.37569989402958376,-0.004593470547778079,2.1099971673321782e-05,0.9999789000283267,0.07314307292876392,0.990857016964089,False,327
2003-12-31,644,602,686,market_1,0.20843175528039182,True,0.049322977587158305,0.05510507795328143,-0.029809258633167968,0.0008885919002590281,0.999111408099741,0.21213166911993422,0.9906681773833129,False,330
2003-12-31,644,602,686,block_2_3,-0.26011315189291767,False,0.38081375496586684,0.29345808996961326,,0.0,1.0,-0.26011315189291767,0.9906681773833129,False,330
2003-12-31,644,602,686,block_4_6,-0.035185733370282135,False,0.5688638875323814,0.7786823760655515,0.009623367089019882,9.260919413001112e-05,0.99990739080587,-0.035240605429810244,0.9906681773833129,False,330
2003-12-31,644,602,686,top_3,-0.25146217960126455,False,0.38308266282947223,0.2982787733956157,-0.00575244155455152,3.309058383849095e-05,0.9999669094161615,-0.25141425852700083,0.9906681773833129,False,330
2003-12-31,644,602,686,top_6,0.00673169783122923,True,0.5542393174367842,0.7892591346036426,-0.003671458746592469,1.3479609328070907e-05,0.9999865203906719,0.006763001612046371,0.9906681773833129,False,330
2003-12-31,644,602,686,flag_nested,-0.07201357471534851,False,0.32022971203554557,0.3694793301772781,-0.005960275606788656,3.552488530866871e-05,0.9999644751146913,-0.0719214917961848,0.9906681773833129,False,330
2004-01-22,658,616,700,market_1,0.19677587707562555,True,0.047551866622453996,0.052360718157060386,-0.11925280690779012,0.014221231955386715,0.9857787680446133,0.2074748525895705,0.9896138230573128,False,329
2004-01-22,658,616,700,block_2_3,0.2262624274815252,True,0.2761282140581186,0.22796949323558946,,0.0,1.0,0.2262624274815252,0.9896138230573128,False,329
2004-01-22,658,616,700,block_4_6,0.734954661800108,True,1.4756537058596773,0.859650616474169,-0.010099881180840518,0.0001020075998671155,0.9998979924001329,0.7349768799243273,0.9896138230573128,False,329
2004-01-22,658,616,700,top_3,0.22248394758686416,True,0.2799330805499501,0.23310090847885623,-0.027404154626525835,0.0007509876907945134,0.9992490123092055,0.22292057382468752,0.9896138230573128,False,329
2004-01-22,658,616,700,top_6,0.7109197208153262,True,1.4799330908730506,0.8841147646419888,-0.006527046723103011,4.2602338925723515e-05,0.9999573976610743,0.7109482631848935,0.9896138230573128,False,329
2004-01-22,658,616,700,flag_nested,0.6576526183021708,True,0.6272285724716719,0.3887546040372243,-0.019607136785890926,0.00038443981294078444,0.9996155601870592,0.6579226035593716,0.9896138230573128,False,329
2004-02-11,672,630,714,market_1,0.12387709342347582,True,0.05186255485533578,0.05441994795151589,-0.04760907834140749,0.002266624340518164,0.9977333756594818,0.1284949692101686,0.9888269914707456,False,326
2004-02-11,672,630,714,block_2_3,-0.13205056722767103,False,0.2843282167657824,0.6558738742021927,,0.0,1.0,-0.13205056722767103,0.9888269914707456,False,326
2004-02-11,672,630,714,block_4_6,0.01980402220418347,True,0.7994762535661032,0.793604408057801,0.01968300994174668,0.00038742088036680666,0.9996125791196332,0.019931177209440206,0.9888269914707456,False,326
2004-02-11,672,630,714,top_3,-0.12860935816642793,False,0.2888253983827743,0.657757341487787,-0.004317671059399468,1.864228337700169e-05,0.999981357716623,-0.1285596582244408,0.9888269914707456,False,326
2004-02-11,672,630,714,top_6,0.07564317959155306,True,0.8148152509399723,0.5890129677210155,-0.005868981801212302,3.4444947383027724e-05,0.999965555052617,0.075678931254209,0.9888269914707456,False,326
2004-02-11,672,630,714,flag_nested,-0.01025244392897231,False,0.3756998940295838,0.4527683184433209,-0.007418245613737111,5.503036798570893e-05,0.9999449696320143,-0.010147189054389227,0.9888269914707456,False,326
2004-03-03,686,644,728,market_1,-0.03699687796494228,False,0.05510507795328136,0.052949047689454694,-0.026165036040489323,0.0006846091109999897,0.999315390889,-0.03478597022712805,0.9884650489409247,False,327
2004-03-03,686,644,728,block_2_3,-0.5938224930193731,False,0.29345808996961337,0.6704063768651575,,0.0,1.0,-0.5938224930193731,0.9884650489409247,False,327
2004-03-03,686,644,728,block_4_6,-0.24378696809675277,False,0.7786823760655512,0.7932737466261011,0.005483500076471393,3.0068773088642864e-05,0.9999699312269114,-0.24375025166207828,0.9884650489409247,False,327
2004-03-03,686,644,728,top_3,-0.5822839726501461,False,0.2982787733956157,0.6724093202253337,-0.0021464550365608267,4.607269223910748e-06,0.9999953927307761,-0.5823301173446892,0.9884650489409247,False,327
2004-03-03,686,644,728,top_6,-0.11099144721677338,False,0.7892591346036426,0.5800060923680049,-0.00358488251728428,1.2851382662604216e-05,0.9999871486173374,-0.11097209946280512,0.9884650489409247,False,327
2004-03-03,686,644,728,flag_nested,-0.28084685509558194,False,0.369479330177278,0.45780222530096887,-0.00394688288115834,1.5577884477480097e-05,0.9999844221155225,-0.28082212067748635,0.9884650489409247,False,327
2004-03-23,700,658,742,market_1,0.006027954049009888,True,0.05236071815706044,0.05171755973558305,-0.029930239146727218,0.0008958192153801781,0.9991041807846198,0.005761423470933836,0.9900387121140591,False,323
2004-03-23,700,658,742,block_2_3,-0.22770796981211694,False,0.2279694932355892,0.6850061245527587,,0.0,1.0,-0.22770796981211694,0.9900387121140591,False,323
2004-03-23,700,658,742,block_4_6,0.19924702900924185,True,0.8596506164741692,0.8446963420342201,0.016693487728972285,0.00027867253255753344,0.9997213274674425,0.1993867512136494,0.9900387121140591,False,323
2004-03-23,700,658,742,top_3,-0.21983271249429193,False,0.23310090847885606,0.6864731203202257,-0.0026099122205986806,6.811641799386869e-06,0.9999931883582006,-0.21984035809528435,0.9900387121140591,False,323
2004-03-23,700,658,742,top_6,0.29040416207579334,True,0.8841147646419891,0.6441140500745008,-0.003506559754459605,1.2295961311470371e-05,0.9999877040386885,0.2904048922532106,0.9900387121140591,False,323
2004-03-23,700,658,742,flag_nested,0.08523554593003317,True,0.38875460403722434,0.4784387517850416,-0.004303157990324729,1.8517168689724528e-05,0.9999814828313103,0.08523007774145601,0.9900387121140591,False,323
2004-04-13,714,672,756,market_1,-0.06905097190657825,False,0.054419947951515855,0.05755836858193191,-0.09830560505879195,0.009663991985975229,0.9903360080140248,-0.07189504248418196,0.99040065464388,False,321
2004-04-13,714,672,756,block_2_3,-0.1469454856852759,False,0.6558738742021927,0.26031095051329084,,0.0,1.0,-0.1469454856852759,0.99040065464388,False,321
2004-04-13,714,672,756,block_4_6,-0.14545983072886026,False,0.7936044080578015,0.46934656563482957,,0.0,1.0,-0.14545983072886026,0.99040065464388,False,321
2004-04-13,714,672,756,top_3,-0.14181336821475,False,0.6577573414877865,0.2633251318839524,-0.02139717747995249,0.0004578392041085788,0.9995421607958914,-0.1418919574074292,0.99040065464388,False,321
2004-04-13,714,672,756,top_6,-0.06587993765648198,False,0.589012967721016,0.4978579533736407,-0.01162423809372773,0.00013512291125961085,0.9998648770887404,-0.06591030751561883,0.99040065464388,False,321
2004-04-13,714,672,756,flag_nested,-0.09864039370101656,False,0.4527683184433208,0.2602628756544919,-0.02666928649026425,0.0007112508418997132,0.9992887491581003,-0.09877507176955881,0.99040065464388,False,321
2004-05-03,728,686,770,market_1,0.1817620346289632,True,0.05294904768945471,0.05206427454412756,-0.1069899017554144,0.011446839077632998,0.988553160922367,0.17429533005433503,0.9914864822333428,False,325
2004-05-03,728,686,770,block_2_3,-0.10286286754167179,False,0.6704063768651569,0.25429304029216354,,0.0,1.0,-0.10286286754167179,0.9914864822333428,False,325
2004-05-03,728,686,770,block_4_6,0.06347510538112214,True,0.7932737466261007,0.4262845263400081,-0.027063643924505915,0.0007324408224725909,0.9992675591775274,0.06365191217366224,0.9914864822333428,False,325
2004-05-03,728,686,770,top_3,-0.09751948727041482,False,0.6724093202253333,0.25875643926101505,-0.02073669109954187,0.00043001035775780405,0.9995699896422422,-0.09768063575996613,0.9914864822333428,False,325
2004-05-03,728,686,770,top_6,0.23395214773431652,True,0.5800060923680046,0.45682599861860756,-0.011058042587918876,0.0001222803058762434,0.9998777196941238,0.23388764771320633,0.9914864822333428,False,325
2004-05-03,728,686,770,flag_nested,0.046236232366629694,True,0.4578022253009686,0.24456216484253532,-0.027379527159957277,0.000749638507502759,0.9992503614924972,0.04592751471863596,0.9914864822333428,False,325
2004-05-21,742,700,784,market_1,0.05313040729127282,True,0.05171755973558307,0.058629316417608865,-0.10445945152401588,0.010911777012698187,0.9890882229873018,0.04712484358456339,0.9915179554968054,False,326
2004-05-21,742,700,784,block_2_3,-0.22915862168726595,False,0.6850061245527589,0.2725731740140421,,0.0,1.0,-0.22915862168726595,0.9915179554968054,False,326
2004-05-21,742,700,784,block_4_6,-0.14054536944075263,False,0.8446963420342193,0.4194215635153968,-0.0251685643033362,0.0006334566290912003,0.9993665433709088,-0.14090462525648112,0.9915179554968054,False,326
2004-05-21,742,700,784,top_3,-0.22023238320788924,False,0.6864731203202254,0.2750871820882544,-0.02042473408063478,0.00041716976226480185,0.9995828302377352,-0.22037342384724515,0.9915179554968054,False,326
2004-05-21,742,700,784,top_6,0.014837594102528176,True,0.644114050074501,0.44341621457777036,-0.012129801648171984,0.00014713208802397126,0.999852867911976,0.014793325515125202,0.9915179554968054,False,326
2004-05-21,742,700,784,flag_nested,-0.10959011398346118,False,0.4784387517850416,0.2478535304403822,-0.02929899518630515,0.0008584311189271387,0.9991415688810729,-0.10986995864948514,0.9915179554968054,False,326
2004-06-14,756,714,798,market_1,0.10524331025919993,True,0.05755836858193193,0.061734012482600645,-0.0073664561093608446,5.426467561120418e-05,0.9999457353243888,0.1054521255681323,0.9920215277122085,False,324
2004-06-14,756,714,798,block_2_3,0.12382856559146094,True,0.2603109505132907,0.2136947936090578,,0.0,1.0,0.12382856559146094,0.9920215277122085,False,324
2004-06-14,756,714,798,block_4_6,-0.027602716005474245,False,0.46934656563482935,0.39865176580376477,-0.010081572133343573,0.0001016380966798458,0.9998983619033202,-0.027297469874871708,0.9920215277122085,False,324
2004-06-14,756,714,798,top_3,0.13148477378887602,True,0.26332513188395223,0.21784408421448495,-0.0018010481700149845,3.2437745106639326e-06,0.9999967562254893,0.1314997205765818,0.9920215277122085,False,324
2004-06-14,756,714,798,top_6,-0.015407960138125966,False,0.49785795337364047,0.43254414677086356,-0.0011344557351594417,1.2869898148304415e-06,0.9999987130101852,-0.015404939538009907,0.9920215277122085,False,324
2004-06-14,756,714,798,flag_nested,0.039802621929256106,True,0.2602628756544918,0.2254155639197084,-0.0024171789439109644,5.8427540466921e-06,0.9999941572459533,0.039820191605246184,0.9920215277122085,False,324
2004-07-02,770,728,812,market_1,0.22928189431231197,True,0.05206427454412759,0.06559063047923797,-0.07011476761589193,0.0049160806378306665,0.9950839193621693,0.237499555433464,0.990951436754477,False,329
2004-07-02,770,728,812,block_2_3,-0.07330020184964686,False,0.25429304029216354,0.21301247087930833,,0.0,1.0,-0.07330020184964686,0.990951436754477,False,329
2004-07-02,770,728,812,block_4_6,-0.07822014012868564,False,0.426284526340008,0.39135562859342005,0.014449169093246169,0.0002087784874851284,0.9997912215125149,-0.07870675922257955,0.990951436754477,False,329
2004-07-02,770,728,812,top_3,-0.066077858870622,False,0.25875643926101505,0.2191027253668075,-0.019976600373346264,0.0003990645624764033,0.9996009354375236,-0.06573411208561218,0.990951436754477,False,329
2004-07-02,770,728,812,top_6,-0.06691222533745923,False,0.4568259986186075,0.4177002624714979,-0.009890551018739448,9.782299945426676e-05,0.9999021770005457,-0.06682110683208071,0.990951436754477,False,329
2004-07-02,770,728,812,flag_nested,-0.04772551459298214,False,0.24456216484253535,0.22222297459798768,-0.02478778441077574,0.0006144342559950555,0.9993855657440049,-0.047155334230319465,0.990951436754477,False,329
2004-07-23,784,742,826,market_1,0.2612095729529123,True,0.058629316417608886,0.060432094776717175,-0.014620314129539394,0.0002137535852463346,0.9997862464147537,0.2619463589170759,0.9905108110659995,False,330
2004-07-23,784,742,826,block_2_3,-0.08556166241212844,False,0.272573174014042,0.26739557167901784,,0.0,1.0,-0.08556166241212844,0.9905108110659995,False,330
2004-07-23,784,742,826,block_4_6,-0.0018880803269685062,False,0.41942156351539717,0.41822818147765456,,0.0,1.0,-0.0018880803269685062,0.9905108110659995,False,330
2004-07-23,784,742,826,top_3,-0.08319688169740415,False,0.27508718208825467,0.2728856700271059,-0.0038498031161701444,1.4820984033159235e-05,0.9999851790159668,-0.0831734951492905,0.9905108110659995,False,330
2004-07-23,784,742,826,top_6,0.024676482573154197,True,0.44341621457777086,0.42907282078492115,-0.002937659436294362,8.629842963681078e-06,0.9999913701570363,0.024688043034651986,0.9905108110659995,False,330
2004-07-23,784,742,826,flag_nested,-0.006200939983105278,False,0.24785353044038247,0.24322448198568433,-0.004846788679011672,2.3491360499061642e-05,0.9999765086395009,-0.006152758206536698,0.9905108110659995,False,330
2004-08-12,798,756,840,market_1,0.1543777469715166,True,0.06173401248260063,0.06270685614384275,-0.04810189253733122,0.0023137920656731703,0.9976862079343268,0.15889891717217758,0.9912976426525666,False,334
2004-08-12,798,756,840,block_2_3,-0.036979525641843404,False,0.213694793609058,0.278060070010633,,0.0,1.0,-0.036979525641843404,0.9912976426525666,False,334
2004-08-12,798,756,840,block_4_6,0.05908406334418785,True,0.39865176580376493,0.5015182803478604,0.00014494816342325737,2.1009970208041295e-08,0.9999999789900298,0.05909022306955224,0.9912976426525666,False,334
2004-08-12,798,756,840,top_3,-0.028650125463862287,False,0.21784408421448484,0.28452589798305095,-0.010693012328998209,0.00011434051266789869,0.9998856594873321,-0.028408974045990625,0.9912976426525666,False,334
2004-08-12,798,756,840,top_6,0.07197004090210248,True,0.43254414677086367,0.5097531378944975,-0.006202834090651296,3.8475150756056564e-05,0.9999615248492439,0.07205162640625828,0.9912976426525666,False,334
2004-08-12,798,756,840,flag_nested,0.043158254474387224,True,0.22541556391970843,0.27244300128163723,-0.013658418424753963,0.00018655239386544675,0.9998134476061346,0.04354897572304886,0.9912976426525666,False,334
2004-09-01,812,770,854,market_1,0.2156429116687528,True,0.06559063047923788,0.06227713752971483,-0.03706483399356776,0.0013738019189707407,0.9986261980810293,0.21726497335554132,0.9909199634910144,False,328
2004-09-01,812,770,854,block_2_3,0.4281221872299981,True,0.2130124708793083,0.3160002096628487,,0.0,1.0,0.4281221872299981,0.9909199634910144,False,328
2004-09-01,812,770,854,block_4_6,0.29971697210935955,True,0.39135562859341994,0.49805010694897095,,0.0,1.0,0.29971697210935955,0.9909199634910144,False,328
2004-09-01,812,770,854,top_3,0.415804013977311,True,0.21910272536680753,0.32152696322757435,-0.007305767802808877,5.33742431885198e-05,0.9999466257568115,0.4159251873407645,0.9909199634910144,False,328
2004-09-01,812,770,854,top_6,0.20107105178251153,True,0.4177002624714977,0.4845019266861218,-0.004963681614639942,2.463813517150637e-05,0.9999753618648285,0.20110671791662604,0.9909199634910144,False,328
2004-09-01,812,770,854,flag_nested,0.28176613943217266,True,0.22222297459798757,0.27831994307529906,-0.01024467286347424,0.00010495332207949293,0.9998950466779205,0.2819413298300022,0.9909199634910144,False,328
2004-09-22,826,784,868,market_1,0.1498816575570963,True,0.06043209477671714,0.06528951023556905,-0.06287610105515218,0.003953404083897771,0.9960465959161022,0.1508345001131462,0.9900859220092532,False,326
2004-09-22,826,784,868,block_2_3,0.5021102424793279,True,0.2673955716790177,0.48501782137607147,,0.0,1.0,0.5021102424793279,0.9900859220092532,False,326
2004-09-22,826,784,868,block_4_6,0.3946445416487124,True,0.4182281814776544,0.6411001330202771,,0.0,1.0,0.3946445416487124,0.9900859220092532,False,326
2004-09-22,826,784,868,top_3,0.4926962110457454,True,0.2728856700271057,0.4889926389421156,-0.00831259925594436,6.909930639009687e-05,0.9999309006936099,0.49273544652555396,0.9900859220092532,False,326
2004-09-22,826,784,868,top_6,0.19070966145108667,True,0.4290728207849209,0.5087592843691634,-0.008063865078277086,6.502592000046103e-05,0.9999349740799995,0.1907284498698283,0.9900859220092532,False,326
2004-09-22,826,784,868,flag_nested,0.3395609090309294,True,0.2432244819856842,0.35652020330592177,-0.014070528701116752,0.0001979797779291248,0.9998020202220709,0.33964150301783624,0.9900859220092532,False,326
2004-10-12,840,798,882,market_1,0.1833857616788112,True,0.06270685614384278,0.061430643677720075,-0.008933105090625977,7.980036656018985e-05,0.9999201996334398,0.18599251829884914,0.9895980864255814,False,328
2004-10-12,840,798,882,block_2_3,0.44855164145707915,True,0.27806007001063276,0.49698094758525824,,0.0,1.0,0.44855164145707915,0.9895980864255814,False,328
2004-10-12,840,798,882,block_4_6,0.2858913184531338,True,0.5015182803478602,0.648218913827004,,0.0,1.0,0.2858913184531338,0.9895980864255814,False,328
2004-10-12,840,798,882,top_3,0.43916769778868053,True,0.2845258979830507,0.5003525297650588,-0.000958709745956723,9.191243771633495e-07,0.9999990808756228,0.4393632949854457,0.9895980864255814,False,328
2004-10-12,840,798,882,top_6,0.09567968594505147,True,0.5097531378944973,0.5085609338109104,-0.0009088203146002402,8.259543641253586e-07,0.9999991740456359,0.0957048788185065,0.9895980864255814,False,328
2004-10-12,840,798,882,flag_nested,0.2611028043075451,True,0.2724430012816371,0.3610128980565578,-0.0017769944156950435,3.157709153489563e-06,0.9999968422908465,0.26133001982587817,0.9895980864255814,False,328
2004-11-01,854,812,896,market_1,0.21892240938388371,True,0.06227713752971487,0.053889635624492525,0.03907809826960107,0.0015270977643684347,0.9984729022356316,0.21623015892733624,0.989897082428477,False,325
2004-11-01,854,812,896,block_2_3,0.5220778399331919,True,0.3160002096628491,0.3675143927431957,-0.006578545572049536,4.327726184361058e-05,0.9999567227381564,0.522232808217853,0.989897082428477,False,325
2004-11-01,854,812,896,block_4_6,0.2444876267887659,True,0.49805010694897134,0.5363023955589095,,0.0,1.0,0.2444876267887659,0.989897082428477,False,325
2004-11-01,854,812,896,top_3,0.5131348341762684,True,0.3215269632275745,0.3712326077040034,0.006050463595985011,3.660810972638817e-05,0.9999633918902736,0.5131274540658969,0.989897082428477,False,325
2004-11-01,854,812,896,top_6,0.004277962541074635,True,0.48450192668612185,0.4866647640195252,0.004929492986660608,2.4299901105639954e-05,0.9999757000988944,0.004210639118613485,0.989897082428477,False,325
2004-11-01,854,812,896,flag_nested,0.2577526659449561,True,0.2783199430752991,0.29717964475774933,0.008941517038270792,7.995072694566563e-05,0.9999200492730543,0.2576131290886688,0.989897082428477,False,325
2004-11-19,868,826,910,market_1,0.07225029667038603,True,0.06528951023556902,0.056309026884865936,-0.02457383118570539,0.0006038731791435659,0.9993961268208564,0.07373917282371079,0.9886224152582381,False,329
2004-11-19,868,826,910,block_2_3,0.6197132655287652,True,0.48501782137607136,0.28921899469759704,0.0045737101410385774,2.0918824454208007e-05,0.9999790811755458,0.6198351783034076,0.9886224152582381,False,329
2004-11-19,868,826,910,block_4_6,0.20835182591007656,True,0.6411001330202767,0.4795641705986384,,0.0,1.0,0.20835182591007656,0.9886224152582381,False,329
2004-11-19,868,826,910,top_3,0.6039259289300708,True,0.4889926389421155,0.29434218956094377,-0.003161741843657762,9.99661148581854e-06,0.9999900033885142,0.6039745848445154,0.9886224152582381,False,329
2004-11-19,868,826,910,top_6,-0.07639212639572834,False,0.5087592843691632,0.468131802900822,-0.0018518165139994906,3.4292244015521334e-06,0.9999965707755984,-0.07638002810981909,0.9886224152582381,False,329
2004-11-19,868,826,910,flag_nested,0.28071563593911186,True,0.35652020330592166,0.26186710148806347,-0.005732856563547867,3.286564437821049e-05,0.9999671343556218,0.2808166981855192,0.9886224152582381,False,329
2004-12-10,882,840,924,market_1,0.018229110068804986,True,0.06143064367772009,0.056381111887590755,-0.08594860971026687,0.007387163511127781,0.9926128364888722,0.019508849327932468,0.9886696251534322,False,333
2004-12-10,882,840,924,block_2_3,0.7441520965306142,True,0.4969809475852581,0.3572191669248593,0.01098045606876596,0.00012057041547830494,0.9998794295845217,0.744540748758692,0.9886696251534322,False,333
2004-12-10,882,840,924,block_4_6,0.3113424882482058,True,0.6482189138270043,0.506232623347009,,0.0,1.0,0.3113424882482058,0.9886696251534322,False,333
2004-12-10,882,840,924,top_3,0.7312060488272489,True,0.5003525297650587,0.3616068524383176,-0.013428228629909942,0.00018031732413703594,0.999819682675863,0.7312972114378847,0.9886696251534322,False,333
2004-12-10,882,840,924,top_6,-0.11918140795496415,False,0.5085609338109106,0.4454261741570427,-0.010582594632246834,0.00011199130915051647,0.9998880086908495,-0.11916643621175843,0.9886696251534322,False,333
2004-12-10,882,840,924,flag_nested,0.3888389942503707,True,0.36101289805655784,0.28254689485433526,-0.020951158370693296,0.0004389510370736982,0.9995610489629263,0.3889894501979577,0.9886696251534322,False,333
2004-12-31,896,854,938,market_1,0.0723005751788146,True,0.053889635624492505,0.0588427404111598,-0.15358817206341707,0.02358932659778168,0.9764106734022183,0.09528712951122074,0.9872218550341485,False,326
2004-12-31,896,854,938,block_2_3,0.758557104936825,True,0.36751439274319514,0.43868380540992685,0.004743015415583211,2.24961952324243e-05,0.9999775038047676,0.7586951826311426,0.9872218550341485,False,326
2004-12-31,896,854,938,block_4_6,0.36788112599286205,True,0.5363023955589096,0.5541746568621939,,0.0,1.0,0.36788112599286205,0.9872218550341485,False,326
2004-12-31,896,854,938,top_3,0.7449628640670015,True,0.3712326077040029,0.44237095154833905,-0.01992964083736128,0.00039719058390641493,0.9996028094160936,0.7456345917031265,0.9872218550341485,False,326
2004-12-31,896,854,938,top_6,-0.045941125566700346,False,0.48666476401952485,0.41838756235825464,-0.021089635840995286,0.000444772739905841,0.9995552272600942,-0.04564486888664669,0.9872218550341485,False,326
2004-12-31,896,854,938,flag_nested,0.4243353155861533,True,0.29717964475774905,0.31283837106889006,-0.03509640217284718,0.0012317574454783209,0.9987682425545217,0.4258456035611638,0.9872218550341485,False,326
2005-01-21,910,868,952,market_1,0.16132986585357756,True,0.05630902688486594,0.06054633258080527,-0.11454231033831279,0.013119940857638457,0.9868800591423615,0.17357908898295174,0.9910615931765965,False,331
2005-01-21,910,868,952,block_2_3,0.5437832479072303,True,0.289218994697597,0.4254171407055715,0.01239705772864103,0.000153687040327255,0.9998463129596727,0.5436901966391345,0.9910615931765965,False,331
2005-01-21,910,868,952,block_4_6,0.2273315962940393,True,0.4795641705986385,0.5602615918724452,0.007371260350218724,5.4335479150680044e-05,0.9999456645208493,0.22761643473811094,0.9910615931765965,False,331
2005-01-21,910,868,952,top_3,0.5317272842558162,True,0.2943421895609437,0.42830342768336344,-0.015838767183758654,0.0002508665459013404,0.9997491334540987,0.5321557726522201,0.9910615931765965,False,331
2005-01-21,910,868,952,top_6,-0.025045137498643795,False,0.4681318029008219,0.43962208237149014,-0.015551416340064511,0.00024184655018200107,0.999758153449818,-0.024871641700086204,0.9910615931765965,False,331
2005-01-21,910,868,952,flag_nested,0.27014724464839496,True,0.2618671014880634,0.31148846366363614,-0.02709331317128836,0.000734047618597522,0.9992659523814025,0.2709787091114676,0.9910615931765965,False,331
2005-02-10,924,882,966,market_1,0.014243486981241936,True,0.05638111188759076,0.06991288969746381,-0.06524380641113038,0.004256754275013153,0.9957432457249868,0.01669475272990245,0.9909357001227457,False,337
2005-02-10,924,882,966,block_2_3,0.6591924040470889,True,0.35721916692485917,0.5318484339940398,0.022513764601911426,0.0005068695965504411,0.9994931304034496,0.6593219955076706,0.9909357001227457,False,337
2005-02-10,924,882,966,block_4_6,0.2450166109581142,True,0.5062326233470088,0.6676429533823605,0.019563015162418027,0.00038271156224500835,0.999617288437755,0.24512895220620567,0.9909357001227457,False,337
2005-02-10,924,882,966,top_3,0.6504157402519355,True,0.3616068524383177,0.5340060778360864,-0.00820882863081971,6.738486749036099e-05,0.9999326151325096,0.6505111501279873,0.9909357001227457,False,337
2005-02-10,924,882,966,top_6,-0.2182992685325585,False,0.4454261741570426,0.47907782482087846,-0.009560242757583307,9.13982415837733e-05,0.9999086017584162,-0.2182516159922853,0.9909357001227457,False,337
2005-02-10,924,882,966,flag_nested,0.3251981261768331,True,0.2825468948543353,0.37174530201962286,-0.014904674287732613,0.00022214931562380968,0.9997778506843762,0.32539669526511944,0.9909357001227457,False,337
2005-03-03,938,896,980,market_1,0.1845295288532325,True,0.058842740411159854,0.06507629172903334,-0.10312325280052334,0.010634405268160507,0.9893655947318395,0.19490912408532077,0.9899915022188651,False,332
2005-03-03,938,896,980,block_2_3,0.7515436899762707,True,0.43868380540992724,0.4602998213842641,-0.0006455737470813215,4.167654629183559e-07,0.9999995832345371,0.7515994170665513,0.9899915022188651,False,332
2005-03-03,938,896,980,block_4_6,0.4182955600505673,True,0.5541746568621939,0.5820697506514786,0.031977369620292774,0.0010225521678327576,0.9989774478321672,0.4186262024076601,0.9899915022188651,False,332
2005-03-03,938,896,980,top_3,0.7409911860637077,True,0.4423709515483396,0.463118048139587,-0.013025967581538284,0.00016967583143534526,0.9998303241685647,0.7412561234917788,0.9899915022188651,False,332
2005-03-03,938,896,980,top_6,-0.11335462623142042,False,0.4183875623582544,0.43590056996316856,-0.015360021828019238,0.00023593027055723859,0.9997640697294428,-0.11317963587539306,0.9899915022188651,False,332
2005-03-03,938,896,980,flag_nested,0.46686299275703125,True,0.31283837106889023,0.32771316278891166,-0.024510796063386006,0.0006007791236608551,0.9993992208763391,0.4675776245457495,0.9899915022188651,False,332
2005-03-23,952,910,994,market_1,0.030674646524690104,True,0.060546332580805245,0.06283893817856694,-0.039134155205486805,0.0015314821036471749,0.9984685178963528,0.03252756770537679,0.991266169389104,False,338
2005-03-23,952,910,994,block_2_3,0.7855136020234921,True,0.42541714070557135,0.3741240818343698,-0.04217967752916509,0.0017791251964645038,0.9982208748035355,0.7855377962680765,0.991266169389104,False,338
2005-03-23,952,910,994,block_4_6,0.4871349024388022,True,0.5602615918724452,0.5075043667139045,0.041362274984390046,0.001710837791884079,0.9982891622081159,0.4874987164718651,0.991266169389104,False,338
2005-03-23,952,910,994,top_3,0.7676245834129,True,0.42830342768336316,0.3785291500071918,-0.004116262743282475,1.6943618971754226e-05,0.9999830563810282,0.7676791690859319,0.991266169389104,False,338
2005-03-23,952,910,994,top_6,0.06806471771124752,True,0.4396220823714902,0.41127829746408423,-0.006435403387266323,4.141441675675761e-05,0.9999585855832432,0.06811250246102593,0.991266169389104,False,338
2005-03-23,952,910,994,flag_nested,0.49576959810620297,True,0.3114884636636361,0.2826690838193866,-0.00987808634267101,9.757658979314687e-05,0.9999024234102069,0.4959362628504949,0.991266169389104,False,338
2005-04-13,966,924,1008,market_1,0.08546876244355814,True,0.06991288969746381,0.05549499627328103,-0.10428725492048843,0.010875831538850966,0.989124168461149,0.09038968024814467,0.990904226859283,False,333
2005-04-13,966,924,1008,block_2_3,0.3865968402285886,True,0.5318484339940398,0.17256079512884898,-0.0748878167060956,0.005608185091005691,0.9943918149089943,0.3856496133162451,0.990904226859283,False,333
2005-04-13,966,924,1008,block_4_6,0.30855252218399093,True,0.6676429533823615,0.40563833388919845,0.04810639806547302,0.002314225534833736,0.9976857744651663,0.307907640473938,0.990904226859283,False,333
2005-04-13,966,924,1008,top_3,0.3644859303561717,True,0.5340060778360867,0.17980322185805428,-0.02706238725524062,0.0007323728039525523,0.9992676271960474,0.3648125421204834,0.990904226859283,False,333
2005-04-13,966,924,1008,top_6,0.2032452216456808,True,0.4790778248208787,0.4249443045564884,-0.012583010312695016,0.00015833214852944977,0.9998416678514706,0.20335377581771147,0.990904226859283,False,333
2005-04-13,966,924,1008,flag_nested,0.24242095825646257,True,0.371745302019623,0.20964820804715525,-0.03232913439132447,0.001045172930492333,0.9989548270695077,0.24289343331368216,0.990904226859283,False,333
2005-05-03,980,938,1022,market_1,0.11709561403566096,True,0.0650762917290333,0.04940630612542748,0.0254179377636305,0.0006460715601556144,0.9993539284398444,0.1158142146709384,0.9919113712900891,False,336
2005-05-03,980,938,1022,block_2_3,0.008215352260285117,True,0.46029982138426445,0.15647050973091162,-0.024559013427983153,0.0006031451405560384,0.999396854859444,0.0077198563833220536,0.9919113712900891,False,336
2005-05-03,980,938,1022,block_4_6,0.11804459595427122,True,0.5820697506514794,0.42771089249920413,0.033644185359261614,0.0011319312084882016,0.9988680687915118,0.11775502915168583,0.9919113712900891,False,336
2005-05-03,980,938,1022,top_3,0.004344908122880678,True,0.4631180481395873,0.16330136496798006,0.01178240543211329,0.00013882507776663555,0.9998611749222334,0.004216472513995087,0.9919113712900891,False,336
2005-05-03,980,938,1022,top_6,0.11845264219580609,True,0.43590056996316884,0.45622631544262837,0.004510413873828935,2.0343833313174464e-05,0.9999796561666868,0.11840918478164211,0.9919113712900891,False,336
2005-05-03,980,938,1022,flag_nested,0.06275917304396453,True,0.3277131627889119,0.214523899605974,0.008522277258117916,7.262920966411013e-05,0.9999273707903359,0.06263256364868533,0.9919113712900891,False,336
2005-05-23,994,952,1036,market_1,0.08147892723511616,True,0.06283893817856694,0.04646081660931533,-0.07037004651711087,0.00495194344682004,0.99504805655318,0.08591856344689922,0.9916910584458503,False,332
2005-05-23,994,952,1036,block_2_3,-0.0795015430119216,False,0.37412408183436985,0.15860241323151716,-0.05776463204312611,0.0033367527150778287,0.9966632472849222,-0.08009119253960402,0.9916910584458503,False,332
2005-05-23,994,952,1036,block_4_6,0.09208748618929467,True,0.5075043667139049,0.5354852503408495,-0.019448277844811603,0.00037823551112903253,0.999621764488871,0.09196973965701033,0.9916910584458503,False,332
2005-05-23,994,952,1036,top_3,-0.0768711149276609,False,0.3785291500071918,0.1645194560603,-0.014081878039146243,0.00019829928910930494,0.9998017007108907,-0.07672799402981291,0.9916910584458503,False,332
2005-05-23,994,952,1036,top_6,0.11606526656032727,True,0.4112782974640843,0.5572086083009571,-0.003645241120878505,1.3287782829274342e-05,0.9999867122171707,0.11610939993953578,0.9916910584458503,False,332
2005-05-23,994,952,1036,flag_nested,0.04336882011829178,True,0.28266908381938666,0.25085400165882343,-0.014261902309863966,0.00020340185749601059,0.999796598142504,0.04361563749201515,0.9916910584458503,False,332
2005-06-13,1008,966,1050,market_1,0.07029189350559788,True,0.05549499627328105,0.054402246910834486,-0.07867011606622648,0.006188987161873549,0.9938110128381265,0.0713685487512839,0.9909986466496711,False,331
2005-06-13,1008,966,1050,block_2_3,-0.12600155134555013,False,0.1725607951288489,0.19093540633609338,0.017416540644457894,0.00030333588801989553,0.9996966641119801,-0.12809557351836007,0.9909986466496711,False,331
2005-06-13,1008,966,1050,block_4_6,0.14565849572016262,True,0.4056383338891987,0.5522213897346965,-0.007513677248709928,5.6455345798012146e-05,0.999943544654202,0.14557652196132614,0.9909986466496711,False,331
2005-06-13,1008,966,1050,top_3,-0.11914643813912025,False,0.17980322185805406,0.1965373120447304,-0.02392863326539237,0.0005725794899495984,0.9994274205100504,-0.11932046125187862,0.9909986466496711,False,331
2005-06-13,1008,966,1050,top_6,0.16018704768479636,True,0.42494430455648824,0.5621206460054385,-0.008184924531437487,6.699298958534605e-05,0.9999330070104147,0.1601808612239813,0.9909986466496711,False,331
2005-06-13,1008,966,1050,flag_nested,0.09451610577817046,True,0.20964820804715517,0.261722205633757,-0.020632355861960078,0.00042569410841475364,0.9995743058915852,0.09454882224399913,0.9909986466496711,False,331
2005-07-01,1022,980,1064,market_1,0.12093771271786488,True,0.049406306125427464,0.05791423549079336,-0.07800645734023538,0.006085007386773977,0.993914992613226,0.1263481144880093,0.991266169389104,False,336
2005-07-01,1022,980,1064,block_2_3,0.08799355475542422,True,0.15647050973091153,0.17798300589857435,0.01666984211942902,0.0002778836362867798,0.9997221163637132,0.08738840946131689,0.991266169389104,False,336
2005-07-01,1022,980,1064,block_4_6,0.029912490858363398,True,0.4277108924992034,0.413166167332342,0.009933070949361116,9.866589848517293e-05,0.9999013341015148,0.030278001225201308,0.991266169389104,False,336
2005-07-01,1022,980,1064,top_3,0.08099965490635265,True,0.16330136496798006,0.18529348903949044,-0.02832885689112954,0.0008025241327580535,0.999197475867242,0.08147484206913541,0.991266169389104,False,336
2005-07-01,1022,980,1064,top_6,0.02744925342884077,True,0.45622631544262765,0.4288706168908203,-0.01287009695480596,0.0001656393956263047,0.9998343606043737,0.027536814007011863,0.991266169389104,False,336
2005-07-01,1022,980,1064,flag_nested,0.045000541067298276,True,0.2145238996059738,0.21319854292343976,-0.027520255669073065,0.0007573644720912931,0.9992426355279087,0.045481274524364554,0.991266169389104,False,336
2005-07-22,1036,994,1078,market_1,0.28725234654248594,True,0.046460816609315385,0.06356667329504592,-0.029341290624409423,0.0008609113355062536,0.9991390886644937,0.2915204149120959,0.9917225317093129,False,332
2005-07-22,1036,994,1078,block_2_3,0.06330899922867814,True,0.1586024132315172,0.24919287475172103,-0.0329217293658538,0.0010838402644384182,0.9989161597355616,0.064550116411554,0.9917225317093129,False,332
2005-07-22,1036,994,1078,block_4_6,0.28954434132409457,True,0.5354852503408501,0.49302522785461517,0.007515028075122104,5.6475646969866844e-05,0.9999435243530301,0.2895943985584343,0.9917225317093129,False,332
2005-07-22,1036,994,1078,top_3,0.06703933925652394,True,0.1645194560603,0.2531052014207415,-0.0035797428511883593,1.2814558880691607e-05,0.9999871854411193,0.06714674024605301,0.9917225317093129,False,332
2005-07-22,1036,994,1078,top_6,0.27105576765907696,True,0.5572086083009574,0.4950929310975914,-0.0018403225038051457,3.3867869180248533e-06,0.999996613213082,0.2710780269464422,0.9917225317093129,False,332
2005-07-22,1036,994,1078,flag_nested,0.2205727333024306,True,0.25085400165882354,0.25738616516758994,-0.0073602399779876225,5.417313253364142e-05,0.9999458268674664,0.220783225631639,0.9917225317093129,False,332
2005-08-11,1050,1008,1092,market_1,0.3156843103869269,True,0.05440224691083448,0.057536491944579916,0.06608157724897631,0.0043667748517125515,0.9956332251482874,0.31311309329095804,0.9910143832814025,False,335
2005-08-11,1050,1008,1092,block_2_3,-0.19605345372102093,False,0.19093540633609357,0.26881833860317716,0.0781953032637804,0.006114505452514796,0.9938854945474852,-0.20403995457047017,0.9910143832814025,False,335
2005-08-11,1050,1008,1092,block_4_6,0.2928047763857508,True,0.5522213897346961,0.5318784928898193,0.005283971141954437,2.7920351028831725e-05,0.9999720796489712,0.29277055039988686,0.9910143832814025,False,335
2005-08-11,1050,1008,1092,top_3,-0.18442578745139276,False,0.19653731204473063,0.2732517163896865,0.010204167624049302,0.000104125036899827,0.9998958749631002,-0.18455832705708503,0.9910143832814025,False,335
2005-08-11,1050,1008,1092,top_6,0.3163204390279551,True,0.562120646005438,0.5310618167406886,0.005033097595695,2.533207140797966e-05,0.999974667928592,0.31630805455726263,0.9910143832814025,False,335
2005-08-11,1050,1008,1092,flag_nested,0.18704410139427485,True,0.26172220563375675,0.2742329732336699,0.015415589801373768,0.00023764040892437777,0.9997623595910756,0.18688193930437635,0.9910143832814025,False,335
2005-08-31,1064,1022,1106,market_1,0.1741122588821304,True,0.05791423549079342,0.05976720352439945,-0.018581568926347672,0.00034527470376455316,0.9996547252962354,0.17414596224817583,0.9895508765303874,False,335
2005-08-31,1064,1022,1106,block_2_3,-0.00688631539916443,False,0.1779830058985745,0.27073356031734874,0.07123070161381796,0.005073812852396609,0.9949261871476034,-0.01271085890418875,0.9895508765303874,False,335
2005-08-31,1064,1022,1106,block_4_6,0.24338149451137125,True,0.41316616733234274,1.0154012903794865,-0.0024753454520015485,6.127335107075638e-06,0.9999938726648929,0.24347157386625576,0.9895508765303874,False,335
2005-08-31,1064,1022,1106,top_3,-0.01701353944727572,False,0.18529348903949056,0.27358454543569277,-0.007531421050078834,5.6722303033440724e-05,0.9999432776969666,-0.017047457069576253,0.9895508765303874,False,335
2005-08-31,1064,1022,1106,top_6,0.2433105400062131,True,0.428870616890821,1.0206007050428552,-0.001345972900605762,1.81164304902115e-06,0.999998188356951,0.24330832344827097,0.9895508765303874,False,335
2005-08-31,1064,1022,1106,flag_nested,0.18846926562427227,True,0.21319854292344004,0.44958416302164617,-0.003679222598879383,1.3536678932224433e-05,0.9999864633210678,0.18846481730775824,0.9895508765303874,False,335
2005-09-21,1078,1036,1120,market_1,0.2521978649047912,True,0.06356667329504584,0.052487226219572,-0.10230145945795019,0.010465588607226572,0.9895344113927734,0.2690271060053638,0.9894249834765367,False,331
2005-09-21,1078,1036,1120,block_2_3,-0.0859390743140213,False,0.24919287475172086,0.22004354049072106,,0.0,1.0,-0.0859390743140213,0.9894249834765367,False,331
2005-09-21,1078,1036,1120,block_4_6,0.3762865383014607,True,0.49302522785461506,1.0470989129069088,0.0023011488403656124,5.295285985362774e-06,0.9999947047140146,0.376281729776957,0.9894249834765367,False,331
2005-09-21,1078,1036,1120,top_3,-0.09520880945010218,False,0.25310520142074144,0.2234139490084738,-0.02322083135012753,0.0005392070085910028,0.999460792991409,-0.0945548945672283,0.9894249834765367,False,331
2005-09-21,1078,1036,1120,top_6,0.3884884192498323,True,0.49509293109759145,1.0575803019016792,-0.005035253095101592,2.5353773731806584e-05,0.9999746462262682,0.3886312423892093,0.9894249834765367,False,331
2005-09-21,1078,1036,1120,flag_nested,0.28218122078831315,True,0.2573861651675899,0.4536579353233219,-0.01437385655260945,0.0002066077521951648,0.9997933922478048,0.28297908799973687,0.9894249834765367,False,331
2005-10-11,1092,1050,1134,market_1,0.16040381431951176,True,0.05753649194457985,0.05823203756577638,-0.09895522416425001,0.009792136389397132,0.9902078636106029,0.18177292578807347,0.9882447360966858,False,331
2005-10-11,1092,1050,1134,block_2_3,-0.010771263286499203,False,0.268818338603177,0.21371795404769484,,0.0,1.0,-0.010771263286499203,0.9882447360966858,False,331
2005-10-11,1092,1050,1134,block_4_6,0.33504645717437975,True,0.5318784928898195,0.9593710431756416,-0.008851219577200864,7.83440880037789e-05,0.9999216559119962,0.3351578862827086,0.9882447360966858,False,331
2005-10-11,1092,1050,1134,top_3,-0.02080368684817424,False,0.2732517163896863,0.21761634818275888,-0.0278961197098421,0.0007781934948658531,0.9992218065051341,-0.01977752875128504,0.9882447360966858,False,331
2005-10-11,1092,1050,1134,top_6,0.3431452407888179,True,0.5310618167406888,0.9774121701427173,-0.004928247448787917,2.4287622916507878e-05,0.9999757123770835,0.34330498131608733,0.9882447360966858,False,331
2005-10-11,1092,1050,1134,flag_nested,0.25737096031606854,True,0.2742329732336699,0.42237308183055966,-0.0166033044105931,0.0002756697173509348,0.9997243302826491,0.25843396211659014,0.9882447360966858,False,331
2005-10-31,1106,1064,1148,market_1,0.19694499575137484,True,0.05976720352439942,0.05513379096887504,-0.0032764133701858027,1.0734884572372039e-05,0.9999892651154276,0.19709652020903942,0.9907153872785069,False,334
2005-10-31,1106,1064,1148,block_2_3,-0.12245545362830318,False,0.2707335603173487,0.22085259559471476,,0.0,1.0,-0.12245545362830318,0.9907153872785069,False,334
2005-10-31,1106,1064,1148,block_4_6,0.6881304542068563,True,1.015401290379486,1.129056642476626,-0.00355339097831194,1.2626587444830584e-05,0.9999873734125552,0.6881643512960302,0.9907153872785069,False,334
2005-10-31,1106,1064,1148,top_3,-0.1260112243061278,False,0.27358454543569277,0.22421747660524385,-0.0024312420265209995,5.910937791675508e-06,0.9999940890622083,-0.12600035167085027,0.9907153872785069,False,334
2005-10-31,1106,1064,1148,top_6,0.6857201897557451,True,1.0206007050428543,1.137155282134843,-0.00022103370262470216,4.8855897549771043e-08,0.9999999511441025,0.6857220771531066,0.9907153872785069,False,334
2005-10-31,1106,1064,1148,flag_nested,0.5993422814775146,True,0.4495841630216457,0.4850957807067964,-0.0006804168011262029,4.629670233846639e-07,0.9999995370329766,0.5993509625717082,0.9907153872785069,False,334
2005-11-18,1120,1078,1162,market_1,0.19913562242505128,True,0.052487226219572046,0.05201159275112358,-0.03965351798138596,0.0015724014883002901,0.9984275985116997,0.1986599168899033,0.9892518805274919,False,333
2005-11-18,1120,1078,1162,block_2_3,0.11598139055010079,True,0.2200435404907212,0.18490532733614884,,0.0,1.0,0.11598139055010079,0.9892518805274919,False,333
2005-11-18,1120,1078,1162,block_4_6,0.47316747949536875,True,1.0470989129069093,0.7337713572302043,-0.005489139232216754,3.013064951074007e-05,0.9999698693504893,0.47317523465968436,0.9892518805274919,False,333
2005-11-18,1120,1078,1162,top_3,0.1055946351253724,True,0.22341394900847408,0.19090966106438503,-0.010937916757435025,0.00011963802299252979,0.9998803619770075,0.10555724638297975,0.9892518805274919,False,333
2005-11-18,1120,1078,1162,top_6,0.46157726678959027,True,1.0575803019016798,0.7472552457600438,-0.0021920574460657805,4.805115846884256e-06,0.9999951948841531,0.4615761102631332,0.9892518805274919,False,333
2005-11-18,1120,1078,1162,flag_nested,0.42166268875150964,True,0.4536579353233222,0.3285104347339144,-0.007535056355165401,5.677707427553802e-05,0.9999432229257245,0.42165719550479636,0.9892518805274919,False,333
2005-12-09,1134,1092,1176,market_1,0.261556971309022,True,0.0582320375657764,0.04957984872191936,-0.048210717565059916,0.0023242732881380013,0.997675726711862,0.26352409358999057,0.9894249834765367,False,332
2005-12-09,1134,1092,1176,block_2_3,0.19812860011545902,True,0.21371795404769503,0.24851728624812186,,0.0,1.0,0.19812860011545902,0.9894249834765367,False,332
2005-12-09,1134,1092,1176,block_4_6,-0.7614108222068522,False,0.9593710431756423,1.5931348593818684,0.0036170055216666625,1.3082728943514255e-05,0.9999869172710565,-0.7614075805897894,0.9894249834765367,False,332
2005-12-09,1134,1092,1176,top_3,0.1894486771598729,True,0.217616348182759,0.2524379415797858,-0.009834154798962132,9.671060061000603e-05,0.99990328939939,0.18955328302350719,0.9894249834765367,False,332
2005-12-09,1134,1092,1176,top_6,-0.7522625104417303,False,0.9774121701427162,1.5941480517386093,-0.0016067071283259835,2.5815077963065036e-06,0.9999974184922037,-0.7522618999040257,0.9894249834765367,False,332
2005-12-09,1134,1092,1176,flag_nested,-0.6766415215757509,False,0.42237308183055916,0.6687683714555452,-0.004449695992144164,1.979979442279234e-05,0.9999802002055772,-0.6766338597089366,0.9894249834765367,False,332
2005-12-30,1148,1106,1190,market_1,0.1692104347672974,True,0.055133790968875,0.054834021313116904,-0.09715922830522364,0.009439915644866348,0.9905600843551337,0.17849535868777602,0.9888742013659396,False,330
2005-12-30,1148,1106,1190,block_2_3,0.2638462890634711,True,0.2208525955947147,0.24065926442642163,,0.0,1.0,0.2638462890634711,0.9888742013659396,False,330
2005-12-30,1148,1106,1190,block_4_6,0.756390148472498,True,1.1290566424766273,1.3719841704486773,-0.0014584871065682042,2.1271846399884e-06,0.99999787281536,0.7564014013325753,0.9888742013659396,False,330
2005-12-30,1148,1106,1190,top_3,0.2507092920238733,True,0.22421747660524366,0.2459691673109354,-0.023082444237750816,0.0005327992319889008,0.9994672007680111,0.2512571264189751,0.9888742013659396,False,330
2005-12-30,1148,1106,1190,top_6,0.737895485213429,True,1.1371552821348434,1.3763303856744336,-0.0037868776621749205,1.4340442428317779e-05,0.9999856595575717,0.7379191275610475,0.9888742013659396,False,330
2005-12-30,1148,1106,1190,flag_nested,0.6997338685490258,True,0.4850957807067967,0.5821408209397174,-0.011345251976287734,0.00012871474240538916,0.9998712852575946,0.6999465876935924,0.9888742013659396,False,330
2006-01-23,1162,1120,1204,market_1,0.11053587074919774,True,0.05201159275112356,0.05507690334465352,-0.1009354485622963,0.010187964776472103,0.9898120352235279,0.13462003181858379,0.9885437320995814,False,334
2006-01-23,1162,1120,1204,block_2_3,0.2961682501040185,True,0.1849053273361488,0.24195923889485232,,0.0,1.0,0.2961682501040185,0.9885437320995814,False,334
2006-01-23,1162,1120,1204,block_4_6,-0.6289158161331939,False,0.7337713572302041,0.8374216962810367,-0.004931232155105758,2.431705056749056e-05,0.9999756829494325,-0.628992476586559,0.9885437320995814,False,334
2006-01-23,1162,1120,1204,top_3,0.28118478590167706,True,0.19090966106438503,0.24759804112520023,-0.022650953091559494,0.0005130656759559926,0.999486934324044,0.2829130903887833,0.9885437320995814,False,334
2006-01-23,1162,1120,1204,top_6,-0.6290644340468172,False,0.7472552457600445,0.8473619163058789,-0.006506512595933515,4.2334706161106794e-05,0.9999576652938389,-0.6290481124632723,0.9885437320995814,False,334
2006-01-23,1162,1120,1204,flag_nested,-0.4959443749990403,False,0.32851043473391467,0.37833684040280424,-0.018015037577680474,0.0003245415789253636,0.9996754584210746,-0.49569970331788493,0.9885437320995814,False,334
2006-02-10,1176,1134,1218,market_1,0.0693254653100003,True,0.049579848721919395,0.05442207125803714,-0.17999736203025737,0.03239905033785151,0.9676009496621485,0.08659737766872763,0.9871903817706859,False,330
2006-02-10,1176,1134,1218,block_2_3,0.11179568704635273,True,0.2485172862481217,0.22326022299109732,,0.0,1.0,0.11179568704635273,0.9871903817706859,False,330
2006-02-10,1176,1134,1218,block_4_6,0.8699071599900471,True,1.5931348593818682,1.3290550234112877,0.004051598987029082,1.6415454351714764e-05,0.9999835845456483,0.8699079971906262,0.9871903817706859,False,330
2006-02-10,1176,1134,1218,top_3,0.10977781532640198,True,0.25243794157978566,0.22977446141788768,-0.042715367463521774,0.0018246026175436914,0.9981753973824563,0.11059714253493753,0.9871903817706859,False,330
2006-02-10,1176,1134,1218,top_6,0.8610380740409881,True,1.5941480517386075,1.3430919179652991,-0.007513380190642828,5.6450881889102966e-05,0.9999435491181109,0.8610900485709899,0.9871903817706859,False,330
2006-02-10,1176,1134,1218,flag_nested,0.8167470610674294,True,0.6687683714555445,0.5667537791939218,-0.02124855709638246,0.00045150117867820416,0.9995484988213218,0.8171257512338046,0.9871903817706859,False,330
2006-03-03,1190,1148,1232,market_1,0.04792898447412314,True,0.05483402131311691,0.05594480623309781,-0.10343317224885053,0.010698421121460355,0.9893015788785396,0.06436642630864686,0.9864350234475813,False,328
2006-03-03,1190,1148,1232,block_2_3,0.04450267360095383,True,0.24065926442642138,0.223848513442731,0.09001221880494607,0.008102199534189669,0.9918978004658103,0.045523235696309144,0.9864350234475813,False,328
2006-03-03,1190,1148,1232,block_4_6,0.7829983225187894,True,1.371984170448678,0.9067556606425533,-0.010501610129483429,0.00011028381531164033,0.9998897161846884,0.7831298846046689,0.9864350234475813,False,328
2006-03-03,1190,1148,1232,top_3,0.04586429565445686,True,0.2459691673109351,0.22897292662410412,-0.028727804248045895,0.0008252867369139549,0.999174713263086,0.046869851361554096,0.9864350234475813,False,328
2006-03-03,1190,1148,1232,top_6,0.7644142412803847,True,1.376330385674432,0.9270706870525417,-0.007046181204640969,4.964866956869152e-05,0.9999503513304313,0.7644893093317026,0.9864350234475813,False,328
2006-03-03,1190,1148,1232,flag_nested,0.6941406039758381,True,0.582140820939717,0.40478310840754367,-0.01829048634428604,0.0003345418907106934,0.9996654581092893,0.694674492275611,0.9864350234475813,False,328
2006-03-23,1204,1162,1246,market_1,0.05468646485403264,True,0.055076903344653524,0.05116700858760301,-0.02329632400470057,0.0005427187121319621,0.999457281287868,0.057918149173989235,0.9861202908129544,False,327
2006-03-23,1204,1162,1246,block_2_3,0.018994123158575495,True,0.24195923889485227,0.2981903377373426,0.046145396635880055,0.002129397630682761,0.9978706023693172,0.019067235761932182,0.9861202908129544,False,327
2006-03-23,1204,1162,1246,block_4_6,0.2295454655817008,True,0.8374216962810367,0.5402387511178601,,0.0,1.0,0.2295454655817008,0.9861202908129544,False,327
2006-03-23,1204,1162,1246,top_3,0.019290698773396692,True,0.2475980411252,0.30181169093850857,-0.005490097271600311,3.01411680515562e-05,0.9999698588319484,0.019441989495547977,0.9861202908129544,False,327
2006-03-23,1204,1162,1246,top_6,0.23546973877764005,True,0.8473619163058802,0.536490349438653,-0.0028940789257801683,8.375692828632708e-06,0.9999916243071714,0.23549938213798777,0.9861202908129544,False,327
2006-03-23,1204,1162,1246,flag_nested,0.1716338877354246,True,0.3783368404028047,0.2845203171485752,-0.0057480318193230805,3.3039869795858934e-05,0.9999669601302041,0.1717977551568531,0.9861202908129544,False,327
2006-04-12,1218,1176,1260,market_1,0.011559121025455208,True,0.054422071258037115,0.05034953526926796,-0.12264358641537128,0.015041449288824893,0.9849585507111751,0.011481572760917264,0.9869858055581783,False,329
2006-04-12,1218,1176,1260,block_2_3,-0.17586407645484645,False,0.2232602229910972,0.40329093724361614,0.023289038747695095,0.0005423793257917087,0.9994576206742083,-0.17615996963031155,0.9869858055581783,False,329
2006-04-12,1218,1176,1260,block_4_6,0.40986520666174897,True,1.329055023411286,0.6519316884120089,,0.0,1.0,0.40986520666174897,0.9869858055581783,False,329
2006-04-12,1218,1176,1260,top_3,-0.16909985371325786,False,0.2297744614178878,0.4061844925395956,-0.016065664145199388,0.00025810556442629196,0.9997418944355737,-0.1691251334760576,0.9869858055581783,False,329
2006-04-12,1218,1176,1260,top_6,0.47634581080311666,True,1.3430919179652971,0.5802667135818065,-0.011454480989101736,0.00013120513472975048,0.9998687948652702,0.47638021525560464,0.9869858055581783,False,329
2006-04-12,1218,1176,1260,flag_nested,0.29646985416504257,True,0.566753779193921,0.33711807947693817,-0.02290707913259908,0.0005247342743872618,0.9994752657256127,0.29654674122756797,0.9869858055581783,False,329
2006-05-03,1232,1190,1274,market_1,0.01901169533569372,True,0.055944806233097846,0.051415315920805046,-0.06382993339553893,0.004074260397278984,0.995925739602721,0.02596129641161568,0.9858999779687155,False,327
2006-05-03,1232,1190,1274,block_2_3,0.19947599675155991,True,0.223848513442731,0.3790685009106065,,0.0,1.0,0.19947599675155991,0.9858999779687155,False,327
2006-05-03,1232,1190,1274,block_4_6,-0.40759300252629105,False,0.9067556606425525,0.6359515579620041,,0.0,1.0,-0.40759300252629105,0.9858999779687155,False,327
2006-05-03,1232,1190,1274,top_3,0.1919671376464614,True,0.2289729266241043,0.3824027706807673,-0.008569098798982419,7.342945422672553e-05,0.9999265705457733,0.19225780772657763,0.9858999779687155,False,327
2006-05-03,1232,1190,1274,top_6,-0.4741630005780573,False,0.9270706870525408,0.5733045888211725,-0.005694986969625388,3.243287658405425e-05,0.999967567123416,-0.4741441571734881,0.9858999779687155,False,327
2006-05-03,1232,1190,1274,flag_nested,-0.2755661709828423,False,0.4047831084075434,0.32583306510120735,-0.012324586903158085,0.00015189544233340513,0.9998481045576666,-0.2754108813194696,0.9858999779687155,False,327
2006-05-23,1246,1204,1288,market_1,-0.04290877977903204,False,0.05116700858760301,0.05977858939930517,-0.09911728557639045,0.00982423630003193,0.9901757636999681,-0.04007829585579655,0.9868127026091336,False,330
2006-05-23,1246,1204,1288,block_2_3,0.5678711096400579,True,0.29819033773734294,0.3359398789343369,-0.013194293446333953,0.0001740893795478815,0.9998259106204521,0.5690138934256157,0.9868127026091336,False,330
2006-05-23,1246,1204,1288,block_4_6,-0.1468293536705866,False,0.5402387511178595,0.8790181296069168,,0.0,1.0,-0.1468293536705866,0.9868127026091336,False,330
2006-05-23,1246,1204,1288,top_3,0.5570683168749831,True,0.3018116909385089,0.3399048626624369,-0.01634116311481639,0.0002670336119450223,0.999732966388055,0.5572342913182453,0.9868127026091336,False,330
2006-05-23,1246,1204,1288,top_6,-0.27306026088289825,False,0.536490349438653,0.8561371316025517,-0.006532170201123028,4.266924753659751e-05,0.9999573307524634,-0.27305009348606135,0.9868127026091336,False,330
2006-05-23,1246,1204,1288,flag_nested,-0.01721518282611713,False,0.2845203171485753,0.4052740426623302,-0.017545111566087446,0.0003078309398665269,0.9996921690601335,-0.0171012601194162,0.9868127026091336,False,330
2006-06-13,1260,1218,1302,market_1,0.0713305488823777,True,0.05034953526926802,0.06362340094323982,-0.045831921795118885,0.0021005650554336563,0.9978994349445663,0.07150056271223908,0.9877411638812829,False,330
2006-06-13,1260,1218,1302,block_2_3,0.6153329759970836,True,0.4032909372436166,0.29248897510817656,,0.0,1.0,0.6153329759970836,0.9877411638812829,False,330
2006-06-13,1260,1218,1302,block_4_6,-0.18885863305994507,False,0.6519316884120094,0.6243937453486768,-0.028396529602824766,0.0008063628934841249,0.9991936371065159,-0.18915607731113532,0.9877411638812829,False,330
2006-06-13,1260,1218,1302,top_3,0.6094463881402742,True,0.40618449253959593,0.2960934767121739,-0.008996161876771512,8.09309285130233e-05,0.999919069071487,0.6094749342056084,0.9877411638812829,False,330
2006-06-13,1260,1218,1302,top_6,-0.3905410500368048,False,0.5802667135818068,0.6134576915765949,-0.004904198405956351,2.405116200487889e-05,0.9999759488379951,-0.3905435910339524,0.9877411638812829,False,330
2006-06-13,1260,1218,1302,flag_nested,0.014273312555805927,True,0.3371180794769385,0.30982808570318354,-0.011345858086489333,0.0001287284957187662,0.9998712715042812,0.014279865372553642,0.9877411638812829,False,330
2006-07-03,1274,1232,1316,market_1,0.15740086114833207,True,0.05141531592080502,0.06872477642829894,-0.007193455075728595,5.174579592670536e-05,0.9999482542040733,0.1586524585735944,0.9885437320995814,False,333
2006-07-03,1274,1232,1316,block_2_3,0.2116863461467183,True,0.3790685009106065,0.23955203171999873,,0.0,1.0,0.2116863461467183,0.9885437320995814,False,333
2006-07-03,1274,1232,1316,block_4_6,0.5786191072066423,True,0.635951557962004,1.3040757960972476,-0.011328484076286956,0.00012833455146665784,0.9998716654485333,0.5785816691982523,0.9885437320995814,False,333
2006-07-03,1274,1232,1316,top_3,0.2151453149953634,True,0.38240277068076756,0.241507107176835,0.0027709621062656934,7.67823099456777e-06,0.9999923217690054,0.2151284421875287,0.9885437320995814,False,333
2006-07-03,1274,1232,1316,top_6,0.6171389193542286,True,0.573304588821173,1.311495091257899,0.0016978649675178403,2.882745447796431e-06,0.9999971172545522,0.617147384358702,0.9885437320995814,False,333
2006-07-03,1274,1232,1316,flag_nested,0.46524005772615834,True,0.3258330651012076,0.557525680932895,0.00014432730293041066,2.0830370428548406e-08,0.9999999791696296,0.4653055398017018,0.9885437320995814,False,333
2006-07-24,1288,1246,1330,market_1,0.21232524006063402,True,0.05977858939930522,0.06401986509101654,0.07767070055389307,0.006032737724532611,0.9939672622754674,0.20890764325419692,0.9894721933717308,False,334
2006-07-24,1288,1246,1330,block_2_3,0.06236767444575673,True,0.3359398789343369,0.23090690051971932,,0.0,1.0,0.06236767444575673,0.9894721933717308,False,334
2006-07-24,1288,1246,1330,block_4_6,0.6209876410250319,True,0.8790181296069177,0.5854612941055686,0.019302269673306064,0.0003725776145412363,0.9996274223854588,0.6208172878590416,0.9894721933717308,False,334
2006-07-24,1288,1246,1330,top_3,0.06317418077224887,True,0.3399048626624371,0.23421738295182262,0.021984688973515847,0.0004833265492621974,0.9995166734507378,0.06294755265482292,0.9894721933717308,False,334
2006-07-24,1288,1246,1330,top_6,0.5891588879878037,True,0.8561371316025528,0.6141320491626243,0.006698460604167734,4.48693744655726e-05,0.9999551306255344,0.5891577855128891,0.9894721933717308,False,334
2006-07-24,1288,1246,1330,flag_nested,0.4573554249153632,True,0.40527404266233064,0.29196603612975186,0.02062380215232573,0.00042534121521842216,0.9995746587847816,0.4572688043869112,0.9894721933717308,False,334
2006-08-11,1302,1260,1344,market_1,0.27080528390784464,True,0.06362340094323977,0.06043091900568421,-0.0376317416956604,0.0014161479830488988,0.9985838520169511,0.2747831949513503,0.9885909419947755,False,331
2006-08-11,1302,1260,1344,block_2_3,0.01238489809683182,True,0.29248897510817634,0.2331533479973259,-0.13972406228310266,0.019522813580892362,0.9804771864191076,0.0068961246940049065,0.9885909419947755,False,331
2006-08-11,1302,1260,1344,block_4_6,0.5143755804804127,True,0.6243937453486769,0.6248929785008568,0.01781889433364301,0.0003175129952734945,0.9996824870047265,0.51414979546092,0.9885909419947755,False,331
2006-08-11,1302,1260,1344,top_3,0.014482138140709888,True,0.2960934767121738,0.23695620817848007,-0.003122977092522097,9.752985920541413e-06,0.9999902470140795,0.014543763635769423,0.9885909419947755,False,331
2006-08-11,1302,1260,1344,top_6,0.49766709510914137,True,0.613457691576595,0.6506212246194999,-0.0012167910295115107,1.480580409385368e-06,0.9999985194195906,0.49769566149882855,0.9885909419947755,False,331
2006-08-11,1302,1260,1344,flag_nested,0.3651419748055643,True,0.30982808570318354,0.304826683801701,-0.007106593544535474,5.050367180703397e-05,0.999949496328193,0.36537082663756,0.9885909419947755,False,331
2006-08-31,1316,1274,1358,market_1,0.20351221094936364,True,0.06872477642829891,0.05953332220744588,-0.009575515093964548,9.169048931478851e-05,0.9999083095106852,0.20467042693247195,0.98747364114185,False,334
2006-08-31,1316,1274,1358,block_2_3,0.057034240351825416,True,0.2395520317199986,0.2458198034147706,-0.08199475165673008,0.006723139299248837,0.9932768607007512,0.04538016535628268,0.98747364114185,False,334
2006-08-31,1316,1274,1358,block_4_6,-0.10725971871899442,False,1.3040757960972469,0.49778282606728064,0.04495462716709898,0.0020209185037328714,0.9979790814962671,-0.10783629034096519,0.98747364114185,False,334
2006-08-31,1316,1274,1358,top_3,0.05210878269302086,True,0.24150710717683488,0.25151076189582305,0.0039023259779850192,1.522814803844863e-05,0.9999847718519616,0.052013379309471156,0.98747364114185,False,334
2006-08-31,1316,1274,1358,top_6,-0.10479014356577662,False,1.3114950912578982,0.5185451325304291,0.0018681990589106566,3.4901677237186846e-06,0.9999965098322763,-0.10480112956040803,0.98747364114185,False,334
2006-08-31,1316,1274,1358,flag_nested,-0.06799359821218867,False,0.5575256809328947,0.2635240912099463,-0.0002563607580873776,6.572083832701026e-08,0.9999999342791617,-0.0679955389332305,0.98747364114185,False,334
2006-09-21,1330,1288,1372,market_1,0.20430631709977154,True,0.06401986509101652,0.055574885727418706,0.030109773028765746,0.0009065984318437081,0.9990934015681563,0.20322611099924084,0.9847354672205961,False,335
2006-09-21,1330,1288,1372,block_2_3,0.15502494656775412,True,0.23090690051971935,0.1926217783399756,0.09068161129103783,0.008223154626339046,0.991776845373661,0.14392038818886127,0.9847354672205961,False,335
2006-09-21,1330,1288,1372,block_4_6,0.6277150032362143,True,0.5854612941055681,0.5831053533700737,0.011362570961299471,0.00012910801885057666,0.9998708919811494,0.6277539560234694,0.9847354672205961,False,335
2006-09-21,1330,1288,1372,top_3,0.1364667481634752,True,0.2342173829518225,0.19884797267111207,0.004403891172334511,1.939425745756118e-05,0.9999806057425424,0.13645157339531572,0.9847354672205961,False,335
2006-09-21,1330,1288,1372,top_6,0.5608459227973708,True,0.614132049162624,0.6072572925675804,0.0013123324901316022,1.722216564470358e-06,0.9999982777834355,0.5608452205701552,0.9847354672205961,False,335
2006-09-21,1330,1288,1372,flag_nested,0.4632124340121259,True,0.2919660361297517,0.27879916887400763,0.006145203098242264,3.7763521118727716e-05,0.9999622364788813,0.46318373788445366,0.9847354672205961,False,335
2006-10-11,1344,1302,1386,market_1,0.17869261170842482,True,0.060430919005684224,0.055118605242615776,0.009422501427356966,8.878353314878407e-05,0.9999112164668512,0.18017003139222987,0.9839328990022975,False,332
2006-10-11,1344,1302,1386,block_2_3,0.14790218576576827,True,0.2331533479973257,0.1772522085098474,0.04977862712985852,0.002477911718933301,0.9975220882810667,0.14284864058468288,0.9839328990022975,False,332
2006-10-11,1344,1302,1386,block_4_6,0.355861388444869,True,0.6248929785008563,0.5715051843645257,0.013043361928462203,0.00017012929039672553,0.9998298707096033,0.3559659168737437,0.9839328990022975,False,332
2006-10-11,1344,1302,1386,top_3,0.14452275076920093,True,0.23695620817847987,0.18543801621352402,0.0028124514406885235,7.909883106171911e-06,0.9999920901168938,0.14454656307941105,0.9839328990022975,False,332
2006-10-11,1344,1302,1386,top_6,0.32045279890062506,True,0.6506212246194993,0.5968415423058765,0.0007190280681007417,5.170013624988812e-07,0.9999994829986375,0.32048659543485614,0.9839328990022975,False,332
2006-10-11,1344,1302,1386,flag_nested,0.28306363297781406,True,0.3048266838017008,0.2717911901318792,0.0022973814722155707,5.277961628857852e-06,0.9999947220383711,0.28325043820328755,0.9839328990022975,False,332
2006-10-31,1358,1316,1400,market_1,0.17270499507771533,True,0.05953332220744585,0.05441499720153272,-0.11126079213193182,0.012378963865825043,0.987621036134175,0.17416383882370154,0.9831145941522677,False,327
2006-10-31,1358,1316,1400,block_2_3,0.12985829638947513,True,0.2458198034147707,0.16365590487608003,0.056011270446390475,0.003137262417018616,0.9968627375829814,0.1262974814660612,0.9831145941522677,False,327
2006-10-31,1358,1316,1400,block_4_6,-0.007477413777373271,False,0.49778282606728047,0.4676549263764135,,0.0,1.0,-0.007477413777373271,0.9831145941522677,False,327
2006-10-31,1358,1316,1400,top_3,0.12545306278681148,True,0.25151076189582317,0.17185386489579657,-0.03557698541275956,0.001265721891059779,0.9987342781089402,0.1255365909810091,0.9831145941522677,False,327
2006-10-31,1358,1316,1400,top_6,0.029238719743982015,True,0.5185451325304298,0.49234484612960616,-0.0123145910914028,0.00015164915374843435,0.9998483508462516,0.029239061627820504,0.9831145941522677,False,327
2006-10-31,1358,1316,1400,flag_nested,0.05940694103872539,True,0.26352409120994646,0.23066458361015887,-0.032221607580758295,0.0010382319950885677,0.9989617680049114,0.059457578651977705,0.9831145941522677,False,327
2006-11-20,1372,1330,1414,market_1,0.13786420643647038,True,0.055574885727418664,0.058638743695837714,0.03028436528941817,0.0009171427809827604,0.9990828572190172,0.13557482170583296,0.9830201743618796,False,331
2006-11-20,1372,1330,1414,block_2_3,0.18755190456403165,True,0.19262177833997557,0.20332286370508976,,0.0,1.0,0.18755190456403165,0.9830201743618796,False,331
2006-11-20,1372,1330,1414,block_4_6,0.07221317623204435,True,0.5831053533700739,0.4243478872675825,,0.0,1.0,0.07221317623204435,0.9830201743618796,False,331
2006-11-20,1372,1330,1414,top_3,0.18245948176528626,True,0.1988479726711121,0.2108377138361625,0.00842309385986477,7.094851017230841e-05,0.9999290514898277,0.18230225661962002,0.9830201743618796,False,331
2006-11-20,1372,1330,1414,top_6,0.06726523727187181,True,0.6072572925675802,0.44200158656097654,0.003941516915424245,1.5535555594525796e-05,0.9999844644444055,0.06722970524365111,0.9830201743618796,False,331
2006-11-20,1372,1330,1414,flag_nested,0.09559835942904353,True,0.2787991688740075,0.2254260777753602,0.009627913612883933,9.269672053713318e-05,0.9999073032794629,0.09539437245415927,0.9830201743618796,False,331
2006-12-11,1386,1344,1428,market_1,0.13603706460535808,True,0.0551186052426158,0.05772964992751294,0.02463348428135923,0.0006068085478400098,0.99939319145216,0.13536838634196752,0.9831460674157303,False,327
2006-12-11,1386,1344,1428,block_2_3,0.11654218199158231,True,0.17725220850984763,0.20602315583583908,,0.0,1.0,0.11654218199158231,0.9831460674157303,False,327
2006-12-11,1386,1344,1428,block_4_6,-0.026312745364918722,False,0.5715051843645254,0.45708078563680654,,0.0,1.0,-0.026312745364918722,0.9831460674157303,False,327
2006-12-11,1386,1344,1428,top_3,0.11925621261736759,True,0.18543801621352413,0.2122860510001038,0.00779617857870282,6.078040043100419e-05,0.999939219599569,0.11919060871423369,0.9831460674157303,False,327
2006-12-11,1386,1344,1428,top_6,-0.01433054976546594,False,0.5968415423058768,0.4658029351009344,0.0029100643753575493,8.468474668732462e-06,0.9999915315253313,-0.014340657635837754,0.9831460674157303,False,327
2006-12-11,1386,1344,1428,flag_nested,0.02101697458243445,True,0.2717911901318793,0.23348782414064684,0.007692166643525281,5.916942767192346e-05,0.9999408305723281,0.020956532699146418,0.9831460674157303,False,327
2007-01-03,1400,1358,1442,market_1,0.0934762682470452,True,0.05441499720153277,0.05676099635812329,0.024900352883408534,0.0006200275737182626,0.9993799724262817,0.09106247629422513,0.9828785446762975,False,328
2007-01-03,1400,1358,1442,block_2_3,0.124764569672324,True,0.16365590487608,0.18606379800995232,,0.0,1.0,0.124764569672324,0.9828785446762975,False,328
2007-01-03,1400,1358,1442,block_4_6,0.11718791245130743,True,0.46765492637641337,0.4585697534671419,,0.0,1.0,0.11718791245130743,0.9828785446762975,False,328
2007-01-03,1400,1358,1442,top_3,0.12279165191596249,True,0.17185386489579654,0.19324750525050005,0.0073222267725434435,5.3615004908302843e-05,0.9999463849950917,0.12259722670309002,0.9828785446762975,False,328
2007-01-03,1400,1358,1442,top_6,0.10478959573062319,True,0.492344846129606,0.4848127276506574,0.0030559239011562493,9.338670889591505e-06,0.9999906613291104,0.10475732459685066,0.9828785446762975,False,328
2007-01-03,1400,1358,1442,flag_nested,0.10768145695902645,True,0.23066458361015882,0.23418776003759456,0.007433091859438382,5.525085459079371e-05,0.9999447491454092,0.10748235998779887,0.9828785446762975,False,328
2007-01-24,1414,1372,1456,market_1,0.02273777514556971,True,0.058638743695837804,0.055770375781307696,-0.10353195622535778,0.010718865959849389,0.9892811340401506,0.03361999498986304,0.9815094577156706,False,328
2007-01-24,1414,1372,1456,block_2_3,0.033592320095388636,True,0.20332286370508973,0.18777816897829339,,0.0,1.0,0.033592320095388636,0.9815094577156706,False,328
2007-01-24,1414,1372,1456,block_4_6,-0.030754235829050496,False,0.42434788726758277,0.48533469087791775,0.02712482066970547,0.0007357558963636546,0.9992642441036363,-0.030553785555448115,0.9815094577156706,False,328
2007-01-24,1414,1372,1456,top_3,0.036042588489706734,True,0.21083771383616262,0.19509528777068819,-0.02981540491321675,0.0008889583701392478,0.9991110416298608,0.03691032111355644,0.9815094577156706,False,328
2007-01-24,1414,1372,1456,top_6,-0.024630228216536862,False,0.4420015865609767,0.5105125113755447,-0.011404825539497744,0.00013007004558629465,0.9998699299544137,-0.024478984153094383,0.9815094577156706,False,328
2007-01-24,1414,1372,1456,flag_nested,-0.006520517208508674,False,0.2254260777753603,0.24338220141043954,-0.029130824563632602,0.000848604939757136,0.9991513950602429,-0.005582820154484307,0.9815094577156706,False,328
2007-02-13,1428,1386,1470,market_1,-0.015700622015473693,False,0.05772964992751291,0.06492015895879485,-0.06938888944128059,0.004814817977894181,0.9951851820221058,-0.012214543661943496,0.981210461712775,False,324
2007-02-13,1428,1386,1470,block_2_3,0.1582341786295418,True,0.20602315583583938,0.20456747340442014,,0.0,1.0,0.1582341786295418,0.981210461712775,False,324
2007-02-13,1428,1386,1470,block_4_6,-0.04342704675355354,False,0.4570807856368067,0.5313278184904752,-0.0476639776210054,0.0022718547626557895,0.9977281452373442,-0.042680342515002044,0.981210461712775,False,324
2007-02-13,1428,1386,1470,top_3,0.14480219707305753,True,0.21228605100010417,0.21246613519428761,-0.021249476827378027,0.0004515402654372558,0.9995484597345627,0.1451453393216742,0.981210461712775,False,324
2007-02-13,1428,1386,1470,top_6,-0.058746685013696585,False,0.4658029351009348,0.5570483512748503,-0.004939448321011798,2.4398149715776363e-05,0.9999756018502842,-0.05872153569595755,0.981210461712775,False,324
2007-02-13,1428,1386,1470,flag_nested,-0.006789692043049282,False,0.23348782414064712,0.2664189511221736,-0.019825314757949956,0.00039304310525156705,0.9996069568947484,-0.006490504267642179,0.981210461712775,False,324
2007-03-06,1442,1400,1484,market_1,-0.04781583835048156,False,0.05676099635812329,0.0649600447299128,0.0021090564820014663,4.448119244160331e-06,0.9999955518807558,-0.04797722575484354,0.9847826771157902,False,334
2007-03-06,1442,1400,1484,block_2_3,0.03314427851957992,True,0.18606379800995215,0.183845813107217,0.014058205682332528,0.000197633147006826,0.9998023668529932,0.03430367141918604,0.9847826771157902,False,334
2007-03-06,1442,1400,1484,block_4_6,0.06715855013419784,True,0.4585697534671423,0.46950921766277065,,0.0,1.0,0.06715855013419784,0.9847826771157902,False,334
2007-03-06,1442,1400,1484,top_3,0.03354722819914932,True,0.1932475052504999,0.19291104288042316,0.0012684165580532254,1.6088805648850624e-06,0.9999983911194351,0.03353185980036325,0.9847826771157902,False,334
2007-03-06,1442,1400,1484,top_6,0.055827764710870365,True,0.48481272765065764,0.5007515355270643,0.0001763142532313302,3.1086715979178337e-08,0.999999968913284,0.05582775798483381,0.9847826771157902,False,334
2007-03-06,1442,1400,1484,flag_nested,0.04415841392449768,True,0.23418776003759464,0.24169549910683463,0.0007880774047792145,6.210659958538756e-07,0.9999993789340041,0.04415158813150074,0.9847826771157902,False,334
2007-03-26,1456,1414,1498,market_1,0.09670700541119094,True,0.055770375781307696,0.06003052780925392,-0.05015704756548245,0.002515729420486168,0.9974842705795138,0.09780879040876554,0.9840115821609543,False,325
2007-03-26,1456,1414,1498,block_2_3,0.07042498685744948,True,0.1877781689782935,0.18921361757657457,,0.0,1.0,0.07042498685744948,0.9840115821609543,False,325
2007-03-26,1456,1414,1498,block_4_6,-0.0202432544156332,False,0.4853346908779173,0.4634929884259324,-0.0014157305906050057,2.004293105151156e-06,0.9999979957068948,-0.0202726310834807,0.9840115821609543,False,325
2007-03-26,1456,1414,1498,top_3,0.08014945421944752,True,0.19509528777068819,0.1973192896178182,-0.015620525877985373,0.0002440008287050155,0.999755999171295,0.080255472868539,0.9840115821609543,False,325
2007-03-26,1456,1414,1498,top_6,-0.032449746578276886,False,0.5105125113755444,0.4898833557774145,-0.004805469983732971,2.3092541764579977e-05,0.9999769074582354,-0.03243157090175363,0.9840115821609543,False,325
2007-03-26,1456,1414,1498,flag_nested,-5.540864637807661e-06,False,0.2433822014104394,0.23786462956642915,-0.015209864138784479,0.00023133996712021432,0.9997686600328798,8.607341666523495e-05,0.9840115821609543,False,325
2007-04-16,1470,1428,1512,market_1,-0.11935192461322308,False,0.06492015895879484,0.0599622439601625,-0.04955859726094805,0.002456054562472665,0.9975439454375273,-0.11637838659517567,0.983633902999402,False,325
2007-04-16,1470,1428,1512,block_2_3,-0.042994206895481585,False,0.20456747340441978,0.22014497706373676,0.04373822637727793,0.001913032446629881,0.9980869675533701,-0.04283102701259295,0.983633902999402,False,325
2007-04-16,1470,1428,1512,block_4_6,-0.07140692222100474,False,0.5313278184904748,0.36249723917507154,-0.03010827909114365,0.0009065084698302028,0.9990934915301698,-0.07020050078135619,0.983633902999402,False,325
2007-04-16,1470,1428,1512,top_3,-0.028703027752356752,False,0.21246613519428728,0.22540499632229435,-0.013894750017047387,0.0001930640780363202,0.9998069359219637,-0.028422615845501487,0.983633902999402,False,325
2007-04-16,1470,1428,1512,top_6,-0.07639448868879269,False,0.5570483512748502,0.37720546473182126,-0.007341360664016865,5.3895576399121126e-05,0.9999461044236009,-0.07635039455774825,0.983633902999402,False,325
2007-04-16,1470,1428,1512,flag_nested,-0.06420710463687257,False,0.2664189511221735,0.21034559323570526,-0.017378948123710387,0.00030202783788668697,0.9996979721621133,-0.06388235287287057,0.983633902999402,False,325
2007-05-04,1484,1442,1526,market_1,-0.12319705398160699,False,0.06496004472991279,0.06442187795107412,-0.09562373087829908,0.009143897907085252,0.9908561020929147,-0.11735139117273179,0.9847826771157902,False,324
2007-05-04,1484,1442,1526,block_2_3,-0.052045145306682354,False,0.1838458131072171,0.1909403762877863,,0.0,1.0,-0.052045145306682354,0.9847826771157902,False,324
2007-05-04,1484,1442,1526,block_4_6,-0.052490399772718355,False,0.4695092176627704,0.333546643880517,-0.01661331690141848,0.00027600229846691526,0.9997239977015331,-0.05308012511725676,0.9847826771157902,False,324
2007-05-04,1484,1442,1526,top_3,-0.029749804627102992,False,0.1929110428804231,0.19575693673172664,-0.03164248323919735,0.0010012467455430274,0.998998753254457,-0.029045591395553693,0.9847826771157902,False,324
2007-05-04,1484,1442,1526,top_6,-0.053058510532032185,False,0.5007515355270643,0.37047388701411615,-0.016414217566032237,0.0002694265383053063,0.9997305734616947,-0.05289038931262384,0.9847826771157902,False,324
2007-05-04,1484,1442,1526,flag_nested,-0.052482588776063016,False,0.24169549910683452,0.1994966698422913,-0.037811329585556476,0.0014296966450275672,0.9985703033549724,-0.05165064382359275,0.9847826771157902,False,324
2007-05-24,1498,1456,1540,market_1,-0.05161136945255511,False,0.060030527809253914,0.07323621548969417,-0.10900875658170604,0.011882909011489695,0.9881170909885103,-0.04226383309158675,0.9857426116514021,False,324
2007-05-24,1498,1456,1540,block_2_3,0.008724730080547709,True,0.18921361757657448,0.19363089246919896,,0.0,1.0,0.008724730080547709,0.9857426116514021,False,324
2007-05-24,1498,1456,1540,block_4_6,-0.05827695385539654,False,0.46349298842593284,0.3488517063816951,0.0009334624135850618,8.71352077602694e-07,0.9999991286479224,-0.05828307235672579,0.9857426116514021,False,324
2007-05-24,1498,1456,1540,top_3,0.009478580415769235,True,0.19731928961781817,0.19657531024139316,-0.04050194234613686,0.00164040733380999,0.99835959266619,0.010638724448262337,0.9857426116514021,False,324
2007-05-24,1498,1456,1540,top_6,-0.06551627679232061,False,0.489883355777415,0.38860422329633537,-0.020487177519052286,0.0004197244426972224,0.9995802755573028,-0.06532053190766268,0.9857426116514021,False,324
2007-05-24,1498,1456,1540,flag_nested,-0.044048417089774666,False,0.23786462956642931,0.20835794805744975,-0.046884301559733284,0.002198137732744021,0.997801862267256,-0.04280982244161476,0.9857426116514021,False,324
2007-06-14,1512,1470,1554,market_1,0.2219599497887311,True,0.05996224396016254,0.0698019756507226,-0.1458063442723995,0.02125949003008154,0.9787405099699185,0.22828585554780134,0.9881817895697604,False,330
2007-06-14,1512,1470,1554,block_2_3,-0.2979147217466346,False,0.22014497706373679,0.20796008077561834,-0.1885655960857516,0.035556984027174776,0.9644430159728252,-0.32586956596247224,0.9881817895697604,False,330
2007-06-14,1512,1470,1554,block_4_6,-0.10116871502350741,False,0.3624972391750716,0.39623583142131324,0.015998583464147842,0.0002559546728593265,0.9997440453271407,-0.10060987185301849,0.9881817895697604,False,330
2007-06-14,1512,1470,1554,top_3,-0.3037159125687299,False,0.2254049963222944,0.2124234628430018,-0.04548229696040353,0.0020686393367942424,0.9979313606632058,-0.30369963299660474,0.9881817895697604,False,330
2007-06-14,1512,1470,1554,top_6,-0.007540182460402023,False,0.3772054647318214,0.4227290120775995,-0.02343135456473226,0.0005490283767382031,0.9994509716232618,-0.007423045954289254,0.9881817895697604,False,330
2007-06-14,1512,1470,1554,flag_nested,-0.08783640274891985,False,0.2103455932357053,0.22292792841820427,-0.05511833774502056,0.003038031155774057,0.9969619688442259,-0.08744985307826189,0.9881817895697604,False,330
2007-07-05,1526,1484,1568,market_1,0.22197137689561228,True,0.06442187795107415,0.05906489184711863,-0.1584029063902859,0.025091480752889583,0.9749085192471104,0.23529705494910466,0.9895508765303874,False,334
2007-07-05,1526,1484,1568,block_2_3,-0.1123534119061063,False,0.19094037628778648,0.22134955286394212,0.10915601436497711,0.011915035472047197,0.9880849645279528,-0.13117342130272358,0.9895508765303874,False,334
2007-07-05,1526,1484,1568,block_4_6,0.01366667194136908,True,0.3335466438805174,0.44055433190078824,0.007907291891935555,6.252526506433931e-05,0.9999374747349357,0.013693412096258724,0.9895508765303874,False,334
2007-07-05,1526,1484,1568,top_3,-0.1223497826308454,False,0.19575693673172667,0.22692720969853547,-0.04474962994907861,0.002002529380579432,0.9979974706194206,-0.12185564593059586,0.9895508765303874,False,334
2007-07-05,1526,1484,1568,top_6,0.04666434472408372,True,0.37047388701411643,0.4645446260622755,-0.021876414139778495,0.00047857749561508456,0.9995214225043849,0.046833108445585206,0.9895508765303874,False,334
2007-07-05,1526,1484,1568,flag_nested,0.00782424734217773,True,0.19949666984229142,0.23795153403579772,-0.04952990141602572,0.002453211134281208,0.9975467888657188,0.008928868901296697,0.9895508765303874,False,334
2007-07-25,1540,1498,1582,market_1,0.1736021730213103,True,0.07323621548969417,0.04869352719467681,-0.042843896178536615,0.0018355994397574182,0.9981644005602426,0.1717127333512529,0.991313379284298,False,336
2007-07-25,1540,1498,1582,block_2_3,0.0656991374328952,True,0.19363089246919896,0.19165756602056622,,0.0,1.0,0.0656991374328952,0.991313379284298,False,336
2007-07-25,1540,1498,1582,block_4_6,-0.15320872065058252,False,0.3488517063816949,0.4733291474742679,-0.0005963400090935589,3.556214065447705e-07,0.9999996443785935,-0.1532122234227892,0.991313379284298,False,336
2007-07-25,1540,1498,1582,top_3,0.06929838490374592,True,0.1965753102413932,0.1975267580467019,-0.010707521513834977,0.00011465101696905844,0.9998853489830309,0.06910505175798785,0.991313379284298,False,336
2007-07-25,1540,1498,1582,top_6,-0.11165554085299757,False,0.3886042232963352,0.5027805469370425,-0.004222040732859548,1.7825627949830114e-05,0.9999821743720502,-0.11170377826743194,0.991313379284298,False,336
2007-07-25,1540,1498,1582,flag_nested,-0.04242710313893718,False,0.2083579480574497,0.23980835272189913,-0.010708115305892411,0.00011466373340440761,0.9998853362665956,-0.04268622805296686,0.991313379284298,False,336
2007-08-14,1554,1512,1596,market_1,0.035139084800705524,True,0.0698019756507226,0.04726258289719029,-0.13532381727158502,0.018312535520953577,0.9816874644790464,0.044802572343499776,0.9929185157208951,False,338
2007-08-14,1554,1512,1596,block_2_3,-0.09733533710295493,False,0.20796008077561826,0.2288327057911675,,0.0,1.0,-0.09733533710295493,0.9929185157208951,False,338
2007-08-14,1554,1512,1596,block_4_6,-0.13356050768272207,False,0.3962358314213129,0.7059561030022732,0.004742852319222789,2.249464812198454e-05,0.999977505351878,-0.13362632325901785,0.9929185157208951,False,338
2007-08-14,1554,1512,1596,top_3,-0.08384926372938353,False,0.21242346284300168,0.23342216096833912,-0.02717375390514332,0.0007384129012972807,0.9992615870987027,-0.0833267677249606,0.9929185157208951,False,338
2007-08-14,1554,1512,1596,top_6,-0.10262733580393545,False,0.42272901207759894,0.7151735719034416,-0.008763375709014934,7.679675381733198e-05,0.9999232032461827,-0.10254672850423655,0.9929185157208951,False,338
2007-08-14,1554,1512,1596,flag_nested,-0.0888949358731916,False,0.22292792841820408,0.3250250141307251,-0.024002235003871573,0.0005761072851809823,0.999423892714819,-0.08833942096009542,0.9929185157208951,False,338
2007-09-04,1568,1526,1610,market_1,0.17793107589232754,True,0.05906489184711863,0.04312601400934715,-0.07513624401771685,0.005645455165089963,0.99435454483491,0.17517346132439404,0.9944921788940295,False,342
2007-09-04,1568,1526,1610,block_2_3,0.08947708238319764,True,0.2213495528639419,0.2468564890527763,,0.0,1.0,0.08947708238319764,0.9944921788940295,False,342
2007-09-04,1568,1526,1610,block_4_6,-0.07959272967154041,False,0.4405543319007883,0.7960927487583511,0.00512734870959029,2.6289704789683732e-05,0.9999737102952103,-0.07950000976339065,0.9944921788940295,False,342
2007-09-04,1568,1526,1610,top_3,0.09355914240136563,True,0.22692720969853555,0.25052242332658214,-0.013018443318268352,0.00016947986643101043,0.999830520133569,0.0933992215294952,0.9944921788940295,False,342
2007-09-04,1568,1526,1610,top_6,-0.06394326812454597,False,0.46454462606227553,0.7956051419649598,-0.004094628564733743,1.6765983083200098e-05,0.9999832340169168,-0.06397042231260058,0.9944921788940295,False,342
2007-09-04,1568,1526,1610,flag_nested,-0.020095761635143993,False,0.23795153403579777,0.3581595616495384,-0.011103085732740275,0.0001232785127885938,0.9998767214872114,-0.02025935163931352,0.9944921788940295,False,342
2007-09-24,1582,1540,1624,market_1,0.23614353035392432,True,0.04869352719467684,0.04849990757281147,-0.08808735869138279,0.007759382761224343,0.9922406172387757,0.23548401921164724,0.9953104837440594,False,335
2007-09-24,1582,1540,1624,block_2_3,0.04311104382944628,True,0.1916575660205661,0.3343322092898152,,0.0,1.0,0.04311104382944628,0.9953104837440594,False,335
2007-09-24,1582,1540,1624,block_4_6,0.33748394751402616,True,0.47332914747426846,0.6609862869018386,-0.0019247267192152616,3.7045729435192243e-06,0.9999962954270565,0.33748068131805137,0.9953104837440594,False,335
2007-09-24,1582,1540,1624,top_3,0.048087676859255496,True,0.1975267580467018,0.337457669225714,-0.013235069852221528,0.00017516707399323206,0.9998248329260068,0.04803354750478687,0.9953104837440594,False,335
2007-09-24,1582,1540,1624,top_6,0.35819442458225476,True,0.5027805469370427,0.6348621271458683,-0.006848447555183322,4.690123391615231e-05,0.9999530987660838,0.35818922747151455,0.9953104837440594,False,335
2007-09-24,1582,1540,1624,flag_nested,0.26305621473547214,True,0.23980835272189915,0.32785126803936243,-0.016152102681435233,0.00026089042103183413,0.9997391095789682,0.2630185048712683,0.9953104837440594,False,335
2007-10-12,1596,1554,1638,market_1,0.03404676103782833,True,0.047262582897190306,0.053863769954373454,-0.07440537482698588,0.005536159803144147,0.9944638401968559,0.03233064046604874,0.995153117426746,False,335
2007-10-12,1596,1554,1638,block_2_3,0.45495322990350645,True,0.22883270579116755,0.33600190718716094,,0.0,1.0,0.45495322990350645,0.995153117426746,False,335
2007-10-12,1596,1554,1638,block_4_6,0.25955049705867245,True,0.7059561030022735,0.5146403749311385,0.006114409718677147,3.7386006207951183e-05,0.999962613993792,0.25963419319546555,0.995153117426746,False,335
2007-10-12,1596,1554,1638,top_3,0.4488024609357907,True,0.2334221609683392,0.3385757856620606,-0.011575887894824626,0.0001340011805535113,0.9998659988194465,0.4487770420789634,0.995153117426746,False,335
2007-10-12,1596,1554,1638,top_6,0.19695428715662,True,0.7151735719034418,0.47924109798360054,-0.007823365133792243,6.120504201656551e-05,0.9999387949579834,0.196950482158698,0.995153117426746,False,335
2007-10-12,1596,1554,1638,flag_nested,0.25289774253997094,True,0.3250250141307252,0.28176437838262314,-0.017210310751797433,0.0002961947961735989,0.9997038052038264,0.2528631311327085,0.995153117426746,False,335
2007-11-01,1610,1568,1652,market_1,0.24546443856377873,True,0.04312601400934717,0.05556105438627538,-0.05789662869430343,0.0033520196141663128,0.9966479803858337,0.2453822497949367,0.9954835866931042,False,336
2007-11-01,1610,1568,1652,block_2_3,0.6161650999434094,True,0.24685648905277616,0.40269355435364224,,0.0,1.0,0.6161650999434094,0.9954835866931042,False,336
2007-11-01,1610,1568,1652,block_4_6,0.18990324083959373,True,0.7960927487583508,0.5193351164536656,-0.015125756515461353,0.0002287885101649456,0.999771211489835,0.18986481378484868,0.9954835866931042,False,336
2007-11-01,1610,1568,1652,top_3,0.6071296772314986,True,0.25052242332658203,0.40580871674746277,-0.008914888121481362,7.9475230218784e-05,0.9999205247697812,0.6071433206286676,0.9954835866931042,False,336
2007-11-01,1610,1568,1652,top_6,0.10609202872284525,True,0.7956051419649598,0.4429845483995463,-0.007570637182771618,5.731454735324881e-05,0.9999426854526468,0.10609311203673633,0.9954835866931042,False,336
2007-11-01,1610,1568,1652,flag_nested,0.25398910077265485,True,0.35815956164953827,0.30114197202324217,-0.01350691442071338,0.00018243673716866748,0.9998175632628313,0.2539966917644118,0.9954835866931042,False,336
2007-11-21,1624,1582,1666,market_1,0.2502432369234222,True,0.04849990757281144,0.05174975882902938,-0.08201712562997762,0.006726808896603598,0.9932731911033964,0.2628504790920173,0.9949328045825072,False,331
2007-11-21,1624,1582,1666,block_2_3,0.48093873279277943,True,0.33433220928981516,0.43648109989229616,,0.0,1.0,0.48093873279277943,0.9949328045825072,False,331
2007-11-21,1624,1582,1666,block_4_6,0.3802446617394264,True,0.6609862869018381,0.5688260826971538,-0.007211822180826928,5.2010379168021537e-05,0.999947989620832,0.3802749012332576,0.9949328045825072,False,331
2007-11-21,1624,1582,1666,top_3,0.4766787788841849,True,0.3374576692257141,0.43889816628849465,-0.009783704030357028,9.572086455356121e-05,0.9999042791354464,0.4769378786326595,0.9949328045825072,False,331
2007-11-21,1624,1582,1666,top_6,0.3257923675620172,True,0.6348621271458672,0.4916303632199199,-0.00798764860548637,6.38025302447387e-05,0.9999361974697553,0.3258895867737617,0.9949328045825072,False,331
2007-11-21,1624,1582,1666,flag_nested,0.38302025254394234,True,0.32785126803936204,0.3273713080524246,-0.015788440157181675,0.0002492748425970692,0.9997507251574029,0.3835002828871053,0.9949328045825072,False,331
2007-12-12,1638,1596,1680,market_1,0.1330012910082556,True,0.053863769954373426,0.05417080100163005,-0.12412126825789367,0.015406089233948372,0.9845939107660516,0.14445054208675684,0.9950272243728953,False,334
2007-12-12,1638,1596,1680,block_2_3,0.5998271461663183,True,0.33600190718716105,0.4454040186142199,-0.05965725293910517,0.0035589878282404896,0.9964410121717595,0.600692965828662,0.9950272243728953,False,334
2007-12-12,1638,1596,1680,block_4_6,0.2216547820764321,True,0.5146403749311382,0.6022766407608379,0.0059341426287577255,3.521404873829681e-05,0.9999647859512617,0.22158231795687924,0.9950272243728953,False,334
2007-12-12,1638,1596,1680,top_3,0.5959695133886393,True,0.33857578566206065,0.44752493673236565,-0.011791518926055332,0.00013903991858355003,0.9998609600814164,0.5962101459112071,0.9950272243728953,False,334
2007-12-12,1638,1596,1680,top_6,-0.0040549895963038745,False,0.47924109798360026,0.541582276202169,-0.009946635429658207,9.893555637052742e-05,0.9999010644436295,-0.0039781710062348884,0.9950272243728953,False,334
2007-12-12,1638,1596,1680,flag_nested,0.31242307521812435,True,0.2817643783826231,0.344353344201826,-0.02224345523326467,0.0004947713007142918,0.9995052286992857,0.31296255857190086,0.9950272243728953,False,334
2008-01-03,1652,1610,1694,market_1,0.10548008347768058,True,0.05556105438627535,0.05282535755336704,-0.18292530015659467,0.03346166543738016,0.9665383345626198,0.11849007885973936,0.9954521134296416,False,330
2008-01-03,1652,1610,1694,block_2_3,0.2345852183273939,True,0.4026935543536426,0.43156625215807565,,0.0,1.0,0.2345852183273939,0.9954521134296416,False,330
2008-01-03,1652,1610,1694,block_4_6,0.10276355486488248,True,0.5193351164536654,0.6370035134908609,-0.02074758465370418,0.00043046226896259476,0.9995695377310374,0.1027403628066091,0.9954521134296416,False,330
2008-01-03,1652,1610,1694,top_3,0.23251509615331556,True,0.4058087167474634,0.43415661737232303,-0.02253645595197111,0.0005078918468752747,0.9994921081531247,0.2327608536796309,0.9954521134296416,False,330
2008-01-03,1652,1610,1694,top_6,0.058715627886819034,True,0.4429845483995465,0.5914831392097036,-0.015569339985320592,0.00024240434757849538,0.9997575956524215,0.05883181517331731,0.9954521134296416,False,330
2008-01-03,1652,1610,1694,flag_nested,0.15591351126421257,True,0.30114197202324244,0.3520367762960681,-0.033536438924460246,0.001124692735734012,0.998875307264266,0.15645788800319343,0.9954521134296416,False,330
2008-01-24,1666,1624,1708,market_1,0.12602878434178416,True,0.0517497588290294,0.04745742617677418,-0.15401762896104013,0.023721430030780533,0.9762785699692195,0.12907721167239455,0.996160261857552,False,334
2008-01-24,1666,1624,1708,block_2_3,0.2677867656303224,True,0.43648109989229633,0.25439660521649266,,0.0,1.0,0.2677867656303224,0.996160261857552,False,334
2008-01-24,1666,1624,1708,block_4_6,0.196921960305283,True,0.5688260826971543,0.4975817590772844,0.01261285556819518,0.0001590841255840747,0.9998409158744159,0.19696943003464315,0.996160261857552,False,334
2008-01-24,1666,1624,1708,top_3,0.26488598101103045,True,0.43889816628849515,0.25859098071447506,-0.0277410501118915,0.000769565861310495,0.9992304341386895,0.2649960314108624,0.996160261857552,False,334
2008-01-24,1666,1624,1708,top_6,0.18382956754368754,True,0.4916303632199197,0.5239197732463121,-0.01428254822839855,0.0002039911838964681,0.9997960088161035,0.1838512245743131,0.996160261857552,False,334
2008-01-24,1666,1624,1708,flag_nested,0.20994844224857806,True,0.32737130805242476,0.26512379599228697,-0.03371508176719735,0.0011367067385689156,0.9988632932614311,0.21011552230159572,0.996160261857552,False,334
2008-02-13,1680,1638,1722,market_1,0.04955737110010155,True,0.054170801001630055,0.04208161747254998,-0.10429293642318951,0.010877016587771515,0.9891229834122285,0.05473456307485368,0.9966323608094924,False,337
2008-02-13,1680,1638,1722,block_2_3,0.22562343767267012,True,0.4454040186142198,0.24839861360378857,,0.0,1.0,0.22562343767267012,0.9966323608094924,False,337
2008-02-13,1680,1638,1722,block_4_6,0.17251791808615968,True,0.6022766407608389,0.5015371304218463,0.011550381476914224,0.00013341131226207725,0.9998665886877379,0.17258299057707036,0.9966323608094924,False,337
2008-02-13,1680,1638,1722,top_3,0.22481350748876072,True,0.44752493673236565,0.2510431862252661,-0.017323293965863563,0.0003000965138278966,0.9996999034861721,0.2249337231858839,0.9966323608094924,False,337
2008-02-13,1680,1638,1722,top_6,0.14572605646782574,True,0.5415822762021701,0.5384724531580491,-0.008569058917744241,7.342877073579501e-05,0.9999265712292642,0.14576849877608938,0.9966323608094924,False,337
2008-02-13,1680,1638,1722,flag_nested,0.17005608948298134,True,0.34435334420182634,0.26665305820014856,-0.02023208582059927,0.00040933729665237895,0.9995906627033476,0.17026999943431115,0.9966323608094924,False,337
2008-03-05,1694,1652,1736,market_1,0.007331971007876798,True,0.05282535755336708,0.03867610135669211,-0.044922435151481595,0.002018025179939098,0.9979819748200609,0.006149786845638967,0.9969943033393133,False,338
2008-03-05,1694,1652,1736,block_2_3,0.08684695137857812,True,0.4315662521580755,0.22483904845184474,,0.0,1.0,0.08684695137857812,0.9969943033393133,False,338
2008-03-05,1694,1652,1736,block_4_6,0.24780944549941697,True,0.6370035134908607,0.46607699025146304,0.013603282332406269,0.0001850492902151224,0.9998149507097849,0.24793070503635528,0.9969943033393133,False,338
2008-03-05,1694,1652,1736,top_3,0.08842662523237005,True,0.4341566173723226,0.22731431715711223,-0.006139899727070939,3.769836865852305e-05,0.9999623016313415,0.08840400972954215,0.9969943033393133,False,338
2008-03-05,1694,1652,1736,top_6,0.27902058023528864,True,0.5914831392097034,0.499593644953276,-0.0034425903243852497,1.1851428141529396e-05,0.9999881485718585,0.2790113930575249,0.9969943033393133,False,338
2008-03-05,1694,1652,1736,flag_nested,0.1927571389932235,True,0.3520367762960679,0.24559874203797924,-0.008275667755837343,6.848667680481313e-05,0.9999315133231952,0.19272141573983373,0.9969943033393133,False,338
2008-03-26,1708,1666,1750,market_1,0.020068601885751484,True,0.04745742617677414,0.04223150559094034,-0.022357593112489922,0.0004998619697835771,0.9995001380302164,0.018158837741378737,0.9978598180845372,False,334
2008-03-26,1708,1666,1750,block_2_3,0.1259092990569416,True,0.25439660521649266,0.22383430379439495,,0.0,1.0,0.1259092990569416,0.9978598180845372,False,334
2008-03-26,1708,1666,1750,block_4_6,0.12543729619396213,True,0.4975817590772845,0.4562617201227422,0.006282290467091015,3.9467173512997e-05,0.999960532826487,0.1255042778336313,0.9978598180845372,False,334
2008-03-26,1708,1666,1750,top_3,0.12243442124301554,True,0.25859098071447484,0.2274125336791907,-0.003598856221963473,1.29517661062728e-05,0.9999870482338937,0.12239296136668226,0.9978598180845372,False,334
2008-03-26,1708,1666,1750,top_6,0.13355316399363795,True,0.5239197732463123,0.4792118598933979,-0.002308995622493017,5.331460784852027e-06,0.9999946685392151,0.13353935882512313,0.9978598180845372,False,334
2008-03-26,1708,1666,1750,flag_nested,0.12651265546312068,True,0.26512379599228697,0.23936650002250157,-0.004780007897113568,2.284847549660629e-05,0.9999771515245034,0.126445097091302,0.9978598180845372,False,334
2008-04-15,1722,1680,1764,market_1,0.02370906326911563,True,0.04208161747254996,0.047400679166064615,-0.08426258966072676,0.007100184016331945,0.992899815983668,0.034281190263110294,0.9977181883989551,False,340
2008-04-15,1722,1680,1764,block_2_3,0.06903231688852765,True,0.2483986136037885,0.20949605843469596,,0.0,1.0,0.06903231688852765,0.9977181883989551,False,340
2008-04-15,1722,1680,1764,block_4_6,0.06974196497399747,True,0.501537130421846,0.46301855171087336,-0.006675290365544343,4.455950146431409e-05,0.9999554404985357,0.06970566387135814,0.9977181883989551,False,340
2008-04-15,1722,1680,1764,top_3,0.06774378298664563,True,0.251043186225266,0.21437148960570226,-0.01867375361561044,0.00034870907409667584,0.9996512909259033,0.0681505149332714,0.9977181883989551,False,340
2008-04-15,1722,1680,1764,top_6,0.08505940299868543,True,0.5384724531580486,0.489857430748984,-0.008309955582508794,6.905536178325455e-05,0.9999309446382167,0.08515137537463187,0.9977181883989551,False,340
2008-04-15,1722,1680,1764,flag_nested,0.07818768092037685,True,0.26665305820014834,0.23991370666830616,-0.020443134272207408,0.0004179217388714518,0.9995820782611285,0.07870889467304815,0.9977181883989551,False,340
2008-05-05,1736,1694,1778,market_1,0.19535257044269694,True,0.03867610135669208,0.05356795323495536,-0.06572310420752897,0.004319526426673548,0.9956804735733265,0.19656107475714565,0.9975450854499103,False,340
2008-05-05,1736,1694,1778,block_2_3,0.022197165892377146,True,0.22483904845184477,0.19744827530579045,,0.0,1.0,0.022197165892377146,0.9975450854499103,False,340
2008-05-05,1736,1694,1778,block_4_6,0.0977440713858539,True,0.4660769902514629,0.3969577319274172,-0.028518620368772375,0.0008133117077382401,0.9991866882922618,0.09770197983719692,0.9975450854499103,False,340
2008-05-05,1736,1694,1778,top_3,0.02597924777861468,True,0.22731431715711217,0.2041003765487177,-0.016876956657634327,0.0002848316660237771,0.9997151683339762,0.02600910472768641,0.9975450854499103,False,340
2008-05-05,1736,1694,1778,top_6,0.11577743751936241,True,0.49959364495327596,0.42893345399946453,-0.005433279523644603,2.9520526382054157e-05,0.999970479473618,0.11578738448504297,0.9975450854499103,False,340
2008-05-05,1736,1694,1778,flag_nested,0.09239724983198908,True,0.24559874203797916,0.21775941964212925,-0.01896524195492644,0.0003596804024090794,0.9996403195975909,0.09245791340567548,0.9975450854499103,False,340
2008-05-23,1750,1708,1792,market_1,0.2097324082000186,True,0.042231505590940396,0.050608867163837896,-0.11299355520318903,0.012767543517456348,0.9872324564825437,0.20698873184992878,0.9978755547162685,False,340
2008-05-23,1750,1708,1792,block_2_3,0.13858118928314767,True,0.22383430379439498,0.19742068806303611,,0.0,1.0,0.13858118928314767,0.9978755547162685,False,340
2008-05-23,1750,1708,1792,block_4_6,0.06589411698233529,True,0.45626172012274185,0.5132094169949308,-0.01521785777828139,0.00023158319535976357,0.9997684168046402,0.06580614495875546,0.9978755547162685,False,340
2008-05-23,1750,1708,1792,top_3,0.13771293371265594,True,0.2274125336791908,0.20324981804855471,-0.027905859267245738,0.0007787369814432621,0.9992212630185567,0.13757394160469946,0.9978755547162685,False,340
2008-05-23,1750,1708,1792,top_6,0.05858869121417073,True,0.47921185989339726,0.536180720783675,-0.008647622588431719,7.478137643202043e-05,0.999925218623568,0.058571830888136764,0.9978755547162685,False,340
2008-05-23,1750,1708,1792,flag_nested,0.08371304996841089,True,0.23936650002250143,0.25346869860243904,-0.027002677527841905,0.0007291445936724594,0.9992708554063275,0.08353564672133375,0.9978755547162685,False,340
2008-06-13,1764,1722,1806,market_1,0.30319255901938313,True,0.04740067916606464,0.04659657021619433,-0.01789382581028582,0.0003201890021289344,0.9996798109978711,0.3034505916267168,0.9984578100903283,False,342
2008-06-13,1764,1722,1806,block_2_3,0.30915633584859864,True,0.20949605843469618,0.2084729339652908,,0.0,1.0,0.30915633584859864,0.9984578100903283,False,342
2008-06-13,1764,1722,1806,block_4_6,0.11620156128941063,True,0.4630185517108731,0.46191302902924697,-0.000944139207990095,8.913988440717446e-07,0.9999991086011559,0.11619901018170276,0.9984578100903283,False,342
2008-06-13,1764,1722,1806,top_3,0.30394757276468737,True,0.21437148960570246,0.21198296768979233,-0.003137037001206279,9.841001147092854e-06,0.9999901589988529,0.30395766410566033,0.9984578100903283,False,342
2008-06-13,1764,1722,1806,top_6,0.07240802231951872,True,0.48985743074898397,0.4769594624729119,-0.0014939757041354622,2.2319634045420145e-06,0.9999977680365955,0.07241005218077252,0.9984578100903283,False,342
2008-06-13,1764,1722,1806,flag_nested,0.14375911659419438,True,0.23991370666830622,0.23465979919842414,-0.004085783712351237,1.6693628544173222e-05,0.9999833063714558,0.1437717740656704,0.9984578100903283,False,342
2008-07-03,1778,1736,1820,market_1,0.2437002557145061,True,0.05356795323495538,0.048248980031237454,-0.09064410865234607,0.008216354433378426,0.9917836455666216,0.2503148401159128,0.9983948635634029,False,335
2008-07-03,1778,1736,1820,block_2_3,0.3526540544035419,True,0.19744827530579062,0.2588680388590203,,0.0,1.0,0.3526540544035419,0.9983948635634029,False,335
2008-07-03,1778,1736,1820,block_4_6,0.1109784657386298,True,0.3969577319274173,0.5033524769627657,-0.01692957721990446,0.00028661058484480417,0.9997133894151552,0.11078055428674445,0.9983948635634029,False,335
2008-07-03,1778,1736,1820,top_3,0.3432794754497548,True,0.20410037654871788,0.26112202786256844,-0.01611885486293195,0.00025981748209225053,0.9997401825179077,0.34359987421828625,0.9983948635634029,False,335
2008-07-03,1778,1736,1820,top_6,0.062022951221486954,True,0.4289334539994647,0.5074788283953662,-0.00741366158673032,5.4962378122525024e-05,0.9999450376218775,0.06207945098482309,0.9983948635634029,False,335
2008-07-03,1778,1736,1820,flag_nested,0.1581373880306246,True,0.21775941964212933,0.26072717943730056,-0.020053788008555243,0.00040215441349222836,0.9995978455865078,0.1585368565775278,0.9983948635634029,False,335
2008-07-24,1792,1750,1834,market_1,0.18772141552522947,True,0.05060886716383787,0.04723384424216537,-0.05821116164174488,0.003388539339681307,0.9966114606603187,0.19257296953315747,0.9981588140874327,False,340
2008-07-24,1792,1750,1834,block_2_3,0.2754006162557592,True,0.19742068806303625,0.278211606557436,,0.0,1.0,0.2754006162557592,0.9981588140874327,False,340
2008-07-24,1792,1750,1834,block_4_6,0.1416240532301692,True,0.5132094169949315,0.45994470761633593,0.0007272193501219065,5.288479832943338e-07,0.9999994711520167,0.14162794805415013,0.9981588140874327,False,340
2008-07-24,1792,1750,1834,top_3,0.2678055797050079,True,0.20324981804855474,0.281088916612042,-0.009530851540637911,9.083713108981595e-05,0.9999091628689102,0.2680212173382479,0.9981588140874327,False,340
2008-07-24,1792,1750,1834,top_6,0.1326333259169511,True,0.5361807207836757,0.4389552707694671,-0.006108516736908585,3.731397672490644e-05,0.9999626860232751,0.13268047967943208,0.9981588140874327,False,340
2008-07-24,1792,1750,1834,flag_nested,0.17219341027289883,True,0.2534686986024393,0.246336458281459,-0.013554705169743046,0.00018373003223870477,0.9998162699677613,0.1724658532637349,0.9981588140874327,False,340
2008-08-13,1806,1764,1848,market_1,0.13782851884238054,True,0.046596570216194295,0.049533641754574496,-0.20601879924906635,0.04244374564402709,0.9575562543559729,0.14989008316218808,0.9973562458691342,False,339
2008-08-13,1806,1764,1848,block_2_3,0.4048477836513957,True,0.2084729339652908,0.23533326488684772,,0.0,1.0,0.4048477836513957,0.9973562458691342,False,339
2008-08-13,1806,1764,1848,block_4_6,0.23213411005759654,True,0.46191302902924714,0.44325720266815544,-0.01127602588080283,0.00012714875966468586,0.9998728512403353,0.23221372312467295,0.9973562458691342,False,339
2008-08-13,1806,1764,1848,top_3,0.40000946451706326,True,0.2119829676897923,0.2402477634770751,-0.04208808660762863,0.0017714070342912391,0.9982285929657088,0.40076955187266516,0.9973562458691342,False,339
2008-08-13,1806,1764,1848,top_6,0.1796963447998029,True,0.4769594624729118,0.43979412925897676,-0.022940177308551184,0.0005262517349478024,0.9994737482650522,0.17983710349689958,0.9973562458691342,False,339
2008-08-13,1806,1764,1848,flag_nested,0.24573194884022767,True,0.2346597991984241,0.23222774089061723,-0.05364212495071898,0.002877477569228626,0.9971225224307714,0.24664892908717306,0.9973562458691342,False,339
2008-09-03,1820,1778,1862,market_1,-0.09103795730347866,False,0.04824898003123746,0.056252800518055916,-0.1633789575930883,0.026692683784204196,0.9733073162157958,-0.07800029518291103,0.9962546816479401,False,339
2008-09-03,1820,1778,1862,block_2_3,0.2631546356097631,True,0.2588680388590204,0.1926991067740019,,0.0,1.0,0.2631546356097631,0.9962546816479401,False,339
2008-09-03,1820,1778,1862,block_4_6,0.37566537581500126,True,0.5033524769627657,0.443306675758123,0.012965306110272898,0.00016809916253313073,0.9998319008374669,0.37553732383661514,0.9962546816479401,False,339
2008-09-03,1820,1778,1862,top_3,0.2694272592187933,True,0.26112202786256844,0.19810909077741576,-0.04569158858574395,0.0020877212674886847,0.9979122787325113,0.27049762445977094,0.9962546816479401,False,339
2008-09-03,1820,1778,1862,top_6,0.31549781588019876,True,0.5074788283953664,0.45884354606322064,-0.020123323648209127,0.0004049481546506417,0.9995950518453494,0.31572695889800756,0.9962546816479401,False,339
2008-09-03,1820,1778,1862,flag_nested,0.281728380092224,True,0.26072717943730067,0.2265752593355847,-0.04953834837146139,0.0024540479593720965,0.9975459520406279,0.2831142283803751,0.9962546816479401,False,339
2008-09-23,1834,1792,1876,market_1,-0.03997902053173301,False,0.047233844242165375,0.054588085188147034,-0.2538337869217543,0.06443159138303844,0.9355684086169616,-0.021923053795845287,0.9968054637585371,False,342
2008-09-23,1834,1792,1876,block_2_3,0.12975504395660808,True,0.2782116065574365,0.1748877564710273,,0.0,1.0,0.12975504395660808,0.9968054637585371,False,342
2008-09-23,1834,1792,1876,block_4_6,0.2904331986334509,True,0.45994470761633577,0.4071008072500036,-0.01725271284168727,0.0002976561003977807,0.9997023438996022,0.29061184258782935,0.9968054637585371,False,342
2008-09-23,1834,1792,1876,top_3,0.13484774554252715,True,0.2810889166120425,0.1806768675720855,-0.07626652728510157,0.005816583184129254,0.9941834168158707,0.13617454366196743,0.9968054637585371,False,342
2008-09-23,1834,1792,1876,top_6,0.2470233757440985,True,0.43895527076946705,0.436811717927326,-0.03141834920716113,0.0009871126669031005,0.9990128873330969,0.24736469450212606,0.9968054637585371,False,342
2008-09-23,1834,1792,1876,flag_nested,0.19137588721762303,True,0.24633645828145923,0.21368664446528315,-0.07923540503815014,0.006278249411559633,0.9937217505884404,0.19335957591345512,0.9968054637585371,False,342
2008-10-15,1848,1806,1890,market_1,0.2096739360541857,True,0.04953364175457454,0.05381622142794313,-0.12928500234286341,0.016714611830794257,0.9832853881692057,0.21211864482471304,0.9973877191325968,False,343
2008-10-15,1848,1806,1890,block_2_3,0.33482173645976676,True,0.23533326488684767,0.1732057888043696,,0.0,1.0,0.33482173645976676,0.9973877191325968,False,343
2008-10-15,1848,1806,1890,block_4_6,0.4170084074807896,True,0.4432572026681555,0.45322784392452153,-0.010498289170899644,0.00011021407551592421,0.9998897859244841,0.4169055921526388,0.9973877191325968,False,343
2008-10-15,1848,1806,1890,top_3,0.3233279092242979,True,0.24024776347707497,0.18043720781133862,-0.03762260589781378,0.0014154604745419963,0.998584539525458,0.32358795518630007,0.9973877191325968,False,343
2008-10-15,1848,1806,1890,top_6,0.3413787242542592,True,0.4397941292589767,0.47001168938220916,-0.013966041441907807,0.0001950503135570436,0.999804949686443,0.34143686422575364,0.9973877191325968,False,343
2008-10-15,1848,1806,1890,flag_nested,0.3253828878067017,True,0.2322277408906172,0.22487154637485487,-0.0374517060580317,0.0014026302866571028,0.9985973697133429,0.3256705895901632,0.9973877191325968,False,343
2008-11-04,1862,1820,1904,market_1,0.08870747576496203,True,0.05625280051805592,0.0542222038585053,-0.15338279679358308,0.02352628235222165,0.9764737176477783,0.0847365858520723,0.9979699745066566,False,343
2008-11-04,1862,1820,1904,block_2_3,0.39458982819659855,True,0.19269910677400176,0.19608479822776753,,0.0,1.0,0.39458982819659855,0.9979699745066566,False,343
2008-11-04,1862,1820,1904,block_4_6,0.14432073233596326,True,0.4433066757581229,0.41226166809224496,-0.021582629043785544,0.00046580987644151417,0.9995341901235585,0.14469820340936773,0.9979699745066566,False,343
2008-11-04,1862,1820,1904,top_3,0.3762419393374857,True,0.19810909077741573,0.20212717513690445,-0.041608830154292474,0.0017312947468088868,0.9982687052531911,0.37620112523747073,0.9979699745066566,False,343
2008-11-04,1862,1820,1904,top_6,0.07112832714195795,True,0.45884354606322075,0.4272185651498965,-0.018615811800169954,0.00034654844897930026,0.9996534515510207,0.07104876894648417,0.9979699745066566,False,343
2008-11-04,1862,1820,1904,flag_nested,0.1550923760673711,True,0.22657525933558473,0.2167436183658879,-0.04688475074651283,0.002198179852562543,0.9978018201474375,0.1547927576323535,0.9979699745066566,False,343
2008-11-24,1876,1834,1918,market_1,0.16050052589619557,True,0.05458808518814705,0.05215883162122096,-0.1301405641313318,0.016936566432421363,0.9830634335675786,0.15814922798627223,0.9985207566172536,False,343
2008-11-24,1876,1834,1918,block_2_3,0.14127863414489783,True,0.17488775647102714,0.24757005106490929,-0.05214974119692307,0.0027195955069060362,0.997280404493094,0.13884416776822828,0.9985207566172536,False,343
2008-11-24,1876,1834,1918,block_4_6,-0.20497918636820095,False,0.4071008072500029,0.5092164327783878,-0.002724481325664969,7.4227984935282265e-06,0.9999925772015065,-0.20497972276422297,0.9985207566172536,False,343
2008-11-24,1876,1834,1918,top_3,0.1389981202316619,True,0.18067686757208526,0.25204194771008337,-0.0265103668436315,0.0007027995501841522,0.9992972004498158,0.1388343394134692,0.9985207566172536,False,343
2008-11-24,1876,1834,1918,top_6,-0.21343542549996933,False,0.4368117179273252,0.5050130474500779,-0.013594670738080237,0.00018481507247669615,0.9998151849275233,-0.21349869587288298,0.9985207566172536,False,343
2008-11-24,1876,1834,1918,flag_nested,-0.09589317140484749,False,0.21368664446528285,0.2576857670375376,-0.03219089079331811,0.0010362534500671927,0.9989637465499328,-0.09622954372812599,0.9985207566172536,False,343
2008-12-15,1890,1848,1932,market_1,0.19710738041721815,True,0.0538162214279431,0.044193102333055824,-0.12081497274316487,0.014596257638931576,0.9854037423610684,0.19604201798626603,0.9987095961980298,False,344
2008-12-15,1890,1848,1932,block_2_3,0.23669840111958737,True,0.17320578880436954,0.23829166010027905,-0.03459136501761748,0.0011965625337820862,0.9988034374662179,0.23525891369337046,0.9987095961980298,False,344
2008-12-15,1890,1848,1932,block_4_6,-0.1797117081782175,False,0.4532278439245213,0.4931630042844878,0.0007927130599332887,6.283939953943829e-07,0.9999993716060046,-0.1797100319542549,0.9987095961980298,False,344
2008-12-15,1890,1848,1932,top_3,0.22922250022607762,True,0.18043720781133846,0.24140012031648225,-0.02148615292566301,0.0004616547675447835,0.9995383452324552,0.22916876544075906,0.9987095961980298,False,344
2008-12-15,1890,1848,1932,top_6,-0.19819990564208134,False,0.47001168938220905,0.49904125233719077,-0.010236824708180362,0.00010479258010598347,0.999895207419894,-0.1982254187151001,0.9987095961980298,False,344
2008-12-15,1890,1848,1932,flag_nested,-0.07006890096669102,False,0.22487154637485482,0.25076828264183637,-0.02578601554704784,0.0006649185977923855,0.9993350814022076,-0.07023892207212955,0.9987095961980298,False,344
2009-01-06,1904,1862,1946,market_1,0.22705806545402357,True,0.05422220385850528,0.0460138451998821,-0.08884587185380047,0.007893588945461882,0.9921064110545381,0.2371678541573714,0.9986466496711044,False,344
2009-01-06,1904,1862,1946,block_2_3,0.30993053894494266,True,0.19608479822776728,0.22793768055451055,-0.03572466491164299,0.0012762516830492343,0.9987237483169508,0.30812133492357824,0.9986466496711044,False,344
2009-01-06,1904,1862,1946,block_4_6,-0.040320413496565656,False,0.4122616680922448,0.6070852957268407,0.01438631835258587,0.0002069661557420055,0.999793033844258,-0.04019826663787258,0.9986466496711044,False,344
2009-01-06,1904,1862,1946,top_3,0.3003747567435012,True,0.2021271751369042,0.2318211464401388,-0.014996047226348045,0.00022488143241483627,0.9997751185675852,0.3009521403392034,0.9986466496711044,False,344
2009-01-06,1904,1862,1946,top_6,-0.08810338374568606,False,0.42721856514989653,0.608183533573758,-0.006064850305823698,3.678240923210563e-05,0.9999632175907679,-0.08803068956066344,0.9986466496711044,False,344
2009-01-06,1904,1862,1946,flag_nested,0.023292149414740206,True,0.2167436183658878,0.2857950728769291,-0.01674726994449321,0.0002804710505938113,0.9997195289494062,0.02380159729971759,0.9986466496711044,False,344
2009-01-27,1918,1876,1960,market_1,0.29014360340235507,True,0.05215883162122094,0.04122536579940211,-0.017459038713825138,0.00030481803281101616,0.999695181967189,0.2916157172325579,0.9989299090422686,False,344
2009-01-27,1918,1876,1960,block_2_3,0.3314935416458348,True,0.24757005106490965,0.187426771413472,-0.03760125336737499,0.001413854254797342,0.9985861457452027,0.3299625623955795,0.9989299090422686,False,344
2009-01-27,1918,1876,1960,block_4_6,0.24596191333549206,True,0.5092164327783878,0.5988921622007297,0.007490388345936208,5.610591757287953e-05,0.9999438940824271,0.24593239592896307,0.9989299090422686,False,344
2009-01-27,1918,1876,1960,top_3,0.3246269004599823,True,0.25204194771008365,0.1914801511157617,-0.0016522112895739605,2.7298021452182297e-06,0.9999972701978548,0.32469046721041367,0.9989299090422686,False,344
2009-01-27,1918,1876,1960,top_6,0.200571153051278,True,0.505013047450078,0.6113152678811083,0.00044672741582416325,1.995653842179479e-07,0.9999998004346158,0.20057280359233406,0.9989299090422686,False,344
2009-01-27,1918,1876,1960,flag_nested,0.22726201304418273,True,0.25768576703753776,0.27605338795208567,-0.0023081965685929433,5.327771399388226e-06,0.9999946722286006,0.2273234180015919,0.9989299090422686,False,344
2009-02-17,1932,1890,1974,market_1,0.3710659125813633,True,0.04419310233305584,0.04155756181407837,-0.029958812742744496,0.0008975304609548651,0.9991024695390451,0.37528612414225615,0.9986938595662984,False,346
2009-02-17,1932,1890,1974,block_2_3,0.3156406493775399,True,0.2382916601002791,0.1820668387330331,0.045677026969067835,0.002086390792732762,0.9979136092072672,0.3135453406638289,0.9986938595662984,False,346
2009-02-17,1932,1890,1974,block_4_6,0.2289378828008487,True,0.4931630042844874,0.6665682058071879,0.0028322181699459823,8.021459762086458e-06,0.9999919785402379,0.22892496901963158,0.9986938595662984,False,346
2009-02-17,1932,1890,1974,top_3,0.3121072302487086,True,0.24140012031648217,0.1860618836687159,-0.011005192806421094,0.00012111426870653474,0.9998788857312935,0.3122859127646734,0.9986938595662984,False,346
2009-02-17,1932,1890,1974,top_6,0.19552472322517678,True,0.49904125233719016,0.6782527305218581,-0.0026201690725715984,6.865285968937762e-06,0.9999931347140311,0.19553998939456624,0.9986938595662984,False,346
2009-02-17,1932,1890,1974,flag_nested,0.2178641087673353,True,0.25076828264183615,0.29989637133312214,-0.006052735493512916,3.6635606954327216e-05,0.9999633643930457,0.21800341638453208,0.9986938595662984,False,346
2009-03-09,1946,1904,1988,market_1,0.23331763224374089,True,0.04601384519988215,0.04213044252956174,-0.07720555113015032,0.0059606971253103325,0.9940393028746897,0.2393725595502218,0.9988669625153432,False,342
2009-03-09,1946,1904,1988,block_2_3,0.25103756657277265,True,0.22793768055451089,0.1898260063880538,0.06503588678219108,0.004229666569546042,0.995770333430454,0.24792247782774884,0.9988669625153432,False,342
2009-03-09,1946,1904,1988,block_4_6,0.23300830558179714,True,0.6070852957268404,0.6449879160663415,-0.014125896714349512,0.0001995409579845786,0.9998004590420154,0.23294039543513298,0.9988669625153432,False,342
2009-03-09,1946,1904,1988,top_3,0.24529387099912925,True,0.23182114644013893,0.19341899956023112,-0.020927012565831363,0.00043793985493034704,0.9995620601450697,0.24556000944920453,0.9988669625153432,False,342
2009-03-09,1946,1904,1988,top_6,0.21748660964947608,True,0.6081835335737577,0.6579204821273332,-0.005754533410600925,3.311465477384701e-05,0.9999668853452262,0.21751247479856425,0.9988669625153432,False,342
2009-03-09,1946,1904,1988,flag_nested,0.22169550958378523,True,0.285795072876929,0.2939192135918882,-0.014535954836583641,0.00021129398301122926,0.9997887060169888,0.22190003224295868,0.9988669625153432,False,342
2009-03-27,1960,1918,2002,market_1,0.17763924730907363,True,0.041225365799402135,0.042825570359064084,-0.05401836783425673,0.002917984063477097,0.9970820159365229,0.18380701685106313,0.9989928555691939,False,348
2009-03-27,1960,1918,2002,block_2_3,0.2582216097867229,True,0.18742677141347183,0.16879550954452757,0.060958879111174126,0.003715984942490813,0.9962840150575092,0.2576185837164573,0.9989928555691939,False,348
2009-03-27,1960,1918,2002,block_4_6,0.5475901599408899,True,0.59889216220073,0.5307300782841102,-0.01234569941782392,0.00015241629411522073,0.9998475837058848,0.5475333173426431,0.9989928555691939,False,348
2009-03-27,1960,1918,2002,top_3,0.24977409140288667,True,0.19148015111576153,0.1734834113603741,-0.014467055968495663,0.00020929570839567369,0.9997907042916043,0.2501494569441,0.9989928555691939,False,348
2009-03-27,1960,1918,2002,top_6,0.5242126662152414,True,0.6113152678811087,0.5471709726666404,-0.0049440535297807535,2.444366530529596e-05,0.9999755563346947,0.5242627662575995,0.9989928555691939,False,348
2009-03-27,1960,1918,2002,flag_nested,0.47085333437867,True,0.2760533879520857,0.24852673840819678,-0.011829537212016983,0.00013993795065059267,0.9998600620493494,0.47116193458346245,0.9989928555691939,False,348
2009-04-17,1974,1932,2016,market_1,0.16276460341815743,True,0.0415575618140784,0.03966644179340798,-0.09866671089775106,0.009735119839380468,0.9902648801606195,0.16891010700559528,0.9988197526201492,False,347
2009-04-17,1974,1932,2016,block_2_3,0.30298925076308997,True,0.18206683873303298,0.18767815648363023,0.052835308885613254,0.002791569865038257,0.9972084301349617,0.3010928912676046,0.9988197526201492,False,347
2009-04-17,1974,1932,2016,block_4_6,0.5491734525180001,True,0.6665682058071876,0.6518503791033088,-0.001429358184923975,2.043064820655971e-06,0.9999979569351793,0.5491875724143044,0.9988197526201492,False,347
2009-04-17,1974,1932,2016,top_3,0.2930513609279956,True,0.18606188366871595,0.19136158924750502,-0.020469510932240337,0.0004190008778051091,0.9995809991221949,0.29337012078949526,0.9988197526201492,False,347
2009-04-17,1974,1932,2016,top_6,0.5188134002466129,True,0.6782527305218582,0.6684781420370247,-0.006247661939371892,3.903327970866677e-05,0.9999609667202913,0.5188490305982985,0.9988197526201492,False,347
2009-04-17,1974,1932,2016,flag_nested,0.48209036319133214,True,0.29989637133312225,0.29708082561463334,-0.01625809672058258,0.00026432570897572116,0.9997356742910243,0.4823178861096749,0.9988197526201492,False,347
2009-05-07,1988,1946,2030,market_1,0.16006402521589116,True,0.04213044252956168,0.03727830865569131,-0.06094468221928438,0.0037142542908096265,0.9962857457091904,0.16213745986968192,0.9986151764076417,False,345
2009-05-07,1988,1946,2030,block_2_3,0.19382522021548645,True,0.18982600638805353,0.19910962881928626,,0.0,1.0,0.19382522021548645,0.9986151764076417,False,345
2009-05-07,1988,1946,2030,block_4_6,0.6126196399131039,True,0.6449879160663415,0.6284243791329375,-0.0007762596565999442,6.025790545427512e-07,0.9999993974209455,0.6126203834439446,0.9986151764076417,False,345
2009-05-07,1988,1946,2030,top_3,0.1900355843986327,True,0.19341899956023087,0.2022254231073351,-0.01136088024649081,0.00012906959997494027,0.9998709304000251,0.1901228945034407,0.9986151764076417,False,345
2009-05-07,1988,1946,2030,top_6,0.5687832669025289,True,0.6579204821273336,0.6489514700303953,-0.0033834497032565356,1.1447731894431712e-05,0.9999885522681056,0.5687963163465911,0.9986151764076417,False,345
2009-05-07,1988,1946,2030,flag_nested,0.5035511590772543,True,0.2939192135918883,0.291909314609254,-0.009520481476815322,9.063956755039904e-05,0.9999093604324496,0.5036295454350058,0.9986151764076417,False,345
2009-05-28,2002,1960,2044,market_1,0.1395072664495737,True,0.04282557035906407,0.038999142320894735,-0.011551177128395634,0.0001334296930515233,0.9998665703069485,0.1420087377274645,0.9985522298807163,False,347
2009-05-28,2002,1960,2044,block_2_3,0.08045949375831234,True,0.16879550954452763,0.23078528549874136,,0.0,1.0,0.08045949375831234,0.9985522298807163,False,347
2009-05-28,2002,1960,2044,block_4_6,0.3293179430918574,True,0.53073007828411,0.48120806554425927,-0.006941816893153967,4.818882177815009e-05,0.9999518111782218,0.3293262207349971,0.9985522298807163,False,347
2009-05-28,2002,1960,2044,top_3,0.08040005870268044,True,0.17348341136037412,0.2332891578575908,-0.0024754129029942893,6.127669040290051e-06,0.9999938723309597,0.08051358602369785,0.9985522298807163,False,347
2009-05-28,2002,1960,2044,top_6,0.31704330004268316,True,0.54717097266664,0.4979526225899335,-0.0010285922813207372,1.0580020811667978e-06,0.9999989419979188,0.317068165173977,0.9985522298807163,False,347
2009-05-28,2002,1960,2044,flag_nested,0.2560435714486619,True,0.24852673840819672,0.24695818650890172,-0.002408063065272595,5.798767725995191e-06,0.999994201232274,0.25619326369519235,0.9985522298807163,False,347
2009-06-17,2016,1974,2058,market_1,0.11464610366889566,True,0.03966644179340791,0.039646123074166005,-0.07665882354448506,0.005876575227224512,0.9941234247727755,0.12318753593740635,0.9986623863028358,False,343
2009-06-17,2016,1974,2058,block_2_3,0.33040133019657075,True,0.18767815648363045,0.1967783505561224,,0.0,1.0,0.33040133019657075,0.9986623863028358,False,343
2009-06-17,2016,1974,2058,block_4_6,-0.20997099148675022,False,0.6518503791033097,0.4110143278010142,-0.0169710287222538,0.0002880158158913293,0.9997119841841087,-0.20983499751445467,0.9986623863028358,False,343
2009-06-17,2016,1974,2058,top_3,0.31698530398977315,True,0.19136158924750526,0.19985790359270367,-0.015675232944260674,0.00024571292785680043,0.9997542870721432,0.31741677528021484,0.9986623863028358,False,343
2009-06-17,2016,1974,2058,top_6,-0.21032383831382942,False,0.6684781420370249,0.43335579129133206,-0.007092314806753247,5.030092931834762e-05,0.9999496990706817,-0.21029076740389627,0.9986623863028358,False,343
2009-06-17,2016,1974,2058,flag_nested,-0.09293413615139713,False,0.2970808256146335,0.21490869982062494,-0.01746049419781662,0.00030486885763203464,0.999695131142368,-0.09267723204170202,0.9986623863028358,False,343
2009-07-08,2030,1988,2072,market_1,0.1362057557110143,True,0.0372783086556913,0.03779069947511843,-0.14155238222171734,0.020037076912643226,0.9799629230873568,0.1557996648705386,0.9987410694614924,False,344
2009-07-08,2030,1988,2072,block_2_3,0.2744367684353903,True,0.1991096288192864,0.19452065201243382,,0.0,1.0,0.2744367684353903,0.9987410694614924,False,344
2009-07-08,2030,1988,2072,block_4_6,-0.2928042510135895,False,0.6284243791329372,0.46354779302793486,0.0018860432031053119,3.5571589639404877e-06,0.9999964428410361,-0.29280589070372437,0.9987410694614924,False,344
2009-07-08,2030,1988,2072,top_3,0.2670642378589413,True,0.2022254231073351,0.19769169370214795,-0.027721011476542885,0.0007684544772824653,0.9992315455227175,0.2678336938951816,0.9987410694614924,False,344
2009-07-08,2030,1988,2072,top_6,-0.29554092160979484,False,0.6489514700303953,0.46935939691280243,-0.01207444875782588,0.0001457923128052041,0.9998542076871948,-0.29549069060082644,0.9987410694614924,False,344
2009-07-08,2030,1988,2072,flag_nested,-0.17040474950607026,False,0.29190931460925396,0.2262119495771277,-0.029310549751727727,0.0008591083267485145,0.9991408916732515,-0.16996412511237302,0.9987410694614924,False,344
2009-07-28,2044,2002,2086,market_1,0.1551638015940542,True,0.03899914232089472,0.039405756204754255,-0.061123449729763184,0.0037360761068667703,0.9962639238931332,0.16046461673515003,0.9987882793566865,False,342
2009-07-28,2044,2002,2086,block_2_3,0.3106877858141077,True,0.23078528549874136,0.18595657742525984,,0.0,1.0,0.3106877858141077,0.9987882793566865,False,342
2009-07-28,2044,2002,2086,block_4_6,-0.06658749444546183,False,0.48120806554425954,0.46176934459010727,0.0140308376552126,0.00019686440530697347,0.999803135594693,-0.06666979390354108,0.9987882793566865,False,342
2009-07-28,2044,2002,2086,top_3,0.30222196035692894,True,0.23328915785759083,0.18929576195013073,-0.013352246876535821,0.00017828249665197138,0.999821717503348,0.3024481494704072,0.9987882793566865,False,342
2009-07-28,2044,2002,2086,top_6,-0.09533542019946124,False,0.49795262258993384,0.471984514271628,-0.006023233185067277,3.6279338001654615e-05,0.9999637206619983,-0.09530087980729603,0.9987882793566865,False,342
2009-07-28,2044,2002,2086,flag_nested,0.017148042664363525,True,0.24695818650890186,0.2250007534910335,-0.013517133751282074,0.00018271290485005753,0.9998172870951499,0.017350102372799513,0.9987882793566865,False,342
2009-08-17,2058,2016,2100,market_1,0.18872575027555122,True,0.03964612307416601,0.04531587972277037,-0.01199119078517924,0.00014378865644659733,0.9998562113435534,0.1912338504178279,0.998489283353791,False,344
2009-08-17,2058,2016,2100,block_2_3,0.15806755572252248,True,0.19677835055612233,0.1678738944350535,,0.0,1.0,0.15806755572252248,0.998489283353791,False,344
2009-08-17,2058,2016,2100,block_4_6,0.15071426588152098,True,0.411014327801014,0.45731762507996787,0.013233039796837065,0.0001751133422648321,0.9998248866577352,0.15079303953630574,0.998489283353791,False,344
2009-08-17,2058,2016,2100,top_3,0.1521482431066054,True,0.19985790359270353,0.1723929586776693,-0.0031880071265456738,1.0163389438822001e-05,0.9999898366105612,0.1522584223032662,0.998489283353791,False,344
2009-08-17,2058,2016,2100,top_6,0.14142299323181173,True,0.43335579129133167,0.47574233757389617,-0.002099274221440243,4.406952256785779e-06,0.9999955930477432,0.14145346760254174,0.998489283353791,False,344
2009-08-17,2058,2016,2100,flag_nested,0.14500203607029652,True,0.21490869982062477,0.2228940742048592,-0.003271174039182757,1.0700579594513648e-05,0.9999892994204055,0.145131362681694,0.998489283353791,False,344
2009-09-04,2072,2030,2114,market_1,0.19390934007986776,True,0.03779069947511844,0.0474765288318383,-0.06486860985989742,0.0042079365451554995,0.9957920634548445,0.19711090255486938,0.9987095961980298,False,341
2009-09-04,2072,2030,2114,block_2_3,0.03361836491848847,True,0.19452065201243401,0.18601469170442106,,0.0,1.0,0.03361836491848847,0.9987095961980298,False,341
2009-09-04,2072,2030,2114,block_4_6,0.227776540466769,True,0.46354779302793486,0.3991919306803198,0.018557958405207537,0.0003443978201690401,0.999655602179831,0.22761034096410268,0.9987095961980298,False,341
2009-09-04,2072,2030,2114,top_3,0.030561102537947665,True,0.1976916937021481,0.18925987436029862,-0.016157490491756302,0.0002610644989913258,0.9997389355010087,0.030703781583803436,0.9987095961980298,False,341
2009-09-04,2072,2030,2114,top_6,0.2361968662718078,True,0.4693593969128024,0.42170308052108746,-0.00818387969824579,6.697588691539913e-05,0.9999330241130846,0.2362332398830874,0.9987095961980298,False,341
2009-09-04,2072,2030,2114,flag_nested,0.17991448747367125,True,0.22621194957712767,0.20936260926370823,-0.018229104760119894,0.000332300260355578,0.9996676997396444,0.18010551893357982,0.9987095961980298,False,341
2009-09-25,2086,2044,2128,market_1,0.21564193770758036,True,0.03940575620475428,0.05125120822530764,-0.07902993467348458,0.0062457305744950675,0.9937542694255049,0.21981082070647473,0.9986938595662984,False,342
2009-09-25,2086,2044,2128,block_2_3,-0.03623749345463046,False,0.18595657742525976,0.2461987209543578,,0.0,1.0,-0.03623749345463046,0.9986938595662984,False,342
2009-09-25,2086,2044,2128,block_4_6,0.2179030626635977,True,0.46176934459010666,0.4310193269590236,0.023848048686149696,0.0005687294261368381,0.9994312705738632,0.21747222121682983,0.9986938595662984,False,342
2009-09-25,2086,2044,2128,top_3,-0.036006700270564865,False,0.18929576195013068,0.2486789552424944,-0.01725644163118382,0.00029778477777031576,0.9997022152222297,-0.03585240200713197,0.9986938595662984,False,342
2009-09-25,2086,2044,2128,top_6,0.25666832487288166,True,0.47198451427162735,0.43011191745351,-0.010584874348313024,0.00011203956496963485,0.9998879604350304,0.2567203837595323,0.9986938595662984,False,342
2009-09-25,2086,2044,2128,flag_nested,0.16350511538799556,True,0.2250007534910333,0.23253631442703565,-0.0219088533582194,0.00047999785547203633,0.999520002144528,0.1637498652006907,0.9986938595662984,False,342
2009-10-15,2100,2058,2142,market_1,0.2508860205856469,True,0.045315879722770375,0.049035867374720814,-0.08867438856420438,0.007863147187235797,0.9921368528127642,0.2639081697442754,0.9990085922009253,False,344
2009-10-15,2100,2058,2142,block_2_3,0.19979175486243378,True,0.1678738944350536,0.2618938938309186,,0.0,1.0,0.19979175486243378,0.9990085922009253,False,344
2009-10-15,2100,2058,2142,block_4_6,-0.2149500141098459,False,0.45731762507996826,0.5042202640438199,0.02486204762207161,0.0006181214119623801,0.9993818785880376,-0.2154335145730474,0.9990085922009253,False,344
2009-10-15,2100,2058,2142,top_3,0.1889912231890782,True,0.17239295867766924,0.2643583652811082,-0.016040978257075234,0.0002573129834437804,0.9997426870165562,0.18959590643563182,0.9990085922009253,False,344
2009-10-15,2100,2058,2142,top_6,-0.22853551869352295,False,0.4757423375738963,0.49589719654293934,-0.008754748664701467,7.66456241820812e-05,0.9999233543758179,-0.2284586568836874,0.9990085922009253,False,344
2009-10-15,2100,2058,2142,flag_nested,-0.09655296298939615,False,0.22289407420485927,0.25823497628532477,-0.02050552819776963,0.0004204766866694465,0.9995795233133306,-0.09601998481043592,0.9990085922009253,False,344
2009-11-04,2114,2072,2156,market_1,0.32225216325949746,True,0.04747652883183828,0.051044844932424206,-0.15458338149490136,0.023896021834398318,0.9761039781656017,0.3276767776618414,0.9993705347307462,False,343
2009-11-04,2114,2072,2156,block_2_3,0.32339380268956525,True,0.186014691704421,0.37527551591019825,,0.0,1.0,0.32339380268956525,0.9993705347307462,False,343
2009-11-04,2114,2072,2156,block_4_6,0.10978656244037391,True,0.3991919306803197,0.5220111483673141,,0.0,1.0,0.10978656244037391,0.9993705347307462,False,343
2009-11-04,2114,2072,2156,top_3,0.3159775978990307,True,0.18925987436029867,0.37706756886467774,-0.020770024128530098,0.00043139390229973706,0.9995686060977003,0.31607202177300664,0.9993705347307462,False,343
2009-11-04,2114,2072,2156,top_6,0.027034767110957154,True,0.4217030805210875,0.44205994009332217,-0.018049574402635635,0.0003257871361163067,0.9996742128638837,0.02705239237376217,0.9993705347307462,False,343
2009-11-04,2114,2072,2156,flag_nested,0.15188505992163256,True,0.20936260926370825,0.2873471624995915,-0.03361801100669525,0.0011301706640461928,0.9988698293359538,0.15204773137450053,0.9993705347307462,False,343
2009-11-24,2128,2086,2170,market_1,0.43661452951419216,True,0.051251208225307605,0.05592479415951855,-0.06387226902004699,0.0040796667497692285,0.9959203332502308,0.4404001106056824,0.9994334812576716,False,345
2009-11-24,2128,2086,2170,block_2_3,0.6279329304210889,True,0.24619872095435816,0.4914623639725772,,0.0,1.0,0.6279329304210889,0.9994334812576716,False,345
2009-11-24,2128,2086,2170,block_4_6,0.2957852854198297,True,0.43101932695902356,0.7326708394445761,,0.0,1.0,0.2957852854198297,0.9994334812576716,False,345
2009-11-24,2128,2086,2170,top_3,0.6189474488910452,True,0.2486789552424946,0.49251935907973643,-0.007149745574923931,5.1118861786103587e-05,0.9999488811382139,0.6190459450015092,0.9994334812576716,False,345
2009-11-24,2128,2086,2170,top_6,0.09048717884478241,True,0.43011191745350996,0.615301267007649,-0.005231510657692874,2.7368703761521118e-05,0.9999726312962385,0.0905150989582149,0.9994334812576716,False,345
2009-11-24,2128,2086,2170,flag_nested,0.3421336920518483,True,0.2325363144270357,0.38351701025477214,-0.011245931595894978,0.00012647097745943636,0.9998735290225406,0.3422974757248889,0.9994334812576716,False,345
2009-12-15,2142,2100,2184,market_1,0.405276868952312,True,0.049035867374720814,0.05780878131567101,-0.06927343704605382,0.004798809080173383,0.9952011909198266,0.4118302361652448,0.9996380574701791,False,345
2009-12-15,2142,2100,2184,block_2_3,0.6700404558570187,True,0.2618938938309183,0.5449535779198476,,0.0,1.0,0.6700404558570187,0.9996380574701791,False,345
2009-12-15,2142,2100,2184,block_4_6,-0.10648355020309372,False,0.5042202640438199,1.0165054302143053,0.020340246318446636,0.00041372562029518,0.9995862743797048,-0.10601056446094737,0.9996380574701791,False,345
2009-12-15,2142,2100,2184,top_3,0.6621189206633952,True,0.26435836528110795,0.5463260074614722,-0.0076159284525991735,5.8002366195131216e-05,0.9999419976338049,0.6622694737301199,0.9996380574701791,False,345
2009-12-15,2142,2100,2184,top_6,-0.2958961383385728,False,0.4958971965429399,0.9187714224773883,-0.003376960955981745,1.1403865298076354e-05,0.9999885961347019,-0.29588325209514493,0.9996380574701791,False,345
2009-12-15,2142,2100,2184,flag_nested,0.08283009815333868,True,0.2582349762853249,0.4934802040612381,-0.009776266114508471,9.557537914151037e-05,0.9999044246208585,0.08299115547935718,0.9996380574701791,False,345
2010-01-06,2156,2114,2198,market_1,0.36033544056615063,True,0.05104484493242421,0.0487049222180892,-0.07707283646741477,0.0059402221211328765,0.9940597778788671,0.37017192972399005,0.9997010039971045,False,343
2010-01-06,2156,2114,2198,block_2_3,0.7436620128195013,True,0.3752755159101984,0.4142315580703409,,0.0,1.0,0.7436620128195013,0.9997010039971045,False,343
2010-01-06,2156,2114,2198,block_4_6,0.3933289335594106,True,0.5220111483673141,0.721588951345093,,0.0,1.0,0.3933289335594106,0.9997010039971045,False,343
2010-01-06,2156,2114,2198,top_3,0.7359007497272877,True,0.37706756886467785,0.4163377981957834,-0.00908099087130428,8.246439520476212e-05,0.9999175356047952,0.736091089887424,0.9997010039971045,False,343
2010-01-06,2156,2114,2198,top_6,0.18278884350955782,True,0.4420599400933221,0.665426401535291,-0.005890381630956783,3.469659575827677e-05,0.9999653034042417,0.18285802306569682,0.9997010039971045,False,343
2010-01-06,2156,2114,2198,flag_nested,0.4599022003369979,True,0.2873471624995915,0.36599172052631024,-0.012643376388884242,0.00015985496651083064,0.9998401450334892,0.46027807174437624,0.9997010039971045,False,343
2010-01-27,2170,2128,2212,market_1,0.054988779557621596,True,0.05592479415951857,0.04238727890175263,-0.07662371105882781,0.005871193096426697,0.9941288069035733,0.06027702119560044,0.9996380574701791,False,343
2010-01-27,2170,2128,2212,block_2_3,0.5629540162391403,True,0.4914623639725766,0.2262236470171584,,0.0,1.0,0.5629540162391403,0.9996380574701791,False,343
2010-01-27,2170,2128,2212,block_4_6,0.37294739822742873,True,0.732670839444576,0.4822543369745564,,0.0,1.0,0.37294739822742873,0.9996380574701791,False,343
2010-01-27,2170,2128,2212,top_3,0.5578766343320097,True,0.49251935907973576,0.22967218270814055,-0.014300334055417053,0.00020449955409651555,0.9997955004459035,0.5580332962571221,0.9996380574701791,False,343
2010-01-27,2170,2128,2212,top_6,0.2816995533254494,True,0.6153012670076482,0.4996668673625408,-0.0068101575847556465,4.637824632902632e-05,0.999953621753671,0.28174029199998885,0.9996380574701791,False,343
2010-01-27,2170,2128,2212,flag_nested,0.3758677638591464,True,0.3835170102547717,0.24696345540582443,-0.01623250894018313,0.00026349434649319825,0.9997365056535068,0.37611693728640494,0.9996380574701791,False,343
2010-02-17,2184,2142,2226,market_1,-0.07719457047532768,False,0.05780878131567103,0.045287171187309336,0.05674273991174148,0.0032197385326914185,0.9967802614673086,-0.08346793555633895,0.9996852673653731,False,344
2010-02-17,2184,2142,2226,block_2_3,0.1399326706172673,True,0.5449535779198473,0.17843370527459543,,0.0,1.0,0.1399326706172673,0.9996852673653731,False,344
2010-02-17,2184,2142,2226,block_4_6,-0.5050760213460648,False,1.0165054302143037,0.6199968443504312,-0.006623910839848638,4.3876194814385094e-05,0.9999561238051856,-0.5050672017405049,0.9996852673653731,False,344
2010-02-17,2184,2142,2226,top_3,0.14392530416931004,True,0.5463260074614723,0.18182285160218675,0.014311958770225555,0.00020483216384081793,0.9997951678361592,0.14381260692505826,0.9996852673653731,False,344
2010-02-17,2184,2142,2226,top_6,-0.565459434050111,False,0.9187714224773885,0.6437553328649586,0.004554016726020992,2.073906834088035e-05,0.9999792609316591,-0.5654900642589997,0.9996852673653731,False,344
2010-02-17,2184,2142,2226,flag_nested,-0.36185427081826294,False,0.49348020406123816,0.2866023943161406,0.011183906811951,0.0001250797715784957,0.9998749202284215,-0.3620614786203314,0.9996852673653731,False,344
2010-03-09,2198,2156,2240,market_1,0.046251263918947044,True,0.048704922218089176,0.05036111824017779,0.07005740781716652,0.004908040390060875,0.9950919596099391,0.03859405763213511,0.9996380574701791,False,343
2010-03-09,2198,2156,2240,block_2_3,0.1733744579537698,True,0.41423155807034084,0.17018911650644605,,0.0,1.0,0.1733744579537698,0.9996380574701791,False,343
2010-03-09,2198,2156,2240,block_4_6,-0.394017508305784,False,0.7215889513450934,0.7588593989613418,-0.002184297364871878,4.771154978211456e-06,0.9999952288450218,-0.3940501271728263,0.9996380574701791,False,343
2010-03-09,2198,2156,2240,top_3,0.17458191164307335,True,0.41633779819578326,0.17409213672352433,0.01988154812180766,0.0003952759557197538,0.9996047240442802,0.1743726926574354,0.9996380574701791,False,343
2010-03-09,2198,2156,2240,top_6,-0.45704566713506933,False,0.6654264015352912,0.7743209628710209,0.004877383318391278,2.378886803455771e-05,0.9999762111319654,-0.4570989920475853,0.9996380574701791,False,343
2010-03-09,2198,2156,2240,flag_nested,-0.2843589234771731,False,0.36599172052631035,0.3355111898436566,0.012925593849139752,0.00016707097635304535,0.999832929023647,-0.28466595931583305,0.9996380574701791,False,343
2010-03-29,2212,2170,2254,market_1,0.22336393784507028,True,0.042387278901752645,0.04155678511645289,-0.019552051607144686,0.0003822827220484326,0.9996177172779516,0.22932029881448,0.9995279010480597,False,343
2010-03-29,2212,2170,2254,block_2_3,0.27695247786039684,True,0.2262236470171586,0.17383031319999717,,0.0,1.0,0.27695247786039684,0.9995279010480597,False,343
2010-03-29,2212,2170,2254,block_4_6,0.26461030571412,True,0.48225433697455633,1.0329599280013912,-0.0014305580391697542,2.046496303420575e-06,0.9999979535036966,0.2646071403598075,0.9995279010480597,False,343
2010-03-29,2212,2170,2254,top_3,0.2736334868670451,True,0.22967218270814083,0.17805559359007891,-0.004880586564843015,2.3820125217066668e-05,0.9999761798747829,0.2738928545401857,0.9995279010480597,False,343
2010-03-29,2212,2170,2254,top_6,0.23545933849675782,True,0.4996668673625409,1.0413773493664915,-0.00046990484232003294,2.2081056083589345e-07,0.9999997791894392,0.23548517355654563,0.9995279010480597,False,343
2010-03-29,2212,2170,2254,flag_nested,0.22619265169743114,True,0.2469634554058245,0.43936244926148404,-0.0021999910833825453,4.839960766722662e-06,0.9999951600392333,0.22638805892532343,0.9995279010480597,False,343
2010-04-19,2226,2184,2268,market_1,0.054706181841859325,True,0.045287171187309336,0.0417429826303384,-0.04018338935424515,0.0016147047799950354,0.998385295220005,0.06365024434991597,0.9992131684134328,False,346
2010-04-19,2226,2184,2268,block_2_3,0.1210204726059404,True,0.1784337052745954,0.22987335643393947,,0.0,1.0,0.1210204726059404,0.9992131684134328,False,346
2010-04-19,2226,2184,2268,block_4_6,-0.642350882137006,False,0.6199968443504315,1.0848576572763116,-0.0016794404390415767,2.820520188184794e-06,0.9999971794798118,-0.6423973154742443,0.9992131684134328,False,346
2010-04-19,2226,2184,2268,top_3,0.12635541459894567,True,0.18182285160218675,0.23321745391879778,-0.00694320279115588,4.8208064999166744e-05,0.9999517919350008,0.12682709707357484,0.9992131684134328,False,346
2010-04-19,2226,2184,2268,top_6,-0.6203259497614972,False,0.6437553328649591,1.0826450560577372,-0.001481590288162873,2.195109781943927e-06,0.9999978048902181,-0.6203630546888509,0.9992131684134328,False,346
2010-04-19,2226,2184,2268,flag_nested,-0.527726336623652,False,0.28660239431614076,0.4639245518084909,-0.004372628981166061,1.9119884207108306e-05,0.9999808801157929,-0.5279314295254265,0.9992131684134328,False,346
2010-05-07,2240,2198,2282,market_1,-0.03281863353544911,False,0.050361118240177805,0.03968911670156383,-0.03672760967832097,0.0013489173126832732,0.9986510826873167,-0.025965943232027097,0.9989456456739999,False,343
2010-05-07,2240,2198,2282,block_2_3,0.1333381678393621,True,0.170189116506446,0.24836971472348304,,0.0,1.0,0.1333381678393621,0.9989456456739999,False,343
2010-05-07,2240,2198,2282,block_4_6,0.752724097098687,True,0.7588593989613414,1.4491121403357607,-0.0033930741494538575,1.1512952183712066e-05,0.9999884870478163,0.7527234088359094,0.9989456456739999,False,343
2010-05-07,2240,2198,2282,top_3,0.13911699086898793,True,0.17409213672352442,0.25105865377193537,-0.0057899662180303435,3.352370880604916e-05,0.999966476291194,0.13967818184068237,0.9989456456739999,False,343
2010-05-07,2240,2198,2282,top_6,0.737341903428039,True,0.7743209628710209,1.4479184376237362,-0.0009174524444169981,8.417189876208653e-07,0.9999991582810124,0.7374146289805247,0.9989456456739999,False,343
2010-05-07,2240,2198,2282,flag_nested,0.6828803563106852,True,0.33551118984365647,0.6099153019321093,-0.002896457627258097,8.38946678649588e-06,0.9999916105332135,0.6834526924872145,0.9989456456739999,False,343
2010-05-27,2254,2212,2296,market_1,0.15837612293076644,True,0.041556785116452846,0.03632972413176872,-0.06739179544481197,0.004541654093275449,0.9954583459067246,0.16935614377754113,0.9990715387278507,False,346
2010-05-27,2254,2212,2296,block_2_3,0.19056506510310298,True,0.1738303131999971,0.3029685319111601,,0.0,1.0,0.19056506510310298,0.9990715387278507,False,346
2010-05-27,2254,2212,2296,block_4_6,-0.020588523636469305,False,1.0329599280013906,0.485180429722101,,0.0,1.0,-0.020588523636469305,0.9990715387278507,False,346
2010-05-27,2254,2212,2296,top_3,0.19051274326610387,True,0.17805559359007878,0.305088035143697,-0.008117332532944,6.589108745036487e-05,0.9999341089125496,0.19086904258990522,0.9990715387278507,False,346
2010-05-27,2254,2212,2296,top_6,-0.041658104875139663,False,1.0413773493664922,0.44363148400433233,-0.005565820886733924,3.097836214327465e-05,0.9999690216378567,-0.041629426528847956,0.9990715387278507,False,346
2010-05-27,2254,2212,2296,flag_nested,0.004291275912841406,True,0.4393624492614844,0.25524021532290975,-0.01178920574418189,0.0001389853720784595,0.9998610146279215,0.004475908860105556,0.9990715387278507,False,346
2010-06-17,2268,2226,2310,market_1,0.09378256710475086,True,0.04174298263033836,0.03963147817100996,-0.05287653737187888,0.002795928204439635,0.9972040717955604,0.09634132784713384,0.9992446416768955,False,342
2010-06-17,2268,2226,2310,block_2_3,0.504371867514634,True,0.22987335643393952,0.2505023388928451,,0.0,1.0,0.504371867514634,0.9992446416768955,False,342
2010-06-17,2268,2226,2310,block_4_6,0.23462598981508187,True,1.0848576572763111,0.46872301359149876,,0.0,1.0,0.23462598981508187,0.9992446416768955,False,342
2010-06-17,2268,2226,2310,top_3,0.49863205617813766,True,0.23321745391879772,0.25295062885095637,-0.008469136749785156,7.172627728657677e-05,0.9999282737227134,0.4987292792815929,0.9992446416768955,False,342
2010-06-17,2268,2226,2310,top_6,0.18203721793728908,True,1.0826450560577383,0.46075442524123056,-0.004761980869428325,2.2676461800763548e-05,0.9999773235381992,0.18204741146104866,0.9992446416768955,False,342
2010-06-17,2268,2226,2310,flag_nested,0.2240634070519185,True,0.4639245518084912,0.2414147903587243,-0.01073945296968141,0.00011533585008816072,0.9998846641499118,0.22413057812674084,0.9992446416768955,False,342
2010-07-08,2282,2240,2324,market_1,0.03150187971109191,True,0.039689116701563824,0.0422751620972489,-0.03754674916748751,0.0014097583730463548,0.9985902416269536,0.030613389862323166,0.9991659585182388,False,341
2010-07-08,2282,2240,2324,block_2_3,0.5895581343804596,True,0.24836971472348304,0.3177410089631131,0.009487580681100208,9.001418718035392e-05,0.9999099858128196,0.5895418811531773,0.9991659585182388,False,341
2010-07-08,2282,2240,2324,block_4_6,0.4866403311841698,True,1.4491121403357612,0.6283210130228304,,0.0,1.0,0.4866403311841698,0.9991659585182388,False,341
2010-07-08,2282,2240,2324,top_3,0.5819286431120949,True,0.25105865377193554,0.3202317431678735,-0.005159169657305487,2.6617031553044512e-05,0.999973382968447,0.5819202087481871,0.9991659585182388,False,341
2010-07-08,2282,2240,2324,top_6,0.47286405595007497,True,1.4479184376237362,0.5974886022049569,-0.0025720592668815596,6.615488872152575e-06,0.9999933845111278,0.47286402105664466,0.9991659585182388,False,341
2010-07-08,2282,2240,2324,flag_nested,0.4448259896447319,True,0.6099153019321094,0.3089801785475338,-0.0063266272000751505,4.0026211728716454e-05,0.9999599737882713,0.4448232880916412,0.9991659585182388,False,341
2010-07-28,2296,2254,2338,market_1,0.07022706022023739,True,0.03632972413176875,0.0491691807578264,0.03871128955883181,0.0014985639393078065,0.9985014360606922,0.06795158938027135,0.9992918515720896,False,344
2010-07-28,2296,2254,2338,block_2_3,0.5906324324308647,True,0.30296853191116035,0.3232515158352205,-0.008099229580734781,6.559751980161899e-05,0.9999344024801984,0.5905962985104429,0.9992918515720896,False,344
2010-07-28,2296,2254,2338,block_4_6,0.33227209138559344,True,0.48518042972210024,0.4734402283908763,0.013291877733420736,0.00017667401368026692,0.9998233259863197,0.33248880102293565,0.9992918515720896,False,344
2010-07-28,2296,2254,2338,top_3,0.5808791037250955,True,0.3050880351436975,0.3268882536774906,0.0064776026816526925,4.195933650130712e-05,0.9999580406634987,0.5808579037994406,0.9992918515720896,False,344
2010-07-28,2296,2254,2338,top_6,0.10303007876991044,True,0.443631484004332,0.4318456570391175,0.003955482575117729,1.5645842402101096e-05,0.9999843541575979,0.10301062039064174,0.9992918515720896,False,344
2010-07-28,2296,2254,2338,flag_nested,0.33866373711333986,True,0.25524021532290986,0.2629030817324643,0.00898754601865182,8.07759834374755e-05,0.9999192240165625,0.3385973007146853,0.9992918515720896,False,344
2010-08-17,2310,2268,2352,market_1,0.09106669207221485,True,0.03963147817100992,0.047542813902207035,0.04329577023191496,0.0018745237199746523,0.9981254762800253,0.08725014525926673,0.9991974317817014,False,343
2010-08-17,2310,2268,2352,block_2_3,0.35377963295458825,True,0.2505023388928454,0.3088920033458939,0.004920400036427126,2.4210336518337705e-05,0.9999757896634817,0.35394172628650583,0.9991974317817014,False,343
2010-08-17,2310,2268,2352,block_4_6,0.12814535707363314,True,0.468723013591499,0.46258368222927077,,0.0,1.0,0.12814535707363314,0.9991974317817014,False,343
2010-08-17,2310,2268,2352,top_3,0.35195160806086623,True,0.25295062885095665,0.31219867806907964,0.006233894311382187,3.886143828546462e-05,0.9999611385617145,0.3519034619945328,0.9991974317817014,False,343
2010-08-17,2310,2268,2352,top_6,0.026682337097539924,True,0.4607544252412306,0.44348935387074684,0.004226376605618033,1.786225921263096e-05,0.9999821377407874,0.02664481089757542,0.9991974317817014,False,343
2010-08-17,2310,2268,2352,flag_nested,0.16489792215113938,True,0.24141479035872435,0.25986559060897024,0.009487682116527304,9.001611194447978e-05,0.9999099838880555,0.16474520640177864,0.9991974317817014,False,343
2010-09-07,2324,2282,2366,market_1,0.18062400763181347,True,0.04227516209724892,0.04151238357359096,0.07921030585495338,0.006274272553635329,0.9937257274463647,0.17638134368043676,0.9992289050451642,False,340
2010-09-07,2324,2282,2366,block_2_3,0.3575685780450418,True,0.3177410089631127,0.27549978429217825,0.006579001798075921,4.32832646590775e-05,0.9999567167353409,0.357550487742315,0.9992289050451642,False,340
2010-09-07,2324,2282,2366,block_4_6,0.09827704774771036,True,0.6283210130228304,0.49633140644426355,,0.0,1.0,0.09827704774771036,0.9992289050451642,False,340
2010-09-07,2324,2282,2366,top_3,0.3553261159566458,True,0.32023174316787295,0.2785469880681486,0.011779912260169906,0.00013876633285725415,0.9998612336671427,0.35526286556548253,0.9992289050451642,False,340
2010-09-07,2324,2282,2366,top_6,0.013672327933394814,True,0.5974886022049567,0.523300605255448,0.006086787626279963,3.7048983607235186e-05,0.9999629510163928,0.013645888802232858,0.9992289050451642,False,340
2010-09-07,2324,2282,2366,flag_nested,0.1386706927038827,True,0.3089801785475335,0.270604274579492,0.014823541747902782,0.00021973738995195724,0.999780262610048,0.13853294819842757,0.9992289050451642,False,340
2010-09-27,2338,2296,2380,market_1,0.23292278875134204,True,0.04916918075782639,0.037189130665418214,0.038938849615200555,0.0015162340093551885,0.9984837659906448,0.22989087767912436,0.9992918515720896,False,339
2010-09-27,2338,2296,2380,block_2_3,0.11076891627027652,True,0.3232515158352207,0.23465003757671068,,0.0,1.0,0.11076891627027652,0.9992918515720896,False,339
2010-09-27,2338,2296,2380,block_4_6,0.29509316884599607,True,0.4734402283908764,0.5162957470936863,,0.0,1.0,0.29509316884599607,0.9992918515720896,False,339
2010-09-27,2338,2296,2380,top_3,0.11433765092832653,True,0.32688825367749064,0.23737253711041562,0.005878987792365863,3.456249746280893e-05,0.9999654375025372,0.11423953198678072,0.9992918515720896,False,339
2010-09-27,2338,2296,2380,top_6,0.2728715360938055,True,0.43184565703911765,0.5523808308480802,0.002530696347568506,6.404424003569886e-06,0.9999935955759964,0.272867433475135,0.9992918515720896,False,339
2010-09-27,2338,2296,2380,flag_nested,0.20313184311247603,True,0.26290308173246435,0.2664939691859161,0.006575800930879764,4.324115788256755e-05,0.9999567588421174,0.2030297823770607,0.9992918515720896,False,339
2010-10-15,2352,2310,2394,market_1,0.17726236326653388,True,0.047542813902207076,0.03845443540022105,-0.03979278483309532,0.00158346572477297,0.998416534275227,0.1822663477772684,0.9993547980990148,False,342
2010-10-15,2352,2310,2394,block_2_3,0.27913771321331254,True,0.30889200334589345,0.35183404158529424,0.0055786801807098,3.1121672558698243e-05,0.9999688783274413,0.27912519555379467,0.9993547980990148,False,342
2010-10-15,2352,2310,2394,block_4_6,0.3153646675559197,True,0.46258368222927,0.5926873383557453,,0.0,1.0,0.3153646675559197,0.9993547980990148,False,342
2010-10-15,2352,2310,2394,top_3,0.2784189361409912,True,0.3121986780690793,0.3538521475231257,-0.004408224798392651,1.943244587310211e-05,0.9999805675541269,0.27852196304027266,0.9993547980990148,False,342
2010-10-15,2352,2310,2394,top_6,0.2599258826644451,True,0.4434893538707461,0.5733856357511399,-0.00271210194762692,7.35549697439275e-06,0.9999926445030256,0.2599698943810413,0.9993547980990148,False,342
2010-10-15,2352,2310,2394,flag_nested,0.26541210193232156,True,0.2598655906089699,0.31306714761929627,-0.006022893262916035,3.627524325655607e-05,0.9999637247567434,0.26561747594766355,0.9993547980990148,False,342
