date,start,past_start,future_start,component,cosine,positive_cosine,incoming_speed,outgoing_speed,erse_outgoing_cosine,outgoing_erse_attributed_fraction,outgoing_residual_energy_fraction,residual_cosine,positive_correlation_fraction,all_correlations_positive,erse_rotations
2001-08-06,42,0,84,market_1,0.24479115959133932,True,0.10211549984000133,0.08126869884015961,-0.05479539990478757,0.0030025358507256295,0.9969974641492744,0.2486855643959862,0.8689610675730967,False,342
2001-08-06,42,0,84,block_2_3,0.5030251248838603,True,0.2913767031854908,0.28543473506268996,,0.0,1.0,0.5030251248838603,0.8689610675730967,False,342
2001-08-06,42,0,84,block_4_6,0.23126130800368838,True,0.4323161506647812,0.4164550522031977,,0.0,1.0,0.23126130800368838,0.8689610675730967,False,342
2001-08-06,42,0,84,top_3,0.47029481567963183,True,0.2916968032073234,0.2941021647964005,-0.01598835168053175,0.00025562738946027785,0.9997443726105397,0.4707685188696751,0.8689610675730967,False,342
2001-08-06,42,0,84,top_6,0.029171958515994714,True,0.43002202317553256,0.4118956690974433,-0.01202170289201515,0.00014452134042397535,0.999855478659576,0.02932727320845538,0.8689610675730967,False,342
2001-08-06,42,0,84,flag_nested,0.24537919210957423,True,0.2638365789221812,0.25241428160999,-0.022144550840819576,0.000490381131941664,0.9995096188680583,0.24612087161220952,0.8689610675730967,False,342
2001-08-24,56,14,98,market_1,-0.385488986381441,False,0.13316237608777215,0.08945435895061774,-0.13248735140862727,0.017552898283273,0.982447101716727,-0.38597432011513566,0.8633902999402008,False,338
2001-08-24,56,14,98,block_2_3,0.1322206606365111,True,0.23798369137896838,0.304603290179647,,0.0,1.0,0.1322206606365111,0.8633902999402008,False,338
2001-08-24,56,14,98,block_4_6,0.22892388814818074,True,0.43124222470416695,0.45040545643406893,-0.008872408923873159,7.871964011230137e-05,0.9999212803598877,0.22923969764652347,0.8633902999402008,False,338
2001-08-24,56,14,98,top_3,0.2156101045045133,True,0.22315844348763275,0.3109296934228258,-0.03725428811961128,0.0013878819832989775,0.998612118016701,0.21632040000557518,0.8633902999402008,False,338
2001-08-24,56,14,98,top_6,0.14487506574385003,True,0.4523442491650857,0.44074602845839894,-0.02676603106737825,0.0007164204190999168,0.9992835795809001,0.14508703901388492,0.8633902999402008,False,338
2001-08-24,56,14,98,flag_nested,0.07389600292925765,True,0.2616002076911825,0.2694513265005613,-0.05357092878909385,0.0028698444113260946,0.9971301555886739,0.07477146153405517,0.8633902999402008,False,338
2001-09-20,70,28,112,market_1,-0.1246649632432237,False,0.09330790689103187,0.07680416981608892,0.03990240615045536,0.0015922020165958228,0.9984077979834042,-0.1274829079036864,0.8798193434677242,False,340
2001-09-20,70,28,112,block_2_3,0.22730230433351709,True,0.24037373306730395,0.30447609122272734,,0.0,1.0,0.22730230433351709,0.8798193434677242,False,340
2001-09-20,70,28,112,block_4_6,0.05779338849660778,True,0.4048848552448138,0.4900134518618661,,0.0,1.0,0.05779338849660778,0.8798193434677242,False,340
2001-09-20,70,28,112,top_3,0.24374935143633036,True,0.24860029592563784,0.3104572444621235,0.009017240452557137,8.131062537919398e-05,0.9999186893746208,0.24361874575804787,0.8798193434677242,False,340
2001-09-20,70,28,112,top_6,0.0018171214494137322,True,0.41984970511195224,0.49372019364984565,0.005860173935249415,3.434163855131622e-05,0.9999656583614487,0.0017359016978168243,0.8798193434677242,False,340
2001-09-20,70,28,112,flag_nested,0.08007369467340039,True,0.24225199761183103,0.28045210937059656,0.013043005847978335,0.00017012000155058882,0.9998298799984494,0.07973590613979858,0.8798193434677242,False,340
2001-10-10,84,42,126,market_1,0.1484027758274567,True,0.08126869884015955,0.0698121492240978,-0.0651867517915923,0.0042493126091385225,0.9957506873908615,0.150931201224162,0.88539011110062,False,341
2001-10-10,84,42,126,block_2_3,0.0001907700939957866,True,0.2854347350626903,0.30804019355597084,,0.0,1.0,0.0001907700939957866,0.88539011110062,False,341
2001-10-10,84,42,126,block_4_6,0.1715693224811564,True,0.416455052203198,0.4896044861890445,-0.024348591641330176,0.0005928539149161471,0.9994071460850839,0.17031894275366458,0.88539011110062,False,341
2001-10-10,84,42,126,top_3,0.01206307743629778,True,0.2941021647964009,0.3157767582708291,-0.014823337090194332,0.00021973132248942484,0.9997802686775106,0.012193238777863985,0.88539011110062,False,341
2001-10-10,84,42,126,top_6,0.19811845754439847,True,0.41189566909744374,0.504685273858293,-0.010047165369272434,0.00010094553195771905,0.9998990544680423,0.19819164001191253,0.88539011110062,False,341
2001-10-10,84,42,126,flag_nested,0.11277180899257654,True,0.2524142816099903,0.2838366798158211,-0.020010566907914997,0.00040042278797614017,0.9995995772120239,0.11305648972466907,0.88539011110062,False,341
2001-10-30,98,56,140,market_1,0.11230086639683307,True,0.08945435895061758,0.06396163654993918,-0.11450573157051012,0.013111562562497792,0.9868884374375022,0.11600338637200924,0.8891196928209486,False,340
2001-10-30,98,56,140,block_2_3,0.33701135124493187,True,0.3046032901796466,0.24405735262475126,,0.0,1.0,0.33701135124493187,0.8891196928209486,False,340
2001-10-30,98,56,140,block_4_6,0.08930806955921532,True,0.450405456434069,0.49635987702100215,-0.024357320730021923,0.0005932790731452142,0.9994067209268548,0.08771383329594136,0.8891196928209486,False,340
2001-10-30,98,56,140,top_3,0.33709453062165345,True,0.3109296934228255,0.25194495920741555,-0.029389874593440335,0.0008637647286180439,0.999136235271382,0.33747965718576955,0.8891196928209486,False,340
2001-10-30,98,56,140,top_6,0.039334661285258525,True,0.44074602845839905,0.5261572537479385,-0.013628503031370195,0.00018573609487582132,0.9998142639051242,0.03946808694545925,0.8891196928209486,False,340
2001-10-30,98,56,140,flag_nested,0.15230589161217106,True,0.26945132650056114,0.2671892357838367,-0.03357595080837377,0.0011273444726862536,0.9988726555273137,0.1527850300114687,0.8891196928209486,False,340
2001-11-19,112,70,154,market_1,-0.004548147575282538,False,0.07680416981608891,0.06731311487801384,-0.09852855683692488,0.009707876512367042,0.990292123487633,0.0008725899225685305,0.8900324174613665,False,341
2001-11-19,112,70,154,block_2_3,0.053638308744753026,True,0.30447609122272773,0.24068598703266217,,0.0,1.0,0.053638308744753026,0.8900324174613665,False,341
2001-11-19,112,70,154,block_4_6,0.05020226321881426,True,0.49001345186186607,0.4651014111590699,0.019720278648159412,0.0003888893899609558,0.999611110610039,0.04928619075388345,0.8900324174613665,False,341
2001-11-19,112,70,154,top_3,0.06792429717377561,True,0.3104572444621241,0.24816606131794955,-0.026772568259744514,0.0007167704112226447,0.9992832295887774,0.06832710675183537,0.8900324174613665,False,341
2001-11-19,112,70,154,top_6,0.05312463806621327,True,0.4937201936498455,0.4844646710828117,-0.01496711242463902,0.00022401445433184453,0.9997759855456682,0.05321583751909611,0.8900324174613665,False,341
2001-11-19,112,70,154,flag_nested,0.054029991731226946,True,0.28045210937059667,0.2533328305197827,-0.03240836510557437,0.001050302128816405,0.9989496978711836,0.05464504135716367,0.8900324174613665,False,341
2001-12-10,126,84,168,market_1,0.056065677119588486,True,0.06981214922409788,0.06785288415841274,-0.0777710146992597,0.006048330727352336,0.9939516692726477,0.06896539213368137,0.8958234979385012,False,344
2001-12-10,126,84,168,block_2_3,0.07538914091466707,True,0.3080401935559706,0.18848352243930352,,0.0,1.0,0.07538914091466707,0.8958234979385012,False,344
2001-12-10,126,84,168,block_4_6,0.048731608295490086,True,0.489604486189044,0.38159241674028865,0.05844413146313458,0.0034157165024802927,0.9965842834975197,0.047215980258399834,0.8958234979385012,False,344
2001-12-10,126,84,168,top_3,0.07436660776562105,True,0.315776758270829,0.2001445363086566,-0.0261038405442442,0.0006814104911594399,0.9993185895088406,0.07532013415973506,0.8958234979385012,False,344
2001-12-10,126,84,168,top_6,0.035933223396290015,True,0.5046852738582922,0.41771060236757873,-0.01440892461432604,0.00020761710854133586,0.9997923828914587,0.03624412031666415,0.8958234979385012,False,344
2001-12-10,126,84,168,flag_nested,0.050273939723786444,True,0.2838366798158209,0.2168801133846338,-0.030198609631543787,0.0009119560236783286,0.9990880439763217,0.05174055957617606,0.8958234979385012,False,344
2001-12-31,140,98,182,market_1,0.03002406769842639,True,0.06396163654993918,0.07225114331234152,-0.032675134190205415,0.0010676643943478004,0.9989323356056522,0.030525961453494854,0.8999779687155761,False,341
2001-12-31,140,98,182,block_2_3,0.013170806650239052,True,0.24405735262475128,0.23488822006015567,,0.0,1.0,0.013170806650239052,0.8999779687155761,False,341
2001-12-31,140,98,182,block_4_6,0.14681760405008712,True,0.49635987702100204,0.43027871333436674,-0.025184877872390703,0.0006342780734472919,0.9993657219265527,0.1463152685550894,0.8999779687155761,False,341
2001-12-31,140,98,182,top_3,0.01527425847701052,True,0.2519449592074155,0.24546932800845767,-0.009513023666881764,9.049761928658917e-05,0.9999095023807134,0.015309433564247955,0.8999779687155761,False,341
2001-12-31,140,98,182,top_6,0.1417319337199033,True,0.526157253747938,0.4548024540331048,-0.003415383866538248,1.1664846955805608e-05,0.9999883351530442,0.141743692306846,0.8999779687155761,False,341
2001-12-31,140,98,182,flag_nested,0.09347252615483437,True,0.2671892357838366,0.24449847321950877,-0.011348699251421528,0.00012879297469914341,0.9998712070253009,0.09353196752974792,0.8999779687155761,False,341
2002-01-22,154,112,196,market_1,0.07346410517131634,True,0.06731311487801382,0.07051953550090051,-0.028289392823789433,0.0008002897463386116,0.9991997102536614,0.07419986435556505,0.8989393510213074,False,342
2002-01-22,154,112,196,block_2_3,0.18026520198269272,True,0.2406859870326618,0.2287040677933046,,0.0,1.0,0.18026520198269272,0.8989393510213074,False,342
2002-01-22,154,112,196,block_4_6,0.20000470988030994,True,0.46510141115907,0.4099347386986175,0.020267713073911713,0.00041078019324636283,0.9995892198067536,0.1995010049877061,0.8989393510213074,False,342
2002-01-22,154,112,196,top_3,0.18568114990327203,True,0.24816606131794927,0.23608553795202508,-0.007415920167912592,5.499587193691369e-05,0.9999450041280631,0.1857435883940353,0.8989393510213074,False,342
2002-01-22,154,112,196,top_6,0.1926141736168212,True,0.4844646710828115,0.4422124805759646,-0.00452507231404199,2.0476279447234624e-05,0.9999795237205528,0.1926297529824513,0.8989393510213074,False,342
2002-01-22,154,112,196,flag_nested,0.18079500247359676,True,0.25333283051978256,0.23694678367406977,-0.010034656839000974,0.0001006943378764058,0.9998993056621236,0.1808887909746897,0.8989393510213074,False,342
2002-02-11,168,126,210,market_1,0.24680088581768858,True,0.06785288415841279,0.07045440545995768,-0.049459113267261476,0.0024462038851839063,0.9975537961148161,0.248307188266561,0.9113398168256066,False,338
2002-02-11,168,126,210,block_2_3,0.01715915775339915,True,0.18848352243930358,0.284498322701846,,0.0,1.0,0.01715915775339915,0.9113398168256066,False,338
2002-02-11,168,126,210,block_4_6,0.06747176839473557,True,0.38159241674028865,0.4285048198119096,,0.0,1.0,0.06747176839473557,0.9113398168256066,False,338
2002-02-11,168,126,210,top_3,0.031365094228530774,True,0.2001445363086566,0.2911165473515997,-0.011692983241412373,0.0001367258570841301,0.9998632741429159,0.03145883516161848,0.9113398168256066,False,338
2002-02-11,168,126,210,top_6,0.02030309048455746,True,0.417710602367579,0.4437058405056822,-0.007654126612970156,5.8585654207465865e-05,0.9999414143457925,0.020337196766778077,0.9113398168256066,False,338
2002-02-11,168,126,210,flag_nested,0.04335615471469042,True,0.21688011338463387,0.25695508708559134,-0.016476781883787733,0.00027148434124601994,0.999728515658754,0.04351143550684095,0.9113398168256066,False,338
2002-03-04,182,140,224,market_1,0.20244046265582225,True,0.07225114331234157,0.06751694899418967,-0.033046678908570264,0.0010920829868861226,0.9989079170131139,0.2091448903545334,0.9180121486796966,False,339
2002-03-04,182,140,224,block_2_3,-0.11884701077908069,False,0.2348882200601561,0.2776521958482119,,0.0,1.0,-0.11884701077908069,0.9180121486796966,False,339
2002-03-04,182,140,224,block_4_6,0.031220505412604932,True,0.43027871333436707,0.40448761155260665,-0.009843806164601824,9.690051980637548e-05,0.9999030994801936,0.03150758349913978,0.9180121486796966,False,339
2002-03-04,182,140,224,top_3,-0.09687933518950963,False,0.24546932800845808,0.28132681468868787,-0.006660242461181571,4.435882964159976e-05,0.9999556411703584,-0.09669070485249494,0.9180121486796966,False,339
2002-03-04,182,140,224,top_6,-0.06937631557795286,False,0.4548024540331055,0.45812561901056015,-0.003169479889290028,1.0045602768626871e-05,0.9999899543972314,-0.06932417883209287,0.9180121486796966,False,339
2002-03-04,182,140,224,flag_nested,-0.058171487422175525,False,0.2444984732195091,0.25674886125306695,-0.009851695180181067,9.705589792330382e-05,0.9999029441020767,-0.057753849153251643,0.9180121486796966,False,339
2002-03-22,196,154,238,market_1,0.2524633100375068,True,0.07051953550090048,0.07046912272160352,-0.04430935201473131,0.001963318675965331,0.9980366813240347,0.25568496716956346,0.9204041167028609,False,339
2002-03-22,196,154,238,block_2_3,-0.12746897037037255,False,0.2287040677933049,0.2793085361184207,,0.0,1.0,-0.12746897037037255,0.9204041167028609,False,339
2002-03-22,196,154,238,block_4_6,0.1335439319895284,True,0.4099347386986173,0.4600908730076219,,0.0,1.0,0.1335439319895284,0.9204041167028609,False,339
2002-03-22,196,154,238,top_3,-0.10776019686271116,False,0.23608553795202528,0.28567055918114115,-0.009820539625695533,9.644299853972527e-05,0.9999035570014603,-0.1076021700739819,0.9204041167028609,False,339
2002-03-22,196,154,238,top_6,0.04037735384176642,True,0.4422124805759644,0.5118951731576717,-0.0044635880950822686,1.99236186825269e-05,0.9999800763813175,0.040425997969199476,0.9204041167028609,False,339
2002-03-22,196,154,238,flag_nested,0.005446520096753092,True,0.23694678367406982,0.2753928674369185,-0.013159165675299388,0.00017316364127006878,0.9998268363587299,0.005732731918946308,0.9204041167028609,False,339
2002-04-12,210,168,252,market_1,0.278834648008337,True,0.07045440545995761,0.0705041270774936,0.005562555726353599,3.094202620879116e-05,0.9999690579737912,0.27928003461118434,0.9271551317156076,False,339
2002-04-12,210,168,252,block_2_3,0.10563951496438764,True,0.28449832270184594,0.20166293992156806,,0.0,1.0,0.10563951496438764,0.9271551317156076,False,339
2002-04-12,210,168,252,block_4_6,0.17220786028834795,True,0.42850481981190935,0.4330009288111257,,0.0,1.0,0.17220786028834795,0.9271551317156076,False,339
2002-04-12,210,168,252,top_3,0.1040932562631517,True,0.29111654735159975,0.2101542200839156,0.0022192102755471694,4.924894247082534e-06,0.9999950751057529,0.10406997249461221,0.9271551317156076,False,339
2002-04-12,210,168,252,top_6,0.13640544732055462,True,0.44370584050568224,0.4764121684805385,0.0014410838176526191,2.0767225694662272e-06,0.9999979232774305,0.13639856520752164,0.9271551317156076,False,339
2002-04-12,210,168,252,flag_nested,0.1349021542950473,True,0.25695508708559134,0.23983436587370144,0.0022539529335893595,5.080303826621169e-06,0.9999949196961734,0.13489091471612497,0.9271551317156076,False,339
2002-05-02,224,182,266,market_1,0.30524209064957464,True,0.06751694899418963,0.06675164338334302,-0.01480543492033269,0.0002192009031803943,0.9997807990968196,0.3061728512734867,0.931057816384981,False,338
2002-05-02,224,182,266,block_2_3,-0.04141708270104532,False,0.2776521958482115,0.24669593230230016,,0.0,1.0,-0.04141708270104532,0.931057816384981,False,338
2002-05-02,224,182,266,block_4_6,-0.03002203998869854,False,0.4044876115526068,0.7808223758210415,,0.0,1.0,-0.03002203998869854,0.931057816384981,False,338
2002-05-02,224,182,266,top_3,-0.03229960983943695,False,0.2813268146886875,0.2548625567666855,-0.0037382342568888197,1.3974395359550584e-05,0.9999860256046404,-0.032264799779576525,0.931057816384981,False,338
2002-05-02,224,182,266,top_6,-0.02866067086767626,False,0.4581256190105601,0.8142784533268227,-0.0016847143448546834,2.838262423865423e-06,0.9999971617375761,-0.028651139748274154,0.931057816384981,False,338
2002-05-02,224,182,266,flag_nested,-0.012415488832600427,False,0.25674886125306673,0.3696155517565715,-0.0033897839924928704,1.1490635515865044e-05,0.9999885093644841,-0.012371149724947217,0.931057816384981,False,338
2002-05-22,238,196,280,market_1,0.3098601088425095,True,0.07046912272160358,0.0781102309243097,-0.10747820145177496,0.011551563787308483,0.9884484362126915,0.31058453322368507,0.9372737859188619,False,340
2002-05-22,238,196,280,block_2_3,0.08562200053391086,True,0.27930853611842044,0.24438895995585588,,0.0,1.0,0.08562200053391086,0.9372737859188619,False,340
2002-05-22,238,196,280,block_4_6,-0.5071133703015474,False,0.46009087300762164,1.5227936230075527,-0.04280610054682868,0.0018323622440251652,0.9981676377559748,-0.5078826481020224,0.9372737859188619,False,340
2002-05-22,238,196,280,top_3,0.07935688016441554,True,0.28567055918114104,0.2467757680785107,-0.0319933364499733,0.0010235735772010646,0.9989764264227989,0.07930919677777708,0.9372737859188619,False,340
2002-05-22,238,196,280,top_6,-0.43699275005772853,False,0.5118951731576716,1.5409310073400795,-0.004019448913086715,1.6155969564946027e-05,0.999983844030435,-0.43699852992472626,0.9372737859188619,False,340
2002-05-22,238,196,280,flag_nested,-0.30111877537166326,False,0.2753928674369183,0.6497271450198514,-0.015154462451853172,0.00022965773220451347,0.9997703422677955,-0.30120081230962203,0.9372737859188619,False,340
2002-06-12,252,210,294,market_1,0.2462482316837144,True,0.07050412707749361,0.08099157248023268,-0.13233817731699374,0.01751339317558409,0.9824866068244159,0.25846816060920236,0.9410348409026532,False,340
2002-06-12,252,210,294,block_2_3,0.2405168931313558,True,0.20166293992156806,0.2561295990291768,,0.0,1.0,0.2405168931313558,0.9410348409026532,False,340
2002-06-12,252,210,294,block_4_6,0.5607920465471701,True,0.433000928811126,1.3781400920080233,0.034192530753157695,0.0011691291593056707,0.9988308708406943,0.5622760872935934,0.9410348409026532,False,340
2002-06-12,252,210,294,top_3,0.21314511977894973,True,0.2101542200839155,0.2596313560018597,-0.0398690739235382,0.0015895430555206147,0.9984104569444794,0.21427054873781815,0.9410348409026532,False,340
2002-06-12,252,210,294,top_6,0.5120653841612185,True,0.47641216848053897,1.3921654314327312,-0.00696878684189557,4.856399004771195e-05,0.9999514360099523,0.5121854112709436,0.9410348409026532,False,340
2002-06-12,252,210,294,flag_nested,0.4348952279967349,True,0.23983436587370158,0.5933379137545957,-0.02172285827289453,0.0004718825715442909,0.9995281174284557,0.43568532527527226,0.9410348409026532,False,340
2002-07-02,266,224,308,market_1,0.21375820727953956,True,0.06675164338334308,0.08162083336238517,-0.14490228228334553,0.02099667141092243,0.9790033285890776,0.22130290161727156,0.9468731312749818,False,337
2002-07-02,266,224,308,block_2_3,-0.03506863654076666,False,0.24669593230230005,0.2954032313377028,,0.0,1.0,-0.03506863654076666,0.9468731312749818,False,337
2002-07-02,266,224,308,block_4_6,0.48812339275533845,True,0.7808223758210411,1.0484166778140556,0.012676257207193547,0.0001606874967828853,0.9998393125032171,0.4883137490248345,0.9468731312749818,False,337
2002-07-02,266,224,308,top_3,-0.03582841349954036,False,0.25486255676668557,0.29953359559878945,-0.03832121514269176,0.001468515530012593,0.9985314844699874,-0.035506183679149324,0.9468731312749818,False,337
2002-07-02,266,224,308,top_6,0.4733079263762386,True,0.8142784533268224,1.0532130123516863,-0.011126431343382641,0.00012379747443891365,0.9998762025255611,0.473367959900745,0.9468731312749818,False,337
2002-07-02,266,224,308,flag_nested,0.3904082881021902,True,0.3696155517565714,0.4705794587180457,-0.030548461238130674,0.000933208484017567,0.9990667915159824,0.3908362130118904,0.9468731312749818,False,337
2002-07-23,280,238,322,market_1,0.2573303267525841,True,0.0781102309243097,0.0700274018216512,-0.12368347945550659,0.015297603090220657,0.9847023969097793,0.2566670613378706,0.9596827495042961,False,335
2002-07-23,280,238,322,block_2_3,0.013626688844699504,True,0.244388959955856,0.26114588535060645,,0.0,1.0,0.013626688844699504,0.9596827495042961,False,335
2002-07-23,280,238,322,block_4_6,0.5992148043108272,True,1.5227936230075532,0.6426915504178375,,0.0,1.0,0.5992148043108272,0.9596827495042961,False,335
2002-07-23,280,238,322,top_3,0.014048323303599902,True,0.24677576807851076,0.2695675572421677,-0.03162803080905813,0.0010003323328586777,0.9989996676671413,0.013838554458350175,0.9596827495042961,False,335
2002-07-23,280,238,322,top_6,0.5874271932398568,True,1.540931007340079,0.6550184458887027,-0.012953300877450826,0.00016778800362171609,0.9998322119963783,0.5874618998270655,0.9596827495042961,False,335
2002-07-23,280,238,322,flag_nested,0.4877819256487715,True,0.6497271450198513,0.31722902408323655,-0.03324706906513519,0.0011053676014218805,0.9988946323985781,0.48794712901644754,0.9596827495042961,False,335
2002-08-12,294,252,336,market_1,0.4196661733280102,True,0.0809915724802327,0.06612316290179689,-0.01568826776389454,0.00024612174543148235,0.9997538782545685,0.4198039314782192,0.9670317565228339,False,340
2002-08-12,294,252,336,block_2_3,0.14806922467086356,True,0.2561295990291767,0.21817158660905703,,0.0,1.0,0.14806922467086356,0.9670317565228339,False,340
2002-08-12,294,252,336,block_4_6,-0.19789526623270454,False,1.3781400920080238,0.3518501789161827,-0.00779322907813231,6.0734419464192335e-05,0.9999392655805358,-0.1978804078228055,0.9670317565228339,False,340
2002-08-12,294,252,336,top_3,0.12996142819804843,True,0.2596313560018597,0.22406233903736347,-0.004525256082516678,2.0477942612173727e-05,0.9999795220573878,0.1299648009590658,0.9670317565228339,False,340
2002-08-12,294,252,336,top_6,-0.16953326937462995,False,1.3921654314327312,0.38041164787877524,-0.0022635153355007333,5.1235016740314165e-06,0.999994876498326,-0.16953216810856267,0.9670317565228339,False,340
2002-08-12,294,252,336,flag_nested,-0.08080773627899307,False,0.5933379137545957,0.21266347493338683,-0.005831580242537042,3.400732812486318e-05,0.9999659926718751,-0.08080419447914343,0.9670317565228339,False,340
2002-08-30,308,266,350,market_1,0.329319093891155,True,0.08162083336238515,0.06892718499367433,-0.1361741420003626,0.018543396949535107,0.9814566030504649,0.3261956517657945,0.9680861108488339,False,339
2002-08-30,308,266,350,block_2_3,-0.05077681004204376,False,0.29540323133770297,0.20783583046774834,,0.0,1.0,-0.05077681004204376,0.9680861108488339,False,339
2002-08-30,308,266,350,block_4_6,0.03133496075434551,True,1.0484166778140547,0.3575968168760621,0.015551656261007818,0.00024185401246057392,0.9997581459875394,0.03129648831635796,0.9680861108488339,False,339
2002-08-30,308,266,350,top_3,-0.06188384803789272,False,0.2995335955987897,0.21325168229029764,-0.04263253344775305,0.001817532908173658,0.9981824670918263,-0.06252502265576053,0.9680861108488339,False,339
2002-08-30,308,266,350,top_6,0.034171906488772594,True,1.053213012351686,0.3999571896556793,-0.023011350284168522,0.0005295222419007262,0.9994704777580993,0.034110763884712285,0.9680861108488339,False,339
2002-08-30,308,266,350,flag_nested,0.028893314130862185,True,0.4705794587180457,0.21580239979491514,-0.05278230449990045,0.002785971668320286,0.9972140283316797,0.028402431125953552,0.9680861108488339,False,339
2002-09-20,322,280,364,market_1,0.13274519001439622,True,0.07002740182165118,0.06555817848877851,-0.09179738774705894,0.00842676039718393,0.9915732396028161,0.14106159326967427,0.9692191483334907,False,339
2002-09-20,322,280,364,block_2_3,-0.11359610480523359,False,0.2611458853506063,0.22078449453912088,,0.0,1.0,-0.11359610480523359,0.9692191483334907,False,339
2002-09-20,322,280,364,block_4_6,-0.07471503326135435,False,0.6426915504178379,0.33518774622657327,,0.0,1.0,-0.07471503326135435,0.9692191483334907,False,339
2002-09-20,322,280,364,top_3,-0.10967934663647463,False,0.26956755724216763,0.2251472910686466,-0.025170135831261035,0.0006335357377639239,0.9993664642622361,-0.10920540005199368,0.9692191483334907,False,339
2002-09-20,322,280,364,top_6,-0.05174701078959237,False,0.6550184458887024,0.38284464594337997,-0.014423597541773097,0.00020804016604691888,0.9997919598339531,-0.05162148902065079,0.9692191483334907,False,339
2002-09-20,322,280,364,flag_nested,-0.055671719903727275,False,0.3172290240832364,0.21359614419085807,-0.03374377657965265,0.0011386424578573306,0.9988613575421427,-0.05498107835431099,0.9692191483334907,False,339
2002-10-10,336,294,378,market_1,0.07192149665080572,True,0.06612316290179686,0.048638429242466016,-0.13802066588751116,0.019049704212032004,0.980950295787968,0.07786084841766439,0.974349290277909,False,335
2002-10-10,336,294,378,block_2_3,-0.003285815455649318,False,0.2181715866090574,0.24187905091445355,,0.0,1.0,-0.003285815455649318,0.974349290277909,False,335
2002-10-10,336,294,378,block_4_6,0.18906117935986552,True,0.3518501789161823,0.3803195833407001,-0.028506366691804428,0.0008126129419676609,0.9991873870580323,0.18924026502710292,0.974349290277909,False,335
2002-10-10,336,294,378,top_3,0.00420176723181612,True,0.22406233903736364,0.2461723186052316,-0.027039557815263498,0.0007311376868449626,0.999268862313155,0.004504131449775099,0.974349290277909,False,335
2002-10-10,336,294,378,top_6,0.12812884507156264,True,0.38041164787877485,0.42480331528372084,-0.014501828577742026,0.00021030303209823575,0.9997896969679018,0.12823418125159855,0.974349290277909,False,335
2002-10-10,336,294,378,flag_nested,0.07704954429459909,True,0.21266347493338675,0.22943904723115385,-0.035439629465699944,0.0012559673366661084,0.9987440326633339,0.07760726474728155,0.974349290277909,False,335
2002-10-30,350,308,392,market_1,0.04195056315464428,True,0.06892718499367431,0.04829319578964882,-0.149991434546662,0.02249743043736574,0.9775025695626343,0.05846275290863166,0.9763478425077896,False,335
2002-10-30,350,308,392,block_2_3,0.057338288323388414,True,0.20783583046774842,0.23971736668258484,,0.0,1.0,0.057338288323388414,0.9763478425077896,False,335
2002-10-30,350,308,392,block_4_6,-0.030654641860687976,False,0.35759681687606265,0.35974060159424226,0.004790743562993246,2.2951223886513716e-05,0.9999770487761135,-0.03076577426477112,0.9763478425077896,False,335
2002-10-30,350,308,392,top_3,0.06581428456621355,True,0.21325168229029778,0.24433393182084368,-0.029963221631034456,0.0008977946505104306,0.9991022053494896,0.06694289700630221,0.9763478425077896,False,335
2002-10-30,350,308,392,top_6,-0.00608623834186619,False,0.3999571896556796,0.3973281867835312,-0.018716634554377058,0.00035031240904215277,0.9996496875909578,-0.005750273698399119,0.9763478425077896,False,335
2002-10-30,350,308,392,flag_nested,0.023587653530471025,True,0.21580239979491528,0.2203259801022938,-0.04048034227066299,0.001638658110350022,0.99836134188965,0.025291778105512395,0.9763478425077896,False,335
2002-11-19,364,322,406,market_1,0.004927571922743063,True,0.06555817848877848,0.05105773577989017,-0.24630062970494743,0.060664000193053846,0.9393359998069462,0.00854425924238106,0.9766311018789539,False,336
2002-11-19,364,322,406,block_2_3,0.10939501458280089,True,0.22078449453912097,0.24251020908642554,,0.0,1.0,0.10939501458280089,0.9766311018789539,False,336
2002-11-19,364,322,406,block_4_6,0.06991060121393701,True,0.33518774622657344,0.4599561909380409,-0.0014188110033340243,2.0130246630722937e-06,0.9999979869753369,0.07010440274071078,0.9766311018789539,False,336
2002-11-19,364,322,406,top_3,0.1125676835493949,True,0.2251472910686466,0.24767745513422718,-0.05067140295985309,0.0025675910779200395,0.99743240892208,0.1128188000447686,0.9766311018789539,False,336
2002-11-19,364,322,406,top_6,0.10875187317352511,True,0.38284464594338025,0.479892570680795,-0.02616607033329934,0.0006846632366872552,0.9993153367633127,0.10879326284280998,0.9766311018789539,False,336
2002-11-19,364,322,406,flag_nested,0.10273175857366804,True,0.21359614419085812,0.24786638781675993,-0.06209956838683737,0.003856356393831639,0.9961436436061684,0.1031832335567779,0.9766311018789539,False,336
2002-12-10,378,336,420,market_1,0.15108927538731126,True,0.04863842924246602,0.049589639378432346,-0.1995094590124086,0.03980402423542384,0.9601959757645762,0.15389503359762868,0.9771032008308942,False,334
2002-12-10,378,336,420,block_2_3,0.027291359375744586,True,0.24187905091445322,0.2034324968333345,,0.0,1.0,0.027291359375744586,0.9771032008308942,False,334
2002-12-10,378,336,420,block_4_6,-0.2701777002935695,False,0.38031958334070015,0.705723092381344,,0.0,1.0,-0.2701777002935695,0.9771032008308942,False,334
2002-12-10,378,336,420,top_3,0.039920304592727586,True,0.24617231860523137,0.20784662008605273,-0.04721102365710841,0.0022288807547520273,0.997771119245248,0.03995839626155215,0.9771032008308942,False,334
2002-12-10,378,336,420,top_6,-0.21469453599178576,False,0.4248033152837207,0.7273235302082858,-0.013346779762568711,0.00017813653003051488,0.9998218634699695,-0.21471864395257395,0.9771032008308942,False,334
2002-12-10,378,336,420,flag_nested,-0.13462820494256716,False,0.22943904723115377,0.3240768289976758,-0.037243549175717455,0.0013870819552038727,0.9986129180447961,-0.13473599005215509,0.9771032008308942,False,334
2002-12-31,392,350,434,market_1,0.007976107165296885,True,0.048293195789648816,0.04872583226754384,-0.030365846984166053,0.0009220846630657586,0.9990779153369342,0.005392163564210008,0.9785352343184465,False,335
2002-12-31,392,350,434,block_2_3,0.21073496626331337,True,0.2397173666825849,0.2563134868117455,,0.0,1.0,0.21073496626331337,0.9785352343184465,False,335
2002-12-31,392,350,434,block_4_6,0.03306713804010132,True,0.3597406015942424,0.6236990966233367,,0.0,1.0,0.03306713804010132,0.9785352343184465,False,335
2002-12-31,392,350,434,top_3,0.20845948373899603,True,0.24433393182084376,0.2594685203820125,-0.005500952023893933,3.026047316900815e-05,0.999969739526831,0.20839930543833018,0.9785352343184465,False,335
2002-12-31,392,350,434,top_6,0.015999541090529222,True,0.3973281867835312,0.630598885066349,-0.002384951038793123,5.6879914575036494e-06,0.9999943120085425,0.015975005678531138,0.9785352343184465,False,335
2002-12-31,392,350,434,flag_nested,0.07657642532681093,True,0.2203259801022938,0.3018134137637504,-0.005967988484313186,3.561688654862838e-05,0.9999643831134514,0.0764603100795166,0.9785352343184465,False,335
2003-01-22,406,364,448,market_1,-0.07704706455308317,False,0.05105773577989021,0.057131775332551114,-0.09088186364192714,0.008259513139029617,0.9917404868609704,-0.07827695392706854,0.9807855726560287,False,339
2003-01-22,406,364,448,block_2_3,0.1398992459468214,True,0.2425102090864255,0.22584666801137784,,0.0,1.0,0.1398992459468214,0.9807855726560287,False,339
2003-01-22,406,364,448,block_4_6,-0.06822614897126991,False,0.4599561909380409,0.3870549529580304,,0.0,1.0,-0.06822614897126991,0.9807855726560287,False,339
2003-01-22,406,364,448,top_3,0.13519124863145415,True,0.24767745513422723,0.23067380686496722,-0.022788735558388583,0.0005193264683501786,0.9994806735316498,0.13517683491972488,0.9807855726560287,False,339
2003-01-22,406,364,448,top_6,-0.08247456793456241,False,0.47989257068079505,0.4131350278346161,-0.013052813948955824,0.00017037595198621247,0.9998296240480138,-0.08250409414180994,0.9807855726560287,False,339
2003-01-22,406,364,448,flag_nested,-0.006810431009337341,False,0.24786638781676,0.22236816322147526,-0.028799062031600747,0.000829385973899921,0.9991706140261001,-0.006891531844109356,0.9807855726560287,False,339
2003-02-11,420,378,462,market_1,0.13821606861439228,True,0.049589639378432394,0.056905442460865,-0.07770653696684328,0.006038305887379303,0.9939616941126207,0.13896791000844994,0.9832876971013125,False,340
2003-02-11,420,378,462,block_2_3,0.1831421533622073,True,0.20343249683333478,0.19593824119655212,,0.0,1.0,0.1831421533622073,0.9832876971013125,False,340
2003-02-11,420,378,462,block_4_6,-0.4504986150433025,False,0.7057230923813442,0.4839370452070648,,0.0,1.0,-0.4504986150433025,0.9832876971013125,False,340
2003-02-11,420,378,462,top_3,0.16986916388592227,True,0.20784662008605298,0.20293392169751318,-0.021084054721943465,0.00044453736351790507,0.9995554626364821,0.1699222963834005,0.9832876971013125,False,340
2003-02-11,420,378,462,top_6,-0.42249728056345665,False,0.7273235302082866,0.5126729551988739,-0.008227530281084888,6.769225452596395e-05,0.999932307745474,-0.4225113229314265,0.9832876971013125,False,340
2003-02-11,420,378,462,flag_nested,-0.2938808909036547,False,0.3240768289976762,0.2465181833839079,-0.021698174147845216,0.0004708107613501378,0.9995291892386499,-0.29393567299596957,0.9832876971013125,False,340
2003-03-04,434,392,476,market_1,0.17547571676791462,True,0.04872583226754382,0.05627874178023593,-0.17415480361697028,0.030329895622865477,0.9696701043771345,0.1757030784411705,0.9817297705599094,False,341
2003-03-04,434,392,476,block_2_3,0.2678187460558701,True,0.2563134868117453,0.21237119939688676,,0.0,1.0,0.2678187460558701,0.9817297705599094,False,341
2003-03-04,434,392,476,block_4_6,-0.39058322181230837,False,0.623699096623336,0.5192411896414237,,0.0,1.0,-0.39058322181230837,0.9817297705599094,False,341
2003-03-04,434,392,476,top_3,0.2542745952616853,True,0.25946852038201235,0.21826776036972484,-0.0448485355752432,0.002011391143243779,0.9979886088567562,0.25439838460348146,0.9817297705599094,False,341
2003-03-04,434,392,476,top_6,-0.4110041127944757,False,0.6305988850663483,0.5393850049506094,-0.01814347982704383,0.0003291858602343378,0.9996708141397657,-0.4110920340982477,0.9817297705599094,False,341
2003-03-04,434,392,476,flag_nested,-0.22972132351864524,False,0.30181341376375015,0.2598786879351591,-0.046170127468077186,0.0021316806704185787,0.9978683193295814,-0.23010074120502796,0.9817297705599094,False,341
2003-03-24,448,406,490,market_1,0.17076586402654237,True,0.057131775332551094,0.04774184548545492,-0.05868789474975361,0.0034442689901581502,0.9965557310098418,0.17429558483871593,0.9833349069965065,False,342
2003-03-24,448,406,490,block_2_3,0.11795282434589992,True,0.22584666801137782,0.24193429297811198,,0.0,1.0,0.11795282434589992,0.9833349069965065,False,342
2003-03-24,448,406,490,block_4_6,0.09542578463498119,True,0.3870549529580307,0.4153556120389286,,0.0,1.0,0.09542578463498119,0.9833349069965065,False,342
2003-03-24,448,406,490,top_3,0.11045333222428325,True,0.2306738068649673,0.24591277876878714,-0.011179041523314394,0.00012497096938013375,0.9998750290306199,0.11061318271673767,0.9833349069965065,False,342
2003-03-24,448,406,490,top_6,0.049001893313513796,True,0.41313502783461625,0.42950221614772804,-0.006424841658070691,4.127859033131731e-05,0.9999587214096687,0.04905209571750929,0.9833349069965065,False,342
2003-03-24,448,406,490,flag_nested,0.0780690550799199,True,0.22236816322147532,0.23061296800105183,-0.014792906186785462,0.00021883007345113725,0.9997811699265489,0.0783282346809559,0.9833349069965065,False,342
2003-04-11,462,420,504,market_1,0.06697541223667809,True,0.05690544246086495,0.0450585458183106,-0.1169012776693216,0.01366590872071971,0.9863340912792803,0.08200004529385575,0.9827211783589841,False,344
2003-04-11,462,420,504,block_2_3,-0.020950754605410887,False,0.19593824119655207,0.33321983921629844,,0.0,1.0,-0.020950754605410887,0.9827211783589841,False,344
2003-04-11,462,420,504,block_4_6,0.0445644857390192,True,0.48393704520706465,0.5136307108661553,,0.0,1.0,0.0445644857390192,0.9827211783589841,False,344
2003-04-11,462,420,504,top_3,-0.02342245211579367,False,0.20293392169751306,0.3358312993498544,-0.015767400135122168,0.00024861090702121835,0.9997513890929788,-0.022911587144388252,0.9827211783589841,False,344
2003-04-11,462,420,504,top_6,0.05859629330484532,True,0.5126729551988739,0.4743703278101756,-0.010667631543163338,0.00011379836274061361,0.9998862016372594,0.05874577695413128,0.9827211783589841,False,344
2003-04-11,462,420,504,flag_nested,0.029427587891327302,True,0.2465181833839079,0.2777211330514603,-0.023154942555265044,0.0005361513647379468,0.999463848635262,0.03023100225386924,0.9827211783589841,False,344
2003-05-02,476,434,518,market_1,0.14672948747001535,True,0.05627874178023594,0.04927971045998591,-0.1405163278568219,0.019744838394366138,0.9802551616056339,0.15134289996702086,0.9843892613225065,False,342
2003-05-02,476,434,518,block_2_3,-0.06089286166976646,False,0.21237119939688678,0.30649052577670627,,0.0,1.0,-0.06089286166976646,0.9843892613225065,False,342
2003-05-02,476,434,518,block_4_6,-0.04683385373153673,False,0.5192411896414237,0.48306560220709827,,0.0,1.0,-0.04683385373153673,0.9843892613225065,False,342
2003-05-02,476,434,518,top_3,-0.05807022143007766,False,0.21826776036972492,0.31005713429274445,-0.022892092325331615,0.0005240478910314428,0.9994759521089686,-0.057945390198991434,0.9843892613225065,False,342
2003-05-02,476,434,518,top_6,-0.025421182511566054,False,0.5393850049506096,0.459492242055546,-0.015964921826880762,0.00025487872893836805,0.9997451212710616,-0.025382203719735215,0.9843892613225065,False,342
2003-05-02,476,434,518,flag_nested,-0.028474602797362157,False,0.2598786879351592,0.26393651785325534,-0.03252288683228267,0.001057738167905109,0.9989422618320949,-0.028294032616148795,0.9843892613225065,False,342
2003-05-22,490,448,532,market_1,0.17244235867464247,True,0.04774184548545489,0.047520942713161096,-0.13192437840226112,0.017404041616822963,0.982595958383177,0.17276291359670984,0.9854278790167752,False,346
2003-05-22,490,448,532,block_2_3,-0.04500661885968639,False,0.24193429297811203,0.24616369087201387,,0.0,1.0,-0.04500661885968639,0.9854278790167752,False,346
2003-05-22,490,448,532,block_4_6,-0.044551233867920655,False,0.41535561203892896,0.4597239982166189,,0.0,1.0,-0.044551233867920655,0.9854278790167752,False,346
2003-05-22,490,448,532,top_3,-0.04096207065607333,False,0.24591277876878712,0.25029647384389175,-0.025618620770485184,0.0006563137301819344,0.9993436862698181,-0.041030903988902745,0.9854278790167752,False,346
2003-05-22,490,448,532,top_6,-0.061201925565243294,False,0.4295022161477281,0.48388132681522983,-0.013576726193814961,0.0001843274941417672,0.9998156725058582,-0.061225421645550976,0.9854278790167752,False,346
2003-05-22,490,448,532,flag_nested,-0.044681436370001756,False,0.2306129680010518,0.24932817331645601,-0.031115413007936504,0.0009681689266543003,0.9990318310733457,-0.044780780857669046,0.9854278790167752,False,346
2003-06-12,504,462,546,market_1,0.16398439006964938,True,0.045058545818310584,0.04292896731122953,-0.05491816402305896,0.00301600473966368,0.9969839952603363,0.15990710190084484,0.9868913857677902,False,343
2003-06-12,504,462,546,block_2_3,-0.18833903997507206,False,0.3332198392162984,0.2210938621811734,,0.0,1.0,-0.18833903997507206,0.9868913857677902,False,343
2003-06-12,504,462,546,block_4_6,-0.034870394347122975,False,0.5136307108661549,0.41266925576157243,0.017967453764799503,0.000322829394790336,0.9996771706052097,-0.034888796067539626,0.9868913857677902,False,343
2003-06-12,504,462,546,top_3,-0.1809305497890245,False,0.3358312993498543,0.22503607177262006,-0.010534218987288896,0.00011096976967206462,0.9998890302303279,-0.18108124502433992,0.9868913857677902,False,343
2003-06-12,504,462,546,top_6,0.04793344349648148,True,0.474370327810175,0.42939454969217733,-0.006611223688348639,4.3708278657184074e-05,0.9999562917213428,0.04788257247850297,0.9868913857677902,False,343
2003-06-12,504,462,546,flag_nested,-0.04231577466049057,False,0.27772113305146,0.22238087594241818,-0.013294146890310738,0.00017673434154119594,0.9998232656584588,-0.04256378395860039,0.9868913857677902,False,343
2003-07-02,518,476,560,market_1,0.0776275815766601,True,0.04927971045998592,0.04072890294606934,-0.18396281832817815,0.033842318527246285,0.9661576814727537,0.06426004928489495,0.9873634847197306,False,343
2003-07-02,518,476,560,block_2_3,-0.07703947259165012,False,0.3064905257767065,0.22813165151743392,,0.0,1.0,-0.07703947259165012,0.9873634847197306,False,343
2003-07-02,518,476,560,block_4_6,-0.03885783986076321,False,0.48306560220709815,0.4113111272418506,0.0027611196657792328,7.623781808963059e-06,0.999992376218191,-0.03881519542304327,0.9873634847197306,False,343
2003-07-02,518,476,560,top_3,-0.073756409238116,False,0.3100571342927446,0.23161694505820177,-0.03255745097975907,0.0010599876142993736,0.9989400123857006,-0.07419895526166334,0.9873634847197306,False,343
2003-07-02,518,476,560,top_6,0.03755568860800129,True,0.45949224205554634,0.43542797095164576,-0.018321158204898602,0.00033566483796887425,0.9996643351620311,0.03743978303578743,0.9873634847197306,False,343
2003-07-02,518,476,560,flag_nested,-0.005988795863489261,False,0.2639365178532555,0.2261428005982051,-0.040927973488930264,0.001675099013910497,0.9983249009860895,-0.006717840720462261,0.9873634847197306,False,343
2003-07-23,532,490,574,market_1,-0.02144158943966943,False,0.047520942713161096,0.04343994972231865,-0.08359983298780055,0.006988932075588039,0.993011067924412,-0.022686374777213112,0.9882132628332232,False,345
2003-07-23,532,490,574,block_2_3,0.05013997620404279,True,0.24616369087201376,0.3007083093726243,,0.0,1.0,0.05013997620404279,0.9882132628332232,False,345
2003-07-23,532,490,574,block_4_6,-0.002346128792429574,False,0.45972399821661863,0.4986016529476763,0.001091923346937422,1.1922965955646347e-06,0.9999988077034044,-0.002339752953221332,0.9882132628332232,False,345
2003-07-23,532,490,574,top_3,0.04861839448138324,True,0.2502964738438917,0.30379609670832364,-0.011917868156702826,0.00014203558140046812,0.9998579644185995,0.04859689614805227,0.9882132628332232,False,345
2003-07-23,532,490,574,top_6,-0.015376026547515308,False,0.4838813268152299,0.4959473620828281,-0.007201571155869288,5.1862627113097304e-05,0.9999481373728869,-0.015374493104575544,0.9882132628332232,False,345
2003-07-23,532,490,574,flag_nested,0.008469316599246593,True,0.24932817331645604,0.2713761528759812,-0.016348581741814385,0.000267276124968685,0.9997327238750313,0.008426829816260549,0.9882132628332232,False,345
2003-08-12,546,504,588,market_1,0.05876986259334898,True,0.04292896731122957,0.04122171734563145,-0.08166639009801972,0.006669399271641896,0.9933306007283581,0.059196452428666224,0.9881188430428351,False,345
2003-08-12,546,504,588,block_2_3,-0.006804863960430453,False,0.2210938621811734,0.398716569366555,0.001507527877873103,2.272640302614093e-06,0.9999977273596974,-0.006781381202601079,0.9881188430428351,False,345
2003-08-12,546,504,588,block_4_6,-0.0033888041986836824,False,0.4126692557615728,0.5643811737252526,0.019747142275752215,0.0003899496280587167,0.9996100503719413,-0.00309822600951267,0.9881188430428351,False,345
2003-08-12,546,504,588,top_3,-0.005007976594353188,False,0.2250360717726202,0.40077920026411173,-0.008604230031085281,7.403277442763478e-05,0.9999259672255724,-0.005000902356717005,0.9881188430428351,False,345
2003-08-12,546,504,588,top_6,0.037031076386208346,True,0.42939454969217794,0.4998446791613266,-0.007647983432977868,5.849165059113037e-05,0.9999415083494089,0.03703758312968352,0.9881188430428351,False,345
2003-08-12,546,504,588,flag_nested,0.01846506482214762,True,0.22238087594241837,0.31125766868735144,-0.013517218465839993,0.00018271519505319578,0.9998172848049468,0.01847837843486729,0.9881188430428351,False,345
2003-09-02,560,518,602,market_1,0.10180790521574934,True,0.040728902946069366,0.04422992430674267,-0.07252716061260094,0.00526018902652603,0.994739810973474,0.1040885653639878,0.9885279954678501,False,345
2003-09-02,560,518,602,block_2_3,0.12483518473299011,True,0.22813165151743375,0.374394922683879,0.015938072210237273,0.0002540221457786318,0.9997459778542214,0.1247839504458732,0.9885279954678501,False,345
2003-09-02,560,518,602,block_4_6,0.06043179252023503,True,0.4113111272418503,0.5447994612696418,0.02288077452218331,0.000523529842735182,0.9994764701572648,0.05986125846573362,0.9885279954678501,False,345
2003-09-02,560,518,602,top_3,0.12466271357585083,True,0.23161694505820152,0.3768128744163666,-0.008700832062516312,7.570447858007423e-05,0.9999242955214199,0.12471553828095386,0.9885279954678501,False,345
2003-09-02,560,518,602,top_6,0.04158774423608823,True,0.43542797095164554,0.49200463195109645,-0.006797376874765342,4.620433237756405e-05,0.9999537956676224,0.041603614157075045,0.9885279954678501,False,345
2003-09-02,560,518,602,flag_nested,0.07820889932613488,True,0.226142800598205,0.29938329939456765,-0.013249309867099166,0.00017554421195442593,0.9998244557880456,0.07829731269213941,0.9885279954678501,False,345
2003-09-22,574,532,616,market_1,0.08559742200709171,True,0.04343994972231866,0.04525380888338309,-0.1487953918711135,0.022140068642078292,0.9778599313579217,0.10557698468357286,0.9888112548390142,False,348
2003-09-22,574,532,616,block_2_3,0.5742233752586364,True,0.3007083093726245,0.34142241836400955,,0.0,1.0,0.5742233752586364,0.9888112548390142,False,348
2003-09-22,574,532,616,block_4_6,0.07878500211126348,True,0.4986016529476762,0.5379268032659223,-0.006096262521596372,3.716441673229376e-05,0.9999628355832677,0.07896325849390567,0.9888112548390142,False,348
2003-09-22,574,532,616,top_3,0.565169153793832,True,0.3037960967083239,0.34401430234340674,-0.01962353326540417,0.0003850830578183695,0.9996149169421816,0.5657058279095425,0.9888112548390142,False,348
2003-09-22,574,532,616,top_6,-0.10571793434594197,False,0.4959473620828277,0.498127419652747,-0.014032722769689409,0.00019691730833093501,0.9998030826916691,-0.10559261670747963,0.9888112548390142,False,348
2003-09-22,574,532,616,flag_nested,0.1984830279460243,True,0.2713761528759812,0.2878396688998548,-0.0287885097389808,0.0008287782929912169,0.9991712217070088,0.19930218068879507,0.9888112548390142,False,348
2003-10-10,588,546,630,market_1,0.12046676331228884,True,0.04122171734563146,0.04624970165207618,-0.09622347892163362,0.009258957895782238,0.9907410421042178,0.13200335020359547,0.989487930003462,False,348
2003-10-10,588,546,630,block_2_3,0.5133080964483149,True,0.39871656936655503,0.31131400205373727,,0.0,1.0,0.5133080964483149,0.989487930003462,False,348
2003-10-10,588,546,630,block_4_6,0.17611486560881723,True,0.5643811737252519,0.4742702525297215,-0.00692745157000853,4.798958525453756e-05,0.9999520104147455,0.1761606662958674,0.989487930003462,False,348
2003-10-10,588,546,630,top_3,0.5073907472234882,True,0.4007792002641115,0.31387623433187234,-0.01357741503214488,0.00018434619895513205,0.9998156538010449,0.5076155551607177,0.989487930003462,False,348
2003-10-10,588,546,630,top_6,-0.0253243382226594,False,0.4998446791613262,0.4861522294517857,-0.00866720720268908,7.512048069435728e-05,0.9999248795193056,-0.025250871787185467,0.989487930003462,False,348
2003-10-10,588,546,630,flag_nested,0.2412731026341823,True,0.3112576686873513,0.27270704078891783,-0.019680199426434532,0.00038731024946436765,0.9996126897505356,0.2416933103918864,0.989487930003462,False,348
2003-10-30,602,560,644,market_1,0.09455046094831389,True,0.04422992430674271,0.04932289768152054,-0.07666156502485284,0.005876995552059672,0.9941230044479403,0.10459656456925598,0.9907783338054322,False,346
2003-10-30,602,560,644,block_2_3,0.6369933418649462,True,0.3743949226838793,0.38081122995088057,,0.0,1.0,0.6369933418649462,0.9907783338054322,False,346
2003-10-30,602,560,644,block_4_6,0.13567753064927554,True,0.5447994612696418,0.5688661348161228,0.007235242485191897,5.234873381965155e-05,0.9999476512661803,0.13557763734150086,0.9907783338054322,False,346
2003-10-30,602,560,644,top_3,0.6280702270683266,True,0.376812874416367,0.3830801487626319,-0.008767146678335933,7.686286087982275e-05,0.9999231371391202,0.6282747247122542,0.9907783338054322,False,346
2003-10-30,602,560,644,top_6,-0.10779355070570484,False,0.4920046319510964,0.5542424424128566,-0.006752111725467497,4.5591012753476434e-05,0.9999544089872465,-0.10773785019337119,0.9907783338054322,False,346
2003-10-30,602,560,644,flag_nested,0.2662710807260653,True,0.2993832993945678,0.3202295986574788,-0.014085627226592559,0.00019840489436662168,0.9998015951056334,0.26665181451169845,0.9907783338054322,False,346
2003-11-19,616,574,658,market_1,0.19042063328547593,True,0.04525380888338309,0.04755187610875406,-0.12201226568894244,0.014886992978549118,0.9851130070214509,0.19256093532601776,0.9902747615900293,False,344
2003-11-19,616,574,658,block_2_3,0.07819435741315685,True,0.34142241836400916,0.27612849033342207,,0.0,1.0,0.07819435741315685,0.9902747615900293,False,344
2003-11-19,616,574,658,block_4_6,0.2374512389139311,True,0.5379268032659223,1.4756694575592018,-0.002344533068902372,5.4968353113693524e-06,0.9999945031646886,0.23744074278360044,0.9902747615900293,False,344
2003-11-19,616,574,658,top_3,0.07911191832572156,True,0.3440143023434065,0.27993335329349134,-0.020883622328327862,0.0004361256815522685,0.9995638743184477,0.07914034283307507,0.9902747615900293,False,344
2003-11-19,616,574,658,top_6,0.2834071301938345,True,0.4981274196527466,1.4799485119475353,-0.003855590093646911,1.4865574970102102e-05,0.9999851344250299,0.2834143762281136,0.9902747615900293,False,344
2003-11-19,616,574,658,flag_nested,0.2092061789132691,True,0.2878396688998546,0.6272346780534346,-0.011327249476575164,0.00012830658070461798,0.9998716934192954,0.2092334410103672,0.9902747615900293,False,344
2003-12-10,630,588,672,market_1,0.20537934846488648,True,0.046249701652076196,0.051862587820401325,-0.04510967499348403,0.002034882778017777,0.9979651172219822,0.20554719207726196,0.990857016964089,False,348
2003-12-10,630,588,672,block_2_3,0.14421440581171388,True,0.3113140020537372,0.2843280464633291,,0.0,1.0,0.14421440581171388,0.990857016964089,False,348
2003-12-10,630,588,672,block_4_6,0.07545026344238055,True,0.47427025252972127,0.7995009270591299,-0.007413497579948904,5.495994636794954e-05,0.999945040053632,0.07534612679111309,0.990857016964089,False,348
2003-12-10,630,588,672,top_3,0.14574822650470912,True,0.3138762343318724,0.28882523907711966,-0.00810214009553807,6.564467412772945e-05,0.9999343553258723,0.1457495891226636,0.990857016964089,False,348
2003-12-10,630,588,672,top_6,0.039374531037457354,True,0.48615222945178577,0.8148393557448745,-0.003128918916521559,9.790133586373706e-06,0.9999902098664136,0.03937765414272703,0.990857016964089,False,348
2003-12-10,630,588,672,flag_nested,0.07316656444580262,True,0.27270704078891783,0.3757085708407528,-0.007702750867821829,5.933237093180832e-05,0.9999406676290682,0.073168467557328,0.990857016964089,False,348
2003-12-31,644,602,686,market_1,0.20843253962415198,True,0.049322897681520525,0.05510514200021016,-0.031723288899238186,0.0010063670585844786,0.9989936329414155,0.2129686837062054,0.9906681773833129,False,346
2003-12-31,644,602,686,block_2_3,-0.2601007102472939,False,0.3808112299508799,0.29345494251339904,,0.0,1.0,-0.2601007102472939,0.9906681773833129,False,346
2003-12-31,644,602,686,block_4_6,-0.035172730724673536,False,0.5688661348161229,0.7786813807375325,0.00489017810139377,2.3913841863509866e-05,0.9999760861581365,-0.0352041105626628,0.9906681773833129,False,346
2003-12-31,644,602,686,top_3,-0.25144983467345455,False,0.3830801487626316,0.29827568954596895,-0.006073234643935407,3.6884179040352905e-05,0.9999631158209596,-0.2513944358820117,0.9906681773833129,False,346
2003-12-31,644,602,686,top_6,0.006740267000051976,True,0.5542424424128566,0.7892593310142011,-0.00397595011028674,1.5808179279597212e-05,0.9999841918207204,0.006778212926142392,0.9906681773833129,False,346
2003-12-31,644,602,686,flag_nested,-0.07200308381239628,False,0.3202295986574786,0.369478579800961,-0.006352053200469471,4.034857986157103e-05,0.9999596514201384,-0.07189304512956889,0.9906681773833129,False,346
2004-01-22,658,616,700,market_1,0.1967763579045625,True,0.04755187610875405,0.052360727621094956,-0.1282738010722627,0.01645416804152633,0.9835458319584737,0.21121563079348663,0.9896138230573128,False,345
2004-01-22,658,616,700,block_2_3,0.22626040849903375,True,0.27612849033342207,0.22796938296412264,,0.0,1.0,0.22626040849903375,0.9896138230573128,False,345
2004-01-22,658,616,700,block_4_6,0.734949475395779,True,1.475669457559204,0.8596304701881143,-0.009648835515727403,9.310002680951168e-05,0.9999068999731905,0.7349665494799826,0.9896138230573128,False,345
2004-01-22,658,616,700,top_3,0.22248202161089084,True,0.27993335329349145,0.23310080149708615,-0.02936071714445389,0.0008620517112367665,0.9991379482887632,0.22306197888214843,0.9896138230573128,False,345
2004-01-22,658,616,700,top_6,0.7109138799545515,True,1.479948511947535,0.8840951176817199,-0.007113494694867676,5.060180677396442e-05,0.999949398193226,0.7109498389011508,0.9896138230573128,False,345
2004-01-22,658,616,700,flag_nested,0.6576459651574462,True,0.6272346780534346,0.3887471370115123,-0.021100196685033833,0.00044521830014709884,0.9995547816998529,0.6579906619588504,0.9896138230573128,False,345
2004-02-11,672,630,714,market_1,0.1238781000014113,True,0.051862587820401304,0.05441983082433671,-0.06655460312692223,0.004429515197382328,0.9955704848026177,0.13082710080319165,0.9888269914707456,False,346
2004-02-11,672,630,714,block_2_3,-0.13205160701264962,False,0.28432804646332915,0.6558670457831735,,0.0,1.0,-0.13205160701264962,0.9888269914707456,False,346
2004-02-11,672,630,714,block_4_6,0.019779203895704908,True,0.7995009270591302,0.7935972639074349,0.0200821364880845,0.00040329220592616455,0.9995967077940738,0.019930567779096124,0.9888269914707456,False,346
2004-02-11,672,630,714,top_3,-0.12861035648757338,False,0.2888252390771196,0.6577505230674007,-0.005927065783275003,3.513010879918621e-05,0.9999648698912008,-0.12853217090262622,0.9888269914707456,False,346
2004-02-11,672,630,714,top_6,0.07560819387655222,True,0.8148393557448754,0.5890104901112843,-0.008023646928878629,6.437891003918672e-05,0.9999356210899608,0.07565977901502553,0.9888269914707456,False,346
2004-02-11,672,630,714,flag_nested,-0.010267678821119045,False,0.37570857084075304,0.4527644653631934,-0.010295177587880464,0.00010599068156602609,0.999894009318434,-0.010109220668722836,0.9888269914707456,False,346
2004-03-03,686,644,728,market_1,-0.03699896745647146,False,0.055105142000210154,0.05294890483489846,-0.06698758167747597,0.004487336098996431,0.9955126639010036,-0.02968950684648279,0.9884650489409247,False,345
2004-03-03,686,644,728,block_2_3,-0.5938169300759977,False,0.29345494251339926,0.670400702739659,,0.0,1.0,-0.5938169300759977,0.9884650489409247,False,345
2004-03-03,686,644,728,block_4_6,-0.24379157633997428,False,0.7786813807375325,0.7932704770442294,0.0007677339645855013,5.894154404550989e-07,0.9999994105845595,-0.24379226743968968,0.9884650489409247,False,345
2004-03-03,686,644,728,top_3,-0.5822782985557255,False,0.2982756895459693,0.6724036517693888,-0.005420457507284981,2.9381359588076528e-05,0.9999706186404119,-0.5823003071390851,0.9884650489409247,False,345
2004-03-03,686,644,728,top_6,-0.11100432334020213,False,0.7892593310142016,0.5800075362374681,-0.007304589025710597,5.335702083453242e-05,0.9999466429791655,-0.11095255071695842,0.9884650489409247,False,345
2004-03-03,686,644,728,flag_nested,-0.28084836897736815,False,0.36947857980096127,0.45779973843322364,-0.00975201625958014,9.510182112726362e-05,0.9999048981788727,-0.28072019707340223,0.9884650489409247,False,345
2004-03-23,700,658,742,market_1,0.006024965470738108,True,0.052360727621094984,0.051717421093351215,-0.06749904143980436,0.004556120595292423,0.9954438794047076,0.0061601255139715925,0.9900387121140591,False,344
2004-03-23,700,658,742,block_2_3,-0.22770040869744915,False,0.22796938296412272,0.6850005798729699,,0.0,1.0,-0.22770040869744915,0.9900387121140591,False,344
2004-03-23,700,658,742,block_4_6,0.19925764462225562,True,0.8596304701881149,0.8446934702856781,0.01730579834109853,0.0002994906562229227,0.9997005093437771,0.19936945693177283,0.9900387121140591,False,344
2004-03-23,700,658,742,top_3,-0.21982535335029163,False,0.23310080149708645,0.6864675811642517,-0.005597526895520151,3.133230734608805e-05,0.9999686676926539,-0.21982818530960702,0.9900387121140591,False,344
2004-03-23,700,658,742,top_6,0.2904142073023577,True,0.8840951176817204,0.6441155819093798,-0.006943938605252462,4.821828335344058e-05,0.9999517817166466,0.2904252152066489,0.9900387121140591,False,344
2004-03-23,700,658,742,flag_nested,0.08524238615890732,True,0.3887471370115125,0.4784364312885495,-0.00941530356318186,8.864794118657038e-05,0.9999113520588134,0.08524985719563213,0.9900387121140591,False,344
2004-04-13,714,672,756,market_1,-0.06905043017135601,False,0.05441983082433674,0.05755825984596315,-0.12381003937988021,0.015328925851247455,0.9846710741487525,-0.07264206192319131,0.99040065464388,False,347
2004-04-13,714,672,756,block_2_3,-0.1469273947059432,False,0.6558670457831731,0.2603080175047033,,0.0,1.0,-0.1469273947059432,0.99040065464388,False,347
2004-04-13,714,672,756,block_4_6,-0.14543812686395494,False,0.7935972639074352,0.46934221698960077,,0.0,1.0,-0.14543812686395494,0.99040065464388,False,347
2004-04-13,714,672,756,top_3,-0.1417954234970254,False,0.6577505230673999,0.26332222069683886,-0.026675074002210718,0.0007115595730236013,0.9992884404269764,-0.1419024134231002,0.99040065464388,False,347
2004-04-13,714,672,756,top_6,-0.06586072814996931,False,0.5890104901112843,0.49785440277894644,-0.014414334128234887,0.00020777302836028078,0.9997922269716397,-0.06589961972357426,0.99040065464388,False,347
2004-04-13,714,672,756,flag_nested,-0.09862346419593189,False,0.45276446536319304,0.26026073780306785,-0.033454462071634015,0.0011192010325024038,0.9988807989674976,-0.09880022648228784,0.99040065464388,False,347
2004-05-03,728,686,770,market_1,0.1817623073698194,True,0.05294890483489843,0.052064319762867434,-0.1218309240559602,0.014842774056329056,0.9851572259436709,0.17363230498155025,0.9914864822333428,False,344
2004-05-03,728,686,770,block_2_3,-0.10284836306459458,False,0.6704007027396592,0.2542911856676531,,0.0,1.0,-0.10284836306459458,0.9914864822333428,False,344
2004-05-03,728,686,770,block_4_6,0.06348360181236112,True,0.7932704770442298,0.42627925111182,-0.01991414267268969,0.00039657307838836253,0.9996034269216116,0.06365380505664947,0.9914864822333428,False,344
2004-05-03,728,686,770,top_3,-0.09750515443857813,False,0.6724036517693891,0.25875461068639494,-0.02357441747433506,0.0005557531592541576,0.9994442468407458,-0.0976855895619876,0.9914864822333428,False,344
2004-05-03,728,686,770,top_6,0.233953946906959,True,0.5800075362374684,0.45682237182682667,-0.012381310846089774,0.0001532968582675931,0.9998467031417324,0.2338863572235885,0.9914864822333428,False,344
2004-05-03,728,686,770,flag_nested,0.04624522973166821,True,0.45779973843322386,0.24456040046671623,-0.031113103820697634,0.0009680252293574609,0.9990319747706425,0.04590958369821906,0.9914864822333428,False,344
2004-05-21,742,700,784,market_1,0.05313080938722506,True,0.051717421093351194,0.058629384460336324,-0.11641630210469556,0.013552755395731864,0.9864472446042681,0.04583812291815385,0.9915179554968054,False,344
2004-05-21,742,700,784,block_2_3,-0.22914417285736888,False,0.6850005798729699,0.2725698593005007,,0.0,1.0,-0.22914417285736888,0.9915179554968054,False,344
2004-05-21,742,700,784,block_4_6,-0.1405393775265566,False,0.8446934702856778,0.41941942641461544,-0.02625993960907225,0.0006895844282721608,0.9993104155717278,-0.14090423203476926,0.9915179554968054,False,344
2004-05-21,742,700,784,top_3,-0.2202178925807525,False,0.6864675811642513,0.2750838964122139,-0.022911157309770742,0.0005249211292729372,0.9994750788707271,-0.22038945620059852,0.9915179554968054,False,344
2004-05-21,742,700,784,top_6,0.014835002770162881,True,0.6441155819093797,0.4434162850468203,-0.014919594351091855,0.00022259429560123056,0.9997774057043988,0.01477023188613773,0.9915179554968054,False,344
2004-05-21,742,700,784,flag_nested,-0.10958215193782093,False,0.4784364312885493,0.24785235198553254,-0.0330379546091858,0.0010915064447585276,0.9989084935552415,-0.10992873738283838,0.9915179554968054,False,344
2004-06-14,756,714,798,market_1,0.10524397638375113,True,0.05755825984596315,0.061734050309753985,-0.01435335381908118,0.0002060187658557977,0.9997939812341442,0.1057119978619991,0.9920215277122085,False,344
2004-06-14,756,714,798,block_2_3,0.12382404194166763,True,0.2603080175047033,0.21369423286366493,,0.0,1.0,0.12382404194166763,0.9920215277122085,False,344
2004-06-14,756,714,798,block_4_6,-0.027595824300952233,False,0.46934221698960055,0.39864920428564043,-0.025302338972638956,0.0006402083574861273,0.9993597916425139,-0.0268230879472477,0.9920215277122085,False,344
2004-06-14,756,714,798,top_3,0.13148044655997412,True,0.26332222069683897,0.21784351603542668,-0.003961277821316229,1.569172197757318e-05,0.9999843082780224,0.1315171435149466,0.9920215277122085,False,344
2004-06-14,756,714,798,top_6,-0.015400466736148595,False,0.4978544027789467,0.4325419775192786,-0.002524106484352962,6.371113544401119e-06,0.9999936288864556,-0.015393752364177487,0.9920215277122085,False,344
2004-06-14,756,714,798,flag_nested,0.039805836903814285,True,0.2602607378030679,0.22541469749461251,-0.004910547312398212,2.4113474907161425e-05,0.9999758865250928,0.03984736380690099,0.9920215277122085,False,344
2004-07-02,770,728,812,market_1,0.22928390147005467,True,0.05206431976286745,0.06559066730974251,-0.09026413310098758,0.008147613724473035,0.991852386275527,0.2409945735401697,0.990951436754477,False,345
2004-07-02,770,728,812,block_2_3,-0.07329390476520058,False,0.25429118566765296,0.21301180215187276,,0.0,1.0,-0.07329390476520058,0.990951436754477,False,345
2004-07-02,770,728,812,block_4_6,-0.07820675218481943,False,0.42627925111181986,0.3913553868770595,0.016179065099234204,0.00026176214748530047,0.9997382378525147,-0.07861146521062197,0.990951436754477,False,345
2004-07-02,770,728,812,top_3,-0.06607175903820062,False,0.25875461068639477,0.21910207127787942,-0.026168437323367894,0.0006847871119470827,0.9993152128880529,-0.06556867232767713,0.990951436754477,False,345
2004-07-02,770,728,812,top_6,-0.06690261125007892,False,0.4568223718268268,0.41769983558967266,-0.013146795113769729,0.00017283822176350494,0.9998271617782365,-0.06677266834587832,0.990951436754477,False,345
2004-07-02,770,728,812,flag_nested,-0.047717455885030534,False,0.24456040046671623,0.222222636769591,-0.03213826309604334,0.0010328679548304853,0.9989671320451695,-0.04689819994597579,0.990951436754477,False,345
2004-07-23,784,742,826,market_1,0.26121539888488143,True,0.05862938446033638,0.060432043208238334,-0.04153095721765035,0.0017248204074142848,0.9982751795925857,0.26412541091398156,0.9905108110659995,False,345
2004-07-23,784,742,826,block_2_3,-0.08555487850313812,False,0.2725698593005008,0.26739290915216185,,0.0,1.0,-0.08555487850313812,0.9905108110659995,False,345
2004-07-23,784,742,826,block_4_6,-0.0018832319123600618,False,0.4194194264146157,0.4182274379776954,-0.00286486630742403,8.207458959463843e-06,0.9999917925410405,-0.0017734849284213195,0.9905108110659995,False,345
2004-07-23,784,742,826,top_3,-0.08319017969563951,False,0.2750838964122139,0.2728830330304909,-0.010145092792327687,0.00010292290776492408,0.9998970770922351,-0.08309334243620245,0.9905108110659995,False,345
2004-07-23,784,742,826,top_6,0.024678234152531838,True,0.44341628504682057,0.4290729153768565,-0.0069217686184640395,4.791088080757788e-05,0.9999520891191924,0.024719051087766522,0.9905108110659995,False,345
2004-07-23,784,742,826,flag_nested,-0.00619619284988775,False,0.2478523519855326,0.24322351079469043,-0.01318482406212436,0.00017383958554906265,0.9998261604144509,-0.00599748512554482,0.9905108110659995,False,345
2004-08-12,798,756,840,market_1,0.15437779078828573,True,0.061734050309754,0.06270678796814985,-0.07167266287927208,0.005136970604205704,0.9948630293957943,0.16176900673980324,0.9912976426525666,False,347
2004-08-12,798,756,840,block_2_3,-0.03697583709695355,False,0.21369423286366465,0.27805695623708254,,0.0,1.0,-0.03697583709695355,0.9912976426525666,False,347
2004-08-12,798,756,840,block_4_6,0.059107463519347606,True,0.39864920428564066,0.5015160190776157,-1.9488179146208905e-05,3.797890890666622e-10,0.9999999996202109,0.05911384085548852,0.9912976426525666,False,347
2004-08-12,798,756,840,top_3,-0.028646559488352923,False,0.21784351603542634,0.28452284518873816,-0.015913611590089277,0.0002532430338401115,0.9997467569661599,-0.028242526892644393,0.9912976426525666,False,347
2004-08-12,798,756,840,top_6,0.07199084329821956,True,0.4325419775192786,0.5097517280170187,-0.009002423601834744,8.104363070693399e-05,0.9999189563692931,0.07211838944372198,0.9912976426525666,False,347
2004-08-12,798,756,840,flag_nested,0.043172099957663884,True,0.22541469749461238,0.2724414832059113,-0.02028478113116196,0.0004114723455393987,0.9995885276544606,0.043811938057479224,0.9912976426525666,False,347
2004-09-01,812,770,854,market_1,0.2156445483051062,True,0.06559066730974253,0.062277025275763565,-0.0484984772881841,0.0023521022992726293,0.9976478977007274,0.21828747729115075,0.9909199634910144,False,342
2004-09-01,812,770,854,block_2_3,0.42811820210132295,True,0.21301180215187293,0.3159936806600025,,0.0,1.0,0.42811820210132295,0.9909199634910144,False,342
2004-09-01,812,770,854,block_4_6,0.2997195896989286,True,0.39135538687705934,0.49804715377890113,,0.0,1.0,0.2997195896989286,0.9909199634910144,False,342
2004-09-01,812,770,854,top_3,0.4157999966660673,True,0.21910207127787956,0.3215205246593261,-0.009510585387627554,9.045123441531189e-05,0.9999095487655847,0.4159940261885468,0.9909199634910144,False,342
2004-09-01,812,770,854,top_6,0.2010761491659911,True,0.41769983558967244,0.4845030541678507,-0.006567646798856614,4.313398447464145e-05,0.9999568660155254,0.20113521049636504,0.9909199634910144,False,342
2004-09-01,812,770,854,flag_nested,0.2817666276276656,True,0.22222263676959095,0.2783177657269895,-0.013406835151839455,0.00017974322878866467,0.9998202567712113,0.28205095836642474,0.9909199634910144,False,342
2004-09-22,826,784,868,market_1,0.14988353268650795,True,0.060432043208238306,0.06528929179081903,-0.07948464057591753,0.006317808087482613,0.9936821919125174,0.15241092714540405,0.9900859220092532,False,346
2004-09-22,826,784,868,block_2_3,0.5021040751282081,True,0.26739290915216174,0.48500739018475275,0.0008106064075995694,6.570827481011676e-07,0.9999993429172519,0.5032578990710662,0.9900859220092532,False,346
2004-09-22,826,784,868,block_4_6,0.39463958681647465,True,0.41822743797769524,0.6410946275152698,,0.0,1.0,0.39463958681647465,0.9900859220092532,False,346
2004-09-22,826,784,868,top_3,0.49269008761400146,True,0.2728830330304908,0.4889822719263278,-0.010424933776506762,0.00010867924424462494,0.9998913207557554,0.49278760782846004,0.9900859220092532,False,346
2004-09-22,826,784,868,top_6,0.19071077362762875,True,0.4290729153768563,0.5087618408625985,-0.010216078629376854,0.00010436826256143839,0.9998956317374386,0.19076180927246708,0.9900859220092532,False,346
2004-09-22,826,784,868,flag_nested,0.339556240046097,True,0.24322351079469032,0.3565160316567467,-0.017760480263283175,0.0003154346591824897,0.9996845653408175,0.339759629792794,0.9900859220092532,False,346
2004-10-12,840,798,882,market_1,0.1833824738421509,True,0.0627067879681498,0.06143066697248329,-0.02389166447732638,0.0005708116314971923,0.9994291883685028,0.18864216710948706,0.9895980864255814,False,345
2004-10-12,840,798,882,block_2_3,0.44854993628925843,True,0.2780569562370829,0.4969703028801795,0.004711606016897696,2.219923125834633e-05,0.9999778007687417,0.4490157686412471,0.9895980864255814,False,345
2004-10-12,840,798,882,block_4_6,0.28589105879660553,True,0.501516019077616,0.6482101911737546,-0.001455195094668838,2.1175927634731195e-06,0.9999978824072365,0.2859102515035731,0.9895980864255814,False,345
2004-10-12,840,798,882,top_3,0.4391657287745646,True,0.28452284518873855,0.5003419619017474,-0.0025344629646487267,6.423502519115054e-06,0.9999935764974809,0.4394590062417605,0.9895980864255814,False,345
2004-10-12,840,798,882,top_6,0.09568188585755373,True,0.5097517280170196,0.5085606815030138,-0.002589221368464173,6.704067294860394e-06,0.9999932959327051,0.0957414311546163,0.9895980864255814,False,345
2004-10-12,840,798,882,flag_nested,0.2611008269797149,True,0.2724414832059116,0.3610079605581881,-0.004771866311246739,2.2770708092312297e-05,0.9999772292919077,0.2614976242920613,0.9895980864255814,False,345
2004-11-01,854,812,896,market_1,0.21892180145786247,True,0.062277025275763565,0.0538895142469082,0.0347882901237561,0.0012102251297347877,0.9987897748702652,0.216390267954328,0.989897082428477,False,349
2004-11-01,854,812,896,block_2_3,0.522060213678713,True,0.31599368066000266,0.36750947136614054,-0.009763465527780464,9.532525911226664e-05,0.9999046747408877,0.5220677957530061,0.989897082428477,False,349
2004-11-01,854,812,896,block_4_6,0.2444869383466167,True,0.49804715377890124,0.5363007743213349,-0.02324493200646201,0.0005403268639849745,0.999459673136015,0.24481125083563507,0.989897082428477,False,349
2004-11-01,854,812,896,top_3,0.5131173511342162,True,0.3215205246593263,0.371227728982863,0.005683871528092625,3.230639554774317e-05,0.9999676936044523,0.513149558506775,0.989897082428477,False,349
2004-11-01,854,812,896,top_6,0.004291755384938731,True,0.4845030541678506,0.48666659511188287,0.004445861250456672,1.9765682258254813e-05,0.9999802343177417,0.0042150354943053525,0.989897082428477,False,349
2004-11-01,854,812,896,flag_nested,0.25774593848917576,True,0.2783177657269895,0.2971780910509016,0.008073825357812876,6.518665590860007e-05,0.9999348133440914,0.2576299039066538,0.989897082428477,False,349
2004-11-19,868,826,910,market_1,0.07224765475508634,True,0.06528929179081902,0.05630915716170461,-0.058994910161164184,0.0034803994249238412,0.9965196005750762,0.07851073161441373,0.9886224152582381,False,343
2004-11-19,868,826,910,block_2_3,0.6197061274452875,True,0.48500739018475303,0.28921794194626793,0.00511293043933931,2.6142057677369657e-05,0.9999738579423226,0.6197786392910846,0.9886224152582381,False,343
2004-11-19,868,826,910,block_4_6,0.20834373981108859,True,0.6410946275152696,0.4795645653854668,,0.0,1.0,0.20834373981108859,0.9886224152582381,False,343
2004-11-19,868,826,910,top_3,0.6039185568091667,True,0.4889822719263279,0.29434117364337786,-0.009417474571208164,8.868882729951011e-05,0.9999113111727005,0.6041340300085999,0.9886224152582381,False,343
2004-11-19,868,826,910,top_6,-0.07638958808780287,False,0.5087618408625985,0.4681334882791999,-0.005584798839117325,3.118997807338708e-05,0.9999688100219266,-0.07632282217649553,0.9886224152582381,False,343
2004-11-19,868,826,910,flag_nested,0.2807080131727238,True,0.3565160316567468,0.26186725101774483,-0.014598296372714672,0.00021311025698578234,0.9997868897430142,0.28113462654220694,0.9886224152582381,False,343
2004-12-10,882,840,924,market_1,0.018226013351761244,True,0.06143066697248333,0.05638110438823284,-0.13436558824699016,0.018054111304959708,0.9819458886950403,0.023889429793299423,0.9886696251534322,False,345
2004-12-10,882,840,924,block_2_3,0.7441492515290175,True,0.49697030288017935,0.3572198777767855,0.010630242034274913,0.00011300204570707795,0.9998869979542929,0.7445090423913957,0.9886696251534322,False,345
2004-12-10,882,840,924,block_4_6,0.3113404172649848,True,0.6482101911737542,0.5062312188388579,-0.04321722445715475,0.0018677284897803403,0.9981322715102197,0.3107592634054542,0.9886696251534322,False,345
2004-12-10,882,840,924,top_3,0.7312030095990989,True,0.5003419619017475,0.36160755638184977,-0.021451784211725115,0.00046017904586637126,0.9995398209541336,0.7314790171651907,0.9886696251534322,False,345
2004-12-10,882,840,924,top_6,-0.1191771481719257,False,0.5085606815030138,0.4454243696445492,-0.016346165362737333,0.00026719712206590973,0.9997328028779341,-0.11910463429229473,0.9886696251534322,False,345
2004-12-10,882,840,924,flag_nested,0.3888361392522137,True,0.3610079605581882,0.2825467195380763,-0.03287083580080119,0.0010804918462430368,0.998919508153757,0.3893372777636195,0.9886696251534322,False,345
2004-12-31,896,854,938,market_1,0.0722968866277496,True,0.05388951424690816,0.058842889126456646,-0.20833152825601345,0.04340202566548612,0.9565979743345139,0.10987271725850932,0.9872218550341485,False,348
2004-12-31,896,854,938,block_2_3,0.7585527973636687,True,0.36750947136614043,0.4386883986271759,0.00508565338545094,2.5863870356968022e-05,0.999974136129643,0.7587052277876115,0.9872218550341485,False,348
2004-12-31,896,854,938,block_4_6,0.3678743089818495,True,0.5363007743213346,0.5541802547030542,-0.036854763025829615,0.0013582735576900262,0.99864172644231,0.3672715455121116,0.9872218550341485,False,348
2004-12-31,896,854,938,top_3,0.74495851266459,True,0.37122772898286327,0.44237551193124053,-0.027803433305560395,0.0007730309035767213,0.9992269690964233,0.7460427753684735,0.9872218550341485,False,348
2004-12-31,896,854,938,top_6,-0.045939932953840024,False,0.48666659511188304,0.418390466548657,-0.02787753442573395,0.0007771569256579403,0.9992228430743421,-0.0454646723908245,0.9872218550341485,False,348
2004-12-31,896,854,938,flag_nested,0.4243300283303235,True,0.2971780910509017,0.31284119592751525,-0.047769087429035975,0.0022818857138028337,0.9977181142861972,0.42678115729671795,0.9872218550341485,False,348
2005-01-21,910,868,952,market_1,0.16132455550222508,True,0.0563091571617046,0.060546579353627394,-0.1457224041212529,0.021235019062877725,0.9787649809371223,0.1776754927803088,0.9910615931765965,False,346
2005-01-21,910,868,952,block_2_3,0.5437803245148355,True,0.28921794194626804,0.42542047349877854,0.014090626859513908,0.00019854576529410028,0.9998014542347059,0.5436611972769068,0.9910615931765965,False,346
2005-01-21,910,868,952,block_4_6,0.22732939213522463,True,0.47956456538546716,0.5602651939284715,0.016923745512823146,0.00028641316218258606,0.9997135868378174,0.22786889452943576,0.9910615931765965,False,346
2005-01-21,910,868,952,top_3,0.5317242294548857,True,0.294341173643378,0.4283067436140152,-0.019635343513766855,0.00038554671490365067,0.9996144532850963,0.5322731830243963,0.9910615931765965,False,346
2005-01-21,910,868,952,top_6,-0.025043692551092487,False,0.4681334882792001,0.4396233200823743,-0.02016895702639221,0.00040678682753225726,0.9995932131724677,-0.02480408123355105,0.9910615931765965,False,346
2005-01-21,910,868,952,flag_nested,0.2701454409005957,True,0.2618672510177449,0.31149032259961784,-0.034349565080156824,0.0011798926211958882,0.9988201073788041,0.27125017506153065,0.9910615931765965,False,346
2005-02-10,924,882,966,market_1,0.014241766665386022,True,0.056381104388232836,0.06991321348697106,-0.08402580127412423,0.0070603352797588,0.9929396647202412,0.01823435549859291,0.9909357001227457,False,347
2005-02-10,924,882,966,block_2_3,0.6591939379886694,True,0.35721987777678527,0.5318511977187147,0.024492016840819853,0.0005998588889312151,0.9994001411110688,0.6594027125422154,0.9909357001227457,False,347
2005-02-10,924,882,966,block_4_6,0.2450311968559724,True,0.5062312188388578,0.6676438133344696,0.025330672384125195,0.0006416429634318321,0.9993583570365682,0.24492586453111378,0.9909357001227457,False,347
2005-02-10,924,882,966,top_3,0.6504172223427304,True,0.3616075563818495,0.5340088375748899,-0.009948139744887481,9.896548438381725e-05,0.9999010345156162,0.6505636861570566,0.9909357001227457,False,347
2005-02-10,924,882,966,top_6,-0.21828412932075264,False,0.44542436964454946,0.47907510842225676,-0.012248619516135291,0.00015002868005087322,0.9998499713199491,-0.21821145661054275,0.9909357001227457,False,347
2005-02-10,924,882,966,flag_nested,0.3252071557102657,True,0.2825467195380763,0.3717461009090335,-0.018940524372827533,0.0003587434635177189,0.9996412565364823,0.3255243479018347,0.9909357001227457,False,347
2005-03-03,938,896,980,market_1,0.18453041144650487,True,0.05884288912645665,0.06507651708907142,-0.1293025019394547,0.016719137007802587,0.9832808629921974,0.1952140181855661,0.9899915022188651,False,345
2005-03-03,938,896,980,block_2_3,0.7515479641136671,True,0.4386883986271764,0.46030292920567184,0.001761980817944783,3.1045764028458933e-06,0.9999968954235972,0.7516141111592293,0.9899915022188651,False,345
2005-03-03,938,896,980,block_4_6,0.41829350091750694,True,0.5541802547030543,0.5820752243697308,0.03989101660915098,0.0015912932061116214,0.9984087067938884,0.41831572807841766,0.9899915022188651,False,345
2005-03-03,938,896,980,top_3,0.7409954941062167,True,0.44237551193124086,0.46312113992000326,-0.01567336354261138,0.00024565432473877546,0.9997543456752612,0.741276404149723,0.9899915022188651,False,345
2005-03-03,938,896,980,top_6,-0.11336143836030703,False,0.4183904665486569,0.43590407214187826,-0.01898246566438126,0.00036033400269941396,0.9996396659973006,-0.1131902190538218,0.9899915022188651,False,345
2005-03-03,938,896,980,flag_nested,0.46686433675297423,True,0.3128411959275154,0.3277154403467902,-0.03042974864640471,0.0009259696026833186,0.9990740303973167,0.46762418950929846,0.9899915022188651,False,345
2005-03-23,952,910,994,market_1,0.03067525961596358,True,0.06054657935362739,0.06283908374226513,-0.06901217407891744,0.00476268017109871,0.9952373198289013,0.03405088234325702,0.991266169389104,False,350
2005-03-23,952,910,994,block_2_3,0.7855172150148552,True,0.4254204734987783,0.3741277213503095,-0.049940300431572535,0.0024940336071956892,0.9975059663928043,0.7852268860640168,0.991266169389104,False,350
2005-03-23,952,910,994,block_4_6,0.487138122761468,True,0.5602651939284716,0.5075062072541762,0.03772278533698329,0.001423008533580128,0.9985769914664199,0.4872760755337034,0.991266169389104,False,350
2005-03-23,952,910,994,top_3,0.767628327539703,True,0.428306743614015,0.37853275838329814,-0.008127535110846294,6.605682697802262e-05,0.999933943173022,0.767749385093793,0.991266169389104,False,350
2005-03-23,952,910,994,top_6,0.06806213403087402,True,0.4396233200823743,0.41127757818031047,-0.010304863207303155,0.00010619020572111282,0.9998938097942789,0.06815505955002342,0.991266169389104,False,350
2005-03-23,952,910,994,flag_nested,0.49577367612511114,True,0.3114903225996177,0.2826705524474863,-0.01753047983951635,0.00030731772340364394,0.9996926822765964,0.49610209811238953,0.991266169389104,False,350
2005-04-13,966,924,1008,market_1,0.08546787883555977,True,0.06991321348697103,0.05549500420114496,-0.11092292668631318,0.01230389566465706,0.9876961043353429,0.09366993095851904,0.990904226859283,False,350
2005-04-13,966,924,1008,block_2_3,0.38662059862670295,True,0.5318511977187146,0.17256343441221605,-0.06973150516174349,0.004862482812122093,0.9951375171878779,0.38542634267290543,0.990904226859283,False,350
2005-04-13,966,924,1008,block_4_6,0.30855401276636796,True,0.6676438133344694,0.4056378685648394,0.04809656250391001,0.0023132793246926076,0.9976867206753074,0.30761118642500296,0.990904226859283,False,350
2005-04-13,966,924,1008,top_3,0.3645090518525701,True,0.5340088375748895,0.1798057411426491,-0.026905770332080962,0.0007239204771627428,0.9992760795228373,0.36497774795134036,0.990904226859283,False,350
2005-04-13,966,924,1008,top_6,0.20323564668160732,True,0.4790751084222569,0.42494316520012565,-0.013313801435005249,0.0001772573086505913,0.9998227426913494,0.2034141953843313,0.990904226859283,False,350
2005-04-13,966,924,1008,flag_nested,0.24242748204752343,True,0.3717461009090333,0.20964854546507375,-0.03392989755293986,0.00115123794795291,0.9988487620520471,0.24316979265033573,0.990904226859283,False,350
2005-05-03,980,938,1022,market_1,0.1170950114748301,True,0.06507651708907142,0.04940634639829821,0.019675379004843264,0.0003871205389842647,0.9996128794610157,0.11602619803715018,0.9919113712900891,False,350
2005-05-03,980,938,1022,block_2_3,0.008225966313597436,True,0.46030292920567134,0.1564712353871402,-0.020022022036283713,0.0004008813664213573,0.9995991186335786,0.0077457031147699935,0.9919113712900891,False,350
2005-05-03,980,938,1022,block_4_6,0.11803664503594614,True,0.5820752243697312,0.4277098174039139,0.0316937704542406,0.001004495085606294,0.9989955049143937,0.11776777297399937,0.9919113712900891,False,350
2005-05-03,980,938,1022,top_3,0.004354885658005814,True,0.4631211399200028,0.16330205692915742,0.011387194421909967,0.00012966819680226838,0.9998703318031977,0.004220077688677168,0.9919113712900891,False,350
2005-05-03,980,938,1022,top_6,0.11844113305933335,True,0.43590407214187843,0.45622548069223867,0.004214170919839307,1.7759236541792234e-05,0.9999822407634582,0.11839761487386831,0.9919113712900891,False,350
2005-05-03,980,938,1022,flag_nested,0.06275727989391623,True,0.32771544034678995,0.21452378858533136,0.007274446118997186,5.291756633829525e-05,0.9999470824336617,0.06263668499064899,0.9919113712900891,False,350
2005-05-23,994,952,1036,market_1,0.08148076896545353,True,0.06283908374226521,0.046460863294857754,-0.08391696646295436,0.00704205726034457,0.9929579427396554,0.08962496131564843,0.9916910584458503,False,351
2005-05-23,994,952,1036,block_2_3,-0.07948377960166488,False,0.3741277213503095,0.15860261834182954,-0.058911398610251735,0.003470552886216005,0.996529447113784,-0.08000976936510404,0.9916910584458503,False,351
2005-05-23,994,952,1036,block_4_6,0.09208756347258966,True,0.5075062072541761,0.5354896706791942,-0.012855059710105445,0.0001652525601500976,0.9998347474398499,0.09220943061481092,0.9916910584458503,False,351
2005-05-23,994,952,1036,top_3,-0.0768541780499507,False,0.3785327583832984,0.16451966157854275,-0.018367515566597273,0.00033736562808917014,0.9996626343719108,-0.07659124760154788,0.9916910584458503,False,351
2005-05-23,994,952,1036,top_6,0.11606353622106329,True,0.4112775781803105,0.5572129479378543,-0.005051193053502217,2.5514551263872143e-05,0.9999744854487361,0.11615024098818344,0.9916910584458503,False,351
2005-05-23,994,952,1036,flag_nested,0.04337255590345776,True,0.2826705524474864,0.25085566180244334,-0.017499329087403176,0.0003062265185094226,0.9996937734814906,0.04382457563830857,0.9916910584458503,False,351
2005-06-13,1008,966,1050,market_1,0.07029596449530193,True,0.05549500420114497,0.05440222384773455,-0.09805369359677155,0.009614526827969594,0.9903854731720304,0.0736894392066364,0.9909986466496711,False,351
2005-06-13,1008,966,1050,block_2_3,-0.1260029607823181,False,0.17256343441221628,0.19093585556701242,0.01786167924794548,0.0003190395855564576,0.9996809604144435,-0.1280877222757755,0.9909986466496711,False,351
2005-06-13,1008,966,1050,block_4_6,0.1456594481416528,True,0.40563786856483913,0.552226292645721,-0.010552146512967051,0.00011134779603128031,0.9998886522039687,0.1457255328912887,0.9909986466496711,False,351
2005-06-13,1008,966,1050,top_3,-0.11914766131970132,False,0.17980574114264933,0.19653774743750022,-0.0287772058062929,0.000828127574017623,0.9991718724259824,-0.11916500794004319,0.9909986466496711,False,351
2005-06-13,1008,966,1050,top_6,0.16018959504406183,True,0.4249431652001253,0.5621253537426256,-0.010053980128913191,0.00010108251643248245,0.9998989174835675,0.16021076382350885,0.9909986466496711,False,351
2005-06-13,1008,966,1050,flag_nested,0.09451736276727536,True,0.20964854546507372,0.26172399501935856,-0.02546001755827837,0.0006482124940679901,0.999351787505932,0.09473498238572138,0.9909986466496711,False,351
2005-07-01,1022,980,1064,market_1,0.12093794519867127,True,0.04940634639829821,0.05791415167107707,-0.09737888620421092,0.009482647478372463,0.9905173525216275,0.13103584893110565,0.991266169389104,False,351
2005-07-01,1022,980,1064,block_2_3,0.08799797238823591,True,0.15647123538714006,0.1779831433167019,0.01377990029341374,0.00018988565209632213,0.9998101143479037,0.08759649587787638,0.991266169389104,False,351
2005-07-01,1022,980,1064,block_4_6,0.029921849877698272,True,0.4277098174039133,0.41316785497915126,0.010816821271452764,0.00011700362241851003,0.9998829963775815,0.030390072444142997,0.991266169389104,False,351
2005-07-01,1022,980,1064,top_3,0.08100370654049685,True,0.16330205692915725,0.18529361019738186,-0.03430873568738606,0.0011770893444670305,0.998822910655533,0.08193722813804521,0.991266169389104,False,351
2005-07-01,1022,980,1064,top_6,0.02745710461235837,True,0.45622548069223806,0.4288723910363499,-0.01603870813946911,0.0002572401587830342,0.999742759841217,0.027616429653522404,0.991266169389104,False,351
2005-07-01,1022,980,1064,flag_nested,0.04500706997153889,True,0.2145237885853311,0.21319915006705098,-0.03409919997075016,0.001162755438645191,0.9988372445613548,0.0459082286563762,0.991266169389104,False,351
2005-07-22,1036,994,1078,market_1,0.2872507023110887,True,0.04646086329485774,0.06356660908310521,-0.022665969093557458,0.0005137461549500344,0.99948625384505,0.29141445028880514,0.9917225317093129,False,352
2005-07-22,1036,994,1078,block_2_3,0.06331668916152383,True,0.15860261834182948,0.24919562995230507,-0.016866849438618617,0.0002844906099851441,0.9997155093900149,0.06403231975800816,0.9917225317093129,False,352
2005-07-22,1036,994,1078,block_4_6,0.2895464267597556,True,0.5354896706791934,0.493024066027846,0.015130956571408899,0.00022894584676591556,0.9997710541532341,0.28961905223162526,0.9917225317093129,False,352
2005-07-22,1036,994,1078,top_3,0.06704641299662331,True,0.16451966157854264,0.2531079084507953,-0.003096356097085482,9.587421080037295e-06,0.99999041257892,0.06715305094429413,0.9917225317093129,False,352
2005-07-22,1036,994,1078,top_6,0.2710566921379506,True,0.5572129479378537,0.49509064182896395,-0.00174779702563577,3.0547944429581975e-06,0.999996945205557,0.27108191925965874,0.9917225317093129,False,352
2005-07-22,1036,994,1078,flag_nested,0.22057404232281036,True,0.2508556618024431,0.2573863027335998,-0.005859069674461633,3.432869745012557e-05,0.9999656713025499,0.22077642138604936,0.9917225317093129,False,352
2005-08-11,1050,1008,1092,market_1,0.31568127692580095,True,0.054402223847734556,0.057536505915569705,0.07176346483401665,0.005149994884983133,0.9948500051150169,0.3118427038668764,0.9910143832814025,False,352
2005-08-11,1050,1008,1092,block_2_3,-0.19605969885168595,False,0.19093585556701234,0.2688215583978581,0.08134999357851701,0.006617821455224826,0.9933821785447752,-0.20486951071999251,0.9910143832814025,False,352
2005-08-11,1050,1008,1092,block_4_6,0.29279786629100485,True,0.5522262926457212,0.5318773396077717,0.0022987114857772302,5.284074494960045e-06,0.999994715925505,0.2927922699230521,0.9910143832814025,False,352
2005-08-11,1050,1008,1092,top_3,-0.18443203974664066,False,0.19653774743750013,0.27325489681669707,0.009844558092101519,9.6915324028779e-05,0.9999030846759712,-0.18461187093015238,0.9910143832814025,False,352
2005-08-11,1050,1008,1092,top_6,0.31631597979978526,True,0.5621253537426261,0.5310595715376476,0.004579260806641144,2.0969629535350087e-05,0.9999790303704646,0.31630056480429686,0.9910143832814025,False,352
2005-08-11,1050,1008,1092,flag_nested,0.187038081041563,True,0.26172399501935867,0.2742333078688631,0.016173800708126622,0.0002615918293462638,0.9997384081706537,0.18680471299669976,0.9910143832814025,False,352
2005-08-31,1064,1022,1106,market_1,0.1741110318386711,True,0.057914151671077094,0.05976705605718798,-0.026714352908321266,0.0007136566513102904,0.9992863433486897,0.17514625383181132,0.9895508765303874,False,351
2005-08-31,1064,1022,1106,block_2_3,-0.006884376821251315,False,0.1779831433167021,0.27073624011304603,0.09738165572569188,0.009483186871877325,0.9905168131281227,-0.016493790586794708,0.9895508765303874,False,351
2005-08-31,1064,1022,1106,block_4_6,0.2434004284727302,True,0.4131678549791515,1.015389014398578,-0.0038099450291366383,1.4515681124760427e-05,0.9999854843188752,0.24358080660947218,0.9895508765303874,False,351
2005-08-31,1064,1022,1106,top_3,-0.01701162548803921,False,0.18529361019738202,0.27358717974864,-0.012058322844243624,0.00014540314981603686,0.999854596850184,-0.016964051260672103,0.9895508765303874,False,351
2005-08-31,1064,1022,1106,top_6,0.24332870673363746,True,0.4288723910363499,1.0205881975419484,-0.002143560187883418,4.594850279038276e-06,0.999995405149721,0.24333182328255865,0.9895508765303874,False,351
2005-08-31,1064,1022,1106,flag_nested,0.18848305767910625,True,0.213199150067051,0.4495799455688259,-0.0055571227701421335,3.0881613482192094e-05,0.9999691183865178,0.18854046068841832,0.9895508765303874,False,351
2005-09-21,1078,1036,1120,market_1,0.25219681075260225,True,0.06356660908310517,0.052487159147399126,-0.11316605885111394,0.012806556875893715,0.9871934431241063,0.2745575202918381,0.9894249834765367,False,349
2005-09-21,1078,1036,1120,block_2_3,-0.08594585510317865,False,0.24919562995230543,0.2200441067159119,0.1079923608877385,0.011662350010107625,0.9883376499898924,-0.09481895266668325,0.9894249834765367,False,349
2005-09-21,1078,1036,1120,block_4_6,0.37627745050200295,True,0.4930240660278465,1.0470529430520732,0.0025198032611638784,6.3494084747706125e-06,0.9999936505915252,0.3762703274596408,0.9894249834765367,False,349
2005-09-21,1078,1036,1120,top_3,-0.09521523130309399,False,0.2531079084507956,0.22341451351745373,-0.027643965844856754,0.0007641888476316305,0.9992358111523684,-0.0943248295896082,0.9894249834765367,False,349
2005-09-21,1078,1036,1120,top_6,0.3884817884636182,True,0.4950906418289645,1.0575348208637272,-0.006221818533018572,3.871102585772945e-05,0.9999612889741423,0.388682489487074,0.9894249834765367,False,349
2005-09-21,1078,1036,1120,flag_nested,0.28217193787597067,True,0.2573863027336001,0.45364034915557344,-0.016369703666241492,0.0002679671981206111,0.9997320328018794,0.2832498012617419,0.9894249834765367,False,349
2005-10-11,1092,1050,1134,market_1,0.1603998841811715,True,0.05753650591556973,0.05823202349630919,-0.1046404122466876,0.010949615875156749,0.9890503841248433,0.18667547863034353,0.9882447360966858,False,349
2005-10-11,1092,1050,1134,block_2_3,-0.010770494754087813,False,0.26882155839785826,0.2137184588420614,0.08159896505216208,0.006658391097583816,0.9933416089024162,-0.01433642592216396,0.9882447360966858,False,349
2005-10-11,1092,1050,1134,block_4_6,0.33504271184201745,True,0.5318773396077712,0.9593339690947413,-0.008193761286993074,6.713772402833218e-05,0.9999328622759717,0.3351355919938124,0.9882447360966858,False,349
2005-10-11,1092,1050,1134,top_3,-0.020802904138243067,False,0.2732548968166974,0.21761687021686094,-0.03222573229849503,0.0010384978221742447,0.9989615021778258,-0.019483706806842197,0.9882447360966858,False,349
2005-10-11,1092,1050,1134,top_6,0.34314266037126534,True,0.5310595715376476,0.9773759297959878,-0.0055945524640636625,3.129901727316753e-05,0.9999687009827268,0.34333870977320113,0.9882447360966858,False,349
2005-10-11,1092,1050,1134,flag_nested,0.2573665665073542,True,0.2742333078688632,0.4223591922983296,-0.018060727953375565,0.00032618989420585276,0.9996738101057941,0.25869026583391713,0.9882447360966858,False,349
2005-10-31,1106,1064,1148,market_1,0.19694376772591954,True,0.05976705605718797,0.055133870323178444,-0.006866364188798996,4.71469571733385e-05,0.9999528530428267,0.19742514324124244,0.9907153872785069,False,350
2005-10-31,1106,1064,1148,block_2_3,-0.12245016777056124,False,0.2707362401130462,0.22085303307070497,0.07742969428903837,0.005995357557693648,0.9940046424423064,-0.12781390621087063,0.9907153872785069,False,350
2005-10-31,1106,1064,1148,block_4_6,0.6881192447635051,True,1.015389014398578,1.1290033964353565,-0.0026217099512862337,6.873363068593541e-06,0.9999931266369314,0.6881522448151162,0.9907153872785069,False,350
2005-10-31,1106,1064,1148,top_3,-0.12600616213310525,False,0.27358717974863994,0.2242179073431309,-0.0038729631623246196,1.4999843656715584e-05,0.9999850001563433,-0.1259784863139377,0.9907153872785069,False,350
2005-10-31,1106,1064,1148,top_6,0.6857090674268261,True,1.0205881975419488,1.1371025733381193,-0.0003419019305577172,1.1689693002470136e-07,0.99999988310307,0.6857133865362026,0.9907153872785069,False,350
2005-10-31,1106,1064,1148,flag_nested,0.5993280622769501,True,0.4495799455688261,0.48507526291970343,-0.001233571292249979,1.5216981331667156e-06,0.9999984783018668,0.5993520005082436,0.9907153872785069,False,350
2005-11-18,1120,1078,1162,market_1,0.19913489901260642,True,0.05248715914739911,0.05201179669993658,-0.04514381004358437,0.0020379635852514344,0.9979620364147486,0.19907717685755633,0.9892518805274919,False,349
2005-11-18,1120,1078,1162,block_2_3,0.11598345960720184,True,0.22004410671591154,0.18490516642332938,0.039118145025536726,0.0015302292702388254,0.9984697707297612,0.11290609099153921,0.9892518805274919,False,349
2005-11-18,1120,1078,1162,block_4_6,0.47315098531235483,True,1.0470529430520725,0.733768706833427,-0.005788786923212151,3.351005404239604e-05,0.9999664899459576,0.4731592392796562,0.9892518805274919,False,349
2005-11-18,1120,1078,1162,top_3,0.10559645885149214,True,0.22341451351745345,0.19090953802764593,-0.013083648803114408,0.0001711818660031783,0.9998288181339968,0.10557637218479164,0.9892518805274919,False,349
2005-11-18,1120,1078,1162,top_6,0.4615609904952296,True,1.0575348208637263,0.7472529027960895,-0.0029030789404331054,8.427867334348527e-06,0.9999915721326657,0.46156054002749575,0.9892518805274919,False,349
2005-11-18,1120,1078,1162,flag_nested,0.4216471457600827,True,0.453640349155573,0.3285095549429204,-0.008804047155736282,7.751124632060513e-05,0.9999224887536794,0.4216537658681419,0.9892518805274919,False,349
2005-12-09,1134,1092,1176,market_1,0.26155808088684546,True,0.058232023496309133,0.04958008021445868,-0.05057898521040425,0.0025582337449144843,0.9974417662550855,0.2641980321989326,0.9894249834765367,False,349
2005-12-09,1134,1092,1176,block_2_3,0.19812926388929622,True,0.21371845884206106,0.24851684581413752,0.03328812858249664,0.0011080995045248399,0.9988919004954752,0.19617897983204166,0.9894249834765367,False,349
2005-12-09,1134,1092,1176,block_4_6,-0.7614106722089978,False,0.9593339690947421,1.5931957767424594,0.004658861710467437,2.1704992437254766e-05,0.9999782950075627,-0.7614050276558326,0.9894249834765367,False,349
2005-12-09,1134,1092,1176,top_3,0.18944927932111524,True,0.21761687021686066,0.25243753304251726,-0.010611010220543879,0.00011259353790049609,0.9998874064620995,0.18958185741908562,0.9894249834765367,False,349
2005-12-09,1134,1092,1176,top_6,-0.7522610952880351,False,0.9773759297959882,1.5942090720846591,-0.0016367879233269967,2.67907470574702e-06,0.9999973209252943,-0.752260556101064,0.9894249834765367,False,349
2005-12-09,1134,1092,1176,flag_nested,-0.6766387362049089,False,0.4223591922983297,0.6687925796810555,-0.004682529492107549,2.1926082444334583e-05,0.9999780739175557,-0.6766299560553181,0.9894249834765367,False,349
2005-12-30,1148,1106,1190,market_1,0.16921003362905546,True,0.055133870323178465,0.054833953440986134,-0.10325980311522673,0.010662586939395258,0.9893374130606047,0.18359002446927938,0.9888742013659396,False,350
2005-12-30,1148,1106,1190,block_2_3,0.2638408420517741,True,0.22085303307070486,0.24066030638489228,0.0005215377973354676,2.7200167407315234e-07,0.9999997279983259,0.26384054175026433,0.9888742013659396,False,350
2005-12-30,1148,1106,1190,block_4_6,0.7563886632504492,True,1.1290033964353572,1.3720267101083403,0.005391476743277241,2.9068021473399597e-05,0.9999709319785266,0.7563913547399438,0.9888742013659396,False,350
2005-12-30,1148,1106,1190,top_3,0.25070422179140395,True,0.2242179073431309,0.24597019192234804,-0.024354258989112247,0.0005931299309087645,0.9994068700690912,0.25155436637506107,0.9888742013659396,False,350
2005-12-30,1148,1106,1190,top_6,0.7378935929077787,True,1.1371025733381195,1.3763725642570488,-0.003854489345102536,1.4857088111441819e-05,0.9999851429118886,0.7379305747826084,0.9888742013659396,False,350
2005-12-30,1148,1106,1190,flag_nested,0.6997306336915171,True,0.48507526291970354,0.5821575790350878,-0.011982244611206257,0.00014357418592281235,0.9998564258140772,0.7000651681776053,0.9888742013659396,False,350
2006-01-23,1162,1120,1204,market_1,0.11053359180016754,True,0.052011796699936566,0.055076887260256224,-0.11284599907769761,0.012734219507843703,0.9872657804921563,0.14049216631381795,0.9885437320995814,False,346
2006-01-23,1162,1120,1204,block_2_3,0.29616541201310165,True,0.1849051664233296,0.2419599633301923,0.010142990211258574,0.00010288025042559656,0.9998971197495744,0.2962882155746403,0.9885437320995814,False,346
2006-01-23,1162,1120,1204,block_4_6,-0.6289039156117924,False,0.7337687068334273,0.8373818799787315,-0.0065720663473123825,4.319205607328236e-05,0.9999568079439267,-0.6290229464465287,0.9885437320995814,False,346
2006-01-23,1162,1120,1204,top_3,0.28118198275475614,True,0.190909538027646,0.24759875882692736,-0.02532887201601231,0.0006415517576034979,0.9993584482423965,0.28330869233164274,0.9885437320995814,False,346
2006-01-23,1162,1120,1204,top_6,-0.6290526234246889,False,0.7472529027960899,0.8473225802196592,-0.0072709673015574,5.2866965500220076e-05,0.9999471330344998,-0.6290319354457679,0.9885437320995814,False,346
2006-01-23,1162,1120,1204,flag_nested,-0.49592856822926834,False,0.32850955494292056,0.37832231116625153,-0.020141419343355765,0.00040567677316494244,0.9995943232268351,-0.4956219407826694,0.9885437320995814,False,346
2006-02-10,1176,1134,1218,market_1,0.06932400727617304,True,0.04958008021445868,0.05442196987040713,-0.2094899967525154,0.043886058739368794,0.9561139412606312,0.09982187025413575,0.9871903817706859,False,348
2006-02-10,1176,1134,1218,block_2_3,0.11179957746977573,True,0.2485168458141378,0.22326060980993226,-0.007121864451831073,5.072095327030013e-05,0.9999492790467297,0.11223877730028933,0.9871903817706859,False,348
2006-02-10,1176,1134,1218,block_4_6,0.8699058260396973,True,1.5931957767424603,1.3290158752068901,-0.001358927991033779,1.8466852848009196e-06,0.9999981533147152,0.869917085902308,0.9871903817706859,False,348
2006-02-10,1176,1134,1218,top_3,0.10978153915431121,True,0.2524375330425175,0.22977481632494112,-0.04965719699668914,0.0024658372135680784,0.9975341627864319,0.11115115878217201,0.9871903817706859,False,348
2006-02-10,1176,1134,1218,top_6,0.8610359354582953,True,1.5942090720846591,1.3430530755482817,-0.008571957807900425,7.347846066041441e-05,0.9999265215393396,0.8611114747279524,0.9871903817706859,False,348
2006-02-10,1176,1134,1218,flag_nested,0.8167453024275338,True,0.6687925796810555,0.5667384759895098,-0.02466887157552621,0.0006085532248097936,0.9993914467751902,0.8173414051898898,0.9871903817706859,False,348
2006-03-03,1190,1148,1232,market_1,0.04792997886123034,True,0.05483395344098613,0.055944705066057296,-0.12843717679938374,0.01649610838419613,0.9835038916158039,0.07125407200914416,0.9864350234475813,False,347
2006-03-03,1190,1148,1232,block_2_3,0.0445013459736452,True,0.24066030638489222,0.22384784049202316,0.08895619598286665,0.007913204803742135,0.9920867951962579,0.04569345341570263,0.9864350234475813,False,347
2006-03-03,1190,1148,1232,block_4_6,0.7830081167635468,True,1.37202671010834,0.9067721617987524,-0.010219240248390294,0.00010443287125427858,0.9998955671287457,0.7831607021196492,0.9864350234475813,False,347
2006-03-03,1190,1148,1232,top_3,0.04586300076945666,True,0.24597019192234798,0.22897224406869188,-0.03575940262785747,0.0012787348763011464,0.9987212651236989,0.04726659690797522,0.9864350234475813,False,347
2006-03-03,1190,1148,1232,top_6,0.764425162710509,True,1.3763725642570486,0.9270866282148449,-0.008723755034341496,7.61039018991605e-05,0.9999238960981008,0.7645321741804783,0.9864350234475813,False,347
2006-03-03,1190,1148,1232,flag_nested,0.6941532037271019,True,0.5821575790350877,0.4047890507149051,-0.022716732006641507,0.0005160499130615337,0.9994839500869385,0.6949084131384508,0.9864350234475813,False,347
2006-03-23,1204,1162,1246,market_1,0.05468777357310228,True,0.05507688726025627,0.05116689264846393,-0.058619867992263784,0.0034362889234305083,0.9965637110765695,0.06416821287132435,0.9861202908129544,False,344
2006-03-23,1204,1162,1246,block_2_3,0.01898451755541488,True,0.2419599633301922,0.2981908724750118,0.04359693339316348,0.001900692601287668,0.9980993073987123,0.018904583649055035,0.9861202908129544,False,344
2006-03-23,1204,1162,1246,block_4_6,0.22956729260980221,True,0.8373818799787316,0.5402406733551707,,0.0,1.0,0.22956729260980221,0.9861202908129544,False,344
2006-03-23,1204,1162,1246,top_3,0.019281467381092984,True,0.2475987588269275,0.3018122007603783,-0.011974440905829154,0.00014338723500728623,0.9998566127649927,0.019677567888409995,0.9861202908129544,False,344
2006-03-23,1204,1162,1246,top_6,0.23549365987318255,True,0.8473225802196587,0.5364914075614357,-0.0065275985247604095,4.260954250057125e-05,0.9999573904574994,0.23556996805545247,0.9861202908129544,False,344
2006-03-23,1204,1162,1246,flag_nested,0.1716475670252263,True,0.3783223111662515,0.2845208090991743,-0.013738837787223328,0.000188755663743434,0.9998112443362566,0.17208176738016717,0.9861202908129544,False,344
2006-04-12,1218,1176,1260,market_1,0.01155726015849919,True,0.05442196987040712,0.050349459843558306,-0.1339085938633685,0.01793151151046457,0.9820684884895354,0.01312019627995544,0.9869858055581783,False,348
2006-04-12,1218,1176,1260,block_2_3,-0.17587102259648496,False,0.223260609809932,0.4032910325220591,0.021196491834273395,0.0004492912660806203,0.9995507087339194,-0.17641271452299268,0.9869858055581783,False,348
2006-04-12,1218,1176,1260,block_4_6,0.4099566209272295,True,1.3290158752068888,0.6519682014630305,,0.0,1.0,0.4099566209272295,0.9869858055581783,False,348
2006-04-12,1218,1176,1260,top_3,-0.1691066490172312,False,0.2297748163249409,0.4061845720503028,-0.017794082275566798,0.00031662936402965247,0.9996833706359703,-0.16908899612510436,0.9869858055581783,False,348
2006-04-12,1218,1176,1260,top_6,0.4764407226430752,True,1.3430530755482797,0.5803072691338235,-0.012635854025529802,0.00015966480695461804,0.9998403351930454,0.47648792114726174,0.9869858055581783,False,348
2006-04-12,1218,1176,1260,flag_nested,0.2965442221347578,True,0.5667384759895089,0.3371297347689164,-0.025123370975448176,0.0006311837691700406,0.99936881623083,0.29667217556019215,0.9869858055581783,False,348
2006-05-03,1232,1190,1274,market_1,0.019012429206417096,True,0.05594470506605727,0.05141523728915996,-0.1024903787112959,0.010504277728384803,0.9894957222716152,0.029404759711559866,0.9858999779687155,False,345
2006-05-03,1232,1190,1274,block_2_3,0.19947579518627817,True,0.22384784049202322,0.37906851024577926,-0.0015838261372860712,2.5085052332007862e-06,0.9999974914947668,0.20039394947119774,0.9858999779687155,False,345
2006-05-03,1232,1190,1274,block_4_6,-0.40731443488170255,False,0.906772161798752,0.6357442684791517,-0.009523022958092722,9.068796626021669e-05,0.9999093120337398,-0.4072322137677557,0.9858999779687155,False,345
2006-05-03,1232,1190,1274,top_3,0.1919669317358297,True,0.22897224406869193,0.38240277555704255,-0.014004022074898545,0.00019611263427421477,0.9998038873657258,0.19233526220727148,0.9858999779687155,False,345
2006-05-03,1232,1190,1274,top_6,-0.4739072352542251,False,0.9270866282148439,0.5730743320410223,-0.009364759463915956,8.769871981695321e-05,0.999912301280183,-0.4738845744219457,0.9858999779687155,False,345
2006-05-03,1232,1190,1274,flag_nested,-0.27532520288832646,False,0.4047890507149048,0.325765538208266,-0.019923496811407898,0.00039694572519399784,0.999603054274806,-0.27509419878187047,0.9858999779687155,False,345
2006-05-23,1246,1204,1288,market_1,-0.04290986817533637,False,0.05116689264846395,0.05977842858637547,-0.13322028447236506,0.017747644194897938,0.9822523558051021,-0.03772643801861812,0.9868127026091336,False,351
2006-05-23,1246,1204,1288,block_2_3,0.5678730712890167,True,0.29819087247501136,0.33593983105362624,-0.014231696658121991,0.00020254118976870128,0.9997974588102313,0.5690036427301958,0.9868127026091336,False,351
2006-05-23,1246,1204,1288,block_4_6,-0.14683032975591218,False,0.5402406733551701,0.8789785492413551,0.016451222702167607,0.00027064272839638637,0.9997293572716036,-0.14667960378891254,0.9868127026091336,False,351
2006-05-23,1246,1204,1288,top_3,0.5570701999652053,True,0.30181220076037785,0.33990482279622786,-0.021813602957756105,0.00047583327399847164,0.9995241667260015,0.5573361536741925,0.9868127026091336,False,351
2006-05-23,1246,1204,1288,top_6,-0.27306870001970435,False,0.5364914075614354,0.8560968197075344,-0.008699772385655856,7.568603956253916e-05,0.9999243139604375,-0.27305493940047965,0.9868127026091336,False,351
2006-05-23,1246,1204,1288,flag_nested,-0.017212386585699995,False,0.2845208090991741,0.4052598148059183,-0.0235254156194243,0.000553445180066614,0.9994465548199334,-0.017017525173268558,0.9868127026091336,False,351
2006-06-13,1260,1218,1302,market_1,0.07132744649701311,True,0.05034945984355834,0.06362333310553385,-0.07496540116295493,0.005619811371522787,0.9943801886284772,0.07382445834977232,0.9877411638812829,False,348
2006-06-13,1260,1218,1302,block_2_3,0.6153313093082657,True,0.403291032522059,0.292487796198482,-0.06714232766371094,0.004508092164100974,0.995491907835899,0.6178312911658046,0.9877411638812829,False,348
2006-06-13,1260,1218,1302,block_4_6,-0.18898462968010582,False,0.6519682014630306,0.6244569219810203,-0.7323332567222527,0.5363119989014211,0.46368800109857883,0.25141157546315585,0.9877411638812829,False,348
2006-06-13,1260,1218,1302,top_3,0.6094446999845577,True,0.40618457205030256,0.29609232421602144,-0.013287557945371562,0.00017655919615167104,0.9998234408038483,0.6095446830588994,0.9877411638812829,False,348
2006-06-13,1260,1218,1302,top_6,-0.3906490725035505,False,0.5803072691338237,0.6135225500141288,0.7106168876978541,0.5049763610813849,0.49502363891861506,-0.06056638147280091,0.9877411638812829,False,348
2006-06-13,1260,1218,1302,flag_nested,0.014169919599541024,True,0.3371297347689164,0.3098491082736554,0.42809588077739663,0.18326608313857506,0.8167339168614249,0.14596338494745023,0.9877411638812829,False,348
2006-07-03,1274,1232,1316,market_1,0.1573950400583106,True,0.051415237289159955,0.06872481170294427,-0.02764809938214728,0.0007644173994449943,0.999235582600555,0.16093357842539838,0.9885437320995814,False,349
2006-07-03,1274,1232,1316,block_2_3,0.2116843316734366,True,0.3790685102457791,0.23955180536801235,-0.17077027740325398,0.02916248764438434,0.9708375123556157,0.2163560700963802,0.9885437320995814,False,349
2006-07-03,1274,1232,1316,block_4_6,0.5783138856275825,True,0.6357442684791517,1.3044430011922723,-0.013655520624483835,0.00018647324352571992,0.9998135267564743,0.5782904240524369,0.9885437320995814,False,349
2006-07-03,1274,1232,1316,top_3,0.21514334228912355,True,0.38240277555704205,0.24150685807200242,-0.0007886846790752543,6.22023522911519e-07,0.9999993779764771,0.21517100354544427,0.9885437320995814,False,349
2006-07-03,1274,1232,1316,top_6,0.6168516230764444,True,0.573074332041022,1.3118596077393314,0.0012784086002463725,1.6343285491604576e-06,0.9999983656714508,0.616866335940345,0.9885437320995814,False,349
2006-07-03,1274,1232,1316,flag_nested,0.4649659296371703,True,0.3257655382082657,0.5576685625398005,-0.0024680555439016427,6.091298167976156e-06,0.999993908701832,0.4650968548930529,0.9885437320995814,False,349
2006-07-24,1288,1246,1330,market_1,0.21232431085691442,True,0.059778428586375415,0.0640198820398742,0.06656549821856056,0.004430965553085087,0.9955690344469149,0.20849691137244786,0.9894721933717308,False,349
2006-07-24,1288,1246,1330,block_2_3,0.06236860006956036,True,0.3359398310536268,0.2309063423416018,-0.1549679076948235,0.02401505241531121,0.9759849475846888,0.06385903567817759,0.9894721933717308,False,349
2006-07-24,1288,1246,1330,block_4_6,0.6209995298692644,True,0.8789785492413551,0.5854810355971808,0.016438787603599722,0.0002702337378762687,0.9997297662621237,0.6208676804330475,0.9894721933717308,False,349
2006-07-24,1288,1246,1330,top_3,0.0631750874945339,True,0.3399048227962281,0.2342168238893818,0.023063379149098395,0.0005319194577750874,0.9994680805422249,0.06286492166906862,0.9894721933717308,False,349
2006-07-24,1288,1246,1330,top_6,0.5891723824076573,True,0.8560968197075345,0.6141507808504567,0.0070601527672410356,4.9845757096766974e-05,0.9999501542429032,0.5891644493963547,0.9894721933717308,False,349
2006-07-24,1288,1246,1330,flag_nested,0.45736430108813636,True,0.4052598148059184,0.2919724572008125,0.0189735166086506,0.0003599943324988919,0.9996400056675011,0.45723658144752766,0.9894721933717308,False,349
2006-08-11,1302,1260,1344,market_1,0.2708061296779768,True,0.06362333310553382,0.060431084696829354,-0.02623754840178792,0.0006884089461361986,0.9993115910538638,0.2747374183693331,0.9885909419947755,False,350
2006-08-11,1302,1260,1344,block_2_3,0.012393132175464087,True,0.2924877961984821,0.23315319368403709,-0.13562374340816577,0.01839379977604405,0.981606200223956,0.008368564713504443,0.9885909419947755,False,350
2006-08-11,1302,1260,1344,block_4_6,0.5144324848295118,True,0.6244569219810201,0.6249087367571325,0.016663974511905544,0.0002776880465333864,0.9997223119534666,0.5142340082988944,0.9885909419947755,False,350
2006-08-11,1302,1260,1344,top_3,0.014489929405441727,True,0.29609232421602155,0.2369560571779989,0.0015592008897815717,2.4311074148242184e-06,0.9999975688925852,0.014456387375562287,0.9885909419947755,False,350
2006-08-11,1302,1260,1344,top_6,0.4977218355014133,True,0.6135225500141286,0.6506361662444097,8.738804759888933e-05,7.636670740218676e-09,0.9999999923633293,0.49774773593070487,0.9885909419947755,False,350
2006-08-11,1302,1260,1344,flag_nested,0.3651964729691081,True,0.3098491082736554,0.30483199276479095,-0.0038939033801123754,1.5162483533615045e-05,0.9999848375164664,0.3654154426028612,0.9885909419947755,False,350
2006-08-31,1316,1274,1358,market_1,0.20351289740234427,True,0.06872481170294428,0.05953343581944193,-0.0078158982728486,6.108826581152638e-05,0.9999389117341885,0.2054082108442314,0.98747364114185,False,349
2006-08-31,1316,1274,1358,block_2_3,0.05703486471558916,True,0.23955180536801265,0.24581978054574286,-0.08425895097689415,0.007099570819726675,0.9929004291802733,0.04500321002562602,0.98747364114185,False,349
2006-08-31,1316,1274,1358,block_4_6,-0.107300280279288,False,1.3044430011922743,0.4977843123352003,0.050193175558152,0.0025193548726114567,0.9974806451273885,-0.10786127971385412,0.98747364114185,False,349
2006-08-31,1316,1274,1358,top_3,0.05210917376851783,True,0.2415068580720028,0.25151074468902684,0.0038089844722509285,1.4508362709997336e-05,0.99998549163729,0.05200120475988718,0.98747364114185,False,349
2006-08-31,1316,1274,1358,top_6,-0.10482562725454983,False,1.3118596077393327,0.5185460210014581,0.0012163638413489914,1.479540994719919e-06,0.9999985204590053,-0.1048356394462763,0.98747364114185,False,349
2006-08-31,1316,1274,1358,flag_nested,-0.06802599522781051,False,0.557668562539801,0.26352440278125666,-0.00012933697711508255,1.6728053719994307e-08,0.9999999832719463,-0.06803356356262895,0.98747364114185,False,349
2006-09-21,1330,1288,1372,market_1,0.20430703932791103,True,0.06401988203987423,0.055574960549289426,0.01079763003750408,0.00011658881442677682,0.9998834111855732,0.20436745769620054,0.9847354672205961,False,349
2006-09-21,1330,1288,1372,block_2_3,0.15502820056208397,True,0.23090634234160162,0.19262188672991423,0.08421546207035886,0.007092244051724039,0.992907755948276,0.14516047110298838,0.9847354672205961,False,349
2006-09-21,1330,1288,1372,block_4_6,0.6277315766210797,True,0.5854810355971812,0.5831149011941439,0.012550147143702464,0.0001575061933284383,0.9998424938066716,0.6278518969433907,0.9847354672205961,False,349
2006-09-21,1330,1288,1372,top_3,0.1364696010159861,True,0.2342168238893819,0.19884807252484804,-0.001746454973056939,3.0501049728126617e-06,0.9999969498950272,0.13653097920328985,0.9847354672205961,False,349
2006-09-21,1330,1288,1372,top_6,0.5608635430545614,True,0.6141507808504574,0.6072662559541916,-0.0009025959173707032,8.146793902819027e-07,0.9999991853206097,0.560881083318947,0.9847354672205961,False,349
2006-09-21,1330,1288,1372,flag_nested,0.46323015558570046,True,0.29197245720081266,0.2788024614174723,0.0011522481371299797,1.3276757696578656e-06,0.9999986723242303,0.4633548385581464,0.9847354672205961,False,349
2006-10-11,1344,1302,1386,market_1,0.17869094166021363,True,0.06043108469682934,0.05511866008045699,-0.01391971430283017,0.00019375844627245176,0.9998062415537275,0.18693691711776428,0.9839328990022975,False,350
2006-10-11,1344,1302,1386,block_2_3,0.1479023136142835,True,0.23315319368403703,0.17725211876445607,0.05500126184277179,0.0030251388042970007,0.996974861195703,0.14238941269942873,0.9839328990022975,False,350
2006-10-11,1344,1302,1386,block_4_6,0.35588802474400216,True,0.624908736757133,0.5715073694018067,0.022198363714809998,0.0004927673516149644,0.999507232648385,0.35584662074623896,0.9839328990022975,False,350
2006-10-11,1344,1302,1386,top_3,0.14452264245090735,True,0.23695605717799875,0.18543793696137176,-0.0047778485945148405,2.2827837192318512e-05,0.9999771721628077,0.14498402892587575,0.9839328990022975,False,350
2006-10-11,1344,1302,1386,top_6,0.32047687601963765,True,0.6506361662444101,0.5968436252084555,-0.001990960423786166,3.963923408956127e-06,0.999996036076591,0.32057399264881165,0.9839328990022975,False,350
2006-10-11,1344,1302,1386,flag_nested,0.28308326063823425,True,0.30483199276479106,0.27179194555619823,-0.0037866708807787557,1.4338876359376584e-05,0.9999856611236406,0.28370522022272376,0.9839328990022975,False,350
2006-10-31,1358,1316,1400,market_1,0.17270513689711445,True,0.059533435819441906,0.05441495220014778,-0.12214006881207368,0.01491819640941805,0.985081803590582,0.18163284126167595,0.9831145941522677,False,350
2006-10-31,1358,1316,1400,block_2_3,0.1298553383106721,True,0.2458197805457426,0.1636557865738102,0.04907594719068969,0.002408448592663426,0.9975915514073366,0.12697261754393058,0.9831145941522677,False,350
2006-10-31,1358,1316,1400,block_4_6,-0.007463639886443551,False,0.4977843123352,0.467653344479358,,0.0,1.0,-0.007463639886443551,0.9831145941522677,False,350
2006-10-31,1358,1316,1400,top_3,0.12545029238631758,True,0.2515107446890268,0.1718537316981515,-0.040351514253522305,0.001628244702552184,0.9983717552974478,0.12602626661596658,0.9831145941522677,False,350
2006-10-31,1358,1316,1400,top_6,0.02925121239907666,True,0.5185460210014579,0.4923435608912747,-0.014041351528912165,0.0001971595527583414,0.9998028404472417,0.02933098211487773,0.9831145941522677,False,350
2006-10-31,1358,1316,1400,flag_nested,0.059415062193667594,True,0.2635244027812565,0.23066408269961428,-0.03578673057243829,0.0012806900850643732,0.9987193099149356,0.06001173829315206,0.9831145941522677,False,350
2006-11-20,1372,1330,1414,market_1,0.137865384848892,True,0.05557496054928939,0.058638612140985015,0.01615984262000235,0.00026114051350312195,0.9997388594864969,0.13694412896666355,0.9830201743618796,False,347
2006-11-20,1372,1330,1414,block_2_3,0.1875500146927347,True,0.1926218867299143,0.20332123267358526,0.020793777731597008,0.0004323811923510057,0.999567618807649,0.18647012024653378,0.9830201743618796,False,347
2006-11-20,1372,1330,1414,block_4_6,0.07221038720185993,True,0.5831149011941434,0.4243455979174941,,0.0,1.0,0.07221038720185993,0.9830201743618796,False,347
2006-11-20,1372,1330,1414,top_3,0.18245767976640712,True,0.19884807252484804,0.2108361224206972,0.004578993788572995,2.096718411581655e-05,0.9999790328158842,0.18240289260219977,0.9830201743618796,False,347
2006-11-20,1372,1330,1414,top_6,0.06726310899533322,True,0.6072662559541914,0.44200047197127246,0.0020640682222244377,4.26037762613074e-06,0.9999957396223739,0.0672457639630469,0.9830201743618796,False,347
2006-11-20,1372,1330,1414,flag_nested,0.0955960490578494,True,0.27880246141747217,0.22542518317634908,0.005148532207504386,2.650738389176066e-05,0.9999734926161082,0.09549718276483977,0.9830201743618796,False,347
2006-12-11,1386,1344,1428,market_1,0.1360328516257593,True,0.05511866008045702,0.05772972374468858,0.010789583482117879,0.00011641511171756047,0.9998835848882824,0.1357453712496642,0.9831460674157303,False,346
2006-12-11,1386,1344,1428,block_2_3,0.11654082623831104,True,0.17725211876445598,0.2060214059943898,0.021505710144410484,0.0004624955688155019,0.9995375044311845,0.11623526376329517,0.9831460674157303,False,346
2006-12-11,1386,1344,1428,block_4_6,-0.026301364218550054,False,0.5715073694018062,0.4570774051695152,,0.0,1.0,-0.026301364218550054,0.9831460674157303,False,346
2006-12-11,1386,1344,1428,top_3,0.11925473272280306,True,0.1854379369613717,0.21228438065756308,0.003711247712867525,1.3773359586299883e-05,0.9999862266404137,0.11922411732999841,0.9831460674157303,False,346
2006-12-11,1386,1344,1428,top_6,-0.014317966325739239,False,0.5968436252084552,0.46580066185276725,0.0009384157163703815,8.806240567871271e-07,0.9999991193759432,-0.014321299638543696,0.9831460674157303,False,346
2006-12-11,1386,1344,1428,flag_nested,0.02102552414004554,True,0.2717919455561981,0.23348658032337916,0.003351304981081379,1.1231245076293028e-05,0.9999887687549237,0.020997182999506626,0.9831460674157303,False,346
2007-01-03,1400,1358,1442,market_1,0.09347648770571645,True,0.05441495220014779,0.05676084931587253,-0.017198553221800767,0.00029579023292325424,0.9997042097670767,0.09678494173881304,0.9828785446762975,False,348
2007-01-03,1400,1358,1442,block_2_3,0.12476233658722043,True,0.16365578657381008,0.1860631296524873,,0.0,1.0,0.12476233658722043,0.9828785446762975,False,348
2007-01-03,1400,1358,1442,block_4_6,0.11720918374418579,True,0.46765334447935814,0.458562149600407,,0.0,1.0,0.11720918374418579,0.9828785446762975,False,348
2007-01-03,1400,1358,1442,top_3,0.12278959215171055,True,0.17185373169815138,0.1932468265969217,-0.005051496778657763,2.551761970492894e-05,0.9999744823802951,0.12313526857610187,0.9828785446762975,False,348
2007-01-03,1400,1358,1442,top_6,0.10480998678651048,True,0.49234356089127507,0.48480580368699316,-0.0018674813502775776,3.487486593511946e-06,0.9999965125134065,0.10485109108597801,0.9828785446762975,False,348
2007-01-03,1400,1358,1442,flag_nested,0.10769606924001501,True,0.23066408269961441,0.23418514874578328,-0.00506418282312372,2.5645947665964286e-05,0.999974354052334,0.10798617411166764,0.9828785446762975,False,348
2007-01-24,1414,1372,1456,market_1,0.02273806508873423,True,0.05863861214098503,0.055770420761526086,-0.11767730395514484,0.013847947866151511,0.9861520521338485,0.03853368922252336,0.9815094577156706,False,347
2007-01-24,1414,1372,1456,block_2_3,0.03358789305612381,True,0.20332123267358526,0.18777688466194556,0.046474497575721585,0.002159878924915759,0.9978401210750842,0.03697160302991433,0.9815094577156706,False,347
2007-01-24,1414,1372,1456,block_4_6,-0.03074477508260101,False,0.4243455979174941,0.4853281138355287,0.027078789397689772,0.0007332608352446091,0.9992667391647554,-0.030565216297915126,0.9815094577156706,False,347
2007-01-24,1414,1372,1456,top_3,0.03603837282116168,True,0.21083612242069713,0.19509405974547786,-0.034065178672214674,0.0011604363979701438,0.9988395636020299,0.037322791499636424,0.9815094577156706,False,347
2007-01-24,1414,1372,1456,top_6,-0.024618786786765032,False,0.4420004719712726,0.5105060907292145,-0.013543733598614726,0.00018343271979037734,0.9998165672802096,-0.02438759431909217,0.9815094577156706,False,347
2007-01-24,1414,1372,1456,flag_nested,-0.006513676997267287,False,0.22542518317634913,0.24337963895906714,-0.03331525595319235,0.0011099062792268022,0.9988900937207732,-0.005142657948350431,0.9815094577156706,False,347
2007-02-13,1428,1386,1470,market_1,-0.015701156363904827,False,0.0577297237446886,0.06492010044203753,-0.07693975325024774,0.005919725630209038,0.994080274369791,-0.008858704101494464,0.981210461712775,False,350
2007-02-13,1428,1386,1470,block_2_3,0.15822433821139886,True,0.20602140599438995,0.20456577542931825,0.012829125462223697,0.00016458646012551537,0.9998354135398745,0.15989046847460156,0.981210461712775,False,350
2007-02-13,1428,1386,1470,block_4_6,-0.043429225236642485,False,0.45707740516951567,0.5313250549124015,-0.05100661389229591,0.00260167466075778,0.9973983253392422,-0.04271438081884921,0.981210461712775,False,350
2007-02-13,1428,1386,1470,top_3,0.14479264441419273,True,0.21228438065756336,0.21246444633181907,-0.0237448382938303,0.0005638173455999596,0.9994361826544,0.14552076945730077,0.981210461712775,False,350
2007-02-13,1428,1386,1470,top_6,-0.05874603968208513,False,0.4658006618527681,0.5570459039590475,-0.006261063264793221,3.9200913205861276e-05,0.9999607990867941,-0.058681225770434955,0.981210461712775,False,350
2007-02-13,1428,1386,1470,flag_nested,-0.006791829258743856,False,0.23348658032337952,0.2664176350757556,-0.02224481465070633,0.0004948317788442402,0.9995051682211558,-0.006178409632708931,0.981210461712775,False,350
2007-03-06,1442,1400,1484,market_1,-0.0478112457671925,False,0.05676084931587255,0.06495989060758536,-0.00817744103451525,6.687054187304309e-05,0.999933129458127,-0.047364627404341136,0.9847826771157902,False,348
2007-03-06,1442,1400,1484,block_2_3,0.03313851422489758,True,0.18606312965248734,0.18384496127985034,0.012321225737712493,0.0001518126036794687,0.9998481873963205,0.03406650545531779,0.9847826771157902,False,348
2007-03-06,1442,1400,1484,block_4_6,0.06716814036264065,True,0.45856214960040703,0.46950633345586856,,0.0,1.0,0.06716814036264065,0.9847826771157902,False,348
2007-03-06,1442,1400,1484,top_3,0.03354243396764192,True,0.19324682659692158,0.19291013274887098,-0.0023715796610567935,5.624390088776465e-06,0.9999943756099112,0.03360480822078766,0.9847826771157902,False,348
2007-03-06,1442,1400,1484,top_6,0.055836614548810615,True,0.48480580368699316,0.5007488393880576,-0.0013319295877069948,1.7740364268714615e-06,0.9999982259635731,0.0558512830199001,0.9847826771157902,False,348
2007-03-06,1442,1400,1484,flag_nested,0.04416387110553638,True,0.23418514874578328,0.2416942845515651,-0.002685236571937223,7.210495447163012e-06,0.9999927895045528,0.04423090700401195,0.9847826771157902,False,348
2007-03-26,1456,1414,1498,market_1,0.0967075801527922,True,0.055770420761526114,0.06003038711377558,-0.059659476975152,0.003559253192948808,0.9964407468070512,0.09981608420563187,0.9840115821609543,False,349
2007-03-26,1456,1414,1498,block_2_3,0.07042370801207284,True,0.1877768846619453,0.18921329276040663,,0.0,1.0,0.07042370801207284,0.9840115821609543,False,349
2007-03-26,1456,1414,1498,block_4_6,-0.0202373342482986,False,0.48532811383552843,0.4634904709807162,-0.004041967666030562,1.633750261309519e-05,0.9999836624973869,-0.020317525680166003,0.9840115821609543,False,349
2007-03-26,1456,1414,1498,top_3,0.08014812703747748,True,0.19509405974547755,0.1973189698037796,-0.01836098972188256,0.0003371259435670515,0.999662874056433,0.0804227655343403,0.9840115821609543,False,349
2007-03-26,1456,1414,1498,top_6,-0.03244530923650405,False,0.5105060907292142,0.48988120529005236,-0.006307181279439797,3.978053569164697e-05,0.9999602194643084,-0.03240506395088349,0.9840115821609543,False,349
2007-03-26,1456,1414,1498,flag_nested,-2.3598408066096255e-06,False,0.24337963895906686,0.23786376746906435,-0.018207128696424116,0.0003314995353682626,0.9996685004646317,0.00024777799121027664,0.9840115821609543,False,349
2007-04-16,1470,1428,1512,market_1,-0.11935230720465909,False,0.06492010044203744,0.05996213805414483,-0.07895163006057719,0.006233359889222134,0.9937666401107779,-0.11197806691728693,0.983633902999402,False,349
2007-04-16,1470,1428,1512,block_2_3,-0.04298740697011356,False,0.2045657754293183,0.22014407479264628,0.03774403655666694,0.0014246122955908769,0.9985753877044091,-0.043147940864155,0.983633902999402,False,349
2007-04-16,1470,1428,1512,block_4_6,-0.07140718164492711,False,0.531325054912401,0.36249755683776685,-0.035445466790560244,0.0012563811160007932,0.9987436188839992,-0.06972146163647869,0.983633902999402,False,349
2007-04-16,1470,1428,1512,top_3,-0.028696492206643782,False,0.21246444633181902,0.22540414345963616,-0.022318382482595024,0.0004981101966393675,0.9995018898033606,-0.027997860221496234,0.983633902999402,False,349
2007-04-16,1470,1428,1512,top_6,-0.07639711271117289,False,0.5570459039590474,0.3772066544455183,-0.011854500569824499,0.00014052918376006307,0.9998594708162399,-0.07628989838934548,0.983633902999402,False,349
2007-04-16,1470,1428,1512,flag_nested,-0.06420704292183985,False,0.2664176350757555,0.2103456139847272,-0.027778371667272508,0.0007716379324852474,0.9992283620675148,-0.06340505676677485,0.983633902999402,False,349
2007-05-04,1484,1442,1526,market_1,-0.12320145894743766,False,0.06495989060758535,0.06442178961895698,-0.11940344365660446,0.014257182357055975,0.985742817642944,-0.11194808985827498,0.9847826771157902,False,348
2007-05-04,1484,1442,1526,block_2_3,-0.052044979575903524,False,0.18384496127985034,0.19093989746214068,,0.0,1.0,-0.052044979575903524,0.9847826771157902,False,348
2007-05-04,1484,1442,1526,block_4_6,-0.052490812764424105,False,0.4695063334558688,0.3335482184320849,-0.023425092551892686,0.0005487349610647785,0.9994512650389352,-0.05322478015300906,0.9847826771157902,False,348
2007-05-04,1484,1442,1526,top_3,-0.029749658781859714,False,0.19291013274887112,0.19575648621776146,-0.03891391595145366,0.0015142928546767465,0.9984857071453233,-0.028426718926822817,0.9847826771157902,False,348
2007-05-04,1484,1442,1526,top_6,-0.053059700150923546,False,0.5007488393880583,0.3704754343177658,-0.02005144196296923,0.00040206032479428444,0.9995979396752057,-0.052759903009645406,0.9847826771157902,False,348
2007-05-04,1484,1442,1526,flag_nested,-0.05248374423437748,False,0.24169428455156533,0.1994969728641855,-0.046942337793949754,0.0022035830775612997,0.9977964169224387,-0.050911399629874586,0.9847826771157902,False,348
2007-05-24,1498,1456,1540,market_1,-0.0516137440549451,False,0.06003038711377556,0.07323598431740931,-0.15427554826611536,0.023800944792810697,0.9761990552071893,-0.03426098443956493,0.9857426116514021,False,352
2007-05-24,1498,1456,1540,block_2_3,0.008728881313083163,True,0.18921329276040683,0.19362948637056732,0.01764075196944922,0.00031119613004781943,0.9996888038699522,0.009589871864938253,0.9857426116514021,False,352
2007-05-24,1498,1456,1540,block_4_6,-0.05827099561376411,False,0.4634904709807164,0.3488540333699405,0.004043067344633567,1.6346393553190453e-05,0.9999836536064468,-0.058278537248459675,0.9857426116514021,False,352
2007-05-24,1498,1456,1540,top_3,0.00948241371626973,True,0.1973189698037797,0.19657393203760545,-0.0560873046336844,0.003145785741071716,0.9968542142589283,0.011544344235015888,0.9857426116514021,False,352
2007-05-24,1498,1456,1540,top_6,-0.06551081643637047,False,0.48988120529005225,0.3886061991367876,-0.02834093023194116,0.0008032083264120082,0.999196791673588,-0.06517826067062693,0.9857426116514021,False,352
2007-05-24,1498,1456,1540,flag_nested,-0.04404429594247052,False,0.23786376746906432,0.2083580475666146,-0.06587074225940019,0.004338954685804253,0.9956610453141957,-0.0418015980404787,0.9857426116514021,False,352
2007-06-14,1512,1470,1554,market_1,0.2219560764825798,True,0.05996213805414486,0.0698018948660916,-0.1940662201455599,0.037661697801584904,0.9623383021984151,0.23051885487664667,0.9881817895697604,False,350
2007-06-14,1512,1470,1554,block_2_3,-0.2979164045709212,False,0.2201440747926462,0.20796051084159273,-0.1859014372471741,0.03455934437056485,0.9654406556294352,-0.32297949382193786,0.9881817895697604,False,350
2007-06-14,1512,1470,1554,block_4_6,-0.10116611498442697,False,0.3624975568377668,0.39623955619144524,0.006638697562651079,4.4072305328102246e-05,0.9999559276946719,-0.10095431572927588,0.9881817895697604,False,350
2007-06-14,1512,1470,1554,top_3,-0.3037174012626827,False,0.22540414345963608,0.21242389705085732,-0.05608182408509936,0.003145170992712054,0.996854829007288,-0.3036914206512552,0.9881817895697604,False,350
2007-06-14,1512,1470,1554,top_6,-0.007539573487200607,False,0.37720665444551826,0.4227318684128111,-0.028646119207647033,0.0008206001456589895,0.999179399854341,-0.007353757417253967,0.9881817895697604,False,350
2007-06-14,1512,1470,1554,flag_nested,-0.08783642175019196,False,0.21034561398472715,0.22292894376524036,-0.07155212161981038,0.0051197061082962625,0.9948802938917037,-0.08740242512842195,0.9881817895697604,False,350
2007-07-05,1526,1484,1568,market_1,0.22196868593153685,True,0.06442178961895695,0.05906488931867061,-0.2090269042279217,0.04369224669110883,0.9563077533088912,0.24103744879068156,0.9895508765303874,False,352
2007-07-05,1526,1484,1568,block_2_3,-0.11235767206766713,False,0.19093989746214088,0.22134861052397742,0.11059096769184223,0.012230362135018158,0.9877696378649818,-0.1295380926538259,0.9895508765303874,False,352
2007-07-05,1526,1484,1568,block_4_6,0.013674025951872032,True,0.3335482184320849,0.4405562960314994,-0.006015774079426614,3.6189537774622416e-05,0.9999638104622254,0.01351347804907954,0.9895508765303874,False,352
2007-07-05,1526,1484,1568,top_3,-0.12235383598170856,False,0.19575648621776162,0.22692631684391493,-0.058804626374380733,0.003457984083030552,0.9965420159169694,-0.12178964693247792,0.9895508765303874,False,352
2007-07-05,1526,1484,1568,top_6,0.04666987830940041,True,0.37047543431776575,0.4645466717710847,-0.028065480888710304,0.0007876712175145517,0.9992123287824854,0.0469095373949908,0.9895508765303874,False,352
2007-07-05,1526,1484,1568,flag_nested,0.00782654127259483,True,0.1994969728641855,0.23795191520824904,-0.06508159658176368,0.004235614213631278,0.9957643857863687,0.009299061828751969,0.9895508765303874,False,352
2007-07-25,1540,1498,1582,market_1,0.17360351869746696,True,0.07323598431740933,0.04869346536031938,-0.0974023337343722,0.009487214616902051,0.990512785383098,0.17061500268211152,0.991313379284298,False,349
2007-07-25,1540,1498,1582,block_2_3,0.06569398296115478,True,0.1936294863705675,0.19165786529882925,0.023258394673193645,0.0005409529227738963,0.9994590470772261,0.0625727718605108,0.991313379284298,False,349
2007-07-25,1540,1498,1582,block_4_6,-0.1532121755616583,False,0.3488540333699404,0.4733325340730913,-0.008287073191620246,6.867558208345503e-05,0.9999313244179165,-0.15325762075501315,0.991313379284298,False,349
2007-07-25,1540,1498,1582,top_3,0.06929394351746011,True,0.19657393203760556,0.19752704058418025,-0.02454210951775702,0.000602315139581644,0.9993976848604184,0.06886477643321985,0.991313379284298,False,349
2007-07-25,1540,1498,1582,top_6,-0.11165784027151919,False,0.38860619913678773,0.5027835058052286,-0.009283728733336364,8.61876191939892e-05,0.999913812380806,-0.11174918980406254,0.991313379284298,False,349
2007-07-25,1540,1498,1582,flag_nested,-0.042430394703051794,False,0.2083580475666147,0.2398094516647418,-0.024298982304445545,0.0005904405410316338,0.9994095594589684,-0.04290459409020375,0.991313379284298,False,349
2007-08-14,1554,1512,1596,market_1,0.03514083865325694,True,0.06980189486609154,0.047262580122615305,-0.1629156628345613,0.026541513196824407,0.9734584868031756,0.045889024475885574,0.9929185157208951,False,351
2007-08-14,1554,1512,1596,block_2_3,-0.09733592432745104,False,0.20796051084159273,0.2288317027111526,,0.0,1.0,-0.09733592432745104,0.9929185157208951,False,351
2007-08-14,1554,1512,1596,block_4_6,-0.13357043252742742,False,0.39623955619144535,0.7059639951279839,0.003919877733106019,1.5365441442538597e-05,0.9999846345585575,-0.13360421572129375,0.9929185157208951,False,351
2007-08-14,1554,1512,1596,top_3,-0.0838496019723662,False,0.2124238970508575,0.23342117036751772,-0.032623392373986815,0.001064285729987069,0.9989357142700129,-0.08331138081928648,0.9929185157208951,False,351
2007-08-14,1554,1512,1596,top_6,-0.10263707821141915,False,0.42273186841281113,0.7151814741006974,-0.010044383520129038,0.0001008896402994175,0.9998991103597006,-0.10255440557282947,0.9929185157208951,False,351
2007-08-14,1554,1512,1596,flag_nested,-0.08890180633797985,False,0.22292894376524042,0.3250276745466991,-0.028726941559497194,0.000825237171362847,0.9991747628286372,-0.08830411082769998,0.9929185157208951,False,351
2007-09-04,1568,1526,1610,market_1,0.17793010406468246,True,0.059064889318670634,0.04312596575259737,-0.08446305183107058,0.00713400712461798,0.992865992875382,0.1737623261760942,0.9944921788940295,False,350
2007-09-04,1568,1526,1610,block_2_3,0.08947856309699101,True,0.22134861052397753,0.24685581376799848,0.009220852770693386,8.502412581878893e-05,0.9999149758741812,0.09011924442717391,0.9944921788940295,False,350
2007-09-04,1568,1526,1610,block_4_6,-0.07960296743613263,False,0.4405562960314995,0.7960994804670707,0.00889005241291465,7.903303190437416e-05,0.9999209669680956,-0.0794347542565332,0.9944921788940295,False,350
2007-09-04,1568,1526,1610,top_3,0.09356060683546995,True,0.22692631684391507,0.25052175473230165,-0.014859828969690179,0.00022081451700817212,0.9997791854829918,0.09333040754415495,0.9944921788940295,False,350
2007-09-04,1568,1526,1610,top_6,-0.06395336467500648,False,0.4645466717710848,0.7956120036146159,-0.004697194255540866,2.2063633874469524e-05,0.9999779363661255,-0.06399162194243693,0.9944921788940295,False,350
2007-09-04,1568,1526,1610,flag_nested,-0.02010334273971487,False,0.23795191520824915,0.3581619403325195,-0.012552610384265639,0.0001575680274591429,0.9998424319725409,-0.020343352628173217,0.9944921788940295,False,350
2007-09-24,1582,1540,1624,market_1,0.2361444971184424,True,0.04869346536031936,0.04849992734909318,-0.11148593504046175,0.012429113711846074,0.9875708862881539,0.23394858785981168,0.9953104837440594,False,348
2007-09-24,1582,1540,1624,block_2_3,0.04310232310197473,True,0.19165786529882925,0.3343339026862841,,0.0,1.0,0.04310232310197473,0.9953104837440594,False,348
2007-09-24,1582,1540,1624,block_4_6,0.3374872784470858,True,0.4733325340730916,0.6609889888304805,0.00020438039985783954,4.177134793614812e-08,0.9999999582286521,0.33750180662644613,0.9953104837440594,False,348
2007-09-24,1582,1540,1624,top_3,0.04807934982824771,True,0.19752704058418025,0.3374593579037862,-0.016774009978343565,0.00028136741075357463,0.9997186325892464,0.04794860826444501,0.9953104837440594,False,348
2007-09-24,1582,1540,1624,top_6,0.35820014820089263,True,0.5027835058052291,0.6348638931858137,-0.008739456438653268,7.637809884308844e-05,0.9999236219011569,0.35818484318898897,0.9953104837440594,False,348
2007-09-24,1582,1540,1624,flag_nested,0.26305781529683603,True,0.239809451664742,0.327852420320974,-0.020467962642057948,0.00041893749471677566,0.9995810625052832,0.26294815504130054,0.9953104837440594,False,348
2007-10-12,1596,1554,1638,market_1,0.034048697577838044,True,0.04726258012261536,0.05386375441668354,-0.09310858450083948,0.008669208507749881,0.9913307914922501,0.0329116630050796,0.995153117426746,False,349
2007-10-12,1596,1554,1638,block_2_3,0.4549533625008978,True,0.22883170271115255,0.33600575705209124,,0.0,1.0,0.4549533625008978,0.995153117426746,False,349
2007-10-12,1596,1554,1638,block_4_6,0.2595433919414127,True,0.7059639951279828,0.5146426225615718,0.01705697615120113,0.0002909404354226597,0.9997090595645773,0.2598479636316804,0.995153117426746,False,349
2007-10-12,1596,1554,1638,top_3,0.44880260003417843,True,0.2334211703675177,0.3385796314536465,-0.01484587708501517,0.00022040006642332077,0.9997795999335767,0.44880522399899514,0.995153117426746,False,349
2007-10-12,1596,1554,1638,top_6,0.19694924623123272,True,0.7151814741006969,0.47924101438632044,-0.010378305075415437,0.00010770921623837193,0.9998922907837616,0.19695487851322913,0.995153117426746,False,349
2007-10-12,1596,1554,1638,flag_nested,0.2528935176143879,True,0.3250276745466989,0.281765892121979,-0.021790291585109915,0.0004748168073639425,0.9995251831926361,0.25290136694868387,0.995153117426746,False,349
2007-11-01,1610,1568,1652,market_1,0.24546778179931877,True,0.04312596575259738,0.05556102424733957,-0.07397880120893749,0.005472863028311625,0.9945271369716884,0.24727544533285964,0.9954835866931042,False,351
2007-11-01,1610,1568,1652,block_2_3,0.6161704543337416,True,0.24685581376799862,0.40269772122466224,,0.0,1.0,0.6161704543337416,0.9954835866931042,False,351
2007-11-01,1610,1568,1652,block_4_6,0.18990171462105945,True,0.7960994804670707,0.5193369657273917,-0.013982291413905584,0.00019550447318328334,0.9998044955268167,0.18984382088941004,0.9954835866931042,False,351
2007-11-01,1610,1568,1652,top_3,0.6071350730712418,True,0.2505217547323017,0.40581285936743644,-0.011156744151201518,0.00012447294005524245,0.9998755270599448,0.6072076514538537,0.9954835866931042,False,351
2007-11-01,1610,1568,1652,top_6,0.10609113331468441,True,0.795612003614616,0.4429832518882886,-0.009633264796338716,9.279979063636645e-05,0.9999072002093636,0.10610679136838361,0.9954835866931042,False,351
2007-11-01,1610,1568,1652,flag_nested,0.2539891575756629,True,0.3581619403325196,0.30114350942199,-0.017164660148082767,0.0002946255579991952,0.9997053744420008,0.25406763319439984,0.9954835866931042,False,351
2007-11-21,1624,1582,1666,market_1,0.2502438382957513,True,0.04849992734909317,0.05174979282937811,-0.10428187221827866,0.010874708873349404,0.9891252911266506,0.2667080589050352,0.9949328045825072,False,351
2007-11-21,1624,1582,1666,block_2_3,0.4809504855994428,True,0.33433390268628427,0.43648101534293293,0.02094532682117004,0.00043870671564549824,0.9995612932843545,0.48137690466106764,0.9949328045825072,False,351
2007-11-21,1624,1582,1666,block_4_6,0.38024735641720353,True,0.6609889888304802,0.5688226817426555,-0.0063084880095956464,3.979702096723603e-05,0.9999602029790328,0.380267851485204,0.9949328045825072,False,351
2007-11-21,1624,1582,1666,top_3,0.4766904426566456,True,0.3374593579037864,0.4388980795011691,-0.013639472931330604,0.00018603522184446053,0.9998139647781555,0.4770433755011422,0.9949328045825072,False,351
2007-11-21,1624,1582,1666,top_6,0.32579089745592765,True,0.6348638931858135,0.49162573529282017,-0.0114789412153557,0.0001317660914258445,0.9998682339085742,0.3259346043273939,0.9949328045825072,False,351
2007-11-21,1624,1582,1666,flag_nested,0.38302498036914645,True,0.327852420320974,0.3273701163131053,-0.020782131282699814,0.0004318969806512696,0.9995681030193487,0.38366794191521997,0.9949328045825072,False,351
2007-12-12,1638,1596,1680,market_1,0.13300182772585603,True,0.05386375441668354,0.05417088884620163,-0.17244426969787538,0.02973702615163365,0.9702629738483664,0.14882580072450663,0.9950272243728953,False,349
2007-12-12,1638,1596,1680,block_2_3,0.599827979410668,True,0.33600575705209096,0.44540411218253734,-0.06900277865498317,0.004761383462108748,0.9952386165378913,0.6005994440975649,0.9950272243728953,False,349
2007-12-12,1638,1596,1680,block_4_6,0.22165404356550297,True,0.5146426225615722,0.6022735070033189,0.005097947399406341,2.5989067687248735e-05,0.9999740109323128,0.22159829058850686,0.9950272243728953,False,349
2007-12-12,1638,1596,1680,top_3,0.5959704130051403,True,0.3385796314536461,0.4475250230529088,-0.017002347379918382,0.00028907981642745106,0.9997109201835725,0.5963094018012696,0.9950272243728953,False,349
2007-12-12,1638,1596,1680,top_6,-0.004062068137777218,False,0.47924101438632083,0.5415777635633596,-0.014309431230018857,0.00020475982212675437,0.9997952401778732,-0.003960517246704646,0.9950272243728953,False,349
2007-12-12,1638,1596,1680,flag_nested,0.3124233564711608,True,0.281765892121979,0.3443522125415654,-0.031228119092681958,0.0009751954220666992,0.9990248045779333,0.3131731728809645,0.9950272243728953,False,349
2008-01-03,1652,1610,1694,market_1,0.10548190752743558,True,0.055561024247339545,0.052825470539321476,-0.23214514107301676,0.05389136652381088,0.9461086334761891,0.13155233199632219,0.9954521134296416,False,348
2008-01-03,1652,1610,1694,block_2_3,0.2345738014732354,True,0.40269772122466224,0.4315685883807319,,0.0,1.0,0.2345738014732354,0.9954521134296416,False,348
2008-01-03,1652,1610,1694,block_4_6,0.10275529987387703,True,0.5193369657273915,0.6370023229843447,-0.01764617364658123,0.0003113874443653186,0.9996886125556347,0.10263169287801525,0.9954521134296416,False,348
2008-01-03,1652,1610,1694,top_3,0.23250388214362352,True,0.40581285936743633,0.4341589435050607,-0.0286591402076018,0.0008213463174389091,0.9991786536825611,0.2329799924914119,0.9954521134296416,False,348
2008-01-03,1652,1610,1694,top_6,0.0587092016576603,True,0.4429832518882884,0.5914795441541966,-0.019581199431269635,0.0003834233711671464,0.9996165766288329,0.05893815924850602,0.9954521134296416,False,348
2008-01-03,1652,1610,1694,flag_nested,0.15590571311585957,True,0.3011435094219899,0.35203674278639374,-0.04253951147645068,0.0018096100366549184,0.9981903899633451,0.15697732930008726,0.9954521134296416,False,348
2008-01-24,1666,1624,1708,market_1,0.1260304476241345,True,0.05174979282937811,0.047457488102248035,-0.18725084064438968,0.03506287732203062,0.9649371226779694,0.13344800556473835,0.996160261857552,False,348
2008-01-24,1666,1624,1708,block_2_3,0.2677928285098683,True,0.43648101534293315,0.2543959610026463,,0.0,1.0,0.2677928285098683,0.996160261857552,False,348
2008-01-24,1666,1624,1708,block_4_6,0.1969189591118819,True,0.5688226817426555,0.49758179543825554,0.017775529291214648,0.0003159694415828529,0.9996840305584171,0.1970232850357188,0.996160261857552,False,348
2008-01-24,1666,1624,1708,top_3,0.26489188602301356,True,0.4388980795011694,0.25859035839648326,-0.033781692535427635,0.001141202750558179,0.9988587972494418,0.2651190161699518,0.996160261857552,False,348
2008-01-24,1666,1624,1708,top_6,0.18382320383649303,True,0.49162573529282017,0.5239201028027459,-0.01719064990875791,0.0002955184442855474,0.9997044815557145,0.18389147830422817,0.996160261857552,False,348
2008-01-24,1666,1624,1708,flag_nested,0.20994765301635487,True,0.3273701163131054,0.26512371329058604,-0.040957830126170346,0.0016775438486441585,0.9983224561513558,0.21032096765220268,0.996160261857552,False,348
2008-02-13,1680,1638,1722,market_1,0.04956102960005092,True,0.05417088884620161,0.042081453886133525,-0.1365273411654291,0.018639714885701375,0.9813602851142986,0.055460028521376784,0.9966323608094924,False,349
2008-02-13,1680,1638,1722,block_2_3,0.22562561323006705,True,0.44540411218253734,0.248399161931852,,0.0,1.0,0.22562561323006705,0.9966323608094924,False,349
2008-02-13,1680,1638,1722,block_4_6,0.17252530092089202,True,0.6022735070033189,0.5015387778431205,0.007862542732135557,6.181957821460582e-05,0.9999381804217854,0.1726269829951188,0.9966323608094924,False,349
2008-02-13,1680,1638,1722,top_3,0.22481568330503698,True,0.4475250230529089,0.2510437123448816,-0.022342397248886203,0.0004991827148271843,0.9995008172851728,0.22495575805102744,0.9966323608094924,False,349
2008-02-13,1680,1638,1722,top_6,0.14573349210433365,True,0.5415777635633594,0.5384740124338397,-0.010949343094401482,0.00011988811419894052,0.9998801118858011,0.14577768741698513,0.9966323608094924,False,349
2008-02-13,1680,1638,1722,flag_nested,0.17006092662128572,True,0.3443522125415654,0.2666537222846086,-0.026325674017699377,0.0006930411124862479,0.9993069588875138,0.17030854024651515,0.9966323608094924,False,349
2008-03-05,1694,1652,1736,market_1,0.007328373913923283,True,0.05282547053932152,0.03867607010136411,-0.07474278411080906,0.005586483776635065,0.9944135162233649,0.0048696420317946385,0.9969943033393133,False,349
2008-03-05,1694,1652,1736,block_2_3,0.08685026073544648,True,0.4315685883807319,0.22483910846273314,,0.0,1.0,0.08685026073544648,0.9969943033393133,False,349
2008-03-05,1694,1652,1736,block_4_6,0.2478259945459622,True,0.637002322984345,0.4660794477720869,0.014773300825166457,0.0002182504172707489,0.9997817495827293,0.2480428102321403,0.9969943033393133,False,349
2008-03-05,1694,1652,1736,top_3,0.08842978888024719,True,0.4341589435050605,0.22731437641918797,-0.011009864137243358,0.00012121710832069255,0.9998787828916793,0.08838138294355459,0.9969943033393133,False,349
2008-03-05,1694,1652,1736,top_6,0.27903771029314617,True,0.5914795441541966,0.49959587265800875,-0.005458746896278806,2.9797917677432118e-05,0.9999702020823226,0.2790203839443328,0.9969943033393133,False,349
2008-03-05,1694,1652,1736,flag_nested,0.1927673625278459,True,0.35203674278639374,0.24559951066099445,-0.013894900297158027,0.00019306825426779195,0.9998069317457322,0.19269663976039075,0.9969943033393133,False,349
2008-03-26,1708,1666,1750,market_1,0.02006621432737605,True,0.047457488102248035,0.04223142999991735,-0.038939297038963434,0.0015162688538885583,0.9984837311461114,0.016355398052542647,0.9978598180845372,False,350
2008-03-26,1708,1666,1750,block_2_3,0.12591154825132111,True,0.25439596100264594,0.22383579558921887,,0.0,1.0,0.12591154825132111,0.9978598180845372,False,350
2008-03-26,1708,1666,1750,block_4_6,0.12545092791514165,True,0.4975817954382557,0.45626443253372584,0.004476094093891599,2.0035418337505106e-05,0.9999799645816625,0.1254924822099269,0.9978598180845372,False,350
2008-03-26,1708,1666,1750,top_3,0.12243653146623813,True,0.2585903583964831,0.22741399226170725,-0.006635610299678902,4.403132404917631e-05,0.9999559686759508,0.12234033162010469,0.9978598180845372,False,350
2008-03-26,1708,1666,1750,top_6,0.1335644558401692,True,0.5239201028027461,0.47921392856471706,-0.004041232552624203,1.633156054448026e-05,0.9999836684394555,0.13353511423524875,0.9978598180845372,False,350
2008-03-26,1708,1666,1750,flag_nested,0.12652070171284413,True,0.2651237132905861,0.2393676388467027,-0.008425615777780414,7.099100123475477e-05,0.9999290089987652,0.126373975233158,0.9978598180845372,False,350
2008-04-15,1722,1680,1764,market_1,0.02370948999581706,True,0.042081453886133505,0.047400699056882226,-0.10721754763022683,0.011495602519839832,0.9885043974801602,0.03550134307840161,0.9977181883989551,False,350
2008-04-15,1722,1680,1764,block_2_3,0.06903596080618293,True,0.24839916193185183,0.20949647148290942,,0.0,1.0,0.06903596080618293,0.9977181883989551,False,350
2008-04-15,1722,1680,1764,block_4_6,0.06975430531097143,True,0.5015387778431205,0.46302118038330636,-0.006752144378272742,4.559145370497397e-05,0.999954408546295,0.0697189223855068,0.9977181883989551,False,350
2008-04-15,1722,1680,1764,top_3,0.06774732232730163,True,0.25104371234488154,0.21437190250134103,-0.02372157923188368,0.000562713321254571,0.9994372866787454,0.06820110528215416,0.9977181883989551,False,350
2008-04-15,1722,1680,1764,top_6,0.08506972761933754,True,0.53847401243384,0.48985973326666366,-0.010872084229825517,0.00011820221550051802,0.9998817977844995,0.08517305212979748,0.9977181883989551,False,350
2008-04-15,1722,1680,1764,flag_nested,0.07819580813684493,True,0.26665372228460865,0.23991461712682371,-0.026085354728339647,0.0006804457313033252,0.9993195542686967,0.0787784615863992,0.9977181883989551,False,350
2008-05-05,1736,1694,1778,market_1,0.19535343726371085,True,0.03867607010136409,0.053568059486000276,-0.08647095466139705,0.007477226000053516,0.9925227739999465,0.1981790416123836,0.9975450854499103,False,349
2008-05-05,1736,1694,1778,block_2_3,0.022200492332626595,True,0.22483910846273314,0.19744848900101022,,0.0,1.0,0.022200492332626595,0.9975450854499103,False,349
2008-05-05,1736,1694,1778,block_4_6,0.0977456606071533,True,0.4660794477720871,0.39695797529942184,-0.02780369654289783,0.0007730455414494131,0.9992269544585506,0.09775136928316148,0.9975450854499103,False,349
2008-05-05,1736,1694,1778,top_3,0.025982527739453178,True,0.22731437641918792,0.20410061637634686,-0.02224226463452701,0.0004947183360723972,0.9995052816639276,0.026067464191680424,0.9975450854499103,False,349
2008-05-05,1736,1694,1778,top_6,0.11577836553597526,True,0.49959587265800864,0.42893364771912323,-0.007664512071713684,5.874474529743434e-05,0.9999412552547026,0.11579586675158968,0.9975450854499103,False,349
2008-05-05,1736,1694,1778,flag_nested,0.09239889192520019,True,0.24559951066099445,0.2177595843044252,-0.0250989754743357,0.0006299585698613663,0.9993700414301386,0.09253953728840701,0.9975450854499103,False,349
2008-05-23,1750,1708,1792,market_1,0.20973303774355934,True,0.04223142999991735,0.050609019644154526,-0.12275276126785534,0.015068240398883326,0.9849317596011167,0.21017744128569263,0.9978755547162685,False,350
2008-05-23,1750,1708,1792,block_2_3,0.13858239761921984,True,0.22383579558921862,0.1974204430986405,,0.0,1.0,0.13858239761921984,0.9978755547162685,False,350
2008-05-23,1750,1708,1792,block_4_6,0.06588157318481386,True,0.4562644325337262,0.5132150700324206,-0.013998665319744067,0.0001959626307342921,0.9998040373692657,0.06581816984999929,0.9978755547162685,False,350
2008-05-23,1750,1708,1792,top_3,0.1377141456429929,True,0.22741399226170694,0.2032496209297849,-0.030285410212151167,0.0009172060717184127,0.9990827939282816,0.1377238563088469,0.9978755547162685,False,350
2008-05-23,1750,1708,1792,top_6,0.05857775251358618,True,0.47921392856471706,0.5361861076949118,-0.009320756589950812,8.687650340910569e-05,0.9999131234965909,0.05857897870844783,0.9978755547162685,False,350
2008-05-23,1750,1708,1792,flag_nested,0.08370543424962992,True,0.2393676388467026,0.25347057558267544,-0.029306368322435505,0.000858863224250328,0.9991411367757497,0.08368724551923427,0.9978755547162685,False,350
2008-06-13,1764,1722,1806,market_1,0.3031952866013224,True,0.04740069905688224,0.04659660772829662,-0.026628868314051826,0.0007090966276869226,0.9992909033723131,0.30417283504395815,0.9984578100903283,False,351
2008-06-13,1764,1722,1806,block_2_3,0.3091596357502424,True,0.20949647148290956,0.20847223923254166,,0.0,1.0,0.3091596357502424,0.9984578100903283,False,351
2008-06-13,1764,1722,1806,block_4_6,0.11619362106570785,True,0.463021180383306,0.46191644251658,-0.008114721886571783,6.584871129655667e-05,0.9999341512887034,0.11612994651906514,0.9984578100903283,False,351
2008-06-13,1764,1722,1806,top_3,0.30395089901052597,True,0.2143719025013412,0.21198229646204061,-0.004734927938175676,2.2419542579754648e-05,0.9999775804574202,0.3039901859660569,0.9984578100903283,False,351
2008-06-13,1764,1722,1806,top_6,0.07240110751767133,True,0.48985973326666316,0.4769626866482604,-0.002070504548563188,4.286989085722226e-06,0.9999957130109143,0.07240888295073233,0.9984578100903283,False,351
2008-06-13,1764,1722,1806,flag_nested,0.14375472738266917,True,0.2399146171268236,0.2346606967489003,-0.006054496680855514,3.665693005838744e-05,0.9999633430699416,0.14380351851159934,0.9984578100903283,False,351
2008-07-03,1778,1736,1820,market_1,0.24370022512958062,True,0.05356805948600027,0.04824895590642528,-0.10615120591042497,0.011268078516237567,0.9887319214837624,0.2535805246141078,0.9983948635634029,False,350
2008-07-03,1778,1736,1820,block_2_3,0.35265537124266233,True,0.1974484890010102,0.258867841884361,,0.0,1.0,0.35265537124266233,0.9983948635634029,False,350
2008-07-03,1778,1736,1820,block_4_6,0.1109832990907909,True,0.3969579752994219,0.503355451314263,-0.018303830697471993,0.0003350302182016929,0.9996649697817983,0.11073378123509744,0.9983948635634029,False,350
2008-07-03,1778,1736,1820,top_3,0.34328080042364956,True,0.2041006163763468,0.26112183415447665,-0.01901894079499322,0.0003617201089634037,0.9996382798910366,0.34376834947196777,0.9983948635634029,False,350
2008-07-03,1778,1736,1820,top_6,0.06202732505148825,True,0.4289336477191231,0.5074818996723142,-0.009032928429507226,8.15937960125801e-05,0.9999184062039874,0.062118663503034126,0.9983948635634029,False,350
2008-07-03,1778,1736,1820,flag_nested,0.15814023485568948,True,0.21775958430442513,0.2607281066282708,-0.023616292719754954,0.0005577292818254032,0.9994422707181746,0.15874578346078505,0.9983948635634029,False,350
2008-07-24,1792,1750,1834,market_1,0.18772090970434768,True,0.05060901964415452,0.047233695357140726,-0.0884911441942951,0.007830682600815653,0.9921693173991843,0.19641275276865788,0.9981588140874327,False,349
2008-07-24,1792,1750,1834,block_2_3,0.275399986616736,True,0.1974204430986409,0.2782114462475456,,0.0,1.0,0.275399986616736,0.9981588140874327,False,349
2008-07-24,1792,1750,1834,block_4_6,0.1416254723329279,True,0.5132150700324211,0.45994464649721517,-0.006866429868136429,4.7147859133955805e-05,0.999952852140866,0.14158381652297486,0.9981588140874327,False,349
2008-07-24,1792,1750,1834,top_3,0.26780495267356097,True,0.20324962092978507,0.2810887490659814,-0.01467561815520398,0.00021537376823754784,0.9997846262317625,0.2681856480075144,0.9981588140874327,False,349
2008-07-24,1792,1750,1834,top_6,0.13263519301160537,True,0.5361861076949124,0.43895519830602586,-0.009080598316569214,8.245726578681722e-05,0.9999175427342132,0.13271886828396365,0.9981588140874327,False,349
2008-07-24,1792,1750,1834,flag_nested,0.17219387158422605,True,0.25347057558267566,0.24633634448499683,-0.020613892105392377,0.0004249325477330146,0.999575067452267,0.17268058041096015,0.9981588140874327,False,349
2008-08-13,1806,1764,1848,market_1,0.13782990182100963,True,0.046596607728296636,0.049533565781401744,-0.2469587326437528,0.06098861562900848,0.9390113843709915,0.16038290612459066,0.9973562458691342,False,349
2008-08-13,1806,1764,1848,block_2_3,0.404844338496786,True,0.2084722392325416,0.23533365740214895,,0.0,1.0,0.404844338496786,0.9973562458691342,False,349
2008-08-13,1806,1764,1848,block_4_6,0.23214376157499217,True,0.4619164425165802,0.4432562185603841,-0.03407195948098719,0.0011608984228740349,0.998839101577126,0.23213616594023456,0.9973562458691342,False,349
2008-08-13,1806,1764,1848,top_3,0.40000633763177407,True,0.21198229646204056,0.240248123028004,-0.05064246177570868,0.002564658934704256,0.9974353410652957,0.4013187056408332,0.9973562458691342,False,349
2008-08-13,1806,1764,1848,top_6,0.17970619296101017,True,0.4769626866482607,0.4397929337193043,-0.02698153364554893,0.0007280031578658086,0.9992719968421342,0.17995384951674717,0.9973562458691342,False,349
2008-08-13,1806,1764,1848,flag_nested,0.2457369502943791,True,0.23466069674890036,0.23222747132230534,-0.06422239297883904,0.00412451575992856,0.9958754842400714,0.24736001702723834,0.9973562458691342,False,349
2008-09-03,1820,1778,1862,market_1,-0.09103703953442364,False,0.04824895590642532,0.05625276193521057,-0.21293328870044384,0.04534058543678654,0.9546594145632135,-0.07323446557613415,0.9962546816479401,False,349
2008-09-03,1820,1778,1862,block_2_3,0.26315384178068946,True,0.2588678418843612,0.19269930404082536,,0.0,1.0,0.26315384178068946,0.9962546816479401,False,349
2008-09-03,1820,1778,1862,block_4_6,0.3756713753368453,True,0.5033554513142626,0.4433072755408086,0.009828064827421495,9.659085825208802e-05,0.9999034091417479,0.37567925166291916,0.9962546816479401,False,349
2008-09-03,1820,1778,1862,top_3,0.2694266860337563,True,0.2611218341544768,0.19810924752979917,-0.05949019422580169,0.003539083209023852,0.9964609167909761,0.27097071123194905,0.9962546816479401,False,349
2008-09-03,1820,1778,1862,top_6,0.31550336002493007,True,0.5074818996723144,0.4588441359393691,-0.025639844660617833,0.0006574016342205669,0.9993425983657794,0.3158340149627117,0.9962546816479401,False,349
2008-09-03,1820,1778,1862,flag_nested,0.28173213253936213,True,0.2607281066282709,0.22657549453829204,-0.06438771169319137,0.004145777417085661,0.9958542225829143,0.2837329466886352,0.9962546816479401,False,349
2008-09-23,1834,1792,1876,market_1,-0.03997793439635561,False,0.047233695357140754,0.05458800700102627,-0.3040698793189888,0.09245849150906427,0.9075415084909357,-0.019507710760910804,0.9968054637585371,False,351
2008-09-23,1834,1792,1876,block_2_3,0.129754627241539,True,0.2782114462475458,0.17488762599543672,-0.0008744219472412138,7.646137417660626e-07,0.9999992353862582,0.1297548047580613,0.9968054637585371,False,351
2008-09-23,1834,1792,1876,block_4_6,0.29043387020835215,True,0.4599446464972152,0.4071012610396095,-0.018745156062277255,0.00035138087579922317,0.9996486191242008,0.2902784324927854,0.9968054637585371,False,351
2008-09-23,1834,1792,1876,top_3,0.13484740290679448,True,0.28108874906598186,0.18067671812960867,-0.09068325848130862,0.008223453368787936,0.9917765466312121,0.1364602023728625,0.9968054637585371,False,351
2008-09-23,1834,1792,1876,top_6,0.2470238561158255,True,0.43895519830602603,0.4368121724183744,-0.036883757128567965,0.0013604115399190597,0.9986395884600809,0.24742499027839102,0.9968054637585371,False,351
2008-09-23,1834,1792,1876,flag_nested,0.19137620573755074,True,0.246336344484997,0.21368673721560116,-0.09455182477563086,0.008940047568401832,0.9910599524315982,0.19379227401655558,0.9968054637585371,False,351
2008-10-15,1848,1806,1890,market_1,0.20967478730745395,True,0.04953356578140176,0.053816227241074904,-0.1801333248663318,0.032448014727399443,0.9675519852726006,0.21255971523313894,0.9973877191325968,False,352
2008-10-15,1848,1806,1890,block_2_3,0.3348258396720783,True,0.2353336574021487,0.17320613293142076,-0.08121415467378622,0.006595738919377703,0.9934042610806223,0.33375366926568256,0.9973877191325968,False,352
2008-10-15,1848,1806,1890,block_4_6,0.4170093211923291,True,0.44325621856038416,0.4532270336109834,-0.012311039362030865,0.0001515616901734962,0.9998484383098265,0.41688303751248457,0.9973877191325968,False,352
2008-10-15,1848,1806,1890,top_3,0.32333181889665796,True,0.24024812302800372,0.18043756016784177,-0.05147394357078997,0.002649566866728903,0.9973504331332711,0.32372610142453284,0.9973877191325968,False,352
2008-10-15,1848,1806,1890,top_6,0.34137864808026047,True,0.439792933719304,0.4700107449950164,-0.01917439312981178,0.0003676573518963666,0.9996323426481036,0.3414614894824218,0.9973877191325968,False,352
2008-10-15,1848,1806,1890,flag_nested,0.3253839067875231,True,0.23222747132230517,0.22487131302747185,-0.051894607382835224,0.0026930502754185515,0.9973069497245814,0.32579708200962537,0.9973877191325968,False,352
2008-11-04,1862,1820,1904,market_1,0.08870688883626372,True,0.05625276193521055,0.05422218237111111,-0.18920388108810626,0.03579810861880228,0.9642018913811977,0.08284076737602301,0.9979699745066566,False,351
2008-11-04,1862,1820,1904,block_2_3,0.3945916691560948,True,0.1926993040408251,0.19608505632168272,-0.05220987154944568,0.0027258706872096417,0.9972741293127904,0.39395142802831407,0.9979699745066566,False,351
2008-11-04,1862,1820,1904,block_4_6,0.14431967947020846,True,0.4433072755408089,0.41226295299953536,-0.025433133306191975,0.0006468442697704635,0.9993531557302295,0.14467176530618928,0.9979699745066566,False,351
2008-11-04,1862,1820,1904,top_3,0.3762438084468886,True,0.19810924752979914,0.20212743982213124,-0.050022271390603654,0.002502227635075349,0.9974977723649247,0.37619521300928954,0.9979699745066566,False,351
2008-11-04,1862,1820,1904,top_6,0.07112676719522147,True,0.4588441359393695,0.4272195277111542,-0.022099418835075463,0.0004883843128480336,0.999511615687152,0.07100584753030825,0.9979699745066566,False,351
2008-11-04,1862,1820,1904,flag_nested,0.15509174385338148,True,0.22657549453829215,0.21674401148296132,-0.05727204383198712,0.0032800870046929553,0.996719912995307,0.15465434975102965,0.9979699745066566,False,351
2008-11-24,1876,1834,1918,market_1,0.16050118061219878,True,0.05458800700102627,0.05215877031488402,-0.170550816736129,0.029087581089360603,0.9709124189106394,0.15510219267706515,0.9985207566172536,False,352
2008-11-24,1876,1834,1918,block_2_3,0.14128187096355113,True,0.17488762599543659,0.24757071229090874,-0.04041710424706127,0.0016335423157179951,0.998366457684282,0.1397073582049103,0.9985207566172536,False,352
2008-11-24,1876,1834,1918,block_4_6,-0.2049764171718179,False,0.4071012610396092,0.5092164537794078,-0.007595731600854326,5.76951385522495e-05,0.9999423048614478,-0.20498279742550016,0.9985207566172536,False,352
2008-11-24,1876,1834,1918,top_3,0.13900139107821283,True,0.18067671812960856,0.25204258877862595,-0.03374591763241223,0.0011387869568536546,0.9988612130431463,0.13867016832822215,0.9985207566172536,False,352
2008-11-24,1876,1834,1918,top_6,-0.21343386393226074,False,0.43681217241837433,0.5050125573799461,-0.01717757230007629,0.0002950689901243253,0.9997049310098757,-0.21355424616131052,0.9985207566172536,False,352
2008-11-24,1876,1834,1918,flag_nested,-0.09589110387672826,False,0.21368673721560108,0.2576858035646193,-0.041751581305940734,0.0017431945415465888,0.9982568054584534,-0.09656265884580606,0.9985207566172536,False,352
2008-12-15,1890,1848,1932,market_1,0.19710804025996154,True,0.05381622724107489,0.04419302924562518,-0.13386686698296082,0.01792033807583382,0.9820796619241662,0.19689828709738338,0.9987095961980298,False,351
2008-12-15,1890,1848,1932,block_2_3,0.2367017746885814,True,0.17320613293142076,0.2382913764083347,-0.014992713841926483,0.00022478146834603585,0.999775218531654,0.23626367546330185,0.9987095961980298,False,351
2008-12-15,1890,1848,1932,block_4_6,-0.1797043841053403,False,0.45322703361098354,0.4931617590994064,0.0035462402005491805,1.2575819560156631e-05,0.9999874241804398,-0.17969079684917047,0.9987095961980298,False,351
2008-12-15,1890,1848,1932,top_3,0.22922581893045857,True,0.18043756016784182,0.24139983486462527,-0.0222675110290899,0.0004958420474306946,0.9995041579525693,0.2292273808458421,0.9987095961980298,False,351
2008-12-15,1890,1848,1932,top_6,-0.1981938292953966,False,0.4700107449950165,0.49904020801237664,-0.0108726218766703,0.00011821390647315244,0.9998817860935268,-0.19820658849965436,0.9987095961980298,False,351
2008-12-15,1890,1848,1932,flag_nested,-0.07006340871981107,False,0.2248713130274719,0.250767831789287,-0.028041562032969543,0.000786329201248881,0.9992136707987511,-0.07018965756485498,0.9987095961980298,False,351
2009-01-06,1904,1862,1946,market_1,0.22705822314551882,True,0.05422218237111112,0.04601386074153404,-0.10649700558088863,0.011341612197695805,0.9886583878023042,0.2375372394693736,0.9986466496711044,False,351
2009-01-06,1904,1862,1946,block_2_3,0.3099299454186359,True,0.1960850563216828,0.2279374606736098,-0.029725450063286772,0.0008836023814648986,0.9991163976185351,0.30863923751833156,0.9986466496711044,False,351
2009-01-06,1904,1862,1946,block_4_6,-0.04031681756768504,False,0.41226295299953564,0.60708100836781,0.009141275942322476,8.356292585343095e-05,0.9999164370741466,-0.040150954719800104,0.9986466496711044,False,351
2009-01-06,1904,1862,1946,top_3,0.30037423879722275,True,0.20212743982213127,0.23182092751160405,-0.018817639468855573,0.00035410355517995207,0.99964589644482,0.3009821148620583,0.9986466496711044,False,351
2009-01-06,1904,1862,1946,top_6,-0.0881007589269415,False,0.4272195277111542,0.6081793839663564,-0.007452849354166352,5.554496349602367e-05,0.999944455036504,-0.08801582270693674,0.9986466496711044,False,351
2009-01-06,1904,1862,1946,flag_nested,0.023294251056292115,True,0.21674401148296132,0.2857935444303648,-0.02031339057014043,0.0004126338364552895,0.9995873661635447,0.02383003133083541,0.9986466496711044,False,351
2009-01-27,1918,1876,1960,market_1,0.29014340163991403,True,0.052158770314884015,0.04122533026254044,-0.04054109011975787,0.001643579988098276,0.9983564200119017,0.29335812461034516,0.9989299090422686,False,353
2009-01-27,1918,1876,1960,block_2_3,0.33149472307952066,True,0.24757071229090888,0.18742733963055896,-0.03377004903803119,0.0011404162120309813,0.998859583787969,0.33017483597741903,0.9989299090422686,False,353
2009-01-27,1918,1876,1960,block_4_6,0.24596271761709598,True,0.5092164537794077,0.5988896052658962,0.00247931929246483,6.147024154024017e-06,0.999993852975846,0.2459748755593647,0.9989299090422686,False,353
2009-01-27,1918,1876,1960,top_3,0.3246281353253438,True,0.2520425887786261,0.19148070603309086,-0.008190607919444936,6.708605809002677e-05,0.99993291394191,0.3248120201433283,0.9989299090422686,False,353
2009-01-27,1918,1876,1960,top_6,0.20057098137612245,True,0.5050125573799462,0.6113128215714362,-0.0008539009070261514,7.291467589709555e-07,0.999999270853241,0.200583613454383,0.9989299090422686,False,353
2009-01-27,1918,1876,1960,flag_nested,0.22726243213366898,True,0.2576858035646194,0.27605260806442483,-0.006748606515201857,4.554368989728719e-05,0.9999544563101027,0.22740756621991293,0.9989299090422686,False,353
2009-02-17,1932,1890,1974,market_1,0.37106424183566095,True,0.04419302924562515,0.041557527181018065,-0.05179451607335636,0.0026826718952731587,0.9973173281047268,0.3783563742639531,0.9986938595662984,False,354
2009-02-17,1932,1890,1974,block_2_3,0.31564319829740267,True,0.23829137640833478,0.1820674927163336,0.03912547017085229,0.0015308024160903821,0.9984691975839096,0.31390641034494215,0.9986938595662984,False,354
2009-02-17,1932,1890,1974,block_4_6,0.2289333234759318,True,0.4931617590994064,0.6665676805098015,-0.0012797501808132208,1.637760525308174e-06,0.9999983622394747,0.22893520772555553,0.9986938595662984,False,354
2009-02-17,1932,1890,1974,top_3,0.3121097016012333,True,0.24139983486462532,0.18606252164715575,-0.01471077406352687,0.00021640687354818056,0.9997835931264518,0.31239375208331593,0.9986938595662984,False,354
2009-02-17,1932,1890,1974,top_6,0.1955196388518431,True,0.4990402080123765,0.6782521555309255,-0.0030060088318195617,9.036089096969846e-06,0.999990963910903,0.19554362956084756,0.9986938595662984,False,354
2009-02-17,1932,1890,1974,flag_nested,0.2178608886196208,True,0.250767831789287,0.2998962817370226,-0.009269114142458406,8.591647698596994e-05,0.999914083523014,0.2180925274177432,0.9986938595662984,False,354
2009-03-09,1946,1904,1988,market_1,0.23331659494020004,True,0.046013860741534046,0.04213037808051352,-0.08362946492981863,0.0069938874044476185,0.9930061125955524,0.2424501880123256,0.9988669625153432,False,353
2009-03-09,1946,1904,1988,block_2_3,0.25104225831593185,True,0.22793746067360973,0.18982623163601248,0.0560301096911598,0.003139373192003414,0.9968606268079966,0.24840636766312643,0.9988669625153432,False,353
2009-03-09,1946,1904,1988,block_4_6,0.23300882777363172,True,0.6070810083678098,0.6449898233331235,-0.01713615711905182,0.00029364788080876725,0.9997063521191912,0.23282892785502526,0.9988669625153432,False,353
2009-03-09,1946,1904,1988,top_3,0.2452983861457494,True,0.23182092751160394,0.19341922319055843,-0.021867499939612678,0.0004781875536090663,0.9995218124463909,0.24570502277466907,0.9988669625153432,False,353
2009-03-09,1946,1904,1988,top_6,0.21748655441924922,True,0.6081793839663563,0.6579223087240973,-0.005942591613114866,3.531439508008827e-05,0.9999646856049199,0.21752725006631482,0.9988669625153432,False,353
2009-03-09,1946,1904,1988,flag_nested,0.22169619089016712,True,0.2857935444303647,0.29391993486304124,-0.015513511126236971,0.00024066902746355812,0.9997593309725364,0.22200769375757107,0.9988669625153432,False,353
2009-03-27,1960,1918,2002,market_1,0.17763921508959218,True,0.04122533026254044,0.04282556226552172,-0.06172325075744112,0.0038097596840659387,0.9961902403159341,0.1863454625890538,0.9989928555691939,False,352
2009-03-27,1960,1918,2002,block_2_3,0.2582200823656386,True,0.18742733963055896,0.16879551655589048,0.050288752045096266,0.0025289585822531047,0.9974710414177469,0.2589144535638728,0.9989928555691939,False,352
2009-03-27,1960,1918,2002,block_4_6,0.54759275253092,True,0.598889605265896,0.5307323359001359,-0.013370621413719641,0.0001787735169890281,0.999821226483011,0.5475082737921576,0.9989928555691939,False,352
2009-03-27,1960,1918,2002,top_3,0.24977269474230648,True,0.19148070603309078,0.17348341325206845,-0.017745382443514764,0.0003148985980664376,0.9996851014019336,0.25031570736849335,0.9989928555691939,False,352
2009-03-27,1960,1918,2002,top_6,0.5242149663439876,True,0.6113128215714362,0.5471732665146046,-0.006135405910053252,3.764320568100388e-05,0.999962356794319,0.5242903046615178,0.9989928555691939,False,352
2009-03-27,1960,1918,2002,flag_nested,0.47085490813307046,True,0.27605260806442483,0.2485275791656354,-0.013892669447236832,0.00019300626437024349,0.9998069937356298,0.47129664851946035,0.9989928555691939,False,352
2009-04-17,1974,1932,2016,market_1,0.16276393999371305,True,0.04155752718101807,0.03966643858911788,-0.08816241790673497,0.007772611931161855,0.9922273880688381,0.17002883582528616,0.9988197526201492,False,351
2009-04-17,1974,1932,2016,block_2_3,0.3029891725691494,True,0.18206749271633366,0.187677860325591,0.04511190468162753,0.0020350839440042012,0.9979649160559958,0.30199093882173755,0.9988197526201492,False,351
2009-04-17,1974,1932,2016,block_4_6,0.5491835426131099,True,0.6665676805098018,0.6518571749576949,-0.0004611359451372287,2.1264635974294066e-07,0.9999997873536403,0.5492110375481717,0.9988197526201492,False,351
2009-04-17,1974,1932,2016,top_3,0.2930512815743516,True,0.1860625216471559,0.19136129603063284,-0.01959759429470653,0.00038406570213977975,0.9996159342978602,0.29342271300046735,0.9988197526201492,False,351
2009-04-17,1974,1932,2016,top_6,0.5188233294769359,True,0.6782521555309255,0.6684847540875287,-0.006085220050045687,3.702990305742837e-05,0.9999629700969426,0.5188667074494794,0.9988197526201492,False,351
2009-04-17,1974,1932,2016,flag_nested,0.48209903571749835,True,0.2998962817370226,0.29708324192235425,-0.014909807352569025,0.00022230235529085984,0.9997776976447091,0.4823624407582162,0.9988197526201492,False,351
2009-05-07,1988,1946,2030,market_1,0.1600643364039676,True,0.04213037808051353,0.0372783399778916,-0.07014727713494043,0.004920640489446182,0.9950793595105538,0.16448387990872473,0.9986151764076417,False,352
2009-05-07,1988,1946,2030,block_2_3,0.19382917516253748,True,0.1898262316360124,0.19910954773308603,0.0029068704316753736,8.449895706585941e-06,0.9999915501042934,0.19390662513023113,0.9986151764076417,False,352
2009-05-07,1988,1946,2030,block_4_6,0.6126306272029858,True,0.6449898233331234,0.6284291132172951,-0.0011530181993712465,1.3294509682015843e-06,0.9999986705490318,0.6126302021300106,0.9986151764076417,False,352
2009-05-07,1988,1946,2030,top_3,0.19003940849351417,True,0.19341922319055835,0.20222534726965208,-0.013376992672984638,0.00017894393297301914,0.999821056067027,0.19022112144055522,0.9986151764076417,False,352
2009-05-07,1988,1946,2030,top_6,0.5687937256014668,True,0.6579223087240975,0.6489560473187307,-0.003969803909961991,1.5759343083510124e-05,0.9999842406569165,0.5688205436775519,0.9986151764076417,False,352
2009-05-07,1988,1946,2030,flag_nested,0.5035609398449108,True,0.29391993486304135,0.29191099707994816,-0.011037499823441927,0.00012182640235236519,0.9998781735976476,0.5037215916469772,0.9986151764076417,False,352
2009-05-28,2002,1960,2044,market_1,0.13950631091234084,True,0.04282556226552177,0.038999080230633934,-0.009011090052283335,8.119974393061558e-05,0.9999188002560694,0.14255817155126346,0.9985522298807163,False,352
2009-05-28,2002,1960,2044,block_2_3,0.08045960592326253,True,0.1687955165558905,0.2307859952805232,-0.012077576446186148,0.00014586785281345271,0.9998541321471865,0.0808509989618772,0.9985522298807163,False,352
2009-05-28,2002,1960,2044,block_4_6,0.3293247534945438,True,0.5307323359001357,0.48121094538153086,-0.007451393636746966,5.552326712987554e-05,0.9999444767328701,0.3293064929929784,0.9985522298807163,False,352
2009-05-28,2002,1960,2044,top_3,0.08040009915525562,True,0.17348341325206845,0.23328985300246266,-0.002620018623053967,6.8644975851350765e-06,0.9999931355024149,0.08055395826675033,0.9985522298807163,False,352
2009-05-28,2002,1960,2044,top_6,0.31704962714088775,True,0.5471732665146042,0.4979550978829127,-0.0011276177220838188,1.2715217271308532e-06,0.9999987284782729,0.31708370583749995,0.9985522298807163,False,352
2009-05-28,2002,1960,2044,flag_nested,0.25604848578706174,True,0.24852757916563528,0.24695922743387386,-0.002144775383825067,4.600061447201931e-06,0.9999953999385528,0.25624892303455254,0.9985522298807163,False,352
2009-06-17,2016,1974,2058,market_1,0.11464538561562485,True,0.03966643858911788,0.03964608457948038,-0.06739289131074606,0.004541801799222034,0.995458198200778,0.12420120389242036,0.9986623863028358,False,351
2009-06-17,2016,1974,2058,block_2_3,0.33040341116129146,True,0.1876778603255911,0.19677927225289163,0.012859548380509352,0.0001653679845508016,0.9998346320154492,0.3301968504180391,0.9986623863028358,False,351
2009-06-17,2016,1974,2058,block_4_6,-0.2099731540258177,False,0.6518571749576952,0.4110161875390365,-0.02489863927299947,0.0006199422376468311,0.9993800577623532,-0.2096962341379189,0.9986623863028358,False,351
2009-06-17,2016,1974,2058,top_3,0.3169873067888964,True,0.1913612960306329,0.19985879710491986,-0.01437500018701376,0.00020664063037667546,0.9997933593696233,0.31749341907445755,0.9986623863028358,False,351
2009-06-17,2016,1974,2058,top_6,-0.21032640593441246,False,0.6684847540875288,0.43335719183497035,-0.006282778230573192,3.947330229447932e-05,0.9999605266977055,-0.21029143613382448,0.9986623863028358,False,351
2009-06-17,2016,1974,2058,flag_nested,-0.092936523737197,False,0.2970832419223543,0.21490944038921844,-0.015513520115353764,0.0002406693063694565,0.9997593306936305,-0.09265421263823259,0.9986623863028358,False,351
2009-07-08,2030,1988,2072,market_1,0.13620360119300093,True,0.03727833997789158,0.037790630376600326,-0.1399395576291388,0.019583079789438962,0.980416920210561,0.15972376406126387,0.9987410694614924,False,351
2009-07-08,2030,1988,2072,block_2_3,0.2744367690799542,True,0.1991095477330861,0.19452123201302307,-0.01011892876644659,0.00010239271938039529,0.9998976072806196,0.27490739903486416,0.9987410694614924,False,351
2009-07-08,2030,1988,2072,block_4_6,-0.2928062494977612,False,0.6284291132172957,0.4635540359795788,5.588357688469577e-05,3.1229741015437185e-09,0.9999999968770259,-0.2928063094606012,0.9987410694614924,False,351
2009-07-08,2030,1988,2072,top_3,0.2670641835607954,True,0.20222534726965227,0.1976922532841849,-0.02776291212883782,0.0007707792898735688,0.9992292207101264,0.2679907067492129,0.9987410694614924,False,351
2009-07-08,2030,1988,2072,top_6,-0.2955432833402718,False,0.6489560473187315,0.4693654979415358,-0.012158996396374034,0.000147841193367082,0.9998521588066329,-0.29547938258356443,0.9987410694614924,False,351
2009-07-08,2030,1988,2072,flag_nested,-0.17040836297541548,False,0.29191099707994844,0.22621421084915197,-0.02912399266149077,0.0008482069485465926,0.9991517930514534,-0.1698699443505349,0.9987410694614924,False,351
2009-07-28,2044,2002,2086,market_1,0.15516496315607758,True,0.03899908023063389,0.039405744762030084,-0.055271072382056786,0.003054891442262564,0.9969451085577374,0.16261547758549663,0.9987882793566865,False,351
2009-07-28,2044,2002,2086,block_2_3,0.31069034653844685,True,0.2307859952805231,0.1859567628483462,,0.0,1.0,0.31069034653844685,0.9987882793566865,False,351
2009-07-28,2044,2002,2086,block_4_6,-0.06658356621415129,False,0.48121094538153053,0.4617714165853862,0.011685043462921854,0.00013654024073028737,0.9998634597592697,-0.06675220257360573,0.9987882793566865,False,351
2009-07-28,2044,2002,2086,top_3,0.3022245076574826,True,0.23328985300246252,0.18929594311921466,-0.012471476839666491,0.0001555377345624498,0.9998444622654376,0.3025451066860846,0.9987882793566865,False,351
2009-07-28,2044,2002,2086,top_6,-0.09533215696032585,False,0.4979550978829125,0.4719865922925065,-0.005866679199801815,3.441792483338535e-05,0.9999655820751666,-0.0952831703001028,0.9987882793566865,False,351
2009-07-28,2044,2002,2086,flag_nested,0.017150595802060412,True,0.24695922743387372,0.22500152880524324,-0.012433528145291948,0.0001545926221399041,0.9998454073778601,0.01742903074939159,0.9987882793566865,False,351
2009-08-17,2058,2016,2100,market_1,0.18872713418995204,True,0.03964608457948036,0.045315917195103944,-0.029306753959312537,0.0008588858276317168,0.9991411141723683,0.19471972570278606,0.998489283353791,False,350
2009-08-17,2058,2016,2100,block_2_3,0.15806815631957016,True,0.19677927225289146,0.16787395574743033,,0.0,1.0,0.15806815631957016,0.998489283353791,False,350
2009-08-17,2058,2016,2100,block_4_6,0.15072861688971692,True,0.41101618753903596,0.45731631583153476,0.00806890558152175,6.510723728359036e-05,0.9999348927627164,0.15076771839832126,0.998489283353791,False,350
2009-08-17,2058,2016,2100,top_3,0.15214887189949164,True,0.1998587971049198,0.17239303744382517,-0.0077614927890676646,6.024077031474562e-05,0.9999397592296853,0.15242975017448732,0.998489283353791,False,350
2009-08-17,2058,2016,2100,top_6,0.14143549002102795,True,0.4333571918349701,0.47574104435477366,-0.004043470990451189,1.634965765040519e-05,0.9999836503423496,0.1415024102733425,0.998489283353791,False,350
2009-08-17,2058,2016,2100,flag_nested,0.14501121517697008,True,0.21490944038921833,0.2228936420916891,-0.007672806909294048,5.887196586717991e-05,0.9999411280341328,0.14532915383956319,0.998489283353791,False,350
2009-09-04,2072,2030,2114,market_1,0.19391214631087547,True,0.037790630376600305,0.047476544637512164,-0.08649151794491003,0.007480782676414721,0.9925192173235853,0.1992596158115431,0.9987095961980298,False,351
2009-09-04,2072,2030,2114,block_2_3,0.03362118998626025,True,0.19452123201302307,0.18601463859833525,,0.0,1.0,0.03362118998626025,0.9987095961980298,False,351
2009-09-04,2072,2030,2114,block_4_6,0.22778177355349488,True,0.4635540359795789,0.3991904084796648,0.015175238404097966,0.00023028786062129214,0.9997697121393787,0.22761211025051922,0.9987095961980298,False,351
2009-09-04,2072,2030,2114,top_3,0.030563953508422836,True,0.19769225328418485,0.18925982204236796,-0.02139914335735952,0.0004579233364289115,0.9995420766635711,0.030799257275505677,0.9987095961980298,False,351
2009-09-04,2072,2030,2114,top_6,0.23620046859539498,True,0.46936549794153587,0.4217017659092118,-0.010956681291826243,0.00012004886493066635,0.9998799511350693,0.2362611911530884,0.9987095961980298,False,351
2009-09-04,2072,2030,2114,flag_nested,0.179918080187965,True,0.22621421084915194,0.20936215576295517,-0.024282189731024664,0.0005896247381335096,0.9994103752618665,0.1802368081756984,0.9987095961980298,False,351
2009-09-25,2086,2044,2128,market_1,0.21564368598833575,True,0.03940574476203008,0.05125119155692602,-0.09452533110632436,0.00893503822076036,0.9910649617792396,0.22374692240780245,0.9986938595662984,False,349
2009-09-25,2086,2044,2128,block_2_3,-0.03623753068483605,False,0.18595676284834636,0.246199049047639,,0.0,1.0,-0.03623753068483605,0.9986938595662984,False,349
2009-09-25,2086,2044,2128,block_4_6,0.21790269492404418,True,0.46177141658538634,0.4310185239783226,0.016939578977708376,0.0002869493359417552,0.9997130506640582,0.2176256070209586,0.9986938595662984,False,349
2009-09-25,2086,2044,2128,top_3,-0.03600672493906511,False,0.18929594311921477,0.24867927753702368,-0.019993269014854306,0.000399730805900278,0.9996002691940997,-0.035712349520106226,0.9986938595662984,False,349
2009-09-25,2086,2044,2128,top_6,0.25666738270046247,True,0.47198659229250645,0.43011092881010154,-0.013031574427507684,0.0001698219320596106,0.9998301780679404,0.2567611742090345,0.9986938595662984,False,349
2009-09-25,2086,2044,2128,flag_nested,0.16350445867886543,True,0.22500152880524327,0.23253612086820286,-0.026109601213929447,0.0006817112755502786,0.9993182887244497,0.16396844284643716,0.9986938595662984,False,349
2009-10-15,2100,2058,2142,market_1,0.2508857673383224,True,0.04531591719510396,0.04903590105443735,-0.11284533430610723,0.012734069474657272,0.9872659305253427,0.2687216281317626,0.9990085922009253,False,351
2009-10-15,2100,2058,2142,block_2_3,0.19978978053940347,True,0.16787395574743041,0.26189452020617926,,0.0,1.0,0.19978978053940347,0.9990085922009253,False,351
2009-10-15,2100,2058,2142,block_4_6,-0.2149430231055657,False,0.4573163158315352,0.5042174905793958,0.020760469721340723,0.0004309971030505011,0.9995690028969495,-0.21522390296461633,0.9990085922009253,False,351
2009-10-15,2100,2058,2142,top_3,0.18898933155353592,True,0.17239303744382523,0.26435897856934054,-0.02004026598921657,0.00040161226091839364,0.9995983877390816,0.18979437717548595,0.9990085922009253,False,351
2009-10-15,2100,2058,2142,top_6,-0.2285285732332132,False,0.4757410443547739,0.4958941188591196,-0.011674754125474317,0.00013629988389018965,0.9998637001161098,-0.2284203432305926,0.9990085922009253,False,351
2009-10-15,2100,2058,2142,flag_nested,-0.09654765581564942,False,0.22289364209168921,0.25823420693007737,-0.026130444031854425,0.0006828001053018617,0.9993171998946981,-0.09581373435978836,0.9990085922009253,False,351
2009-11-04,2114,2072,2156,market_1,0.3222531847072097,True,0.047476544637512205,0.051044917513443776,-0.1600173927773735,0.025605565991268397,0.9743944340087316,0.3313251899092266,0.9993705347307462,False,348
2009-11-04,2114,2072,2156,block_2_3,0.3233916071530278,True,0.1860146385983352,0.37527558638436287,,0.0,1.0,0.3233916071530278,0.9993705347307462,False,348
2009-11-04,2114,2072,2156,block_4_6,0.1097896851684102,True,0.39919040847966464,0.5220114434800306,0.012948563763494252,0.00016766530353740094,0.9998323346964626,0.10950411958751355,0.9993705347307462,False,348
2009-11-04,2114,2072,2156,top_3,0.3159754921888064,True,0.18925982204236788,0.3770676351862608,-0.021097966835198087,0.0004451242045792059,0.9995548757954208,0.3161783971336739,0.9993705347307462,False,348
2009-11-04,2114,2072,2156,top_6,0.027038748447216994,True,0.4217017659092115,0.4420599517739647,-0.01904688620348273,0.0003627838740484224,0.9996372161259516,0.027092048876984895,0.9993705347307462,False,348
2009-11-04,2114,2072,2156,flag_nested,0.15188659694123255,True,0.209362155762955,0.28734720739784586,-0.03473210275990523,0.0012063189621247528,0.9987936810378752,0.1522457441944984,0.9993705347307462,False,348
2009-11-24,2128,2086,2170,market_1,0.4366150136473192,True,0.051251191556926035,0.05592485340930807,-0.07625484557427023,0.005814801473555842,0.9941851985264442,0.44209433091742534,0.9994334812576716,False,348
2009-11-24,2128,2086,2170,block_2_3,0.6279325177015297,True,0.2461990490476389,0.49146162225899137,,0.0,1.0,0.6279325177015297,0.9994334812576716,False,348
2009-11-24,2128,2086,2170,block_4_6,0.2957916908802685,True,0.431018523978323,0.7326713502920025,,0.0,1.0,0.2957916908802685,0.9994334812576716,False,348
2009-11-24,2128,2086,2170,top_3,0.61894709653369,True,0.2486792775370235,0.49251861851963513,-0.008343634514716513,6.961623691514873e-05,0.9999303837630849,0.6190839521503343,0.9994334812576716,False,348
2009-11-24,2128,2086,2170,top_6,0.09049380883306823,True,0.4301109288101017,0.6153022313947549,-0.005843617486464137,3.414786532807135e-05,0.9999658521346719,0.09053039191129249,0.9994334812576716,False,348
2009-11-24,2128,2086,2170,flag_nested,0.3421370740070652,True,0.23253612086820286,0.38351695975307704,-0.01327116509027111,0.00017612382285336903,0.9998238761771466,0.3423696655368406,0.9994334812576716,False,348
2009-12-15,2142,2100,2184,market_1,0.40527713519967845,True,0.049035901054437336,0.05780881887671274,-0.08708325953430686,0.007583494091119469,0.9924165059088805,0.4133538407068864,0.9996380574701791,False,351
2009-12-15,2142,2100,2184,block_2_3,0.67004034868012,True,0.26189452020617937,0.5449525268675043,,0.0,1.0,0.67004034868012,0.9996380574701791,False,351
2009-12-15,2142,2100,2184,block_4_6,-0.10647677063432051,False,0.5042174905793956,1.0165068860691422,0.03312358139262834,0.0010971716442739199,0.9989028283557261,-0.10528504211465363,0.9996380574701791,False,351
2009-12-15,2142,2100,2184,top_3,0.6621188380149771,True,0.2643589785693407,0.5463249611091368,-0.009264884711029667,8.583808870865628e-05,0.9999141619112913,0.6622885950673162,0.9996380574701791,False,351
2009-12-15,2142,2100,2184,top_6,-0.29588928786133367,False,0.4958941188591193,0.9187734071720384,-0.0043418790413431935,1.8851913609618798e-05,0.9999811480863904,-0.2958724783418537,0.9996380574701791,False,351
2009-12-15,2142,2100,2184,flag_nested,0.08283518911465783,True,0.25823420693007737,0.49348043818504755,-0.012221168824092195,0.00014935696742679472,0.9998506430325732,0.08302804886674914,0.9996380574701791,False,351
2010-01-06,2156,2114,2198,market_1,0.36033684742770294,True,0.05104491751344378,0.04870488683510495,-0.0817210925035756,0.006678336959977993,0.993321663040022,0.37273610427486786,0.9997010039971045,False,351
2010-01-06,2156,2114,2198,block_2_3,0.7436618690819136,True,0.37527558638436254,0.4142305450102268,0.01958251550258593,0.00038347491340906537,0.9996165250865909,0.743902510505233,0.9997010039971045,False,351
2010-01-06,2156,2114,2198,block_4_6,0.3933294055475872,True,0.5220114434800305,0.7215931489392345,0.02100577666022986,0.00044124265309941624,0.9995587573469006,0.3936248131212386,0.9997010039971045,False,351
2010-01-06,2156,2114,2198,top_3,0.7359005965518923,True,0.37706763518626046,0.4163367861317577,-0.009556694288286397,9.133040571995821e-05,0.99990866959428,0.7361372905859749,0.9997010039971045,False,351
2010-01-06,2156,2114,2198,top_6,0.18279247584083785,True,0.44205995177396484,0.6654312790337614,-0.006020392835221765,3.624512989053308e-05,0.9999637548701095,0.18287556959868354,0.9997010039971045,False,351
2010-01-06,2156,2114,2198,flag_nested,0.4599022168008585,True,0.2873472073978457,0.3659928100612706,-0.013327843060998138,0.0001776314006585178,0.9998223685993415,0.4603753328185759,0.9997010039971045,False,351
2010-01-27,2170,2128,2212,market_1,0.054988456165931746,True,0.05592485340930809,0.04238727053051852,-0.06550426403346093,0.004290808606565166,0.9957091913934348,0.060721215116913,0.9996380574701791,False,350
2010-01-27,2170,2128,2212,block_2_3,0.5629511385302078,True,0.4914616222589917,0.2262228544022954,,0.0,1.0,0.5629511385302078,0.9996380574701791,False,350
2010-01-27,2170,2128,2212,block_4_6,0.3729459074490673,True,0.7326713502920024,0.4822536695235579,0.03736810609946472,0.0013963753534608214,0.9986036246465392,0.37225539346589226,0.9996380574701791,False,350
2010-01-27,2170,2128,2212,top_3,0.5578737469976298,True,0.49251861851963563,0.2296714017729657,-0.01221566915829899,0.0001492225729849972,0.999850777427015,0.5580283656293992,0.9996380574701791,False,350
2010-01-27,2170,2128,2212,top_6,0.28169905608797047,True,0.6153022313947547,0.499666499095164,-0.005788262115616674,3.3503978319138206e-05,0.9999664960216809,0.2817390169536067,0.9996380574701791,False,350
2010-01-27,2170,2128,2212,flag_nested,0.375865985065428,True,0.3835169597530772,0.24696308770100972,-0.013865238020924438,0.00019224482537683052,0.9998077551746232,0.3761278763916463,0.9996380574701791,False,350
2010-02-17,2184,2142,2226,market_1,-0.07719499469834502,False,0.057808818876712714,0.04528712671310231,0.0684638465947875,0.004687298290554587,0.9953127017094454,-0.08585884025800943,0.9996852673653731,False,350
2010-02-17,2184,2142,2226,block_2_3,0.13993400378972862,True,0.5449525268675034,0.17843345799979624,-0.013973831107847766,0.00019526795583058032,0.9998047320441694,0.14150053192793569,0.9996852673653731,False,350
2010-02-17,2184,2142,2226,block_4_6,-0.5050784089240387,False,1.0165068860691424,0.6199970919854025,-0.007526539434148551,5.664879585387528e-05,0.9999433512041461,-0.5050726476020521,0.9996852673653731,False,350
2010-02-17,2184,2142,2226,top_3,0.1439266399627619,True,0.5463249611091356,0.18182259279239538,0.017296094033745355,0.0002991548688240364,0.999700845131176,0.1437718909430087,0.9996852673653731,False,350
2010-02-17,2184,2142,2226,top_6,-0.5654620350374447,False,0.9187734071720387,0.6437555450882739,0.0051729274847354045,2.675917876249212e-05,0.9999732408212375,-0.5654998746203903,0.9996852673653731,False,350
2010-02-17,2184,2142,2226,flag_nested,-0.36185667811439787,False,0.4934804381850472,0.28660241200629916,0.013400543848684054,0.00017957457544059974,0.9998204254245594,-0.3621388812635554,0.9996852673653731,False,350
2010-03-09,2198,2156,2240,market_1,0.04624917356163194,True,0.04870488683510491,0.05036109858494611,0.08267380703453872,0.006834958369584032,0.993165041630416,0.03549671021530651,0.9996380574701791,False,351
2010-03-09,2198,2156,2240,block_2_3,0.17337680015743817,True,0.41423054501022744,0.1701890583947296,0.010837945549657457,0.00011746106373733411,0.9998825389362627,0.17305484673030985,0.9996380574701791,False,351
2010-03-09,2198,2156,2240,block_4_6,-0.3940263110139711,False,0.7215931489392345,0.7588626850662912,-0.00034087797236989343,1.1619779205496172e-07,0.999999883802208,-0.39409619475577545,0.9996380574701791,False,351
2010-03-09,2198,2156,2240,top_3,0.17458419981791368,True,0.4163367861317587,0.1740920654359601,0.023107514573157024,0.0005339572297486939,0.9994660427702513,0.17429986258360533,0.9996380574701791,False,351
2010-03-09,2198,2156,2240,top_6,-0.457054298253374,False,0.6654312790337616,0.7743241405417205,0.00550596543516123,3.0315655373258643e-05,0.9999696843446267,-0.45712229127432125,0.9996380574701791,False,351
2010-03-09,2198,2156,2240,flag_nested,-0.2843664348602667,False,0.365992810061271,0.33551239684629813,0.015124790661796344,0.00022875929256338523,0.9997712407074366,-0.284789301863469,0.9996380574701791,False,351
2010-03-29,2212,2170,2254,market_1,0.2233620155484802,True,0.04238727053051854,0.04155675466572435,-0.011132378532514203,0.00012392985179110472,0.9998760701482089,0.22973856673477583,0.9995279010480597,False,351
2010-03-29,2212,2170,2254,block_2_3,0.2769514215929531,True,0.22622285440229536,0.17383103297156172,0.036962419393012216,0.0013662204473849915,0.998633779552615,0.2768018440217883,0.9995279010480597,False,351
2010-03-29,2212,2170,2254,block_4_6,0.26460701150175464,True,0.48225366952355786,1.032977042015312,0.0022418020170218863,5.025676283798575e-06,0.9999949743237162,0.26461000514012883,0.9995279010480597,False,351
2010-03-29,2212,2170,2254,top_3,0.27363237809469165,True,0.22967140177296558,0.17805628855452701,-0.003817298780085629,1.4571769976434723e-05,0.9999854282300236,0.27393843783006916,0.9995279010480597,False,351
2010-03-29,2212,2170,2254,top_6,0.2354562931633634,True,0.4996664990951638,1.0413943274171251,-0.0001632474303855375,2.6649723539051706e-08,0.9999999733502765,0.23548725477798857,0.9995279010480597,False,351
2010-03-29,2212,2170,2254,flag_nested,0.22618982767430398,True,0.24696308770100964,0.43936924716277,-0.0013335597453819968,1.7783815945415782e-06,0.9999982216184055,0.22642426740655427,0.9995279010480597,False,351
2010-04-19,2226,2184,2268,market_1,0.054704952279863585,True,0.045287126713102324,0.041743039063740606,-0.05575212697602615,0.003108299662351044,0.996891700337649,0.07035332287178549,0.9992131684134328,False,352
2010-04-19,2226,2184,2268,block_2_3,0.12102268570969564,True,0.17843345799979654,0.22987354787892694,0.029990635872056276,0.0008994382400102641,0.9991005617599897,0.12092756429138417,0.9992131684134328,False,352
2010-04-19,2226,2184,2268,block_4_6,-0.6423586320270698,False,0.6199970919854025,1.0848668403347916,-0.0010036683123670414,1.0073500810170444e-06,0.999998992649919,-0.6423588614072683,0.9992131684134328,False,352
2010-04-19,2226,2184,2268,top_3,0.1263574845961611,True,0.18182259279239565,0.2332176535679986,-0.009903691946279648,9.808311416670268e-05,0.9999019168858333,0.12717459932546715,0.9992131684134328,False,352
2010-04-19,2226,2184,2268,top_6,-0.6203334949752735,False,0.6437555450882739,1.0826543325449094,-0.00248860024673494,6.193131188103607e-06,0.9999938068688119,-0.6203827385806373,0.9992131684134328,False,352
2010-04-19,2226,2184,2268,flag_nested,-0.5277333746466019,False,0.28660241200629916,0.46392819837978005,-0.00624107870960692,3.895106345974675e-05,0.9999610489365403,-0.5280261223394133,0.9992131684134328,False,352
2010-05-07,2240,2198,2282,market_1,-0.03281774143629259,False,0.05036109858494614,0.03968904733972332,-0.05252336652902357,0.002758704031542103,0.9972412959684579,-0.020771981659814916,0.9989456456739999,False,349
2010-05-07,2240,2198,2282,block_2_3,0.13334142230310336,True,0.1701890583947294,0.24836912895147403,,0.0,1.0,0.13334142230310336,0.9989456456739999,False,349
2010-05-07,2240,2198,2282,block_4_6,0.7527274547481096,True,0.7588626850662906,1.4491090391583525,-0.008663793074212337,7.506131043255593e-05,0.9999249386895674,0.7528091365824982,0.9989456456739999,False,349
2010-05-07,2240,2198,2282,top_3,0.1391201944718769,True,0.17409206543596,0.2510580652276285,-0.00817211956404138,6.678353816924609e-05,0.9999332164618308,0.14001668262263708,0.9989456456739999,False,349
2010-05-07,2240,2198,2282,top_6,0.7373452754343987,True,0.7743241405417206,1.4479154168075554,-0.0011188795365355683,1.2518914175307927e-06,0.9999987481085825,0.7374516480446371,0.9989456456739999,False,349
2010-05-07,2240,2198,2282,flag_nested,0.6828839810163739,True,0.33551239684629813,0.609914021445248,-0.004067706194897004,1.6546233688297107e-05,0.9999834537663117,0.6837367563521016,0.9989456456739999,False,349
2010-05-27,2254,2212,2296,market_1,0.15837912820542996,True,0.04155675466572428,0.03632968106964995,-0.07183477464596862,0.005160234848437195,0.9948397651515628,0.1743590790896381,0.9990715387278507,False,350
2010-05-27,2254,2212,2296,block_2_3,0.19056990198165577,True,0.1738310329715618,0.30296694581601114,,0.0,1.0,0.19056990198165577,0.9990715387278507,False,350
2010-05-27,2254,2212,2296,block_4_6,-0.02062591870427896,False,1.0329770420153108,0.48518199764986175,-0.013600710945690745,0.00018497933822836377,0.9998150206617716,-0.02073244698733222,0.9990715387278507,False,350
2010-05-27,2254,2212,2296,top_3,0.19051753547645947,True,0.17805628855452715,0.3050864557738531,-0.008633593249238927,7.453893239317555e-05,0.9999254610676068,0.19104725615038212,0.9990715387278507,False,350
2010-05-27,2254,2212,2296,top_6,-0.0416989671078916,False,1.041394327417125,0.4436340164631386,-0.005902103646758365,3.483482745714195e-05,0.9999651651725429,-0.04165811124661908,0.9990715387278507,False,350
2010-05-27,2254,2212,2296,flag_nested,0.0042632928381139,True,0.4393692471627699,0.2552403135335579,-0.012553019919692944,0.00015757830910412274,0.9998424216908959,0.004523555328087243,0.9990715387278507,False,350
2010-06-17,2268,2226,2310,market_1,0.09378115656942694,True,0.041743039063740564,0.03963143955556265,-0.06507026434694446,0.004234139302181084,0.9957658606978189,0.09909431228931206,0.9992446416768955,False,351
2010-06-17,2268,2226,2310,block_2_3,0.5043710540846079,True,0.22987354787892686,0.2505018486979262,-0.015272164759923752,0.0002332390164543341,0.9997667609835457,0.5054573654878209,0.9992446416768955,False,351
2010-06-17,2268,2226,2310,block_4_6,0.2345949374449992,True,1.0848668403347907,0.46872412161829957,-0.006299172934567475,3.967957965955726e-05,0.9999603204203404,0.2345240489419361,0.9992446416768955,False,351
2010-06-17,2268,2226,2310,top_3,0.49863119012010154,True,0.23321765356799853,0.25295013914524905,-0.010283607691531627,0.00010575258715328495,0.9998942474128467,0.4988278218310944,0.9992446416768955,False,351
2010-06-17,2268,2226,2310,top_6,0.18200615658351826,True,1.0826543325449096,0.4607555957183501,-0.006014801702365991,3.617783951892495e-05,0.9999638221604811,0.1820268478306774,0.9992446416768955,False,351
2010-06-17,2268,2226,2310,flag_nested,0.22403964151113817,True,0.4639281983797801,0.24141498530554212,-0.013216657703902863,0.00017468004086207412,0.9998253199591379,0.22417314946187508,0.9992446416768955,False,351
2010-07-08,2282,2240,2324,market_1,0.0314996157937821,True,0.0396890473397233,0.042275157570730845,-0.051381034210054785,0.002640010676494775,0.9973599893235052,0.03156268095247267,0.9991659585182388,False,350
2010-07-08,2282,2240,2324,block_2_3,0.5895568121980871,True,0.2483691289514739,0.3177416210703359,0.019430806113676615,0.00037755622622726026,0.9996224437737727,0.5894701799868485,0.9991659585182388,False,350
2010-07-08,2282,2240,2324,block_4_6,0.486646070558336,True,1.4491090391583537,0.6283340982638305,0.01687799099333723,0.0002848665799710659,0.9997151334200289,0.4864225912351329,0.9991659585182388,False,350
2010-07-08,2282,2240,2324,top_3,0.5819273136018674,True,0.25105806522762825,0.3202323496437663,-0.006602716344121805,4.359586312097097e-05,0.999956404136879,0.581939861594015,0.9991659585182388,False,350
2010-07-08,2282,2240,2324,top_6,0.472870181960025,True,1.4479154168075576,0.5975020000391166,-0.0034711407636050504,1.2048818200716127e-05,0.9999879511817993,0.47287312613604143,0.9991659585182388,False,350
2010-07-08,2282,2240,2324,flag_nested,0.4448322042347573,True,0.6099140214452486,0.3089847054610902,-0.008515822575318728,7.251923413420513e-05,0.9999274807658658,0.4448485785630222,0.9991659585182388,False,350
2010-07-28,2296,2254,2338,market_1,0.07022349157981654,True,0.03632968106964999,0.049169152872297284,0.032366688942731724,0.0010476025531155342,0.9989523974468845,0.0677968659091521,0.9992918515720896,False,352
2010-07-28,2296,2254,2338,block_2_3,0.5906327082992782,True,0.302966945816011,0.32325429556888874,-0.01179320399987649,0.00013907966058257504,0.9998609203394174,0.5905653432268388,0.9992918515720896,False,352
2010-07-28,2296,2254,2338,block_4_6,0.3322770278815141,True,0.4851819976498613,0.47344570418294823,0.004056731779353272,1.6457072729680888e-05,0.9999835429272703,0.3324201527830862,0.9992918515720896,False,352
2010-07-28,2296,2254,2338,top_3,0.5808794100204998,True,0.3050864557738531,0.3268909986040318,0.0054131525362467485,2.9302220380666988e-05,0.9999706977796193,0.5808630470321228,0.9992918515720896,False,352
2010-07-28,2296,2254,2338,top_6,0.10304027099610522,True,0.4436340164631385,0.4318500388212065,0.0027282088911400357,7.443123753891889e-06,0.9999925568762461,0.10302391501974127,0.9992918515720896,False,352
2010-07-28,2296,2254,2338,flag_nested,0.33866721007068074,True,0.25524031353355786,0.2629054137681573,0.007384341904026329,5.452850535569986e-05,0.9999454714946443,0.3386043556961669,0.9992918515720896,False,352
2010-08-17,2310,2268,2352,market_1,0.09106533866792756,True,0.03963143955556267,0.047542774134762114,0.054245439182482286,0.002942567672100438,0.9970574323278996,0.08532704820634399,0.9991974317817014,False,351
2010-08-17,2310,2268,2352,block_2_3,0.3537826624451831,True,0.25050184869792597,0.3088935071297208,0.003816366140320542,1.4564650517190358e-05,0.9999854353494828,0.35393128668378404,0.9991974317817014,False,351
2010-08-17,2310,2268,2352,block_4_6,0.12814054663069668,True,0.46872412161829974,0.462586577659687,-0.011981116051185375,0.0001435471418318457,0.9998564528581682,0.1281645892058192,0.9991974317817014,False,351
2010-08-17,2310,2268,2352,top_3,0.3519545449818793,True,0.2529501391452487,0.31220016744374585,0.007935167295612106,6.29668800092853e-05,0.9999370331199907,0.3518780152958339,0.9991974317817014,False,351
2010-08-17,2310,2268,2352,top_6,0.026677763001817706,True,0.4607555957183502,0.44349140848086605,0.00514559744731869,2.6477173089900496e-05,0.9999735228269101,0.026625233788177258,0.9991974317817014,False,351
2010-08-17,2310,2268,2352,flag_nested,0.16489627043772287,True,0.24141498530554206,0.25986676417436244,0.011893034704956411,0.00014144427449336305,0.9998585557255066,0.1646680021264352,0.9991974317817014,False,351
2010-09-07,2324,2282,2366,market_1,0.18062277355409662,True,0.04227515757073084,0.04151238503954038,0.09110214282134092,0.00829960042664013,0.9917003995733599,0.17381508651913435,0.9992289050451642,False,351
2010-09-07,2324,2282,2366,block_2_3,0.3575742496776922,True,0.31774162107033616,0.27550153352351703,0.014538991976984645,0.00021138228770689604,0.9997886177122931,0.3576485563411629,0.9992289050451642,False,351
2010-09-07,2324,2282,2366,block_4_6,0.09827276525637174,True,0.6283340982638297,0.49633350300213014,-0.024355827776580446,0.0005932063466823623,0.9994067936533176,0.0988620846528917,0.9992289050451642,False,351
2010-09-07,2324,2282,2366,top_3,0.3553316673067321,True,0.32023234964376657,0.27854872323146307,0.01365091445966746,0.00018634746558510162,0.9998136525344149,0.3552288183144891,0.9992289050451642,False,351
2010-09-07,2324,2282,2366,top_6,0.013668047883667649,True,0.5975020000391159,0.5233017611781615,0.006885974098303539,4.741663928242712e-05,0.9999525833607176,0.01362784527433693,0.9992289050451642,False,351
2010-09-07,2324,2282,2366,flag_nested,0.13866868160815052,True,0.3089847054610901,0.27060524272759023,0.01704754737685534,0.0002906188715658953,0.9997093811284341,0.13844898325643276,0.9992289050451642,False,351
2010-09-27,2338,2296,2380,market_1,0.23291958717254316,True,0.04916915287229731,0.03718913340250533,0.04521284793288938,0.0020442016182027345,0.9979557983817973,0.2288392990649758,0.9992918515720896,False,348
2010-09-27,2338,2296,2380,block_2_3,0.11077825816917355,True,0.3232542955688891,0.2346501200164106,0.0076922226468782275,5.9170289249177443e-05,0.9999408297107508,0.11078264618632391,0.9992918515720896,False,348
2010-09-27,2338,2296,2380,block_4_6,0.29509803396733286,True,0.473445704182948,0.5162979975664952,,0.0,1.0,0.29509803396733286,0.9992918515720896,False,348
2010-09-27,2338,2296,2380,top_3,0.11434669657827463,True,0.32689099860403226,0.2373726245798731,0.0068388870695033945,4.677037634936987e-05,0.9999532296236506,0.1142159613177514,0.9992918515720896,False,348
2010-09-27,2338,2296,2380,top_6,0.2728736805205134,True,0.43185003882120643,0.5523829513333953,0.002943633337184097,8.664977223737935e-06,0.9999913350227763,0.27286706786576254,0.9992918515720896,False,348
2010-09-27,2338,2296,2380,flag_nested,0.20313646802802793,True,0.2629054137681574,0.2664947280851421,0.007639838204668354,5.8367127793390594e-05,0.9999416328722066,0.2029986827665013,0.9992918515720896,False,348
2010-10-15,2352,2310,2394,market_1,0.17726087783234543,True,0.04754277413476214,0.03845448447970526,-0.024212495206622706,0.0005862449241307299,0.9994137550758693,0.18282719643418804,0.9993547980990148,False,350
2010-10-15,2352,2310,2394,block_2_3,0.2791424841446137,True,0.30889350712972097,0.3518380854516619,0.00012100465416142717,1.4642126289210466e-08,0.9999999853578737,0.2791454006866039,0.9993547980990148,False,350
2010-10-15,2352,2310,2394,block_4_6,0.3153661103260269,True,0.46258657765968686,0.5926902421545887,-0.010792463975764173,0.00011647727866814783,0.9998835227213319,0.31522299823624156,0.9993547980990148,False,350
2010-10-15,2352,2310,2394,top_3,0.27842360779410114,True,0.31220016744374596,0.35385617320228563,-0.0030296453085077776,9.178750695504334e-06,0.9999908212493045,0.2785654385748671,0.9993547980990148,False,350
2010-10-15,2352,2310,2394,top_6,0.25992420229453833,True,0.4434914084808656,0.573386494348863,-0.001861877624517216,3.4665882887585653e-06,0.9999965334117112,0.2599861698413696,0.9993547980990148,False,350
2010-10-15,2352,2310,2394,flag_nested,0.2654134627090519,True,0.2598667641743624,0.3130689324488592,-0.003824278363305332,1.4625105000054539e-05,0.999985374895,0.2656855952259221,0.9993547980990148,False,350
2010-11-04,2366,2324,2408,market_1,0.1882081368729862,True,0.0415123850395404,0.03770195081954265,-0.08320238336991666,0.006922636598434395,0.9930773634015656,0.21158395595322116,0.9993390614672836,False,350
2010-11-04,2366,2324,2408,block_2_3,-0.04119762592321934,False,0.2755015335235174,0.350229562211272,-0.0030283513113366807,9.170911664746484e-06,0.9999908290883353,-0.04122382518694155,0.9993390614672836,False,350
2010-11-04,2366,2324,2408,block_4_6,0.19648602817092142,True,0.49633350300212986,0.5655300701062949,-0.013013047930074382,0.00016933941643038075,0.9998306605835696,0.1965273529351378,0.9993390614672836,False,350
2010-11-04,2366,2324,2408,top_3,-0.03709976451299291,False,0.2785487232314634,0.3521727830989214,-0.009224746571543369,8.509594930938835e-05,0.9999149040506906,-0.03682564637994527,0.9993390614672836,False,350
2010-11-04,2366,2324,2408,top_6,0.1948280701723301,True,0.5233017611781617,0.5519228043164084,-0.005928081951110063,3.51421556190612e-05,0.9999648578443809,0.19495830850938048,0.9993390614672836,False,350
2010-11-04,2366,2324,2408,flag_nested,0.1022222128269337,True,0.27060524272759046,0.30583185543948915,-0.012721640212184956,0.00016184012968833983,0.9998381598703117,0.10282359579645352,0.9993390614672836,False,350
2010-11-24,2380,2338,2422,market_1,0.16761486030837236,True,0.03718913340250529,0.03686438690628667,-0.04287231106351741,0.0018380350559270564,0.9981619649440729,0.1740035594126666,0.999449217889403,False,348
2010-11-24,2380,2338,2422,block_2_3,-0.07971730548861242,False,0.2346501200164102,0.327025515379435,0.001821211469873841,3.316811218123661e-06,0.9999966831887819,-0.07975172943796255,0.999449217889403,False,348
2010-11-24,2380,2338,2422,block_4_6,0.21099588473161682,True,0.5162979975664952,0.5106403285413178,-0.010664281886159756,0.0001137269081473713,0.9998862730918526,0.21102989872648015,0.999449217889403,False,348
2010-11-24,2380,2338,2422,top_3,-0.0747239543321435,False,0.23737262457987268,0.32904956469773045,-0.00502487047990756,2.5249323339915364e-05,0.9999747506766601,-0.07464581533868755,0.999449217889403,False,348
2010-11-24,2380,2338,2422,top_6,0.25972957349186115,True,0.5523829513333948,0.5060255792252705,-0.0029432386426487293,8.662653707580681e-06,0.9999913373462924,0.25976121387551787,0.999449217889403,False,348
2010-11-24,2380,2338,2422,flag_nested,0.13765615099105416,True,0.2664947280851418,0.28306742925130657,-0.006864557816647938,4.712215401780906e-05,0.9999528778459822,0.13782384229518138,0.999449217889403,False,348
2010-12-15,2394,2352,2436,market_1,0.21593235410996733,True,0.03845448447970525,0.03590495135578524,-0.09178379777985125,0.008424265534892728,0.9915757344651073,0.2399399568634479,0.9993705347307462,False,350
2010-12-15,2394,2352,2436,block_2_3,-0.1252953152893636,False,0.35183808545166195,0.25273027683439736,,0.0,1.0,-0.1252953152893636,0.9993705347307462,False,350
2010-12-15,2394,2352,2436,block_4_6,0.12503560355022927,True,0.5926902421545888,0.5534728848618891,0.010143573873578688,0.00010289209092873008,0.9998971079090713,0.1250397700428035,0.9993705347307462,False,350
2010-12-15,2394,2352,2436,top_3,-0.12014807407735252,False,0.3538561732022856,0.25525917763678013,-0.012866772839832959,0.00016555384331173872,0.9998344461566883,-0.119908199330829,0.9993705347307462,False,350
2010-12-15,2394,2352,2436,top_6,0.15830391703599794,True,0.5733864943488635,0.591803337391938,-0.005728853516967966,3.281976261881869e-05,0.9999671802373812,0.15838433041698904,0.9993705347307462,False,350
2010-12-15,2394,2352,2436,flag_nested,0.06307943092814318,True,0.3130689324488593,0.2852719985309384,-0.014182931416451742,0.0002011555435638135,0.9997988444564362,0.06353151477821276,0.9993705347307462,False,350
2011-01-05,2408,2366,2450,market_1,0.17894682355516303,True,0.037701950819542626,0.041235771371787994,-0.10482551641733914,0.010988388892161804,0.9890116111078382,0.19494736920544808,0.9992761149403582,False,348
2011-01-05,2408,2366,2450,block_2_3,-0.32144783078562295,False,0.350229562211272,0.22345857561909038,,0.0,1.0,-0.32144783078562295,0.9992761149403582,False,348
2011-01-05,2408,2366,2450,block_4_6,0.07886362744779456,True,0.5655300701062952,0.4345151738085944,0.013136301763533854,0.0001725624240224155,0.9998274375759776,0.07883356219603016,0.9992761149403582,False,348
2011-01-05,2408,2366,2450,top_3,-0.31066034604131265,False,0.35217278309892125,0.22715579217616697,-0.01908646533944836,0.00036429315915420535,0.9996357068408458,-0.3104836897227216,0.9992761149403582,False,348
2011-01-05,2408,2366,2450,top_6,0.2432952300156459,True,0.5519228043164087,0.44736298378598005,-0.009892823606086126,9.786795890120992e-05,0.9999021320410988,0.24340014251948824,0.9992761149403582,False,348
2011-01-05,2408,2366,2450,flag_nested,0.028695053596406412,True,0.3058318554394892,0.2285955234849016,-0.023235784299090085,0.0005399016719938032,0.9994600983280062,0.029154879702112817,0.9992761149403582,False,348
2011-01-26,2422,2380,2464,market_1,0.11105108254239267,True,0.036864386906286656,0.04695435458660328,-0.1310464537790153,0.017173173048055657,0.9828268269519443,0.13644836845746383,0.9991344852547761,False,349
2011-01-26,2422,2380,2464,block_2_3,-0.3597501279390495,False,0.3270255153794347,0.2452564607625307,,0.0,1.0,-0.3597501279390495,0.9991344852547761,False,349
2011-01-26,2422,2380,2464,block_4_6,-0.09810638856588338,False,0.5106403285413179,0.43965357154035184,0.012741905174349432,0.00016235614747206473,0.9998376438525279,-0.09840471122222563,0.9991344852547761,False,349
2011-01-26,2422,2380,2464,top_3,-0.3483862798228077,False,0.3290495646977301,0.249485359811913,-0.02482465602947579,0.0006162635469818545,0.9993837364530181,-0.34808269203330705,0.9991344852547761,False,349
2011-01-26,2422,2380,2464,top_6,0.049225003390092115,True,0.5060255792252704,0.4436374837738855,-0.014702205425599319,0.0002161548443765371,0.9997838451556235,0.04940844043645394,0.9991344852547761,False,349
2011-01-26,2422,2380,2464,flag_nested,-0.11220032612308181,False,0.2830674292513064,0.2361243934236256,-0.0321744905398508,0.0010351978414989693,0.998964802158501,-0.11143007959421666,0.9991344852547761,False,349
2011-02-15,2436,2394,2478,market_1,0.18422612971898536,True,0.03590495135578524,0.04792901725215002,-0.04672821800859454,0.0021835263582588027,0.9978164736417412,0.1882408526773239,0.9989613823057313,False,348
2011-02-15,2436,2394,2478,block_2_3,0.004080984589330271,True,0.25273027683439714,0.2507044174785348,,0.0,1.0,0.004080984589330271,0.9989613823057313,False,348
2011-02-15,2436,2394,2478,block_4_6,-0.46585727080154304,False,0.5534728848618886,0.7013813737403363,0.011979567520432402,0.00014351003797674622,0.9998564899620233,-0.4660289371952369,0.9989613823057313,False,348
2011-02-15,2436,2394,2478,top_3,0.008684323827953425,True,0.25525917763677997,0.2548538264044814,-0.008423692180607619,7.095858995354032e-05,0.9999290414100465,0.008769440347757241,0.9989613823057313,False,348
2011-02-15,2436,2394,2478,top_6,-0.439207668570283,False,0.5918033373919374,0.7010177975598739,-0.0025583342839211047,6.545074308195176e-06,0.9999934549256918,-0.43920212265030134,0.9989613823057313,False,348
2011-02-15,2436,2394,2478,flag_nested,-0.32175805741171076,False,0.28527199853093815,0.3253485419080715,-0.00816687902858703,6.669791306779249e-05,0.9999333020869322,-0.32169842882897376,0.9989613823057313,False,348
2011-03-08,2450,2408,2492,market_1,0.14058551795219484,True,0.041235771371787994,0.0464904214224921,-0.03194835441976962,0.0010206973501311056,0.9989793026498689,0.14285483264339152,0.9989456456739999,False,348
2011-03-08,2450,2408,2492,block_2_3,0.3405003056568706,True,0.22345857561909035,0.2616106356140448,,0.0,1.0,0.3405003056568706,0.9989456456739999,False,348
2011-03-08,2450,2408,2492,block_4_6,-0.08192184869532801,False,0.4345151738085943,0.678816743579439,0.0037009944135954122,1.3697359649511576e-05,0.9999863026403505,-0.08190045739868143,0.9989456456739999,False,348
2011-03-08,2450,2408,2492,top_3,0.3328912263885188,True,0.22715579217616683,0.26530446880080744,-0.004815939449929009,2.3193272785548835e-05,0.9999768067272145,0.33296927566880674,0.9989456456739999,False,348
2011-03-08,2450,2408,2492,top_6,-0.11016889956120968,False,0.44736298378598,0.6866956926125072,-0.0012738893423292214,1.6227940563551257e-06,0.9999983772059436,-0.11016332860700834,0.9989456456739999,False,348
2011-03-08,2450,2408,2492,flag_nested,0.01783430895223098,True,0.22859552348490156,0.3228240109533814,-0.005202737399773285,2.7068476450953227e-05,0.999972931523549,0.017906554322451636,0.9989456456739999,False,348
2011-03-28,2464,2422,2506,market_1,0.2341566884040318,True,0.04695435458660329,0.04581235772170471,-0.012186703761258182,0.0001485157485645594,0.9998514842514354,0.2346537407822812,0.9990715387278507,False,349
2011-03-28,2464,2422,2506,block_2_3,0.24250429966820763,True,0.24525646076253083,0.27294471135688814,,0.0,1.0,0.24250429966820763,0.9990715387278507,False,349
2011-03-28,2464,2422,2506,block_4_6,0.31375224317734773,True,0.43965357154035184,0.6175964513056633,0.0068183262898458335,4.64895733947035e-05,0.9999535104266053,0.3137295117331142,0.9990715387278507,False,349
2011-03-28,2464,2422,2506,top_3,0.24166290700065504,True,0.2494853598119132,0.2767131872679789,-0.0019424989674683274,3.7733022387742565e-06,0.9999962266977612,0.24167907425426766,0.9990715387278507,False,349
2011-03-28,2464,2422,2506,top_6,0.2629299190726703,True,0.4436374837738855,0.6409070641687098,-0.0007080200506366312,5.012923920411083e-07,0.999999498707608,0.2629337414407744,0.9990715387278507,False,349
2011-03-28,2464,2422,2506,flag_nested,0.2530971433084845,True,0.23612439342362565,0.30997173893692587,-0.0021417972084090673,4.587295281854864e-06,0.9999954127047181,0.2531208419417843,0.9990715387278507,False,349
2011-04-15,2478,2436,2520,market_1,0.2289038377309518,True,0.04792901725215005,0.04170454085853229,-0.16350774238290022,0.026734781819152897,0.9732652181808471,0.2549030088084663,0.998678122934567,False,348
2011-04-15,2478,2436,2520,block_2_3,0.3498040421559426,True,0.2507044174785346,0.27946543359911974,,0.0,1.0,0.3498040421559426,0.998678122934567,False,348
2011-04-15,2478,2436,2520,block_4_6,0.5410025916044706,True,0.7013813737403367,0.438999182442495,,0.0,1.0,0.5410025916044706,0.998678122934567,False,348
2011-04-15,2478,2436,2520,top_3,0.3471757864141981,True,0.2548538264044813,0.2824650870801562,-0.02419568332672374,0.0005854310916471039,0.9994145689083529,0.3479552366288149,0.998678122934567,False,348
2011-04-15,2478,2436,2520,top_6,0.45740433394587293,True,0.7010177975598745,0.4719388218179367,-0.014262591264339406,0.00020342150957364247,0.9997965784904264,0.4575914665899538,0.998678122934567,False,348
2011-04-15,2478,2436,2520,flag_nested,0.40857871757160574,True,0.3253485419080716,0.255843348798514,-0.032612859522671726,0.0010635986062454972,0.9989364013937545,0.4096451812528829,0.998678122934567,False,348
2011-05-06,2492,2450,2534,market_1,0.1374278024749965,True,0.046490421422492115,0.04607833183779217,-0.09175149245868362,0.00841833636839584,0.9915816636316042,0.15100331186535038,0.9986466496711044,False,348
2011-05-06,2492,2450,2534,block_2_3,0.17760201182612723,True,0.2616106356140447,0.258208581044647,,0.0,1.0,0.17760201182612723,0.9986466496711044,False,348
2011-05-06,2492,2450,2534,block_4_6,0.47492517650257027,True,0.6788167435794392,0.4237088774739419,,0.0,1.0,0.47492517650257027,0.9986466496711044,False,348
2011-05-06,2492,2450,2534,top_3,0.17826037108941403,True,0.2653044688008072,0.26205196027010963,-0.01586978408924469,0.0002518500470393148,0.9997481499529607,0.1786837104147003,0.9986466496711044,False,348
2011-05-06,2492,2450,2534,top_6,0.40474757919096316,True,0.6866956926125082,0.46009324647763084,-0.008831949319721453,7.800332878615812e-05,0.9999219966712138,0.4048553156602386,0.9986466496711044,False,348
2011-05-06,2492,2450,2534,flag_nested,0.324696060627418,True,0.32282401095338176,0.24554956431335215,-0.02091952444349069,0.0004376265029418791,0.9995623734970581,0.3253212830902086,0.9986466496711044,False,348
2011-05-26,2506,2464,2548,market_1,0.10505613278492987,True,0.045812357721704694,0.04337176718648588,-0.10965482708809962,0.012024181103721054,0.987975818896279,0.12737247292940418,0.9987095961980298,False,349
2011-05-26,2506,2464,2548,block_2_3,0.018303823103377505,True,0.27294471135688814,0.24926814219611898,,0.0,1.0,0.018303823103377505,0.9987095961980298,False,349
2011-05-26,2506,2464,2548,block_4_6,0.05845028274331886,True,0.6175964513056635,0.4065189105314024,,0.0,1.0,0.05845028274331886,0.9987095961980298,False,349
2011-05-26,2506,2464,2548,top_3,0.020601425430140933,True,0.27671318726797894,0.25295177280754777,-0.018701559170604662,0.0003497483154114578,0.9996502516845885,0.021171233310595325,0.9987095961980298,False,349
2011-05-26,2506,2464,2548,top_6,0.043926970375800276,True,0.6409070641687103,0.4253278688842714,-0.010440227398864391,0.00010899834814004361,0.99989100165186,0.04406755813106963,0.9987095961980298,False,349
2011-05-26,2506,2464,2548,flag_nested,0.037500307363128996,True,0.30997173893692614,0.23099771135802433,-0.025000151523391415,0.0006250075761923268,0.9993749924238077,0.03834098987741711,0.9987095961980298,False,349
2011-06-16,2520,2478,2562,market_1,0.1759932913779701,True,0.041704540858532264,0.040899181102872356,-0.18897190667888022,0.03571038151385142,0.9642896184861486,0.18359917511999357,0.9987568060932238,False,350
2011-06-16,2520,2478,2562,block_2_3,-0.23986006458035192,False,0.27946543359912,0.2917176623801097,,0.0,1.0,-0.23986006458035192,0.9987568060932238,False,350
2011-06-16,2520,2478,2562,block_4_6,-0.04385647423987253,False,0.4389991824424952,0.41851543858551926,-0.039030096211316825,0.001523348410264469,0.9984766515897355,-0.04503864223384682,0.9987568060932238,False,350
2011-06-16,2520,2478,2562,top_3,-0.23205865974604162,False,0.2824650870801565,0.29450960748604993,-0.02625526454251232,0.0006893389161973795,0.9993106610838026,-0.2320484528594389,0.9987568060932238,False,350
2011-06-16,2520,2478,2562,top_6,0.037413400658492704,True,0.4719388218179367,0.39898775075955134,-0.01876017036801862,0.00035194399223725803,0.9996480560077627,0.03745727119779909,0.9987568060932238,False,350
2011-06-16,2520,2478,2562,flag_nested,-0.08112875612028031,False,0.2558433487985141,0.23899076033348152,-0.039472765757782025,0.0015580992365689106,0.9984419007634311,-0.08101347430360624,0.9987568060932238,False,350
2011-07-07,2534,2492,2576,market_1,0.12439361059742125,True,0.04607833183779216,0.04111919764540397,-0.24584836801629223,0.060441420056274286,0.9395585799437257,0.14554109852282854,0.9985994397759104,False,349
2011-07-07,2534,2492,2576,block_2_3,0.11529588137799504,True,0.25820858104464733,0.36182252914247875,,0.0,1.0,0.11529588137799504,0.9985994397759104,False,349
2011-07-07,2534,2492,2576,block_4_6,-0.019549203692894587,False,0.4237088774739423,0.4679057788961597,,0.0,1.0,-0.019549203692894587,0.9985994397759104,False,349
2011-07-07,2534,2492,2576,top_3,0.1152557351421154,True,0.26205196027010985,0.36410185839219444,-0.027750747304988433,0.0007701039759853145,0.9992298960240147,0.1156351488425545,0.9985994397759104,False,349
2011-07-07,2534,2492,2576,top_6,-0.062270485845629234,False,0.4600932464776312,0.4054580513206226,-0.025212940099501136,0.0006356923484608368,0.9993643076515392,-0.06213261392298478,0.9985994397759104,False,349
2011-07-07,2534,2492,2576,flag_nested,0.029565750046248954,True,0.24554956431335231,0.27070318568499424,-0.045788778772709864,0.0020966122614961558,0.9979033877385038,0.030298326292357357,0.9985994397759104,False,349
2011-07-27,2548,2506,2590,market_1,0.1905081669944855,True,0.0433717671864859,0.0405410584632128,-0.17957460306276102,0.03224703806514839,0.9677529619348516,0.20294960762350323,0.9987725427249552,False,349
2011-07-27,2548,2506,2590,block_2_3,-0.043023599797724875,False,0.24926814219611892,0.4946493516958306,,0.0,1.0,-0.043023599797724875,0.9987725427249552,False,349
2011-07-27,2548,2506,2590,block_4_6,-0.0003248135269522361,False,0.4065189105314021,0.5742232827226491,-0.015956789667848893,0.00025461913650393075,0.9997453808634961,-0.0010795045556771777,0.9987725427249552,False,349
2011-07-27,2548,2506,2590,top_3,-0.03940544848353273,False,0.2529517728075475,0.4962545453049786,-0.014625799641651048,0.00021391401515780117,0.9997860859848422,-0.03929018192034542,0.9987725427249552,False,349
2011-07-27,2548,2506,2590,top_6,0.07313259136034266,True,0.4253278688842711,0.405942604192571,-0.017362228302127757,0.00030144697161538225,0.9996985530283846,0.07322705359481411,0.9987725427249552,False,349
2011-07-27,2548,2506,2590,flag_nested,0.010264126016660248,True,0.23099771135802422,0.33346364367005443,-0.02662582707965167,0.0007089346676755204,0.9992910653323245,0.010568063525649764,0.9987725427249552,False,349
2011-08-16,2562,2520,2604,market_1,0.3156443952039777,True,0.040899181102872384,0.040333064024796965,-0.11090930023026488,0.012300872877567204,0.9876991271224328,0.31885708598171075,0.9992446416768955,False,349
2011-08-16,2562,2520,2604,block_2_3,0.3711890846794795,True,0.2917176623801097,0.3471068365785818,,0.0,1.0,0.3711890846794795,0.9992446416768955,False,349
2011-08-16,2562,2520,2604,block_4_6,0.21824244974352147,True,0.4185154385855189,0.480790542891794,0.030884714923240898,0.0009538656158900594,0.9990461343841099,0.21787716409669527,0.9992446416768955,False,349
2011-08-16,2562,2520,2604,top_3,0.3705870077643521,True,0.29450960748604993,0.3494061039224204,-0.012882371035555236,0.00016595548349773726,0.9998340445165023,0.3706391946072983,0.9992446416768955,False,349
2011-08-16,2562,2520,2604,top_6,0.09018996324067063,True,0.39898775075955106,0.43097802460251533,-0.010211093359340569,0.00010426642759309157,0.9998957335724069,0.09019982701666777,0.9992446416768955,False,349
2011-08-16,2562,2520,2604,flag_nested,0.24448637604200826,True,0.23899076033348138,0.27070027857655504,-0.020230407325963897,0.00040926938057461726,0.9995907306194254,0.2445816240406165,0.9992446416768955,False,349
2011-09-06,2576,2534,2618,market_1,0.25604636164690053,True,0.041119197645403976,0.03940496651169127,-0.10973831366533437,0.012042497486111303,0.9879575025138887,0.2555196742590239,0.9992446416768955,False,350
2011-09-06,2576,2534,2618,block_2_3,0.4693470500304509,True,0.3618225291424779,0.3408834152920862,,0.0,1.0,0.4693470500304509,0.9992446416768955,False,350
2011-09-06,2576,2534,2618,block_4_6,0.33644027430229584,True,0.4679057788961594,0.498534999667667,6.114412069113696e-06,3.738598319813491e-11,0.999999999962614,0.3365146429583839,0.9992446416768955,False,350
2011-09-06,2576,2534,2618,top_3,0.46723186993971233,True,0.3641018583921937,0.3430294275178094,-0.012633983443602989,0.00015961753765314501,0.9998403824623469,0.46724483117917176,0.9992446416768955,False,350
2011-09-06,2576,2534,2618,top_6,0.19716794654095948,True,0.4054580513206223,0.4897165797878819,-0.009770362913592973,9.545999146320927e-05,0.9999045400085368,0.19716085824545085,0.9992446416768955,False,350
2011-09-06,2576,2534,2618,flag_nested,0.3430958849202863,True,0.2707031856849938,0.28415876229092374,-0.018867460631491407,0.0003559810706809108,0.9996440189293191,0.3430934629382632,0.9992446416768955,False,350
2011-09-26,2590,2548,2632,market_1,0.23614284422633217,True,0.040541058463212785,0.03978332187772465,-0.030564982541132924,0.0009342181577396413,0.9990657818422604,0.2351246938110009,0.9991974317817014,False,351
2011-09-26,2590,2548,2632,block_2_3,0.19315992205389748,True,0.49464935169583035,0.26061641029993093,,0.0,1.0,0.19315992205389748,0.9991974317817014,False,351
2011-09-26,2590,2548,2632,block_4_6,0.10489413953369642,True,0.5742232827226491,0.3433828115218081,0.012490537507595541,0.00015601352722882655,0.9998439864727712,0.10480446773655021,0.9991974317817014,False,351
2011-09-26,2590,2548,2632,top_3,0.1938418257229748,True,0.4962545453049787,0.2631348129527632,-0.005010377696305947,2.5103884659594122e-05,0.9999748961153404,0.19382726709610096,0.9991974317817014,False,351
2011-09-26,2590,2548,2632,top_6,0.18051787487163212,True,0.40594260419257083,0.41085135435569997,-0.0035161490555107823,1.23633041808624e-05,0.9999876366958191,0.1805044375969849,0.9991974317817014,False,351
2011-09-26,2590,2548,2632,flag_nested,0.18057862565213645,True,0.3334636436700545,0.22977342867451123,-0.006738141974262057,4.54025572654837e-05,0.9999545974427345,0.18054175017223292,0.9991974317817014,False,351
2011-10-14,2604,2562,2646,market_1,0.2587627531061537,True,0.040333064024796965,0.03601754999775905,-0.08100141849900423,0.006561229798850654,0.9934387702011493,0.2635832976867295,0.9991974317817014,False,350
2011-10-14,2604,2562,2646,block_2_3,0.20969134061926742,True,0.34710683657858216,0.2519125216078134,,0.0,1.0,0.20969134061926742,0.9991974317817014,False,350
2011-10-14,2604,2562,2646,block_4_6,-0.11898478799592663,False,0.480790542891794,0.396169012416487,-0.014001938957589203,0.0001960542945720345,0.999803945705428,-0.11903633944178252,0.9991974317817014,False,350
2011-10-14,2604,2562,2646,top_3,0.21028420352203867,True,0.34940610392242083,0.2543671987652063,-0.011471118998000851,0.00013158657106659977,0.9998684134289334,0.2103605110802652,0.9991974317817014,False,350
2011-10-14,2604,2562,2646,top_6,-0.07663339675921968,False,0.4309780246025151,0.44814268033760923,-0.006547157112815352,4.286526625985054e-05,0.9999571347337401,-0.07660984420659314,0.9991974317817014,False,350
2011-10-14,2604,2562,2646,flag_nested,0.06441727620361891,True,0.27070027857655515,0.23735374057951947,-0.01506412673525332,0.00022692791429579362,0.9997730720857042,0.0645504588164778,0.9991974317817014,False,350
2011-11-03,2618,2576,2660,market_1,0.21233979549161489,True,0.03940496651169126,0.03856364522996803,-0.06159123781952879,0.0037934805761419277,0.9962065194238581,0.21632145217666754,0.9991344852547761,False,351
2011-11-03,2618,2576,2660,block_2_3,0.163806488860807,True,0.3408834152920867,0.2906042695818134,,0.0,1.0,0.163806488860807,0.9991344852547761,False,351
2011-11-03,2618,2576,2660,block_4_6,-0.032813341512652354,False,0.4985349996676668,0.46624393791655344,0.0030481395817720555,9.29115490988508e-06,0.9999907088450901,-0.03287220753092071,0.9991344852547761,False,351
2011-11-03,2618,2576,2660,top_3,0.16540551882117654,True,0.3430294275178097,0.29288885537085113,-0.007969421706170886,6.351168233065252e-05,0.9999364883176693,0.16546200716642254,0.9991344852547761,False,351
2011-11-03,2618,2576,2660,top_6,-0.03452905529408999,False,0.48971657978788213,0.4962780202073059,-0.005208145089534148,2.7124775273668078e-05,0.9999728752247263,-0.03451374289457652,0.9991344852547761,False,351
2011-11-03,2618,2576,2660,flag_nested,0.058895379933200556,True,0.2841587622909239,0.26670288241859297,-0.01097223392910261,0.00012038991739493632,0.9998796100826051,0.05899675141938358,0.9991344852547761,False,351
2011-11-23,2632,2590,2674,market_1,0.17415505431088152,True,0.039783321877724674,0.037923375551570375,-0.08936464625111118,0.007986039999586025,0.992013960000414,0.1782653316966695,0.9991816951499701,False,354
2011-11-23,2632,2590,2674,block_2_3,0.14941844389809034,True,0.2606164102999311,0.27143292872020375,-0.00473902846343932,2.245839077719136e-05,0.9999775416092228,0.14935664114674443,0.9991816951499701,False,354
2011-11-23,2632,2590,2674,block_4_6,0.18959491350796712,True,0.3433828115218082,0.4256121186459533,0.014147001124747389,0.00020013764082382757,0.9997998623591762,0.18928590293060307,0.9991816951499701,False,354
2011-11-23,2632,2590,2674,top_3,0.15151605305691063,True,0.2631348129527635,0.27394793365582293,-0.012124451991501315,0.00014700233609410418,0.9998529976639059,0.15161135809019058,0.9991816951499701,False,354
2011-11-23,2632,2590,2674,top_6,0.09497856223915521,True,0.4108513543557004,0.4593037462764974,-0.0074685163239555435,5.5778736081091296e-05,0.9999442212639189,0.09500715912270467,0.9991816951499701,False,354
2011-11-23,2632,2590,2674,flag_nested,0.12081416801543501,True,0.22977342867451148,0.24822166388518152,-0.01667022704737948,0.00027789646981124516,0.9997221035301888,0.12096978535038537,0.9991816951499701,False,354
2011-12-14,2646,2604,2688,market_1,0.1336097480681395,True,0.036017549997758996,0.04171661812532429,-0.14436156693240543,0.020840262007179478,0.9791597379928205,0.14254472508822336,0.9991502218865074,False,353
2011-12-14,2646,2604,2688,block_2_3,0.17591703085262872,True,0.25191252160781324,0.23478533584505598,-0.013089374785246547,0.00017133173226846488,0.9998286682677315,0.17572952377240253,0.9991502218865074,False,353
2011-12-14,2646,2604,2688,block_4_6,0.05116567026756955,True,0.3961690124164873,0.4168160899308731,0.003522220478501179,1.2406037099066403e-05,0.9999875939629009,0.051141381609567646,0.9991502218865074,False,353
2011-12-14,2646,2604,2688,top_3,0.17449623815104576,True,0.2543671987652062,0.23813054410027223,-0.024023640375736507,0.000577135296902842,0.9994228647030972,0.17473873994788505,0.9991502218865074,False,353
2011-12-14,2646,2604,2688,top_6,0.02852755069586276,True,0.44814268033760946,0.45371238695469285,-0.012474278956367156,0.00015560763548116974,0.9998443923645188,0.02858607063636837,0.9991502218865074,False,353
2011-12-14,2646,2604,2688,flag_nested,0.08430514777052643,True,0.23735374057951952,0.2344173271148392,-0.03090398193204502,0.0009550560992561685,0.9990449439007438,0.084647900697076,0.9991502218865074,False,353
2012-01-05,2660,2618,2702,market_1,0.12607462196161026,True,0.03856364522996804,0.04006403895629157,-0.04115921236777837,0.0016940807627356946,0.9983059192372643,0.13157382249012384,0.9991187486230447,False,352
2012-01-05,2660,2618,2702,block_2_3,0.18572197075792238,True,0.2906042695818134,0.19791535877983518,-0.012122890049930739,0.00014696446316297962,0.999853035536837,0.1855057135104498,0.9991187486230447,False,352
2012-01-05,2660,2618,2702,block_4_6,-0.2055411800145136,False,0.46624393791655416,0.4328250577383482,0.015195833612056592,0.00023091335916525235,0.9997690866408347,-0.205769412213902,0.9991187486230447,False,352
2012-01-05,2660,2618,2702,top_3,0.18374227206646088,True,0.29288885537085113,0.20192754270975763,-0.007942413690356382,6.308193522863714e-05,0.9999369180647714,0.18389521944153564,0.9991187486230447,False,352
2012-01-05,2660,2618,2702,top_6,-0.21756063698319533,False,0.49627802020730644,0.45485477465566204,-0.003550933773730411,1.2609130665253154e-05,0.9999873908693347,-0.21753940337276814,0.9991187486230447,False,352
2012-01-05,2660,2618,2702,flag_nested,-0.07348087455026588,False,0.2667028824185931,0.2228875255749719,-0.008985274395272006,8.073515595830028e-05,0.9999192648440417,-0.07331879380777392,0.9991187486230447,False,352
2012-01-26,2674,2632,2716,market_1,0.10118881119281538,True,0.03792337555157036,0.03855994925199659,-0.019818359352792404,0.0003927673674365417,0.9996072326325635,0.10371248160785092,0.999040065464388,False,351
2012-01-26,2674,2632,2716,block_2_3,0.11255376024700803,True,0.2714329287202036,0.21530931598505323,0.004672419648875644,2.1831505375158322e-05,0.9999781684946248,0.11262347980663728,0.999040065464388,False,351
2012-01-26,2674,2632,2716,block_4_6,-0.16765488420836577,False,0.42561211864595333,0.40123232631405104,0.017074632534271703,0.0002915430761802895,0.9997084569238197,-0.16815637145039175,0.999040065464388,False,351
2012-01-26,2674,2632,2716,top_3,0.11330516767859951,True,0.27394793365582276,0.21851121705603146,-0.0044679480064446185,1.996255938829794e-05,0.9999800374406117,0.11338109944120002,0.999040065464388,False,351
2012-01-26,2674,2632,2716,top_6,-0.12279768168384743,False,0.4593037462764974,0.4321921634660156,-0.002938922050541464,8.637262819188862e-06,0.9999913627371808,-0.12278059648200342,0.999040065464388,False,351
2012-01-26,2674,2632,2716,flag_nested,-0.030244368100989908,False,0.24822166388518146,0.22030493572846957,-0.004822468375925868,2.3256201236998564e-05,0.999976743798763,-0.03016061258135232,0.999040065464388,False,351
2012-02-15,2688,2646,2730,market_1,0.11875298124607443,True,0.041716618125324297,0.04073248912884883,-0.10897293671314466,0.01187510093588695,0.988124899064113,0.13341403133723478,0.9987253328297612,False,350
2012-02-15,2688,2646,2730,block_2_3,0.09911671324957874,True,0.23478533584505576,0.22933489161545423,0.016591102937045386,0.0002752646966677208,0.9997247353033323,0.10017681940391047,0.9987253328297612,False,350
2012-02-15,2688,2646,2730,block_4_6,-0.2954439118744925,False,0.41681608993087277,0.5750772194236085,0.016332815207067582,0.00026676085258814375,0.9997332391474119,-0.29561109811183317,0.9987253328297612,False,350
2012-02-15,2688,2646,2730,top_3,0.10292395359516106,True,0.23813054410027223,0.23257054581466388,-0.020876203433667976,0.0004358158698037906,0.9995641841301962,0.10342379930227567,0.9987253328297612,False,350
2012-02-15,2688,2646,2730,top_6,-0.2832895665007123,False,0.4537123869546925,0.5909785785852787,-0.008785053489129642,7.717716480681869e-05,0.9999228228351932,-0.2832222969790659,0.9987253328297612,False,350
2012-02-15,2688,2646,2730,flag_nested,-0.16137371258081268,False,0.2344173271148391,0.2791023145525456,-0.02025046842681467,0.0004100814715056744,0.9995899185284943,-0.1609333705177624,0.9987253328297612,False,350
2012-03-07,2702,2660,2744,market_1,0.17448425143471108,True,0.04006403895629157,0.03961151001157227,-0.08912351729723308,0.007943001335430355,0.9920569986645696,0.1888325677929948,0.9987095961980298,False,351
2012-03-07,2702,2660,2744,block_2_3,-0.1171353433332633,False,0.19791535877983496,0.25000332526416913,0.00947905312644357,8.98524481740548e-05,0.999910147551826,-0.11714249154302052,0.9987095961980298,False,351
2012-03-07,2702,2660,2744,block_4_6,-0.3915212669171196,False,0.4328250577383482,0.5591366243359697,-0.01765023070682989,0.0003115306440045762,0.9996884693559954,-0.3916523033942277,0.9987095961980298,False,351
2012-03-07,2702,2660,2744,top_3,-0.10802012588615949,False,0.20192754270975735,0.2530309188937971,-0.014513984466694982,0.00021065574509948615,0.9997893442549005,-0.10768469703237626,0.9987095961980298,False,351
2012-03-07,2702,2660,2744,top_6,-0.3222446132522626,False,0.454854774655662,0.572629017188769,-0.005131501391767201,2.633230653381613e-05,0.9999736676934662,-0.32221025311656715,0.9987095961980298,False,351
2012-03-07,2702,2660,2744,flag_nested,-0.2505343990555698,False,0.22288752557497182,0.2784982685498049,-0.015375332459286085,0.00023640084823361995,0.9997635991517664,-0.25021906082211126,0.9987095961980298,False,351
2012-03-27,2716,2674,2758,market_1,0.030504486559269076,True,0.0385599492519966,0.038675817290716154,-0.0892729632048235,0.007969661959369878,0.9920303380406301,0.04307787903712377,0.9988669625153432,False,350
2012-03-27,2716,2674,2758,block_2_3,0.04172320667188008,True,0.21530931598505332,0.2667771944410073,,0.0,1.0,0.04172320667188008,0.9988669625153432,False,350
2012-03-27,2716,2674,2758,block_4_6,0.2625142558082806,True,0.40123232631405087,0.4853980063137757,0.016249050787505385,0.0002640316514950225,0.999735968348505,0.2625259665235745,0.9988669625153432,False,350
2012-03-27,2716,2674,2758,top_3,0.04098092895917563,True,0.21851121705603144,0.26946636175688643,-0.012899385693883133,0.00016639415127950308,0.9998336058487205,0.04130116976361217,0.9988669625153432,False,350
2012-03-27,2716,2674,2758,top_6,0.2546274802904529,True,0.4321921634660156,0.4883328482994365,-0.007397797773303425,5.472741189471719e-05,0.9999452725881053,0.25474203322058114,0.9988669625153432,False,350
2012-03-27,2716,2674,2758,flag_nested,0.17400146325004215,True,0.22030493572846954,0.25582159278940736,-0.016639355394534372,0.00027686814794580794,0.9997231318520542,0.17457793199898516,0.9988669625153432,False,350
2012-04-17,2730,2688,2772,market_1,0.032940465575642786,True,0.04073248912884885,0.041287654174148744,-0.04431850469888725,0.0019641298587452782,0.9980358701412547,0.03558404528130687,0.999040065464388,False,350
2012-04-17,2730,2688,2772,block_2_3,0.07456888988970432,True,0.22933489161545423,0.23608169020614878,0.014192215383486915,0.00020141897749126336,0.9997985810225087,0.0743742173653116,0.999040065464388,False,350
2012-04-17,2730,2688,2772,block_4_6,0.04575581099050301,True,0.575077219423608,0.40076480138921716,-0.009465699578377163,8.959946850806144e-05,0.9999104005314919,0.045770224884319,0.999040065464388,False,350
2012-04-17,2730,2688,2772,top_3,0.07343792651930739,True,0.23257054581466394,0.23959569428458907,-0.007747306662009731,6.002076051514482e-05,0.9999399792394849,0.07352126226583132,0.999040065464388,False,350
2012-04-17,2730,2688,2772,top_6,0.05217779192183849,True,0.5909785785852781,0.42331578633065364,-0.0036157951266281682,1.3073974397759258e-05,0.9999869260256022,0.05219451525806037,0.999040065464388,False,350
2012-04-17,2730,2688,2772,flag_nested,0.05720145693520352,True,0.27910231455254536,0.22518010225868565,-0.009803683429757213,9.611220879079951e-05,0.9999038877912092,0.05730914473953032,0.999040065464388,False,350
2012-05-07,2744,2702,2786,market_1,0.08667858219285703,True,0.039611510011572273,0.03937719781612617,-0.09411873261553587,0.00885833582915474,0.9911416641708453,0.0960770721569945,0.9989456456739999,False,352
2012-05-07,2744,2702,2786,block_2_3,0.3295163059346152,True,0.2500033252641694,0.20828474200951277,0.019403693950963,0.00037650333894279076,0.9996234966610572,0.32977551268393923,0.9989456456739999,False,352
2012-05-07,2744,2702,2786,block_4_6,0.46517551181240613,True,0.5591366243359699,0.47750866365514544,0.004581966812260687,2.099441986858075e-05,0.9999790055801314,0.4652346867231918,0.9989456456739999,False,352
2012-05-07,2744,2702,2786,top_3,0.3221247709570014,True,0.2530309188937974,0.2119069058018451,-0.017782895677259693,0.00031623137866820805,0.9996837686213318,0.3224618098600362,0.9989456456739999,False,352
2012-05-07,2744,2702,2786,top_6,0.40263451576318027,True,0.5726290171887689,0.5073978826114479,-0.008216821879763126,6.751616180367126e-05,0.9999324838381963,0.402710807198482,0.9989456456739999,False,352
2012-05-07,2744,2702,2786,flag_nested,0.3739807265495985,True,0.278498268549805,0.24377758544033085,-0.018947050866844437,0.0003589907365506573,0.9996410092634493,0.37439753575773455,0.9989456456739999,False,352
2012-05-25,2758,2716,2800,market_1,0.21352743824288473,True,0.03867581729071614,0.041004463632928013,-0.18881965645783877,0.03565286266485623,0.9643471373351438,0.24319784957534646,0.9989141724105373,False,351
2012-05-25,2758,2716,2800,block_2_3,-0.23405972569702552,False,0.26677719444100695,0.20609134598501347,0.00421974772158019,1.78062708336979e-05,0.9999821937291663,-0.23405595941632162,0.9989141724105373,False,351
2012-05-25,2758,2716,2800,block_4_6,0.34587207722553287,True,0.4853980063137763,0.5807901766064492,-0.0227955521651393,0.0005196371985134451,0.9994803628014866,0.3459606575953088,0.9989141724105373,False,351
2012-05-25,2758,2716,2800,top_3,-0.22118620804631137,False,0.26946636175688615,0.2100853903973293,-0.036597004251254575,0.0013393407201662821,0.9986606592798337,-0.22072413383756223,0.9989141724105373,False,351
2012-05-25,2758,2716,2800,top_6,0.3634931762456925,True,0.4883328482994367,0.6063542073172274,-0.011462147781556218,0.00013138083176622573,0.9998686191682338,0.3636638560372322,0.9989141724105373,False,351
2012-05-25,2758,2716,2800,flag_nested,0.1978131675690869,True,0.25582159278940725,0.27869498365149564,-0.03358657847370304,0.0011280582535702077,0.9988719417464298,0.19875831035301983,0.9989141724105373,False,351
2012-06-15,2772,2730,2814,market_1,-0.02357124136583193,False,0.04128765417414873,0.03811197794185981,-0.09896713068408174,0.009794492955840117,0.9902055070441599,-0.007134776767983907,0.9991344852547761,False,351
2012-06-15,2772,2730,2814,block_2_3,-0.2801962374467519,False,0.2360816902061487,0.23476141764320774,0.008633322257774684,7.45342532065818e-05,0.9999254657467934,-0.2801629971588252,0.9991344852547761,False,351
2012-06-15,2772,2730,2814,block_4_6,-0.12342730014218185,False,0.40076480138921766,0.6877186985453646,0.015173690797368022,0.00023024089241419077,0.9997697591075858,-0.12328413018558369,0.9991344852547761,False,351
2012-06-15,2772,2730,2814,top_3,-0.27345451393029063,False,0.23959569428458902,0.2377314101446038,-0.01644917537712033,0.0002705753705872782,0.9997294246294127,-0.273130742667726,0.9991344852547761,False,351
2012-06-15,2772,2730,2814,top_6,-0.09236223564688979,False,0.4233157863306538,0.7090820016783167,-0.006668525256725949,4.446922909973061e-05,0.9999555307709003,-0.09226496050834368,0.9991344852547761,False,351
2012-06-15,2772,2730,2814,flag_nested,-0.13557708648649197,False,0.2251801022586857,0.32263107646832395,-0.014837663694095851,0.00022015626389915166,0.9997798437361008,-0.1351283359411411,0.9991344852547761,False,351
2012-07-06,2786,2744,2828,market_1,0.15159013508264652,True,0.03937719781612613,0.03777336911372124,-0.03878650459184826,0.0015043929384535026,0.9984956070615465,0.15583744504855937,0.9992761149403582,False,350
2012-07-06,2786,2744,2828,block_2_3,-0.05048696141489726,False,0.20828474200951252,0.1908546835789244,0.003729227478016131,1.3907137582869211e-05,0.9999860928624171,-0.05051847438905717,0.9992761149403582,False,350
2012-07-06,2786,2744,2828,block_4_6,0.45778083670254716,True,0.47750866365514516,0.662648893595549,0.002802957090799564,7.856568452924151e-06,0.9999921434315471,0.45784326821376514,0.9992761149403582,False,350
2012-07-06,2786,2744,2828,top_3,-0.04355619258870674,False,0.211906905801845,0.19431533024704203,-0.008682071951193263,7.537837336557551e-05,0.9999246216266344,-0.04341900500948237,0.9992761149403582,False,350
2012-07-06,2786,2744,2828,top_6,0.42233677520928337,True,0.5073978826114476,0.6829930678158103,-0.0025654940864145753,6.581759907531293e-06,0.9999934182400925,0.4223632180587812,0.9992761149403582,False,350
2012-07-06,2786,2744,2828,flag_nested,0.32529146295100436,True,0.24377758544033068,0.3029184131928636,-0.006251641738273948,3.908302442401368e-05,0.999960916975576,0.32545883965850236,0.9992761149403582,False,350
2012-07-26,2800,2758,2842,market_1,0.05910064657709205,True,0.04100446363292804,0.040577432614413204,-0.020999906271703853,0.00044099606342040687,0.9995590039365796,0.05827679223677045,0.9994177446259402,False,353
2012-07-26,2800,2758,2842,block_2_3,-0.009193359517908721,False,0.2060913459850136,0.23023030446028933,0.04490577117520817,0.0020165282848401134,0.9979834717151599,-0.00802907975299736,0.9994177446259402,False,353
2012-07-26,2800,2758,2842,block_4_6,0.417655573326472,True,0.5807901766064489,0.504809813380598,-0.005163362668269896,2.6660314044080202e-05,0.9999733396859559,0.417659241353828,0.9994177446259402,False,353
2012-07-26,2800,2758,2842,top_3,-0.004590789891637755,False,0.21008539039732937,0.23257501433646768,-0.005645215121884427,3.186845377245451e-05,0.9999681315462275,-0.00463602427711443,0.9994177446259402,False,353
2012-07-26,2800,2758,2842,top_6,0.42852919503517434,True,0.6063542073172272,0.5294644076275896,-0.0029332893152530415,8.604186207072928e-06,0.9999913958137929,0.4285261493577477,0.9994177446259402,False,353
2012-07-26,2800,2758,2842,flag_nested,0.31961600562966813,True,0.2786949836514956,0.25768003471913065,-0.004906070389936431,2.4069526671111063e-05,0.9999759304733289,0.3195925611866372,0.9994177446259402,False,353
2012-08-15,2814,2772,2856,market_1,0.17433436281977216,True,0.038111977941859825,0.04171706495529941,-0.06827327647747475,0.004661240280969814,0.9953387597190302,0.18248118151616882,0.9992761149403582,False,353
2012-08-15,2814,2772,2856,block_2_3,0.01222460612244795,True,0.23476141764320807,0.29315581095875576,0.032966539450365984,0.0010867927233324526,0.9989132072766675,0.011428437615543378,0.9992761149403582,False,353
2012-08-15,2814,2772,2856,block_4_6,0.21526731391533793,True,0.6877186985453638,0.6047826570389645,0.0003330170021965461,1.1090032359106772e-07,0.9999998890996764,0.21526736462998672,0.9992761149403582,False,353
2012-08-15,2814,2772,2856,top_3,0.013952693689887222,True,0.23773141014460397,0.2953707395295671,-0.010623799574633446,0.00011286511740193905,0.9998871348825981,0.014120065417499947,0.9992761149403582,False,353
2012-08-15,2814,2772,2856,top_6,0.2744140511518185,True,0.7090820016783164,0.6103364831195471,-0.005720918585095908,3.272890945738016e-05,0.9999672710905426,0.2744673132229733,0.9992761149403582,False,353
2012-08-15,2814,2772,2856,flag_nested,0.20741511937718238,True,0.3226310764683239,0.3048060178808078,-0.011989553621440883,0.0001437493960414482,0.9998562506039586,0.20763183096786397,0.9992761149403582,False,353
2012-09-05,2828,2786,2870,market_1,0.18617116153454918,True,0.03777336911372129,0.040005778824546465,-0.045014311012800456,0.002026288195957071,0.9979737118040429,0.18902425777989257,0.9991187486230447,False,352
2012-09-05,2828,2786,2870,block_2_3,0.10630619413472292,True,0.19085468357892463,0.23707317658076862,0.051324334501052976,0.002634187311975955,0.997365812688024,0.10434300688038992,0.9991187486230447,False,352
2012-09-05,2828,2786,2870,block_4_6,0.04064634058103759,True,0.6626488935955493,0.5030007377432051,0.0061199105140634326,3.745330470028563e-05,0.9999625466952997,0.04065413932470739,0.9991187486230447,False,352
2012-09-05,2828,2786,2870,top_3,0.10608912856827434,True,0.1943153302470422,0.2396434324565108,-0.0073527377865851735,5.40627529583837e-05,0.9999459372470416,0.1061703338085178,0.9991187486230447,False,352
2012-09-05,2828,2786,2870,top_6,0.0727270076716189,True,0.6829930678158108,0.528057775442748,-0.004101123300075608,1.681921232254968e-05,0.9999831807876775,0.07274482602215396,0.9991187486230447,False,352
2012-09-05,2828,2786,2870,flag_nested,0.08021420312859034,True,0.30291841319286383,0.2592636167046877,-0.008657459289498994,7.495160134940448e-05,0.9999250483986506,0.08029270183685751,0.9991187486230447,False,352
2012-09-25,2842,2800,2884,market_1,0.22487011222280512,True,0.04057743261441317,0.04106030744676507,-0.028708781182752968,0.0008241941169989664,0.999175805883001,0.23522054826882283,0.9988984357788059,False,350
2012-09-25,2842,2800,2884,block_2_3,0.1223160449661694,True,0.23023030446028944,0.2519511630599414,,0.0,1.0,0.1223160449661694,0.9988984357788059,False,350
2012-09-25,2842,2800,2884,block_4_6,0.05163735697363373,True,0.5048098133805979,0.56764765764016,0.02265119633939009,0.0005130766956055188,0.9994869233043945,0.051794179472680446,0.9988984357788059,False,350
2012-09-25,2842,2800,2884,top_3,0.11734552957845508,True,0.23257501433646777,0.2542986641465967,-0.004214605185185757,1.7762896867057343e-05,0.9999822371031329,0.11754893131783634,0.9988984357788059,False,350
2012-09-25,2842,2800,2884,top_6,0.08054394409911603,True,0.52946440762759,0.588193574195962,-0.001928398973754118,3.718722601964153e-06,0.999996281277398,0.08058079654835992,0.9988984357788059,False,350
2012-09-25,2842,2800,2884,flag_nested,0.09371462705692728,True,0.25768003471913076,0.2844359901584904,-0.004952027450808173,2.452257587348683e-05,0.9999754774241265,0.09396736507357926,0.9988984357788059,False,350
2012-10-15,2856,2814,2898,market_1,0.2205700460734399,True,0.04171706495529942,0.04016650648489516,-0.0073798339904245355,5.446194972635876e-05,0.9999455380502736,0.22087927426215928,0.9988669625153432,False,350
2012-10-15,2856,2814,2898,block_2_3,-0.316860721993094,False,0.29315581095875554,0.29992514435106954,,0.0,1.0,-0.316860721993094,0.9988669625153432,False,350
2012-10-15,2856,2814,2898,block_4_6,0.24284137188860608,True,0.6047826570389643,0.6193052329692276,0.010859056938988115,0.00011791911760417051,0.9998820808823958,0.24282844229832223,0.9988669625153432,False,350
2012-10-15,2856,2814,2898,top_3,-0.3116957691181032,False,0.2953707395295669,0.3020929148801882,-0.0008463515345223825,7.163109200236661e-07,0.99999928368908,-0.31169475594215357,0.9988669625153432,False,350
2012-10-15,2856,2814,2898,top_6,0.3114641673617763,True,0.6103364831195471,0.6026915353404316,-0.0007010740757638024,4.915048595899307e-07,0.9999995084951404,0.311466207254911,0.9988669625153432,False,350
2012-10-15,2856,2814,2898,flag_nested,0.10991904185991912,True,0.3048060178808077,0.3042579592691676,-0.0012131185817929038,1.4716566935080166e-06,0.9999985283433065,0.10992580265124455,0.9988669625153432,False,350
2012-11-06,2870,2828,2912,market_1,0.1489963055832917,True,0.040005778824546465,0.038383957859644116,-0.030546307329924447,0.0009330768914940224,0.999066923108506,0.15054020623686812,0.9986623863028358,False,351
2012-11-06,2870,2828,2912,block_2_3,-0.11216622012618252,False,0.23707317658076849,0.3585673090653096,,0.0,1.0,-0.11216622012618252,0.9986623863028358,False,351
2012-11-06,2870,2828,2912,block_4_6,0.22963522830334568,True,0.5030007377432053,0.605156507015579,0.02089738413739912,0.00043670066378620476,0.9995632993362138,0.22967904878209516,0.9986623863028358,False,351
2012-11-06,2870,2828,2912,top_3,-0.10914964107126786,False,0.2396434324565108,0.3603873714191508,-0.003574798238994527,1.2779182449351723e-05,0.9999872208175506,-0.10912849822591038,0.9986623863028358,False,351
2012-11-06,2870,2828,2912,top_6,0.22763241758216,True,0.5280577754427479,0.5666358310058882,-0.002439473809666983,5.951032468143325e-06,0.9999940489675319,0.2276409850195582,0.9986623863028358,False,351
2012-11-06,2870,2828,2912,flag_nested,0.10382258581481733,True,0.2592636167046877,0.313494882803098,-0.004772198410549214,2.2773877669690634e-05,0.9999772261223303,0.10386524503741323,0.9986623863028358,False,351
2012-11-27,2884,2842,2926,market_1,0.10909428469410168,True,0.041060307446765046,0.040143754576779864,-0.014621624212656293,0.0002137918946160111,0.999786208105384,0.11199296851551384,0.9987882793566865,False,350
2012-11-27,2884,2842,2926,block_2_3,0.17647693006113882,True,0.25195116305994125,0.6712633672244154,,0.0,1.0,0.17647693006113882,0.9987882793566865,False,350
2012-11-27,2884,2842,2926,block_4_6,0.24988531188430368,True,0.5676476576401601,0.815453184105828,-0.0018240851980905472,3.3272868099620823e-06,0.99999667271319,0.2499301356634074,0.9987882793566865,False,350
2012-11-27,2884,2842,2926,top_3,0.1760792497164195,True,0.2542986641465967,0.6723740935799479,-0.0010288441626488392,1.0585203110702324e-06,0.9999989414796889,0.17613696424474304,0.9987882793566865,False,350
2012-11-27,2884,2842,2926,top_6,0.2016854539187676,True,0.5881935741959621,0.5475548856497235,-0.00044572864801984725,1.9867402756279517e-07,0.9999998013259724,0.2016984515209716,0.9987882793566865,False,350
2012-11-27,2884,2842,2926,flag_nested,0.16448214997629138,True,0.28443599015849047,0.4497516578481432,-0.0015582064820426362,2.4280074407689867e-06,0.9999975719925592,0.16456203492915905,0.9987882793566865,False,350
2012-12-17,2898,2856,2940,market_1,0.0951664812468221,True,0.04016650648489513,0.04587976498251975,0.007787145364726754,6.063963293134744e-05,0.9999393603670687,0.09492848647941599,0.9985207566172536,False,349
2012-12-17,2898,2856,2940,block_2_3,0.6737300062877938,True,0.29992514435106954,0.6362326519969702,,0.0,1.0,0.6737300062877938,0.9985207566172536,False,349
2012-12-17,2898,2856,2940,block_4_6,0.37571013161794814,True,0.619305232969227,0.6920625133669457,0.0027243915766665522,7.422309463045451e-06,0.999992577690537,0.37579970265418583,0.9985207566172536,False,349
2012-12-17,2898,2856,2940,top_3,0.667883910959531,True,0.30209291488018797,0.6378557143177971,0.0003773889345195664,1.4242240786721538e-07,0.9999998575775921,0.6679609265046355,0.9985207566172536,False,349
2012-12-17,2898,2856,2940,top_6,0.1396461261553792,True,0.6026915353404314,0.38897032418931576,6.925542275775715e-05,4.796313679555908e-09,0.9999999952036863,0.13965054684659928,0.9985207566172536,False,349
2012-12-17,2898,2856,2940,flag_nested,0.3951426669280242,True,0.30425795926916754,0.40365981029508485,0.0008941917833367347,7.995789452763802e-07,0.9999992004210547,0.39520185182591727,0.9985207566172536,False,349
2013-01-08,2912,2870,2954,market_1,0.12607594886258067,True,0.03838395785964413,0.04530783022550637,0.14524918210144763,0.021097324901139358,0.9789026750988606,0.10498705465560075,0.9989928555691939,False,348
2013-01-08,2912,2870,2954,block_2_3,0.7880757662661829,True,0.35856730906530954,0.6262114082667278,,0.0,1.0,0.7880757662661829,0.9989928555691939,False,348
2013-01-08,2912,2870,2954,block_4_6,0.4674998927960447,True,0.6051565070155789,0.6768345014076196,0.007597290708949026,5.771882611627088e-05,0.9999422811738837,0.4674644177272287,0.9989928555691939,False,348
2013-01-08,2912,2870,2954,top_3,0.783282891439663,True,0.36038737141915056,0.6278215059797744,0.01046178729677072,0.00010944899344289549,0.9998905510065571,0.783261012720443,0.9989928555691939,False,348
2013-01-08,2912,2870,2954,top_6,0.11304216005016972,True,0.5666358310058881,0.34722527919307183,0.019406998213170108,0.0003766315796459585,0.999623368420354,0.11286235572037924,0.9989928555691939,False,348
2013-01-08,2912,2870,2954,flag_nested,0.512879531655223,True,0.3134948828030979,0.3918336973195368,0.02061562636965869,0.00042500405061352,0.9995749959493865,0.5126399281331493,0.9989928555691939,False,348
2013-01-29,2926,2884,2968,market_1,0.16577671986201645,True,0.040143754576779905,0.049500087366621495,0.13006003789206522,0.0169156134564854,0.9830843865435146,0.1410686787453159,0.9982060239826268,False,347
2013-01-29,2926,2884,2968,block_2_3,0.8536561435080419,True,0.6712633672244159,0.5150800662076074,,0.0,1.0,0.8536561435080419,0.9982060239826268,False,347
2013-01-29,2926,2884,2968,block_4_6,0.5629983575025436,True,0.815453184105828,0.6038484653835718,0.00038474013231079964,1.4802496950405697e-07,0.9999998519750305,0.5629994535894095,0.9982060239826268,False,347
2013-01-29,2926,2884,2968,top_3,0.8501109137856925,True,0.6723740935799486,0.5170899731361545,0.01272053651512954,0.00016181204923271242,0.9998381879507673,0.8500853467937107,0.9982060239826268,False,347
2013-01-29,2926,2884,2968,top_6,-0.05098808373603096,False,0.5475548856497233,0.4332032116273638,0.01632692216637379,0.0002665683874266689,0.9997334316125733,-0.05126457994215559,0.9982060239826268,False,347
2013-01-29,2926,2884,2968,flag_nested,0.6142768406420299,True,0.4497516578481434,0.35050693171842295,0.022850289238082112,0.000522135718264094,0.9994778642817359,0.6140596227689759,0.9982060239826268,False,347
2013-02-19,2940,2898,2982,market_1,0.08539006073707056,True,0.04587976498251981,0.04908749499061604,0.0330837785466552,0.0010945364029241178,0.9989054635970759,0.08147972342906294,0.9977181883989551,False,349
2013-02-19,2940,2898,2982,block_2_3,0.8692792975013346,True,0.6362326519969698,0.5333054490146649,,0.0,1.0,0.8692792975013346,0.9977181883989551,False,349
2013-02-19,2940,2898,2982,block_4_6,0.6684670761418504,True,0.6920625133669457,0.6311203374261612,-0.008341037738311543,6.957291055198489e-05,0.999930427089448,0.6686560194043326,0.9977181883989551,False,349
2013-02-19,2940,2898,2982,top_3,0.8644901393543678,True,0.6378557143177964,0.5351380040598999,0.002792975891232523,7.800714329153635e-06,0.9999921992856708,0.8645118394467781,0.9977181883989551,False,349
2013-02-19,2940,2898,2982,top_6,0.04276418881189061,True,0.3889703241893158,0.451626213371897,0.003798205367184623,1.4426364011277393e-05,0.9999855736359887,0.04271224151589097,0.9977181883989551,False,349
2013-02-19,2940,2898,2982,flag_nested,0.6809000919851814,True,0.4036598102950845,0.36312741023176875,0.005414579656864547,2.9317672860407207e-05,0.9999706823271396,0.6809381782836752,0.9977181883989551,False,349
2013-03-11,2954,2912,2996,market_1,0.1845417633172613,True,0.04530783022550634,0.05010199144536816,0.0240542414796741,0.0005786065331625512,0.9994213934668374,0.18361350655033684,0.9978598180845372,False,346
2013-03-11,2954,2912,2996,block_2_3,0.8180363059162581,True,0.6262114082667274,0.3964927690218513,,0.0,1.0,0.8180363059162581,0.9978598180845372,False,346
2013-03-11,2954,2912,2996,block_4_6,0.5799523453670753,True,0.6768345014076197,0.5191292684866069,0.006347166129095836,4.0286517870358196e-05,0.9999597134821296,0.5799582917042048,0.9978598180845372,False,346
2013-03-11,2954,2912,2996,top_3,0.8111096791592585,True,0.6278215059797742,0.3993006256908853,0.0028718105409277304,8.247295782859432e-06,0.9999917527042171,0.8111620334933878,0.9978598180845372,False,346
2013-03-11,2954,2912,2996,top_6,0.22183722510421966,True,0.34722527919307183,0.47293664923299544,0.0016961790559107623,2.877023389635802e-06,0.9999971229766104,0.22186911596252784,0.9978598180845372,False,346
2013-03-11,2954,2912,2996,flag_nested,0.6217519864876189,True,0.3918336973195367,0.30485305499063775,0.004609956213713912,2.1251696292412525e-05,0.9999787483037076,0.6218921333270454,0.9978598180845372,False,346
2013-04-01,2968,2926,3010,market_1,0.1631297791214161,True,0.04950008736662149,0.0516040890852848,0.02229130687929575,0.000496902362386642,0.9995030976376134,0.16169524653173958,0.9977181883989551,False,349
2013-04-01,2968,2926,3010,block_2_3,0.7689566454865389,True,0.5150800662076075,1.3706727872340616,0.018942984992446565,0.00035883668042402395,0.999641163319576,0.7698805848330333,0.9977181883989551,False,349
2013-04-01,2968,2926,3010,block_4_6,0.7060425481611665,True,0.6038484653835722,1.4242664111690642,-0.005345652587239668,2.857600158323592e-05,0.9999714239984168,0.7060350901661615,0.9977181883989551,False,349
2013-04-01,2968,2926,3010,top_3,0.7667550481988556,True,0.5170899731361543,1.3714815990206546,0.00032137046702086905,1.0327897725925794e-07,0.9999998967210227,0.7668519049839337,0.9977181883989551,False,349
2013-04-01,2968,2926,3010,top_6,0.16225228316122206,True,0.4332032116273641,0.48191428858678936,0.002699616427968963,7.287928858068504e-06,0.9999927120711419,0.1622313086426657,0.9977181883989551,False,349
2013-04-01,2968,2926,3010,flag_nested,0.6536995049297591,True,0.350506931718423,0.8175311234147343,0.0015123423294013895,2.287179321269761e-06,0.9999977128206787,0.6539247932234568,0.9977181883989551,False,349
2013-04-19,2982,2940,3024,market_1,0.20126446881478222,True,0.04908749499061601,0.04709580821838586,0.042251489736646074,0.0017851883849657746,0.9982148116150342,0.19743658176748247,0.9976709785037611,False,350
2013-04-19,2982,2940,3024,block_2_3,0.8186965749029483,True,0.5333054490146651,1.1532996896963463,-0.0168431975403675,0.00028369330338373633,0.9997163066966163,0.8195091059447001,0.9976709785037611,False,350
2013-04-19,2982,2940,3024,block_4_6,0.7235246542045602,True,0.631120337426161,1.2351409227839545,0.00874122203842064,7.64089627249831e-05,0.999923591037275,0.723499533551014,0.9976709785037611,False,350
2013-04-19,2982,2940,3024,top_3,0.8167851101448188,True,0.5351380040599,1.1541533015101368,0.0018342752487006098,3.36456568794663e-06,0.999996635434312,0.8168290492468769,0.9976709785037611,False,350
2013-04-19,2982,2940,3024,top_6,0.180783436394855,True,0.45162621337189696,0.5358697403341521,0.0036672205172178112,1.3448506321900311e-05,0.9999865514936781,0.180750088363887,0.9976709785037611,False,350
2013-04-19,2982,2940,3024,flag_nested,0.6891839729397701,True,0.36312741023176875,0.7029229635706589,0.0035115001129906705,1.2330633043622363e-05,0.9999876693669564,0.6892936967898605,0.9976709785037611,False,350
2013-05-09,2996,2954,3038,market_1,0.09458985359651396,True,0.05010199144536818,0.04689743050188166,-0.005219749989638961,2.7245789954277733e-05,0.9999727542100457,0.09637857323811445,0.9970887231297013,False,348
2013-05-09,2996,2954,3038,block_2_3,-0.5852115527402953,False,0.3964927690218514,0.9788724478520566,-0.0003988267521941515,1.5906277850419315e-07,0.9999998409372215,-0.5852603603595863,0.9970887231297013,False,348
2013-05-09,2996,2954,3038,block_4_6,-0.4628617424773235,False,0.519129268486607,1.0559927073824864,0.005087165764881375,2.5879255519334343e-05,0.9999741207444807,-0.4629729392064913,0.9970887231297013,False,348
2013-05-09,2996,2954,3038,top_3,-0.5802776037524527,False,0.3993006256908854,0.9796523926197164,-0.0005965792085224355,3.5590675218077905e-07,0.9999996440932478,-0.5803653348997214,0.9970887231297013,False,348
2013-05-09,2996,2954,3038,top_6,0.027969939094007693,True,0.47293664923299555,0.5749452799203792,-0.0006930396863027926,4.803040067891118e-07,0.9999995196959932,0.027983531138970272,0.9970887231297013,False,348
2013-05-09,2996,2954,3038,flag_nested,-0.3961630499289897,False,0.3048530549906378,0.614165546298372,-0.0006724993507609674,4.522553770369697e-07,0.999999547744623,-0.3963134459300628,0.9970887231297013,False,348
2013-05-30,3010,2968,3052,market_1,-0.034891010242825905,False,0.05160408908528479,0.04924221925637951,-0.021546538202262103,0.0004642533085016387,0.9995357466914984,-0.03287583544987342,0.9955307965882982,False,346
2013-05-30,3010,2968,3052,block_2_3,0.8084297328226264,True,1.3706727872340632,0.5062967481407752,,0.0,1.0,0.8084297328226264,0.9955307965882982,False,346
2013-05-30,3010,2968,3052,block_4_6,0.5646436895846413,True,1.4242664111690624,0.785388469936569,-0.0035511236013619297,1.2610478832053573e-05,0.999987389521168,0.5646528362101515,0.9955307965882982,False,346
2013-05-30,3010,2968,3052,top_3,0.8056922695433748,True,1.3714815990206555,0.5079964345556293,-0.0020625873541861807,4.254266593672895e-06,0.9999957457334063,0.8057030909949551,0.9955307965882982,False,346
2013-05-30,3010,2968,3052,top_6,0.18951918352391844,True,0.48191428858678936,0.6564088706029654,-0.0011898175619753045,1.4156658307840075e-06,0.9999985843341692,0.1895488574882393,0.9955307965882982,False,346
2013-05-30,3010,2968,3052,flag_nested,0.601982678496033,True,0.8175311234147349,0.40032114970202026,-0.0031420818050681603,9.872678069733354e-06,0.9999901273219303,0.602026476745695,0.9955307965882982,False,346
2013-06-19,3024,2982,3066,market_1,0.15743027303824875,True,0.04709580821838588,0.04771229112767776,-0.07124660450716325,0.005076078653800109,0.9949239213461999,0.1677411113140207,0.9965222043873729,False,348
2013-06-19,3024,2982,3066,block_2_3,0.9000963310253893,True,1.153299689696346,0.7406947488751531,,0.0,1.0,0.9000963310253893,0.9965222043873729,False,348
2013-06-19,3024,2982,3066,block_4_6,0.8134194033696363,True,1.235140922783954,0.8416204140828738,-0.00427459582809895,1.8272169493460666e-05,0.9999817278305065,0.8134292366859798,0.9965222043873729,False,348
2013-06-19,3024,2982,3066,top_3,0.8981367100723638,True,1.1541533015101366,0.7419132205783355,-0.004597392309369494,2.1136016046363615e-05,0.9999788639839536,0.8981774058444647,0.9965222043873729,False,348
2013-06-19,3024,2982,3066,top_6,0.22869489837265575,True,0.535869740334152,0.4975517985046798,-0.006616766769078766,4.378160247653362e-05,0.9999562183975235,0.2287783422008394,0.9965222043873729,False,348
2013-06-19,3024,2982,3066,flag_nested,0.7968260286542738,True,0.7029229635706589,0.4764603904979914,-0.008714052887886107,7.593471773303939e-05,0.999924065282267,0.796979475140607,0.9965222043873729,False,348
2013-07-10,3038,2996,3080,market_1,0.18654387111311804,True,0.04689743050188161,0.04630431504550446,-0.10362233891079298,0.01073758912134326,0.9892624108786567,0.1994488509475183,0.9967897271268058,False,345
2013-07-10,3038,2996,3080,block_2_3,-0.7255040299318547,False,0.9788724478520557,0.5783486438464635,,0.0,1.0,-0.7255040299318547,0.9967897271268058,False,345
2013-07-10,3038,2996,3080,block_4_6,-0.5480653616850522,False,1.0559927073824864,0.6731037070404273,0.004161103806168064,1.7314784885869017e-05,0.9999826852151141,-0.5480598657437374,0.9967897271268058,False,345
2013-07-10,3038,2996,3080,top_3,-0.722666570514549,False,0.9796523926197159,0.5800399681351512,-0.008576359768279413,7.355394687502681e-05,0.999926446053125,-0.7226592671450645,0.9967897271268058,False,345
2013-07-10,3038,2996,3080,top_6,0.10685971923765544,True,0.5749452799203795,0.47600104007721133,-0.010515121094060841,0.00011056777162288256,0.9998894322283771,0.10695921878326264,0.9967897271268058,False,345
2013-07-10,3038,2996,3080,flag_nested,-0.5495137307247635,False,0.6141655462983718,0.389943213167858,-0.015265583484829641,0.00023303803913232723,0.9997669619608677,-0.5494551929322296,0.9967897271268058,False,345
2013-07-30,3052,3010,3094,market_1,0.14385696937253808,True,0.04924221925637954,0.04633390885918259,-0.035163268512792056,0.0012364554525027271,0.9987635445474973,0.14446257957344855,0.9971674062883581,False,348
2013-07-30,3052,3010,3094,block_2_3,0.8677142213160859,True,0.5062967481407747,0.9844542888757085,,0.0,1.0,0.8677142213160859,0.9971674062883581,False,348
2013-07-30,3052,3010,3094,block_4_6,0.4936213036692589,True,0.7853884699365686,1.0324131945815889,-0.012873928150153691,0.00016573802601516086,0.9998342619739848,0.4938514265756297,0.9971674062883581,False,348
2013-07-30,3052,3010,3094,top_3,0.8643502466781509,True,0.5079964345556289,0.985514196555951,-0.0018592721493161765,3.4568929252465352e-06,0.9999965431070748,0.8643547086830213,0.9971674062883581,False,348
2013-07-30,3052,3010,3094,top_6,-0.0372817566956221,False,0.6564088706029656,0.456303683693889,-0.00385436541391026,1.4856132743990003e-05,0.999985143867256,-0.03728088237503982,0.9971674062883581,False,348
2013-07-30,3052,3010,3094,flag_nested,0.5936542349995017,True,0.4003211497020202,0.6004956982416392,-0.0034443313450377394,1.1863418414526095e-05,0.9999881365815855,0.593665498415034,0.9971674062883581,False,348
2013-08-19,3066,3024,3108,market_1,0.15099131414935107,True,0.04771229112767775,0.04778314575517009,-0.11585456220390689,0.013422279583459207,0.9865777204165408,0.16482740211541733,0.9965222043873729,False,347
2013-08-19,3066,3024,3108,block_2_3,0.8794730907598172,True,0.7406947488751522,0.704420082793622,,0.0,1.0,0.8794730907598172,0.9965222043873729,False,347
2013-08-19,3066,3024,3108,block_4_6,0.6759307762622743,True,0.8416204140828732,0.7958588313062845,-0.004048085921209072,1.638699962536183e-05,0.9999836130003746,0.6759466564320659,0.9965222043873729,False,347
2013-08-19,3066,3024,3108,top_3,0.8764744041168623,True,0.741913220578335,0.7059458446156668,-0.00809101179588038,6.546447188116034e-05,0.9999345355281188,0.8765773922327081,0.9965222043873729,False,347
2013-08-19,3066,3024,3108,top_6,0.09234492459549157,True,0.49755179850467945,0.4613380653738721,-0.01185748464547901,0.0001405999421177917,0.9998594000578822,0.09247125906973507,0.9965222043873729,False,347
2013-08-19,3066,3024,3108,flag_nested,0.7292898323321868,True,0.47646039049799105,0.45152542485311575,-0.015102202051101452,0.00022807650679224079,0.9997719234932078,0.7296214704210744,0.9965222043873729,False,347
2013-09-09,3080,3038,3122,market_1,0.21673483464038054,True,0.04630431504550447,0.052147659083788635,-0.07613159063479255,0.0057960190925836486,0.9942039809074164,0.21823466840631503,0.9966323608094924,False,346
2013-09-09,3080,3038,3122,block_2_3,-0.6683704642440337,False,0.5783486438464636,0.44633748385976446,-0.01950245299459377,0.0003803456728062038,0.9996196543271938,-0.6683743331577301,0.9966323608094924,False,346
2013-09-09,3080,3038,3122,block_4_6,-0.3372280528983405,False,0.6731037070404269,0.6593589948987615,6.23557698847214e-05,3.888241950633642e-09,0.999999996111758,-0.3372302979895405,0.9966323608094924,False,346
2013-09-09,3080,3038,3122,top_3,-0.6629530373682768,False,0.5800399681351514,0.4483672084886909,-0.007375363047052847,5.43959800759497e-05,0.999945604019924,-0.6629626542220888,0.9966323608094924,False,346
2013-09-09,3080,3038,3122,top_6,0.1067753219932773,True,0.47600104007721117,0.564323751500629,-0.005594121851057174,3.129419928460386e-05,0.9999687058007154,0.10678435138624733,0.9966323608094924,False,346
2013-09-09,3080,3038,3122,flag_nested,-0.38175987656309274,False,0.3899432131678581,0.35043874260017266,-0.013045401332981318,0.0001701824959385867,0.9998298175040614,-0.38176962238563855,0.9966323608094924,False,346
2013-09-27,3094,3052,3136,market_1,0.1382550912697741,True,0.04633390885918259,0.055155815259365346,-0.08090619616610882,0.006545812578068855,0.9934541874219311,0.14174580586516103,0.996758253863343,False,347
2013-09-27,3094,3052,3136,block_2_3,-0.864191307247744,False,0.9844542888757093,0.6021160060806995,-0.019255070692032916,0.0003707577473552881,0.9996292422526447,-0.8644865725141441,0.996758253863343,False,347
2013-09-27,3094,3052,3136,block_4_6,-0.6562710681663365,False,1.0324131945815893,0.7131814030698829,-0.000696702941807292,4.853949894245702e-07,0.9999995146050106,-0.6563227565704709,0.996758253863343,False,347
2013-09-27,3094,3052,3136,top_3,-0.8607283953685246,False,0.9855141965559522,0.6035356356972303,-0.006158721318019941,3.79298482729995e-05,0.999962070151727,-0.8607365298404989,0.996758253863343,False,347
2013-09-27,3094,3052,3136,top_6,0.12153704993467807,True,0.45630368369388924,0.4709230922207745,-0.0075458853717079765,5.6940386042980684e-05,0.999943059613957,0.12156949521063337,0.996758253863343,False,347
2013-09-27,3094,3052,3136,flag_nested,-0.6878197747758481,False,0.6004956982416398,0.40177358251492173,-0.012791395569822837,0.0001636198006236267,0.9998363801993764,-0.6878372422607828,0.996758253863343,False,347
2013-10-17,3108,3066,3150,market_1,0.14116909022799048,True,0.04778314575517005,0.0529517484157339,0.06456384515724761,0.0041684901014890086,0.995831509898511,0.13735683342143412,0.9966953073364178,False,347
2013-10-17,3108,3066,3150,block_2_3,-0.5122475532634782,False,0.7044200827936227,0.3664614394785337,-0.029813422236878325,0.0008888401454743011,0.9991111598545257,-0.5124791954071247,0.9966953073364178,False,347
2013-10-17,3108,3066,3150,block_4_6,-0.16236653511727364,False,0.7958588313062853,0.5211769206593139,0.005777417966310531,3.3378558357721744e-05,0.9999666214416423,-0.16234849011177663,0.9966953073364178,False,347
2013-10-17,3108,3066,3150,top_3,-0.5075259570773883,False,0.7059458446156671,0.3687333783442054,0.011511068899811336,0.00013250470721604124,0.999867495292784,-0.5076208698104138,0.9966953073364178,False,347
2013-10-17,3108,3066,3150,top_6,0.263075158010056,True,0.46133806537387256,0.48060231918853674,0.008773820562757101,7.697992726729552e-05,0.9999230200727327,0.26302192191995005,0.9966953073364178,False,347
2013-10-17,3108,3066,3150,flag_nested,-0.25553731753592746,False,0.4515254248531161,0.2943157385590519,0.015357948545135612,0.00023586658351482104,0.9997641334164852,-0.25571798457986605,0.9966953073364178,False,347
2013-11-06,3122,3080,3164,market_1,0.166222026632569,True,0.05214765908378863,0.04915536249462297,0.05173376527241585,0.0026763824692614957,0.9973236175307385,0.1621165046114675,0.9966008875460296,False,350
2013-11-06,3122,3080,3164,block_2_3,-0.3403569183387059,False,0.44633748385976457,0.24528631935017045,-0.049123521570748147,0.0024131203715116456,0.9975868796284884,-0.3414236485940959,0.9966008875460296,False,350
2013-11-06,3122,3080,3164,block_4_6,0.07880251978409664,True,0.6593589948987615,0.5029277692669615,0.006855967618051071,4.700429197956879e-05,0.9999529957080204,0.07878226592810088,0.9966008875460296,False,350
2013-11-06,3122,3080,3164,top_3,-0.33368309538863083,False,0.4483672084886911,0.24963624472471385,0.011576332803770224,0.00013401148118385997,0.9998659885188161,-0.3338801277343574,0.9966008875460296,False,350
2013-11-06,3122,3080,3164,top_6,0.22194521538905113,True,0.5643237515006295,0.525871001552215,0.004819506965926053,2.322764739470795e-05,0.9999767723526053,0.22191202460965342,0.9966008875460296,False,350
2013-11-06,3122,3080,3164,flag_nested,-0.011340400543399694,False,0.3504387426001729,0.26320914295350467,0.012186925033165017,0.00014852114176389097,0.9998514788582361,-0.011569134192580776,0.9966008875460296,False,350
2013-11-26,3136,3094,3178,market_1,0.04850666753200691,True,0.05515581525936533,0.04757137484615377,-0.03960347326204963,0.0015684350944179526,0.998431564905582,0.05240463758312946,0.9960501054354326,False,346
2013-11-26,3136,3094,3178,block_2_3,-0.34627316052507834,False,0.6021160060806996,0.24307324474318986,-0.06269717228913434,0.003930935413053449,0.9960690645869466,-0.3492313189300216,0.9960501054354326,False,346
2013-11-26,3136,3094,3178,block_4_6,-0.09541317511847022,False,0.7131814030698829,0.47119681004745145,-0.003171703079846255,1.0059700426667817e-05,0.9999899402995733,-0.09541839182622623,0.9960501054354326,False,346
2013-11-26,3136,3094,3178,top_3,-0.34088177083602045,False,0.6035356356972303,0.24724791070693258,-0.005866554899302915,3.441646638657758e-05,0.9999655835336134,-0.34084783850213257,0.9960501054354326,False,346
2013-11-26,3136,3094,3178,top_6,0.12545069137259546,True,0.47092309222077494,0.4956886785542559,-0.004344444909462291,1.887420157131725e-05,0.9999811257984287,0.12551000523964967,0.9960501054354326,False,346
2013-11-26,3136,3094,3178,flag_nested,-0.11792570660071874,False,0.4017735825149218,0.25217339899801444,-0.008827411632415887,7.792319612809351e-05,0.9999220768038719,-0.11780469580698448,0.9960501054354326,False,346
2013-12-17,3150,3108,3192,market_1,0.05067743592058833,True,0.052951748415733926,0.044071579189200585,-0.01926371879630294,0.00037109086186304374,0.999628909138137,0.05557612184347435,0.9956409530104177,False,349
2013-12-17,3150,3108,3192,block_2_3,-0.360964533982287,False,0.36646143947853344,0.26273320994568783,-0.01399498115573376,0.000195859497549411,0.9998041405024506,-0.3621569639476746,0.9956409530104177,False,349
2013-12-17,3150,3108,3192,block_4_6,-0.11720164719372526,False,0.5211769206593138,0.43403663716365987,-0.005559027959511236,3.09027918544702e-05,0.9999690972081455,-0.11709015183098646,0.9956409530104177,False,349
2013-12-17,3150,3108,3192,top_3,-0.3530973679881712,False,0.36873337834420505,0.2663818238085433,-0.0029956519206730528,8.973930429867494e-06,0.9999910260695701,-0.3531845600267657,0.9956409530104177,False,349
2013-12-17,3150,3108,3192,top_6,0.1317883153514588,True,0.48060231918853674,0.4397239543804054,-0.0026134457203333705,6.830098533083806e-06,0.9999931699014669,0.13188579976112969,0.9956409530104177,False,349
2013-12-17,3150,3108,3192,flag_nested,-0.09609435637432984,False,0.29431573855905174,0.2404612001690544,-0.00443608593602525,1.9678858431682045e-05,0.9999803211415683,-0.09599290893538708,0.9956409530104177,False,349
2014-01-08,3164,3122,3206,market_1,0.025041671070255473,True,0.049155362494622976,0.04561220887481749,-0.04197569325557345,0.0017619588242862028,0.9982380411757138,0.03423923339586763,0.9952160639536713,False,347
2014-01-08,3164,3122,3206,block_2_3,0.16635596173817382,True,0.24528631935017084,0.6010515576423497,-0.015285314080827308,0.00023364082654941942,0.9997663591734506,0.16594213807189964,0.9952160639536713,False,347
2014-01-08,3164,3122,3206,block_4_6,0.012675320820544494,True,0.5029277692669608,0.6929744572395097,-0.013659134240233857,0.0001865719481928263,0.9998134280518072,0.012868843123810909,0.9952160639536713,False,347
2014-01-08,3164,3122,3206,top_3,0.16172389435332601,True,0.2496362447247142,0.6026269254411271,-0.002640274574941267,6.971049830939435e-06,0.9999930289501691,0.16196954705568584,0.9952160639536713,False,347
2014-01-08,3164,3122,3206,top_6,-0.06163065523012337,False,0.5258710015522143,0.44745420996812324,-0.0037203235225770764,1.384080711241964e-05,0.9999861591928876,-0.06157083422221927,0.9952160639536713,False,347
2014-01-08,3164,3122,3206,flag_nested,0.05521106880001407,True,0.2632091429535046,0.3956042917997074,-0.005619303152778928,3.157656792263097e-05,0.9999684234320774,0.05553403426419272,0.9952160639536713,False,347
2014-01-29,3178,3136,3220,market_1,0.11164998541152243,True,0.04757137484615378,0.04351952072943776,-0.003431893513985687,1.177789309136923e-05,0.9999882221069086,0.11199672493424792,0.9960815786988952,False,347
2014-01-29,3178,3136,3220,block_2_3,0.2679802723857926,True,0.24307324474318961,0.5532353649451964,-0.007851275888015036,6.164253306961687e-05,0.9999383574669304,0.26787876112012976,0.9960815786988952,False,347
2014-01-29,3178,3136,3220,block_4_6,0.17151774136441827,True,0.47119681004745156,0.6691507825714165,0.002910176427947821,8.46912684182577e-06,0.9999915308731582,0.17149439493148205,0.9960815786988952,False,347
2014-01-29,3178,3136,3220,top_3,0.2642951850696322,True,0.24724791070693222,0.5548648623962776,-0.0005701489874909052,3.250698681345199e-07,0.9999996749301319,0.2643233076739472,0.9960815786988952,False,347
2014-01-29,3178,3136,3220,top_6,0.0859803342195424,True,0.49568867855425586,0.47377142746720985,-6.117231449485429e-06,3.742040011189829e-11,0.9999999999625796,0.08598216264549721,0.9960815786988952,False,347
2014-01-29,3178,3136,3220,flag_nested,0.1650759079462841,True,0.25217339899801433,0.37673445303810427,-0.0005532158663579084,3.0604779466258947e-07,0.9999996939522053,0.1650980456308279,0.9960815786988952,False,347
2014-02-19,3192,3150,3234,market_1,0.19805174037695103,True,0.04407157918920062,0.04212363697178518,0.00024344696742488467,5.9266425767035e-08,0.9999999407335742,0.19847305591122705,0.9966480974412237,False,348
2014-02-19,3192,3150,3234,block_2_3,0.45823119657779976,True,0.2627332099456881,0.3252147674282873,0.021515806336876133,0.00046292992232599417,0.999537070077674,0.4581724349674424,0.9966480974412237,False,348
2014-02-19,3192,3150,3234,block_4_6,0.14771704676653408,True,0.43403663716365976,0.6295918897880499,,0.0,1.0,0.14771704676653408,0.9966480974412237,False,348
2014-02-19,3192,3150,3234,top_3,0.45240529818954184,True,0.26638182380854364,0.32746906328713066,-0.000285791457647141,8.167675713544043e-08,0.9999999183232429,0.4524375881005573,0.9966480974412237,False,348
2014-02-19,3192,3150,3234,top_6,-0.001869391133880342,False,0.43972395438040535,0.604967793094628,0.0009008487097228431,8.115283978149535e-07,0.9999991884716022,-0.0018759094371046273,0.9966480974412237,False,348
2014-02-19,3192,3150,3234,flag_nested,0.17806628783583422,True,0.24046120016905453,0.31387481853239696,0.00018168046138873232,3.3007789945749266e-08,0.99999996699221,0.1780839334067165,0.9966480974412237,False,348
2014-03-11,3206,3164,3248,market_1,0.07047802756985178,True,0.0456122088748175,0.04704955543280264,-0.024662071633776442,0.000608217777269493,0.9993917822227305,0.07173167526700136,0.9962546816479401,False,345
2014-03-11,3206,3164,3248,block_2_3,-0.4935659245449517,False,0.6010515576423487,0.2520987365246308,-0.023682593342182996,0.000560865227411278,0.9994391347725887,-0.4937578342774528,0.9962546816479401,False,345
2014-03-11,3206,3164,3248,block_4_6,-0.31683234327427606,False,0.6929744572395102,0.7017462055761478,-0.01440177985124803,0.00020741126288392753,0.9997925887371161,-0.3168200627471463,0.9962546816479401,False,345
2014-03-11,3206,3164,3248,top_3,-0.4837642443908176,False,0.6026269254411262,0.25525408134092914,-0.0036344325117249362,1.320909968227646e-05,0.9999867909003177,-0.4837572403159098,0.9962546816479401,False,345
2014-03-11,3206,3164,3248,top_6,-0.2838665801633657,False,0.44745420996812324,0.7056293135355908,-0.00034384146715506946,1.1822695433760799e-07,0.9999998817730457,-0.28386885636147924,0.9962546816479401,False,345
2014-03-11,3206,3164,3248,flag_nested,-0.30606567946368146,False,0.395604291799707,0.32698215654722884,-0.0037706872774916256,1.4218082544537047e-05,0.9999857819174555,-0.30604932588152006,0.9962546816479401,False,345
2014-03-31,3220,3178,3262,market_1,0.11474850602365406,True,0.04351952072943777,0.05268154124835054,-0.07966935695966823,0.00634720643836717,0.9936527935616328,0.12719348837728087,0.996160261857552,False,346
2014-03-31,3220,3178,3262,block_2_3,0.5223887860690271,True,0.5532353649451967,0.27375457277685766,-0.08452072986244911,0.007143753776481021,0.992856246223519,0.5245282521305641,0.996160261857552,False,346
2014-03-31,3220,3178,3262,block_4_6,0.3276061875033294,True,0.6691507825714172,0.6104984928513459,0.021600168298497008,0.0004665672705234103,0.9995334327294766,0.32735436569735216,0.996160261857552,False,346
2014-03-31,3220,3178,3262,top_3,0.5171822948491186,True,0.5548648623962781,0.27601120410549357,-0.012203027507077194,0.00014891388033855257,0.9998510861196614,0.5173820275090689,0.996160261857552,False,346
2014-03-31,3220,3178,3262,top_6,0.12782463399570046,True,0.47377142746720996,0.6092942314783567,-0.005451394133729459,2.971769800130808e-05,0.9999702823019987,0.12790126336580915,0.996160261857552,False,346
2014-03-31,3220,3178,3262,flag_nested,0.2902756681780203,True,0.3767344530381045,0.30007107458793275,-0.01598205229351964,0.00025542599551275913,0.9997445740044872,0.2906737129444138,0.996160261857552,False,346
2014-04-21,3234,3192,3276,market_1,0.25357664086607784,True,0.04212363697178517,0.05545163580276828,-0.018506320309811874,0.00034248389140922875,0.9996575161085908,0.26209306731548754,0.9958770024863878,False,346
2014-04-21,3234,3192,3276,block_2_3,-0.15416586330815593,False,0.3252147674282869,0.2011744600606837,-0.07698808320954749,0.005927164956280095,0.9940728350437199,-0.15419209623431143,0.9958770024863878,False,346
2014-04-21,3234,3192,3276,block_4_6,0.2278121864574665,True,0.6295918897880504,0.5218011264078368,0.005984243701480629,3.5811172678701375e-05,0.9999641888273213,0.2277885176757949,0.9958770024863878,False,346
2014-04-21,3234,3192,3276,top_3,-0.15127850654206507,False,0.32746906328713044,0.20391098402960164,-0.0023104141194916655,5.3380134037439575e-06,0.9999946619865963,-0.15126812307423626,0.9958770024863878,False,346
2014-04-21,3234,3192,3276,top_6,0.22858708300069355,True,0.6049677930946283,0.5479032274578338,-0.0017285505195344195,2.9878868986754625e-06,0.9999970121131013,0.22862953670722258,0.9958770024863878,False,346
2014-04-21,3234,3192,3276,flag_nested,0.12130736980844327,True,0.313874818532397,0.258781319828721,-0.004231442054660935,1.7905101861837025e-05,0.9999820948981382,0.1215026341159745,0.9958770024863878,False,346
2014-05-09,3248,3206,3290,market_1,0.3890005218269274,True,0.04704955543280262,0.06963197836066055,0.02096943780681385,0.0004397173219339301,0.9995602826780661,0.3900165966520234,0.9956881629056117,False,346
2014-05-09,3248,3206,3290,block_2_3,-0.5179538965922914,False,0.25209873652463116,1.2717430225763646,-0.008979839288076597,8.063751363962535e-05,0.9999193624863604,-0.5188590492995742,0.9956881629056117,False,346
2014-05-09,3248,3206,3290,block_4_6,-0.12101667473440424,False,0.701746205576148,1.3259249605353978,-0.0024780759522977772,6.140860425385419e-06,0.9999938591395746,-0.12104462951404013,0.9956881629056117,False,346
2014-05-09,3248,3206,3290,top_3,-0.5133868272960158,False,0.2552540813409294,1.2713667433837672,0.0015589588465132907,2.4303526849900337e-06,0.999997569647315,-0.5136037116230876,0.9956881629056117,False,346
2014-05-09,3248,3206,3290,top_6,0.20171567864870704,True,0.705629313535591,0.4755808502550512,0.005506276440072929,3.031908023465313e-05,0.9999696809197653,0.20167265564804665,0.9956881629056117,False,346
2014-05-09,3248,3206,3290,flag_nested,-0.17239068941663405,False,0.32698215654722895,0.7624538906229374,0.0027381902955022517,7.497686094315448e-06,0.9999925023139057,-0.17251455740651034,0.9956881629056117,False,346
2014-05-30,3262,3220,3304,market_1,0.3577382438719461,True,0.05268154124835049,0.0604241031134492,0.031514609547557575,0.0009931706149350905,0.9990068293850649,0.35654470924572085,0.9947597016334624,False,347
2014-05-30,3262,3220,3304,block_2_3,0.5493046798169501,True,0.27375457277685783,0.9940112307405325,-0.025322955242558787,0.0006412520622167683,0.9993587479377832,0.5489046758342526,0.9947597016334624,False,347
2014-05-30,3262,3220,3304,block_4_6,0.17023617311334838,True,0.6104984928513455,1.0377574740808284,-0.0033755503304948573,1.1394340033721306e-05,0.9999886056599663,0.17022623194833775,0.9947597016334624,False,347
2014-05-30,3262,3220,3304,top_3,0.5418335789084362,True,0.27601120410549385,0.9947218468292298,0.0022569788437406552,5.0939535010119386e-06,0.999994906046499,0.5418577860474203,0.9947597016334624,False,347
2014-05-30,3262,3220,3304,top_6,-0.10102599503878956,False,0.6092942314783567,0.4020561635209364,0.006342547236182516,4.0227905443113166e-05,0.9999597720945569,-0.10108178859192064,0.9947597016334624,False,347
2014-05-30,3262,3220,3304,flag_nested,0.25868702113717473,True,0.3000710745879328,0.600346940966398,0.004185507477070322,1.7518472840483135e-05,0.9999824815271595,0.25865548766870977,0.9947597016334624,False,347
2014-06-19,3276,3234,3318,market_1,0.268694847432914,True,0.05545163580276832,0.05693798842676272,-0.11341206874763086,0.012862297337617568,0.9871377026623824,0.28579138578795465,0.9942089195228653,False,342
2014-06-19,3276,3234,3318,block_2_3,-0.2239159504424532,False,0.20117446006068387,1.1230777696783631,-0.010103680597648983,0.00010208436161895929,0.999897915638381,-0.22624794584782856,0.9942089195228653,False,342
2014-06-19,3276,3234,3318,block_4_6,-0.12085786738265243,False,0.5218011264078368,1.1704138498903982,0.0019722043348028477,3.889589938244065e-06,0.9999961104100618,-0.12084854691371064,0.9942089195228653,False,342
2014-06-19,3276,3234,3318,top_3,-0.22501726711728057,False,0.20391098402960173,1.1238790066055009,-0.005618481995573109,3.156733993447958e-05,0.9999684326600655,-0.22495455082658544,0.9942089195228653,False,342
2014-06-19,3276,3234,3318,top_6,-0.07431038853744569,False,0.5479032274578335,0.4035883975820153,-0.015412245593211634,0.0002375373142257109,0.9997624626857743,-0.07412854470946002,0.9942089195228653,False,342
2014-06-19,3276,3234,3318,flag_nested,-0.10973409318579709,False,0.258781319828721,0.6718808481663583,-0.011665157772845158,0.000136075905865507,0.9998639240941345,-0.10943415980961753,0.9942089195228653,False,342
2014-07-10,3290,3248,3332,market_1,0.11885489010087875,True,0.06963197836066061,0.04804407890126583,-0.04952902808035097,0.0024531246225840686,0.9975468753774159,0.12666388885308807,0.9937840304661191,False,346
2014-07-10,3290,3248,3332,block_2_3,-0.9279284760790636,False,1.2717430225763635,0.5906994916940774,,0.0,1.0,-0.9279284760790636,0.9937840304661191,False,346
2014-07-10,3290,3248,3332,block_4_6,-0.7265933735593743,False,1.3259249605353969,0.7007140378797482,-0.004435733161964389,1.9675728684109828e-05,0.9999803242713159,-0.7266319177819132,0.9937840304661191,False,346
2014-07-10,3290,3248,3332,top_3,-0.925138628462109,False,1.2713667433837659,0.5925182504107595,-0.0038577844657953883,1.4882500984692015e-05,0.9999851174990153,-0.925142882397617,0.9937840304661191,False,346
2014-07-10,3290,3248,3332,top_6,0.03092597227871429,True,0.4755808502550511,0.45930697078199856,-0.005723772442289172,3.276157097098498e-05,0.999967238429029,0.031050608143378264,0.9937840304661191,False,346
2014-07-10,3290,3248,3332,flag_nested,-0.7700699858998092,False,0.7624538906229366,0.3930581061059159,-0.007435819367981851,5.529140967353019e-05,0.9999447085903265,-0.7700665423149268,0.9937840304661191,False,346
2014-07-30,3304,3262,3346,market_1,0.1862067931819487,True,0.06042410311344922,0.044998893005678504,-0.040075691299175216,0.001606061033106787,0.9983939389668932,0.19179735864440328,0.9926667296131936,False,346
2014-07-30,3304,3262,3346,block_2_3,-0.9400914052659778,False,0.9940112307405318,0.7534360080119515,,0.0,1.0,-0.9400914052659778,0.9926667296131936,False,346
2014-07-30,3304,3262,3346,block_4_6,-0.7913032219554265,False,1.0377574740808289,0.8503770764165334,0.004514380119570046,2.0379627863942318e-05,0.9999796203721361,-0.7915000683810768,0.9926667296131936,False,346
2014-07-30,3304,3262,3346,top_3,-0.9377545407160319,False,0.9947218468292285,0.7546870395957647,-0.0022749642732705,5.1754624444955155e-06,0.9999948245375555,-0.9377641140970499,0.9926667296131936,False,346
2014-07-30,3304,3262,3346,top_6,-0.029342090575763858,False,0.40205616352093626,0.4687292488231551,-0.004676795610123799,2.1872417178880887e-05,0.9999781275828211,-0.02927607737471997,0.9926667296131936,False,346
2014-07-30,3304,3262,3346,flag_nested,-0.8191531664966206,False,0.6003469409663971,0.4780100358779748,-0.004681783094265925,2.191909294158023e-05,0.9999780809070584,-0.8191728370319419,0.9926667296131936,False,346
2014-08-19,3318,3276,3360,market_1,0.2433864064219781,True,0.056937988426762724,0.0484795920983422,-0.1073522423638211,0.011524503940540609,0.9884754960594594,0.2508229972337697,0.9931388285651339,False,350
2014-08-19,3318,3276,3360,block_2_3,-0.9223467325727994,False,1.1230777696783611,0.7871011928288911,-0.018749762274606216,0.000351553585354325,0.9996484464146457,-0.9223296283828482,0.9931388285651339,False,350
2014-08-19,3318,3276,3360,block_4_6,-0.7790848093192628,False,1.170413849890397,0.8894069195733958,-0.0009455724833452869,8.941073210699813e-07,0.9999991058926789,-0.7790959471088402,0.9931388285651339,False,350
2014-08-19,3318,3276,3360,top_3,-0.9198476446768267,False,1.1238790066054987,0.7884519498591691,-0.006595890414366592,4.350577035849845e-05,0.9999564942296415,-0.9198510748636093,0.9931388285651339,False,350
2014-08-19,3318,3276,3360,top_6,0.03947972640411774,True,0.40358839758201503,0.4705960522152284,-0.012674773981210698,0.0001606498954747071,0.9998393501045253,0.03957867858194154,0.9931388285651339,False,350
2014-08-19,3318,3276,3360,flag_nested,-0.8087693172852269,False,0.6718808481663572,0.49646671992090596,-0.013044615830559464,0.00017016200216701804,0.999829837997833,-0.8087766869009572,0.9931388285651339,False,350
2014-09-09,3332,3290,3374,market_1,0.0961390932634139,True,0.04804407890126579,0.052437056997283106,-0.1415294528916448,0.02003058603580843,0.9799694139641916,0.09875691556585235,0.9924306801372235,False,348
2014-09-09,3332,3290,3374,block_2_3,0.7558336834829459,True,0.5906994916940775,0.40849869290994967,0.02911482505011378,0.0008476730376987263,0.9991523269623013,0.7556385586740784,0.9924306801372235,False,348
2014-09-09,3332,3290,3374,block_4_6,0.445110595251194,True,0.700714037879748,0.6463516996705748,-0.020761445453880385,0.00043103761733465085,0.9995689623826653,0.44524997739852373,0.9924306801372235,False,348
2014-09-09,3332,3290,3374,top_3,0.750398046357912,True,0.5925182504107591,0.41063833101429137,-0.017859680413443723,0.00031896818447019193,0.9996810318155298,0.7505502079648239,0.9924306801372235,False,348
2014-09-09,3332,3290,3374,top_6,0.09280220149321672,True,0.4593069707819985,0.5640130693145579,-0.01214859710281134,0.0001475884115664794,0.9998524115884335,0.09283860178790065,0.9924306801372235,False,348
2014-09-09,3332,3290,3374,flag_nested,0.4950186253396716,True,0.39305810610591574,0.3346282240121744,-0.02685996633472087,0.0007214577915023446,0.9992785422084977,0.49525879133350775,0.9924306801372235,False,348
2014-09-29,3346,3304,3388,market_1,0.19981376308652113,True,0.044998893005678484,0.05931277341233922,-0.028633854986137634,0.0008198976513672518,0.9991801023486327,0.20700365590428912,0.9911088030717905,False,349
2014-09-29,3346,3304,3388,block_2_3,-0.5140814908799242,False,0.7534360080119517,0.30600572187359987,0.003936482270750444,1.5495892667916067e-05,0.9999845041073321,-0.5143380844064448,0.9911088030717905,False,349
2014-09-29,3346,3304,3388,block_4_6,-0.27944385054523446,False,0.8503770764165323,0.5814820814648188,-0.015123702490370818,0.00022872637701720766,0.9997712736229828,-0.2795274571942669,0.9911088030717905,False,349
2014-09-29,3346,3304,3388,top_3,-0.5089007537384679,False,0.754687039595765,0.3084422508353951,-0.004953864040527305,2.4540768931990975e-05,0.999975459231068,-0.5088828866347836,0.9911088030717905,False,349
2014-09-29,3346,3304,3388,top_6,0.012772218000338717,True,0.46872924882315503,0.5688689924540546,-0.0023403053127965187,5.477028956923924e-06,0.9999945229710431,0.012810416490178821,0.9911088030717905,False,349
2014-09-29,3346,3304,3388,flag_nested,-0.268928432863833,False,0.478010035877975,0.298605984901978,-0.0066435698128801774,4.41370198586144e-05,0.9999558629801414,-0.26885769523196573,0.9911088030717905,False,349
2014-10-17,3360,3318,3402,market_1,0.21833861168218052,True,0.048479592098342156,0.05277182649567966,0.05970668845989121,0.0035648886468466756,0.9964351113531533,0.2152673284200372,0.992226103924716,False,349
2014-10-17,3360,3318,3402,block_2_3,-0.7619368644054587,False,0.7871011928288918,1.106209325515331,-0.005469257586476146,2.9912778547247498e-05,0.9999700872214528,-0.7621588448922701,0.992226103924716,False,349
2014-10-17,3360,3318,3402,block_4_6,-0.594995809350712,False,0.8894069195733968,1.224003306248317,0.007401950335298113,5.478886876619793e-05,0.9999452111312338,-0.5949663444457893,0.992226103924716,False,349
2014-10-17,3360,3318,3402,top_3,-0.7601936501981653,False,0.7884519498591697,1.1068789106289065,0.0029713991807101213,8.829213090977284e-06,0.999991170786909,-0.760214453520592,0.992226103924716,False,349
2014-10-17,3360,3318,3402,top_6,0.21669202060742096,True,0.4705960522152291,0.6187750458440554,0.004190277774975789,1.755842783146555e-05,0.9999824415721685,0.2166693726106967,0.992226103924716,False,349
2014-10-17,3360,3318,3402,flag_nested,-0.6139480626746577,False,0.49646671992090635,0.6891968268667914,0.00554391827616558,3.073502985262433e-05,0.9999692649701474,-0.6140199633310883,0.992226103924716,False,349
2014-11-06,3374,3332,3416,market_1,0.2623477779691245,True,0.05243705699728315,0.050066293493776746,-0.0014102546228393303,1.9888181013172357e-06,0.9999980111818987,0.26301024332313727,0.9917225317093129,False,346
2014-11-06,3374,3332,3416,block_2_3,-0.5885769665762418,False,0.40849869290994945,0.8418006305362479,,0.0,1.0,-0.5885769665762418,0.9917225317093129,False,346
2014-11-06,3374,3332,3416,block_4_6,-0.37367700319191016,False,0.6463516996705747,0.9974190030749022,0.009259716539485622,8.574235039160438e-05,0.9999142576496084,-0.3736883309416971,0.9917225317093129,False,346
2014-11-06,3374,3332,3416,top_3,-0.5844364588867171,False,0.4106383310142914,0.8430466957436638,0.0002645270617837203,6.997456625246201e-08,0.9999999300254337,-0.5844588026269979,0.9917225317093129,False,346
2014-11-06,3374,3332,3416,top_6,-0.055200209953760626,False,0.5640130693145575,0.613926967011246,-0.0010741939301536062,1.1538925993592741e-06,0.9999988461074006,-0.05519495164863439,0.9917225317093129,False,346
2014-11-06,3374,3332,3416,flag_nested,-0.3801732705504666,False,0.33462822401217424,0.5497577626702931,-0.00015731121706167504,2.4746819038412582e-08,0.999999975253181,-0.3802010761844983,0.9917225317093129,False,346
2014-11-26,3388,3346,3430,market_1,0.13079203060781594,True,0.059312773412339266,0.04528831221226041,-0.08005038078801086,0.006408063464305558,0.9935919365356944,0.1386200445089082,0.9865766531331633,False,346
2014-11-26,3388,3346,3430,block_2_3,0.7188860119448769,True,0.3060057218736001,0.6040559626932356,,0.0,1.0,0.7188860119448769,0.9865766531331633,False,346
2014-11-26,3388,3346,3430,block_4_6,0.45465919337170657,True,0.5814820814648196,0.7361929198286644,0.0069830678413263705,4.876323647640124e-05,0.9999512367635236,0.4546670463064778,0.9865766531331633,False,346
2014-11-26,3388,3346,3430,top_3,0.7106657712776308,True,0.3084422508353952,0.6055925997255491,-0.00563776606933341,3.17844062526218e-05,0.9999682155937474,0.7108579947643945,0.9865766531331633,False,346
2014-11-26,3388,3346,3430,top_6,0.2988140389125371,True,0.5688689924540552,0.5110866903342475,-0.0068666110959489405,4.715034794333661e-05,0.9999528496520567,0.2988904020679654,0.9865766531331633,False,346
2014-11-26,3388,3346,3430,flag_nested,0.4829459951889444,True,0.29860598490197815,0.40967478688583464,-0.010659399654034335,0.00011362280098436983,0.9998863771990156,0.48329612543369554,0.9865766531331633,False,346
2014-12-17,3402,3360,3444,market_1,0.012124299605470103,True,0.052771826495679686,0.044763283214027796,-0.07948381831912725,0.006317677374587993,0.993682322625412,0.028520827369227262,0.9875523243005068,False,347
2014-12-17,3402,3360,3444,block_2_3,0.11238902194186275,True,1.1062093255153318,0.23011097010211165,0.04212878297461655,0.0017748343549223167,0.9982251656450777,0.11274430759173663,0.9875523243005068,False,347
2014-12-17,3402,3360,3444,block_4_6,-0.0671445939749786,False,1.2240033062483175,0.4882102728476443,-0.03446829875193733,0.0011880636188527083,0.9988119363811473,-0.06702703763855168,0.9875523243005068,False,347
2014-12-17,3402,3360,3444,top_3,0.10978656460789209,True,1.1068789106289076,0.23417654138847704,-0.01619583800750706,0.00026230516876535326,0.9997376948312346,0.1099619081602867,0.9875523243005068,False,347
2014-12-17,3402,3360,3444,top_6,-0.10973385684529927,False,0.6187750458440558,0.5239026982098621,-0.006689677967701933,4.4751791311470335e-05,0.9999552482086885,-0.10963788641299411,0.9875523243005068,False,347
2014-12-17,3402,3360,3444,flag_nested,0.02024601580508628,True,0.689196826866792,0.2569610383597442,-0.01717841364517337,0.0002950978953646377,0.9997049021046354,0.020573522084041233,0.9875523243005068,False,347
2015-01-08,3416,3374,3458,market_1,0.14232942329354312,True,0.0500662934937767,0.04789575613442414,-0.057449399805835015,0.00330043353805054,0.9966995664619495,0.15140335597861626,0.9900072388505964,False,347
2015-01-08,3416,3374,3458,block_2_3,-0.05614901540462814,False,0.8418006305362488,0.26327707169323206,-0.03167928166101041,0.0010035768865577221,0.9989964231134423,-0.055824481868541484,0.9900072388505964,False,347
2015-01-08,3416,3374,3458,block_4_6,-0.3226763130579826,False,0.9974190030749035,0.7336702486330966,0.00476072655838011,2.2664517363879533e-05,0.9999773354826361,-0.32265237212582554,0.9900072388505964,False,347
2015-01-08,3416,3374,3458,top_3,-0.05574794735820943,False,0.8430466957436646,0.2667309093319231,-0.011114156880715983,0.00012352448316943487,0.9998764755168306,-0.05566634626337325,0.9900072388505964,False,347
2015-01-08,3416,3374,3458,top_6,-0.3915317055720568,False,0.6139269670112467,0.7480034419175683,-0.004180991398257856,1.748068907225786e-05,0.9999825193109277,-0.3915128107291161,0.9900072388505964,False,347
2015-01-08,3416,3374,3458,flag_nested,-0.17805154541222826,False,0.5497577626702935,0.3453413591025377,-0.010073937284065977,0.00010148421240319117,0.9998985157875968,-0.17793211794353125,0.9900072388505964,False,347
2015-01-29,3430,3388,3472,market_1,0.12497070077291272,True,0.04528831221226042,0.048131368142380754,-0.10274474309248872,0.01055648223314154,0.9894435177668585,0.1269099552093968,0.9887483083120889,False,349
2015-01-29,3430,3388,3472,block_2_3,0.1975991288889565,True,0.604055962693235,0.2991202585320975,-0.012904066117811249,0.00016651492237296228,0.999833485077627,0.1977337833033019,0.9887483083120889,False,349
2015-01-29,3430,3388,3472,block_4_6,-0.0741126388676473,False,0.736192919828664,0.6872518274887466,0.009174949571744105,8.417969964402694e-05,0.999915820300356,-0.07426461474533046,0.9887483083120889,False,349
2015-01-29,3430,3388,3472,top_3,0.19702491006659917,True,0.6055925997255486,0.3027339056212046,-0.015705843339276482,0.00024667351499796375,0.999753326485002,0.19705481493084712,0.9887483083120889,False,349
2015-01-29,3430,3388,3472,top_6,-0.1876182601269492,False,0.5110866903342469,0.6932854080357561,-0.006785151007566009,4.603827419547013e-05,0.9999539617258045,-0.1876226035231115,0.9887483083120889,False,349
2015-01-29,3430,3388,3472,flag_nested,0.008954842345079773,True,0.40967478688583436,0.33611507548660224,-0.017767815159880306,0.00031569525555563693,0.9996843047444444,0.008978442027499879,0.9887483083120889,False,349
2015-02-19,3444,3402,3486,market_1,0.07396992046387764,True,0.04476328321402781,0.051229671498010415,-0.12557684793777024,0.015769544737985863,0.9842304552620141,0.07740491120119869,0.9892046706322979,False,349
2015-02-19,3444,3402,3486,block_2_3,0.2072230430096067,True,0.23011097010211148,0.28571166354619193,-0.01745992575789086,0.00030484900747107524,0.9996951509925289,0.20785349406085818,0.9892046706322979,False,349
2015-02-19,3444,3402,3486,block_4_6,0.24038762063592548,True,0.4882102728476442,1.2143353643961752,-0.0008112347663454194,6.581018459073107e-07,0.9999993418981541,0.24042166658949538,0.9892046706322979,False,349
2015-02-19,3444,3402,3486,top_3,0.20482296001491873,True,0.23417654138847707,0.29005401047577684,-0.021633588878467253,0.00046801216776259924,0.9995319878322374,0.20493534335624072,0.9892046706322979,False,349
2015-02-19,3444,3402,3486,top_6,0.21382909432748018,True,0.5239026982098618,1.2081393135759912,-0.005166453562992691,2.6692242418580037e-05,0.9999733077575814,0.21383779424709887,0.9892046706322979,False,349
2015-02-19,3444,3402,3486,flag_nested,0.2034657758179262,True,0.2569610383597441,0.5233880227971079,-0.014922000348572799,0.00022266609440280138,0.9997773339055972,0.203553076266016,0.9892046706322979,False,349
2015-03-11,3458,3416,3500,market_1,-0.1079611146008477,False,0.04789575613442419,0.058347653350171724,-0.12315551131479882,0.015167279967209568,0.9848327200327904,-0.08544453349983057,0.9867812293456708,False,349
2015-03-11,3458,3416,3500,block_2_3,0.2620985221164813,True,0.2632770716932321,0.23737423398494534,-0.07124529823418957,0.005075892520478575,0.9949241074795214,0.2634105996312027,0.9867812293456708,False,349
2015-03-11,3458,3416,3500,block_4_6,0.7027496276361589,True,0.7336702486330973,0.7462893720719995,-0.01230781570604075,0.00015148232745409995,0.9998485176725459,0.7029984015503834,0.9867812293456708,False,349
2015-03-11,3458,3416,3500,top_3,0.262383038513706,True,0.2667309093319232,0.24130582263151287,-0.02650954104403465,0.0007027557663655815,0.9992972442336344,0.26360239714231504,0.9867812293456708,False,349
2015-03-11,3458,3416,3500,top_6,0.6493333715145525,True,0.7480034419175686,0.7525326929536688,-0.008390026162697089,7.039253901075515e-05,0.9999296074609892,0.6495117659626297,0.9867812293456708,False,349
2015-03-11,3458,3416,3500,flag_nested,0.5603351417175446,True,0.3453413591025379,0.34234221327610037,-0.024734391560875923,0.0006117901258867464,0.9993882098741133,0.5616802687432785,0.9867812293456708,False,349
2015-03-31,3472,3430,3514,market_1,0.10477355017926071,True,0.04813136814238072,0.05530430036278972,-0.08084608557389411,0.006536089552621194,0.9934639104473788,0.10738587909754467,0.988795518207283,False,348
2015-03-31,3472,3430,3514,block_2_3,0.2990573816253924,True,0.299120258532098,0.19952365145664752,-0.0775113180447422,0.006008004425033242,0.9939919955749668,0.2982316366952218,0.988795518207283,False,348
2015-03-31,3472,3430,3514,block_4_6,0.7028831937808672,True,0.6872518274887461,0.9201657221696883,,0.0,1.0,0.7028831937808672,0.988795518207283,False,348
2015-03-31,3472,3430,3514,top_3,0.28721789443984636,True,0.302733905621205,0.20550962447637966,-0.019205735156053557,0.00036886026288451834,0.9996311397371155,0.28736344938198277,0.988795518207283,False,348
2015-03-31,3472,3430,3514,top_6,0.6607768462478811,True,0.6932854080357547,0.9295008620786313,-0.003974974393367389,1.5800421428013856e-05,0.999984199578572,0.6607918309438817,0.988795518207283,False,348
2015-03-31,3472,3430,3514,flag_nested,0.5722154915284079,True,0.33611507548660197,0.4014124350219422,-0.013023469945797896,0.00016961076942911824,0.9998303892305709,0.5723353508405713,0.988795518207283,False,348
2015-04-21,3486,3444,3528,market_1,0.11283297014942166,True,0.051229671498010394,0.055475723293226135,-0.08198552138595411,0.0067216257169268046,0.9932783742830732,0.12092506369174197,0.9886066786265068,False,347
2015-04-21,3486,3444,3528,block_2_3,-0.004817218397578311,False,0.2857116635461923,0.19562737217872772,-0.07794797107630155,0.006075886194911839,0.9939241138050882,-0.005191106362779936,0.9886066786265068,False,347
2015-04-21,3486,3444,3528,block_4_6,0.5669227189579354,True,1.214335364396175,0.49774837866462773,,0.0,1.0,0.5669227189579354,0.9886066786265068,False,347
2015-04-21,3486,3444,3528,top_3,-0.005362125288637093,False,0.29005401047577706,0.2008936651728341,-0.018931363345642643,0.0003583965181247484,0.9996416034818753,-0.0050488529196568,0.9886066786265068,False,347
2015-04-21,3486,3444,3528,top_6,0.5541825326166645,True,1.2081393135759912,0.510976684867109,-0.007485715651754053,5.6035938818754794e-05,0.9999439640611812,0.5542321381459083,0.9886066786265068,False,347
2015-04-21,3486,3444,3528,flag_nested,0.44627039584571304,True,0.5233880227971079,0.2450438862531805,-0.02150383689688746,0.0004624150012877415,0.9995375849987123,0.4466317078200901,0.9886066786265068,False,347
2015-05-11,3500,3458,3542,market_1,0.16444118600054086,True,0.05834765335017171,0.05382348940126826,0.019726608869844574,0.0003891390975040432,0.999610860902496,0.16613256305774057,0.9900229754823278,False,347
2015-05-11,3500,3458,3542,block_2_3,0.3367305053262932,True,0.2373742339849451,0.19466697833212734,-0.031200176997645934,0.0009734510446846034,0.9990265489553154,0.3363352671372643,0.9900229754823278,False,347
2015-05-11,3500,3458,3542,block_4_6,0.6260885258790904,True,0.7462893720719992,0.556751249926117,,0.0,1.0,0.6260885258790904,0.9900229754823278,False,347
2015-05-11,3500,3458,3542,top_3,0.32189518631145336,True,0.24130582263151285,0.20155640410448628,0.008048432549599267,6.477726650544469e-05,0.9999352227334946,0.3220461767968611,0.9900229754823278,False,347
2015-05-11,3500,3458,3542,top_6,0.5792139734940948,True,0.7525326929536688,0.5620522416350556,0.002856090102038418,8.157250670826066e-06,0.9999918427493292,0.5792344191217931,0.9900229754823278,False,347
2015-05-11,3500,3458,3542,flag_nested,0.5174927035942992,True,0.3423422132761003,0.2628480227767951,0.005808243393767663,3.373569132136822e-05,0.9999662643086786,0.517621972703794,0.9900229754823278,False,347
2015-06-01,3514,3472,3556,market_1,0.19095581635638995,True,0.05530430036278975,0.04700813950975454,-0.05308015552451252,0.0028175029105064198,0.9971824970894936,0.19092031594776077,0.9896767695842382,False,348
2015-06-01,3514,3472,3556,block_2_3,0.3886144154112633,True,0.1995236514566473,0.2076734024231672,-0.03342838915844085,0.001117457201728178,0.9988825427982718,0.38764818589144956,0.9896767695842382,False,348
2015-06-01,3514,3472,3556,block_4_6,-0.31647166394958265,False,0.9201657221696887,0.39803426011854626,-0.0029112301021756645,8.475260707796473e-06,0.9999915247392922,-0.31646424381707305,0.9896767695842382,False,348
2015-06-01,3514,3472,3556,top_3,0.37387455288328053,True,0.20550962447637947,0.21265137289212505,-0.009969775594119634,9.939642539713578e-05,0.9999006035746029,0.3739124967301789,0.9896767695842382,False,348
2015-06-01,3514,3472,3556,top_6,-0.3528518209037161,False,0.9295008620786317,0.3950197174518592,-0.0047722645026128,2.277450848275908e-05,0.9999772254915172,-0.35285284686928386,0.9896767695842382,False,348
2015-06-01,3514,3472,3556,flag_nested,-0.18738331990216958,False,0.40141243502194235,0.20806264322817508,-0.0137994988605597,0.00019042616880271535,0.9998095738311973,-0.1874037876040514,0.9896767695842382,False,348
2015-06-19,3528,3486,3570,market_1,0.0698637258484876,True,0.05547572329322608,0.045312426471427,-0.07286887400892599,0.005309872799328819,0.9946901272006712,0.07803426422250402,0.988795518207283,False,349
2015-06-19,3528,3486,3570,block_2_3,0.32975138255226016,True,0.1956273721787276,0.2370440001503553,0.028305344303982634,0.0008011925161670597,0.9991988074838329,0.32913187743423816,0.988795518207283,False,349
2015-06-19,3528,3486,3570,block_4_6,-0.4228281367079385,False,0.49774837866462773,0.5604637277973052,0.006133044430261079,3.76142339836294e-05,0.9999623857660164,-0.422977774605074,0.988795518207283,False,349
2015-06-19,3528,3486,3570,top_3,0.3208612700708243,True,0.20089366517283402,0.24101408642156855,-0.014798133265355973,0.00021898474813919488,0.9997810152518608,0.32135494014253113,0.988795518207283,False,349
2015-06-19,3528,3486,3570,top_6,-0.4746809680021128,False,0.5109766848671088,0.5508607926986502,-0.006548826172600473,4.2887124238832897e-05,0.9999571128757612,-0.4746514923725331,0.988795518207283,False,349
2015-06-19,3528,3486,3570,flag_nested,-0.2572634147231016,False,0.24504388625318035,0.26831029567654274,-0.015494759620809375,0.00024008757570648243,0.9997599124242935,-0.2569683039306056,0.988795518207283,False,349
2015-07-10,3542,3500,3584,market_1,0.054300243833274565,True,0.05382348940126825,0.04997946319816706,-0.15286775348676865,0.023368550056091508,0.9766314499439085,0.08105429218397424,0.9863248670254618,False,350
2015-07-10,3542,3500,3584,block_2_3,0.40118891684289,True,0.1946669783321274,0.19169380335685612,0.03450487496855289,0.0011905863965955277,0.9988094136034045,0.4003823981818986,0.9863248670254618,False,350
2015-07-10,3542,3500,3584,block_4_6,-0.5071509247224297,False,0.5567512499261166,0.5988939019485972,0.00815563994401801,6.651446289651641e-05,0.9999334855371035,-0.50722528127046,0.9863248670254618,False,350
2015-07-10,3542,3500,3584,top_3,0.37376989334776534,True,0.20155640410448636,0.1956459665478545,-0.04156451858110031,0.0017276092048787994,0.9982723907951212,0.3761052530982372,0.9863248670254618,False,350
2015-07-10,3542,3500,3584,top_6,-0.5375954483295508,False,0.5620522416350555,0.5992689235985951,-0.014253773350640589,0.00020317005473147187,0.9997968299452685,-0.5374999761394943,0.9863248670254618,False,350
2015-07-10,3542,3500,3584,flag_nested,-0.3487055582077031,False,0.26284802277679503,0.2740637431004476,-0.03507762040534006,0.0012304394533009244,0.9987695605466991,-0.3477988961630326,0.9863248670254618,False,350
2015-07-30,3556,3514,3598,market_1,0.12195101320289971,True,0.047008139509754555,0.0489847676878921,-0.16002050412293922,0.025606561739759504,0.9743934382602405,0.14257965863523359,0.9861832373398798,False,348
2015-07-30,3556,3514,3598,block_2_3,0.33175263832736124,True,0.2076734024231674,0.16215046215236567,0.013014709449686437,0.00016938266205956953,0.9998306173379404,0.3315307269835594,0.9861832373398798,False,348
2015-07-30,3556,3514,3598,block_4_6,0.07217285172323275,True,0.39803426011854653,0.37977498594887454,-0.013463508506977492,0.00018126606131740886,0.9998187339386826,0.07213478194162587,0.9861832373398798,False,348
2015-07-30,3556,3514,3598,top_3,0.3156189515178737,True,0.21265137289212535,0.1673889197967839,-0.04880529458339043,0.0023819567793714747,0.9976180432206285,0.317243636934922,0.9861832373398798,False,348
2015-07-30,3556,3514,3598,top_6,0.02472332888952337,True,0.3950197174518595,0.4002242594154511,-0.01869640166346918,0.0003495554351620189,0.999650444564838,0.02498618242346031,0.9861832373398798,False,348
2015-07-30,3556,3514,3598,flag_nested,0.11466146829033669,True,0.20806264322817525,0.19605042019794092,-0.04918104018023353,0.002418774713209837,0.9975812252867902,0.11637117325240728,0.9861832373398798,False,348
2015-08-19,3570,3528,3612,market_1,0.03070722719078268,True,0.045312426471427025,0.06141236285607297,-0.13525281569380598,0.018293324153102697,0.9817066758468973,0.04559857921390673,0.9854908255437006,False,347
2015-08-19,3570,3528,3612,block_2_3,0.22664405598805978,True,0.23704400015035518,0.16316213224832224,-0.002759574852906128,7.615253368675745e-06,0.9999923847466313,0.22667209577605496,0.9854908255437006,False,347
2015-08-19,3570,3528,3612,block_4_6,0.06261512863064195,True,0.5604637277973058,0.3689942299633347,-0.023685670572055218,0.0005610109904479188,0.9994389890095521,0.06293791020178233,0.9854908255437006,False,347
2015-08-19,3570,3528,3612,top_3,0.23376946514516453,True,0.24101408642156846,0.16485315415521815,-0.0497380846066513,0.002473877060338414,0.9975261229396616,0.23505533210940976,0.9854908255437006,False,347
2015-08-19,3570,3528,3612,top_6,0.07361196810881393,True,0.5508607926986497,0.39839310612212514,-0.018722130199706512,0.00035051815921482987,0.9996494818407852,0.07378925918929917,0.9854908255437006,False,347
2015-08-19,3570,3528,3612,flag_nested,0.11045622048155329,True,0.2683102956765426,0.19819984096229698,-0.050599421937250214,0.002560301500383888,0.9974396984996161,0.1117177745833419,0.9854908255437006,False,347
2015-09-09,3584,3542,3626,market_1,0.33249264892014735,True,0.04997946319816705,0.04465004404197147,-0.10365826802120827,0.010745036529156704,0.9892549634708433,0.33266425111166803,0.9898026626380889,False,348
2015-09-09,3584,3542,3626,block_2_3,0.1357527475604335,True,0.1916938033568563,0.18048228524982812,,0.0,1.0,0.1357527475604335,0.9898026626380889,False,348
2015-09-09,3584,3542,3626,block_4_6,-0.5887162879416468,False,0.5988939019485968,0.8168386516572388,0.0008958651463573506,8.025743603035096e-07,0.9999991974256397,-0.5887318580098215,0.9898026626380889,False,348
2015-09-09,3584,3542,3626,top_3,0.1323399875756678,True,0.1956459665478546,0.1840184365000959,-0.02443957404429963,0.0005972927794668514,0.9994027072205331,0.13230858458766556,0.9898026626380889,False,348
2015-09-09,3584,3542,3626,top_6,-0.5692331402749087,False,0.5992689235985948,0.8335723255253427,-0.0053785393361507235,2.8928685390394726e-05,0.9999710713146096,-0.5692434620980996,0.9898026626380889,False,348
2015-09-09,3584,3542,3626,flag_nested,-0.45762794682932567,False,0.27406374310044757,0.3592886839351952,-0.015623047380610771,0.00024407960945660445,0.9997559203905434,-0.45773394600192896,0.9898026626380889,False,348
2015-09-29,3598,3556,3640,market_1,0.30244210833685914,True,0.04898476768789208,0.04921183291082565,-0.12319646250711322,0.015177368374266642,0.9848226316257334,0.29046016683084924,0.9897397161111635,False,348
2015-09-29,3598,3556,3640,block_2_3,0.1431831745994351,True,0.16215046215236562,0.17313319472999217,,0.0,1.0,0.1431831745994351,0.9897397161111635,False,348
2015-09-29,3598,3556,3640,block_4_6,-0.1678115434159324,False,0.3797749859488748,1.1819068470523575,0.0035247270129071958,1.2423700515573621e-05,0.9999875762994844,-0.1678769780956009,0.9897397161111635,False,348
2015-09-29,3598,3556,3640,top_3,0.13437502465974083,True,0.16738891979678394,0.1771861916839785,-0.03472320287496758,0.0012057008178961715,0.9987942991821038,0.13317814862040434,0.9897397161111635,False,348
2015-09-29,3598,3556,3640,top_6,-0.14957092236001177,False,0.4002242594154508,1.192082821048652,-0.005428290472763588,2.9466337456707237e-05,0.9999705336625433,-0.1496967807188245,0.9897397161111635,False,348
2015-09-29,3598,3556,3640,flag_nested,-0.10039405846893269,False,0.1960504201979408,0.49973028930229185,-0.01501850742027002,0.00022555556513248476,0.9997744444348675,-0.10113212798289029,0.9897397161111635,False,348
2015-10-19,3612,3570,3654,market_1,0.41391634544129735,True,0.06141236285607304,0.04924030796765994,-0.09895279681816326,0.009791655998136695,0.9902083440018633,0.41422111616187196,0.9915966386554622,False,348
2015-10-19,3612,3570,3654,block_2_3,0.19420508288812832,True,0.16316213224832218,0.15009348575048623,,0.0,1.0,0.19420508288812832,0.9915966386554622,False,348
2015-10-19,3612,3570,3654,block_4_6,0.11495618348534403,True,0.36899422996333425,1.3896717934900822,0.008153402212223656,6.647796763448177e-05,0.9999335220323655,0.11473569427618453,0.9915966386554622,False,348
2015-10-19,3612,3570,3654,top_3,0.1683654957172117,True,0.16485315415521815,0.1548851451857864,-0.031207794757996236,0.0009739264536571257,0.9990260735463429,0.16824008721085926,0.9915966386554622,False,348
2015-10-19,3612,3570,3654,top_6,0.11314253388153252,True,0.3983931061221249,1.3967676444850543,-0.0033892372303124165,1.1486929003212687e-05,0.9999885130709968,0.1131314000900787,0.9915966386554622,False,348
2015-10-19,3612,3570,3654,flag_nested,0.11477425251005323,True,0.19819984096229695,0.5792935808165077,-0.010250618160251126,0.00010507517266722388,0.9998949248273328,0.11471003557176875,0.9915966386554622,False,348
2015-11-06,3626,3584,3668,market_1,0.21310602558968475,True,0.04465004404197146,0.05144809730687047,-0.12252807064110847,0.015013128095032524,0.9849868719049675,0.2244947112173226,0.991313379284298,False,346
2015-11-06,3626,3584,3668,block_2_3,0.14589366920934957,True,0.18048228524982793,0.13478268771222204,,0.0,1.0,0.14589366920934957,0.991313379284298,False,346
2015-11-06,3626,3584,3668,block_4_6,0.8320540214599668,True,0.8168386516572399,0.7375495035477414,,0.0,1.0,0.8320540214599668,0.991313379284298,False,346
2015-11-06,3626,3584,3668,top_3,0.13088556487505915,True,0.1840184365000957,0.1414868678755494,-0.045063330373978736,0.002030703744394402,0.9979692962556056,0.13182872370254103,0.991313379284298,False,346
2015-11-06,3626,3584,3668,top_6,0.8048679935982668,True,0.8335723255253437,0.7501625069609084,-0.008701633752652396,7.57184299653435e-05,0.9999242815700347,0.8049384518891985,0.991313379284298,False,346
2015-11-06,3626,3584,3668,flag_nested,0.7411608557234614,True,0.3592886839351955,0.321108054168511,-0.024199491741749905,0.0005856154005590142,0.999414384599441,0.7416953692289138,0.991313379284298,False,346
2015-11-27,3640,3598,3682,market_1,0.31665008938997047,True,0.04921183291082566,0.04710750460505337,-0.11735352212316476,0.01377184915471208,0.9862281508452879,0.32289880432001067,0.9918641613948951,False,347
2015-11-27,3640,3598,3682,block_2_3,0.1471721379802576,True,0.173133194729992,0.1356277821964817,,0.0,1.0,0.1471721379802576,0.9918641613948951,False,347
2015-11-27,3640,3598,3682,block_4_6,0.5614068382845423,True,1.181906847052357,0.536964979858538,,0.0,1.0,0.5614068382845423,0.9918641613948951,False,347
2015-11-27,3640,3598,3682,top_3,0.1364438991816855,True,0.1771861916839783,0.14118836674892354,-0.03921623763508434,0.0015379132942512364,0.9984620867057488,0.13690773568752668,0.9918641613948951,False,347
2015-11-27,3640,3598,3682,top_6,0.5453216729877646,True,1.1920828210486527,0.5517833420682812,-0.009949704069341243,9.89966110672702e-05,0.9999010033889327,0.5453635938172365,0.9918641613948951,False,347
2015-11-27,3640,3598,3682,flag_nested,0.5053337607716699,True,0.4997302893022922,0.24414745146297331,-0.027720275011500973,0.0007684136467130953,0.9992315863532869,0.5056421524646256,0.9918641613948951,False,347
2015-12-17,3654,3612,3696,market_1,0.10018355627132156,True,0.049240307967659894,0.040850704060056454,-0.1807137179476724,0.03265744785447089,0.9673425521455291,0.10521130931564056,0.9934692978314922,False,347
2015-12-17,3654,3612,3696,block_2_3,0.17173552730114333,True,0.15009348575048637,0.16250246320563347,,0.0,1.0,0.17173552730114333,0.9934692978314922,False,347
2015-12-17,3654,3612,3696,block_4_6,0.2595595621646256,True,1.3896717934900829,0.3620882337287477,,0.0,1.0,0.2595595621646256,0.9934692978314922,False,347
2015-12-17,3654,3612,3696,top_3,0.17874619231447167,True,0.1548851451857865,0.1666165737867286,-0.044717551751234645,0.0019996594346243235,0.9980003405653757,0.17916671537612774,0.9934692978314922,False,347
2015-12-17,3654,3612,3696,top_6,0.2512051265317669,True,1.3967676444850539,0.3800646336483541,-0.019579019464355772,0.0003833380031856848,0.9996166619968143,0.2512580618903135,0.9934692978314922,False,347
2015-12-17,3654,3612,3696,flag_nested,0.2211368818885615,True,0.5792935808165076,0.1870757294093884,-0.048472668886599984,0.0023495996289899512,0.99765040037101,0.22148129591500487,0.9934692978314922,False,347
2016-01-08,3668,3626,3710,market_1,0.10227124762063497,True,0.05144809730687047,0.03938776384658682,-0.12099753995201264,0.014640404674438834,0.9853595953255612,0.100653803186847,0.9940830264690146,False,345
2016-01-08,3668,3626,3710,block_2_3,0.14955667347051677,True,0.13478268771222204,0.18181188397987982,,0.0,1.0,0.14955667347051677,0.9940830264690146,False,345
2016-01-08,3668,3626,3710,block_4_6,0.5690144709145976,True,0.7375495035477412,0.5464134930435147,,0.0,1.0,0.5690144709145976,0.9940830264690146,False,345
2016-01-08,3668,3626,3710,top_3,0.15216172860861543,True,0.14148686787554937,0.18584799461837173,-0.025725021883835693,0.000661776750923937,0.9993382232490761,0.15202453683830766,0.9940830264690146,False,345
2016-01-08,3668,3626,3710,top_6,0.5533088973452305,True,0.7501625069609087,0.559781468678392,-0.00827298997268046,6.844236308811702e-05,0.9999315576369119,0.5533151775792342,0.9940830264690146,False,345
2016-01-08,3668,3626,3710,flag_nested,0.49075055995818084,True,0.3211080541685111,0.2555199348152981,-0.02278763180822319,0.0005192761634271736,0.9994807238365728,0.4907912586136302,0.9940830264690146,False,345
2016-01-29,3682,3640,3724,market_1,0.11507554590166981,True,0.04710750460505333,0.0383511242615901,0.003891507605601037,1.5143831444519584e-05,0.9999848561685555,0.11524111469505927,0.994287602681522,False,348
2016-01-29,3682,3640,3724,block_2_3,0.11441549735326316,True,0.13562778219648158,0.19091361820019612,,0.0,1.0,0.11441549735326316,0.994287602681522,False,348
2016-01-29,3682,3640,3724,block_4_6,0.5851734039479123,True,0.5369649798585377,0.541276306114678,0.02118954368871166,0.00044899676173582037,0.9995510032382642,0.5853357930140624,0.994287602681522,False,348
2016-01-29,3682,3640,3724,top_3,0.11684452575907353,True,0.1411883667489234,0.19471040447745072,0.0006743924648545858,4.5480519672569386e-07,0.9999995451948033,0.11685665243050646,0.994287602681522,False,348
2016-01-29,3682,3640,3724,top_6,0.5652537236325527,True,0.5517833420682811,0.556075863876515,-0.00040638928754936805,1.6515225309543524e-07,0.9999998348477469,0.5652541546507696,0.994287602681522,False,348
2016-01-29,3682,3640,3724,flag_nested,0.48254680314679077,True,0.2441474514629733,0.25621264020416223,0.0004952904789415794,2.4531265852001383e-07,0.9999997546873415,0.48256144943076057,0.994287602681522,False,348
2016-02-19,3696,3654,3738,market_1,0.053325551516788035,True,0.040850704060056475,0.0368290052157226,-0.017712692608287454,0.0003137394794356929,0.9996862605205643,0.05314230369167383,0.9944292323671041,False,348
2016-02-19,3696,3654,3738,block_2_3,0.19959616371541172,True,0.16250246320563336,0.1822011922332019,,0.0,1.0,0.19959616371541172,0.9944292323671041,False,348
2016-02-19,3696,3654,3738,block_4_6,0.20938104135547708,True,0.362088233728748,0.7436724720349335,0.0034536881896614713,1.192796211157976e-05,0.9999880720378884,0.20936331348455925,0.9944292323671041,False,348
2016-02-19,3696,3654,3738,top_3,0.20004495798693156,True,0.1666165737867285,0.1855547436946069,-0.0036907501387012424,1.3621636586580443e-05,0.9999863783634134,0.2000381116685926,0.9944292323671041,False,348
2016-02-19,3696,3654,3738,top_6,0.20825733162051874,True,0.3800646336483542,0.7516557988748194,-0.0009645457574681151,9.303485183353999e-07,0.9999990696514817,0.20825648786180695,0.9944292323671041,False,348
2016-02-19,3696,3654,3738,flag_nested,0.19703989239199546,True,0.1870757294093884,0.3271049320805083,-0.0024997232871560833,6.2486165125497095e-06,0.9999937513834875,0.19703419693148386,0.9944292323671041,False,348
2016-03-10,3710,3668,3752,market_1,0.09034155559399475,True,0.039387763846586855,0.036582517148817696,0.006184341118118796,3.824607506530686e-05,0.9999617539249347,0.09015503623064453,0.9937053473074623,False,349
2016-03-10,3710,3668,3752,block_2_3,0.3297049490351686,True,0.18181188397987988,0.19414039513924117,,0.0,1.0,0.3297049490351686,0.9937053473074623,False,349
2016-03-10,3710,3668,3752,block_4_6,0.5945187205017233,True,0.546413493043515,0.7101625561921542,0.009929387371390859,9.859273357126774e-05,0.9999014072664287,0.5944741865615227,0.9937053473074623,False,349
2016-03-10,3710,3668,3752,top_3,0.3227517125405777,True,0.18584799461837176,0.19730490042946036,0.0009891360173252947,9.783900607462925e-07,0.9999990216099393,0.32275802265194764,0.9937053473074623,False,349
2016-03-10,3710,3668,3752,top_6,0.5715355926998273,True,0.5597814686783924,0.7166768744907934,2.6625768564512305e-05,7.089315801067642e-10,0.9999999992910684,0.5715372505618178,0.9937053473074623,False,349
2016-03-10,3710,3668,3752,flag_nested,0.5235888435394259,True,0.2555199348152982,0.31609963441466576,0.0007607328290266397,5.787144372604303e-07,0.9999994212855627,0.5236012374748029,0.9937053473074623,False,349
2016-03-31,3724,3682,3766,market_1,0.08262915884685373,True,0.038351124261590146,0.03712391817695944,-0.050447458431444867,0.002544946062192577,0.9974550539378074,0.09154986372006213,0.9936109275170742,False,349
2016-03-31,3724,3682,3766,block_2_3,0.35903927281796016,True,0.19091361820019637,0.1984304395381169,,0.0,1.0,0.35903927281796016,0.9936109275170742,False,349
2016-03-31,3724,3682,3766,block_4_6,0.4775411293831273,True,0.541276306114678,0.45488684777452176,-0.007984210330114642,6.37476145954885e-05,0.9999362523854045,0.4778147637707718,0.9936109275170742,False,349
2016-03-31,3724,3682,3766,top_3,0.34921968232138373,True,0.194710404477451,0.20185824516770373,-0.009224059645482926,8.508327634337842e-05,0.9999149167236566,0.3496730573410069,0.9936109275170742,False,349
2016-03-31,3724,3682,3766,top_6,0.44876064068368793,True,0.5560758638765149,0.4702105763684717,-0.00486305717646461,2.3649325101460228e-05,0.9999763506748985,0.4488254787046598,0.9936109275170742,False,349
2016-03-31,3724,3682,3766,flag_nested,0.41580702356274546,True,0.2562126402041623,0.22761832095930434,-0.010311112894720658,0.00010631904912761225,0.9998936809508724,0.4162711295149275,0.9936109275170742,False,349
2016-04-20,3738,3696,3780,market_1,0.2038532193825423,True,0.036829005215722584,0.03792335254022442,0.07796289123910924,0.006078212410361106,0.9939217875896389,0.1976409426330321,0.9946023353161489,False,350
2016-04-20,3738,3696,3780,block_2_3,0.45094075843595177,True,0.18220119223320203,0.1812624047696065,,0.0,1.0,0.45094075843595177,0.9946023353161489,False,350
2016-04-20,3738,3696,3780,block_4_6,0.4265433885669692,True,0.7436724720349337,0.5112935712096958,0.0006240243019586725,3.8940632918205154e-07,0.9999996105936708,0.4265430399723578,0.9946023353161489,False,350
2016-04-20,3738,3696,3780,top_3,0.4446469439228499,True,0.18555474369460706,0.18490071555163895,0.015956148348974276,0.0002545986701344427,0.9997454013298656,0.44447208989369436,0.9946023353161489,False,350
2016-04-20,3738,3696,3780,top_6,0.3992927411507066,True,0.7516557988748199,0.5264355100253542,0.003674076351133857,1.3498837034164879e-05,0.9999865011629658,0.39928294910821416,0.9946023353161489,False,350
2016-04-20,3738,3696,3780,flag_nested,0.3989358688397162,True,0.32710493208050856,0.24294717513827704,0.014325891970320373,0.00020523118074544655,0.9997947688192546,0.3988177582499928,0.9946023353161489,False,350
2016-05-10,3752,3710,3794,market_1,-0.06398564275372438,False,0.03658251714881766,0.053681975211703065,-0.025772598578562015,0.0006642268374915661,0.9993357731625084,-0.06246802397029096,0.9946180719478803,False,351
2016-05-10,3752,3710,3794,block_2_3,0.2571915843406444,True,0.19414039513924092,0.18491108600394798,0.057665713270956806,0.0033253344870480817,0.9966746655129519,0.2582364900895815,0.9946180719478803,False,351
2016-05-10,3752,3710,3794,block_4_6,-0.01611645481995065,False,0.7101625561921536,0.4871044872278865,0.006881532820059975,4.7355493953515904e-05,0.9999526445060465,-0.016088327795806275,0.9946180719478803,False,351
2016-05-10,3752,3710,3794,top_3,0.24608693099651494,True,0.19730490042945995,0.19142298157798623,-0.007224379712779337,5.2191662234579717e-05,0.9999478083377654,0.24620243309712617,0.9946180719478803,False,351
2016-05-10,3752,3710,3794,top_6,-0.020238922865437534,False,0.7166768744907929,0.502565027806636,-0.003502285447319652,1.2266003354577393e-05,0.9999877339966454,-0.020227635202109948,0.9946180719478803,False,351
2016-05-10,3752,3710,3794,flag_nested,0.023249635892572618,True,0.3160996344146655,0.23914697353387673,-0.007298630728923255,5.327001051724789e-05,0.9999467299894828,0.02331878295722062,0.9946180719478803,False,351
2016-05-31,3766,3724,3808,market_1,0.05044713262750913,True,0.0371239181769594,0.05048798982367691,-0.01108361830121293,0.0001228465946470081,0.999877153405353,0.0514404294185196,0.9932175117237907,False,349
2016-05-31,3766,3724,3808,block_2_3,0.36562599045528,True,0.19843043953811687,0.17202735693986893,,0.0,1.0,0.36562599045528,0.9932175117237907,False,349
2016-05-31,3766,3724,3808,block_4_6,0.21334708319933673,True,0.45488684777452176,0.540869146849956,-0.02402036683839576,0.0005769780230511223,0.9994230219769489,0.2134871405124663,0.9932175117237907,False,349
2016-05-31,3766,3724,3808,top_3,0.347945601199595,True,0.20185824516770365,0.17922114163057024,-0.003289034123133829,1.0817745463076456e-05,0.9999891822545369,0.34802752092706507,0.9932175117237907,False,349
2016-05-31,3766,3724,3808,top_6,0.20187955396741014,True,0.47021057636847147,0.5554136613567202,-0.0023045199426007675,5.310812165926215e-06,0.9999946891878341,0.20189706526020576,0.9932175117237907,False,349
2016-05-31,3766,3724,3808,flag_nested,0.22592883108736803,True,0.2276183209593043,0.25430263897405836,-0.003112056437406947,9.684895269534977e-06,0.9999903151047305,0.22600291554320084,0.9932175117237907,False,349
2016-06-20,3780,3738,3822,market_1,-0.014394006415430247,False,0.037923352540224387,0.05732427376572755,0.02034467556224152,0.0004139058237327964,0.9995860941762672,-0.020652346383647102,0.9910458565448651,False,350
2016-06-20,3780,3738,3822,block_2_3,0.2847387868348494,True,0.18126240476960653,0.17025393219190774,,0.0,1.0,0.2847387868348494,0.9910458565448651,False,350
2016-06-20,3780,3738,3822,block_4_6,0.2668585574940094,True,0.5112935712096954,0.42839284819904855,-0.009582340156251725,9.182124287032689e-05,0.9999081787571297,0.2667854141603422,0.9910458565448651,False,350
2016-06-20,3780,3738,3822,top_3,0.2703288998298014,True,0.18490071555163887,0.1773492640154106,0.00653278659621818,4.2677300711724264e-05,0.9999573226992883,0.2703848267431652,0.9910458565448651,False,350
2016-06-20,3780,3738,3822,top_6,0.2522416508732769,True,0.5264355100253545,0.45331728213999173,0.0024284135219703393,5.897192233650372e-06,0.9999941028077663,0.25224259879784594,0.9910458565448651,False,350
2016-06-20,3780,3738,3822,flag_nested,0.24336320366124986,True,0.24294717513827707,0.21913409720876886,0.006468141558502218,4.183685522096692e-05,0.999958163144779,0.24335801331509685,0.9910458565448651,False,350
2016-07-11,3794,3752,3836,market_1,0.16769743008409285,True,0.05368197521170309,0.04790001056024381,-0.052948538116501784,0.0028035476886744126,0.9971964523113256,0.1787009387382521,0.99040065464388,False,349
2016-07-11,3794,3752,3836,block_2_3,0.18001111439005385,True,0.18491108600394832,0.1711715776055229,,0.0,1.0,0.18001111439005385,0.99040065464388,False,349
2016-07-11,3794,3752,3836,block_4_6,0.31097593225836173,True,0.48710448722788635,0.4289732832438352,-0.007927933079167001,6.285212290779718e-05,0.9999371478770922,0.3109305829014871,0.99040065464388,False,349
2016-07-11,3794,3752,3836,top_3,0.17748167278635513,True,0.19142298157798662,0.1767685636047895,-0.01400078907008486,0.0001960220945850244,0.999803977905415,0.17829253939790876,0.99040065464388,False,349
2016-07-11,3794,3752,3836,top_6,0.2926816077569133,True,0.502565027806636,0.45374925176024233,-0.00438155201096761,1.9197998024855778e-05,0.9999808020019751,0.29281135624608257,0.99040065464388,False,349
2016-07-11,3794,3752,3836,flag_nested,0.26141462565589835,True,0.23914697353387684,0.21685213844953188,-0.013904311398239692,0.0001933298754592805,0.9998066701245407,0.26230788748795864,0.99040065464388,False,349
2016-07-29,3808,3766,3850,market_1,0.17322525948948955,True,0.050487989823676895,0.053500677823859324,0.010549196682164013,0.00011128555063899537,0.999888714449361,0.17446611313478025,0.9903691813804173,False,348
2016-07-29,3808,3766,3850,block_2_3,0.13542973686494925,True,0.17202735693986893,0.1843910447188962,,0.0,1.0,0.13542973686494925,0.9903691813804173,False,348
2016-07-29,3808,3766,3850,block_4_6,0.24155813398267847,True,0.5408691468499557,0.3577499280680277,-0.007435238113337739,5.528276580213376e-05,0.9999447172341979,0.24150095566270657,0.9903691813804173,False,348
2016-07-29,3808,3766,3850,top_3,0.13697049721729423,True,0.17922114163057032,0.18798061256181461,0.003416141485925665,1.1670022651899536e-05,0.9999883299773481,0.13698777748674132,0.9903691813804173,False,348
2016-07-29,3808,3766,3850,top_6,0.23330424342762857,True,0.5554136613567204,0.376352884514771,0.001745529152524507,3.0468720222387446e-06,0.9999969531279778,0.2333126656304271,0.9903691813804173,False,348
2016-07-29,3808,3766,3850,flag_nested,0.2037643882497507,True,0.2543026389740584,0.19557132128139046,0.0037069979537974573,1.3741833829294947e-05,0.9999862581661707,0.20381771224375173,0.9903691813804173,False,348
2016-08-18,3822,3780,3864,market_1,0.20166349921406213,True,0.05732427376572765,0.05021982634316698,-0.10406469286331231,0.010829460300735616,0.9891705396992644,0.2137159906033496,0.9868127026091336,False,349
2016-08-18,3822,3780,3864,block_2_3,0.15403404196964415,True,0.17025393219190782,0.16100857163350207,,0.0,1.0,0.15403404196964415,0.9868127026091336,False,349
2016-08-18,3822,3780,3864,block_4_6,0.06051903304367921,True,0.42839284819904855,0.39901433671652137,0.00019662120360569826,3.8659897727555403e-08,0.9999999613401023,0.06051970951867405,0.9868127026091336,False,349
2016-08-18,3822,3780,3864,top_3,0.13766554217013,True,0.1773492640154106,0.16650409058639482,-0.03227752355059683,0.0010418385265592578,0.9989581614734407,0.13881802580243569,0.9868127026091336,False,349
2016-08-18,3822,3780,3864,top_6,0.057925883830037585,True,0.45331728213999173,0.4215033186792302,-0.012940832818375317,0.0001674651540333194,0.9998325348459667,0.05808959411733219,0.9868127026091336,False,349
2016-08-18,3822,3780,3864,flag_nested,0.08481114440465111,True,0.2191340972087689,0.2034061854882313,-0.031818415560323596,0.0010124115687694113,0.9989875884312306,0.08586979507455648,0.9868127026091336,False,349
2016-09-08,3836,3794,3878,market_1,0.13444566721008244,True,0.04790001056024386,0.05154015915845587,-0.1386505387013132,0.01922397188216418,0.9807760281178358,0.15521538782186375,0.9861202908129544,False,349
2016-09-08,3836,3794,3878,block_2_3,0.13301677535900194,True,0.17117157760552287,0.15392904679709932,,0.0,1.0,0.13301677535900194,0.9861202908129544,False,349
2016-09-08,3836,3794,3878,block_4_6,0.15285128589365404,True,0.42897328324383543,0.4392751807282259,0.01273894694927938,0.00016228076937652158,0.9998377192306235,0.1530807213747591,0.9861202908129544,False,349
2016-09-08,3836,3794,3878,top_3,0.12504138043288346,True,0.17676856360478937,0.16111046649029528,-0.0436966365121279,0.0019093960424729772,0.998090603957527,0.1267951752269904,0.9861202908129544,False,349
2016-09-08,3836,3794,3878,top_6,0.1332325627096253,True,0.4537492517602426,0.4612856632704625,-0.015529866238155292,0.00024117674537493805,0.9997588232546251,0.13346683756802383,0.9861202908129544,False,349
2016-09-08,3836,3794,3878,flag_nested,0.1314905121082022,True,0.21685213844953194,0.2162698761581562,-0.04034602403736677,0.0016278016556238173,0.9983721983443762,0.13309460857554475,0.9861202908129544,False,349
2016-09-28,3850,3808,3892,market_1,0.2837680564176864,True,0.05350067782385934,0.058916385908069,-0.09927148517347278,0.009854827768546959,0.990145172231453,0.29932683124031495,0.9886066786265068,False,347
2016-09-28,3850,3808,3892,block_2_3,-0.06875261536727546,False,0.18439104471889603,0.1469667440309217,,0.0,1.0,-0.06875261536727546,0.9886066786265068,False,347
2016-09-28,3850,3808,3892,block_4_6,0.10022343867663133,True,0.35774992806802774,0.49444740196127024,-0.00035101248537905964,1.2320976483515267e-07,0.9999998767902352,0.1002245607476494,0.9886066786265068,False,347
2016-09-28,3850,3808,3892,top_3,-0.07135090931100162,False,0.18798061256181456,0.15513885562517069,-0.038219051918708453,0.0014606959295648814,0.9985393040704351,-0.0701395908810482,0.9886066786265068,False,347
2016-09-28,3850,3808,3892,top_6,0.12441266472133485,True,0.3763528845147711,0.5093905169651799,-0.011351342035904785,0.00012885296601605756,0.9998711470339839,0.12462980082841961,0.9886066786265068,False,347
2016-09-28,3850,3808,3892,flag_nested,0.09126570125350222,True,0.19557132128139046,0.23396640463758872,-0.03067142573465709,0.0009407363565965277,0.9990592636434035,0.09261590116803624,0.9886066786265068,False,347
2016-10-18,3864,3822,3906,market_1,0.21735467724362167,True,0.05021982634316697,0.05496837808524046,-0.10314022041073105,0.010637905066374076,0.9893620949336259,0.22866805622614353,0.9873634847197306,False,350
2016-10-18,3864,3822,3906,block_2_3,-0.0895537826062677,False,0.16100857163350213,0.17901076279469827,,0.0,1.0,-0.0895537826062677,0.9873634847197306,False,350
2016-10-18,3864,3822,3906,block_4_6,0.23947620558461827,True,0.3990143367165209,0.5306748604042447,0.023776870127567486,0.0005653395530632599,0.9994346604469367,0.23993143898585276,0.9873634847197306,False,350
2016-10-18,3864,3822,3906,top_3,-0.07770045789185874,False,0.16650409058639487,0.185814481741559,-0.029908784442267092,0.0008945353868140549,0.999105464613186,-0.07696156947391579,0.9873634847197306,False,350
2016-10-18,3864,3822,3906,top_6,0.25083799285358443,True,0.4215033186792302,0.5393634953088081,-0.010002738073924012,0.00010005476897578802,0.9998999452310242,0.2509691697542186,0.9873634847197306,False,350
2016-10-18,3864,3822,3906,flag_nested,0.18219535837277243,True,0.2034061854882313,0.25102993143495683,-0.02739055350673309,0.0007502424214054226,0.9992497575785946,0.18306649064199387,0.9873634847197306,False,350
2016-11-07,3878,3836,3920,market_1,0.19822946801600141,True,0.051540159158455834,0.04758358094984656,-0.09076650934542159,0.008238559218752495,0.9917614407812475,0.20120865640757754,0.9889056746294024,False,351
2016-11-07,3878,3836,3920,block_2_3,-0.022447472832066377,False,0.15392904679709923,0.19688169043521012,-0.06885410650362757,0.0047408879824129,0.9952591120175871,-0.029800587349809535,0.9889056746294024,False,351
2016-11-07,3878,3836,3920,block_4_6,0.17823264356953117,True,0.43927518072822586,0.5623636650548086,-0.00786133883094438,6.180064821503795e-05,0.999938199351785,0.17838549919368518,0.9889056746294024,False,351
2016-11-07,3878,3836,3920,top_3,-0.017107473347844106,False,0.1611104664902952,0.2013633879737106,-0.020782344093903598,0.0004319058260375819,0.9995680941739624,-0.016960543180999474,0.9889056746294024,False,351
2016-11-07,3878,3836,3920,top_6,0.16785499133385953,True,0.46128566327046183,0.5732545198936684,-0.0072423829913382904,5.245211139315309e-05,0.9999475478886068,0.16787979300986872,0.9889056746294024,False,351
2016-11-07,3878,3836,3920,flag_nested,0.13402470094201357,True,0.216269876158156,0.2656126112929272,-0.01969186076985876,0.0003877693805793836,0.9996122306194206,0.13418685429868624,0.9889056746294024,False,351
2016-11-28,3892,3850,3934,market_1,0.22085950259767007,True,0.058916385908069045,0.049226229322946485,-0.05858635073112741,0.0034323604919906936,0.9965676395080093,0.22747339047860585,0.9854750889119693,False,352
2016-11-28,3892,3850,3934,block_2_3,0.2481067523847405,True,0.14696674403092178,0.23851180881682754,-0.06402317473599353,0.004098966903275603,0.9959010330967244,0.24421729157372823,0.9854750889119693,False,352
2016-11-28,3892,3850,3934,block_4_6,0.1949047584366174,True,0.49444740196126996,0.5415320542320925,0.006015269458769533,3.618346666167671e-05,0.9999638165333383,0.1949511396993863,0.9854750889119693,False,352
2016-11-28,3892,3850,3934,top_3,0.2382874072959526,True,0.15513885562517069,0.24238136278147632,-0.011005039362356705,0.0001211108913671266,0.9998788891086329,0.23884109562709677,0.9854750889119693,False,352
2016-11-28,3892,3850,3934,top_6,0.17852822262663612,True,0.50939051696518,0.5338164144562222,-0.004924887312631311,2.425451504195486e-05,0.999975745484958,0.17859734667345428,0.9854750889119693,False,352
2016-11-28,3892,3850,3934,flag_nested,0.1899843159301026,True,0.23396640463758875,0.2636274973994684,-0.013043111040238121,0.00017012274560790352,0.9998298772543921,0.19044611783670806,0.9854750889119693,False,352
2016-12-16,3906,3864,3948,market_1,0.24362365989502052,True,0.0549683780852404,0.06081583204820866,-0.012492403033692562,0.00015606013355606851,0.9998439398664439,0.24574519539804507,0.9837125861580587,False,348
2016-12-16,3906,3864,3948,block_2_3,0.382156954404559,True,0.1790107627946982,0.17307141806222423,-0.0862819084592643,0.007444567727373008,0.992555432272627,0.376134819852591,0.9837125861580587,False,348
2016-12-16,3906,3864,3948,block_4_6,0.16734471012964972,True,0.5306748604042446,0.4506133708534304,-0.014835821312391853,0.00022010159401308904,0.9997798984059869,0.16692865595662273,0.9837125861580587,False,348
2016-12-16,3906,3864,3948,top_3,0.356321433149669,True,0.18581448174155893,0.17878356320969258,-0.0005579833386064881,3.1134540634525365e-07,0.9999996886545937,0.3564786681694075,0.9837125861580587,False,348
2016-12-16,3906,3864,3948,top_6,0.13330427640993125,True,0.5393634953088086,0.464734546495711,0.0001579964407334658,2.496287532238739e-08,0.9999999750371247,0.13330867500359905,0.9837125861580587,False,348
2016-12-16,3906,3864,3948,flag_nested,0.18337624374820302,True,0.2510299314349569,0.2243868371885102,-0.0028420337979824972,8.077156109065342e-06,0.9999919228438909,0.18350105963969163,0.9837125861580587,False,348
2017-01-09,3920,3878,3962,market_1,0.2643453344476371,True,0.04758358094984653,0.06974150656505923,0.0404533535164209,0.0016364738107244037,0.9983635261892756,0.2617662388784888,0.9851288830138797,False,348
2017-01-09,3920,3878,3962,block_2_3,0.13780527755400102,True,0.19688169043520998,0.18209269765132882,-0.04132370515946963,0.0017076486081066822,0.9982923513918933,0.13531768216132806,0.9851288830138797,False,348
2017-01-09,3920,3878,3962,block_4_6,0.2525715244299158,True,0.5623636650548087,0.3950359744281457,-0.015158710072653925,0.00022978649106675242,0.9997702135089332,0.25261335756942,0.9851288830138797,False,348
2017-01-09,3920,3878,3962,top_3,0.1323481262990621,True,0.20136338797371053,0.1851820062699272,0.01634842978417982,0.00026727115640823307,0.9997327288435918,0.13195972836920497,0.9851288830138797,False,348
2017-01-09,3920,3878,3962,top_6,0.2460875213459069,True,0.5732545198936683,0.4148773845662645,0.007605673566623512,5.7846270401840094e-05,0.9999421537295982,0.24603014554611588,0.9851288830138797,False,348
2017-01-09,3920,3878,3962,flag_nested,0.21793023643446782,True,0.26561261129292724,0.21208931355470664,0.01677027025343768,0.0002812419643734021,0.9997187580356266,0.2176208163141561,0.9851288830138797,False,348
2017-01-30,3934,3892,3976,market_1,0.16524902195467583,True,0.04922622932294648,0.0625639959161689,0.026895617845348496,0.0007233742592830383,0.999276625740717,0.16315690940885322,0.9810688320271929,False,349
2017-01-30,3934,3892,3976,block_2_3,-0.040942685867191166,False,0.23851180881682726,0.25356463883557384,0.029948722585719317,0.0008969259845164057,0.9991030740154836,-0.04345007374189997,0.9810688320271929,False,349
2017-01-30,3934,3892,3976,block_4_6,0.07727671798536044,True,0.5415320542320925,0.4582430971888682,-0.0011138749021422597,1.2407172974571168e-06,0.9999987592827025,0.07727850885132953,0.9810688320271929,False,349
2017-01-30,3934,3892,3976,top_3,-0.03392580843377122,False,0.24238136278147618,0.25602580504520944,0.005372728478640768,2.886621130515632e-05,0.9999711337886948,-0.0340637451189341,0.9810688320271929,False,349
2017-01-30,3934,3892,3976,top_6,0.13436384235651835,True,0.5338164144562223,0.4580771795655167,0.003013549840735357,9.081482642669947e-06,0.9999909185173573,0.13433954573941634,0.9810688320271929,False,349
2017-01-30,3934,3892,3976,flag_nested,0.08131622217138267,True,0.2636274973994684,0.24644764476009381,0.007856778776971196,6.172897275036338e-05,0.9999382710272496,0.08111950491971621,0.9810688320271929,False,349
2017-02-17,3948,3906,3990,market_1,0.28747660077581594,True,0.06081583204820869,0.0611407663347506,-0.053660586886829516,0.0028794585850390186,0.997120541414961,0.3060695421776001,0.9734995121644163,False,347
2017-02-17,3948,3906,3990,block_2_3,0.16330261903047252,True,0.17307141806222412,0.2579087055503423,-0.001015691305046593,1.0316288271416951e-06,0.9999989683711729,0.1640738845897565,0.9734995121644163,False,347
2017-02-17,3948,3906,3990,block_4_6,0.03206424815561296,True,0.4506133708534308,0.4386705269194133,-0.0013923765902175962,1.938712568816392e-06,0.9999980612874312,0.032058955188317195,0.9734995121644163,False,347
2017-02-17,3948,3906,3990,top_3,0.144750831816827,True,0.17878356320969255,0.26085621406625237,-0.01328033235036202,0.00017636722733604948,0.999823632772664,0.1459760301608775,0.9734995121644163,False,347
2017-02-17,3948,3906,3990,top_6,0.04485404639106703,True,0.4647345464957114,0.42760573990376244,-0.00784243078500213,6.150372061730636e-05,0.9999384962793827,0.04506918615790431,0.9734995121644163,False,347
2017-02-17,3948,3906,3990,flag_nested,0.08977154872038738,True,0.22438683718851038,0.2385259445988369,-0.017096531982253742,0.0002922914058199888,0.99970770859418,0.0911639515926833,0.9734995121644163,False,347
2017-03-10,3962,3920,4004,market_1,0.33803760268285654,True,0.06974150656505933,0.06325478972637456,-0.030163743402743273,0.0009098514160663651,0.9990901485839336,0.34693504358517685,0.9696125641267743,False,350
2017-03-10,3962,3920,4004,block_2_3,0.4121489630212025,True,0.18209269765132896,0.2877622454613916,0.02543071815503099,0.0006467214258807363,0.9993532785741193,0.4115117915721398,0.9696125641267743,False,350
2017-03-10,3962,3920,4004,block_4_6,0.03899620256101147,True,0.3950359744281454,0.4166365305006874,0.02001732232868813,0.0004006931932105662,0.9995993068067894,0.039538458842243565,0.9696125641267743,False,350
2017-03-10,3962,3920,4004,top_3,0.3772807258249767,True,0.18518200626992742,0.29128422181900543,-0.00896132139919552,8.03052812196059e-05,0.9999196947187804,0.3782540914020802,0.9696125641267743,False,350
2017-03-10,3962,3920,4004,top_6,-0.017063109221759357,False,0.4148773845662641,0.4099572778457551,-0.007728322430392047,5.972696758804741e-05,0.999940273032412,-0.01689390963901607,0.9696125641267743,False,350
2017-03-10,3962,3920,4004,flag_nested,0.14960451645189798,True,0.21208931355470664,0.2455486971254636,-0.010990884082728306,0.00012079953291999068,0.99987920046708,0.15053231036821962,0.9696125641267743,False,350
2017-03-30,3976,3934,4018,market_1,0.44775806899425136,True,0.06256399591616892,0.06824545853333625,-0.032704301107656465,0.0010695713109405425,0.9989304286890595,0.459543022681699,0.9702105561325653,False,348
2017-03-30,3976,3934,4018,block_2_3,0.29419802319046456,True,0.25356463883557356,0.2984696471469186,0.0259860228456104,0.0006752733833323976,0.9993247266166676,0.29328554377638555,0.9702105561325653,False,348
2017-03-30,3976,3934,4018,block_4_6,0.09583542385140005,True,0.4582430971888679,0.3863571708117026,-0.0006590315792773954,4.343226225334007e-07,0.9999995656773775,0.09583323402957052,0.9702105561325653,False,348
2017-03-30,3976,3934,4018,top_3,0.27531098161023543,True,0.2560258050452093,0.30082970559182126,-0.008559370875998795,7.326282979303045e-05,0.999926737170207,0.27583066590270533,0.9702105561325653,False,348
2017-03-30,3976,3934,4018,top_6,-0.014980544170852537,False,0.45807717956551663,0.3667320260749119,-0.007667320684759129,5.87878064830516e-05,0.999941212193517,-0.01482467326482528,0.9702105561325653,False,348
2017-03-30,3976,3934,4018,flag_nested,0.14518770401266556,True,0.2464476447600937,0.23924675481758909,-0.012145045842065449,0.000147502138505895,0.9998524978614941,0.14598241040426801,0.9702105561325653,False,348
2017-04-20,3990,3948,4032,market_1,0.4814056923967845,True,0.06114076633475061,0.06839595613042863,0.09058285015932414,0.008205252742986446,0.9917947472570136,0.4759744779002987,0.967818588109401,False,350
2017-04-20,3990,3948,4032,block_2_3,0.45391547567494683,True,0.2579087055503424,0.3035693332113116,0.041013337794956896,0.0016820938770830685,0.9983179061229169,0.4529442440360809,0.967818588109401,False,350
2017-04-20,3990,3948,4032,block_4_6,0.2605438567372066,True,0.4386705269194133,0.43168247729212966,-0.011995748945766035,0.00014389799276992576,0.9998561020072301,0.2605443222362225,0.967818588109401,False,350
2017-04-20,3990,3948,4032,top_3,0.4391526903609037,True,0.26085621406625237,0.3062148149800205,0.019423361738008578,0.00037726698120543745,0.9996227330187946,0.438873983409657,0.967818588109401,False,350
2017-04-20,3990,3948,4032,top_6,0.135986648548118,True,0.4276057399037623,0.4275156530907536,0.014280527851116316,0.00020393347570657472,0.9997960665242934,0.13579026506569392,0.967818588109401,False,350
2017-04-20,3990,3948,4032,flag_nested,0.2904126300594782,True,0.2385259445988369,0.2576731457855356,0.02913851272503801,0.0008490529238271982,0.9991509470761728,0.28966369921324003,0.967818588109401,False,350
2017-05-10,4004,3962,4046,market_1,0.40454217732333614,True,0.06325478972637451,0.062384344621769984,0.028766308104600676,0.0008275004819687792,0.9991724995180312,0.4037016472175294,0.9637742737544456,False,349
2017-05-10,4004,3962,4046,block_2_3,0.6779496739523184,True,0.287762245461392,0.41839306168531903,-0.005215513145848045,2.7201577374569297e-05,0.9999727984226254,0.6793416117740699,0.9637742737544456,False,349
2017-05-10,4004,3962,4046,block_4_6,0.13098401981970542,True,0.4166365305006879,0.7308943612824286,-0.012244387481106052,0.00014992502478738956,0.9998500749752126,0.13090569294776466,0.9637742737544456,False,349
2017-05-10,4004,3962,4046,top_3,0.6676257749176846,True,0.29128422181900593,0.4221032562708643,0.0028725456485933823,8.251518503143984e-06,0.9999917484814969,0.6676643400162171,0.9637742737544456,False,349
2017-05-10,4004,3962,4046,top_6,-0.12091665306486782,False,0.40995727784575564,0.6887064015483201,0.0019458874919173186,3.7864781312624274e-06,0.9999962135218687,-0.1209455639093586,0.9637742737544456,False,349
2017-05-10,4004,3962,4046,flag_nested,0.25117317784236765,True,0.2455486971254639,0.3772730364439651,0.005242155474904761,2.748019402287749e-05,0.9999725198059771,0.2511234420573184,0.9637742737544456,False,349
2017-05-31,4018,3976,4060,market_1,0.2133984034331093,True,0.06824545853333623,0.06146749782271174,0.06658624266912642,0.004433727712791824,0.9955662722872082,0.2057123372281974,0.957983193277311,False,349
2017-05-31,4018,3976,4060,block_2_3,0.6426305016757188,True,0.29846964714691915,0.5019324669870383,0.0028324836302363945,8.022963515763593e-06,0.9999919770364842,0.6432949152176247,0.957983193277311,False,349
2017-05-31,4018,3976,4060,block_4_6,0.22143230950750217,True,0.3863571708117025,0.7868916907600525,-0.013751274965452137,0.00018909756317542215,0.9998109024368246,0.2214013546359606,0.957983193277311,False,349
2017-05-31,4018,3976,4060,top_3,0.6425902137432181,True,0.30082970559182176,0.5053556262323533,0.0071610444138684864,5.128055709757717e-05,0.9999487194429024,0.6427655772533817,0.957983193277311,False,349
2017-05-31,4018,3976,4060,top_6,-0.06100580630910321,False,0.36673202607491223,0.7257810387480556,0.005064844568802166,2.5652650506025054e-05,0.999974347349494,-0.06118318921746047,0.957983193277311,False,349
2017-05-31,4018,3976,4060,flag_nested,0.30578408927719025,True,0.2392467548175894,0.4203562484899178,0.01148321600322089,0.00013186424977651434,0.9998681357502235,0.3056448105374821,0.957983193277311,False,349
2017-06-20,4032,3990,4074,market_1,-0.07837764982082912,False,0.06839595613042862,0.055872228979061224,-0.020487703602529456,0.0004197459989051522,0.9995802540010948,-0.07609943555642969,0.9491392062442955,False,346
2017-06-20,4032,3990,4074,block_2_3,0.7163813839845343,True,0.30356933321131174,0.4524266454515904,-0.008450261570628077,7.140692061202714e-05,0.999928593079388,0.719421937002906,0.9491392062442955,False,346
2017-06-20,4032,3990,4074,block_4_6,0.2940932890693351,True,0.43168247729212994,0.8052422144434878,0.0014193534838925776,2.0145643122582158e-06,0.9999979854356877,0.29416116326598624,0.9491392062442955,False,346
2017-06-20,4032,3990,4074,top_3,0.7183463439056795,True,0.3062148149800208,0.4545767458200975,-0.002619982498903771,6.864308294662891e-06,0.9999931356917053,0.7188507588110097,0.9491392062442955,False,346
2017-06-20,4032,3990,4074,top_6,0.13996493787705575,True,0.4275156530907536,0.7353713184421031,-0.0015745884667471976,2.479328839677386e-06,0.9999975206711603,0.14004329728857334,0.9491392062442955,False,346
2017-06-20,4032,3990,4074,flag_nested,0.3890492372686183,True,0.25767314578553563,0.40265395554466454,-0.0035175467373440373,1.2373135049537076e-05,0.9999876268649505,0.389737401113984,0.9491392062442955,False,346
2017-07-11,4046,4004,4088,market_1,0.20261871463757555,True,0.06238434462176996,0.05391550518212779,-0.05171353297774044,0.0026742894930398275,0.9973257105069602,0.21511748367794054,0.9454410977874296,False,346
2017-07-11,4046,4004,4088,block_2_3,0.7735300298171608,True,0.4183930616853186,0.30763447056071436,-0.03371971824368245,0.0011370193984332477,0.9988629806015668,0.7746381166050281,0.9454410977874296,False,346
2017-07-11,4046,4004,4088,block_4_6,0.5926771314412921,True,0.7308943612824285,0.6781229123791398,-0.00016033542398887724,2.5707448059186788e-08,0.9999999742925519,0.5926774797775483,0.9454410977874296,False,346
2017-07-11,4046,4004,4088,top_3,0.760266393245755,True,0.422103256270864,0.31178316065927325,-0.008395898996515817,7.049111995982571e-05,0.9999295088800402,0.7607400395478779,0.9454410977874296,False,346
2017-07-11,4046,4004,4088,top_6,0.5361092646653823,True,0.6887064015483194,0.65168069554371,-0.0033430375415459557,1.117590000410118e-05,0.9999888240999959,0.5362258554723908,0.9454410977874296,False,346
2017-07-11,4046,4004,4088,flag_nested,0.6032968455804768,True,0.37727303644396476,0.3257162614096228,-0.01008713510598094,0.0001017502946463189,0.9998982497053537,0.6040442387956882,0.9454410977874296,False,346
2017-07-31,4060,4018,4102,market_1,-0.06329001478278132,False,0.06146749782271172,0.07491314714319586,-0.08551613142917158,0.007313008734611048,0.992686991265389,-0.05071873421572043,0.9401535895256979,False,347
2017-07-31,4060,4018,4102,block_2_3,0.602172703619898,True,0.5019324669870379,0.23589075133154253,-0.04271374658524076,0.0018244641473481593,0.9981755358526518,0.6057170406278265,0.9401535895256979,False,347
2017-07-31,4060,4018,4102,block_4_6,0.6220185069062243,True,0.7868916907600525,0.8230444737926288,-0.0025666585115664683,6.587735915108972e-06,0.9999934122640849,0.6221232458757333,0.9401535895256979,False,347
2017-07-31,4060,4018,4102,top_3,0.5948888765526323,True,0.5053556262323531,0.23946341126256557,-0.024650185546413482,0.0006076316474726839,0.9993923683525273,0.5956031913915443,0.9401535895256979,False,347
2017-07-31,4060,4018,4102,top_6,0.5760488447378179,True,0.7257810387480551,0.8242883065292284,-0.0064862495849472915,4.2071433678181336e-05,0.9999579285663218,0.5761812165415336,0.9401535895256979,False,347
2017-07-31,4060,4018,4102,flag_nested,0.5196858174252412,True,0.42035624848991754,0.37144056066375347,-0.02036710304287287,0.0004148188863586366,0.9995851811136414,0.5205452603251146,0.9401535895256979,False,347
2017-08-18,4074,4032,4116,market_1,-0.11494121216735491,False,0.05587222897906122,0.08334033513590623,0.04345592419674316,0.0018884173477931032,0.9981115826522069,-0.12178949086958735,0.9411449973247726,False,346
2017-08-18,4074,4032,4116,block_2_3,0.5350201061106944,True,0.45242664545159006,0.22620295152091335,-0.02184087461892123,0.00047702380411940304,0.9995229761958806,0.5347589087111322,0.9411449973247726,False,346
2017-08-18,4074,4032,4116,block_4_6,0.7331292136363227,True,0.8052422144434874,0.6288949205269005,0.006296833490978726,3.9650112013123184e-05,0.9999603498879869,0.7333317603115344,0.9411449973247726,False,346
2017-08-18,4074,4032,4116,top_3,0.5480385959579334,True,0.4545767458200974,0.22769671791283594,0.01797655355780769,0.0003231564778165552,0.9996768435221834,0.5479089918180697,0.9411449973247726,False,346
2017-08-18,4074,4032,4116,top_6,0.6794420615692609,True,0.7353713184421029,0.6398860907387189,0.005478328890861012,3.0012087436359636e-05,0.9999699879125636,0.6794325593691336,0.9411449973247726,False,346
2017-08-18,4074,4032,4116,flag_nested,0.5852447444971424,True,0.4026539555446645,0.3040886571875671,0.014956226046301669,0.00022368869754807452,0.9997763113024519,0.5851219193290539,0.9411449973247726,False,346
2017-09-08,4088,4046,4130,market_1,0.25955504731709517,True,0.0539155051821278,0.06724992814527302,0.027229683158755322,0.0007414556449263365,0.9992585443550737,0.25925111278384605,0.9320177509205929,False,344
2017-09-08,4088,4046,4130,block_2_3,0.4020793007322231,True,0.30763447056071436,0.18134631385559297,0.0033611789139539015,1.1297523691555789e-05,0.9999887024763084,0.40211679728005584,0.9320177509205929,False,344
2017-09-08,4088,4046,4130,block_4_6,0.533269667824353,True,0.6781229123791394,0.46071562617666834,-0.020454333885814427,0.0004183797747124851,0.9995816202252875,0.5330286557368724,0.9320177509205929,False,344
2017-09-08,4088,4046,4130,top_3,0.3877779793877678,True,0.3117831606592732,0.18873348688348476,0.008410863897008408,7.074263149420279e-05,0.9999292573685058,0.38771504331318796,0.9320177509205929,False,344
2017-09-08,4088,4046,4130,top_6,0.4900582696653569,True,0.6516806955437097,0.4826159466960323,0.0050387648540069045,2.5389151254051612e-05,0.999974610848746,0.49004424241471783,0.9320177509205929,False,344
2017-09-08,4088,4046,4130,flag_nested,0.44730578962962797,True,0.3257162614096227,0.23498018610121538,0.009609339943445913,9.233941414865665e-05,0.9999076605858513,0.4472843545632809,0.9320177509205929,False,344
2017-09-28,4102,4060,4144,market_1,-0.11059325318669284,False,0.07491314714319587,0.07545219901354087,0.06178012292991771,0.0038167835892357616,0.9961832164107642,-0.11515856749200057,0.9280678563560255,False,345
2017-09-28,4102,4060,4144,block_2_3,0.48752914409603537,True,0.2358907513315427,0.18936687327199306,-0.018767113368187163,0.0003522045441742838,0.9996477954558257,0.49065824700956395,0.9280678563560255,False,345
2017-09-28,4102,4060,4144,block_4_6,-0.32289911050286785,False,0.8230444737926292,0.4575167359812292,-0.01968174053964082,0.00038737091066987084,0.9996126290893301,-0.3229578320926623,0.9280678563560255,False,345
2017-09-28,4102,4060,4144,top_3,0.48715885307459106,True,0.23946341126256576,0.20066707027858421,0.026095205645597214,0.000680959757685895,0.9993190402423141,0.4869476603378797,0.9280678563560255,False,345
2017-09-28,4102,4060,4144,top_6,-0.33670687731180476,False,0.8242883065292294,0.46986974458667646,0.010739863533512002,0.00011534466871843119,0.9998846553312816,-0.33677963589698373,0.9280678563560255,False,345
2017-09-28,4102,4060,4144,flag_nested,-0.16574081353421768,False,0.37144056066375386,0.23645659541171712,0.025026782717418677,0.0006263398531847209,0.9993736601468153,-0.1661960094339198,0.9280678563560255,False,345
2017-10-18,4116,4074,4158,market_1,-0.2631072343190814,False,0.08334033513590626,0.09795629621025885,-0.01757015434587742,0.0003087103237379152,0.9996912896762621,-0.267032922130731,0.9231108173606521,False,344
2017-10-18,4116,4074,4158,block_2_3,0.38797504655808784,True,0.22620295152091333,0.22402551336298857,-0.05414147818791062,0.0029312996603719776,0.997068700339628,0.38985040413869326,0.9231108173606521,False,344
2017-10-18,4116,4074,4158,block_4_6,-0.38142149775658335,False,0.6288949205269005,0.6490076663194588,,0.0,1.0,-0.38142149775658335,0.9231108173606521,False,344
2017-10-18,4116,4074,4158,top_3,0.44394668252972713,True,0.22769671791283608,0.23220400416524375,-0.003966658189522951,1.5734377192488935e-05,0.9999842656228075,0.44592884160578866,0.9231108173606521,False,344
2017-10-18,4116,4074,4158,top_6,-0.409333714493461,False,0.6398860907387187,0.6514794589656929,-0.0022281485626336073,4.964646017069363e-06,0.9999950353539829,-0.4094562396378361,0.9231108173606521,False,344
2017-10-18,4116,4074,4158,flag_nested,-0.2387562962030907,False,0.30408865718756706,0.3135377437030426,-0.005912198605923993,3.495409235576563e-05,0.9999650459076442,-0.23907010918757857,0.9231108173606521,False,344
2017-11-07,4130,4088,4172,market_1,-0.08786203678841031,False,0.06724992814527306,0.08931688379836158,-0.02920515314157844,0.0008529409700231971,0.9991470590299768,-0.0858120104212178,0.9225285619865924,False,345
2017-11-07,4130,4088,4172,block_2_3,0.30141978040255885,True,0.18134631385559297,0.23817374176738126,0.027445616957928826,0.0007532618902013066,0.9992467381097987,0.30173904980604177,0.9225285619865924,False,345
2017-11-07,4130,4088,4172,block_4_6,0.09779425215795774,True,0.46071562617666867,0.448050363313556,,0.0,1.0,0.09779425215795774,0.9225285619865924,False,345
2017-11-07,4130,4088,4172,top_3,0.32753009292506274,True,0.1887334868834846,0.24594271070539125,-0.012760007141499328,0.0001628177822510235,0.999837182217749,0.3280374824717548,0.9225285619865924,False,345
2017-11-07,4130,4088,4172,top_6,0.0732239966691974,True,0.4826159466960326,0.45081089638287153,-0.0073088955393644794,5.3419954005429204e-05,0.9999465800459946,0.07330957981096035,0.9225285619865924,False,345
2017-11-07,4130,4088,4172,flag_nested,0.12296262538197582,True,0.2349801861012154,0.2490217970996581,-0.013782204579407504,0.00018994916306858123,0.9998100508369314,0.1234096647441859,0.9225285619865924,False,345
2017-11-28,4144,4102,4186,market_1,0.1051791087971636,True,0.07545219901354094,0.07193169747006568,-0.14464888602841303,0.02092330022926081,0.9790766997707392,0.11847000926687395,0.9146287728574576,False,345
2017-11-28,4144,4102,4186,block_2_3,0.14873864769227238,True,0.1893668732719931,0.22947723388186198,0.04718794680999195,0.002226702324142682,0.9977732976758573,0.15173224487248735,0.9146287728574576,False,345
2017-11-28,4144,4102,4186,block_4_6,-0.09067344802917646,False,0.4575167359812293,0.43165503010147704,,0.0,1.0,-0.09067344802917646,0.9146287728574576,False,345
2017-11-28,4144,4102,4186,top_3,0.14841051866960228,True,0.2006670702785843,0.23993440739939337,-0.046444904644070466,0.002157129167396743,0.9978428708326033,0.15014223724246875,0.9146287728574576,False,345
2017-11-28,4144,4102,4186,top_6,-0.08658851240725982,False,0.4698697445866766,0.4432211714298641,-0.02480633901958442,0.0006153544555544954,0.9993846455444455,-0.0862850520540608,0.9146287728574576,False,345
2017-11-28,4144,4102,4186,flag_nested,-0.0009334740447618793,False,0.23645659541171726,0.2389654999915983,-0.054502839103532055,0.002970559470345413,0.9970294405296546,0.0008184045177857131,0.9146287728574576,False,345
2017-12-18,4158,4116,4200,market_1,-0.2249666210723595,False,0.09795629621025871,0.07607672307550663,-0.06145488727268492,0.003776703169698248,0.9962232968303018,-0.2218760550208173,0.9175400497277563,False,347
2017-12-18,4158,4116,4200,block_2_3,0.0898198674994314,True,0.22402551336298868,0.19066077671406667,0.11717939804602841,0.01373101132642951,0.9862689886735705,0.09646900370950288,0.9175400497277563,False,347
2017-12-18,4158,4116,4200,block_4_6,-0.6448967627116956,False,0.6490076663194593,0.8178553550018106,,0.0,1.0,-0.6448967627116956,0.9175400497277563,False,347
2017-12-18,4158,4116,4200,top_3,0.13445064722898353,True,0.23220400416524384,0.1977238145941206,-0.030946453533299605,0.0009576829862889547,0.999042317013711,0.13554073959548904,0.9175400497277563,False,347
2017-12-18,4158,4116,4200,top_6,-0.6430836535459855,False,0.6514794589656936,0.825284667672955,-0.008040532964574422,6.465017035450771e-05,0.9999353498296455,-0.6430547204175309,0.9175400497277563,False,347
2017-12-18,4158,4116,4200,flag_nested,-0.5018933532359272,False,0.31353774370304277,0.3637788254729341,-0.017552373607931132,0.00030808581927277423,0.9996919141807272,-0.5016842543680919,0.9175400497277563,False,347
2018-01-09,4172,4130,4214,market_1,-0.16524583845073132,False,0.08931688379836158,0.07970154766119893,-0.16698007936663076,0.027882346905286237,0.9721176530947138,-0.15588858672554476,0.9169105844585025,False,345
2018-01-09,4172,4130,4214,block_2_3,0.0783249771185292,True,0.2381737417673813,0.15922886663950014,0.007036691873191957,4.9515032518265834e-05,0.9999504849674817,0.07814697385912558,0.9169105844585025,False,345
2018-01-09,4172,4130,4214,block_4_6,-0.17501810515006036,False,0.4480503633135561,0.5616185206442597,,0.0,1.0,-0.17501810515006036,0.9169105844585025,False,345
2018-01-09,4172,4130,4214,top_3,0.09638725487957937,True,0.24594271070539125,0.17404964551446925,-0.07832732007908602,0.006135169070771718,0.9938648309292283,0.09881243680653022,0.9169105844585025,False,345
2018-01-09,4172,4130,4214,top_6,-0.18350341803328432,False,0.4508108963828714,0.5749939397210003,-0.023804360229150702,0.0005666475659191761,0.9994333524340808,-0.18323198642731717,0.9169105844585025,False,345
2018-01-09,4172,4130,4214,flag_nested,-0.11602693756881058,False,0.2490217970996581,0.2674941149261806,-0.061456930839485176,0.0037769543482093493,0.9962230456517907,-0.11435559965263951,0.9169105844585025,False,345
2018-01-30,4186,4144,4228,market_1,0.07304142517849507,True,0.07193169747006561,0.08855058482618199,-0.13204301538480775,0.01743535791191253,0.9825646420880875,0.08725197814471929,0.9189878198470399,False,343
2018-01-30,4186,4144,4228,block_2_3,0.35756176964330977,True,0.22947723388186175,0.16393568178202111,,0.0,1.0,0.35756176964330977,0.9189878198470399,False,343
2018-01-30,4186,4144,4228,block_4_6,0.2405024516312863,True,0.43165503010147727,0.6599443290282001,,0.0,1.0,0.2405024516312863,0.9189878198470399,False,343
2018-01-30,4186,4144,4228,top_3,0.3237148708620735,True,0.2399344073993931,0.17761277234953596,-0.06654240113948136,0.004427891149407559,0.9955721088505924,0.3265103335263832,0.9189878198470399,False,343
2018-01-30,4186,4144,4228,top_6,0.18885491206155758,True,0.44322117142986395,0.6703613293706177,-0.017562972119533445,0.00030845798967171767,0.9996915420103283,0.18918455155496589,0.9189878198470399,False,343
2018-01-30,4186,4144,4228,flag_nested,0.19754533923623221,True,0.23896549999159816,0.30537521787610483,-0.04704283212883395,0.0022130280547016934,0.9977869719452983,0.19959812114260417,0.9189878198470399,False,343
2018-02-20,4200,4158,4242,market_1,0.3024919089368907,True,0.07607672307550668,0.07805938032007037,-0.1027829917395897,0.010564343390940478,0.9894356566090595,0.3128079518626814,0.9209391621817267,False,346
2018-02-20,4200,4158,4242,block_2_3,0.1392184941305392,True,0.1906607767140666,0.15962837602314467,,0.0,1.0,0.1392184941305392,0.9209391621817267,False,346
2018-02-20,4200,4158,4242,block_4_6,0.6021320664323454,True,0.8178553550018102,0.6575144543328668,,0.0,1.0,0.6021320664323454,0.9209391621817267,False,346
2018-02-20,4200,4158,4242,top_3,0.11491194776725147,True,0.19772381459412047,0.1727640965438976,-0.04679147651290862,0.002189442274257991,0.997810557725742,0.11637695072596473,0.9209391621817267,False,346
2018-02-20,4200,4158,4242,top_6,0.5760540061821169,True,0.8252846676729556,0.6704313882935125,-0.011748439886952487,0.00013802583977728933,0.9998619741602227,0.5761867287905182,0.9209391621817267,False,346
2018-02-20,4200,4158,4242,flag_nested,0.5124924185023257,True,0.36377882547293416,0.3015882164072245,-0.032570605119608805,0.0010608443178573568,0.9989391556821426,0.5134801233967753,0.9209391621817267,False,346
2018-03-12,4214,4172,4256,market_1,0.2900255416489039,True,0.07970154766119884,0.07537087602982469,-0.06092889909804718,0.0037123307452999743,0.9962876692547,0.29540083552973306,0.9248575834828313,False,345
2018-03-12,4214,4172,4256,block_2_3,0.33307920499977056,True,0.15922886663950025,0.20270387684267788,,0.0,1.0,0.33307920499977056,0.9248575834828313,False,345
2018-03-12,4214,4172,4256,block_4_6,0.39201285795433766,True,0.5616185206442597,0.7808593096664055,,0.0,1.0,0.39201285795433766,0.9248575834828313,False,345
2018-03-12,4214,4172,4256,top_3,0.3040596832368721,True,0.17404964551446936,0.21238432032147375,-0.022090169701503747,0.00048797559744118146,0.9995120244025588,0.304962378922665,0.9248575834828313,False,345
2018-03-12,4214,4172,4256,top_6,0.36028522984574507,True,0.5749939397210004,0.7901788591249778,-0.005677877646694949,3.2238294570663406e-05,0.9999677617054293,0.3603645705549549,0.9248575834828313,False,345
2018-03-12,4214,4172,4256,flag_nested,0.34682170922482247,True,0.26749411492618064,0.3532424668142029,-0.01595788370341347,0.00025465405229152527,0.9997453459477085,0.3473710652054632,0.9248575834828313,False,345
2018-04-02,4228,4186,4270,market_1,0.24870175326315905,True,0.08855058482618201,0.06892477014088945,-0.02508134106461633,0.0006290736695996335,0.9993709263304004,0.2516390253902212,0.9320177509205929,False,348
2018-04-02,4228,4186,4270,block_2_3,0.15394027256236315,True,0.1639356817820213,0.17807465351706894,,0.0,1.0,0.15394027256236315,0.9320177509205929,False,348
2018-04-02,4228,4186,4270,block_4_6,0.7517219542864452,True,0.6599443290282008,1.0540261930130768,-0.008223892912555238,6.763241463692005e-05,0.9999323675853631,0.751735063353479,0.9320177509205929,False,348
2018-04-02,4228,4186,4270,top_3,0.15497799107578314,True,0.1776127723495362,0.19020971246744273,-0.00947846304483402,8.984126169231388e-05,0.9999101587383077,0.1554608011872658,0.9320177509205929,False,348
2018-04-02,4228,4186,4270,top_6,0.7226091793159585,True,0.6703613293706183,1.0667964881086203,-0.0014565007071091944,2.121394309884117e-06,0.9999978786056901,0.7226635960432961,0.9320177509205929,False,348
2018-04-02,4228,4186,4270,flag_nested,0.6441893473720499,True,0.30537521787610516,0.4544076657416456,-0.004651393164625247,2.1635458371860317e-05,0.9999783645416281,0.6445864601469635,0.9320177509205929,False,348
2018-04-20,4242,4200,4284,market_1,0.3281537701371307,True,0.07805938032007034,0.07389235229666384,0.006620426261107214,4.383004387864542e-05,0.9999561699561214,0.3285617721725585,0.9357315960091902,False,347
2018-04-20,4242,4200,4284,block_2_3,0.09985231265040423,True,0.15962837602314456,0.21112885668925607,,0.0,1.0,0.09985231265040423,0.9357315960091902,False,347
2018-04-20,4242,4200,4284,block_4_6,0.7956131523850077,True,0.657514454332867,0.7531688428644185,-0.017849364171361463,0.00031859980132209476,0.9996814001986779,0.7963127415322091,0.9357315960091902,False,347
2018-04-20,4242,4200,4284,top_3,0.11640203736617435,True,0.17276409654389757,0.22087946613271908,0.0019552506264504947,3.823005012226766e-06,0.9999961769949878,0.11640141981628906,0.9357315960091902,False,347
2018-04-20,4242,4200,4284,top_6,0.7779992758104176,True,0.6704313882935125,0.7678492245964358,0.0013000997349855352,1.6902593209522365e-06,0.999998309740679,0.7780169213521645,0.9357315960091902,False,347
2018-04-20,4242,4200,4284,flag_nested,0.671253162377571,True,0.3015882164072244,0.3463929337229382,0.0018843582141777973,3.550805879215524e-06,0.9999964491941208,0.6713920825502981,0.9357315960091902,False,347
2018-05-10,4256,4214,4298,market_1,0.41910478007789453,True,0.07537087602982474,0.08482659660777074,-0.05377637456283779,0.0028918984611228105,0.9971081015388772,0.4305178757974275,0.9380448808736978,False,348
2018-05-10,4256,4214,4298,block_2_3,0.10536870229004744,True,0.2027038768426776,0.19133545773048943,,0.0,1.0,0.10536870229004744,0.9380448808736978,False,348
2018-05-10,4256,4214,4298,block_4_6,0.6292475375406019,True,0.7808593096664052,0.6844196862198579,-0.013971738048919113,0.00019520946410755968,0.9998047905358924,0.6300073351070904,0.9380448808736978,False,348
2018-05-10,4256,4214,4298,top_3,0.10126924200836845,True,0.21238432032147359,0.19867124509323708,-0.026316402518453946,0.0006925530415130554,0.999307446958487,0.10263132807078647,0.9380448808736978,False,348
2018-05-10,4256,4214,4298,top_6,0.6230006685614757,True,0.7901788591249771,0.7013087766742897,-0.006352971367065592,4.0360245190718125e-05,0.9999596397548093,0.6231363266132793,0.9380448808736978,False,348
2018-05-10,4256,4214,4298,flag_nested,0.545542772346744,True,0.35324246681420257,0.3198822274021403,-0.017987470515318262,0.00032354909553933275,0.9996764509044607,0.5465641815708782,0.9380448808736978,False,348
2018-05-31,4270,4228,4312,market_1,0.29404968890392313,True,0.06892477014088937,0.07457246245983752,-0.04224743343283408,0.0017848456316617023,0.9982151543683383,0.30187647827254477,0.9355270197966827,False,343
2018-05-31,4270,4228,4312,block_2_3,0.20099951215010423,True,0.1780746535170687,0.21028319336100826,,0.0,1.0,0.20099951215010423,0.9355270197966827,False,343
2018-05-31,4270,4228,4312,block_4_6,-0.21660299061378727,False,1.0540261930130772,0.4411576730332487,,0.0,1.0,-0.21660299061378727,0.9355270197966827,False,343
2018-05-31,4270,4228,4312,top_3,0.20044068015858432,True,0.19020971246744264,0.21873344660870883,-0.01656460040391551,0.0002743859865412812,0.9997256140134587,0.20142372111832096,0.9355270197966827,False,343
2018-05-31,4270,4228,4312,top_6,-0.19339108272213948,False,1.0667964881086216,0.4596424723149151,-0.007898181691913433,6.238127403845883e-05,0.9999376187259615,-0.19333890892958902,0.9355270197966827,False,343
2018-05-31,4270,4228,4312,flag_nested,-0.10638771655377822,False,0.4544076657416461,0.2381617645741232,-0.017015804662871576,0.00028953760832495234,0.999710462391675,-0.10603811098498411,0.9355270197966827,False,343
2018-06-20,4284,4242,4326,market_1,0.15819469334854266,True,0.07389235229666385,0.05911132213430882,-0.14762724530816104,0.021793803557275893,0.9782061964427241,0.17187853269400274,0.931608598495578,False,345
2018-06-20,4284,4242,4326,block_2_3,0.27619067732596386,True,0.21112885668925635,0.17984780227547842,,0.0,1.0,0.27619067732596386,0.931608598495578,False,345
2018-06-20,4284,4242,4326,block_4_6,-0.218737785040712,False,0.7531688428644178,0.4031261841247065,,0.0,1.0,-0.218737785040712,0.931608598495578,False,345
2018-06-20,4284,4242,4326,top_3,0.2826232600940957,True,0.22087946613271936,0.18645018457327034,-0.04734690807916863,0.0022417297046570805,0.9977582702953429,0.28420380386453664,0.931608598495578,False,345
2018-06-20,4284,4242,4326,top_6,-0.20779096330107194,False,0.7678492245964356,0.42904596619223945,-0.02046959959586227,0.0004190045076150062,0.999580995492385,-0.20768838931769737,0.931608598495578,False,345
2018-06-20,4284,4242,4326,flag_nested,-0.09228616638051867,False,0.3463929337229382,0.21392080862920654,-0.05012544896608054,0.00251256063405092,0.9974874393659491,-0.09142283563222617,0.931608598495578,False,345
2018-07-11,4298,4256,4340,market_1,-0.14916933083313483,False,0.08482659660777069,0.06171887933249939,-0.13462036930251392,0.01812264383114537,0.9818773561688546,-0.14224657000295732,0.9276901771944733,False,344
2018-07-11,4298,4256,4340,block_2_3,0.3022285942791342,True,0.19133545773048952,0.23452432198053164,,0.0,1.0,0.3022285942791342,0.9276901771944733,False,344
2018-07-11,4298,4256,4340,block_4_6,0.11988787863666034,True,0.6844196862198576,0.41796398995379896,,0.0,1.0,0.11988787863666034,0.9276901771944733,False,344
2018-07-11,4298,4256,4340,top_3,0.32755364781722524,True,0.19867124509323716,0.23721645893466328,-0.03650938724344129,0.001332935356891496,0.9986670646431085,0.3289399546095683,0.9276901771944733,False,344
2018-07-11,4298,4256,4340,top_6,0.09604926583830921,True,0.7013087766742896,0.41394124346900235,-0.02100442657924479,0.0004411859359227943,0.9995588140640772,0.0962395132156215,0.9276901771944733,False,344
2018-07-11,4298,4256,4340,flag_nested,0.12459827489334253,True,0.3198822274021403,0.22610689589219485,-0.04566100324359201,0.0020849272172113187,0.9979150727827887,0.125707208195964,0.9276901771944733,False,344
2018-07-31,4312,4270,4354,market_1,0.048300923115128735,True,0.07457246245983758,0.06238806525276498,-0.0731698431643868,0.005353825948701041,0.994646174051299,0.05149591260738571,0.9300978818493689,False,345
2018-07-31,4312,4270,4354,block_2_3,0.42776857469172536,True,0.21028319336100845,0.23412027613266992,,0.0,1.0,0.42776857469172536,0.9300978818493689,False,345
2018-07-31,4312,4270,4354,block_4_6,0.35545196408186125,True,0.4411576730332487,0.40827519913814875,,0.0,1.0,0.35545196408186125,0.9300978818493689,False,345
2018-07-31,4312,4270,4354,top_3,0.4109743270315976,True,0.21873344660870914,0.2392131704941214,-0.01894272443772236,0.0003588268091234692,0.9996411731908765,0.4113729661942418,0.9300978818493689,False,345
2018-07-31,4312,4270,4354,top_6,0.2713044723626264,True,0.4596424723149152,0.4087182408737372,-0.01111557631354918,0.00012355603678237959,0.9998764439632176,0.2714070598655415,0.9300978818493689,False,345
2018-07-31,4312,4270,4354,flag_nested,0.29594618593246724,True,0.2381617645741233,0.22540707856916747,-0.02474973530786263,0.0006125493978091923,0.9993874506021908,0.2964735491049387,0.9300978818493689,False,345
2018-08-20,4326,4284,4368,market_1,0.27505902642959645,True,0.05911132213430879,0.06574053690609488,-0.05815859806860993,0.003382422529305873,0.9966175774706941,0.2772617925886743,0.9280521197242942,False,344
2018-08-20,4326,4284,4368,block_2_3,0.4490352337289268,True,0.1798478022754782,0.3007886418181029,,0.0,1.0,0.4490352337289268,0.9280521197242942,False,344
2018-08-20,4326,4284,4368,block_4_6,0.35769082379146366,True,0.4031261841247068,0.44001826269617017,,0.0,1.0,0.35769082379146366,0.9280521197242942,False,344
2018-08-20,4326,4284,4368,top_3,0.4227158207603163,True,0.18645018457327023,0.30285815897902246,-0.01184482992318488,0.00014029999590914333,0.9998597000040909,0.4228847784042533,0.9280521197242942,False,344
2018-08-20,4326,4284,4368,top_6,0.3183959195639345,True,0.4290459661922396,0.42937124696530404,-0.00837519345135935,7.01438653477604e-05,0.9999298561346522,0.3184456816870515,0.9280521197242942,False,344
2018-08-20,4326,4284,4368,flag_nested,0.3430901505431061,True,0.21392080862920654,0.25616944450795176,-0.01790798165059996,0.00032069580679805476,0.999679304193202,0.34333796635138014,0.9280521197242942,False,344
2018-09-10,4340,4298,4382,market_1,0.06559963546773684,True,0.06171887933249938,0.060230277515970036,-0.1350468711811993,0.0182376574158315,0.9817623425841685,0.06604113257407405,0.9280678563560255,False,345
2018-09-10,4340,4298,4382,block_2_3,0.6194175688319487,True,0.23452432198053155,0.3083423168425385,,0.0,1.0,0.6194175688319487,0.9280678563560255,False,345
2018-09-10,4340,4298,4382,block_4_6,0.37182473144671957,True,0.4179639899537989,0.41546418955335546,,0.0,1.0,0.37182473144671957,0.9280678563560255,False,345
2018-09-10,4340,4298,4382,top_3,0.6019402215156647,True,0.23721645893466312,0.3132330905951043,-0.026106149374770064,0.0006815310351778736,0.9993184689648221,0.6021766286766322,0.9280678563560255,False,345
2018-09-10,4340,4298,4382,top_6,0.22922115367301604,True,0.4139412434690024,0.4060330628009773,-0.019868993400217198,0.000394776898737792,0.9996052231012622,0.22928925647591442,0.9280678563560255,False,345
2018-09-10,4340,4298,4382,flag_nested,0.377718064785269,True,0.22610689589219488,0.25260605170666056,-0.039447730121303974,0.001556123411723287,0.9984438765882767,0.37802617532185684,0.9280678563560255,False,345
2018-09-28,4354,4312,4396,market_1,-0.3111282058830472,False,0.062388065252765,0.07301469401240228,-0.0705542146185212,0.00497789720043651,0.9950221027995635,-0.3100602341687828,0.9264941931828912,False,344
2018-09-28,4354,4312,4396,block_2_3,0.5417175872907379,True,0.23412027613266975,0.2898756788010288,,0.0,1.0,0.5417175872907379,0.9264941931828912,False,344
2018-09-28,4354,4312,4396,block_4_6,0.33123168597476105,True,0.40827519913814886,0.403208928738368,-0.01307368295513255,0.00017092118601136352,0.9998290788139886,0.3310556834739911,0.9264941931828912,False,344
2018-09-28,4354,4312,4396,top_3,0.5373432133732627,True,0.2392131704941212,0.2928074053467896,-0.017256830214651013,0.0002977981890571746,0.9997022018109428,0.5375754607609433,0.9264941931828912,False,344
2018-09-28,4354,4312,4396,top_6,0.24522736825177396,True,0.40871824087373765,0.41331120903405144,-0.012859362344018755,0.00016536319989468584,0.9998346368001053,0.24530860730124082,0.9264941931828912,False,344
2018-09-28,4354,4312,4396,flag_nested,0.32030953067712215,True,0.2254070785691675,0.24976168041267394,-0.02524275995378094,0.0006371969300841274,0.9993628030699159,0.3206707637849597,0.9264941931828912,False,344
2018-10-18,4368,4326,4410,market_1,-0.272930738460885,False,0.06574053690609492,0.081907709123991,-0.12593097868177816,0.015858611391750377,0.9841413886082496,-0.2659542273352439,0.9262424070751897,False,342
2018-10-18,4368,4326,4410,block_2_3,0.6791847318308256,True,0.3007886418181026,0.3120295430964853,,0.0,1.0,0.6791847318308256,0.9262424070751897,False,342
2018-10-18,4368,4326,4410,block_4_6,0.2891737939417447,True,0.44001826269616995,0.39847863453581794,,0.0,1.0,0.2891737939417447,0.9262424070751897,False,342
2018-10-18,4368,4326,4410,top_3,0.692632838711689,True,0.30285815897902213,0.31301839961843936,-0.0320208490523304,0.001025334774032216,0.9989746652259678,0.6936431596715962,0.9262424070751897,False,342
2018-10-18,4368,4326,4410,top_6,0.14011788521516344,True,0.42937124696530404,0.3752904425233326,-0.026744839542107848,0.000715286442132923,0.9992847135578671,0.14050778613546278,0.9262424070751897,False,342
2018-10-18,4368,4326,4410,flag_nested,0.3765417115362046,True,0.2561694445079517,0.2506847921635118,-0.049926252610397986,0.0024926306997171688,0.9975073693002828,0.37837053384977837,0.9262424070751897,False,342
2018-11-07,4382,4340,4424,market_1,0.08969819227779828,True,0.06023027751597008,0.05602117198724804,-0.13684256734626282,0.018725888237916433,0.9812741117620836,0.10738009506490172,0.9261637239165329,False,343
2018-11-07,4382,4340,4424,block_2_3,0.688151006654654,True,0.30834231684253843,0.24600576228677015,,0.0,1.0,0.688151006654654,0.9261637239165329,False,343
2018-11-07,4382,4340,4424,block_4_6,0.1488536628095159,True,0.41546418955335535,0.4265671212762005,,0.0,1.0,0.1488536628095159,0.9261637239165329,False,343
2018-11-07,4382,4340,4424,top_3,0.6634807781246447,True,0.31323309059510435,0.25173566614169157,-0.030253503869150905,0.0009152744963609738,0.999084725503639,0.6646122132813574,0.9261637239165329,False,343
2018-11-07,4382,4340,4424,top_6,0.07507406070009592,True,0.406033062800977,0.43620928211596155,-0.017508755194172023,0.0003065565084494626,0.9996934434915505,0.07540202293079926,0.9261637239165329,False,343
2018-11-07,4382,4340,4424,flag_nested,0.3339407506441451,True,0.25260605170666056,0.2365905250584766,-0.039610378014052046,0.0015689820464159787,0.998431017953584,0.335741303819855,0.9261637239165329,False,343
2018-11-28,4396,4354,4438,market_1,0.023301961720480272,True,0.07301469401240224,0.05876046374518812,-0.15749952693352956,0.024806100984285706,0.9751938990157143,0.019518580938105823,0.9242595914770403,False,344
2018-11-28,4396,4354,4438,block_2_3,0.6592479272282883,True,0.2898756788010288,0.26182624569014784,,0.0,1.0,0.6592479272282883,0.9242595914770403,False,344
2018-11-28,4396,4354,4438,block_4_6,0.13323585589059292,True,0.4032089287383677,0.43126717932622266,0.019408909435362588,0.0003767057654699979,0.99962329423453,0.1337904481223011,0.9242595914770403,False,344
2018-11-28,4396,4354,4438,top_3,0.659612420514873,True,0.2928074053467895,0.26659744623976034,-0.03428427812947022,0.001175411726858755,0.9988245882731412,0.6597711042786041,0.9242595914770403,False,344
2018-11-28,4396,4354,4438,top_6,0.027217639538552378,True,0.4133112090340512,0.41392445096196623,-0.022060434804906052,0.00048666278378151073,0.9995133372162185,0.027153097278358965,0.9242595914770403,False,344
2018-11-28,4396,4354,4438,flag_nested,0.30603611906090555,True,0.24976168041267383,0.2360079802268652,-0.047823432809750877,0.002287080725708601,0.9977129192742914,0.305962241536169,0.9242595914770403,False,344
2018-12-19,4410,4368,4452,market_1,-0.25099236807412967,False,0.08190770912399102,0.06538527409595196,-0.14907672208150174,0.02222386906656537,0.9777761309334346,-0.25483257944838217,0.9254241022251597,False,345
2018-12-19,4410,4368,4452,block_2_3,0.20706595247848325,True,0.31202954309648573,0.17670391982263808,0.03708860675004127,0.0013755647506591417,0.9986244352493409,0.20781977013167527,0.9254241022251597,False,345
2018-12-19,4410,4368,4452,block_4_6,0.2283990313372633,True,0.3984786345358182,0.33486778643914367,0.024743852027093723,0.0006122582131385945,0.9993877417868614,0.2294858818424852,0.9254241022251597,False,345
2018-12-19,4410,4368,4452,top_3,0.24234477623110065,True,0.3130183996184398,0.1821520316312907,-0.05441070130226551,0.002960524416204313,0.9970394755837957,0.24253597816363395,0.9254241022251597,False,345
2018-12-19,4410,4368,4452,top_6,0.2426887541119033,True,0.3752904425233328,0.3757435467706734,-0.026463965752365322,0.0007003414833424149,0.9992996585166576,0.24274025013086709,0.9254241022251597,False,345
2018-12-19,4410,4368,4452,flag_nested,0.18140967084879128,True,0.2506847921635121,0.19714349368173228,-0.0609166032822276,0.0037108325554445765,0.9962891674445554,0.18155990427252866,0.9254241022251597,False,345
2019-01-10,4424,4382,4466,market_1,0.1386910998118237,True,0.05602117198724802,0.05711790030608656,-0.20926665694990335,0.04379253371098846,0.9562074662890115,0.14426214852223787,0.9376042551852202,False,346
2019-01-10,4424,4382,4466,block_2_3,0.4257816681309344,True,0.2460057622867703,0.1835995265180396,0.03954803873996538,0.0015640473681777234,0.9984359526318223,0.4257850537780232,0.9376042551852202,False,346
2019-01-10,4424,4382,4466,block_4_6,0.04360260208066453,True,0.42656712127620067,0.38225397905648173,0.004618380894133652,2.1329442083328765e-05,0.9999786705579167,0.04360672974312991,0.9376042551852202,False,346
2019-01-10,4424,4382,4466,top_3,0.41580734350140586,True,0.2517356661416915,0.1907706834722297,-0.06289781324101472,0.0039561349105013965,0.9960438650894986,0.4167718179067951,0.9376042551852202,False,346
2019-01-10,4424,4382,4466,top_6,0.013851628545662827,True,0.43620928211596144,0.40733852423975286,-0.029055944596976944,0.0008442479164226802,0.9991557520835773,0.01390044223405676,0.9376042551852202,False,346
2019-01-10,4424,4382,4466,flag_nested,0.15299572600530942,True,0.23659052505847658,0.20747943989987672,-0.07054114584972876,0.004976053257792823,0.9950239467422072,0.1536045211763101,0.9376042551852202,False,346
2019-01-31,4438,4396,4480,market_1,0.1309517706341156,True,0.05876046374518818,0.05289142896688752,-0.13233602244358822,0.017512822836189712,0.9824871771638103,0.13198988383118532,0.9379032511881157,False,346
2019-01-31,4438,4396,4480,block_2_3,0.09560088764574062,True,0.26182624569014756,0.1572680840972915,-0.049121578471716644,0.002412929471553027,0.997587070528447,0.09782645647089672,0.9379032511881157,False,346
2019-01-31,4438,4396,4480,block_4_6,0.062461462362214074,True,0.4312671793262228,0.4181018088844754,-0.004160720154176233,1.7311592201307846e-05,0.9999826884077987,0.06254597225773326,0.9379032511881157,False,346
2019-01-31,4438,4396,4480,top_3,0.10012635573828346,True,0.26659744623976006,0.16575149352807259,-0.04156571318646007,0.0017277085126990999,0.9982722914873009,0.10016764717739303,0.9379032511881157,False,346
2019-01-31,4438,4396,4480,top_6,0.09351430036854129,True,0.41392445096196656,0.4457551761146715,-0.01609244086419803,0.00025896665296765153,0.9997410333470323,0.09350072643715791,0.9379032511881157,False,346
2019-01-31,4438,4396,4480,flag_nested,0.09495155960495205,True,0.2360079802268652,0.2123008132326829,-0.04034964280491452,0.0016280936744842434,0.9983719063255158,0.09499238939052013,0.9379032511881157,False,346
2019-02-21,4452,4410,4494,market_1,0.0826129582167694,True,0.06538527409595189,0.0472950692704764,-0.10894523937479753,0.011869065182431804,0.9881309348175682,0.0903570039160983,0.9416485695401756,False,346
2019-02-21,4452,4410,4494,block_2_3,-0.0487943529402133,False,0.17670391982263783,0.18809102899339547,-0.023616631054667887,0.0005577452623722889,0.9994422547376277,-0.04857675770235078,0.9416485695401756,False,346
2019-02-21,4452,4410,4494,block_4_6,0.2802637206997297,True,0.3348677864391436,0.41320450353186194,-0.014215571263788687,0.00020208246635589067,0.9997979175336441,0.2802095631446659,0.9416485695401756,False,346
2019-02-21,4452,4410,4494,top_3,-0.03877330817297923,False,0.18215203163129048,0.19378924391985247,-0.025686446843864705,0.0006597935514627284,0.9993402064485373,-0.038208864609354395,0.9416485695401756,False,346
2019-02-21,4452,4410,4494,top_6,0.22993444981527136,True,0.3757435467706732,0.44275276187706264,-0.0108827759718102,0.00011843481285278568,0.9998815651871472,0.230067071153177,0.9416485695401756,False,346
2019-02-21,4452,4410,4494,flag_nested,0.1438193051871066,True,0.1971434936817321,0.2177764494964267,-0.028550394620285642,0.0008151250329740956,0.9991848749670259,0.14466182468554195,0.9416485695401756,False,346
2019-03-13,4466,4424,4508,market_1,0.06562066550995814,True,0.05711790030608656,0.047494313833457175,-0.11689097754962229,0.01366350063250632,0.9863364993674937,0.07172173082711247,0.9466685550624744,False,342
2019-03-13,4466,4424,4508,block_2_3,0.16192633030490752,True,0.1835995265180397,0.2428391262267519,-0.028921116930256938,0.0008364310044935985,0.9991635689955064,0.16203821844221583,0.9466685550624744,False,342
2019-03-13,4466,4424,4508,block_4_6,-0.07538761343598491,False,0.38225397905648145,0.8162325287635258,-0.0031107516640719183,9.676775915568037e-06,0.9999903232240844,-0.07536450001422874,0.9466685550624744,False,342
2019-03-13,4466,4424,4508,top_3,0.16005079332299954,True,0.19077068347222972,0.2473306856483233,-0.02155699307715321,0.0004647039505284445,0.9995352960494716,0.16040097340247092,0.9466685550624744,False,342
2019-03-13,4466,4424,4508,top_6,-0.07496732818052719,False,0.4073385242397528,0.822499939088589,-0.006392213780168894,4.086039701123312e-05,0.9999591396029888,-0.07492918889691023,0.9466685550624744,False,342
2019-03-13,4466,4424,4508,flag_nested,-0.019527953097617526,False,0.20747943989987672,0.3679640709377157,-0.018207161574386444,0.00033150073259580193,0.9996684992674042,-0.01924566464315758,0.9466685550624744,False,342
2019-04-02,4480,4438,4522,market_1,0.0025819260291893562,True,0.05289142896688749,0.05372701133361652,-0.195692353626803,0.03829549726799786,0.9617045027320021,0.010032435898888066,0.9461335095836088,False,346
2019-04-02,4480,4438,4522,block_2_3,0.03761931669841004,True,0.15726808409729162,0.2633218039323575,0.014345858486381183,0.00020580365571121195,0.9997941963442888,0.037982047096553444,0.9461335095836088,False,346
2019-04-02,4480,4438,4522,block_4_6,0.026661365003606864,True,0.4181018088844758,0.7158013874106082,-0.009660173812820184,9.331895809383539e-05,0.9999066810419062,0.026744800597764098,0.9461335095836088,False,346
2019-04-02,4480,4438,4522,top_3,0.035586546855977466,True,0.16575149352807259,0.2687206374571818,-0.038878355398594897,0.0015115265184993953,0.9984884734815006,0.03616367903585979,0.9461335095836088,False,346
2019-04-02,4480,4438,4522,top_6,0.012366120895162567,True,0.44575517611467186,0.7065515725463114,-0.01403784447084594,0.0001970610773875947,0.9998029389226124,0.012442332949468022,0.9461335095836088,False,346
2019-04-02,4480,4438,4522,flag_nested,0.016814520435625036,True,0.212300813232683,0.3319026556937815,-0.038499094555330855,0.0014821802815803142,0.9985178197184197,0.017292243906077937,0.9461335095836088,False,346
2019-04-23,4494,4452,4536,market_1,0.17622370684718902,True,0.04729506927047644,0.05049642182167734,-0.08453523352205491,0.0071462057066283835,0.9928537942933716,0.1831682025119129,0.94696755106537,False,346
2019-04-23,4494,4452,4536,block_2_3,-0.09704932802891937,False,0.18809102899339572,0.289016228024589,0.0070031491170017566,4.904409755512873e-05,0.9999509559024449,-0.09681476696197702,0.94696755106537,False,346
2019-04-23,4494,4452,4536,block_4_6,0.1778463581743705,True,0.41320450353186167,0.4613059396510407,0.0049193035119014725,2.4199547042136338e-05,0.9999758004529579,0.17782720191852708,0.94696755106537,False,346
2019-04-23,4494,4452,4536,top_3,-0.08497468926447216,False,0.19378924391985275,0.29306801451196657,-0.014815613963697858,0.00021950241712132001,0.9997804975828787,-0.08473236674605188,0.94696755106537,False,346
2019-04-23,4494,4452,4536,top_6,0.2518493842601071,True,0.44275276187706286,0.426929534137487,-0.011040860950068482,0.00012190061051864376,0.9998780993894814,0.25196134227958883,0.94696755106537,False,346
2019-04-23,4494,4452,4536,flag_nested,0.1248603447407248,True,0.21777644949642685,0.24810813538978682,-0.02139586656005544,0.00045778310585553594,0.9995422168941445,0.12531402991802565,0.94696755106537,False,346
2019-05-13,4508,4466,4550,market_1,0.20588755916990187,True,0.04749431383345717,0.04829195895708713,-0.002147025105234013,4.609716802606023e-06,0.9999953902831974,0.20695682447623465,0.9492965725616089,False,346
2019-05-13,4508,4466,4550,block_2_3,-0.01759718952642304,False,0.24283912622675177,0.23021618622472126,-0.01503586621127898,0.00022607727272361267,0.9997739227272764,-0.01722859673534135,0.9492965725616089,False,346
2019-05-13,4508,4466,4550,block_4_6,-0.6477956633486992,False,0.8162325287635258,0.714455973022992,0.003577672460862608,1.2799740237268153e-05,0.9999872002597627,-0.6477976190210057,0.9492965725616089,False,346
2019-05-13,4508,4466,4550,top_3,-0.008349513089881683,False,0.2473306856483232,0.23521484079851043,0.00016864792020507865,2.8442120991734043e-08,0.999999971557879,-0.008353206868834735,0.9492965725616089,False,346
2019-05-13,4508,4466,4550,top_6,-0.6245390991578887,False,0.8224999390885892,0.7214450172273423,-0.0003612914617203292,1.305315202593249e-07,0.9999998694684797,-0.6245456392099935,0.9492965725616089,False,346
2019-05-13,4508,4466,4550,flag_nested,-0.5093396679368625,False,0.36796407093771577,0.32790436495655645,-0.000333466422020983,1.1119985465768423e-07,0.9999998888001453,-0.5093857762685104,0.9492965725616089,False,346
2019-06-03,4522,4480,4564,market_1,0.16558712398242711,True,0.05372701133361646,0.05276748831427475,0.02346461867539246,0.0005505883295815472,0.9994494116704185,0.1648398461852048,0.9495168854058478,False,347
2019-06-03,4522,4480,4564,block_2_3,-0.06985355028494158,False,0.2633218039323574,0.22594227791693766,0.004811610830751676,2.31515987865194e-05,0.9999768484012135,-0.06985892291532597,0.9495168854058478,False,347
2019-06-03,4522,4480,4564,block_4_6,-0.60938080412943,False,0.7158013874106085,0.6402351004006491,-0.017846083593488604,0.000318482699625644,0.9996815173003744,-0.609875149700577,0.9495168854058478,False,347
2019-06-03,4522,4480,4564,top_3,-0.05895127002871301,False,0.26872063745718167,0.2305808383040201,0.004985301865142734,2.485323468659484e-05,0.9999751467653134,-0.05899560400469037,0.9495168854058478,False,347
2019-06-03,4522,4480,4564,top_6,-0.570606149939414,False,0.706551572546312,0.6443546703358334,0.0020180097466665574,4.072363337548346e-06,0.9999959276366625,-0.5706192629071075,0.9495168854058478,False,347
2019-06-03,4522,4480,4564,flag_nested,-0.4430710354228547,False,0.3319026556937816,0.2995091634957526,0.005010817800031065,2.5108295025222382e-05,0.9999748917049748,-0.44313194336807765,0.9495168854058478,False,347
2019-06-21,4536,4494,4578,market_1,0.05269330773770798,True,0.05049642182167738,0.05285463464852681,-0.06923489608517182,0.004793470835924629,0.9952065291640754,0.05821039675888992,0.9500676675164448,False,346
2019-06-21,4536,4494,4578,block_2_3,-0.34006279189807,False,0.2890162280245886,0.18276397050172122,0.021954709158206638,0.00048200925422148266,0.9995179907457785,-0.34032538480483665,0.9500676675164448,False,346
2019-06-21,4536,4494,4578,block_4_6,-0.2750136771160632,False,0.46130593965104033,0.6232837939116068,-0.011216766121590548,0.00012581584222659536,0.9998741841577734,-0.27534336098285994,0.9500676675164448,False,346
2019-06-21,4536,4494,4578,top_3,-0.31718809236148876,False,0.29306801451196623,0.18808374669840022,-0.02217352897393939,0.0004916653871582799,0.9995083346128417,-0.3170308441333777,0.9500676675164448,False,346
2019-06-21,4536,4494,4578,top_6,-0.210480239494848,False,0.4269295341374865,0.627744686825721,-0.006357217274675237,4.041421147726876e-05,0.9999595857885227,-0.21043838180054267,0.9500676675164448,False,346
2019-06-21,4536,4494,4578,flag_nested,-0.21466360348948058,False,0.24810813538978657,0.2833066824147505,-0.016468945919876306,0.0002712261797118698,0.9997287738202881,-0.21442842450210045,0.9500676675164448,False,346
2019-07-12,4550,4508,4592,market_1,0.12203982135769009,True,0.04829195895708711,0.0602767090759552,-0.07802006180723862,0.006087130044405309,0.9939128699555947,0.13250680524495576,0.941617096276713,False,346
2019-07-12,4550,4508,4592,block_2_3,0.23370997703760216,True,0.23021618622472118,0.24493363037987748,0.0020461161807771105,4.186591425314745e-06,0.9999958134085747,0.23371899319818312,0.941617096276713,False,346
2019-07-12,4550,4508,4592,block_4_6,0.6228250071149715,True,0.7144559730229928,0.4677026711759546,-0.016880411638790786,0.00028494829709513336,0.9997150517029049,0.6228315569477003,0.941617096276713,False,346
2019-07-12,4550,4508,4592,top_3,0.2306659884515291,True,0.23521484079851038,0.25064620881324184,-0.01807799194523468,0.00032681379277188505,0.9996731862072281,0.23118698580542205,0.941617096276713,False,346
2019-07-12,4550,4508,4592,top_6,0.6308381156482055,True,0.7214450172273428,0.4475785330001133,-0.008618192772796034,7.427324666908763e-05,0.9999257267533309,0.6309480053094726,0.941617096276713,False,346
2019-07-12,4550,4508,4592,flag_nested,0.4919711645256953,True,0.3279043649565566,0.24075342750401982,-0.02325290930694941,0.0005406977912373323,0.9994593022087627,0.49270076392237544,0.941617096276713,False,346
2019-08-01,4564,4522,4606,market_1,0.1325365236315855,True,0.05276748831427479,0.060120391348740775,-0.1756282302120256,0.03084527524740832,0.9691547247525917,0.1647596054649809,0.9297516759512794,False,346
2019-08-01,4564,4522,4606,block_2_3,0.44333167451120314,True,0.22594227791693755,0.25920926305363184,-0.05532748811562856,0.0030611309411852083,0.9969388690588148,0.44566762380974245,0.9297516759512794,False,346
2019-08-01,4564,4522,4606,block_4_6,0.8029762187638286,True,0.6402351004006498,0.8506197781461026,0.0005882140852568244,3.459958100027194e-07,0.99999965400419,0.8030187107735929,0.9297516759512794,False,346
2019-08-01,4564,4522,4606,top_3,0.4264845020737626,True,0.23058083830402012,0.26538170183841026,-0.0374922875362304,0.0014056716246992895,0.9985943283753007,0.4283748980515538,0.9297516759512794,False,346
2019-08-01,4564,4522,4606,top_6,0.7672450232858422,True,0.644354670335834,0.8425204569215472,-0.010793227578151784,0.00011649376155387081,0.9998835062384461,0.7674737104584893,0.9297516759512794,False,346
2019-08-01,4564,4522,4606,flag_nested,0.6877078220794919,True,0.2995091634957528,0.38130966951812906,-0.03295825265734302,0.0010862464182255227,0.9989137535817745,0.6895752936609915,0.9297516759512794,False,346
2019-08-21,4578,4536,4620,market_1,0.26199825903867185,True,0.052854634648526744,0.05841413423639224,-0.08954164948029696,0.008017706991652385,0.9919822930083476,0.26746212827554816,0.9368331602303843,False,346
2019-08-21,4578,4536,4620,block_2_3,0.4618700146778873,True,0.1827639705017212,0.30286950062845286,-0.0564445233723681,0.0031859842187336174,0.9968140157812664,0.464848974620344,0.9368331602303843,False,346
2019-08-21,4578,4536,4620,block_4_6,0.4787364272678498,True,0.6232837939116066,0.518006097516176,-0.018869767933432424,0.00035606814186173175,0.9996439318581383,0.47898584122495746,0.9368331602303843,False,346
2019-08-21,4578,4536,4620,top_3,0.44688939445392944,True,0.1880837466984001,0.3067983571262265,-0.015043469384662327,0.0002263059711272719,0.9997736940288727,0.4471445270321882,0.9368331602303843,False,346
2019-08-21,4578,4536,4620,top_6,0.4197276924602583,True,0.6277446868257205,0.49342951809623625,-0.008052530092509244,6.48432408907329e-05,0.9999351567591093,0.4197678745321133,0.9368331602303843,False,346
2019-08-21,4578,4536,4620,flag_nested,0.39951901822918984,True,0.2833066824147503,0.2745288144169056,-0.022103110682608413,0.0004885475018477914,0.9995114524981522,0.39985792641307094,0.9368331602303843,False,346
2019-09-11,4592,4550,4634,market_1,0.21364345479604688,True,0.060276709075955254,0.05649177204858686,-0.12664323429411162,0.01603850879247304,0.983961491207527,0.22619682570410363,0.9303811412205332,False,343
2019-09-11,4592,4550,4634,block_2_3,0.8009807219219186,True,0.24493363037987748,0.3222131446256603,,0.0,1.0,0.8009807219219186,0.9303811412205332,False,343
2019-09-11,4592,4550,4634,block_4_6,0.7134502972476342,True,0.4677026711759545,0.5723209888137343,0.00799895123563601,6.398322087008967e-05,0.9999360167791299,0.713948983665461,0.9303811412205332,False,343
2019-09-11,4592,4550,4634,top_3,0.7753140901932489,True,0.2506462088132419,0.3262446657452354,-0.021868244344967147,0.0004782201107312867,0.9995217798892687,0.7760424190527374,0.9303811412205332,False,343
2019-09-11,4592,4550,4634,top_6,0.6045279557727041,True,0.4475785330001133,0.5283291344496786,-0.014257171400981414,0.00020326693635674964,0.9997967330636433,0.6047667473734551,0.9303811412205332,False,343
2019-09-11,4592,4550,4634,flag_nested,0.6501445927804614,True,0.24075342750401985,0.2918763322647465,-0.030177727754119907,0.0009106952524018386,0.9990893047475982,0.6513556443849532,0.9303811412205332,False,343
2019-10-01,4606,4564,4648,market_1,0.11397640362413425,True,0.06012039134874074,0.06033142082530497,-0.10233568606985569,0.010472592643387846,0.9895274073566122,0.1220686864572012,0.9261322506530703,False,347
2019-10-01,4606,4564,4648,block_2_3,0.7281574520371465,True,0.25920926305363207,0.25898329238880546,-0.024712598697888947,0.0006107125344029241,0.9993892874655971,0.7279640761544717,0.9261322506530703,False,347
2019-10-01,4606,4564,4648,block_4_6,0.3597440430710478,True,0.8506197781461022,0.4085663979260909,-0.044121203031745646,0.0019466805569683387,0.9980533194430317,0.3599133501851603,0.9261322506530703,False,347
2019-10-01,4606,4564,4648,top_3,0.7007488426669173,True,0.26538170183841053,0.2654643740809747,-0.02294233942342507,0.0005263509382196219,0.9994736490617804,0.7013822539687657,0.9261322506530703,False,347
2019-10-01,4606,4564,4648,top_6,0.29239947075234135,True,0.8425204569215456,0.3934301784643147,-0.012820765235593518,0.00016437202122610017,0.9998356279787739,0.2924860649791958,0.9261322506530703,False,347
2019-10-01,4606,4564,4648,flag_nested,0.3764387289688675,True,0.38130966951812856,0.23006131616436157,-0.03210070705696123,0.0010304553935568395,0.9989695446064432,0.37709629495493335,0.9261322506530703,False,347
2019-10-21,4620,4578,4662,market_1,0.18226749243761486,True,0.058414134236392315,0.05858400421498822,0.03363268359803227,0.0011311574060053342,0.9988688425939947,0.18153170227494317,0.9319862776571303,False,347
2019-10-21,4620,4578,4662,block_2_3,0.697126946863156,True,0.3028695006284529,0.2250853110141222,-0.10395277941253425,0.010806180347590844,0.9891938196524092,0.6974428446942693,0.9319862776571303,False,347
2019-10-21,4620,4578,4662,block_4_6,0.515881487371367,True,0.5180060975161765,0.6284930091426507,-0.00547738027341822,3.0001694659609335e-05,0.9999699983053404,0.5158630960999323,0.9319862776571303,False,347
2019-10-21,4620,4578,4662,top_3,0.6806491329221884,True,0.3067983571262265,0.2302686432417919,0.010225210868020604,0.00010455493729533138,0.9998954450627047,0.6806415210003676,0.9319862776571303,False,347
2019-10-21,4620,4578,4662,top_6,0.46561739620809456,True,0.4934295180962365,0.6281081770156576,0.005301057201212446,2.8101207450337284e-05,0.9999718987925497,0.46560880735585186,0.9319862776571303,False,347
2019-10-21,4620,4578,4662,flag_nested,0.5030749668920185,True,0.27452881441690563,0.29472011905476647,0.00917002755633451,8.408940538384702e-05,0.9999159105946162,0.5030440546189137,0.9319862776571303,False,347
2019-11-08,4634,4592,4676,market_1,0.2980481773161246,True,0.0564917720485869,0.0553431643315386,0.042832927593191225,0.0018346596862035547,0.9981653403137964,0.2957020647870009,0.9279891731973688,False,347
2019-11-08,4634,4592,4676,block_2_3,0.44023901347312566,True,0.32221314462566036,0.16819160754398976,,0.0,1.0,0.44023901347312566,0.9279891731973688,False,347
2019-11-08,4634,4592,4676,block_4_6,0.373087104668956,True,0.5723209888137342,0.5088375569948934,-0.0064058348684958005,4.103472036254274e-05,0.9999589652796375,0.37304469891020264,0.9279891731973688,False,347
2019-11-08,4634,4592,4676,top_3,0.421964416101548,True,0.3262446657452354,0.1749362812894757,0.014576034155052944,0.00021246077168923794,0.9997875392283108,0.42183924053927885,0.9279891731973688,False,347
2019-11-08,4634,4592,4676,top_6,0.3803988074862446,True,0.5283291344496786,0.5261848992788456,0.004894074373656368,2.3951963974755408e-05,0.9999760480360252,0.38037364520948513,0.9279891731973688,False,347
2019-11-08,4634,4592,4676,flag_nested,0.3736815032631036,True,0.2918763322647465,0.24373932396491269,0.012225835574875416,0.00014947105550400241,0.999850528944496,0.37353596982558795,0.9279891731973688,False,347
2019-11-29,4648,4606,4690,market_1,0.21759266410071235,True,0.06033142082530502,0.05310300409965351,0.03473707972283505,0.0012066647076705017,0.9987933352923295,0.21532765437457158,0.930601454064772,False,344
2019-11-29,4648,4606,4690,block_2_3,0.511775243035372,True,0.25898329238880513,0.1802483894646195,,0.0,1.0,0.511775243035372,0.930601454064772,False,344
2019-11-29,4648,4606,4690,block_4_6,0.01648204263588031,True,0.40856639792609106,0.5701978387405783,,0.0,1.0,0.01648204263588031,0.930601454064772,False,344
2019-11-29,4648,4606,4690,top_3,0.4946425789163896,True,0.2654643740809744,0.18718147407155802,0.00983202166943004,9.666865010826697e-05,0.9999033313498917,0.4945708436691977,0.930601454064772,False,344
2019-11-29,4648,4606,4690,top_6,-0.029202786550490998,False,0.39343017846431444,0.5868364084351028,0.0028289226313071222,8.00280325385927e-06,0.9999919971967461,-0.029248478688879042,0.930601454064772,False,344
2019-11-29,4648,4606,4690,flag_nested,0.1258991575705802,True,0.2300613161643614,0.26813253967725875,0.00832776151713018,6.935161188614813e-05,0.9999306483881139,0.12570120827643852,0.930601454064772,False,344
2019-12-19,4662,4620,4704,market_1,0.05699005259342607,True,0.05858400421498817,0.055373138618262055,-0.041045518024452936,0.0016847345498954835,0.9983152654501045,0.06493758631465898,0.9332294715639065,False,344
2019-12-19,4662,4620,4704,block_2_3,0.44080138664582497,True,0.22508531101412216,0.2380276209311965,,0.0,1.0,0.44080138664582497,0.9332294715639065,False,344
2019-12-19,4662,4620,4704,block_4_6,0.41678292307460535,True,0.6284930091426504,0.5723666005380587,-0.005191262008246291,2.69492012381356e-05,0.9999730507987619,0.4167910013858265,0.9332294715639065,False,344
2019-12-19,4662,4620,4704,top_3,0.43762861507309014,True,0.2302686432417918,0.24236281403013318,-0.009074253519226317,8.234207693125217e-05,0.9999176579230687,0.43841090016919654,0.9332294715639065,False,344
2019-12-19,4662,4620,4704,top_6,0.36757331857844666,True,0.6281081770156575,0.5869512628997022,-0.0042061689236367016,1.7691857014390244e-05,0.9999823081429856,0.3676770195234334,0.9332294715639065,False,344
2019-12-19,4662,4620,4704,flag_nested,0.3706717899825652,True,0.2947201190547664,0.2829571107521977,-0.009861004386024894,9.723940750117066e-05,0.9999027605924988,0.3713972265815298,0.9332294715639065,False,344
2020-01-10,4676,4634,4718,market_1,0.04908065977068741,True,0.0553431643315385,0.07973367321831755,-0.14025809941306322,0.019672334450964724,0.9803276655490353,0.07130614662915341,0.9293739967897271,False,345
2020-01-10,4676,4634,4718,block_2_3,0.2686871708675629,True,0.1681916075439898,0.29749850316240145,,0.0,1.0,0.2686871708675629,0.9293739967897271,False,345
2020-01-10,4676,4634,4718,block_4_6,0.36247478483661777,True,0.5088375569948943,0.7401971413659703,,0.0,1.0,0.36247478483661777,0.9293739967897271,False,345
2020-01-10,4676,4634,4718,top_3,0.2701438495347936,True,0.17493628128947572,0.29839511938550506,-0.03668632027789784,0.0013458860955326557,0.9986541139044673,0.27230870214236064,0.9293739967897271,False,345
2020-01-10,4676,4634,4718,top_6,0.3442010042578717,True,0.5261848992788464,0.7413473985620691,-0.014633990039091677,0.0002141536644643116,0.9997858463355357,0.3444927213271925,0.9293739967897271,False,345
2020-01-10,4676,4634,4718,flag_nested,0.31345201314169335,True,0.24373932396491296,0.3572627445289717,-0.038030459457559264,0.0014463158465530812,0.9985536841534469,0.315493596494177,0.9293739967897271,False,345
2020-01-31,4690,4648,4732,market_1,-0.03472074625199279,False,0.0531030040996535,0.10323958819654108,-0.13372349436820113,0.017881972946042435,0.9821180270539576,-0.019021725884352966,0.9304283511157272,False,342
2020-01-31,4690,4648,4732,block_2_3,0.39449470376265355,True,0.18024838946461974,0.37119113830579226,,0.0,1.0,0.39449470376265355,0.9304283511157272,False,342
2020-01-31,4690,4648,4732,block_4_6,0.6136261191684933,True,0.5701978387405784,1.500176819002067,-0.013734969067699707,0.0001886493752906171,0.9998113506247094,0.6140273284355742,0.9304283511157272,False,342
2020-01-31,4690,4648,4732,top_3,0.3993241256985615,True,0.18718147407155825,0.36675602711074007,-0.03367833580034307,0.0011342303022807698,0.9988657696977192,0.40091703520092603,0.9304283511157272,False,342
2020-01-31,4690,4648,4732,top_6,0.582359398015859,True,0.5868364084351028,1.4987290015818338,-0.007175163583793122,5.14829724544974e-05,0.9999485170275455,0.5824816593096899,0.9304283511157272,False,342
2020-01-31,4690,4648,4732,flag_nested,0.5364836274305824,True,0.2681325396772588,0.6556369755757291,-0.024552921123129883,0.0006028459356788307,0.9993971540643212,0.5375794432658322,0.9304283511157272,False,342
2020-02-21,4704,4662,4746,market_1,-0.32573364602887667,False,0.05537313861826204,0.1444073803746247,-0.10329122386755835,0.010669076928058074,0.9893309230719419,-0.3225071601604629,0.9300349353224436,False,345
2020-02-21,4704,4662,4746,block_2_3,0.41809965908259816,True,0.23802762093119645,0.4193459543807112,,0.0,1.0,0.41809965908259816,0.9300349353224436,False,345
2020-02-21,4704,4662,4746,block_4_6,0.6282884921143601,True,0.5723666005380591,1.5588262949169658,-0.017519538711848602,0.00030693423667582653,0.9996930657633242,0.628491012553123,0.9300349353224436,False,345
2020-02-21,4704,4662,4746,top_3,0.4589422328117558,True,0.24236281403013307,0.4035942906711125,-0.03104613658183424,0.0009638625966579273,0.9990361374033421,0.45955526546529185,0.9300349353224436,False,345
2020-02-21,4704,4662,4746,top_6,0.6019199212876648,True,0.5869512628997023,1.5686233597208892,-0.006848163010570826,4.689733661944473e-05,0.9999531026633806,0.6019741289606934,0.9300349353224436,False,345
2020-02-21,4704,4662,4746,flag_nested,0.5313083497428601,True,0.2829571107521977,0.6965961164389133,-0.02447827590172877,0.0005991859911211872,0.9994008140088788,0.5318122843516397,0.9300349353224436,False,345
2020-03-12,4718,4676,4760,market_1,0.6606643232968813,True,0.07973367321831763,0.10421983629285704,-0.07252161892219589,0.005259385211095924,0.9947406147889041,0.659726702585153,0.9571019419003557,False,347
2020-03-12,4718,4676,4760,block_2_3,0.25967620271345787,True,0.29749850316240123,0.4638080845588507,,0.0,1.0,0.25967620271345787,0.9571019419003557,False,347
2020-03-12,4718,4676,4760,block_4_6,-0.6826288453958453,False,0.7401971413659696,1.5851402622061144,0.0038028991624482053,1.4462042039808942e-05,0.9999855379579602,-0.6826318095577699,0.9571019419003557,False,347
2020-03-12,4718,4676,4760,top_3,0.23347828089329972,True,0.29839511938550484,0.45801689130355067,-0.012727343965229175,0.00016198528440947157,0.9998380147155905,0.23337348904770466,0.9571019419003557,False,347
2020-03-12,4718,4676,4760,top_6,-0.6801953440024441,False,0.7413473985620691,1.594737317232998,-0.003729620711001918,1.3910070647993322e-05,0.999986089929352,-0.6802228096231456,0.9571019419003557,False,347
2020-03-12,4718,4676,4760,flag_nested,-0.4645503055890891,False,0.35726274452897155,0.7103891776197626,-0.012059894071833603,0.00014544104502389743,0.9998545589549761,-0.4647661596451141,0.9571019419003557,False,347
2020-04-02,4732,4690,4774,market_1,0.5420729968281063,True,0.10323958819654105,0.08292967979019757,-0.052550635431919304,0.002761569284298493,0.9972384307157015,0.5409848489247397,0.9690617820161772,False,348
2020-04-02,4732,4690,4774,block_2_3,0.2767368907279817,True,0.3711911383057921,0.4554156267558609,,0.0,1.0,0.2767368907279817,0.9690617820161772,False,348
2020-04-02,4732,4690,4774,block_4_6,0.6431120408591646,True,1.500176819002066,0.7149794909424467,8.909176747063101e-05,7.937343005082198e-09,0.999999992062657,0.6432088566477633,0.9690617820161772,False,348
2020-04-02,4732,4690,4774,top_3,0.25695821562371185,True,0.3667560271107396,0.45384834690321857,-0.008662041424438174,7.503096163852252e-05,0.9999249690383615,0.25687038117226896,0.9690617820161772,False,348
2020-04-02,4732,4690,4774,top_6,0.6365403828632588,True,1.498729001581831,0.7450501906101645,-0.005895414227109489,3.4755908909112065e-05,0.9999652440910909,0.6365349374590596,0.9690617820161772,False,348
2020-04-02,4732,4690,4774,flag_nested,0.511066116229464,True,0.6556369755757282,0.409943171110834,-0.012748047720777145,0.00016251272069123246,0.9998374872793088,0.5110126987053529,0.9690617820161772,False,348
2020-04-23,4746,4704,4788,market_1,0.3174490847208596,True,0.14440738037462478,0.08008656592596372,0.014821984721859933,0.00021969123109499833,0.999780308768905,0.3178393717715649,0.9768514147231927,False,345
2020-04-23,4746,4704,4788,block_2_3,0.5276874034900224,True,0.419345954380712,0.34456137460599195,,0.0,1.0,0.5276874034900224,0.9768514147231927,False,345
2020-04-23,4746,4704,4788,block_4_6,0.4525736358144505,True,1.5588262949169662,0.5080590886625175,,0.0,1.0,0.4525736358144505,0.9768514147231927,False,345
2020-04-23,4746,4704,4788,top_3,0.5379097194175744,True,0.40359429067111363,0.34133568414082643,0.003681877397876389,1.3556221172938976e-05,0.9999864437788271,0.5379462997944158,0.9768514147231927,False,345
2020-04-23,4746,4704,4788,top_6,0.4455890628239917,True,1.5686233597208898,0.554520442356863,0.0022615008641711874,5.114386158577844e-06,0.9999948856138414,0.44559283808801836,0.9768514147231927,False,345
2020-04-23,4746,4704,4788,flag_nested,0.4296368065929594,True,0.6965961164389137,0.31064346330863657,0.004770471197842715,2.2757395449324314e-05,0.9999772426045507,0.42966848361721266,0.9768514147231927,False,345
2020-05-13,4760,4718,4802,market_1,0.24556531515593247,True,0.104219836292857,0.0644723092551457,-0.0797370013469344,0.006357989383801277,0.9936420106161987,0.24253412622930942,0.9801246341233123,False,349
2020-05-13,4760,4718,4802,block_2_3,0.38446271014885924,True,0.46380808455885103,0.2582559567023965,-0.15109556971494084,0.022829871187482365,0.9771701288125176,0.3755081574791153,0.9801246341233123,False,349
2020-05-13,4760,4718,4802,block_4_6,-0.3509063948216056,False,1.5851402622061168,0.3758394619073321,,0.0,1.0,-0.3509063948216056,0.9801246341233123,False,349
2020-05-13,4760,4718,4802,top_3,0.38545011790150074,True,0.4580168913035509,0.2574251429596713,-0.013594804493577166,0.00018481870921860377,0.9998151812907814,0.3853888398145388,0.9801246341233123,False,349
2020-05-13,4760,4718,4802,top_6,-0.2716362926471023,False,1.5947373172329993,0.4229041965679971,-0.008114450113496327,6.584430064426883e-05,0.9999341556993557,-0.27166393575405096,0.9801246341233123,False,349
2020-05-13,4760,4718,4802,flag_nested,-0.08165787046500753,False,0.7103891776197633,0.23675706251154877,-0.02372685163756368,0.0005629634886309409,0.9994370365113691,-0.0818804761519351,0.9801246341233123,False,349
2020-06-03,4774,4732,4816,market_1,0.40689601261578984,True,0.08292967979019757,0.058150372626475995,-0.06809054980543448,0.0046363229728063615,0.9953636770271936,0.4145700976654897,0.9767569949328045,False,347
2020-06-03,4774,4732,4816,block_2_3,0.1826841299552965,True,0.4554156267558613,0.23339884253357118,0.10400216256632853,0.010816449818473073,0.9891835501815269,0.17355752089300888,0.9767569949328045,False,347
2020-06-03,4774,4732,4816,block_4_6,0.29093311058922244,True,0.7149794909424475,0.4357672738893334,-0.006284075725401577,3.948960772259813e-05,0.9999605103922774,0.2909216395592808,0.9767569949328045,False,347
2020-06-03,4774,4732,4816,top_3,0.16826101455278047,True,0.45384834690321924,0.236942703743309,-0.022401228448172713,0.0005018150359874518,0.9994981849640125,0.16847121742195392,0.9767569949328045,False,347
2020-06-03,4774,4732,4816,top_6,0.40792191107428893,True,0.7450501906101652,0.4677386426521472,-0.011537204021295426,0.0001331070766289466,0.999866892923371,0.40803315068629203,0.9767569949328045,False,347
2020-06-03,4774,4732,4816,flag_nested,0.3194126873350204,True,0.40994317111083445,0.24198895379887353,-0.022362712399538638,0.0005000909058642256,0.9994999090941358,0.3199171330509758,0.9767569949328045,False,347
2020-06-23,4788,4746,4830,market_1,0.3614166504293118,True,0.08008656592596378,0.052003471379098144,-0.10963104420954364,0.012018965854474928,0.9879810341455251,0.3682351851658825,0.9782205016838196,False,347
2020-06-23,4788,4746,4830,block_2_3,0.1581263175973977,True,0.3445613746059914,0.22465369560877657,,0.0,1.0,0.1581263175973977,0.9782205016838196,False,347
2020-06-23,4788,4746,4830,block_4_6,0.0021161021520133385,True,0.5080590886625171,0.4353398224546999,-0.003041801024643172,9.252553473282354e-06,0.9999907474465267,0.0020889180283621273,0.9782205016838196,False,347
2020-06-23,4788,4746,4830,top_3,0.14504801758012512,True,0.3413356841408259,0.22913712046022316,-0.024741652964675308,0.0006121493914245102,0.9993878506085755,0.1452549218668603,0.9782205016838196,False,347
2020-06-23,4788,4746,4830,top_6,0.12725018994551515,True,0.5545204423568626,0.46296681608727397,-0.012173419252584855,0.00014819213629935213,0.9998518078637006,0.12731160540727718,0.9782205016838196,False,347
2020-06-23,4788,4746,4830,flag_nested,0.14607614884822942,True,0.3106434633086363,0.23649245194313406,-0.0294509633176932,0.0008673592403400932,0.9991326407596599,0.14647959394372542,0.9782205016838196,False,347
2020-07-14,4802,4760,4844,market_1,0.26523785278332296,True,0.06447230925514574,0.05010553269166701,-0.05549628220851885,0.0030798373389674394,0.9969201626610326,0.2693874800601921,0.9822805526705064,False,347
2020-07-14,4802,4760,4844,block_2_3,0.47462209691314095,True,0.2582559567023966,0.22750463868564672,,0.0,1.0,0.47462209691314095,0.9822805526705064,False,347
2020-07-14,4802,4760,4844,block_4_6,0.1870593282175363,True,0.37583946190733186,0.4558347279586801,0.0043014190940992205,1.8502206223125484e-05,0.9999814977937769,0.1870622832853418,0.9822805526705064,False,347
2020-07-14,4802,4760,4844,top_3,0.463433735872853,True,0.2574251429596714,0.23142256650262125,-0.012938072173993159,0.00016739371157936667,0.9998326062884206,0.46375146762698166,0.9822805526705064,False,347
2020-07-14,4802,4760,4844,top_6,0.182346765480317,True,0.42290419656799705,0.4773013622990705,-0.005639178675430147,3.1800336133480656e-05,0.9999681996638665,0.18241313396624043,0.9822805526705064,False,347
2020-07-14,4802,4760,4844,flag_nested,0.2832065981107007,True,0.2367570625115488,0.2415204565055043,-0.014291147205938801,0.00020423688846160637,0.9997957631115384,0.2835855455003307,0.9822805526705064,False,347
2020-08-03,4816,4774,4858,market_1,0.23482983638556806,True,0.05815037262647602,0.04586502839233092,-0.13577116545253895,0.018433809368340826,0.9815661906316592,0.23974530706369632,0.9808170459194914,False,349
2020-08-03,4816,4774,4858,block_2_3,0.5375014238019137,True,0.2333988425335709,0.19244243883947515,,0.0,1.0,0.5375014238019137,0.9808170459194914,False,349
2020-08-03,4816,4774,4858,block_4_6,0.24694192380457067,True,0.43576727388933323,0.6044518389385991,-0.014994924249847146,0.00022484775325870565,0.9997751522467413,0.2468598316542725,0.9808170459194914,False,349
2020-08-03,4816,4774,4858,top_3,0.5170253927430053,True,0.2369427037433087,0.19596404571012918,-0.03207041240277019,0.001028511351683803,0.9989714886483162,0.5175176747404022,0.9808170459194914,False,349
2020-08-03,4816,4774,4858,top_6,0.2150769136238001,True,0.4677386426521472,0.6145424413534748,-0.009386710894064067,8.811034140876473e-05,0.9999118896585912,0.21511951936623508,0.9808170459194914,False,349
2020-08-03,4816,4774,4858,flag_nested,0.2804044450349295,True,0.24198895379887342,0.2790124942314197,-0.027167203661757074,0.0007380569547993376,0.9992619430452007,0.2806907247752082,0.9808170459194914,False,349
2020-08-21,4830,4788,4872,market_1,0.14426233739829256,True,0.0520034713790981,0.05045246718182536,-0.16473628327114237,0.0271380430259901,0.9728619569740099,0.1501977710884187,0.9802190539137003,False,347
2020-08-21,4830,4788,4872,block_2_3,0.2461638866108916,True,0.2246536956087769,0.15978657887038467,,0.0,1.0,0.2461638866108916,0.9802190539137003,False,347
2020-08-21,4830,4788,4872,block_4_6,0.3485903796863936,True,0.4353398224547001,0.5265329531505704,,0.0,1.0,0.3485903796863936,0.9802190539137003,False,347
2020-08-21,4830,4788,4872,top_3,0.23844997216030628,True,0.22913712046022353,0.16525135971039892,-0.05057615102861411,0.0025579470528692694,0.9974420529471307,0.23906290429858887,0.9802190539137003,False,347
2020-08-21,4830,4788,4872,top_6,0.32081122517213295,True,0.46296681608727397,0.5407236710815643,-0.015678344053590518,0.0002458104722629084,0.9997541895277371,0.32090233939409424,0.9802190539137003,False,347
2020-08-21,4830,4788,4872,flag_nested,0.28864268703315876,True,0.2364924519431342,0.24572030878914408,-0.04156983091065391,0.0017280508419402762,0.9982719491580597,0.2891740410618492,0.9802190539137003,False,347
2020-09-11,4844,4802,4886,market_1,0.2652762365260349,True,0.05010553269166697,0.050059958949095984,-0.11130796722142866,0.012389463566966796,0.9876105364330332,0.27148133599421465,0.9818399269820288,False,348
2020-09-11,4844,4802,4886,block_2_3,0.11943574769412461,True,0.22750463868564674,0.14595129553753,,0.0,1.0,0.11943574769412461,0.9818399269820288,False,348
2020-09-11,4844,4802,4886,block_4_6,0.19564689305847074,True,0.4558347279586808,0.4497661538762946,,0.0,1.0,0.19564689305847074,0.9818399269820288,False,348
2020-09-11,4844,4802,4886,top_3,0.10760154710610774,True,0.2314225665026213,0.15061342095283176,-0.03992656231710661,0.0015941303784616778,0.9984058696215383,0.10803767937559987,0.9818399269820288,False,348
2020-09-11,4844,4802,4886,top_6,0.18533617693470406,True,0.47730136229907105,0.4709044010794367,-0.012333177414932096,0.00015210726514802708,0.999847892734852,0.1854051119599915,0.9818399269820288,False,348
2020-09-11,4844,4802,4886,flag_nested,0.16913359366976632,True,0.2415204565055045,0.2168546967588066,-0.03217164901601355,0.0010350150004093672,0.9989649849995906,0.1695510328405138,0.9818399269820288,False,348
2020-10-01,4858,4816,4900,market_1,0.34417483705182184,True,0.04586502839233091,0.053323832037189545,-0.10465557724101095,0.010952789847649136,0.9890472101523509,0.35191545073501107,0.9844994177446259,False,349
2020-10-01,4858,4816,4900,block_2_3,0.14904898576378983,True,0.19244243883947565,0.1565554927627426,,0.0,1.0,0.14904898576378983,0.9844994177446259,False,349
2020-10-01,4858,4816,4900,block_4_6,0.2198282063637873,True,0.604451838938599,0.420819850723998,,0.0,1.0,0.2198282063637873,0.9844994177446259,False,349
2020-10-01,4858,4816,4900,top_3,0.1379091620522672,True,0.19596404571012951,0.1585108855492395,-0.03888152984695004,0.001511773363239266,0.9984882266367607,0.13849118633294483,0.9844994177446259,False,349
2020-10-01,4858,4816,4900,top_6,0.22371284231568384,True,0.6145424413534748,0.4469877797492739,-0.014159183181850688,0.00020048246837733874,0.9997995175316227,0.2237976379738732,0.9844994177446259,False,349
2020-10-01,4858,4816,4900,flag_nested,0.21253205682898293,True,0.27901249423141977,0.2109937057904714,-0.03362769366647544,0.0011308217813261745,0.9988691782186738,0.21301507545160908,0.9844994177446259,False,349
2020-10-21,4872,4830,4914,market_1,0.15659973008324649,True,0.05045246718182535,0.05250675449629164,-0.12378010518395233,0.01532151443935037,0.9846784855606496,0.1676889024115432,0.9853806691215812,False,349
2020-10-21,4872,4830,4914,block_2_3,0.2535737321021884,True,0.1597865788703845,0.15059831698790505,,0.0,1.0,0.2535737321021884,0.9853806691215812,False,349
2020-10-21,4872,4830,4914,block_4_6,0.23582963936566362,True,0.5265329531505702,0.4259834478395593,-8.2440723790357e-05,6.796472939996079e-09,0.9999999932035271,0.2358853452077514,0.9853806691215812,False,349
2020-10-21,4872,4830,4914,top_3,0.23901301928377627,True,0.1652513597103988,0.1529048051947042,-0.04410544157801642,0.0019452899767917753,0.9980547100232082,0.2403297647215466,0.9853806691215812,False,349
2020-10-21,4872,4830,4914,top_6,0.22503421312706853,True,0.5407236710815635,0.44795707545702473,-0.014921875276763336,0.00022266236177537202,0.9997773376382246,0.22518147119573573,0.9853806691215812,False,349
2020-10-21,4872,4830,4914,flag_nested,0.22337467231024785,True,0.24572030878914383,0.20974868134733468,-0.03838756606182948,0.001473605228151209,0.9985263947718488,0.22431737872698243,0.9853806691215812,False,349
2020-11-10,4886,4844,4928,market_1,0.3348221964946398,True,0.050059958949096,0.05159702014094169,-0.10567023972179394,0.011166199562861467,0.9888338004371385,0.33527680229967943,0.9863248670254618,False,351
2020-11-10,4886,4844,4928,block_2_3,0.12877948967224748,True,0.14595129553752995,0.14754751436339544,,0.0,1.0,0.12877948967224748,0.9863248670254618,False,351
2020-11-10,4886,4844,4928,block_4_6,0.24711553300946126,True,0.44976615387629426,0.43827574273424375,0.0015436465088748364,2.382844544457363e-06,0.9999976171554555,0.24720174269372763,0.9863248670254618,False,351
2020-11-10,4886,4844,4928,top_3,0.1070469157936052,True,0.15061342095283156,0.15025924356160997,-0.0368968251146973,0.001361375703544443,0.9986386242964556,0.10697264080577622,0.9863248670254618,False,351
2020-11-10,4886,4844,4928,top_6,0.23696455998976634,True,0.4709044010794364,0.45622211176266947,-0.01194812901740026,0.0001427577870165564,0.9998572422129834,0.23697558269375232,0.9863248670254618,False,351
2020-11-10,4886,4844,4928,flag_nested,0.22109878597691587,True,0.21685469675880645,0.21184420798358425,-0.031638616345398815,0.0010010020442512424,0.9989989979557488,0.22110014396137664,0.9863248670254618,False,351
2020-12-01,4900,4858,4942,market_1,0.35682449661464216,True,0.053323832037189565,0.049881041507760925,-0.03673683983604074,0.001349595401138881,0.9986504045988611,0.3570728484034614,0.9864507600793126,False,350
2020-12-01,4900,4858,4942,block_2_3,0.0002982367212083608,True,0.1565554927627425,0.14017745208427493,,0.0,1.0,0.0002982367212083608,0.9864507600793126,False,350
2020-12-01,4900,4858,4942,block_4_6,0.00034514577338793203,True,0.4208198507239978,0.4336766161573767,0.014086518429723463,0.0001984300014710172,0.999801569998529,0.00027074543263879753,0.9864507600793126,False,350
2020-12-01,4900,4858,4942,top_3,-0.008604874091301335,False,0.15851088554923937,0.14602482464801345,-0.012402331353924517,0.00015381782301249203,0.9998461821769875,-0.008589297922752002,0.9864507600793126,False,350
2020-12-01,4900,4858,4942,top_6,0.009260893312716853,True,0.44698777974927417,0.4456103517427901,-0.003603172630707691,1.2982853006771045e-05,0.9999870171469932,0.009261572124873206,0.9864507600793126,False,350
2020-12-01,4900,4858,4942,flag_nested,0.02730003316550271,True,0.21099370579047144,0.2066171153844284,-0.010684748738726713,0.00011416385560969466,0.9998858361443903,0.027305422450944722,0.9864507600793126,False,350
2020-12-21,4914,4872,4956,market_1,0.29870664539143754,True,0.052506754496291635,0.04957705322451199,0.07023330603465526,0.00493271727655753,0.9950672827234425,0.29760144878761513,0.9862619204985364,False,350
2020-12-21,4914,4872,4956,block_2_3,0.1615689871638778,True,0.15059831698790493,0.15732436065676558,0.07064656647803737,0.004990937355135894,0.9950090626448641,0.15492400523216152,0.9862619204985364,False,350
2020-12-21,4914,4872,4956,block_4_6,-0.1072918156489458,False,0.4259834478395593,0.5208279651653607,-0.009130517889963876,8.336635693872996e-05,0.9999166336430613,-0.10727795520019566,0.9862619204985364,False,350
2020-12-21,4914,4872,4956,top_3,0.13438056435809823,True,0.1529048051947041,0.162476340091706,0.019609617859422,0.00038453711259267553,0.9996154628874073,0.13424346430369377,0.9862619204985364,False,350
2020-12-21,4914,4872,4956,top_6,-0.10108651772421229,False,0.447957075457025,0.537725533905509,0.004992151168125024,2.4921573285152654e-05,0.9999750784267148,-0.10110435905390593,0.9862619204985364,False,350
2020-12-21,4914,4872,4956,flag_nested,-0.04238961112453903,False,0.20974868134733476,0.2438213749283522,0.016715044241488706,0.00027939270399490734,0.9997206072960051,-0.04253614395444526,0.9862619204985364,False,350
2021-01-12,4928,4886,4970,market_1,0.3164141147827536,True,0.051597020140941696,0.05079743653934088,-0.014232620595272546,0.00020256748900915333,0.9997974325109908,0.31684599241382777,0.9836181663676706,False,350
2021-01-12,4928,4886,4970,block_2_3,0.17624247075278882,True,0.1475475143633955,0.2177889450482105,,0.0,1.0,0.17624247075278882,0.9836181663676706,False,350
2021-01-12,4928,4886,4970,block_4_6,0.10787202756044878,True,0.43827574273424375,0.5299359779487679,0.0048597060658528415,2.3616743046517286e-05,0.9999763832569535,0.10811626874375503,0.9836181663676706,False,350
2021-01-12,4928,4886,4970,top_3,0.15359857657523035,True,0.15025924356161008,0.2209608178073192,-0.0025108121024183146,6.304177413762879e-06,0.9999936958225862,0.15362292244008766,0.9836181663676706,False,350
2021-01-12,4928,4886,4970,top_6,0.09728218841879697,True,0.45622211176266947,0.5335210390618988,-0.001496882783395667,2.240658067198531e-06,0.9999977593419328,0.09728683269397659,0.9836181663676706,False,350
2021-01-12,4928,4886,4970,flag_nested,0.11872089550472735,True,0.21184420798358428,0.2574795598643567,-0.0033011685982707473,1.089771411411089e-05,0.9999891022858859,0.11874660410734696,0.9836181663676706,False,350
2021-02-02,4942,4900,4984,market_1,0.25856925994897034,True,0.04988104150776086,0.043639023910792545,-0.0629633666846676,0.003964385544267923,0.9960356144557321,0.26358887326553343,0.9791961728511629,False,349
2021-02-02,4942,4900,4984,block_2_3,0.2958662458700102,True,0.14017745208427485,0.24077019420930598,,0.0,1.0,0.2958662458700102,0.9791961728511629,False,349
2021-02-02,4942,4900,4984,block_4_6,0.15589782184927325,True,0.43367661615737646,0.514898804427995,,0.0,1.0,0.15589782184927325,0.9791961728511629,False,349
2021-02-02,4942,4900,4984,top_3,0.2797428543627649,True,0.14602482464801347,0.2426866203635848,-0.011517988884968008,0.00013266406795420238,0.9998673359320458,0.2800618938063505,0.9791961728511629,False,349
2021-02-02,4942,4900,4984,top_6,0.14080851200470537,True,0.44561035174279,0.5127457269336061,-0.005151009912095093,2.6532903114273587e-05,0.9999734670968857,0.14084935671371138,0.9791961728511629,False,349
2021-02-02,4942,4900,4984,flag_nested,0.1747320562791829,True,0.2066171153844283,0.255645574426454,-0.013157454085474207,0.00017311859801127927,0.9998268814019887,0.17502007402129313,0.9791961728511629,False,349
2021-02-23,4956,4914,4998,market_1,0.2649136388116392,True,0.049577053224511974,0.04123685916330784,-0.1392548775218589,0.019391920913627958,0.980608079086372,0.28287604731402116,0.9791961728511629,False,349
2021-02-23,4956,4914,4998,block_2_3,0.4029419869045187,True,0.1573243606567657,0.24359815425683434,0.041337228045594344,0.0017087664224936239,0.9982912335775064,0.4011614415174446,0.9791961728511629,False,349
2021-02-23,4956,4914,4998,block_4_6,0.4741556042425893,True,0.5208279651653608,0.517907225862897,,0.0,1.0,0.4741556042425893,0.9791961728511629,False,349
2021-02-23,4956,4914,4998,top_3,0.38859389046714055,True,0.16247634009170606,0.24649752338023895,-0.023794781626393834,0.0005661916326478167,0.9994338083673522,0.3895373287161195,0.9791961728511629,False,349
2021-02-23,4956,4914,4998,top_6,0.460437578135795,True,0.5377255339055089,0.5042556120269993,-0.01144530659182859,0.00013099504298097475,0.999869004957019,0.4605825569527218,0.9791961728511629,False,349
2021-02-23,4956,4914,4998,flag_nested,0.42910983767280925,True,0.2438213749283522,0.25363972206255914,-0.027875783264042192,0.0007770592925838704,0.9992229407074161,0.430077478629579,0.9791961728511629,False,349
2021-03-15,4970,4928,5012,market_1,0.18526927636453977,True,0.05079743653934091,0.04463944990916345,-0.15299380876509341,0.02340710552045,0.97659289447955,0.20822910540234096,0.9764894721933717,False,348
2021-03-15,4970,4928,5012,block_2_3,0.643790203619525,True,0.21778894504821045,0.21432767555509297,0.022574557003019486,0.0005096106238824394,0.9994903893761176,0.6451434982044777,0.9764894721933717,False,348
2021-03-15,4970,4928,5012,block_4_6,0.3698811723535348,True,0.5299359779487678,0.5440142020721777,,0.0,1.0,0.3698811723535348,0.9764894721933717,False,348
2021-03-15,4970,4928,5012,top_3,0.6284280642104346,True,0.2209608178073191,0.21850154541644534,-0.03190541664126273,0.0010179556110525567,0.9989820443889474,0.6298065764926205,0.9764894721933717,False,348
2021-03-15,4970,4928,5012,top_6,0.3183307604745287,True,0.5335210390618988,0.54235889742084,-0.012934066110031039,0.00016729006613869224,0.9998327099338613,0.31851422481931346,0.9764894721933717,False,348
2021-03-15,4970,4928,5012,flag_nested,0.3885961805880782,True,0.25747955986435667,0.2587131961714411,-0.03257771202093029,0.0010613073205186785,0.9989386926794813,0.38991605141738334,0.9764894721933717,False,348
2021-04-05,4984,4942,5026,market_1,0.278345314579113,True,0.04363902391079257,0.04529554333556665,-0.15280063052150278,0.02334803268776897,0.976651967312231,0.2977294051998101,0.9749158090202373,False,352
2021-04-05,4984,4942,5026,block_2_3,0.6713470561999016,True,0.24077019420930615,0.20918466693344254,0.03374769518509419,0.0011389069303058275,0.9988610930696942,0.6712668049360586,0.9749158090202373,False,352
2021-04-05,4984,4942,5026,block_4_6,0.218070470086379,True,0.5148988044279951,0.6271940480407376,-0.007697299761667933,5.924842362103888e-05,0.999940751576379,0.21817709027152193,0.9749158090202373,False,352
2021-04-05,4984,4942,5026,top_3,0.656034258484758,True,0.24268662036358488,0.2133417507980477,-0.03452037253633461,0.0011916561200474574,0.9988083438799525,0.6569567303709327,0.9749158090202373,False,352
2021-04-05,4984,4942,5026,top_6,0.15703717165358755,True,0.5127457269336062,0.6206652968229923,-0.011765369395144087,0.00013842391700424894,0.9998615760829958,0.15713118782181398,0.9749158090202373,False,352
2021-04-05,4984,4942,5026,flag_nested,0.2769253399554233,True,0.25564557442645414,0.2853550225666006,-0.03031028033527083,0.00091871309400271,0.9990812869059973,0.27766599370828476,0.9749158090202373,False,352
2021-04-23,4998,4956,5040,market_1,0.29575702717031993,True,0.04123685916330787,0.05036489655525996,-0.15980665884594702,0.025538168211504786,0.9744618317884952,0.3126252276791903,0.9751990683914015,False,351
2021-04-23,4998,4956,5040,block_2_3,0.7244140428127149,True,0.24359815425683448,0.21056603395647513,0.09173958116257878,0.008416150751885287,0.9915838492481147,0.7244054897167795,0.9751990683914015,False,351
2021-04-23,4998,4956,5040,block_4_6,0.4868595838384042,True,0.5179072258628965,0.6657412898040246,-0.011001152139299194,0.00012102534839186774,0.9998789746516081,0.48697894295635397,0.9751990683914015,False,351
2021-04-23,4998,4956,5040,top_3,0.7054370811178219,True,0.24649752338023914,0.2147440144274,-0.04232498023554115,0.0017914039519388858,0.9982085960480611,0.7065099253529202,0.9751990683914015,False,351
2021-04-23,4998,4956,5040,top_6,0.4331728811394007,True,0.5042556120269994,0.6590425451051957,-0.01285637030480256,0.0001652862574142988,0.9998347137425857,0.4332831462582823,0.9751990683914015,False,351
2021-04-23,4998,4956,5040,flag_nested,0.48615810857672903,True,0.2536397220625592,0.3004959224775096,-0.03393743644229186,0.001151749592274709,0.9988482504077253,0.4869588308704851,0.9751990683914015,False,351
2021-05-13,5012,4970,5054,market_1,0.19218409191127087,True,0.044639449909163464,0.050274462783123496,-0.14225954262245516,0.020237777467150275,0.9797622225328497,0.20022947898242016,0.9737985081673118,False,350
2021-05-13,5012,4970,5054,block_2_3,0.613001021157697,True,0.21432767555509316,0.18164413735244192,0.13126088505291136,0.01722941994487348,0.9827705800551265,0.6129256458107095,0.9737985081673118,False,350
2021-05-13,5012,4970,5054,block_4_6,0.493610630228023,True,0.5440142020721773,0.6523848013283539,-0.016514612294254914,0.00027273241922964875,0.9997272675807704,0.49348399598063736,0.9737985081673118,False,350
2021-05-13,5012,4970,5054,top_3,0.5954414619831095,True,0.21850154541644548,0.18524293871773265,-0.04246365561278748,0.001803162048001683,0.9981968379519983,0.5962652747837024,0.9737985081673118,False,350
2021-05-13,5012,4970,5054,top_6,0.4565780934333286,True,0.5423588974208399,0.653180009834287,-0.011625812839609562,0.00013515952418163835,0.9998648404758184,0.45664898982478286,0.9737985081673118,False,350
2021-05-13,5012,4970,5054,flag_nested,0.4694257275897915,True,0.25871319617144106,0.2916730897156017,-0.03090338943081568,0.0009550194783125576,0.9990449805216874,0.4699190321960283,0.9737985081673118,False,350
2021-06-03,5026,4984,5068,market_1,0.23355930133838523,True,0.045295543335566645,0.05728567237821882,-0.022581701214923845,0.0005099332297601178,0.9994900667702399,0.23442393560977598,0.972980203317282,False,351
2021-06-03,5026,4984,5068,block_2_3,0.5176411415865558,True,0.20918466693344268,0.1735127008320088,0.11880999319748223,0.014115814483585787,0.9858841855164142,0.5159302154000912,0.972980203317282,False,351
2021-06-03,5026,4984,5068,block_4_6,0.5253841920550401,True,0.6271940480407385,0.6551224156448308,-0.011357586386997858,0.00012899476853822645,0.9998710052314618,0.5252984342017715,0.972980203317282,False,351
2021-06-03,5026,4984,5068,top_3,0.5180013553708622,True,0.21334175079804785,0.1743212732703159,-0.011594296070055387,0.00013442770135996263,0.99986557229864,0.5180622140287239,0.972980203317282,False,351
2021-06-03,5026,4984,5068,top_6,0.507294216735084,True,0.6206652968229929,0.6628266842415383,-0.002588769549566232,6.701727780833444e-06,0.9999932982722192,0.5072983820526579,0.972980203317282,False,351
2021-06-03,5026,4984,5068,flag_nested,0.497799879249496,True,0.28535502256660084,0.294336801281216,-0.006249983375208514,3.90622921903061e-05,0.9999609377078097,0.49784431026930687,0.972980203317282,False,351
2021-06-23,5040,4998,5082,market_1,0.2624173578322328,True,0.05036489655525999,0.08032821356647168,0.07849054458679461,0.006160765589531381,0.9938392344104686,0.25729931813723594,0.9728385736316999,False,352
2021-06-23,5040,4998,5082,block_2_3,0.21172017726268405,True,0.210566033956475,0.15310664554354053,0.0457139084830143,0.0020897614287933575,0.9979102385712066,0.20942524145277303,0.9728385736316999,False,352
2021-06-23,5040,4998,5082,block_4_6,0.415607699262664,True,0.6657412898040254,0.3891344638702741,0.0015599555206515325,2.433461226414302e-06,0.9999975665387736,0.41562180018806766,0.9728385736316999,False,352
2021-06-23,5040,4998,5082,top_3,0.217548271741809,True,0.21474401442739985,0.14474683846226327,0.04362272261638971,0.0019029419284664062,0.9980970580715336,0.21703129256208792,0.9728385736316999,False,352
2021-06-23,5040,4998,5082,top_6,0.39280467321580503,True,0.6590425451051966,0.4079409676852781,0.01495327679685689,0.000223600486963349,0.9997763995130367,0.39275331985416656,0.9728385736316999,False,352
2021-06-23,5040,4998,5082,flag_nested,0.34304459118656266,True,0.30049592247750995,0.20291002068828695,0.0379316141445568,0.001438807351611504,0.9985611926483885,0.34267957856449943,0.9728385736316999,False,352
2021-07-14,5054,5012,5096,market_1,0.30663916579127065,True,0.050274462783123475,0.09978382435220932,0.05744156073095487,0.003299532899207702,0.9967004671007923,0.3035627999305371,0.9684323167469235,False,350
2021-07-14,5054,5012,5096,block_2_3,0.08746961990499344,True,0.18164413735244173,0.1627572756069948,-0.004456907931689063,1.9864028311333826e-05,0.9999801359716887,0.08813617706254843,0.9684323167469235,False,350
2021-07-14,5054,5012,5096,block_4_6,0.6032674518575104,True,0.6523848013283539,0.4226512440221112,-0.00477548705393337,2.2805276602366753e-05,0.9999771947233976,0.6034187683868283,0.9684323167469235,False,350
2021-07-14,5054,5012,5096,top_3,0.07354319551275715,True,0.18524293871773248,0.144503930583266,0.04036194225797355,0.001629086382835987,0.998370913617164,0.0728398231763153,0.9684323167469235,False,350
2021-07-14,5054,5012,5096,top_6,0.5836877363918469,True,0.6531800098342864,0.4391783040463304,0.012675355007054473,0.00016066462455488484,0.9998393353754451,0.5836865474277032,0.9684323167469235,False,350
2021-07-14,5054,5012,5096,flag_nested,0.4659108771796855,True,0.29167308971560146,0.22150290602576492,0.031714710907745844,0.0010058228879618047,0.9989941771120382,0.46570539074386996,0.9684323167469235,False,350
2021-08-03,5068,5026,5110,market_1,0.539612684505963,True,0.05728567237821879,0.08822781215406347,0.022852616454048586,0.0005222420787959203,0.9994777579212041,0.5393378382176724,0.9607371038302962,False,350
2021-08-03,5068,5026,5110,block_2_3,0.10412586151308229,True,0.1735127008320085,0.15011376617903707,,0.0,1.0,0.10412586151308229,0.9607371038302962,False,350
2021-08-03,5068,5026,5110,block_4_6,0.36567648104565553,True,0.655122415644831,0.28501209439112657,0.038796051467129306,0.0015051336094402679,0.9984948663905597,0.3654693436768913,0.9607371038302962,False,350
2021-08-03,5068,5026,5110,top_3,0.03514211309939219,True,0.17432127327031563,0.13883145528189064,0.013147420784832473,0.00017285467329331006,0.9998271453267067,0.03490538737212646,0.9607371038302962,False,350
2021-08-03,5068,5026,5110,top_6,0.3566337332609596,True,0.6628266842415376,0.30048231357082333,0.003908653166307088,1.527756957442339e-05,0.9999847224304256,0.35662245759547134,0.9607371038302962,False,350
2021-08-03,5068,5026,5110,flag_nested,0.29494442024783984,True,0.2943368012812156,0.1710471902454632,0.013463690219589373,0.0001812709543291824,0.9998187290456708,0.29481481399493914,0.9607371038302962,False,350
2021-08-23,5082,5040,5124,market_1,0.3158027110170813,True,0.08032821356647162,0.05970435350430655,0.01437917347252656,0.00020676062975300002,0.999793239370247,0.3164622681684467,0.9447014760960564,False,349
2021-08-23,5082,5040,5124,block_2_3,0.16128500809505303,True,0.15310664554354064,0.140728741513617,,0.0,1.0,0.16128500809505303,0.9447014760960564,False,349
2021-08-23,5082,5040,5124,block_4_6,-0.019107354599997045,False,0.3891344638702742,0.28830466384761894,0.06684419944739972,0.004468146999763722,0.9955318530002363,-0.0189519456270716,0.9447014760960564,False,349
2021-08-23,5082,5040,5124,top_3,0.10457771975683335,True,0.14474683846226333,0.14637204107010315,0.0037755374128440496,1.4254682755843184e-05,0.9999857453172442,0.10455524018598912,0.9447014760960564,False,349
2021-08-23,5082,5040,5124,top_6,-0.02593184378814259,False,0.4079409676852781,0.3016230645043922,-0.0017128777671146685,2.9339502448655352e-06,0.9999970660497551,-0.025899687980720544,0.9447014760960564,False,349
2021-08-23,5082,5040,5124,flag_nested,0.052743975476433745,True,0.20291002068828695,0.1608382628705412,0.004857003363553936,2.3590481673552155e-05,0.9999764095183264,0.052550352675383445,0.9447014760960564,False,349
2021-09-13,5096,5054,5138,market_1,-0.17193491618966533,False,0.0997838243522094,0.0540803685878469,0.02140213214109353,0.000458051260184722,0.9995419487398153,-0.17489636020227303,0.9342051427312498,False,349
2021-09-13,5096,5054,5138,block_2_3,0.2100559687941792,True,0.16275727560699507,0.13136531335934096,,0.0,1.0,0.2100559687941792,0.9342051427312498,False,349
2021-09-13,5096,5054,5138,block_4_6,-0.3892155071672029,False,0.4226512440221118,0.37374682533628717,0.02932049633370579,0.0008596915052548892,0.9991403084947451,-0.38994016039126994,0.9342051427312498,False,349
2021-09-13,5096,5054,5138,top_3,0.2782013081144467,True,0.1445039305832662,0.1392453348534809,0.0077394488182657905,5.9899068010627055e-05,0.9999401009319894,0.2783097943750808,0.9342051427312498,False,349
2021-09-13,5096,5054,5138,top_6,-0.3755107227974167,False,0.43917830404633096,0.38370992965791967,0.0019973762722860504,3.989511973112592e-06,0.9999960104880269,-0.3756460725861232,0.9342051427312498,False,349
2021-09-13,5096,5054,5138,flag_nested,-0.23550894199112482,False,0.22150290602576517,0.18419190819839054,0.007289383969689823,5.313511865767673e-05,0.9999468648813423,-0.23624540621759293,0.9342051427312498,False,349
2021-10-01,5110,5068,5152,market_1,-0.1356043546734256,False,0.08822781215406347,0.046240412704841215,-0.02842143536048394,0.0008077779879501756,0.9991922220120498,-0.13403093413808198,0.9310892896484436,False,347
2021-10-01,5110,5068,5152,block_2_3,0.23607904453990075,True,0.15011376617903724,0.13615431416389656,,0.0,1.0,0.23607904453990075,0.9310892896484436,False,347
2021-10-01,5110,5068,5152,block_4_6,-0.1570109342057233,False,0.28501209439112674,0.3888001005680635,,0.0,1.0,-0.1570109342057233,0.9310892896484436,False,347
2021-10-01,5110,5068,5152,top_3,0.3219096542291571,True,0.1388314552818907,0.1423557216994138,-0.009976381714944818,9.952819212222241e-05,0.9999004718078778,0.3225856727410277,0.9310892896484436,False,347
2021-10-01,5110,5068,5152,top_6,-0.16212260874973108,False,0.3004823135708236,0.4024974874252973,-0.004207451985312538,1.77026522087953e-05,0.9999822973477912,-0.162073346895188,0.9310892896484436,False,347
2021-10-01,5110,5068,5152,flag_nested,-0.05247424477573902,False,0.1710471902454633,0.18945693661422705,-0.008920433518992814,7.957413416681547e-05,0.9999204258658332,-0.05214662642268153,0.9310892896484436,False,347
2021-10-21,5124,5082,5166,market_1,-0.015912066717114155,False,0.05970435350430656,0.049128208168465005,-0.04303841679761986,0.0018523053204455575,0.9981476946795544,-0.012944848426000077,0.9274856009819659,False,348
2021-10-21,5124,5082,5166,block_2_3,0.2747783593834044,True,0.14072874151361697,0.1549830834801639,-0.009070186144214695,8.226827669055581e-05,0.9999177317233094,0.2752333266544081,0.9274856009819659,False,348
2021-10-21,5124,5082,5166,block_4_6,0.0446324579555959,True,0.2883046638476188,0.39411560826202935,,0.0,1.0,0.0446324579555959,0.9274856009819659,False,348
2021-10-21,5124,5082,5166,top_3,0.27886510907330486,True,0.14637204107010326,0.16077096672328386,-0.01357453774380494,0.0001842680749579717,0.999815731925042,0.27937395366306866,0.9274856009819659,False,348
2021-10-21,5124,5082,5166,top_6,0.04633576822715352,True,0.3016230645043922,0.4102099447986772,-0.005381080756656422,2.895603010955039e-05,0.9999710439698904,0.046416231620094374,0.9274856009819659,False,348
2021-10-21,5124,5082,5166,flag_nested,0.09738779444721495,True,0.1608382628705412,0.19767325367934685,-0.013258026915631339,0.00017577527769552237,0.9998242247223045,0.09786474673753415,0.9274856009819659,False,348
2021-11-10,5138,5096,5180,market_1,0.0008334097692216879,True,0.05408036858784688,0.0550041911143179,-0.10767965074384042,0.01159490718431544,0.9884050928156846,0.01498421555497566,0.925754571491518,False,346
2021-11-10,5138,5096,5180,block_2_3,0.2688303300163274,True,0.13136531335934098,0.19216968844321047,,0.0,1.0,0.2688303300163274,0.925754571491518,False,346
2021-11-10,5138,5096,5180,block_4_6,-0.0037205030806425625,False,0.373746825336287,0.3519488438788252,,0.0,1.0,-0.0037205030806425625,0.925754571491518,False,346
2021-11-10,5138,5096,5180,top_3,0.22850175221575236,True,0.13924533485348095,0.19809282769371936,-0.02974557030267776,0.0008847989526313826,0.9991152010473686,0.23041356663207127,0.925754571491518,False,346
2021-11-10,5138,5096,5180,top_6,0.018008419680459263,True,0.3837099296579193,0.3539362314026585,-0.01643458639321118,0.00027009562991597846,0.999729904370084,0.018320573024002584,0.925754571491518,False,346
2021-11-10,5138,5096,5180,flag_nested,0.07088881746907646,True,0.18419190819839046,0.19231274828073924,-0.037601467730044004,0.0014138703754537074,0.9985861296245463,0.07277879832561217,0.925754571491518,False,346
2021-12-01,5152,5110,5194,market_1,0.250982366800003,True,0.04624041270484123,0.08102818980669442,-0.08541808104759498,0.007296248569853558,0.9927037514301464,0.26864308763934536,0.9198848078557266,False,348
2021-12-01,5152,5110,5194,block_2_3,0.3135014582096482,True,0.13615431416389645,0.19833639573109144,-0.1496033748984945,0.02238116978101956,0.9776188302189804,0.31536189091031386,0.9198848078557266,False,348
2021-12-01,5152,5110,5194,block_4_6,-0.20033527994269115,False,0.388800100568064,0.4186497057105285,,0.0,1.0,-0.20033527994269115,0.9198848078557266,False,348
2021-12-01,5152,5110,5194,top_3,0.2798906720726362,True,0.14235572169941374,0.19441884635766377,-0.03429788552165738,0.001176344951256847,0.9988236550487432,0.2822302115078214,0.9198848078557266,False,348
2021-12-01,5152,5110,5194,top_6,-0.17326138993634632,False,0.4024974874252978,0.4257200537641056,-0.015213606470730657,0.00023145382184619478,0.9997685461781538,-0.1730289313362113,0.9198848078557266,False,348
2021-12-01,5152,5110,5194,flag_nested,-0.03386425236448608,False,0.18945693661422722,0.22219673905314216,-0.03756765148238483,0.0014113284379022595,0.9985886715620977,-0.032148100620891774,0.9198848078557266,False,348
2021-12-21,5166,5124,5208,market_1,0.3186246446780212,True,0.04912820816846502,0.06744276582664291,-0.06796792165218876,0.004619638373718149,0.9953803616262819,0.33166704851445106,0.9246844805337866,False,347
2021-12-21,5166,5124,5208,block_2_3,0.35387821436449524,True,0.15498308348016374,0.19179334492233777,-0.21487422899963668,0.0461709342881883,0.9538290657118117,0.35615051634690437,0.9246844805337866,False,347
2021-12-21,5166,5124,5208,block_4_6,-0.36008776274774135,False,0.39411560826202924,0.4769961587646568,,0.0,1.0,-0.36008776274774135,0.9246844805337866,False,347
2021-12-21,5166,5124,5208,top_3,0.32807529341932923,True,0.16077096672328375,0.1908498370402114,-0.02044343454808965,0.00041793401612211234,0.9995820659838779,0.3293307235055274,0.9246844805337866,False,347
2021-12-21,5166,5124,5208,top_6,-0.3668779161429119,False,0.4102099447986769,0.4820512672840112,-0.00814627750452792,6.636183718078392e-05,0.9999336381628192,-0.36680456903293945,0.9246844805337866,False,347
2021-12-21,5166,5124,5208,flag_nested,-0.16503937635167545,False,0.19767325367934674,0.23541166243439599,-0.022679647273299398,0.0005143664004413351,0.9994856335995587,-0.1642761316838583,0.9246844805337866,False,347
2022-01-11,5180,5138,5222,market_1,0.2601429146997514,True,0.055004191114317924,0.07492009428576422,-0.05854010045408223,0.0034269433611739952,0.996573056638826,0.26490340846823873,0.924479904321279,False,350
2022-01-11,5180,5138,5222,block_2_3,0.4729551947040026,True,0.19216968844321042,0.16846226191061411,-0.2716324226433502,0.07378417303109563,0.9262158269689044,0.48079504440360255,0.924479904321279,False,350
2022-01-11,5180,5138,5222,block_4_6,-0.0560307585568062,False,0.351948843878825,0.5291409477997204,,0.0,1.0,-0.0560307585568062,0.924479904321279,False,350
2022-01-11,5180,5138,5222,top_3,0.4421967943866081,True,0.19809282769371933,0.16756241956982526,-0.022943754830757588,0.0005264158857337664,0.9994735841142662,0.44281879928684104,0.924479904321279,False,350
2022-01-11,5180,5138,5222,top_6,-0.10433946724720411,False,0.35393623140265823,0.5367816355601812,-0.00738834705199259,5.4587672160932854e-05,0.9999454123278391,-0.10427288446951992,0.924479904321279,False,350
2022-01-11,5180,5138,5222,flag_nested,0.05512512705572438,True,0.19231274828073913,0.2509870436050363,-0.020586935525495727,0.00042382191433121275,0.9995761780856688,0.05562004697440871,0.924479904321279,False,350
2022-02-01,5194,5152,5236,market_1,0.4288946861186294,True,0.08102818980669442,0.07194880452632348,-0.05979114052789702,0.0035749804856267664,0.9964250195143732,0.42953604551651603,0.9324426399773392,False,349
2022-02-01,5194,5152,5236,block_2_3,0.41299154791171366,True,0.19833639573109163,0.17295584103261624,-0.24379468625111256,0.059435849044278455,0.9405641509557215,0.38766211951552826,0.9324426399773392,False,349
2022-02-01,5194,5152,5236,block_4_6,-0.34039793399099544,False,0.41864970571052834,1.0745902446979774,,0.0,1.0,-0.34039793399099544,0.9324426399773392,False,349
2022-02-01,5194,5152,5236,top_3,0.3676880134923517,True,0.194418846357664,0.17543765965432487,-0.01601602979766318,0.00025651321047948095,0.9997434867895205,0.3678395525201209,0.9324426399773392,False,349
2022-02-01,5194,5152,5236,top_6,-0.3523429993531911,False,0.42572005376410565,1.076440106405902,-0.0036442296396193103,1.3280409666527326e-05,0.9999867195903335,-0.3523369626229738,0.9324426399773392,False,349
2022-02-01,5194,5152,5236,flag_nested,-0.19936462908827415,False,0.22219673905314224,0.4566800175114822,-0.010535112850021825,0.00011098860276292921,0.9998890113972371,-0.19936013091686958,0.9324426399773392,False,349
2022-02-22,5208,5166,5250,market_1,0.6749819740288472,True,0.0674427658266429,0.08114466826260526,-0.10271768407368201,0.010550922621460845,0.9894490773785392,0.6765821694214852,0.9283039058319957,False,347
2022-02-22,5208,5166,5250,block_2_3,0.38060099226139066,True,0.1917933449223378,0.16764858934456128,-0.2780995669820731,0.07733936915561668,0.9226606308443833,0.3469796774557516,0.9283039058319957,False,347
2022-02-22,5208,5166,5250,block_4_6,-0.42172776673554146,False,0.47699615876465673,1.0765227552137568,,0.0,1.0,-0.42172776673554146,0.9283039058319957,False,347
2022-02-22,5208,5166,5250,top_3,0.3104958243836265,True,0.1908498370402114,0.16321302445939162,-0.033602282346357024,0.0011291133788842167,0.9988708866211158,0.31088178048060494,0.9283039058319957,False,347
2022-02-22,5208,5166,5250,top_6,-0.42482290708454645,False,0.48205126728401115,1.0794959629779188,-0.004141699156238987,1.7153671900804746e-05,0.9999828463280992,-0.4248191041114361,0.9283039058319957,False,347
2022-02-22,5208,5166,5250,flag_nested,-0.2776178124488601,False,0.23541166243439596,0.45791106485806415,-0.0194525141493282,0.0003784003067298647,0.9996215996932701,-0.2777286315577203,0.9283039058319957,False,347
2022-03-14,5222,5180,5264,market_1,0.7060658201741622,True,0.07492009428576418,0.09010535866434963,-0.12316348070534468,0.015169242979455988,0.984830757020544,0.7092073452202271,0.9242281182135775,False,348
2022-03-14,5222,5180,5264,block_2_3,0.3894030978018687,True,0.1684622619106138,0.16755683841723634,-0.3264198312244604,0.1065499062166052,0.8934500937833948,0.3316220483718468,0.9242281182135775,False,348
2022-03-14,5222,5180,5264,block_4_6,0.6665903317752577,True,0.5291409477997211,0.8547411091661471,,0.0,1.0,0.6665903317752577,0.9242281182135775,False,348
2022-03-14,5222,5180,5264,top_3,0.2894558527877908,True,0.1675624195698249,0.15778733501935355,-0.05243989678092741,0.0027499427743942206,0.9972500572256058,0.29014965985598334,0.9242281182135775,False,348
2022-03-14,5222,5180,5264,top_6,0.6472858730105401,True,0.5367816355601822,0.8593335570009707,-0.00950025586140632,9.02548614323262e-05,0.9999097451385677,0.6473232319366284,0.9242281182135775,False,348
2022-03-14,5222,5180,5264,flag_nested,0.6089152446655091,True,0.25098704360503654,0.37348844300128536,-0.03326722689772649,0.001106708385464783,0.9988932916145352,0.6091401630121567,0.9242281182135775,False,348
2022-04-01,5236,5194,5278,market_1,0.5234855549787105,True,0.07194880452632349,0.08549971883054637,-0.0427937759434779,0.0018313072595005364,0.9981686927404995,0.5288100197046933,0.9217732036634879,False,347
2022-04-01,5236,5194,5278,block_2_3,0.49080840280938115,True,0.17295584103261588,0.13846609849242777,0.3928798420848738,0.15435457031663524,0.8456454296833648,0.4461918020596566,0.9217732036634879,False,347
2022-04-01,5236,5194,5278,block_4_6,-0.06040168971210381,False,1.074590244697977,0.44129693418668225,,0.0,1.0,-0.06040168971210381,0.9217732036634879,False,347
2022-04-01,5236,5194,5278,top_3,0.4013278492498461,True,0.17543765965432476,0.1285302209106893,-0.052040342369860916,0.0027081972339724203,0.9972918027660276,0.4027834943291499,0.9217732036634879,False,347
2022-04-01,5236,5194,5278,top_6,-0.06540905907272103,False,1.076440106405902,0.4522108927584694,-0.014807376150364808,0.00021925838845848755,0.9997807416115415,-0.06538737688078593,0.9217732036634879,False,347
2022-04-01,5236,5194,5278,flag_nested,0.00940527891427621,True,0.4566800175114821,0.21656251538710017,-0.026404292678787834,0.0006971866718672448,0.9993028133281328,0.00973198171719234,0.9217732036634879,False,347
2022-04-22,5250,5208,5292,market_1,0.5048838805560953,True,0.08114466826260529,0.07757811547250007,-0.15383328883091932,0.023664680752537137,0.9763353192474629,0.5158171880904711,0.9193654990085922,False,346
2022-04-22,5250,5208,5292,block_2_3,0.5107466327529042,True,0.16764858934456153,0.13737295208334085,0.16938062754795402,0.028689796988538574,0.9713102030114614,0.4891176066655858,0.9193654990085922,False,346
2022-04-22,5250,5208,5292,block_4_6,0.47708358713864857,True,1.076522755213756,0.3956578008539298,,0.0,1.0,0.47708358713864857,0.9193654990085922,False,346
2022-04-22,5250,5208,5292,top_3,0.40902099304874723,True,0.1632130244593918,0.13566303559446383,-0.09108803714471082,0.00829703051087649,0.9917029694891235,0.41148732451827325,0.9193654990085922,False,346
2022-04-22,5250,5208,5292,top_6,0.45383180302831966,True,1.079495962977917,0.40548687603831884,-0.029697723177253884,0.0008819547619127732,0.9991180452380872,0.454061482013695,0.9193654990085922,False,346
2022-04-22,5250,5208,5292,flag_nested,0.4315851182903574,True,0.45791106485806365,0.19888803763856347,-0.07414261144347295,0.005497126831657817,0.9945028731683422,0.433184269863964,0.9193654990085922,False,346
2022-05-12,5264,5222,5306,market_1,0.4958845230970817,True,0.09010535866434966,0.06190029784959558,-0.18564816510730553,0.03446524120770933,0.9655347587922907,0.5043819882646112,0.928272432568533,False,348
2022-05-12,5264,5222,5306,block_2_3,0.3344074994177332,True,0.16755683841723648,0.12372027983674494,0.10572977843902873,0.011178786048765987,0.988821213951234,0.31957957112241675,0.928272432568533,False,348
2022-05-12,5264,5222,5306,block_4_6,0.510172512219525,True,0.8547411091661463,0.47580219835988363,,0.0,1.0,0.510172512219525,0.928272432568533,False,348
2022-05-12,5264,5222,5306,top_3,0.27461210675584774,True,0.15778733501935363,0.12900134326172127,-0.09091815685620633,0.008266111246129748,0.9917338887538703,0.27489699827918607,0.928272432568533,False,348
2022-05-12,5264,5222,5306,top_6,0.5026762231251773,True,0.8593335570009696,0.48399468780543287,-0.02401978197551259,0.0005769499261510935,0.9994230500738489,0.5027729430579043,0.928272432568533,False,348
2022-05-12,5264,5222,5306,flag_nested,0.4803066406070598,True,0.373488443001285,0.22004674965173016,-0.06433650444312985,0.0041391858039608875,0.9958608141960391,0.48117410392092674,0.928272432568533,False,348
2022-06-02,5278,5236,5320,market_1,0.29417407186209515,True,0.08549971883054629,0.06112510547927765,-0.09194749348495254,0.00845434155816538,0.9915456584418346,0.2934060829532782,0.9324583766090706,False,348
2022-06-02,5278,5236,5320,block_2_3,0.27638759719367806,True,0.13846609849242794,0.13769492701021244,0.05878659314825216,0.0034558635339781985,0.9965441364660218,0.27911475199102764,0.9324583766090706,False,348
2022-06-02,5278,5236,5320,block_4_6,-0.17489178557084079,False,0.4412969341866826,0.7189060125920368,,0.0,1.0,-0.17489178557084079,0.9324583766090706,False,348
2022-06-02,5278,5236,5320,top_3,0.26278587800961994,True,0.12853022091068944,0.1407774935935428,-0.03910725060244236,0.0015293770496820347,0.998470622950318,0.2623831697744333,0.9324583766090706,False,348
2022-06-02,5278,5236,5320,top_6,-0.16501329635656925,False,0.4522108927584695,0.7265984059751295,-0.00744104888053728,5.5369208442401785e-05,0.9999446307915576,-0.1650531497140276,0.9324583766090706,False,348
2022-06-02,5278,5236,5320,flag_nested,-0.0870887002193263,False,0.2165625153871002,0.31358133450235726,-0.02175861073993648,0.00047343714133207815,0.9995265628586679,-0.08735931788403874,0.9324583766090706,False,348
2022-06-23,5292,5250,5334,market_1,0.5052839369752603,True,0.07757811547249999,0.049828257809179634,-0.1168149115756184,0.013645723566419576,0.9863542764335804,0.505695610907597,0.9458345135807131,False,349
2022-06-23,5292,5250,5334,block_2_3,0.2901020046436484,True,0.13737295208334066,0.15283411364327637,,0.0,1.0,0.2901020046436484,0.9458345135807131,False,349
2022-06-23,5292,5250,5334,block_4_6,0.4186171617302443,True,0.3956578008539299,0.3823779296238004,0.025456361438441266,0.0006480263376844597,0.9993519736623155,0.41863810857234207,0.9458345135807131,False,349
2022-06-23,5292,5250,5334,top_3,0.25520883832968366,True,0.13566303559446363,0.15663165457028783,-0.037039909984191204,0.0013719549316369983,0.998628045068363,0.2548463109005823,0.9458345135807131,False,349
2022-06-23,5292,5250,5334,top_6,0.3882559620549614,True,0.4054868760383186,0.39685321841068427,-0.014333179165956713,0.00020544002500355596,0.9997945599749964,0.38822347368559784,0.9458345135807131,False,349
2022-06-23,5292,5250,5334,flag_nested,0.3709449896108604,True,0.19888803763856336,0.1921182617762467,-0.036985716081770696,0.0013679431940815112,0.9986320568059185,0.37074270226051415,0.9458345135807131,False,349
2022-07-14,5306,5264,5348,market_1,0.5319644690988272,True,0.061900297849595574,0.048780633365952446,-0.071590669443479,0.0051252239513656095,0.9948747760486344,0.53114985396751,0.9457715670537878,False,350
2022-07-14,5306,5264,5348,block_2_3,0.291812752015966,True,0.12372027983674494,0.163625248108813,0.13682970573859563,0.018722368372510734,0.9812776316274893,0.2762150005932558,0.9457715670537878,False,350
2022-07-14,5306,5264,5348,block_4_6,-0.1350386154335009,False,0.4758021983598837,0.38875467087161353,-0.029329822909205033,0.0008602385118853251,0.9991397614881147,-0.1350974749597693,0.9457715670537878,False,350
2022-07-14,5306,5264,5348,top_3,0.25639256457093584,True,0.12900134326172125,0.16491558578462948,-0.022587205383279865,0.0005101818470264474,0.9994898181529736,0.25605449256292484,0.9457715670537878,False,350
2022-07-14,5306,5264,5348,top_6,-0.12668705602448505,False,0.48399468780543314,0.40244718652789835,-0.008327698624467398,6.935056437995524e-05,0.99993064943562,-0.12672558034568018,0.9457715670537878,False,350
2022-07-14,5306,5264,5348,flag_nested,-0.015953138674066357,False,0.22004674965173024,0.1960592342308385,-0.022040786029489005,0.00048579624879763195,0.9995142037512024,-0.016232334755665965,0.9457715670537878,False,350
2022-08-03,5320,5278,5362,market_1,0.5383600652727889,True,0.06112510547927767,0.053161555684508296,-0.15602946174444926,0.02434519293226245,0.9756548070677376,0.5367914393247337,0.9485097409750417,False,348
2022-08-03,5320,5278,5362,block_2_3,0.36359071097632684,True,0.1376949270102124,0.1475987452032944,0.06840455170702867,0.004679182694239614,0.9953208173057604,0.360737942460485,0.9485097409750417,False,348
2022-08-03,5320,5278,5362,block_4_6,-0.20334321417505657,False,0.7189060125920369,0.40342901909150547,-0.002538478971164892,6.443875487094353e-06,0.9999935561245129,-0.20336713864320474,0.9485097409750417,False,348
2022-08-03,5320,5278,5362,top_3,0.31916882302359006,True,0.14077749359354275,0.15057653853992473,-0.05701649952206193,0.003250881217749191,0.9967491187822508,0.31833282545970976,0.9485097409750417,False,348
2022-08-03,5320,5278,5362,top_6,-0.19980443726203753,False,0.7265984059751294,0.4135096846483144,-0.019680337575684038,0.0003873156870929373,0.9996126843129071,-0.19993124742661322,0.9485097409750417,False,348
2022-08-03,5320,5278,5362,flag_nested,-0.09704657437960314,False,0.3135813345023573,0.1971859330818089,-0.051812745680441065,0.00268456061494593,0.9973154393850541,-0.09789802399452542,0.9485097409750417,False,348
2022-08-23,5334,5292,5376,market_1,0.1628048429352534,True,0.04982825780917965,0.060351981768252495,-0.11353171378925347,0.01288945003592501,0.987110549964075,0.16531527970299334,0.9495640953010418,False,349
2022-08-23,5334,5292,5376,block_2_3,0.4338617806174399,True,0.15283411364327656,0.12130120332250537,,0.0,1.0,0.4338617806174399,0.9495640953010418,False,349
2022-08-23,5334,5292,5376,block_4_6,0.2803243106944085,True,0.3823779296238007,0.3152495956249423,0.01103894181751825,0.00012185823645061156,0.9998781417635494,0.28017170844561357,0.9495640953010418,False,349
2022-08-23,5334,5292,5376,top_3,0.4137289757720634,True,0.15663165457028796,0.12270702151557908,-0.05649758420122178,0.003191977020573944,0.9968080229794261,0.41465481336184606,0.9495640953010418,False,349
2022-08-23,5334,5292,5376,top_6,0.2642267992232021,True,0.3968532184106846,0.32695699646917836,-0.0218537678711022,0.00047758717016410657,0.9995224128298359,0.2642978569203844,0.9495640953010418,False,349
2022-08-23,5334,5292,5376,flag_nested,0.2832304194872372,True,0.1921182617762468,0.16272116949899745,-0.051951702650356334,0.0026989794082710183,0.997301020591729,0.28381234473239275,0.9495640953010418,False,349
2022-09-13,5348,5306,5390,market_1,0.27644863414380233,True,0.04878063336595246,0.055566091223509105,-0.1304448973247828,0.017015871238073244,0.9829841287619268,0.2772104131087235,0.9588172347590722,False,350
2022-09-13,5348,5306,5390,block_2_3,0.31569151744612395,True,0.16362524810881304,0.12359399890238736,,0.0,1.0,0.31569151744612395,0.9588172347590722,False,350
2022-09-13,5348,5306,5390,block_4_6,0.29325566968508143,True,0.3887546708716134,0.3556047075711756,0.011035563163015374,0.00012178365432502503,0.999878216345675,0.2931093065908779,0.9588172347590722,False,350
2022-09-13,5348,5306,5390,top_3,0.29436282293126154,True,0.16491558578462964,0.12843075996905656,-0.05758824744114213,0.0033164062433423958,0.9966835937566576,0.29466225508727395,0.9588172347590722,False,350
2022-09-13,5348,5306,5390,top_6,0.26694094351437203,True,0.40244718652789857,0.36820244306293626,-0.020588801617041037,0.0004238987520260862,0.9995761012479739,0.266947209261374,0.9588172347590722,False,350
2022-09-13,5348,5306,5390,flag_nested,0.27209827737689646,True,0.19605923423083868,0.17658213492740887,-0.05075688013796735,0.002576260881340109,0.9974237391186599,0.2722488713172705,0.9588172347590722,False,350
2022-10-03,5362,5320,5404,market_1,0.4776845874056717,True,0.053161555684508324,0.0469839113813753,-0.11499169857984992,0.013223090742278787,0.9867769092577212,0.48104495321247415,0.9684008434834608,False,349
2022-10-03,5362,5320,5404,block_2_3,0.2645145679938556,True,0.1475987452032945,0.143142608784792,,0.0,1.0,0.2645145679938556,0.9684008434834608,False,349
2022-10-03,5362,5320,5404,block_4_6,0.31832940260617076,True,0.403429019091505,0.32379494065988024,-0.0014657276654426964,2.1483575892711215e-06,0.9999978516424107,0.318343035249894,0.9684008434834608,False,349
2022-10-03,5362,5320,5404,top_3,0.2469011806622015,True,0.1505765385399248,0.14759042122978663,-0.03770799738540124,0.0014218930668173924,0.9985781069331826,0.24717065959005402,0.9684008434834608,False,349
2022-10-03,5362,5320,5404,top_6,0.2862503188324189,True,0.41350968464831367,0.3430961722694452,-0.01594663452678673,0.00025429515273078795,0.9997457048472692,0.28629010184264136,0.9684008434834608,False,349
2022-10-03,5362,5320,5404,flag_nested,0.2911279728515216,True,0.1971859330818087,0.17055095811109464,-0.03911181662720838,0.0015297341998804503,0.9984702658001195,0.2913860863618089,0.9684008434834608,False,349
2022-10-21,5376,5334,5418,market_1,0.40330773194340014,True,0.06035198176825255,0.053227028444143606,-0.0953000390464915,0.009082097442262738,0.9909179025577373,0.40283859532867494,0.9721461618355207,False,349
2022-10-21,5376,5334,5418,block_2_3,0.2574285609573338,True,0.12130120332250521,0.13261366249183215,,0.0,1.0,0.2574285609573338,0.9721461618355207,False,349
2022-10-21,5376,5334,5418,block_4_6,0.11136927662813241,True,0.31524959562494215,0.43124182060071475,-0.014181766291209734,0.00020112249513859481,0.9997988775048614,0.11092067792247508,0.9721461618355207,False,349
2022-10-21,5376,5334,5418,top_3,0.25260763210557036,True,0.12270702151557897,0.13823362700606376,-0.0370234747460684,0.0013707376822728046,0.9986292623177272,0.25239411834474573,0.9721461618355207,False,349
2022-10-21,5376,5334,5418,top_6,0.10685183066344651,True,0.32695699646917825,0.44380636152241437,-0.009913514975649044,9.827777917237324e-05,0.9999017222208276,0.10684851940124465,0.9721461618355207,False,349
2022-10-21,5376,5334,5418,flag_nested,0.15911253963876382,True,0.16272116949899745,0.20501213668960722,-0.02991803493669815,0.0008950888144735325,0.9991049111855265,0.15888684523395422,0.9721461618355207,False,349
2022-11-10,5390,5348,5432,market_1,0.4133628800041671,True,0.05556609122350912,0.05017204657584894,-0.15423574969797896,0.023788666484897636,0.9762113335151024,0.4065933224858767,0.9780788719982375,False,348
2022-11-10,5390,5348,5432,block_2_3,0.21716514045126226,True,0.1235939989023874,0.14677890271485106,,0.0,1.0,0.21716514045126226,0.9780788719982375,False,348
2022-11-10,5390,5348,5432,block_4_6,0.3400117622675291,True,0.35560470757117535,0.3741093277277103,-0.03751328400577928,0.0014072464768981607,0.9985927535231018,0.33950120069737066,0.9780788719982375,False,348
2022-11-10,5390,5348,5432,top_3,0.21898251382648692,True,0.12843075996905662,0.14929025121378217,-0.050229392967350156,0.0025229919178686444,0.9974770080821314,0.21761372989018948,0.9780788719982375,False,348
2022-11-10,5390,5348,5432,top_6,0.32071869161816624,True,0.36820244306293615,0.3863582042878512,-0.015176334569047127,0.00023032113095189377,0.9997696788690481,0.32061309328754223,0.9780788719982375,False,348
2022-11-10,5390,5348,5432,flag_nested,0.3082000868078916,True,0.17658213492740882,0.18661512344088313,-0.04907323439989694,0.002408182334467379,0.9975918176655326,0.30716441855294363,0.9780788719982375,False,348
2022-12-01,5404,5362,5446,market_1,0.4754563386110046,True,0.04698391138137528,0.05020060698356525,-0.12577073717687112,0.01581827833001359,0.9841817216699864,0.48321537253887165,0.976505208825103,False,348
2022-12-01,5404,5362,5446,block_2_3,0.3063594767157676,True,0.14314260878479204,0.16569138557015337,,0.0,1.0,0.3063594767157676,0.976505208825103,False,348
2022-12-01,5404,5362,5446,block_4_6,0.38597169470810505,True,0.323794940659881,0.4124586730298649,0.04210487295130677,0.0017728203262457054,0.9982271796737543,0.38502138278369175,0.976505208825103,False,348
2022-12-01,5404,5362,5446,top_3,0.28677335963311334,True,0.14759042122978655,0.16824114229346926,-0.037627378105325224,0.0014158195830811238,0.9985841804169189,0.28736136125963774,0.976505208825103,False,348
2022-12-01,5404,5362,5446,top_6,0.35905388473936595,True,0.34309617226944544,0.4178446981755948,-0.017009296032955284,0.00028931615153682255,0.9997106838484632,0.3591653014790952,0.976505208825103,False,348
2022-12-01,5404,5362,5446,flag_nested,0.34939849194510286,True,0.17055095811109466,0.20261826232391908,-0.038718144268495264,0.0014990946955959483,0.998500905304404,0.3500607780734289,0.976505208825103,False,348
2022-12-21,5418,5376,5460,market_1,0.46865972234880315,True,0.05322702844414361,0.045058587652890586,-0.06782229628999165,0.004599863874047427,0.9954001361259526,0.47412363574090555,0.9831932773109243,False,348
2022-12-21,5418,5376,5460,block_2_3,0.48780168072060565,True,0.1326136624918323,0.18459273663522396,,0.0,1.0,0.48780168072060565,0.9831932773109243,False,348
2022-12-21,5418,5376,5460,block_4_6,0.22640873230116937,True,0.4312418206007144,0.41331400121945194,0.027505651422217923,0.0007565608601605156,0.9992434391398395,0.22567856346819432,0.9831932773109243,False,348
2022-12-21,5418,5376,5460,top_3,0.4606447828275161,True,0.13823362700606387,0.18682010318463826,-0.016393737591935326,0.0002687546322333034,0.9997312453677667,0.46116504006251874,0.9831932773109243,False,348
2022-12-21,5418,5376,5460,top_6,0.19964701081943295,True,0.44380636152241404,0.41740115349435264,-0.008748327045824653,7.653322610068347e-05,0.9999234667738993,0.1997067928145311,0.9831932773109243,False,348
2022-12-21,5418,5376,5460,flag_nested,0.2656311517925867,True,0.2050121366896071,0.2066433653963164,-0.018513041850261425,0.00034273271854956544,0.9996572672814504,0.26603180271913196,0.9831932773109243,False,348
2023-01-12,5432,5390,5474,market_1,0.43975358120384267,True,0.05017204657584894,0.04365316084778604,-0.11567661861542605,0.013381080094298836,0.9866189199057012,0.44094368295187836,0.985002989960029,False,349
2023-01-12,5432,5390,5474,block_2_3,0.421890087601658,True,0.14677890271485108,0.18621953004527758,,0.0,1.0,0.421890087601658,0.985002989960029,False,349
2023-01-12,5432,5390,5474,block_4_6,0.4095911200312251,True,0.37410932772771044,0.3747458862467755,0.007920226206914696,6.272998316869671e-05,0.9999372700168313,0.40953088548851463,0.985002989960029,False,349
2023-01-12,5432,5390,5474,top_3,0.4065743674335273,True,0.14929025121378212,0.18990438058450676,-0.026611752745882386,0.0007081853842080266,0.999291814615792,0.4065991101483647,0.985002989960029,False,349
2023-01-12,5432,5390,5474,top_6,0.34560905532509884,True,0.38635820428785145,0.38662435746875656,-0.014909245291311757,0.00022228559515624635,0.9997777144048438,0.3455762902998158,0.985002989960029,False,349
2023-01-12,5432,5390,5474,flag_nested,0.3646121261173121,True,0.18661512344088318,0.19707838205077835,-0.03187942443032591,0.0010162977020088393,0.9989837022979912,0.3646156574026452,0.985002989960029,False,349
2023-02-02,5446,5404,5488,market_1,0.16679471176004443,True,0.05020060698356527,0.039153513106088625,-0.14773900927976358,0.021826814862965782,0.9781731851370342,0.16137520861171983,0.9887325716803576,False,349
2023-02-02,5446,5404,5488,block_2_3,0.3475043978220019,True,0.1656913855701533,0.18016191915366347,,0.0,1.0,0.3475043978220019,0.9887325716803576,False,349
2023-02-02,5446,5404,5488,block_4_6,0.20987888347203465,True,0.4124586730298646,0.3412826780993601,-0.001378889765387302,1.9013369850773287e-06,0.9999980986630149,0.20988109569616395,0.9887325716803576,False,349
2023-02-02,5446,5404,5488,top_3,0.33624894337371986,True,0.16824114229346931,0.1842752425364314,-0.031422760827000795,0.0009873898979907425,0.9990126101020093,0.33601731287080144,0.9887325716803576,False,349
2023-02-02,5446,5404,5488,top_6,0.13831628996814724,True,0.4178446981755944,0.36426628031516156,-0.015422662661758273,0.00023785852357849357,0.9997621414764215,0.13826968201498038,0.9887325716803576,False,349
2023-02-02,5446,5404,5488,flag_nested,0.19297342926504743,True,0.20261826232391897,0.18699493688763208,-0.03777383092002262,0.001426862302374654,0.9985731376976253,0.19258783180558328,0.9887325716803576,False,349
2023-02-23,5460,5418,5502,market_1,0.07631803130421437,True,0.04505858765289057,0.04074851392215779,-0.1219308302158568,0.01486712735712814,0.9851328726428719,0.08254872581851815,0.9882604727284172,False,350
2023-02-23,5460,5418,5502,block_2_3,0.1911403728302867,True,0.18459273663522396,0.18206718497088217,,0.0,1.0,0.1911403728302867,0.9882604727284172,False,350
2023-02-23,5460,5418,5502,block_4_6,0.171829064677441,True,0.4133140012194525,0.46635333929538997,-0.006102115437644599,3.723581281422916e-05,0.9999627641871858,0.17179665932829333,0.9882604727284172,False,350
2023-02-23,5460,5418,5502,top_3,0.1889039313407858,True,0.18682010318463832,0.18651051027444362,-0.026574091187253845,0.0007061823224284725,0.9992938176775715,0.18927289003888767,0.9882604727284172,False,350
2023-02-23,5460,5418,5502,top_6,0.13767837657693532,True,0.41740115349435314,0.4841050581907186,-0.010953376023597803,0.00011997644631422943,0.9998800235536858,0.1377411087398304,0.9882604727284172,False,350
2023-02-23,5460,5418,5502,flag_nested,0.1474857569023912,True,0.2066433653963166,0.22872570784409416,-0.026788579538020465,0.0007176279936649266,0.9992823720063351,0.14787362962788395,0.9882604727284172,False,350
2023-03-15,5474,5432,5516,market_1,0.0779321041463601,True,0.043653160847786025,0.03746784039448694,-0.06555184484344677,0.00429704436237921,0.9957029556376208,0.08005743787363559,0.9894249834765367,False,351
2023-03-15,5474,5432,5516,block_2_3,0.20499910773110563,True,0.18621953004527747,0.16661466181083612,,0.0,1.0,0.20499910773110563,0.9894249834765367,False,351
2023-03-15,5474,5432,5516,block_4_6,0.04733436871403197,True,0.37474588624677546,0.5202432584778109,0.005056478361495383,2.5567973420348444e-05,0.9999744320265797,0.047297294453810604,0.9894249834765367,False,351
2023-03-15,5474,5432,5516,top_3,0.1980474943734071,True,0.18990438058450668,0.1706451597544572,-0.014440789371112695,0.0002085363976608301,0.9997914636023392,0.1981708982005547,0.9894249834765367,False,351
2023-03-15,5474,5432,5516,top_6,0.032373845404702735,True,0.38662435746875623,0.532863598223749,-0.0044994954355592875,2.0245459174783598e-05,0.9999797545408252,0.032390112487642835,0.9894249834765367,False,351
2023-03-15,5474,5432,5516,flag_nested,0.0709147748214995,True,0.1970783820507782,0.24173201063373528,-0.012420163278533992,0.00015426045586541814,0.9998457395441346,0.07102202735051685,0.9894249834765367,False,351
2023-04-04,5488,5446,5530,market_1,0.14152958262069337,True,0.03915351310608864,0.03939949132840172,-0.1042370049141321,0.01086535319346893,0.9891346468065311,0.15348434994312637,0.9905108110659995,False,350
2023-04-04,5488,5446,5530,block_2_3,0.10829805821628034,True,0.18016191915366334,0.1802435341352971,,0.0,1.0,0.10829805821628034,0.9905108110659995,False,350
2023-04-04,5488,5446,5530,block_4_6,0.19552151972770887,True,0.3412826780993601,0.43151815062294036,-0.00869792658035633,7.565392679731442e-05,0.9999243460732027,0.1954745361457984,0.9905108110659995,False,350
2023-04-04,5488,5446,5530,top_3,0.10970282505527715,True,0.1842752425364312,0.1838493765355627,-0.022451386146885754,0.0005040647399165987,0.9994959352600834,0.11023354900766583,0.9905108110659995,False,350
2023-04-04,5488,5446,5530,top_6,0.20749975641745871,True,0.36426628031516195,0.44243711002336006,-0.007840034638267697,6.146614312918519e-05,0.9999385338568708,0.20760030925177403,0.9905108110659995,False,350
2023-04-04,5488,5446,5530,flag_nested,0.1763745632888377,True,0.1869949368876321,0.21317664910134732,-0.023214630925320258,0.0005389190889988349,0.9994610809110012,0.17707181278963627,0.9905108110659995,False,350
2023-04-25,5502,5460,5544,market_1,0.07766108456341249,True,0.040748513922157815,0.04018549326299356,-0.06284344840725051,0.003949299007714568,0.9960507009922854,0.08111876887937458,0.9911874862304473,False,349
2023-04-25,5502,5460,5544,block_2_3,0.215683907652676,True,0.182067184970882,0.22009610604881685,,0.0,1.0,0.215683907652676,0.9911874862304473,False,349
2023-04-25,5502,5460,5544,block_4_6,-0.11047513918754572,False,0.46635333929538964,0.4698265321453013,,0.0,1.0,-0.11047513918754572,0.9911874862304473,False,349
2023-04-25,5502,5460,5544,top_3,0.20948397924613948,True,0.18651051027444351,0.22369778252999728,-0.011317209211232367,0.00012807922433089036,0.9998719207756691,0.20963502409166257,0.9911874862304473,False,349
2023-04-25,5502,5460,5544,top_6,-0.042518124466510265,False,0.4841050581907184,0.48624795554376693,-0.0052007107736177765,2.7047392550882954e-05,0.9999729526074491,-0.04249854120792363,0.9911874862304473,False,349
2023-04-25,5502,5460,5544,flag_nested,0.02497960257726974,True,0.2287257078440941,0.24021091888203502,-0.012885054909327013,0.00016602464001658213,0.9998339753599834,0.025124594998130245,0.9911874862304473,False,349
2023-05-15,5516,5474,5558,market_1,0.1573423362372288,True,0.03746784039448694,0.040622598922272685,-0.022819267560722837,0.0005207189720078942,0.9994792810279921,0.1606009651567721,0.991266169389104,False,351
2023-05-15,5516,5474,5558,block_2_3,0.3006211827831731,True,0.16661466181083626,0.23233342748219066,,0.0,1.0,0.3006211827831731,0.991266169389104,False,351
2023-05-15,5516,5474,5558,block_4_6,-0.35474808965456744,False,0.5202432584778105,0.5374721953017466,0.006994544708339734,4.8923655676991196e-05,0.999951076344323,-0.35483261924314846,0.991266169389104,False,351
2023-05-15,5516,5474,5558,top_3,0.297490847266521,True,0.17064515975445735,0.23471298378287322,-0.0038967451573177466,1.5184622821129423e-05,0.9999848153771789,0.2976586251883205,0.991266169389104,False,351
2023-05-15,5516,5474,5558,top_6,-0.2852774819688556,False,0.5328635982237486,0.5476203885918234,-0.0018944225816376738,3.5888369178671553e-06,0.9999964111630821,-0.2852717551606269,0.991266169389104,False,351
2023-05-15,5516,5474,5558,flag_nested,-0.15109431529208686,False,0.24173201063373528,0.2645655661561601,-0.004335321280026437,1.8795010600980433e-05,0.999981204989399,-0.15103975581928766,0.991266169389104,False,351
2023-06-05,5530,5488,5572,market_1,0.14434633358248655,True,0.03939949132840171,0.04558715815911389,0.0076535708674208384,5.8577147022731424e-05,0.9999414228529773,0.14441281837419023,0.9913448525477607,False,352
2023-06-05,5530,5488,5572,block_2_3,0.35799598378273556,True,0.1802435341352972,0.20694945731771766,,0.0,1.0,0.35799598378273556,0.9913448525477607,False,352
2023-06-05,5530,5488,5572,block_4_6,-0.003275390528654232,False,0.4315181506229402,0.4378865022138399,0.01760947742042483,0.0003100936950204414,0.9996899063049796,-0.0029760921928725513,0.9913448525477607,False,352
2023-06-05,5530,5488,5572,top_3,0.3619361757071159,True,0.18384937653556283,0.2102228158249194,0.0024093447169281487,5.8049419647820955e-06,0.9999941950580352,0.3619826719234905,0.9913448525477607,False,352
2023-06-05,5530,5488,5572,top_6,0.027233007514639817,True,0.4424371100233598,0.45915527883448626,0.001880139460945933,3.534924392534222e-06,0.9999964650756075,0.02721514477011339,0.9913448525477607,False,352
2023-06-05,5530,5488,5572,flag_nested,0.1202832060868839,True,0.21317664910134726,0.22791810247046898,0.00236982727495678,5.6160813128869336e-06,0.9999943839186871,0.1202622848475281,0.9913448525477607,False,352
2023-06-26,5544,5502,5586,market_1,0.15000449540645516,True,0.040185493262993525,0.05079377140595236,-0.06520160018194561,0.004251248666286345,0.9957487513337137,0.15994256167595933,0.9920687376074026,False,351
2023-06-26,5544,5502,5586,block_2_3,-0.01082258416294253,False,0.22009610604881696,0.17095833855461956,,0.0,1.0,-0.01082258416294253,0.9920687376074026,False,351
2023-06-26,5544,5502,5586,block_4_6,0.157702713026782,True,0.46982653214530146,0.4100965840282261,-0.031542948818719246,0.0009949576201804256,0.9990050423798196,0.15784145684327427,0.9920687376074026,False,351
2023-06-26,5544,5502,5586,top_3,-0.005774647826493189,False,0.22369778252999734,0.17374056217788333,-0.018891509252760365,0.00035688912184717037,0.9996431108781528,-0.005344806860777383,0.9920687376074026,False,351
2023-06-26,5544,5502,5586,top_6,0.20648182906711318,True,0.4862479555437669,0.4267216792239738,-0.005724238708711126,3.276690879439048e-05,0.9999672330912056,0.20655664347254635,0.9920687376074026,False,351
2023-06-26,5544,5502,5586,flag_nested,0.14801414439138846,True,0.24021091888203502,0.2073415060125616,-0.01895395751143925,0.0003592525053455198,0.9996407474946545,0.14858558807283503,0.9920687376074026,False,351
2023-07-17,5558,5516,5600,market_1,0.2297174843413107,True,0.04062259892227272,0.04933627753895402,-0.04012766879265571,0.0016102298027329542,0.998389770197267,0.23648031297345948,0.9920687376074026,False,351
2023-07-17,5558,5516,5600,block_2_3,-0.07247672794249523,False,0.23233342748219032,0.19419821163508522,,0.0,1.0,-0.07247672794249523,0.9920687376074026,False,351
2023-07-17,5558,5516,5600,block_4_6,-0.16154751572277695,False,0.5374721953017466,0.3942949705798749,-0.007637760541895603,5.8335386095453856e-05,0.9999416646139045,-0.1615253579762296,0.9920687376074026,False,351
2023-07-17,5558,5516,5600,top_3,-0.07044393776572742,False,0.23471298378287295,0.19695571645917573,-0.009925017973230118,9.850598176897041e-05,0.999901494018231,-0.07025423771741195,0.9920687376074026,False,351
2023-07-17,5558,5516,5600,top_6,-0.08884760182735969,False,0.5476203885918233,0.4179719016313622,-0.003357460099151539,1.1272538317452785e-05,0.9999887274616825,-0.08881918871868676,0.9920687376074026,False,351
2023-07-17,5558,5516,5600,flag_nested,-0.07194624980599339,False,0.26456556615616,0.21090599356650022,-0.011092798497990978,0.00012305017851710343,0.9998769498214829,-0.07171446844254888,0.9920687376074026,False,351
2023-08-04,5572,5530,5614,market_1,0.3264103310323817,True,0.04558715815911387,0.04295255609149952,-0.028073520627711956,0.0007881225604347009,0.9992118774395653,0.3353991067592501,0.9907783338054322,False,351
2023-08-04,5572,5530,5614,block_2_3,-0.052772463119294975,False,0.20694945731771777,0.19142219161129947,,0.0,1.0,-0.052772463119294975,0.9907783338054322,False,351
2023-08-04,5572,5530,5614,block_4_6,-0.19649336141479357,False,0.43788650221383985,0.4704558650634545,0.04509243045281868,0.0020333272841422945,0.9979666727158577,-0.19635172269830536,0.9907783338054322,False,351
2023-08-04,5572,5530,5614,top_3,-0.052170420064770254,False,0.2102228158249195,0.19434868031839625,-0.006473751434200533,4.190945763182796e-05,0.9999580905423682,-0.05197594582603369,0.9907783338054322,False,351
2023-08-04,5572,5530,5614,top_6,-0.143118904062245,False,0.4591552788344862,0.4917311628869015,-0.0035088780541022856,1.2312225198596316e-05,0.9999876877748014,-0.1430816547868789,0.9907783338054322,False,351
2023-08-04,5572,5530,5614,flag_nested,-0.10233807624864354,False,0.22791810247046895,0.23395579642526113,-0.006675197677100425,4.455826402838259e-05,0.9999554417359716,-0.10215638880465298,0.9907783338054322,False,351
2023-08-24,5586,5544,5628,market_1,0.2173225777815057,True,0.05079377140595241,0.03856300879089,-0.08800648101769462,0.00774514070111787,0.9922548592988821,0.2232149807461349,0.9917540049727757,False,350
2023-08-24,5586,5544,5628,block_2_3,0.3145729619243686,True,0.1709583385546194,0.1594678102407377,,0.0,1.0,0.3145729619243686,0.9917540049727757,False,350
2023-08-24,5586,5544,5628,block_4_6,-0.09859720170919545,False,0.41009658402822613,1.0318094676273832,-0.009646842662069917,9.306157334676435e-05,0.9999069384266532,-0.09886553447706546,0.9917540049727757,False,350
2023-08-24,5586,5544,5628,top_3,0.30872259902241117,True,0.17374056217788328,0.1639264393635406,-0.020711287766929546,0.00042895744096460575,0.9995710425590354,0.30919113525620295,0.9917540049727757,False,350
2023-08-24,5586,5544,5628,top_6,-0.08579563733446685,False,0.42672167922397347,1.043478597162812,-0.00236504579349717,5.593441605333815e-06,0.9999944065583947,-0.08577989309204703,0.9917540049727757,False,350
2023-08-24,5586,5544,5628,flag_nested,-0.033143663581732374,False,0.20734150601256152,0.4380856026820414,-0.009201548744167589,8.466849929134046e-05,0.9999153315007087,-0.03299484314361347,0.9917540049727757,False,350
2023-09-14,5600,5558,5642,market_1,0.2312129941748186,True,0.04933627753895402,0.04304416298480877,0.010978948624184698,0.00012053731289252134,0.9998794626871075,0.23187017704648538,0.9918484247631637,False,350
2023-09-14,5600,5558,5642,block_2_3,0.33721894796991503,True,0.19419821163508544,0.13403238358299122,,0.0,1.0,0.33721894796991503,0.9918484247631637,False,350
2023-09-14,5600,5558,5642,block_4_6,0.29640394428994826,True,0.39429497057987534,0.9909297439720014,0.0015584533717248796,2.42877691203347e-06,0.999997571223088,0.29646674437839493,0.9918484247631637,False,350
2023-09-14,5600,5558,5642,top_3,0.32695752108947507,True,0.19695571645917578,0.140456377820067,0.003416679413182592,1.1673698212533168e-05,0.9999883263017875,0.32704043929699966,0.9918484247631637,False,350
2023-09-14,5600,5558,5642,top_6,0.28733027403493144,True,0.4179719016313625,0.9996167862134736,0.00010610319172898795,1.1257887289062296e-08,0.9999999887421127,0.28736524502979305,0.9918484247631637,False,350
2023-09-14,5600,5558,5642,flag_nested,0.2665409447877839,True,0.2109059935665003,0.4182914668072963,0.001269241960727655,1.6109751549420182e-06,0.9999983890248451,0.2666947587437583,0.9918484247631637,False,350
2023-10-04,5614,5572,5656,market_1,0.34276769496422677,True,0.042952556091499505,0.044661928825816245,-0.044678432713255806,0.0019961623497131153,0.9980038376502869,0.35195123966193725,0.9906839140150442,False,349
2023-10-04,5614,5572,5656,block_2_3,0.42476342271555756,True,0.19142219161129945,0.19208001491642682,,0.0,1.0,0.42476342271555756,0.9906839140150442,False,349
2023-10-04,5614,5572,5656,block_4_6,0.5329170397725403,True,0.47045586506345416,0.8380632895978101,-0.004396861474487175,1.933239082563265e-05,0.9999806676091744,0.5329052748221714,0.9906839140150442,False,349
2023-10-04,5614,5572,5656,top_3,0.41341099385751734,True,0.19434868031839617,0.19610171285261763,-0.009919932536165446,9.840506152203332e-05,0.999901594938478,0.41389104170660435,0.9906839140150442,False,349
2023-10-04,5614,5572,5656,top_6,0.5060765945637921,True,0.4917311628869012,0.8417321101173981,-0.0023035155114877973,5.306183711750734e-06,0.9999946938162882,0.5061358164736607,0.9906839140150442,False,349
2023-10-04,5614,5572,5656,flag_nested,0.47861692347792767,True,0.23395579642526101,0.3645528850726604,-0.0066452992642460065,4.4160002311444124e-05,0.9999558399976886,0.4790279590033233,0.9906839140150442,False,349
2023-10-24,5628,5586,5670,market_1,0.2260699429457875,True,0.03856300879089,0.04892718690172336,-0.06685940335620347,0.004470179817147479,0.9955298201828525,0.24171137823331273,0.9906524407515815,False,348
2023-10-24,5628,5586,5670,block_2_3,0.26879039616919526,True,0.1594678102407378,0.179395989679902,,0.0,1.0,0.26879039616919526,0.9906524407515815,False,348
2023-10-24,5628,5586,5670,block_4_6,0.33458053639003893,True,1.0318094676273828,0.3877714042888125,-0.004508177603852906,2.0323665307908634e-05,0.9999796763346921,0.33461314623536176,0.9906524407515815,False,348
2023-10-24,5628,5586,5670,top_3,0.2650178660842177,True,0.16392643936354076,0.1846241692632245,-0.018410848025234232,0.0003389593250083811,0.9996610406749916,0.266018974826324,0.9906524407515815,False,348
2023-10-24,5628,5586,5670,top_6,0.32808577528067984,True,1.0434785971628127,0.4049982823562399,-0.008650827325093962,7.48368134086963e-05,0.9999251631865913,0.3281584161494259,0.9906524407515815,False,348
2023-10-24,5628,5586,5670,flag_nested,0.29512177585766197,True,0.43808560268204166,0.2027144930571374,-0.020091413461722843,0.00040366489488974366,0.9995963351051103,0.29560335902983925,0.9906524407515815,False,348
2023-11-13,5642,5600,5684,market_1,0.22172049414711573,True,0.04304416298480877,0.04685117751369402,-0.103913473106299,0.010798009893013716,0.9892019901069863,0.24963259981683972,0.9882762093601486,False,347
2023-11-13,5642,5600,5684,block_2_3,0.22855336867412374,True,0.13403238358299124,0.24193008705572008,,0.0,1.0,0.22855336867412374,0.9882762093601486,False,347
2023-11-13,5642,5600,5684,block_4_6,-0.15191808427996462,False,0.9909297439720004,0.3628625691113446,0.012040260324761853,0.00014496786868789524,0.9998550321313121,-0.15194894708430298,0.9882762093601486,False,347
2023-11-13,5642,5600,5684,top_3,0.22292741846678168,True,0.140456377820067,0.24590341080073042,-0.02002807324924775,0.000401123718077101,0.9995988762819229,0.2246752744543309,0.9882762093601486,False,347
2023-11-13,5642,5600,5684,top_6,-0.12300299097517156,False,0.9996167862134724,0.36359498782812166,-0.013590279916646299,0.00018469570821288972,0.9998153042917871,-0.12290001778090534,0.9882762093601486,False,347
2023-11-13,5642,5600,5684,flag_nested,-0.05035321399627266,False,0.41829146680729584,0.21067688018508166,-0.02842230027519048,0.0008078271529330383,0.999192172847067,-0.049656267735902815,0.9882762093601486,False,347
2023-12-04,5656,5614,5698,market_1,0.32665273308086096,True,0.04466192882581624,0.05272813433872908,-0.07238018528791058,0.0052388912223122475,0.9947611087776878,0.3352338128318679,0.9880873697793724,False,349
2023-12-04,5656,5614,5698,block_2_3,0.1648474123898032,True,0.1920800149164266,0.26277261551933934,,0.0,1.0,0.1648474123898032,0.9880873697793724,False,349
2023-12-04,5656,5614,5698,block_4_6,-0.3127093270511321,False,0.8380632895978103,0.3636492185912436,-0.0006651776152286506,4.424612597420108e-07,0.9999995575387403,-0.31271385191609763,0.9880873697793724,False,349
2023-12-04,5656,5614,5698,top_3,0.16737102518804975,True,0.19610171285261743,0.2675410754698313,-0.014549101391198128,0.00021167635129137885,0.9997883236487086,0.16772875054393993,0.9880873697793724,False,349
2023-12-04,5656,5614,5698,top_6,-0.32790761796997914,False,0.841732110117398,0.34617182002699126,-0.010479431282043173,0.00010981847999502747,0.999890181520005,-0.3278771030836684,0.9880873697793724,False,349
2023-12-04,5656,5614,5698,flag_nested,-0.15536471478340913,False,0.36455288507266037,0.2158984792338619,-0.021626852067205334,0.00046772073033685135,0.9995322792696631,-0.15512375444883647,0.9880873697793724,False,349
2023-12-22,5670,5628,5712,market_1,0.4855159886188427,True,0.04892718690172336,0.053479213636214024,0.002298739461974968,5.284203114075403e-06,0.9999947157968859,0.48653040492006433,0.9898026626380889,False,351
2023-12-22,5670,5628,5712,block_2_3,0.058357886185406105,True,0.17939598967990206,0.42442960022751014,,0.0,1.0,0.058357886185406105,0.9898026626380889,False,351
2023-12-22,5670,5628,5712,block_4_6,0.2376877789022892,True,0.38777140428881246,0.5726073096763554,0.006698315357607748,4.486742862996884e-05,0.99995513257137,0.23769698837956668,0.9898026626380889,False,351
2023-12-22,5670,5628,5712,top_3,0.06258814781835813,True,0.18462416926322456,0.4272222275020175,0.00035297230548294293,1.2458944842475006e-07,0.9999998754105516,0.06259300749753009,0.9898026626380889,False,351
2023-12-22,5670,5628,5712,top_6,0.3036099125203975,True,0.40499828235624,0.44392444899617023,0.0008870596507385251,7.868748240769108e-07,0.9999992131251759,0.30361371046210034,0.9898026626380889,False,351
2023-12-22,5670,5628,5712,flag_nested,0.19073179040154836,True,0.20271449305713743,0.31071603796902497,0.0006275603208660013,3.938319561580528e-07,0.9999996061680438,0.19076008277011922,0.9898026626380889,False,351
2024-01-16,5684,5642,5726,market_1,0.41364553109633884,True,0.04685117751369402,0.056915228737854213,0.06499716949000349,0.004224632041712195,0.9957753679582878,0.41039941900982485,0.9877883737764769,False,350
2024-01-16,5684,5642,5726,block_2_3,0.6225661876473941,True,0.24193008705572053,0.40096536745394457,-0.04525731260492715,0.0020482243442200287,0.99795177565578,0.6219918002197098,0.9877883737764769,False,350
2024-01-16,5684,5642,5726,block_4_6,0.35775149290543257,True,0.3628625691113446,0.5509886917717136,,0.0,1.0,0.35775149290543257,0.9877883737764769,False,350
2024-01-16,5684,5642,5726,top_3,0.6148318909643492,True,0.24590341080073103,0.4041194196652628,0.009441825849280822,8.914807536819502e-05,0.9999108519246318,0.6147877074092261,0.9877883737764769,False,350
2024-01-16,5684,5642,5726,top_6,0.11579429220905399,True,0.3635949878281218,0.42977272920556986,0.009235134792316543,8.528771463234275e-05,0.9999147122853677,0.11570376141806638,0.9877883737764769,False,350
2024-01-16,5684,5642,5726,flag_nested,0.3907561371889876,True,0.2106768801850819,0.29742384712832387,0.015463060797709467,0.00023910624923362267,0.9997608937507664,0.39054476282865586,0.9877883737764769,False,350
2024-02-05,5698,5656,5740,market_1,0.22041794547988908,True,0.05272813433872909,0.0602674926919115,0.04868805125700996,0.002370526335205403,0.9976294736647946,0.21787028026057131,0.9860730809177604,False,350
2024-02-05,5698,5656,5740,block_2_3,0.7410577476454527,True,0.26277261551933945,0.40102689355865034,-0.03616364765507758,0.0013078094117203731,0.9986921905882796,0.7417543362177353,0.9860730809177604,False,350
2024-02-05,5698,5656,5740,block_4_6,0.2534454484988903,True,0.3636492185912435,0.5749412634654323,,0.0,1.0,0.2534454484988903,0.9860730809177604,False,350
2024-02-05,5698,5656,5740,top_3,0.7326170070904877,True,0.2675410754698315,0.4034667981298244,0.008554211864627886,7.317454062494289e-05,0.9999268254593751,0.7325963771153473,0.9860730809177604,False,350
2024-02-05,5698,5656,5740,top_6,-0.12349260254964566,False,0.3461718200269912,0.45307982796637214,0.007548835519293366,5.6984917697344706e-05,0.9999430150823027,-0.1235813867750269,0.9860730809177604,False,350
2024-02-05,5698,5656,5740,flag_nested,0.36372891249134176,True,0.21589847923386202,0.3034922483767144,0.01252276156001077,0.00015681955708890527,0.9998431804429111,0.36357637178724367,0.9860730809177604,False,350
2024-02-26,5712,5670,5754,market_1,0.2398586958199397,True,0.053479213636214,0.06278923290412007,0.04865469640287127,0.0023672794820555065,0.9976327205179445,0.23542174373743271,0.983130330783999,False,348
2024-02-26,5712,5670,5754,block_2_3,0.7816399973958886,True,0.4244296002275105,0.25473451557567056,0.03919931457305738,0.0015365862629976856,0.9984634137370023,0.7814405186881841,0.983130330783999,False,348
2024-02-26,5712,5670,5754,block_4_6,0.3012964817007642,True,0.572607309676356,0.39634833694598304,-0.013283910067300297,0.00017646226667600295,0.999823537733324,0.30139739862536274,0.983130330783999,False,348
2024-02-26,5712,5670,5754,top_3,0.765543257579152,True,0.42722222750201755,0.2610699230236666,0.011195675209947515,0.00012534314340673092,0.9998746568565933,0.7655133967192077,0.983130330783999,False,348
2024-02-26,5712,5670,5754,top_6,-0.07012604213372825,False,0.4439244489961707,0.3611907352933388,0.008496258585427633,7.218640995043657e-05,0.9999278135900496,-0.07028330028042765,0.983130330783999,False,348
2024-02-26,5712,5670,5754,flag_nested,0.4007114693693796,True,0.31071603796902514,0.2200108646139383,0.016851504963015313,0.0002839732195185629,0.9997160267804814,0.40043423561060837,0.983130330783999,False,348
2024-03-15,5726,5684,5768,market_1,0.32246298775385773,True,0.05691522873785417,0.0584351973923446,0.005775792608166841,3.335978025265085e-05,0.9999666402197473,0.32811091308916607,0.9780159254713121,False,345
2024-03-15,5726,5684,5768,block_2_3,0.6133375166733874,True,0.4009653674539431,0.17999060762898486,,0.0,1.0,0.6133375166733874,0.9780159254713121,False,345
2024-03-15,5726,5684,5768,block_4_6,0.31606144656211416,True,0.5509886917717131,0.36581932865094136,-0.006058918899975181,3.671049823639194e-05,0.9999632895017636,0.3160745584029231,0.9780159254713121,False,345
2024-03-15,5726,5684,5768,top_3,0.5919080415813361,True,0.4041194196652616,0.18805778761966557,0.002426971197751181,5.890189194501794e-06,0.9999941098108055,0.592084131532326,0.9780159254713121,False,345
2024-03-15,5726,5684,5768,top_6,0.1479145244537513,True,0.4297727292055694,0.368969762654289,0.00034858608806966973,1.215122610309649e-07,0.999999878487739,0.1479582260303641,0.9780159254713121,False,345
2024-03-15,5726,5684,5768,flag_nested,0.3450312528627986,True,0.2974238471283232,0.1946613223385951,0.0021437114841793684,4.595498927395525e-06,0.9999954045010726,0.3453208020592513,0.9780159254713121,False,345
2024-04-05,5740,5698,5782,market_1,0.1908998844723812,True,0.06026749269191149,0.06182933394908331,0.03194552990703351,0.0010205168810413223,0.9989794831189587,0.18838181499043105,0.9739244012211626,False,347
2024-04-05,5740,5698,5782,block_2_3,0.29488244118603196,True,0.4010268935586501,0.14513564485203795,,0.0,1.0,0.29488244118603196,0.9739244012211626,False,347
2024-04-05,5740,5698,5782,block_4_6,0.07419230509506211,True,0.5749412634654327,0.3360580845280201,-0.008075505561183699,6.521379006885208e-05,0.9999347862099311,0.07424710299201855,0.9739244012211626,False,347
2024-04-05,5740,5698,5782,top_3,0.29409328849463046,True,0.4034667981298243,0.15177422145026587,0.01265473217906276,0.00016014224652394216,0.9998398577534761,0.2938742145105863,0.9739244012211626,False,347
2024-04-05,5740,5698,5782,top_6,0.026215485253307084,True,0.45307982796637236,0.36057908543671385,0.004829457121356191,2.332365608703757e-05,0.999976676343913,0.026101710052721893,0.9739244012211626,False,347
2024-04-05,5740,5698,5782,flag_nested,0.13438665125185176,True,0.30349224837671446,0.18212875695853623,0.013026142847550898,0.0001696803974847727,0.9998303196025152,0.1339323509237609,0.9739244012211626,False,347
2024-04-25,5754,5712,5796,market_1,0.14038443054909747,True,0.06278923290412004,0.0635428478714309,-0.00013902229036292187,1.9327197176011168e-08,0.9999999806728028,0.14187062477479326,0.9722720548893715,False,349
2024-04-25,5754,5712,5796,block_2_3,0.08249982252672373,True,0.25473451557567023,0.14084875771171032,,0.0,1.0,0.08249982252672373,0.9722720548893715,False,349
2024-04-25,5754,5712,5796,block_4_6,0.2128577071622559,True,0.3963483369459829,0.45349404283319594,0.004986256175086541,2.4862750643506182e-05,0.9999751372493565,0.21291387952691357,0.9722720548893715,False,349
2024-04-25,5754,5712,5796,top_3,0.08626800673825237,True,0.2610699230236662,0.1441738089181171,0.0012737748892986615,1.6225024687122058e-06,0.9999983774975313,0.08627505959892053,0.9722720548893715,False,349
2024-04-25,5754,5712,5796,top_6,0.26823340597801765,True,0.36119073529333867,0.47152075728193205,-0.00043112300173729336,1.8586704264578202e-07,0.9999998141329574,0.268316855191868,0.9722720548893715,False,349
2024-04-25,5754,5712,5796,flag_nested,0.1919866346848139,True,0.22001086461393812,0.2191385254419804,6.898512167519209e-05,4.758947014238402e-09,0.999999995241053,0.1922207386737631,0.9722720548893715,False,349
2024-05-15,5768,5726,5810,market_1,0.08137403406842166,True,0.058435197392344616,0.07186671615330512,0.021186022002166134,0.00044884752827634156,0.9995511524717237,0.0790324592704509,0.9664180278853114,False,345
2024-05-15,5768,5726,5810,block_2_3,0.08255710561219896,True,0.17999060762898508,0.16307284365736932,,0.0,1.0,0.08255710561219896,0.9664180278853114,False,345
2024-05-15,5768,5726,5810,block_4_6,0.19109284018582173,True,0.36581932865094174,0.5280906783224848,0.002254006191881952,5.080543913238422e-06,0.9999949194560868,0.19115307756339758,0.9664180278853114,False,345
2024-05-15,5768,5726,5810,top_3,0.06294493494434102,True,0.18805778761966585,0.16909226607405525,0.008007563666727892,6.412107587661087e-05,0.9999358789241234,0.06263015564276961,0.9664180278853114,False,345
2024-05-15,5768,5726,5810,top_6,0.21003893301524848,True,0.36896976265428927,0.5375577338785871,0.0008142337637193127,6.62976622045619e-07,0.999999337023378,0.2100823566528292,0.9664180278853114,False,345
2024-05-15,5768,5726,5810,flag_nested,0.1629413973267764,True,0.1946613223385953,0.25071286879907007,0.00666656069452321,4.444303149397921e-05,0.999955556968506,0.1628326105591384,0.9664180278853114,False,345
2024-06-05,5782,5740,5824,market_1,0.16679335689900698,True,0.06182933394908336,0.061077419472258296,0.027731231289281243,0.0007690211888197185,0.9992309788111803,0.16468471712879099,0.9611619928870424,False,348
2024-06-05,5782,5740,5824,block_2_3,0.19812860252639852,True,0.14513564485203798,0.17158754495213616,,0.0,1.0,0.19812860252639852,0.9611619928870424,False,348
2024-06-05,5782,5740,5824,block_4_6,0.1692838235795671,True,0.33605808452801994,0.559675783867783,-0.004704258915505652,2.213005194406925e-05,0.9999778699480559,0.16927072772391716,0.9611619928870424,False,348
2024-06-05,5782,5740,5824,top_3,0.16114393321284515,True,0.1517742214502659,0.17938652544912712,0.008448202112088875,7.13721189267158e-05,0.9999286278810733,0.1609284573370133,0.9611619928870424,False,348
2024-06-05,5782,5740,5824,top_6,0.15959758344279315,True,0.3605790854367138,0.5714144927514945,0.0022401564724388633,5.018301020842664e-06,0.9999949816989792,0.15958498287749537,0.9611619928870424,False,348
2024-06-05,5782,5740,5824,flag_nested,0.15843458381915712,True,0.18212875695853623,0.2624424637160843,0.007504990197365158,5.632487786255691e-05,0.9999436751221374,0.15826239527923863,0.9611619928870424,False,348
2024-06-26,5796,5754,5838,market_1,0.1542034679896371,True,0.06354284787143087,0.05350156404526141,-0.033781605893930595,0.0011411968967727226,0.9988588031032273,0.16040474909433583,0.95656689642149,False,347
2024-06-26,5796,5754,5838,block_2_3,0.06978629902766456,True,0.14084875771171027,0.17927709665664593,,0.0,1.0,0.06978629902766456,0.95656689642149,False,347
2024-06-26,5796,5754,5838,block_4_6,-0.07510472662322448,False,0.45349404283319544,0.5767741347412035,-0.018614376551864462,0.0003464950144144163,0.9996535049855856,-0.07521834494982359,0.95656689642149,False,347
2024-06-26,5796,5754,5838,top_3,0.06970421778637434,True,0.14417380891811704,0.18610774476175773,-0.009609522149399275,9.2342915939847e-05,0.9999076570840602,0.07037552005424302,0.95656689642149,False,347
2024-06-26,5796,5754,5838,top_6,-0.05288454167813264,False,0.4715207572819314,0.58341260443393,-0.002911733823326237,8.478193857963667e-06,0.999991521806142,-0.0528434877794213,0.95656689642149,False,347
2024-06-26,5796,5754,5838,flag_nested,-0.021848945757189497,False,0.21913852544198018,0.2667136280934827,-0.008224648511490122,6.764484313759311e-05,0.9999323551568624,-0.021483352281449968,0.95656689642149,False,347
2024-07-17,5810,5768,5852,market_1,-0.09480210394562133,False,0.07186671615330509,0.05252076220792153,-0.09666023074045997,0.009343200206798907,0.9906567997932011,-0.08626806692090568,0.9544739244012211,False,346
2024-07-17,5810,5768,5852,block_2_3,-0.1757784795482082,False,0.1630728436573692,0.19649738940429795,0.07098155011011081,0.005038380456034108,0.9949616195439659,-0.16790829102513458,0.9544739244012211,False,346
2024-07-17,5810,5768,5852,block_4_6,0.1433659702263249,True,0.5280906783224845,0.4989631791911966,-0.0039573657682516784,1.5660743823753265e-05,0.9999843392561762,0.14342015836313732,0.9544739244012211,False,346
2024-07-17,5810,5768,5852,top_3,-0.16609785212379932,False,0.16909226607405525,0.2017047028581993,-0.027328791960439008,0.0007468628700170177,0.999253137129983,-0.16508044303050334,0.9544739244012211,False,346
2024-07-17,5810,5768,5852,top_6,0.177041349522701,True,0.5375577338785872,0.4949193933472593,-0.010794764199676008,0.00011652693412655957,0.9998834730658734,0.17722619670986745,0.9544739244012211,False,346
2024-07-17,5810,5768,5852,flag_nested,0.09350613601857474,True,0.2507128687990701,0.23904858745969562,-0.026657019426624268,0.0007105966847114065,0.9992894033152886,0.09453793062239553,0.9544739244012211,False,346
2024-08-06,5824,5782,5866,market_1,-0.17055033180982554,False,0.06107741947225827,0.05408931920239758,-0.06247609969929041,0.00390326303363564,0.9960967369663644,-0.1655765096018279,0.9534353067069524,False,345
2024-08-06,5824,5782,5866,block_2_3,-0.2250319265049731,False,0.17158754495213616,0.20122673775735844,0.05341852796676924,0.0028535391301364177,0.9971464608698636,-0.22370014705058974,0.9534353067069524,False,345
2024-08-06,5824,5782,5866,block_4_6,0.37502959808440345,True,0.5596757838677832,0.5074475743072204,0.0071917503566810625,5.172127319275077e-05,0.9999482787268072,0.37505363469124786,0.9534353067069524,False,345
2024-08-06,5824,5782,5866,top_3,-0.22246032424996431,False,0.17938652544912712,0.20789671364560341,-0.016582596916594184,0.0002749825204982903,0.9997250174795017,-0.22207099618856385,0.9534353067069524,False,345
2024-08-06,5824,5782,5866,top_6,0.41844252949060684,True,0.5714144927514946,0.5032922908580902,-0.006970860981822035,4.859290282788198e-05,0.9999514070971721,0.41854732718788334,0.9534353067069524,False,345
2024-08-06,5824,5782,5866,flag_nested,0.2611921836363943,True,0.26244246371608443,0.24402839446709942,-0.017108105045598038,0.0002926872582512674,0.9997073127417487,0.2618018733450861,0.9534353067069524,False,345
2024-08-26,5838,5796,5880,market_1,-0.10782600290739455,False,0.05350156404526143,0.05027320166887814,-0.05270200154545842,0.0027775009668974393,0.9972224990331026,-0.10290153685328814,0.9454883076826236,False,346
2024-08-26,5838,5796,5880,block_2_3,0.10844435601584636,True,0.17927709665664607,0.20508186439015133,-0.04841999673116122,0.0023444960834455575,0.9976555039165544,0.11138434702622484,0.9454883076826236,False,346
2024-08-26,5838,5796,5880,block_4_6,0.4705516450478296,True,0.5767741347412038,0.45013699974156995,0.020958995051860795,0.000439279473584131,0.9995607205264159,0.47060171079966595,0.9454883076826236,False,346
2024-08-26,5838,5796,5880,top_3,0.10814237142810232,True,0.18610774476175784,0.20937832459099084,-0.012789775099527105,0.00016357834709657126,0.9998364216529034,0.10858425764647801,0.9454883076826236,False,346
2024-08-26,5838,5796,5880,top_6,0.45008563061510704,True,0.5834126044339306,0.4590262874536836,-0.0062879508379810045,3.953832574077332e-05,0.9999604616742592,0.4501794169221572,0.9454883076826236,False,346
2024-08-26,5838,5796,5880,flag_nested,0.3477665184386039,True,0.266713628093483,0.2286001119228403,-0.014369634449997446,0.0002064863942264905,0.9997935136057735,0.34829998333060036,0.9454883076826236,False,346
2024-09-16,5852,5810,5894,market_1,-0.17775528704962792,False,0.05252076220792156,0.06190666611224295,-0.06505700890514907,0.004232414407684737,0.9957675855923153,-0.17271854676196072,0.9473924401221162,False,344
2024-09-16,5852,5810,5894,block_2_3,0.027426589562649713,True,0.1964973894042981,0.22586641386777087,-0.10655185098059318,0.011353296947390512,0.9886467030526095,0.035472117459111316,0.9473924401221162,False,344
2024-09-16,5852,5810,5894,block_4_6,0.08144388824461096,True,0.4989631791911969,0.47361053137157944,0.02085053959287124,0.00043474500131412963,0.9995652549986859,0.08168699856800565,0.9473924401221162,False,344
2024-09-16,5852,5810,5894,top_3,0.04155237143934797,True,0.20170470285819958,0.22893888007956054,-0.015130871935415841,0.0002289432855259177,0.9997710567144741,0.041897018464175026,0.9473924401221162,False,344
2024-09-16,5852,5810,5894,top_6,0.10906760935741652,True,0.4949193933472596,0.48876554707846187,-0.00828681906201894,6.867137016675073e-05,0.9999313286298332,0.1091522021704711,0.9473924401221162,False,344
2024-09-16,5852,5810,5894,flag_nested,0.07544891483695479,True,0.23904858745969573,0.2472220302649258,-0.01934459665561524,0.0003742134197686209,0.9996257865802314,0.0759629938141663,0.9473924401221162,False,344
2024-10-04,5866,5824,5908,market_1,-0.026988723935457416,False,0.05408931920239758,0.07086080945981443,-0.010443005645279405,0.00010905636690738962,0.9998909436330926,-0.026048768980433026,0.942262298177698,False,343
2024-10-04,5866,5824,5908,block_2_3,0.24638019850368797,True,0.20122673775735825,0.21637565109647153,,0.0,1.0,0.24638019850368797,0.942262298177698,False,343
2024-10-04,5866,5824,5908,block_4_6,-0.1609430396483397,False,0.5074475743072202,0.39002903376769243,0.03049693279794191,0.0009300629100822411,0.9990699370899178,-0.16090149085179636,0.942262298177698,False,343
2024-10-04,5866,5824,5908,top_3,0.252076760224409,True,0.2078967136456032,0.2178948057902662,-0.001969467124868628,3.87880075580771e-06,0.9999961211992442,0.2522177679631452,0.942262298177698,False,343
2024-10-04,5866,5824,5908,top_6,-0.11326558978488166,False,0.5032922908580898,0.41026298985476345,-0.0030133611785257697,9.080345592216155e-06,0.9999909196544078,-0.1132396909208778,0.942262298177698,False,343
2024-10-04,5866,5824,5908,flag_nested,-0.0036136768252534794,False,0.24402839446709926,0.22113327034811917,-0.004021000896600276,1.6168448210507336e-05,0.9999838315517895,-0.0035025505474520937,0.942262298177698,False,343
2024-10-24,5880,5838,5922,market_1,0.34662805313524053,True,0.05027320166887812,0.060955414771772375,-0.14954045279176809,0.022362347021167017,0.977637652978833,0.35746125265195505,0.9438674346142951,False,342
2024-10-24,5880,5838,5922,block_2_3,0.4403364815751793,True,0.20508186439015122,0.21408297571201987,-0.09455952434048154,0.008941503643497994,0.991058496356502,0.4384350804302031,0.9438674346142951,False,342
2024-10-24,5880,5838,5922,block_4_6,0.059180604872889474,True,0.45013699974156995,0.4086597948115574,0.009531082150807018,9.08415269653684e-05,0.9999091584730346,0.05903993111156598,0.9438674346142951,False,342
2024-10-24,5880,5838,5922,top_3,0.4222453155043745,True,0.20937832459099065,0.21780609508544213,-0.037460851330806184,0.0014033153824288824,0.9985966846175711,0.4230744279248793,0.9438674346142951,False,342
2024-10-24,5880,5838,5922,top_6,0.06737881780757961,True,0.4590262874536833,0.4316119833974442,-0.018633109013187252,0.000347192751497194,0.9996528072485028,0.06750346632110679,0.9438674346142951,False,342
2024-10-24,5880,5838,5922,flag_nested,0.18878902534894088,True,0.2286001119228401,0.22489303748856768,-0.047835699733735235,0.002288254169016013,0.997711745830984,0.18962969811993013,0.9438674346142951,False,342
2024-11-13,5894,5852,5936,market_1,0.2113073940303862,True,0.06190666611224293,0.06100783320913314,-0.07986438884650036,0.006378320605824883,0.9936216793941751,0.21977529242360125,0.9459131967393699,False,345
2024-11-13,5894,5852,5936,block_2_3,0.24178327482503406,True,0.22586641386777048,0.22849837165372758,-0.00302310712849153,9.139176710526442e-06,0.9999908608232895,0.24332200600282167,0.9459131967393699,False,345
2024-11-13,5894,5852,5936,block_4_6,0.09542549477031624,True,0.4736105313715792,0.36266032957936933,0.0067639344994515896,4.5750809913092105e-05,0.9999542491900869,0.0953203880332744,0.9459131967393699,False,345
2024-11-13,5894,5852,5936,top_3,0.22814836097533817,True,0.22893888007956034,0.233299695647839,-0.02071207394503634,0.0004289900071047237,0.9995710099928953,0.22859943754150175,0.9459131967393699,False,345
2024-11-13,5894,5852,5936,top_6,0.12095409172954726,True,0.4887655470784617,0.37803036569049697,-0.01345316989437038,0.0001809877802069204,0.9998190122197931,0.1210710649202528,0.9459131967393699,False,345
2024-11-13,5894,5852,5936,flag_nested,0.16246613028010012,True,0.24722203026492567,0.21373511162187023,-0.0280040323588731,0.0007842258283566883,0.9992157741716433,0.16325792238196452,0.9459131967393699,False,345
2024-12-04,5908,5866,5950,market_1,0.20469397787579569,True,0.07086080945981449,0.05591642647688799,-0.05791541903674553,0.0033541957622018614,0.9966458042377981,0.21235531327801568,0.9417272526988324,False,345
2024-12-04,5908,5866,5950,block_2_3,0.0702493029863964,True,0.21637565109647153,0.2639136036278389,0.042950094735733566,0.0018447106378084444,0.9981552893621916,0.06563382922787765,0.9417272526988324,False,345
2024-12-04,5908,5866,5950,block_4_6,0.1507049457966309,True,0.39002903376769243,0.3693796699099762,-0.0014429542820707801,2.082117060209221e-06,0.9999979178829398,0.15081926648567193,0.9417272526988324,False,345
2024-12-04,5908,5866,5950,top_3,0.06270278638960806,True,0.21789480579026624,0.26906075668199736,-0.014199885574374422,0.00020163675032536243,0.9997983632496746,0.0631035159424837,0.9417272526988324,False,345
2024-12-04,5908,5866,5950,top_6,0.24285623231919282,True,0.4102629898547635,0.34466615709446646,-0.011380105144926295,0.000129506793109746,0.9998704932068903,0.24303287525702152,0.9417272526988324,False,345
2024-12-04,5908,5866,5950,flag_nested,0.16176651823390886,True,0.22113327034811922,0.21692626317042876,-0.01944212733578267,0.0003779963153408561,0.9996220036846591,0.16264923169326068,0.9417272526988324,False,345
2024-12-24,5922,5880,5964,market_1,0.1706325597482203,True,0.06095541477177241,0.056255651623363885,0.004162842054184546,1.7329253968245695e-05,0.9999826707460318,0.17073207827495382,0.9501306140433702,False,346
2024-12-24,5922,5880,5964,block_2_3,0.3853773590487928,True,0.21408297571202003,0.22577419272646715,0.049189107490985075,0.002419568295759622,0.9975804317042404,0.383644514404675,0.9501306140433702,False,346
2024-12-24,5922,5880,5964,block_4_6,0.23853603658152672,True,0.4086597948115574,0.32788731399337623,-0.007016486483361088,4.923108257126607e-05,0.9999507689174287,0.23864676842199606,0.9501306140433702,False,346
2024-12-24,5922,5880,5964,top_3,0.369879145939466,True,0.21780609508544232,0.23220482038475868,-0.0012254220433767127,1.5016591844441152e-06,0.9999984983408156,0.36993708209018233,0.9501306140433702,False,346
2024-12-24,5922,5880,5964,top_6,0.1695526660672934,True,0.4316119833974447,0.3519115609849018,-0.00035427025419470956,1.2550741312900016e-07,0.9999998744925869,0.16955959850799746,0.9501306140433702,False,346
2024-12-24,5922,5880,5964,flag_nested,0.2417570266585033,True,0.2248930374885679,0.20439671149184455,0.0004746069311481241,2.2525173903886753e-07,0.999999774748261,0.2417975237336419,0.9501306140433702,False,346
2025-01-16,5936,5894,5978,market_1,0.004373956390293262,True,0.0610078332091332,0.0511958013622471,-0.049511628933727556,0.002451401399670927,0.9975485986003291,0.004870383919688123,0.9522865325905643,False,346
2025-01-16,5936,5894,5978,block_2_3,0.26731989424022096,True,0.22849837165372763,0.21246259163111902,-0.051420361070749536,0.0026440535326462955,0.9973559464673537,0.2689768373249776,0.9522865325905643,False,346
2025-01-16,5936,5894,5978,block_4_6,0.1994597383622056,True,0.36266032957936933,0.3995054572651417,,0.0,1.0,0.1994597383622056,0.9522865325905643,False,346
2025-01-16,5936,5894,5978,top_3,0.26818416557913904,True,0.233299695647839,0.2175232183660394,-0.00819612192970817,6.717641468656499e-05,0.9999328235853134,0.2681911875528067,0.9522865325905643,False,346
2025-01-16,5936,5894,5978,top_6,0.17395696949365314,True,0.37803036569049697,0.4248898088508916,-0.0037538787417713323,1.4091605607835511e-05,0.9999859083943922,0.17395904863469272,0.9522865325905643,False,346
2025-01-16,5936,5894,5978,flag_nested,0.19564102422881138,True,0.21373511162187023,0.220185569911958,-0.012590736226730117,0.0001585266387309492,0.999841473361269,0.19568589426457458,0.9522865325905643,False,346
2025-02-06,5950,5908,5992,market_1,0.03713185415479923,True,0.055916426476887965,0.05536042841848618,-0.03676829573984339,0.0013519075716126316,0.9986480924283874,0.039623261494450626,0.9466370817990117,False,344
2025-02-06,5950,5908,5992,block_2_3,0.26218508520518996,True,0.26391360362783894,0.2263916186358406,-0.06979999547888381,0.004872039368852277,0.9951279606311477,0.26525256748794823,0.9466370817990117,False,344
2025-02-06,5950,5908,5992,block_4_6,0.11710082447279654,True,0.36937966990997634,0.4195969821051768,,0.0,1.0,0.11710082447279654,0.9466370817990117,False,344
2025-02-06,5950,5908,5992,top_3,0.26089802915033944,True,0.2690607566819975,0.2315455281084586,-0.005227186238590124,2.7323475973006772e-05,0.999972676524027,0.2609793817271856,0.9466370817990117,False,344
2025-02-06,5950,5908,5992,top_6,0.0933887989663399,True,0.3446661570944665,0.4334792264904915,-0.002417879469434591,5.8461411286403475e-06,0.9999941538588714,0.09341360424444844,0.9466370817990117,False,344
2025-02-06,5950,5908,5992,flag_nested,0.15847622499954206,True,0.21692626317042885,0.22858972169256825,-0.009336718339390676,8.717430934901405e-05,0.999912825690651,0.1586942664299909,0.9466370817990117,False,344
2025-02-27,5964,5922,6006,market_1,-0.05763123078481275,False,0.0562556516233639,0.06379017394965167,-0.16797638085528374,0.028216064525239393,0.9717839354747606,-0.04296115735728182,0.9429704466056086,False,344
2025-02-27,5964,5922,6006,block_2_3,-0.009135129672005911,False,0.22577419272646715,0.20061103187288776,-0.08898574233763377,0.00791846233937965,0.9920815376606203,-0.006237210582419981,0.9429704466056086,False,344
2025-02-27,5964,5922,6006,block_4_6,0.083865502339413,True,0.3278873139933761,0.3669157585867139,,0.0,1.0,0.083865502339413,0.9429704466056086,False,344
2025-02-27,5964,5922,6006,top_3,-0.005915080889347184,False,0.23220482038475862,0.2080885957500261,-0.046936056231146044,0.0022029933745334462,0.9977970066254666,-0.004997203233458242,0.9429704466056086,False,344
2025-02-27,5964,5922,6006,top_6,0.18808421919835405,True,0.35191156098490145,0.3837631114568519,-0.025147334644001065,0.0006323884396972623,0.9993676115603027,0.1884868970730283,0.9429704466056086,False,344
2025-02-27,5964,5922,6006,flag_nested,0.0927031149357805,True,0.20439671149184443,0.20748131274592763,-0.06131076395116105,0.0037590097762747465,0.9962409902237253,0.09475179713119111,0.9429704466056086,False,344
2025-03-19,5978,5936,6020,market_1,-0.034042553154737046,False,0.05119580136224703,0.0638030479428618,-0.20025742254591725,0.040103035284734134,0.9598969647152659,-0.011099905212472021,0.9448903156768326,False,346
2025-03-19,5978,5936,6020,block_2_3,-0.13903909570821008,False,0.21246259163111905,0.2590698078564868,-0.08273188179380732,0.006844564265144459,0.9931554357348555,-0.13541291322039434,0.9448903156768326,False,346
2025-03-19,5978,5936,6020,block_4_6,0.08450041286194401,True,0.3995054572651419,0.32113717227926725,,0.0,1.0,0.08450041286194401,0.9448903156768326,False,346
2025-03-19,5978,5936,6020,top_3,-0.12162404334624784,False,0.21752321836603944,0.2642423822259108,-0.04328068072636239,0.0018732173241372552,0.9981267826758627,-0.12073887444928064,0.9448903156768326,False,346
2025-03-19,5978,5936,6020,top_6,0.2085404554080746,True,0.4248898088508916,0.30586425123487176,-0.03621488590869601,0.0013115179613797379,0.9986884820386203,0.20913503260700023,0.9448903156768326,False,346
2025-03-19,5978,5936,6020,flag_nested,0.04548919487468938,True,0.220185569911958,0.20721405473290663,-0.07264547793092067,0.005277365463811856,0.9947226345361881,0.04793928572927859,0.9448903156768326,False,346
2025-04-08,5992,5950,6034,market_1,0.16042327767951145,True,0.05536042841848613,0.0642381505490108,-0.09568507719008791,0.009155633996873136,0.9908443660031269,0.18295268737606554,0.9408932112170711,False,340
2025-04-08,5992,5950,6034,block_2_3,-0.254915574506091,False,0.22639161863584037,0.4252094660461451,0.013013551254182956,0.00016935251624528025,0.9998306474837547,-0.2561760082589969,0.9408932112170711,False,340
2025-04-08,5992,5950,6034,block_4_6,-0.07745281147932957,False,0.41959698210517654,0.4774379373229884,,0.0,1.0,-0.07745281147932957,0.9408932112170711,False,340
2025-04-08,5992,5950,6034,top_3,-0.24263070642078113,False,0.2315455281084584,0.4294274061262617,-0.01468231814276965,0.00021557046604558927,0.9997844295339544,-0.2422513484513657,0.9408932112170711,False,340
2025-04-08,5992,5950,6034,top_6,0.12775985251338723,True,0.4334792264904914,0.32393255189524084,-0.019098925161383895,0.0003647689423200706,0.9996352310576799,0.12824977472795535,0.9408932112170711,False,340
2025-04-08,5992,5950,6034,flag_nested,-0.06801197704143172,False,0.22858972169256814,0.2882439164890752,-0.026285335773630104,0.0006909188767325602,0.9993090811232674,-0.06667989948254091,0.9408932112170711,False,340
2025-04-29,6006,5964,6048,market_1,0.15228811976430004,True,0.0637901739496517,0.05475872026769366,-0.09136277108597743,0.00834715594050861,0.9916528440594914,0.15544930406027332,0.9489975765587134,False,344
2025-04-29,6006,5964,6048,block_2_3,0.0006569671470130636,True,0.20061103187288779,0.3640167724872424,-0.016695595733773126,0.000278742916905661,0.9997212570830943,0.0020745830013325223,0.9489975765587134,False,344
2025-04-29,6006,5964,6048,block_4_6,-0.01172795354907135,False,0.3669157585867138,0.4391303759097083,,0.0,1.0,-0.01172795354907135,0.9489975765587134,False,344
2025-04-29,6006,5964,6048,top_3,0.006466940707073626,True,0.20808859575002617,0.3676346481328771,-0.013026777809341252,0.00016969694009383307,0.9998303030599062,0.006526153567286278,0.9489975765587134,False,344
2025-04-29,6006,5964,6048,top_6,0.02567870442274923,True,0.3837631114568518,0.3628836648012942,-0.013625606008530971,0.00018565713909957093,0.9998143428609004,0.025720272361131856,0.9489975765587134,False,344
2025-04-29,6006,5964,6048,flag_nested,0.02355233067771184,True,0.20748131274592765,0.26457076175928185,-0.02290948701617928,0.0005248445953446312,0.9994751554046554,0.023758688796896816,0.9489975765587134,False,344
2025-05-19,6020,5978,6062,market_1,0.15518858996689017,True,0.06380304794286183,0.06241818679705818,-0.1053948254773767,0.011108069237406704,0.9888919307625933,0.16495021756836048,0.9475970163346238,False,342
2025-05-19,6020,5978,6062,block_2_3,-0.3161837283073647,False,0.25906980785648687,0.7871810444488818,-0.015514121309984821,0.0002406879600208578,0.9997593120399791,-0.3159048394170147,0.9475970163346238,False,342
2025-05-19,6020,5978,6062,block_4_6,-0.3034676425985259,False,0.3211371722792671,0.8291381703428359,0.0007380980656520855,5.447887545528829e-07,0.9999994552112454,-0.30349331442393757,0.9475970163346238,False,342
2025-05-19,6020,5978,6062,top_3,-0.3049385710134832,False,0.26424238222591084,0.7894498724798091,-0.008476987412487534,7.185931559161585e-05,0.9999281406844084,-0.30484852454681094,0.9475970163346238,False,342
2025-05-19,6020,5978,6062,top_6,0.07586622306673778,True,0.3058642512348716,0.3778508148140658,-0.017976772886090037,0.0003231643633979653,0.999676835636602,0.07618001076267578,0.9475970163346238,False,342
2025-05-19,6020,5978,6062,flag_nested,-0.19021249863946055,False,0.20721405473290663,0.4852163814269915,-0.016728700244768215,0.0002798494118791961,0.9997201505881208,-0.18983233141249523,0.9475970163346238,False,342
2025-06-09,6034,5992,6076,market_1,0.20131417704908675,True,0.06423815054901084,0.06114827890364336,-0.15638158036884264,0.024455198678656753,0.9755448013213432,0.2133861554346173,0.948981839926982,False,341
2025-06-09,6034,5992,6076,block_2_3,-0.3914992343621622,False,0.4252094660461454,1.0222091214513216,-0.014071644885171227,0.00019801118977458287,0.9998019888102254,-0.391451379639254,0.948981839926982,False,341
2025-06-09,6034,5992,6076,block_4_6,-0.37376171352520804,False,0.47743793732298906,1.0437519677120706,-0.0051571592364802535,2.659629139045716e-05,0.9999734037086095,-0.3737370476094004,0.948981839926982,False,341
2025-06-09,6034,5992,6076,top_3,-0.38539858103454044,False,0.42942740612626207,1.0239549851581053,-0.009125849308669175,8.328112560462841e-05,0.9999167188743954,-0.38535312301566493,0.948981839926982,False,341
2025-06-09,6034,5992,6076,top_6,0.12317248393434209,True,0.32393255189524095,0.3542043264846249,-0.02575999645702659,0.0006635774174659215,0.9993364225825341,0.12350103734613706,0.948981839926982,False,341
2025-06-09,6034,5992,6076,flag_nested,-0.30254615821762165,False,0.2882439164890754,0.6116729791097478,-0.018952417294620195,0.00035919412130924755,0.9996408058786908,-0.3023424302615685,0.948981839926982,False,341
2025-06-30,6048,6006,6090,market_1,0.2880414661759167,True,0.05475872026769365,0.057486065202865026,-0.10796085293296237,0.011655545766012687,0.9883444542339873,0.29096139300333485,0.9502722437289522,False,346
2025-06-30,6048,6006,6090,block_2_3,0.23130494909105107,True,0.3640167724872424,0.9352998615260233,0.008539957722502793,7.293087790216646e-05,0.9999270691220978,0.23176646519741145,0.9502722437289522,False,346
2025-06-30,6048,6006,6090,block_4_6,0.16572654436615664,True,0.4391303759097088,0.9541576142489817,-0.0015929842724956107,2.53759889234928e-06,0.9999974624011077,0.1658014233427627,0.9502722437289522,False,346
2025-06-30,6048,6006,6090,top_3,0.23174129289218603,True,0.36763464813287744,0.9367708079945368,-0.005719540659250334,3.271314535291392e-05,0.9999672868546471,0.2317600443870968,0.9502722437289522,False,346
2025-06-30,6048,6006,6090,top_6,0.13887801691596713,True,0.3628836648012944,0.32689460015015254,-0.016332537797851977,0.00026675179091839585,0.9997332482090816,0.13893142583870396,0.9502722437289522,False,346
2025-06-30,6048,6006,6090,flag_nested,0.20419990492123863,True,0.26457076175928196,0.5600248594458183,-0.012950274971523599,0.0001677096218380969,0.9998322903781619,0.2042597514576919,0.9502722437289522,False,346
2025-07-21,6062,6020,6104,market_1,0.3457890357084513,True,0.06241818679705822,0.05835437540325113,-0.09927387202191454,0.009855301666223504,0.9901446983337765,0.35707998762197957,0.9492650992981462,False,345
2025-07-21,6062,6020,6104,block_2_3,0.8871964826413625,True,0.787181044448882,0.5111009951953546,-0.0027109770974105634,7.3493968225646356e-06,0.9999926506031774,0.8873057108246296,0.9492650992981462,False,345
2025-07-21,6062,6020,6104,block_4_6,0.7027468575876833,True,0.8291381703428351,0.6026128536984098,-0.0109000564703363,0.00011881123105650371,0.9998811887689435,0.7027041382500813,0.9492650992981462,False,345
2025-07-21,6062,6020,6104,top_3,0.8823847265538144,True,0.7894498724798094,0.5138772049115763,-0.011218437750843408,0.00012585334556958205,0.9998741466544304,0.8825381315119496,0.9492650992981462,False,345
2025-07-21,6062,6020,6104,top_6,0.08179457080184187,True,0.37785081481406574,0.4026661063079756,-0.014493218719793631,0.00021005338885993208,0.9997899466111401,0.08203652984104125,0.9492650992981462,False,345
2025-07-21,6062,6020,6104,flag_nested,0.7344822189452896,True,0.4852163814269916,0.3441683104230922,-0.020609656987065406,0.00042475796112451114,0.9995752420388755,0.7349817986196855,0.9492650992981462,False,345
2025-08-08,6076,6034,6118,market_1,0.3468321144798113,True,0.061148278903643306,0.062096633491663604,-0.03256099947148162,0.001060218686581793,0.9989397813134182,0.34699271926763164,0.9478330658105939,False,347
2025-08-08,6076,6034,6118,block_2_3,0.8585001224348195,True,1.0222091214513216,0.37231044784720857,-0.017313441834813984,0.00029975526816750087,0.9997002447318325,0.8585009046082385,0.9478330658105939,False,347
2025-08-08,6076,6034,6118,block_4_6,0.6270364854318542,True,1.0437519677120708,0.5037733710006941,-0.023160620533366642,0.0005364143434906099,0.9994635856565094,0.6268047797872397,0.9478330658105939,False,347
2025-08-08,6076,6034,6118,top_3,0.8508265969312738,True,1.0239549851581045,0.3761596422862222,-0.004640620780205337,2.153536122562194e-05,0.9999784646387744,0.8508333865253833,0.9478330658105939,False,347
2025-08-08,6076,6034,6118,top_6,0.1540624030613066,True,0.35420432648462497,0.4227923327336163,-0.00403145149507728,1.6252601157340507e-05,0.9999837473988427,0.15406747617054165,0.9478330658105939,False,347
2025-08-08,6076,6034,6118,flag_nested,0.6579071042394611,True,0.6116729791097476,0.2842772886151003,-0.008295272819101366,6.881155114346615e-05,0.9999311884488565,0.6579278491232646,0.9478330658105939,False,347
2025-08-28,6090,6048,6132,market_1,0.26977170382937804,True,0.05748606520286497,0.06277466141096506,-0.08121776010433766,0.006596324556365496,0.9934036754436345,0.27237348241797377,0.9460862996884147,False,344
2025-08-28,6090,6048,6132,block_2_3,0.8273767616642982,True,0.9352998615260228,0.2850158292957208,-0.0021690667909442765,4.704850743442179e-06,0.9999952951492566,0.8273828989750207,0.9460862996884147,False,344
2025-08-28,6090,6048,6132,block_4_6,0.5040094735902274,True,0.9541576142489807,0.48771771566037614,-0.012134772731558106,0.00014725270924687006,0.9998527472907531,0.5039166520945444,0.9460862996884147,False,344
2025-08-28,6090,6048,6132,top_3,0.8101298131398948,True,0.936770807994536,0.29183127607823695,-0.018439482751035328,0.0003400145241257979,0.9996599854758742,0.8102638138337525,0.9460862996884147,False,344
2025-08-28,6090,6048,6132,top_6,0.1856004918212508,True,0.32689460015015237,0.4525955273901499,-0.01182922356586251,0.00013993053017113954,0.9998600694698289,0.18564891749726542,0.9460862996884147,False,344
2025-08-28,6090,6048,6132,flag_nested,0.5497447758885629,True,0.5600248594458179,0.2578170047081328,-0.024652112108738453,0.0006077266314218344,0.9993922733685782,0.5499581934367822,0.9460862996884147,False,344
2025-09-18,6104,6062,6146,market_1,0.22437775912216987,True,0.0583543754032511,0.0503183388941492,-0.056597116158681744,0.0032032335574794235,0.9967967664425206,0.22233417824932614,0.9387372926698769,False,344
2025-09-18,6104,6062,6146,block_2_3,0.6050332089552466,True,0.5111009951953543,0.16624109582302157,0.00926273814852813,8.579831800836768e-05,0.9999142016819916,0.6056801125085646,0.9387372926698769,False,344
2025-09-18,6104,6062,6146,block_4_6,0.19613848066172712,True,0.6026128536984101,0.4162989948849042,-0.03220611533964024,0.0010372338652703261,0.9989627661347297,0.19616879959569591,0.9387372926698769,False,344
2025-09-18,6104,6062,6146,top_3,0.5871661901936176,True,0.5138772049115763,0.1731875120604235,-0.016725973185691422,0.00027975817900849353,0.9997202418209915,0.5872262473372566,0.9387372926698769,False,344
2025-09-18,6104,6062,6146,top_6,0.05723213039553909,True,0.4026661063079754,0.42740725890746467,-0.005496062231549246,3.0206700053048152e-05,0.999969793299947,0.0572233063159994,0.9387372926698769,False,344
2025-09-18,6104,6062,6146,flag_nested,0.27637859550580174,True,0.3441683104230922,0.20730669912336402,-0.016562795842690846,0.0002743262061265517,0.9997256737938734,0.2763029244660722,0.9387372926698769,False,344
2025-10-08,6118,6076,6160,market_1,-0.04362486564022519,False,0.06209663349166368,0.055399011315887,-0.15439124734869175,0.023836657257884974,0.976163342742115,-0.030381294388397914,0.9371006829698172,False,346
2025-10-08,6118,6076,6160,block_2_3,0.44193099813038444,True,0.3723104478472087,0.16472788032171007,0.036518799236540986,0.0013336226976787824,0.9986663773023212,0.44447245361187443,0.9371006829698172,False,346
2025-10-08,6118,6076,6160,block_4_6,0.19096066021786218,True,0.5037733710006936,0.44847539651450946,-0.0019995983298807503,3.99839348086406e-06,0.9999960016065191,0.19124263521836388,0.9371006829698172,False,346
2025-10-08,6118,6076,6160,top_3,0.4271204886415493,True,0.37615964228622206,0.17176358518562465,-0.054725630711547034,0.0029948946567766033,0.9970051053432234,0.4290111508877848,0.9371006829698172,False,346
2025-10-08,6118,6076,6160,top_6,0.14173720141935048,True,0.4227923327336159,0.4615788779759157,-0.020892166041007975,0.0004364826018851131,0.9995635173981149,0.14213067543034452,0.9371006829698172,False,346
2025-10-08,6118,6076,6160,flag_nested,0.21836944189132532,True,0.28427728861510015,0.22002833973294234,-0.04932556050698822,0.002433010919328571,0.9975669890806714,0.2200359378950715,0.9371006829698172,False,346
2025-10-28,6132,6090,6174,market_1,0.02398293522605813,True,0.06277466141096512,0.04904405730181507,-0.1253687460426515,0.015717322484306906,0.9842826775156931,0.031158898574015735,0.9369433166525037,False,349
2025-10-28,6132,6090,6174,block_2_3,0.36063822039436505,True,0.2850158292957208,0.19318612104403093,-0.0036165626396517203,1.3079525326697983e-05,0.9999869204746733,0.36062679035312045,0.9369433166525037,False,349
2025-10-28,6132,6090,6174,block_4_6,0.3311236793414845,True,0.48771771566037575,0.43092564506968284,0.00015772881656466527,2.4878379578652243e-08,0.9999999751216204,0.33119089823383213,0.9369433166525037,False,349
2025-10-28,6132,6090,6174,top_3,0.343444508342134,True,0.2918312760782369,0.19899227631284683,-0.033446469318566395,0.0011186663098780025,0.998881333690122,0.344126548128926,0.9369433166525037,False,349
2025-10-28,6132,6090,6174,top_6,0.3241010673925184,True,0.4525955273901502,0.4406413827740472,-0.015388383399003608,0.0002368023436346567,0.9997631976563653,0.32427523236247024,0.9369433166525037,False,349
2025-10-28,6132,6090,6174,flag_nested,0.3098357442975593,True,0.25781700470813285,0.21901012062501565,-0.035404222591999275,0.0012534589773437466,0.9987465410226563,0.3106800262400144,0.9369433166525037,False,349
2025-11-17,6146,6104,6188,market_1,-0.004691242963592105,False,0.0503183388941492,0.05037385584578184,-0.07917314043989242,0.006268386167114892,0.9937316138328851,-0.00326472444431843,0.9356214395870708,False,344
2025-11-17,6146,6104,6188,block_2_3,0.18561618113403747,True,0.1662410958230215,0.16056241695204146,0.0005863140341472773,3.437641465930952e-07,0.9999996562358534,0.18595638508705797,0.9356214395870708,False,344
2025-11-17,6146,6104,6188,block_4_6,0.21799115861081023,True,0.4162989948849043,0.43728164427345256,0.0038353789245127376,1.4710131494455325e-05,0.9999852898685055,0.2181511797535126,0.9356214395870708,False,344
2025-11-17,6146,6104,6188,top_3,0.1716537959692254,True,0.17318751206042343,0.1676257798030892,-0.024087004587805015,0.0005801837900127893,0.9994198162099872,0.17172210384826794,0.9356214395870708,False,344
2025-11-17,6146,6104,6188,top_6,0.233622403523437,True,0.42740725890746506,0.4566858124756536,-0.008878387008619988,7.882575587481178e-05,0.9999211742441252,0.2336417036587247,0.9356214395870708,False,344
2025-11-17,6146,6104,6188,flag_nested,0.20654119440564173,True,0.20730669912336416,0.21601847434203592,-0.02271563609669993,0.0005160001232774603,0.9994839998767225,0.20668913597880365,0.9356214395870708,False,344
2025-12-08,6160,6118,6202,market_1,-0.05048478277992962,False,0.055399011315887016,0.05506642965352009,-0.1323053807532558,0.017504713776264058,0.9824952862237359,-0.05496200036990601,0.9372423126553993,False,346
2025-12-08,6160,6118,6202,block_2_3,0.35650516334547133,True,0.16472788032170999,0.14588356042518108,0.011471776134763086,0.00013160164768610816,0.9998683983523139,0.35692655645597465,0.9372423126553993,False,346
2025-12-08,6160,6118,6202,block_4_6,0.2915817060180123,True,0.4484753965145103,0.43294313425658293,-0.00814327551212908,6.631293606662592e-05,0.9999336870639334,0.29173029016742014,0.9372423126553993,False,346
2025-12-08,6160,6118,6202,top_3,0.32658296074940235,True,0.17176358518562462,0.15420603547671063,-0.04867715617729933,0.002369465533509252,0.9976305344664907,0.32624144957822004,0.9372423126553993,False,346
2025-12-08,6160,6118,6202,top_6,0.2841212358418596,True,0.46157887797591646,0.4510444208210781,-0.016108912258621925,0.00025949705415606594,0.9997405029458439,0.2840544236492548,0.9372423126553993,False,346
2025-12-08,6160,6118,6202,flag_nested,0.27009877875781163,True,0.22002833973294264,0.21181514832412535,-0.0423968448646658,0.0017974924544786886,0.9982025075455213,0.2698726705101267,0.9372423126553993,False,346
2025-12-29,6174,6132,6216,market_1,0.06775091782841962,True,0.04904405730181508,0.05433323374418178,-0.05008641885392777,0.0025086493536109478,0.997491350646389,0.06664998553827245,0.9351965505303245,False,347
2025-12-29,6174,6132,6216,block_2_3,0.09424642760131345,True,0.19318612104403107,0.15648575194047928,0.04015551889232299,0.0016124656975117224,0.9983875343024883,0.09368258119851954,0.9351965505303245,False,347
2025-12-29,6174,6132,6216,block_4_6,0.1227364912656534,True,0.4309256450696829,0.3934620311647936,0.0007446658576600245,5.545272396823009e-07,0.9999994454727603,0.12273592456454183,0.9351965505303245,False,347
2025-12-29,6174,6132,6216,top_3,0.09328312460328829,True,0.19899227631284694,0.1631840047572754,-0.018840656300195234,0.00035497032982212406,0.9996450296701779,0.09314351916763709,0.9351965505303245,False,347
2025-12-29,6174,6132,6216,top_6,0.13815535100007742,True,0.44064138277404735,0.40916982043248856,-0.008308248573354935,6.902699435684667e-05,0.9999309730056432,0.1381277659133623,0.9351965505303245,False,347
2025-12-29,6174,6132,6216,flag_nested,0.12236304435368967,True,0.21901012062501576,0.19932828136209507,-0.01766441687577233,0.00031203162356108205,0.9996879683764389,0.12225158152385586,0.9351965505303245,False,347
2026-01-20,6188,6146,6230,market_1,0.16529522670527994,True,0.05037385584578187,0.05078831611705433,-0.07039301978886428,0.004955177234995611,0.9950448227650044,0.16027700803071068,0.9362036949611305,False,344
2026-01-20,6188,6146,6230,block_2_3,0.34331498223986817,True,0.16056241695204157,0.17043516301325062,0.09443184972976751,0.008917374243385456,0.9910826257566145,0.3462629712719292,0.9362036949611305,False,344
2026-01-20,6188,6146,6230,block_4_6,0.2024807922480653,True,0.43728164427345273,0.43388458754126524,0.00602669780295208,3.632108640816423e-05,0.9999636789135918,0.20254604240335197,0.9362036949611305,False,344
2026-01-20,6188,6146,6230,top_3,0.32911965637568025,True,0.16762577980308938,0.17581976878299307,-0.02769545467519997,0.0007670382096659489,0.999232961790334,0.32864638635244586,0.9362036949611305,False,344
2026-01-20,6188,6146,6230,top_6,0.19255751976046773,True,0.45668581247565365,0.4378683275113139,-0.010823710444237697,0.00011715270778056563,0.9998828472922194,0.1924783649674031,0.9362036949611305,False,344
2026-01-20,6188,6146,6230,flag_nested,0.22022864339409323,True,0.216018474342036,0.21175086491417236,-0.023085235443702046,0.0005329280954911031,0.9994670719045089,0.2197925358312922,0.9362036949611305,False,344
2026-02-09,6202,6160,6244,market_1,0.01897748709273693,True,0.05506642965352009,0.05751957110050051,-0.05383348445025227,0.0028980440480556036,0.9971019559519444,0.02164662691719058,0.9327416359802347,False,345
2026-02-09,6202,6160,6244,block_2_3,0.244988350721673,True,0.1458835604251811,0.1567805757567431,0.15655651370742857,0.02450994198422418,0.9754900580157758,0.256776425780731,0.9327416359802347,False,345
2026-02-09,6202,6160,6244,block_4_6,0.3184302230840682,True,0.4329431342565824,0.5686617517583052,0.016732557273432973,0.0002799784729089483,0.999720021527091,0.3184178896433556,0.9327416359802347,False,345
2026-02-09,6202,6160,6244,top_3,0.25230095378446016,True,0.15420603547671066,0.16140203364561415,-0.030815278014033175,0.0009495813590821855,0.9990504186409178,0.253051357116223,0.9327416359802347,False,345
2026-02-09,6202,6160,6244,top_6,0.3042121373537085,True,0.45104442082107754,0.5812053482646974,-0.008818519126406407,7.776627958278048e-05,0.9999222337204172,0.30428910224460853,0.9327416359802347,False,345
2026-02-09,6202,6160,6244,flag_nested,0.27902330815773435,True,0.21181514832412512,0.2613273477648552,-0.017519996178045293,0.00030695026607874265,0.9996930497339213,0.27938182680154516,0.9327416359802347,False,345
2026-03-02,6216,6174,6258,market_1,0.10178943272673993,True,0.054333233744181794,0.0639849590419121,0.03810028307209266,0.0014516315701735838,0.9985483684298264,0.10051548430796194,0.9294369433166525,False,348
2026-03-02,6216,6174,6258,block_2_3,0.1319421209841624,True,0.15648575194047917,0.15913205778951411,0.15371659888972058,0.02362879277422314,0.9763712072257769,0.13107163231149227,0.9294369433166525,False,348
2026-03-02,6216,6174,6258,block_4_6,0.4263784913621513,True,0.39346203116479356,0.6204911739064429,,0.0,1.0,0.4263784913621513,0.9294369433166525,False,348
2026-03-02,6216,6174,6258,top_3,0.14483591121583186,True,0.16318400475727526,0.16623583381503793,0.002461221161140661,6.057609604148695e-06,0.9999939423903959,0.1448174249775552,0.9294369433166525,False,348
2026-03-02,6216,6174,6258,top_6,0.4232855887535681,True,0.4091698204324885,0.6272059210080928,0.00038440954065110976,1.4777069501370477e-07,0.999999852229305,0.42328833782766073,0.9294369433166525,False,348
2026-03-02,6216,6174,6258,flag_nested,0.35314003503018215,True,0.19932828136209504,0.28083815687377156,0.007605036953268943,5.783658706060013e-05,0.9999421634129394,0.3530838098783913,0.9294369433166525,False,348
2026-03-20,6230,6188,6272,market_1,0.2565517252082081,True,0.05078831611705435,0.06567157549607977,-0.00974291323800173,9.492435836322421e-05,0.9999050756416368,0.2573827640905718,0.9316872816542348,False,346
2026-03-20,6230,6188,6272,block_2_3,0.3302602713146064,True,0.17043516301325065,0.2745363998559595,0.07772091034533284,0.006040539904907161,0.9939594600950928,0.32698032023052087,0.9316872816542348,False,346
2026-03-20,6230,6188,6272,block_4_6,0.35686985395890847,True,0.4338845875412651,0.7253339282033885,0.03072555095544437,0.0009440594815157688,0.9990559405184842,0.35695689259043867,0.9316872816542348,False,346
2026-03-20,6230,6188,6272,top_3,0.3206714997672879,True,0.17581976878299307,0.27966130700309105,-0.006734137879022468,4.534861297378345e-05,0.9999546513870262,0.3207782584232725,0.9316872816542348,False,346
2026-03-20,6230,6188,6272,top_6,0.3433665150338161,True,0.4378683275113137,0.7002332093532468,-0.004292799480324803,1.8428127378067316e-05,0.9999815718726219,0.34339087606044466,0.9316872816542348,False,346
2026-03-20,6230,6188,6272,flag_nested,0.33369060155991165,True,0.2117508649141724,0.33481934823606146,-0.00431108372294743,1.8585442866370094e-05,0.9999814145571336,0.33378393499798864,0.9316872816542348,False,346
2026-04-10,6244,6202,6286,market_1,0.21828639850568352,True,0.057519571100500426,0.07026678889310232,0.052488641901477985,0.002755057528661786,0.9972449424713382,0.21633299970338773,0.9316872816542348,False,344
2026-04-10,6244,6202,6286,block_2_3,0.19666670239217285,True,0.15678057575674315,0.5080482691285775,0.03436400410385801,0.0011808847780498954,0.9988191152219501,0.19621520116053168,0.9316872816542348,False,344
2026-04-10,6244,6202,6286,block_4_6,0.3509909807799561,True,0.5686617517583056,0.6703006189569469,,0.0,1.0,0.3509909807799561,0.9316872816542348,False,344
2026-04-10,6244,6202,6286,top_3,0.20251037147414389,True,0.1614020336456142,0.5124446971021609,0.006776703455249728,4.592370972034132e-05,0.9999540762902797,0.20243059853312936,0.9316872816542348,False,344
2026-04-10,6244,6202,6286,top_6,0.42242439584061653,True,0.5812053482646982,0.48429174871251945,0.00486014767473702,2.3621035420196e-05,0.9999763789645798,0.42241060131252833,0.9316872816542348,False,344
2026-04-10,6244,6202,6286,flag_nested,0.27727811980800704,True,0.26132734776485544,0.3627125038685065,0.011791454821206415,0.00013903840680062896,0.9998609615931994,0.2771690403535107,0.9316872816542348,False,344
2026-04-30,6258,6216,6300,market_1,0.3234097914687152,True,0.06398495904191202,0.06342004048010957,-0.0727185742204143,0.005287991036649675,0.9947120089633503,0.32430952673528374,0.9248418468510999,False,344
2026-04-30,6258,6216,6300,block_2_3,0.4829243035099293,True,0.15913205778951417,1.0053931332483093,0.01550029781456891,0.00024025923234050062,0.9997597407676595,0.48273855714361796,0.9248418468510999,False,344
2026-04-30,6258,6216,6300,block_4_6,0.33485224613154674,True,0.6204911739064427,1.096008709685308,,0.0,1.0,0.33485224613154674,0.9248418468510999,False,344
2026-04-30,6258,6216,6300,top_3,0.4720587428210923,True,0.16623583381503804,1.0072576495056573,-0.004261358960390026,1.815918018943652e-05,0.9999818408198106,0.47206278054169587,0.9248418468510999,False,344
2026-04-30,6258,6216,6300,top_6,0.5059499557090431,True,0.6272059210080926,0.4922347954539841,-0.008989643742628523,8.081369461954147e-05,0.9999191863053805,0.5059686197711668,0.9248418468510999,False,344
2026-04-30,6258,6216,6300,flag_nested,0.309099883351541,True,0.2808381568737715,0.6185417862518724,-0.008949940531211151,8.010143551218096e-05,0.9999198985644878,0.30911257814565546,0.9248418468510999,False,344
2026-05-20,6272,6230,6314,market_1,0.20583533289562894,True,0.06567157549607976,0.0744620192233534,-0.0073104935973098166,5.344331663637014e-05,0.9999465566833636,0.2082359058813619,0.9240392786328014,False,341
2026-05-20,6272,6230,6314,block_2_3,0.7727873458142643,True,0.274536399855959,0.9704356853186346,,0.0,1.0,0.7727873458142643,0.9240392786328014,False,341
2026-05-20,6272,6230,6314,block_4_6,0.40896118657680935,True,0.7253339282033883,1.0144345161703021,-0.020591812576569262,0.00042402274518849037,0.9995759772548115,0.40893861977315976,0.9240392786328014,False,341
2026-05-20,6272,6230,6314,top_3,0.7665266685575509,True,0.2796613070030906,0.9721896678396825,-0.0009971814653836361,9.943708747517377e-07,0.9999990056291252,0.7668570700401003,0.9240392786328014,False,341
2026-05-20,6272,6230,6314,top_6,0.42865850448022363,True,0.7002332093532468,0.3714239562484276,-0.0018219613973914357,3.319543333768493e-06,0.9999966804566662,0.42871221463395487,0.9240392786328014,False,341
2026-05-20,6272,6230,6314,flag_nested,0.4537699127655109,True,0.33481934823606135,0.5861639147349788,-0.0013654919876728022,1.8645683684814784e-06,0.9999981354316315,0.4540021596521292,0.9240392786328014,False,341
