date,start,component,addition_cosine,addition_previous_speed,addition_next_speed,full_cosine,deletion_outgoing_cosine,deletion_attributed_fraction,full_residual_cosine
2003-01-16,42,market_1,0.19202721267394293,0.016529723556969467,0.019221095547868532,0.26279015896464175,0.6597490225984419,0.4352687728195995,0.21323358032709563
2003-01-16,42,block_2_3,-0.2683425860359611,0.1013545004991887,0.1136549830075739,0.09688636569851798,0.5644498250121041,0.3186036049561951,-0.42692907740551866
2003-01-16,42,block_4_6,-0.08255961477942707,0.18041674258194543,0.18186696157930732,0.030037741651418776,0.7667120845840929,0.587847420647285,-0.15804412071243504
2003-01-16,42,top_3,-0.2552154341508792,0.10260452079677015,0.11490097643539739,0.09840797560012166,0.564473891538978,0.31863077422915775,-0.41292305283132297
2003-01-16,42,top_6,0.05266372207767028,0.1852603840532267,0.18898185506224807,0.08599647651084595,0.774640134370505,0.6000673377775542,0.06692015381129726
2003-01-16,42,flag_nested,-0.06287078196974633,0.09748177251896695,0.10354975728182224,0.09161185107841693,0.7139543145576791,0.5097307632755252,-0.1635958925763332
2003-02-05,56,market_1,0.34161927622289057,0.014924697161604456,0.01997002221814108,0.19016157811895784,0.595369045281469,0.3544643000793679,0.13086912436860723
2003-02-05,56,block_2_3,-0.2084338842275328,0.0833805155649139,0.08426054615437188,0.16979511539579784,0.7000256970911993,0.49003597658801934,-0.32678925729898306
2003-02-05,56,block_4_6,-0.06443405786497222,0.17357345216486134,0.21815164346661325,0.04839529410433175,0.7043635160430806,0.4961279627325711,-0.14403226733499658
2003-02-05,56,top_3,-0.18670578177467417,0.08469567938170729,0.08645144419380087,0.16858651342390035,0.6912803210088415,0.47786848221408695,-0.3099223475823055
2003-02-05,56,top_6,0.007577976530804529,0.18279412474396242,0.22150326753299024,0.07114240532484534,0.720208934386087,0.5187009091695427,-0.04966230593609487
2003-02-05,56,flag_nested,-0.03181176010330804,0.09045891126635232,0.10520156261397884,0.10086406083636588,0.7078723565506658,0.5010832731685928,-0.14281471004991386
2003-02-25,70,market_1,0.38982437670585063,0.017302148477356706,0.020683997677541612,0.17026467984055835,0.6844940506453798,0.46853210536892,0.1294452483737751
2003-02-25,70,block_2_3,-0.1365641519497537,0.08983340640049853,0.0970168357102041,0.23527902923826102,0.6781484070189481,0.4598852619423369,-0.13447270774627812
2003-02-25,70,block_4_6,-0.007304628564634963,0.15197377784314728,0.21293063991159733,0.02727694543825304,0.6825782043446659,0.4659130050463882,-0.1487389712608503
2003-02-25,70,top_3,-0.12142748643410035,0.09142717310864451,0.09837172429646013,0.22697587446330658,0.6764332808148558,0.4575619833939494,-0.13547084337149404
2003-02-25,70,top_6,0.015700497521962824,0.16698932103056324,0.21994905917395413,0.02763347221767551,0.692552067150136,0.4796283657139264,-0.10595899679284923
2003-02-25,70,flag_nested,-0.013490587134074007,0.08793887588842565,0.10824243428000899,0.09068714776503599,0.6831256212152651,0.4666606143607419,-0.12187535134143754
2003-03-17,84,market_1,0.43290731690088535,0.019221095547868532,0.019179215865736184,0.15086169277776496,0.6392297916641928,0.40861472655104747,0.16308306548733303
2003-03-17,84,block_2_3,0.23806881283121678,0.11365498300757391,0.05549376611741603,0.22670954689003264,0.8783655995203344,0.7715261264207169,0.15339597888921203
2003-03-17,84,block_4_6,0.12578129215032785,0.18186696157930737,0.21114686181803827,-0.10838426693134999,0.7749234183146794,0.6005063042525076,-0.08345172013100435
2003-03-17,84,top_3,0.23918115633637196,0.1149009764353973,0.05834062964609345,0.2182249413849212,0.8699943559347659,0.7568901793583482,0.13987711077395154
2003-03-17,84,top_6,0.11103409744253788,0.1889818550622481,0.21731290486461088,-0.0829598450898074,0.7723327895141855,0.5964979377587629,-0.08191713505587112
2003-03-17,84,flag_nested,0.14503712973444016,0.10354975728182222,0.09681529724432993,-0.0074017621170278285,0.7848790239953876,0.6160350823079519,-0.04330974062538265
2003-04-04,98,market_1,0.36880627386093556,0.01997002221814108,0.01889170994343874,0.31886714176307407,0.6791605720052807,0.46125908256654,0.2635707916004451
2003-04-04,98,block_2_3,0.29464460631250833,0.08426054615437192,0.07505223763434365,0.36373333601909646,0.7365467407907067,0.5425011013694124,0.21065636192132897
2003-04-04,98,block_4_6,-0.2678856039573144,0.21815164346661325,0.23259700486814702,-0.24276565869097655,0.5453277043113685,0.29738230508950747,-0.3229535957301527
2003-04-04,98,top_3,0.2943404451639424,0.08645144419380085,0.0766006077886802,0.35536879425581686,0.7357854394965265,0.5413802129750966,0.20218292009615507
2003-04-04,98,top_6,-0.26753171131297665,0.22150326753299024,0.23879872731507798,-0.20588055973978026,0.5769689636733412,0.33289318504228904,-0.29814057539441646
2003-04-04,98,flag_nested,-0.13725356267155364,0.10520156261397884,0.10870565657009569,-0.06978536790337518,0.6143289963863026,0.37740011580100163,-0.18086498173480864
2003-04-24,112,market_1,0.3646113624658504,0.020683997677541616,0.016684792600329235,0.35485944630755284,0.669649990730293,0.4484311100850814,0.3701295641947686
2003-04-24,112,block_2_3,0.06844701523188317,0.09701683571020407,0.07103452112929563,0.25056258276981686,0.7112741502667758,0.5059109168377239,0.105896853268046
2003-04-24,112,block_4_6,-0.21660903347104574,0.21293063991159736,0.22124775705309632,-0.18345161188250705,0.6132124166052553,0.37602946787885716,-0.28994280278569196
2003-04-24,112,top_3,0.07037525492274656,0.09837172429646017,0.072516591592421,0.24624734856582658,0.7105340401244231,0.5048586221755351,0.10491462064896434
2003-04-24,112,top_6,-0.19455595862211705,0.2199490591739541,0.2313239737150658,-0.159231994199359,0.6081113306329148,0.369799390444134,-0.26198765373561206
2003-04-24,112,flag_nested,-0.11977521645661647,0.10824243428000899,0.10464096294185213,-0.05422991666261582,0.6303684099652798,0.39736433228215506,-0.16785891503090777
2003-05-14,126,market_1,0.26284972810053125,0.01917921586573618,0.01852963423048647,0.40493888552185403,0.7724135202448684,0.5966226462570698,0.19990362500974673
2003-05-14,126,block_2_3,0.2916309140517598,0.05549376611741601,0.08896935384321626,-0.06782664645723345,0.6903195848667786,0.47654112925064174,-0.05547929305496487
2003-05-14,126,block_4_6,-0.47687580750866004,0.21114686181803827,0.4038691197227689,-0.4829734447809188,0.35746874743472296,0.1277839053925499,-0.5454232286313008
2003-05-14,126,top_3,0.2776714455908452,0.058340629646093406,0.0901293958452268,-0.058002442622138856,0.6891003142695753,0.47485924312642747,-0.05154341459825178
2003-05-14,126,top_6,-0.4481134982296102,0.2173129048646109,0.41062456883269854,-0.4418868624016529,0.3697565135083624,0.1367198792818599,-0.509131284113351
2003-05-14,126,flag_nested,-0.3560592127484818,0.09681529724432991,0.17650270847222357,-0.35926053414473985,0.43336237879380785,0.18780295135382763,-0.43079222937519174
2003-06-03,140,market_1,0.4085176285621396,0.01889170994343874,0.015366932909969596,0.437338705709319,0.8065712784649991,0.6505572272446631,0.31211971505381286
2003-06-03,140,block_2_3,0.09885229301041892,0.07505223763434368,0.11298003979545357,-0.012067888152349382,0.6374985471577611,0.4064043976282561,-0.05015578547763832
2003-06-03,140,block_4_6,0.4121827503199651,0.23259700486814705,0.23536323376120158,0.12972223779840333,0.6372789968535281,0.40612451983063946,0.21872200239602765
2003-06-03,140,top_3,0.09849039100328096,0.0766006077886802,0.11349460284428527,-0.008613633005370972,0.6371372389499362,0.4059438612567481,-0.047388217987849236
2003-06-03,140,top_6,0.3930204442083867,0.23879872731507806,0.24660406350414615,0.12862502781564816,0.6310588577380929,0.3982352819297068,0.2083488323806447
2003-06-03,140,flag_nested,0.3237096606641462,0.10870565657009572,0.12110083240057855,0.10186930886184353,0.6339066933017665,0.4018376958127805,0.1473891018924904
2003-06-23,154,market_1,0.24533193654447116,0.016684792600329235,0.014692410307976736,0.2598513184819228,0.7972389808798647,0.6355899926343654,0.06188399894688685
2003-06-23,154,block_2_3,0.09362010822668981,0.07103452112929562,0.1122996468869661,-0.2086256774814978,0.8039625125740595,0.6463557216243949,-0.15494256689703922
2003-06-23,154,block_4_6,0.24065574836945253,0.22124775705309627,0.19712791701191862,0.39826440273898506,0.8973375730058958,0.8052147199281109,0.1054731510761903
2003-06-23,154,top_3,0.09140947891927233,0.072516591592421,0.11290176361615717,-0.20109858230536382,0.8018258000089077,0.6429246135599249,-0.1527667806056237
2003-06-23,154,top_6,0.2505572861356924,0.23132397371506574,0.2022343746841187,0.4370534960996204,0.8900921285200525,0.7922639972533579,0.17966695696894755
2003-06-23,154,flag_nested,0.20362901115998677,0.10464096294185211,0.106213276228462,0.2964757103291603,0.8618600033527802,0.7428026653792543,0.03988817637036973
2003-07-11,168,market_1,0.14455571329730194,0.018529634230486466,0.013287379189832166,0.10132132948175804,0.7448948662932339,0.5548683618300148,0.09957838652228256
2003-07-11,168,block_2_3,0.3042289507007358,0.08896935384321626,0.09785805471922572,0.4247292106397461,0.7415661506716926,0.5499203558220314,0.29814573795433386
2003-07-11,168,block_4_6,0.7405047836342564,0.4038691197227689,0.4265875049545745,0.6735768209842768,0.9299899178149417,0.8648812472374419,0.4759164693686687
2003-07-11,168,top_3,0.29365036990361537,0.09012939584522679,0.09835300957884834,0.40879809269236633,0.741954423371312,0.550496366360256,0.28649693867029513
2003-07-11,168,top_6,0.723419238814732,0.41062456883269827,0.4277018265142593,0.6555486966496978,0.9253692818173956,0.8563083077312423,0.45306993189400807
2003-07-11,168,flag_nested,0.6794929587805799,0.1765027084722235,0.18409001786466403,0.6203635899487605,0.9136187065600073,0.8346991409763806,0.4194553659934343
2003-07-31,182,market_1,0.16589684088019938,0.015366932909969596,0.01255057075876128,0.24012187599075202,0.754221004532745,0.5688493236783829,0.18906618235308092
2003-07-31,182,block_2_3,0.37172163648366585,0.11298003979545358,0.08647186461578249,0.3997905542181351,0.6271184433281735,0.39327754196235154,0.4478144757453237
2003-07-31,182,block_4_6,-0.07927279125126373,0.2353632337612016,0.2960624147288329,0.05398700423808267,0.911858611579175,0.8314861275111007,0.1557796819120675
2003-07-31,182,top_3,0.3659067773585111,0.11349460284428527,0.08730639703323312,0.39402768053394377,0.629909331462491,0.3967857658635221,0.440313176049632
2003-07-31,182,top_6,-0.08066700149720755,0.2466040635041461,0.29862496731060517,0.04503872534574858,0.9100176459225339,0.82813211589039,0.126192564032817
2003-07-31,182,flag_nested,0.015608095712600944,0.12110083240057853,0.1325184175786729,0.09697267997079285,0.8902537237750777,0.7925516926953923,0.20990159103828668
2003-08-20,196,market_1,0.02931703398905732,0.014692410307976736,0.012410011013319473,0.18193948284549638,0.8039421573080687,0.6463229922971516,0.10234197230636626
2003-08-20,196,block_2_3,0.12541557851872062,0.11229964688696616,0.08749629319457178,0.11334818899392544,0.5577631008185996,0.31109967663477933,0.24557222257530564
2003-08-20,196,block_4_6,0.14004466420569692,0.19712791701191856,0.23317615408804165,0.6169115454816707,0.8397433373623377,0.7051688726444367,0.2798379953989086
2003-08-20,196,top_3,0.12426572325559616,0.11290176361615718,0.08816376746538296,0.113186234375097,0.5632421772971519,0.3172417502864363,0.24391796744431243
2003-08-20,196,top_6,0.11515611027608656,0.2022343746841187,0.23867231192490546,0.6068245428992664,0.8383151299577623,0.7027722571160996,0.2147456028348695
2003-08-20,196,flag_nested,0.1143825766328894,0.106213276228462,0.11063018161654914,0.5159532757983174,0.8134779739292918,0.6617464140681053,0.22653392942576336
2003-09-09,210,market_1,-0.06015825402724845,0.013287379189832166,0.011431781143242588,0.1076999449524281,0.802551931531221,0.6440896028044936,0.06054585262292602
2003-09-09,210,block_2_3,-0.13725732516389602,0.09785805471922575,0.09753495378271008,-0.21291590496343316,0.7325229589764545,0.5365898854276204,-0.06813026418546574
2003-09-09,210,block_4_6,-0.6757870179864388,0.4265875049545747,0.31284441553305403,-0.6317093583259905,0.5786742107714508,0.3348638422119612,-0.666851251820749
2003-09-09,210,top_3,-0.13373851880472937,0.0983530095788483,0.09814801901813403,-0.2048235139725851,0.7321885719618764,0.5361001049115716,-0.06628930057722465
2003-09-09,210,top_6,-0.6532396174951334,0.4277018265142594,0.3183516678386136,-0.6082067945734526,0.5752340527138747,0.330894215401629,-0.6564814552804065
2003-09-09,210,flag_nested,-0.582903892441053,0.18409001786466406,0.14224272999034487,-0.5419474395834625,0.6143188586862228,0.37738766013754355,-0.5883625977312498
2003-09-29,224,market_1,0.07126903167011846,0.012550570758761268,0.013851568484615655,0.11684699211277771,0.6569838743611437,0.431627811170579,0.03343088190455712
2003-09-29,224,block_2_3,-0.14827504058468252,0.0864718646157825,0.10192462520021187,-0.06267588501930234,0.5635804085959929,0.3176228769532261,-0.04961001670552384
2003-09-29,224,block_4_6,0.010558312389673996,0.2960624147288328,0.16557467142547033,0.5000950217629343,0.8242039426153931,0.6793121390227583,-0.022742424372246262
2003-09-29,224,top_3,-0.1471087426785043,0.08730639703323313,0.10254763964607591,-0.059045717283279446,0.5690889697824099,0.3238622555280045,-0.04897769410461859
2003-09-29,224,top_6,0.031279538973451954,0.29862496731060506,0.17690778389880998,0.4850979138490455,0.8108740572431694,0.6575167367099983,-0.011722060721846199
2003-09-29,224,flag_nested,-0.012087160359745889,0.13251841757867286,0.0944100952360277,0.3917689908150628,0.7550249540760968,0.5700626812776121,-0.024282832679001033
2003-10-17,238,market_1,-0.1258849335433556,0.012410011013319469,0.019142332472309242,-0.012195992771405227,0.5380903086447563,0.28954118025740927,-0.10547169913252498
2003-10-17,238,block_2_3,0.14125829475355925,0.08749629319457179,0.0844588000195942,0.24955511556557533,0.6369470285545601,0.40570151718448355,0.1701749829326314
2003-10-17,238,block_4_6,-0.1842047606031432,0.23317615408804168,0.17874842291257334,0.07592448208495155,0.5644677035365369,0.31862378833581173,-0.24781090914712506
2003-10-17,238,top_3,0.13927057938806311,0.08816376746538301,0.08589429712811074,0.24491166895039373,0.6387231449323326,0.4079672558722498,0.16648680628973714
2003-10-17,238,top_6,-0.16104189360810206,0.23867231192490548,0.18650376373436495,0.08554491744017165,0.5753817308666579,0.3310641362151112,-0.2193970419999127
2003-10-17,238,flag_nested,-0.084988881040873,0.11063018161654914,0.0928600091537711,0.10834537288397741,0.5894390871203957,0.34743843742532554,-0.15102927587033396
2003-11-06,252,market_1,0.04255123044334669,0.011431781143242586,0.0161765245649755,0.10783889484343026,0.6009067122049526,0.36108887677296575,-0.06480347859180145
2003-11-06,252,block_2_3,0.20366380874981552,0.09753495378271011,0.07886332423660157,0.2087365459758544,0.6377999966864948,0.40678883577329306,0.18199291515247107
2003-11-06,252,block_4_6,0.0755673256275598,0.3128444155330542,0.14726831866106435,-0.4014062018371466,0.7669905655860599,0.588274527698024,-0.02896083617264796
2003-11-06,252,top_3,0.20317079245364028,0.09814801901813405,0.08015419099249217,0.2049722046352522,0.6397945226066838,0.4093370311575142,0.18085048969164422
2003-11-06,252,top_6,0.03717449902704644,0.3183516678386136,0.15665806542134528,-0.3813614028928252,0.7621097813720629,0.5808113188629737,-0.054537916666906675
2003-11-06,252,flag_nested,0.0741253859664258,0.14224272999034487,0.0805824813580138,-0.22960132138919787,0.7240800536523614,0.5242919240972066,0.031279311309904564
2003-11-26,266,market_1,0.18947392556093462,0.01385156848461565,0.014515560080056986,0.14387425749946006,0.7586523525475917,0.5755533920259951,0.16046411906886301
2003-11-26,266,block_2_3,0.17341890401156101,0.1019246252002119,0.07870433702374992,0.19490995383045168,0.801343802996796,0.6421518906013672,0.019931402698095367
2003-11-26,266,block_4_6,0.11020600850322597,0.16557467142547036,0.17330195502569515,0.4459364485818668,0.8179288106065254,0.6690075392202055,0.21450579166838268
2003-11-26,266,top_3,0.17730461932901206,0.10254763964607587,0.07986096303729687,0.19426962976131243,0.798390239974763,0.6374269752869596,0.02366994910382549
2003-11-26,266,top_6,0.08796894679116418,0.17690778389880996,0.1784156635808729,0.4125265882757998,0.8056599044651033,0.6490878816627197,0.22202512692962417
2003-11-26,266,flag_nested,0.11933260109880946,0.09441009523602768,0.0874184427072063,0.3513018765147352,0.801150406017245,0.6418419730615965,0.162388088734942
2003-12-16,280,market_1,0.17712465663944604,0.019142332472309245,0.013294546018550922,0.13657255886343747,0.6916714689718693,0.47840942098970385,0.12191705584613959
2003-12-16,280,block_2_3,0.036214403389100834,0.08445880001959423,0.06960356547031328,0.22402878303062349,0.7553098356669263,0.5704929478551994,0.06204276839272058
2003-12-16,280,block_4_6,0.014890547659284015,0.17874842291257334,0.15138467343624787,0.03315534933822172,0.7995660901394362,0.6393059325008648,-0.02338069226192467
2003-12-16,280,top_3,0.043057088788535765,0.08589429712811077,0.07081234917722273,0.22422670701386108,0.7530611264530522,0.5671010601747398,0.06683642131695403
2003-12-16,280,top_6,0.016244018821423453,0.18650376373436497,0.16582894747550764,0.006451589286734534,0.7699164255859522,0.5927713023870491,0.0013747750555164044
2003-12-16,280,flag_nested,0.029018951909639955,0.09286000915377111,0.08019610042043265,0.0720401972950989,0.763875266280841,0.583505422435626,0.020193333674523264
2004-01-05,294,market_1,0.3542140826137889,0.0161765245649755,0.01508206572070057,0.1707436275892206,0.6705208456517856,0.44959820445358556,0.12457595460880523
2004-01-05,294,block_2_3,-0.19473980998393334,0.07886332423660153,0.08393422651886691,0.03030519344394347,0.7202905250221802,0.5188184404367279,-0.20288431608653348
2004-01-05,294,block_4_6,0.030696711662967124,0.14726831866106435,0.1918005254349198,0.1811017582454435,0.7108685661377329,0.5053341183227165,0.05751063044484165
2004-01-05,294,top_3,-0.18132843324958983,0.08015419099249213,0.08514738557804062,0.035011737170002825,0.7177917561007839,0.515225005126247,-0.19077836447879284
2004-01-05,294,top_6,0.05033013897219485,0.15665806542134522,0.20181268932669685,0.14233244546127088,0.6986375769294312,0.48809446389782674,0.0668419384186198
2004-01-05,294,flag_nested,-0.007780976246299254,0.08058248135801377,0.09711962413543249,0.11406244305198396,0.70314527190002,0.4944132733953529,0.0009336348801507748
2004-01-23,308,market_1,0.23993834652146545,0.014515560080057003,0.014752985425907578,0.00033751728914525745,0.7736946757653089,0.5986034513075864,0.025233377328397356
2004-01-23,308,block_2_3,-0.23884596353190732,0.07870433702374992,0.09345966064151358,0.02569730027218767,0.6564611733973483,0.4309412721782231,-0.32876659995477364
2004-01-23,308,block_4_6,-0.07035330325805719,0.1733019550256952,0.21762224741469924,-0.29670830893240097,0.7554820981368918,0.5707532006053202,-0.09787347465204567
2004-01-23,308,top_3,-0.2241412993741742,0.07986096303729692,0.09453020788327167,0.03217200075805766,0.6580503927142662,0.4330303193513999,-0.3148099948768763
2004-01-23,308,top_6,-0.02179332642166491,0.1784156635808728,0.22478951371457717,-0.30530132735249615,0.7477480261674112,0.5591271106372596,-0.06411854922916131
2004-01-23,308,flag_nested,-0.06986696394145861,0.08741844270720629,0.10778694212411774,-0.21839257435041262,0.7300177620145175,0.5329259328566845,-0.1296936776141472
2004-02-12,322,market_1,0.10838401442973676,0.013294546018550922,0.013750036593391706,0.13965736229569897,0.7576921983711943,0.574097467472573,-0.01382564469163632
2004-02-12,322,block_2_3,0.1614587216897567,0.0696035654703133,0.10867749413016115,0.2687280692133831,0.7003202322639808,0.4904484277182759,0.047397954000447835
2004-02-12,322,block_4_6,-0.009563039586139629,0.15138467343624792,0.2370142043755233,-0.12354639949606804,0.6920958067715424,0.4789966057507521,-0.1520124238278021
2004-02-12,322,top_3,0.15910593077084098,0.07081234917722272,0.10948963961609508,0.2644189528625185,0.7008431781430715,0.4911811603496812,0.04643681715520829
2004-02-12,322,top_6,0.027231994100343326,0.16582894747550758,0.24365433030263348,-0.14579460575804426,0.6756483695358031,0.45650071925638913,-0.1580902494159881
2004-02-12,322,flag_nested,0.06456488089241891,0.08019610042043264,0.11865761394285328,-0.03133266811352658,0.6787990749619669,0.4607681841692216,-0.08268761918714541
2004-03-03,336,market_1,0.04085163508112268,0.015082065720700573,0.016351915545357705,0.09772390472708777,0.667045394224582,0.44494955795622804,0.01822081765431624
2004-03-03,336,block_2_3,0.25523871068355314,0.0839342265188669,0.12206934186699595,0.3207151495907782,0.543132967137132,0.2949934199911848,0.19564277629716825
2004-03-03,336,block_4_6,0.1236722180931488,0.19180052543491985,0.25727015967745426,-0.08302500529128518,0.7155876867789877,0.5120657374697024,-0.11214214654951173
2004-03-03,336,top_3,0.2513147664422578,0.08514738557804065,0.12304803788515786,0.3192338448146721,0.5454253481497284,0.2974888104042527,0.1930454578149365
2004-03-03,336,top_6,0.09041844494483334,0.2018126893266968,0.2680191126716168,-0.10768015995623106,0.7006267123428535,0.49087779004835563,-0.1304073202331247
2004-03-03,336,flag_nested,0.13335900669804182,0.09711962413543247,0.13147889238965976,0.0029927756950729693,0.6661339659557153,0.4437344605998902,-0.04396222069553424
2004-03-23,350,market_1,0.11374461775793314,0.014752985425907575,0.01658164932514377,0.17093918024447274,0.6313506114051893,0.39860359452170635,0.10994628661116336
2004-03-23,350,block_2_3,0.2986027507345461,0.09345966064151362,0.1201401568551822,0.3670103384381998,0.5573767553967288,0.3106688474565851,0.2934263076169437
2004-03-23,350,block_4_6,0.11575900024048393,0.21762224741469924,0.15709169507973292,-0.23401713068451188,0.8778024203844761,0.7705370892328443,0.10460422110032308
2004-03-23,350,top_3,0.2938122575866345,0.0945302078832717,0.12110305129929186,0.36409501390344656,0.5576240721579968,0.3109446058500669,0.2898942994755452
2004-03-23,350,top_6,0.05905831806099515,0.22478951371457712,0.17128301948752372,-0.23567189037564432,0.8627464249850829,0.7443313938245414,0.06620271626864155
2004-03-23,350,flag_nested,0.14138394003839672,0.10778694212411773,0.10026587771089218,-0.08632417527378816,0.7887609400581841,0.62214382056147,0.1479533504941494
2004-04-12,364,market_1,0.05695929072479087,0.013750036593391714,0.018732073598676686,0.23518067078080104,0.5722435729842447,0.3274627068217745,0.10816124173673723
2004-04-12,364,block_2_3,0.2997185720800463,0.10867749413016117,0.09837180709807132,0.2938281610475136,0.6280221000329113,0.39441175812974794,0.19023987138689685
2004-04-12,364,block_4_6,0.23158505782913943,0.23701420437552326,0.20057727631377384,0.12323728315258613,0.6526107068054406,0.42590073463709677,0.26857680250974164
2004-04-12,364,top_3,0.2998358720096591,0.10948963961609509,0.09946795377716398,0.29650232720865627,0.6283486584141745,0.3948220365308931,0.1941868748974433
2004-04-12,364,top_6,0.19823754402125965,0.2436543303026337,0.20686498283779473,0.11318679356901741,0.652726524276873,0.42605191549456733,0.25697172417242065
2004-04-12,364,flag_nested,0.2247047203606879,0.11865761394285333,0.10383176478447449,0.1693405078864241,0.6363394095542529,0.40492784415185523,0.24868219965773633
2004-04-30,378,market_1,0.12301419449745739,0.016351915545357705,0.01914982988265001,0.2936212605979014,0.6499877460898871,0.4224840700670115,0.19648590021728482
2004-04-30,378,block_2_3,0.12384067245367303,0.12206934186699595,0.06871781732336152,0.2356973888409399,0.6940698197887466,0.4817329147415832,0.09581177378089535
2004-04-30,378,block_4_6,-0.37267856082550804,0.2572701596774542,0.24824056059364946,-0.13608283830407214,0.45030862721797704,0.20277785974693896,-0.3964274016465817
2004-04-30,378,top_3,0.13390470159439774,0.12304803788515781,0.06972811650986778,0.24076152171426937,0.7028868432250721,0.4940499143789072,0.10341379009746697
2004-04-30,378,top_6,-0.35095723390484523,0.26801911267161677,0.25547505512079216,-0.10446456656522879,0.4628078807683051,0.2141911345012497,-0.35992713700778656
2004-04-30,378,flag_nested,-0.24030332024857723,0.13147889238965974,0.11342532063007052,-0.019767355440945596,0.5150681333940085,0.2652951820379883,-0.26019224355688725
2004-05-20,392,market_1,0.47377549950376496,0.016581649325143756,0.02122898454420849,0.42271312585299947,0.6004655262751656,0.3605588482449117,0.3049485461545731
2004-05-20,392,block_2_3,0.2795219492307294,0.12014015685518221,0.07226750434973316,0.15118579084934597,0.7400258761258398,0.5476382973358167,0.2713146602150648
2004-05-20,392,block_4_6,0.0018654816080247625,0.1570916950797328,0.17426416769893727,-0.02748372892878848,0.6707201236933636,0.4498654843272408,-0.04827906429796225
2004-05-20,392,top_3,0.2890542443704931,0.12110305129929189,0.07397306052289124,0.15921942999269256,0.7402044724337236,0.547902661010887,0.27134655622966614
2004-05-20,392,top_6,-0.027957067619549504,0.17128301948752375,0.18412183798063753,0.001694096126989781,0.6806098134758682,0.4632297181996565,-0.056254448794050935
2004-05-20,392,flag_nested,0.09892418147481764,0.1002658777108922,0.08902143683432309,0.05484449650949345,0.6933182484315783,0.48069019360823184,0.034636720910468974
2004-06-09,406,market_1,0.40040912947107116,0.018732073598676693,0.018447460208861524,0.33769430548234813,0.6630207545632343,0.43959652098160085,0.21510071964447094
2004-06-09,406,block_2_3,0.2669745765844857,0.09837180709807132,0.06587519412894335,0.14209286873427074,0.7762023031130175,0.6024900153579529,0.1819147551363808
2004-06-09,406,block_4_6,0.22235709745715057,0.2005772763137739,0.28885956094308624,0.0008385072344012617,0.918272546547612,0.8432244697430364,0.043255857138591224
2004-06-09,406,top_3,0.26809103218523456,0.099467953777164,0.06816477591332688,0.14861849933828278,0.7720880888124813,0.5961200168861097,0.1750128951883527
2004-06-09,406,top_6,0.208653733013157,0.2068649828377947,0.29471374522999205,0.029271676133365614,0.9128249085147464,0.8332493136049555,0.05925484177863066
2004-06-09,406,flag_nested,0.21564688159497955,0.10383176478447449,0.12792635753110848,0.05078797903457892,0.8981331286976123,0.8066431168641618,0.0922254587067706
2004-06-29,420,market_1,0.32949086307774295,0.01914982988265001,0.015914588394655316,0.25545136589015743,0.6902811239581387,0.4764880300929113,0.17140904891737024
2004-06-29,420,block_2_3,0.19452454080652648,0.06871781732336156,0.057883009237655846,0.2206305404936994,0.7703614614091672,0.5934567812244675,0.06244295559329117
2004-06-29,420,block_4_6,-0.4508805056203571,0.24824056059364935,0.27068579588157043,0.3083721323990487,0.8822630390103571,0.7783880700037908,0.03395253814082106
2004-06-29,420,top_3,0.20105068299552278,0.06972811650986777,0.05976988713564334,0.22654524268606974,0.7676673336946364,0.5893131352218324,0.0641658848173138
2004-06-29,420,top_6,-0.42675864426016086,0.2554750551207922,0.274766310826225,0.30244218700137776,0.8791355255574905,0.772879272297245,0.04882341407730973
2004-06-29,420,flag_nested,-0.3433997373500476,0.11342532063007052,0.11843496747448685,0.28497825741242605,0.8686404853133647,0.7545362927254378,0.061426155028862416
2004-07-19,434,market_1,0.047144819417229464,0.021228984544208494,0.015792259951621042,0.21772976084831783,0.7286420988281459,0.5309193081846854,0.010116319349507331
2004-07-19,434,block_2_3,0.21952906319088228,0.0722675043497332,0.05400086113414823,0.1324907618984498,0.7963002813550225,0.6340941380860883,0.11209682867438245
2004-07-19,434,block_4_6,0.017479395052219366,0.1742641676989373,0.2125457559376392,-0.10501950399933381,0.9112244090283674,0.8303299236090975,-0.05754385393032503
2004-07-19,434,top_3,0.22105074712219835,0.07397306052289124,0.056041954786076174,0.14853533972312843,0.7921144307181183,0.6274452713518884,0.11287027652218692
2004-07-19,434,top_6,0.02433257244781119,0.18412183798063758,0.218699828004786,-0.07386593926192656,0.9068463279432832,0.8223702625042169,-0.02840001806474222
2004-07-19,434,flag_nested,0.05654194536531981,0.0890214368343231,0.09626992348607606,-0.03461192178677948,0.8970468681187133,0.8046930836015918,-0.00884005759174971
2004-08-06,448,market_1,0.16128172656144518,0.01844746020886152,0.012964337547092161,0.37421481548303936,0.7853954353066326,0.6168459898004947,0.1732147028385916
2004-08-06,448,block_2_3,0.21190677608976338,0.06587519412894338,0.06111744386528395,0.18882881600281487,0.7979967251230221,0.636798773307068,0.1714176090527984
2004-08-06,448,block_4_6,-0.628748591116961,0.2888595609430863,0.39291349385574176,0.5416109982451818,0.13596405940326306,0.01848622544941414,0.6384607387105072
2004-08-06,448,top_3,0.21235356888025822,0.06816477591332694,0.06243910801405645,0.19936394091060072,0.7967574704925829,0.6348224667857388,0.173688621504953
2004-08-06,448,top_6,-0.611285984789205,0.29471374522999194,0.3955182032416959,0.5362285427895458,0.18927169065650887,0.03582377288397298,0.6403668025530703
2004-08-06,448,flag_nested,-0.5433858042265469,0.12792635753110845,0.16595198994635524,0.4988375959605211,0.30425360917076477,0.09257025869343638,0.6191639330795053
2004-08-26,462,market_1,0.10250806946227242,0.015914588394655316,0.01346306831669235,0.30672116207580125,0.7585028525507604,0.5753265773276408,0.030175960555681964
2004-08-26,462,block_2_3,0.1409876551404288,0.05788300923765587,0.06363813962020204,0.13787333325639523,0.8100676919201759,0.6562096654928813,0.1732749638351998
2004-08-26,462,block_4_6,-0.43380285625158155,0.2706857958815704,0.2709600548522728,0.48301717332148675,0.8791454734392306,0.7728967634686887,0.2792337452445297
2004-08-26,462,top_3,0.14725771398576804,0.05976988713564338,0.06483660272585394,0.14545857405931964,0.8087624235103538,0.6540966576823406,0.1720328369288824
2004-08-26,462,top_6,-0.40956082630871415,0.2747663108262251,0.27443499367098434,0.475684305674414,0.8796083426694329,0.7737108364936668,0.2868740367035284
2004-08-26,462,flag_nested,-0.35047784020711636,0.1184349674744869,0.1188904685752487,0.449209848369432,0.8622359348758379,0.7434508073912103,0.29959545287081546
2004-09-15,476,market_1,-0.1572392445156702,0.015792259951621042,0.013672172369993062,0.03154739563463058,0.779654853869048,0.6078616911615666,-0.22601796194244156
2004-09-15,476,block_2_3,0.10913243995679542,0.054000861134148245,0.07799500309716932,0.20650853031534455,0.6896759298723486,0.4756528882452885,0.10873308773720708
2004-09-15,476,block_4_6,0.1180640659494693,0.21254575593763925,0.18499286528903996,0.21369718638127969,0.8021198429308515,0.6433962424234139,-0.005258116765809138
2004-09-15,476,top_3,0.10017766108102773,0.056041954786076154,0.07910876161359442,0.1939319368486769,0.6917698333261061,0.47854550230002857,0.09510135877697581
2004-09-15,476,top_6,0.12546390641075544,0.21869982800478593,0.18610460278234434,0.21600748119461047,0.8197951746521189,0.6720641283828983,0.0029375637879994277
2004-09-15,476,flag_nested,0.11177399518687554,0.09626992348607602,0.0896966046261284,0.2073175024182199,0.7940988728578945,0.6305930198741787,0.0208819941333942
2004-10-05,490,market_1,-0.13790444917467318,0.012964337547092161,0.016610001577519407,-0.0031291501684452237,0.5001755978871253,0.25017562872174326,-0.048852395983073976
2004-10-05,490,block_2_3,0.0997704041932575,0.06111744386528397,0.06300683137188633,0.22963963442017732,0.7352471191821707,0.5405883262656813,-0.03994848862779448
2004-10-05,490,block_4_6,-0.5243911968793601,0.3929134938557417,0.2338929078925842,0.06638539260221274,0.4277514783345453,0.18297132721738896,-0.2600704468092691
2004-10-05,490,top_3,0.09577360024838759,0.062439108014056444,0.06384891399657434,0.22320107874835557,0.7374859692777478,0.5438855548815394,-0.03881618449246125
2004-10-05,490,top_6,-0.5064637907408124,0.3955182032416959,0.23989431039535064,0.07808182367951619,0.46625351831749834,0.2173923433434457,-0.25671823837544494
2004-10-05,490,flag_nested,-0.4499440822119778,0.16595198994635524,0.10595439326393842,0.10039801708391882,0.522554084767229,0.2730627715069164,-0.23644960832763548
2004-10-25,504,market_1,0.025468358200554434,0.013463068316692363,0.01921986759415204,0.14224197753360246,0.4215980904162363,0.17774494984261713,0.062138149642785086
2004-10-25,504,block_2_3,-0.02036795111038071,0.06363813962020205,0.06654408803258169,0.19248623350524022,0.636496705263443,0.40512805581121836,0.08725174556856188
2004-10-25,504,block_4_6,-0.3185914197059973,0.27096005485227276,0.2376058654282792,-0.011507953088513748,0.5015794801553185,0.2515819749128795,-0.30663074423112946
2004-10-25,504,top_3,-0.02325404646153547,0.06483660272585391,0.06693479875306584,0.19369618285124976,0.6479145653760039,0.41979328402637583,0.08881233462460048
2004-10-25,504,top_6,-0.30263019867339175,0.27443499367098423,0.24103927565062241,-0.0018317063692304513,0.5332314603390511,0.28433579029531697,-0.3148965411035713
2004-10-25,504,flag_nested,-0.2632870000966235,0.11889046857524867,0.10745300277828752,0.022865707932161757,0.5495798742025214,0.3020380381284591,-0.26091540724856455
2004-11-12,518,market_1,0.08261198613847391,0.013672172369993053,0.02058274468761544,0.0555164588117528,0.38075521591398337,0.14497453444570418,-0.00663994258822027
2004-11-12,518,block_2_3,-0.16734466129550837,0.07799500309716934,0.07028319333309943,0.10682132800799315,0.540192538915674,0.291807979100162,0.06930337773880968
2004-11-12,518,block_4_6,-0.17868896323491318,0.18499286528904002,0.2040747103908514,-0.024286787750122815,0.6760756240555177,0.45707824944205755,-0.1501246813726128
2004-11-12,518,top_3,-0.16912339285738226,0.0791087616135944,0.07078418910879884,0.11246613537858907,0.553121189980796,0.30594305080577167,0.07627352801175326
2004-11-12,518,top_6,-0.13712073688745688,0.1861046027823443,0.20731470725392745,-0.009252091354875515,0.6928012561579906,0.47997358053408967,-0.13296715953631313
2004-11-12,518,flag_nested,-0.13605615281300243,0.08969660462612838,0.09621338002292561,0.01105468217065784,0.6617352826449593,0.43789358429720404,-0.09058151932969209
2004-12-02,532,market_1,0.4466792591216735,0.016610001577519413,0.019630940209535208,0.28638448465771704,0.5452635601251726,0.2973123500003778,0.24477644509308535
2004-12-02,532,block_2_3,0.08824381365676438,0.06300683137188633,0.07318183611133931,0.07056722723020678,0.5833409608693366,0.34028667662796097,0.09609680128739889
2004-12-02,532,block_4_6,-0.467767413525777,0.2338929078925842,0.1957510331545308,0.19882231190517424,0.7260294107377365,0.5271187052561851,-0.07660833648876338
2004-12-02,532,top_3,0.07262019651703526,0.0638489139965743,0.07384536839623616,0.07381403774882157,0.5958104675829129,0.3549901132813693,0.0942491286046902
2004-12-02,532,top_6,-0.43707313341420845,0.23989431039535056,0.2039511418235815,0.18734849383466218,0.7242504018347519,0.5245386445577997,-0.05516863274851341
2004-12-02,532,flag_nested,-0.3262792040525935,0.10595439326393838,0.09558119410511359,0.16839936367994704,0.7007367883313451,0.49103204652092836,-0.010346680311986581
2004-12-22,546,market_1,0.4533597440451657,0.01921986759415204,0.015796046349636255,0.3000792888477136,0.654780351140782,0.42873730824004586,0.38488215061256614
2004-12-22,546,block_2_3,0.09121639425709085,0.0665440880325817,0.0583661853065151,0.21390655218769386,0.7160732322428102,0.5127608739346656,0.12313567429246458
2004-12-22,546,block_4_6,-0.5374445864897162,0.23760586542827933,0.2188210048608525,0.2305782688502568,0.6029882410523381,0.36359481884739264,-0.1236740312573121
2004-12-22,546,top_3,0.0801516849844303,0.06693479875306588,0.05965602700504418,0.21141888223562225,0.7184871396006753,0.5162237697715606,0.12230115761931606
2004-12-22,546,top_6,-0.5045459848890799,0.2410392756506223,0.22488808446264347,0.22741790502116585,0.6128714402374561,0.3756114022587339,-0.10570993398989939
2004-12-22,546,flag_nested,-0.40421625671310896,0.10745300277828748,0.0993222232022365,0.22668199348040619,0.6246361480796595,0.3901703174877945,-0.06656996312525974
2005-01-11,560,market_1,0.325265282048478,0.020582744687615444,0.016802855227964444,0.33844924360191214,0.6697119624572104,0.448514112658288,0.27200467528385913
2005-01-11,560,block_2_3,0.09193431421213565,0.07028319333309943,0.060873485140652224,0.22002974943253853,0.7554086250228995,0.5706421907589878,0.15384940741778957
2005-01-11,560,block_4_6,-0.32293877415583716,0.20407471039085134,0.19848848774332042,0.3301102151399631,0.890850288045715,0.7936142357111333,-0.18282063322922293
2005-01-11,560,top_3,0.10506315482196756,0.07078418910879884,0.0629511995156612,0.22897270791896274,0.7508701164968057,0.5638059318479268,0.1639076504128671
2005-01-11,560,top_6,-0.28784837332873914,0.2073147072539274,0.20691104543112723,0.32135191566352134,0.8831805252610885,0.780007840200452,-0.15506095389691457
2005-01-11,560,flag_nested,-0.19894878390818768,0.09621338002292558,0.09348074973418749,0.3099921286442821,0.8659462476116208,0.7498629037526464,-0.0875405045351153
2005-01-31,574,market_1,0.20452737045527167,0.01963094020953522,0.01698611208826778,0.2862430306354887,0.6842985388692139,0.4682644902985412,0.11998233733929674
2005-01-31,574,block_2_3,0.029155384618873393,0.07318183611133933,0.0653948167509123,0.03632454016649633,0.7393116331426818,0.5465816909000996,0.06327183537621121
2005-01-31,574,block_4_6,-0.579552114218942,0.1957510331545309,0.7062346691734418,-0.37191525185470287,0.9436729196603084,0.8905185793002109,-0.08911466244851979
2005-01-31,574,top_3,0.042121498730367184,0.07384536839623616,0.06743052044512812,0.05477185259468085,0.734463088023185,0.5394360276685529,0.07663775531667189
2005-01-31,574,top_6,-0.5516589330580618,0.20395114182358162,0.7087385706549886,-0.3527052476571636,0.9396298411079518,0.8829042383005549,-0.08732022450717714
2005-01-31,574,flag_nested,-0.47052420878213147,0.09558119410511363,0.2924423817131417,-0.310720529457015,0.9299833604161301,0.8648690506508776,-0.08708965283624688
2005-02-18,588,market_1,0.23706784375287418,0.015796046349636265,0.016776206678223472,0.26882867479567285,0.681942120232367,0.465045055347016,0.1152739858738366
2005-02-18,588,block_2_3,-0.08669115578243751,0.05836618530651509,0.07521964576282016,0.044464922486379725,0.713097379806743,0.5085078730872422,-0.053388580232755264
2005-02-18,588,block_4_6,-0.5325689606101229,0.21882100486085246,0.33611628041411606,-0.08609279837335959,0.9219864332518474,0.8500589831004636,0.020184279972857273
2005-02-18,588,top_3,-0.07569676757756041,0.05965602700504421,0.07688684732732072,0.052733036653595376,0.7114061940567937,0.5060987729423725,-0.04542194992859849
2005-02-18,588,top_6,-0.5067397518442465,0.22488808446264347,0.3435832679594951,-0.08036450014263859,0.9182746847013087,0.8432283965632879,0.013966977785486685
2005-02-18,588,flag_nested,-0.4473057106114647,0.0993222232022365,0.14807727896195425,-0.06196380867306525,0.9087967328363296,0.825911501613987,-0.0009821969557257126
2005-03-10,602,market_1,0.16157507487067913,0.01680285522796444,0.01449657613688937,0.24698939407598178,0.7070546103862576,0.4999262220684624,0.15858823080969087
2005-03-10,602,block_2_3,-0.21563692132606765,0.060873485140652224,0.08544827597331352,-0.03960077617344176,0.6400361296736291,0.40964624728759824,-0.15977827461873517
2005-03-10,602,block_4_6,-0.3781629183080604,0.19848848774332045,0.3420773197791439,0.24694296771578117,0.5939628598278867,0.3527918788549218,0.5213901981240825
2005-03-10,602,top_3,-0.20466233751652319,0.06295119951566121,0.0863911685018068,-0.029185465669683105,0.6441463604336162,0.41492453365987403,-0.15196577070109935
2005-03-10,602,top_6,-0.35853517175377647,0.20691104543112723,0.3495329073183007,0.2306492180991934,0.5925633235124151,0.3511312923720793,0.48853353058912036
2005-03-10,602,flag_nested,-0.3278013268810869,0.09348074973418749,0.15185575700136997,0.2018192409436081,0.598069869527937,0.35768756883716346,0.4185500686658872
2005-03-30,616,market_1,0.07420020067699247,0.01698611208826778,0.01594469459687869,0.2262591548031789,0.7400448494920195,0.5476663792596661,0.11500221417749733
2005-03-30,616,block_2_3,0.06053760981933224,0.06539481675091233,0.05275357916363932,0.21675965731772404,0.7967887111931928,0.6348722502849093,0.101977310253034
2005-03-30,616,block_4_6,-0.6466487028086363,0.7062346691734419,0.33051424340595803,-0.815534639178151,0.8934075245521567,0.7981770049264127,-0.3260223398598896
2005-03-30,616,top_3,0.05619721874288336,0.06743052044512814,0.05483659916184257,0.2144753042766835,0.7939382266526016,0.630337907740278,0.09514434028340496
2005-03-30,616,top_6,-0.6358160038491882,0.7087385706549885,0.33430094274365674,-0.8062699891964293,0.8917007431343646,0.7951302153063778,-0.31218029652392515
2005-03-30,616,flag_nested,-0.6067036619805496,0.2924423817131416,0.1410062795583334,-0.7750740004212768,0.8826091935007557,0.7789989884520545,-0.3327153925828438
2005-04-19,630,market_1,0.1673141069815035,0.01677620667822349,0.015806965562204935,0.31871594353317245,0.7576196501836471,0.5739875343443918,0.15835210166093444
2005-04-19,630,block_2_3,0.11925179805604533,0.0752196457628202,0.05872187634384383,0.14683422741880994,0.7752828033072341,0.6010634251039231,-0.029735179380608396
2005-04-19,630,block_4_6,0.7882640705176938,0.33611628041411606,1.0202234182455012,-0.7923337709033396,0.8676082819044829,0.752744130829249,-0.3064780761893263
2005-04-19,630,top_3,0.11862033762452291,0.07688684732732073,0.060722470707719016,0.1531919331777712,0.7733201839361756,0.5980241068830807,-0.022798103482326457
2005-04-19,630,top_6,0.7703387055984473,0.3435832679594951,1.02123566875973,-0.7808810444737668,0.8642966783373334,0.7470087481849479,-0.29040857401248277
2005-04-19,630,flag_nested,0.730317501801132,0.14807727896195425,0.4186876100799061,-0.7341621892265224,0.8511417142335235,0.7244422177083809,-0.21460271379596302
2005-05-09,644,market_1,0.257488011290208,0.014496576136889365,0.015487988712086505,0.3735547985014513,0.8195882037953646,0.671724823800512,0.18237495664993925
2005-05-09,644,block_2_3,-0.048897594199599624,0.0854482759733135,0.05727392332825139,0.08862010192816905,0.8367766252146662,0.7001951205056458,-0.14655844101084484
2005-05-09,644,block_4_6,0.011549555854967324,0.342077319779144,0.26922551331355576,-0.5087322880897858,0.7802860830476526,0.608846371397848,-0.5381684716541093
2005-05-09,644,top_3,-0.03849602551222677,0.08639116850180681,0.05928708148895745,0.09790692584860755,0.8347116335771129,0.6967435112289722,-0.13227219242667568
2005-05-09,644,top_6,0.016963367925679942,0.3495329073183008,0.2737794469917423,-0.48711309620345333,0.780429490804254,0.6090701901169874,-0.5207047663555753
2005-05-09,644,flag_nested,0.014667550831836055,0.15185575700137,0.11791548415718148,-0.40858084440690173,0.7849536651481814,0.6161522564295636,-0.4523280318637159
2005-05-27,658,market_1,0.1733310176632396,0.015944694596878715,0.015966954831753227,0.0789321279833625,0.8427154265401963,0.710169290128825,0.08947062377645576
2005-05-27,658,block_2_3,-0.09682991581801335,0.05275357916363932,0.0635863753529584,0.06489974670710902,0.7824647040286007,0.6122510130505657,-0.07382828143165372
2005-05-27,658,block_4_6,-0.0019982512789720424,0.330514243405958,0.2782474047327731,-0.4696582375080962,0.630888794314527,0.3980206707916375,-0.011206556453160469
2005-05-27,658,top_3,-0.07492130553189237,0.054836599161842574,0.06509012819842472,0.08005434621382322,0.7811915409664799,0.6102602236775838,-0.05422120518748921
2005-05-27,658,top_6,0.0017860734086259347,0.3343009427436566,0.2830990026412348,-0.4534570233945528,0.6348599872661254,0.40304720343154476,-0.008380060171750622
2005-05-27,658,flag_nested,-0.0009742579797723097,0.14100627955833336,0.12257525358858265,-0.39683721742378275,0.660828440824358,0.43669422820235204,0.023773960226843485
2005-06-16,672,market_1,0.14319185822017363,0.015806965562204952,0.015108980808724793,0.21848426330393053,0.857727139939154,0.7356958465882011,0.2459247063580371
2005-06-16,672,block_2_3,0.01409277533718363,0.05872187634384382,0.05841267860900776,0.18485044345651663,0.7237149624676673,0.5237633468995774,0.07669560195915434
2005-06-16,672,block_4_6,0.7764073993545919,1.0202234182455014,0.4191106054832186,-0.5470933426251733,0.4320374378906968,0.18665634773915774,-0.5296066711625863
2005-06-16,672,top_3,0.01881818556466218,0.060722470707719,0.05987210824112513,0.19379167191056315,0.7294630041097998,0.532116274364894,0.08909151340685363
2005-06-16,672,top_6,0.7707149966667258,1.02123566875973,0.42222357641187486,-0.5353479033827304,0.43171972636380485,0.18638192213163862,-0.5225925925218801
2005-06-16,672,flag_nested,0.7504834861206016,0.4186876100799061,0.17645196465090193,-0.48442699370361075,0.4669435576635769,0.21803628604351843,-0.4929408824311647
2005-07-06,686,market_1,0.118181605099941,0.015487988712086502,0.020269460643231228,0.2781797745827812,0.7136953348950482,0.5093610310509549,0.1729204218182912
2005-07-06,686,block_2_3,-0.008669709575547455,0.05727392332825139,0.06354328224940692,0.10217634591289754,0.6071025025191589,0.36857344856502516,-0.00024708615524081433
2005-07-06,686,block_4_6,0.2595667109827015,0.26922551331355576,0.5613510397849705,-0.44869087337248154,0.37397242514964846,0.13985537477230947,-0.6010545835325274
2005-07-06,686,top_3,-0.0017523130020687286,0.05928708148895745,0.06646227524620785,0.1066491936385169,0.6081832115137558,0.36988681876718554,0.00685169751704864
2005-07-06,686,top_6,0.25405776494998233,0.2737794469917422,0.5647595736441071,-0.4383388084466358,0.3774073708481632,0.14243632357052316,-0.5818807616181074
2005-07-06,686,flag_nested,0.23791914639539777,0.11791548415718148,0.23461065274658915,-0.3900473865597008,0.3910239967771988,0.15289976605561495,-0.5294401698018564
2005-07-26,700,market_1,0.05044083447268974,0.01596695483175323,0.01893704777087935,0.30536734477805705,0.6327191076183453,0.40033346914535517,0.1290308687553511
2005-07-26,700,block_2_3,-0.13124409308701707,0.0635863753529584,0.06416924570989678,-0.21267525983958516,0.6931353486825748,0.4804366115933143,-0.17529931580856561
2005-07-26,700,block_4_6,0.04642080055208605,0.27824740473277304,0.2013006371475721,0.5081897708055466,0.8969518664872123,0.8045226507948939,0.228503375839814
2005-07-26,700,top_3,-0.11714854735890848,0.06509012819842473,0.0661386678461139,-0.18485312386698532,0.6916206716619606,0.47833915347014133,-0.15549571559284459
2005-07-26,700,top_6,0.05079590253920635,0.2830990026412348,0.20851185819528903,0.495911879232666,0.8898695043653211,0.791867734799382,0.20834515356895572
2005-07-26,700,flag_nested,0.029727028895739162,0.12257525358858265,0.09519936313392445,0.41789024132848385,0.8693346873723916,0.7557427986688534,0.16387960585189665
2005-08-15,714,market_1,0.18261448257860757,0.015108980808724793,0.01868075648020375,0.20261906124946624,0.6006907418184839,0.36082936730644044,0.08533070572581418
2005-08-15,714,block_2_3,0.030746399202307966,0.05841267860900776,0.09359053934929469,-0.19721816855341143,0.7122068319578944,0.5072385714875004,-0.131649845826698
2005-08-15,714,block_4_6,0.7079652959187039,0.41911060548321877,0.6680619966976937,0.7132319652229581,0.8849001607197019,0.7830482944417541,0.35052326952667484
2005-08-15,714,top_3,0.040525837150104764,0.05987210824112513,0.09533493531414555,-0.1714596782057807,0.7094563018830987,0.5033282442816427,-0.11561782542191382
2005-08-15,714,top_6,0.7049287296569482,0.42222357641187497,0.6696456175474164,0.7133782618510089,0.8707648053228725,0.7582313461889798,0.362692497755647
2005-08-15,714,flag_nested,0.6761816562817816,0.17645196465090196,0.2794925690303773,0.6593842550834622,0.8420938492900595,0.7091220510121494,0.39054720680919663
2005-09-02,728,market_1,0.04067220716405877,0.020269460643231228,0.01592537898080647,0.13021643629492496,0.7144493458792138,0.5104378678272368,0.030302747324450888
2005-09-02,728,block_2_3,0.06490022186559576,0.06354328224940695,0.09939927534860317,-0.12068590674879258,0.711257158707859,0.5058867458131764,-0.01876809752649989
2005-09-02,728,block_4_6,0.8326918491514083,0.5613510397849703,0.5293193718519836,0.6761756237113213,-0.37321153734796914,0.1392868516096346,0.6114526759576687
2005-09-02,728,top_3,0.06200271837833972,0.06646227524620787,0.10038343272635221,-0.10117141013453464,0.7134009747451959,0.5089409507673954,-0.014748779060688444
2005-09-02,728,top_6,0.8296204937601873,0.564759573644107,0.5309035183925829,0.6725563766701043,-0.33555889012112666,0.11259976873932254,0.6245844783085572
2005-09-02,728,flag_nested,0.7885165650382993,0.23461065274658915,0.22491995581671925,0.5776647345469946,-0.10609869511653307,0.011256933105431077,0.6142506931016573
2005-09-22,742,market_1,0.0077161630143608535,0.018937047770879362,0.016666088463259784,0.022725736813945786,0.6479445596681174,0.41983215240351035,0.019586291331695004
2005-09-22,742,block_2_3,0.014397781056617903,0.06416924570989677,0.11389932973520489,0.08038495708480202,0.48973833668408123,0.23984363841809064,0.12465823149516665
2005-09-22,742,block_4_6,0.14023321308419598,0.20130063714757215,0.25440762451498894,-0.25380595758234437,0.46055290503383006,0.2121089783351,0.05766571329077384
2005-09-22,742,top_3,0.012216457480685585,0.06613866784611386,0.11502530459337594,0.08405577716689588,0.49373270217068704,0.24377198119276833,0.12029786523431675
2005-09-22,742,top_6,0.13650397265537711,0.20851185819528908,0.2603311540550764,-0.2539553550219265,0.4823753653587182,0.23268599310495686,0.05140097913906991
2005-09-22,742,flag_nested,0.10538451515437731,0.09519936313392448,0.12642553947761567,-0.18615513986813034,0.484806210389858,0.23503706163257532,0.08376799180807859
2005-10-14,756,market_1,0.05268924292816766,0.01868075648020375,0.014606754322324642,0.1745491353264017,0.7016177807578946,0.492267510275633,-0.05597949311369759
2005-10-14,756,block_2_3,0.3312634345273662,0.09359053934929472,0.09364077281387069,0.20035715105009175,0.5898337443024588,0.3479038459178584,0.21685832796553464
2005-10-14,756,block_4_6,-0.8160317134002717,0.6680619966976937,0.5116410594823046,-0.7686487375334693,0.5777339198301175,0.3337764821222725,-0.8040177431435487
2005-10-14,756,top_3,0.3216909327136224,0.09533493531414557,0.09466964283369793,0.20001346765736663,0.5938400644774778,0.35264602217861507,0.21247685181744402
2005-10-14,756,top_6,-0.8092566536591405,0.6696456175474164,0.5154588313549738,-0.7606336193722826,0.5777157300349811,0.3337554647298513,-0.8037498043759446
2005-10-14,756,flag_nested,-0.7482919099008164,0.27949256903037734,0.21790771479434123,-0.7025622001549187,0.5637617326919099,0.31782729124778464,-0.74789653233149
2005-11-03,770,market_1,0.21720137876449275,0.015925378980806475,0.015627495635575903,0.18056670690649376,0.6111295513195578,0.3734793284960439,0.17138920321264398
2005-11-03,770,block_2_3,0.276065751200075,0.09939927534860317,0.09131836732407048,0.19193292321547176,0.6554989965693139,0.42967893450337735,0.19548688495375982
2005-11-03,770,block_4_6,-0.7897133470260297,0.529319371851984,1.2470666253279454,-0.6838299475805978,-0.825880451048016,0.6820785194232744,-0.16507650032689258
2005-11-03,770,top_3,0.2762008266045746,0.10038343272635218,0.09244723849509089,0.19407446269039777,0.6552929978148145,0.4294089129851265,0.19753307514935267
2005-11-03,770,top_6,-0.7899156118255598,0.530903518392583,1.2480101586418764,-0.6849055232875093,-0.8094776474368568,0.6552540616999083,-0.2079841471729255
2005-11-03,770,flag_nested,-0.7488139711503128,0.22491995581671925,0.512524414313292,-0.5799181550769913,-0.7373207847500581,0.5436419396244416,-0.19421137170766403
2005-11-23,784,market_1,0.18090865886879834,0.016666088463259787,0.016831437175002906,0.14331806434982217,0.6304303435031887,0.3974424180095484,0.12943511064778698
2005-11-23,784,block_2_3,0.24956677478814815,0.11389932973520495,0.0789992219418928,0.28653223023827984,0.7042065988090935,0.4959069338062717,0.21580797886877837
2005-11-23,784,block_4_6,0.45765228001433567,0.2544076245149889,0.5021805683664009,0.07635452996213712,0.9139720671733449,0.8353449395731175,-0.02320443633102191
2005-11-23,784,top_3,0.24894172500962694,0.11502530459337595,0.08053537729282381,0.28627544223086665,0.7019238217028714,0.4926970514739645,0.21674478698147825
2005-11-23,784,top_6,0.4251672291076622,0.2603311540550762,0.505260294957604,0.05617815682761912,0.9117391399740118,0.8312682593605507,-0.05930220418867255
2005-11-23,784,flag_nested,0.37812626197886023,0.1264255394776156,0.2121161801608953,0.08025691371109797,0.899295121399458,0.8087317153728658,0.013133243544041677
2005-12-13,798,market_1,0.24158280938154658,0.014606754322324634,0.017624181183332095,0.15419280874277816,0.6547712737219007,0.4287254208914003,0.15712818228313877
2005-12-13,798,block_2_3,0.11534799000303944,0.0936407728138707,0.07079126262206685,0.19975997164979356,0.6040235602368688,0.3648444613212224,0.1831026842780876
2005-12-13,798,block_4_6,-0.5650812972261922,0.5116410594823048,0.28738580410004594,0.729809302972411,0.8498097556755125,0.722176620841274,-0.00201124126238124
2005-12-13,798,top_3,0.11893252132288834,0.09466964283369791,0.07266333300499635,0.20199585429456327,0.6001740806462914,0.36020892707962093,0.1856890123753163
2005-12-13,798,top_6,-0.5566639148622577,0.5154588313549738,0.2936873830155003,0.7074434572269739,0.8438506022090511,0.7120838388485784,-0.022693551642887874
2005-12-13,798,flag_nested,-0.4906111010987398,0.2179077147943412,0.1282418739749103,0.6645422813324886,0.8242155401829758,0.6793312566791148,0.0029352067561072438
2006-01-02,812,market_1,0.133093143308463,0.015627495635575906,0.016890943710164665,0.25351826785686304,0.6856313920791618,0.4700904058044093,0.06375633226497751
2006-01-02,812,block_2_3,0.046505725252036785,0.09131836732407053,0.0781801858525224,0.17388257590459635,0.5990427297652784,0.35885219208463615,0.16371464207331168
2006-01-02,812,block_4_6,-0.6121956557037767,1.2470666253279445,0.24758931153524488,-0.1934075057278097,0.40854590657302625,0.16690975777757588,-0.5511294848965318
2006-01-02,812,top_3,0.04843085843247315,0.09244723849509093,0.07991410297328619,0.1716043752535352,0.5925720468084624,0.35114163065877046,0.15883285775312553
2006-01-02,812,top_6,-0.5865481260435196,1.2480101586418761,0.2589820541065751,-0.18386222843796005,0.415913591510379,0.17298411560306248,-0.5239998879800705
2006-01-02,812,flag_nested,-0.5261938297092981,0.5125244143132919,0.11658763222988867,-0.1390293660925917,0.458326281724321,0.21006298051924166,-0.4527530315720468
2006-01-20,826,market_1,0.12704837115280793,0.016831437175002906,0.017354317273474165,0.23285614605828137,0.7102880123393245,0.5045090604729483,0.030295776432993825
2006-01-20,826,block_2_3,0.18754829314794894,0.07899922194189277,0.0780776024175982,0.22083394163306183,0.6153970435891468,0.3787135212582623,0.24439390383104057
2006-01-20,826,block_4_6,0.3188306658164787,0.5021805683664007,0.2555482008875931,-0.20981884711277884,0.35500014166939964,0.12602510058529393,-0.47911443520258856
2006-01-20,826,top_3,0.18438020657129217,0.08053537729282381,0.07981403102370258,0.21321203847136722,0.6104399719556816,0.3726369593612531,0.23373211595298465
2006-01-20,826,top_6,0.3093532667792843,0.5052602949576039,0.26423824699203485,-0.20084261063523703,0.36835556943351855,0.1356858255326917,-0.4652032683542409
2006-01-20,826,flag_nested,0.2908491845440755,0.2121161801608953,0.11858150800054448,-0.14495933004028652,0.4317967428501199,0.18644842713597254,-0.3973404264179578
2006-02-09,840,market_1,0.03808377992861516,0.017624181183332106,0.018343454212976,0.1096743587922971,0.6543360875677445,0.4281557154934632,-0.1580757066620678
2006-02-09,840,block_2_3,0.19827816581499458,0.07079126262206684,0.07635731883425573,0.2144928593708847,0.7158667445923462,0.5124651960132436,0.06309726856110999
2006-02-09,840,block_4_6,0.11187590782538086,0.287385804100046,0.3085400368787606,-0.3030045757042068,0.3041882942169277,0.09253051833860426,-0.5104689850032614
2006-02-09,840,top_3,0.19682664035822606,0.0726633330049964,0.07815103601203627,0.2070297739185079,0.7129112114509724,0.508242395412493,0.05897982412027729
2006-02-09,840,top_6,0.11342936819657733,0.2936873830155003,0.31682985227126115,-0.29222336553695744,0.29960617715154747,0.08976386138736447,-0.48461122328243594
2006-02-09,840,flag_nested,0.12096022861029283,0.1282418739749103,0.1382119254529794,-0.21929252421424736,0.3917916935008114,0.15350073109623386,-0.43841411773906824
2006-03-01,854,market_1,0.12693714364726774,0.016890943710164665,0.017713367415463005,0.1844730865956718,0.6449400065445754,0.41594761204171715,-0.01747088571827962
2006-03-01,854,block_2_3,0.09905655760988372,0.07818018585252236,0.0852306938042556,0.15095066944412597,0.7611683077592549,0.5793771927370877,0.03955980364764951
2006-03-01,854,block_4_6,-0.19970744171881405,0.2475893115352449,0.25493216939209207,-0.04540699655203107,0.5927353308854121,0.35133517247983903,-0.2716896462608998
2006-03-01,854,top_3,0.1005635384484409,0.07991410297328615,0.08684906337953564,0.1476222611842361,0.7588917889861495,0.5759167473905983,0.038762879632619145
2006-03-01,854,top_6,-0.17697987815667085,0.25898205410657515,0.2659958954789876,-0.054244179162186705,0.552636325900724,0.30540690870505105,-0.23506353593210935
2006-03-01,854,flag_nested,-0.12494297475601454,0.1165876322298887,0.12091451273706065,-0.0013427398326420607,0.6090408983578735,0.3709308158725657,-0.17997238197316393
2006-03-21,868,market_1,0.13650326037427993,0.017354317273474168,0.017399465094517605,0.15378448765967292,0.5791212354285384,0.3353814053242766,-0.053632018010323065
2006-03-21,868,block_2_3,0.05169541271422929,0.07807760241759817,0.08379222968075561,0.3168215719085773,0.8191232087637467,0.6709628311354168,0.04456343369796453
2006-03-21,868,block_4_6,0.16543708896009968,0.25554820088759306,0.2631082383399925,0.49340090670884706,0.5565310740551956,0.30972683638902965,0.4193452662827777
2006-03-21,868,top_3,0.05309559801916744,0.07981403102370259,0.08523743266920401,0.306731335621532,0.8154460788514382,0.6649523075141859,0.04377860884587496
2006-03-21,868,top_6,0.15969932941526682,0.26423824699203474,0.27239547545984666,0.4485411351286629,0.5063385689318106,0.25637874638791414,0.3865768937274139
2006-03-21,868,flag_nested,0.14260841140212724,0.11858150800054446,0.12284582696787201,0.4022624501054419,0.6034221845803491,0.36411833284372097,0.3089329107425954
2006-04-10,882,market_1,0.21759454458086117,0.018343454212976,0.019179673617438015,0.080267806613499,0.6169923253088224,0.38067952948998773,0.013790214702793896
2006-04-10,882,block_2_3,0.07346854883430017,0.07635731883425571,0.08322452440770027,0.38508119155212617,0.930119331422575,0.8651219706859781,-0.0027600333712969717
2006-04-10,882,block_4_6,-0.23204229238386537,0.3085400368787605,0.2527698209836902,0.23172462264669014,0.618495113934071,0.38253620596031934,0.08290571273675977
2006-04-10,882,top_3,0.06861362002966634,0.07815103601203627,0.08454751574606151,0.3727476856512665,0.9284802024416859,0.8620754863261542,-0.01215794870426459
2006-04-10,882,top_6,-0.22546835189264847,0.3168298522712611,0.25884957308562145,0.17589480563631663,0.45843080199608977,0.21015880021877797,0.08225425748383976
2006-04-10,882,flag_nested,-0.17504340934892157,0.1382119254529794,0.11797374397487646,0.22459384909360447,0.7158904311367505,0.5124991093931626,0.04931798631614074
2006-04-28,896,market_1,0.22006506600460604,0.017713367415463005,0.021285265548976848,0.1131979532317425,0.48699843107692364,0.2371674718713852,0.10108230090891097
2006-04-28,896,block_2_3,-0.012619309369140012,0.08523069380425559,0.07238370138707695,0.5400196731456585,0.9066038634502792,0.8219305652229726,-0.04472107231370933
2006-04-28,896,block_4_6,0.08215775674897412,0.25493216939209207,0.19819287130072516,0.27496135080247347,0.7593821789587932,0.5766612937202048,0.2367494924201338
2006-04-28,896,top_3,-0.013739504934958829,0.08684906337953563,0.07367900496421254,0.5293591538134574,0.9047209009570292,0.8185199086284993,-0.04277232015848747
2006-04-28,896,top_6,0.05953419506434854,0.26599589547898767,0.20659839513875727,0.1685530585253828,0.6832939291473027,0.4668905936095591,0.21167750319235878
2006-04-28,896,flag_nested,0.051155054884535395,0.12091451273706068,0.09683186768473638,0.2799758597806528,0.7771976351980292,0.6040361641574088,0.1656691849556176
2006-05-18,910,market_1,0.3719749125278435,0.017399465094517605,0.019405001191459714,0.30459773509517735,0.48159740544530405,0.2319360609316483,0.32726037870155295
2006-05-18,910,block_2_3,0.05664332068745799,0.08379222968075561,0.07519827417600862,0.5659461297650391,0.8288505497249729,0.6869932337793898,0.09586096937768798
2006-05-18,910,block_4_6,0.13846111445595735,0.26310823833999253,0.152887093858428,0.21441376945809743,0.7934069580261084,0.6294946010442433,0.08300909465584
2006-05-18,910,top_3,0.061188178502756825,0.08523743266920397,0.07692353045025353,0.5595582921033114,0.8248705434291519,0.6804114134171044,0.10098105239582711
2006-05-18,910,top_6,0.11969357028857384,0.2723954754598467,0.16854360618919964,0.09272612373550491,0.7331035542858746,0.537440821306582,0.05036805491287667
2006-05-18,910,flag_nested,0.11366457813991744,0.12284582696787205,0.08416326463939547,0.2516611689891044,0.7611073470571007,0.5792843937442982,0.08482738044016655
2006-06-07,924,market_1,0.4485169285842501,0.01917967361743802,0.017206279471279676,0.3680381408265926,0.5641176173571185,0.31822868621267253,0.3983024081352695
2006-06-07,924,block_2_3,0.05266491685569865,0.0832245244077003,0.08400156880954332,0.16366988162973561,0.5838916283883758,0.3409294337020291,0.1287971936036251
2006-06-07,924,block_4_6,0.32112436913989306,0.2527698209836903,0.14721838233711584,0.18374129448453344,0.7431698734192466,0.5523014607579794,0.14569349633872183
2006-06-07,924,top_3,0.061261623321958836,0.08454751574606147,0.0855313677932826,0.16507215922904062,0.5829423731019346,0.3398218103577153,0.1320424907145556
2006-06-07,924,top_6,0.29626002876657803,0.2588495730856215,0.16481803249122484,0.1644641806897852,0.7145973419845406,0.5106493611713705,0.1559471557948143
2006-06-07,924,flag_nested,0.23894688061483027,0.11797374397487646,0.08521790686911672,0.16336757741279376,0.6743362721173974,0.45472940789318883,0.14555251408733572
2006-06-27,938,market_1,0.23720958612030124,0.021285265548976855,0.017515004561941928,0.1670955898308962,0.4954522489147721,0.24547293095470546,0.18541254263006496
2006-06-27,938,block_2_3,0.17496573914579305,0.07238370138707696,0.08191679216738916,0.05169126942049107,0.6062467743449536,0.367535151403661,0.15154468457457404
2006-06-27,938,block_4_6,-0.2970135347349089,0.1981928713007252,0.15348137755958446,-0.18310274688022615,0.7400422271821553,0.5476624980127245,-0.17162030049564253
2006-06-27,938,top_3,0.18524523376103766,0.07367900496421255,0.08371894442199791,0.055283966172012464,0.6017642223044832,0.3621201792457195,0.15390875617196204
2006-06-27,938,top_6,-0.21824425557313754,0.2065983951387572,0.16867422836571827,-0.17523545683569813,0.7337057926822623,0.5383241902155068,-0.17381456197064085
2006-06-27,938,flag_nested,-0.09592715165476885,0.09683186768473637,0.0859354126984007,-0.09022148911020504,0.6923842754463378,0.47939598488535007,-0.04233027578828094
2006-07-17,952,market_1,0.3397813548470746,0.019405001191459714,0.01568766902934995,0.30829494186075074,0.5309195692272685,0.2818755889884683,0.2671943459724957
2006-07-17,952,block_2_3,0.24092465654246933,0.07519827417600863,0.07962177123424116,0.2141539763587087,0.7451369093172597,0.5552290136268784,0.22340076585537702
2006-07-17,952,block_4_6,-0.09974150498417585,0.152887093858428,0.15811441857519512,0.035709649727489516,0.770386218097584,0.5934949250346985,-0.03278859957503339
2006-07-17,952,top_3,0.24904449968245457,0.07692353045025352,0.08112156168199021,0.21702388791110588,0.7406277027204391,0.548529394036955,0.22531935420870353
2006-07-17,952,top_6,-0.032080556119154,0.16854360618919972,0.17275764121825296,0.00627081623690144,0.7664783343390247,0.5874890370111256,-0.0234416446513765
2006-07-17,952,flag_nested,0.06427390734402506,0.08416326463939548,0.086103848052019,0.0813192471161661,0.753020106963782,0.5670392814917455,0.0638512080696199
2006-08-04,966,market_1,0.28611588067622234,0.01720627947127969,0.016105962090006587,0.24039397816723543,0.5932743843030246,0.351974495070133,0.20327528669488623
2006-08-04,966,block_2_3,0.16306815241285172,0.08400156880954326,0.07233983917548688,0.12938501059877103,0.7842791958257146,0.6150938570050297,0.10651568689404138
2006-08-04,966,block_4_6,0.0325248453606176,0.14721838233711584,0.1467896287012144,0.14186827062470891,0.8351930267512696,0.697547391933947,0.06909505509274938
2006-08-04,966,top_3,0.17592151542896656,0.08553136779328259,0.07368697059050314,0.13814216106669466,0.7804590265263456,0.6091162920864508,0.11823045234107304
2006-08-04,966,top_6,0.08053937690766498,0.16481803249122484,0.16101511443976174,0.13625774018183903,0.8216715207572435,0.6751440880235213,0.057582835719374316
2006-08-04,966,flag_nested,0.11818421874795959,0.0852179068691167,0.07993937123087858,0.13943455802429955,0.8070037200627594,0.6512550041951327,0.07955351216297211
2006-08-24,980,market_1,0.2738349617586935,0.01751500456194194,0.013437767225118974,0.25436785813405266,0.754633808468248,0.5694721848832924,0.18022651809788576
2006-08-24,980,block_2_3,0.1447304990960242,0.08191679216738919,0.07607784389066989,0.12673392816076234,0.7724216512701989,0.596635207350981,0.03618138022935334
2006-08-24,980,block_4_6,-0.0051638680490418065,0.15348137755958458,0.17459736074808507,0.24135889228520946,0.7926597034805837,0.6283094055219268,-0.03549250270147058
2006-08-24,980,top_3,0.14853852257569808,0.08371894442199791,0.07720238787545249,0.13032899667587786,0.7702262018451292,0.593248402008774,0.041655042699760135
2006-08-24,980,top_6,0.002067667361190824,0.16867422836571833,0.1873441462590862,0.24973353636927564,0.765964623692641,0.5867018047486094,-0.00612468984448272
2006-08-24,980,flag_nested,0.05138216790150264,0.08593541269840074,0.0895374112246462,0.21985731166354303,0.7662785956727874,0.5871828861862594,0.015023426619813148
2006-09-13,994,market_1,0.1591376047251037,0.015687669029349958,0.013368506402733703,0.2396836686831288,0.7572950871117397,0.5734958489635771,0.14870359691933044
2006-09-13,994,block_2_3,0.16739622326362408,0.07962177123424115,0.07019084044637319,0.24521254042216228,0.7693130047430181,0.5918424992667313,0.10603247568820957
2006-09-13,994,block_4_6,-0.1309276797088716,0.15811441857519506,0.19211361190191145,0.1252808642546664,0.745694926566111,0.5560609235064378,-0.23665052341147697
2006-09-13,994,top_3,0.168131838502186,0.08112156168199021,0.07140931569838567,0.24423539881779843,0.7685484658168392,0.5906667443094175,0.10663978831125265
2006-09-13,994,top_6,-0.08756746821506352,0.17275764121825304,0.20314574350457903,0.10509604304946427,0.7263108300165362,0.5275274217993097,-0.18843594790157914
2006-09-13,994,flag_nested,-0.01913409120871248,0.08610384805201902,0.09357623952486659,0.14254038813000855,0.7341145659788171,0.538924195982267,-0.1089838626389329
2006-10-03,1008,market_1,-0.07457975214247121,0.016105962090006587,0.014849498886474697,0.034647415702590875,0.6805874132659782,0.4631992270960753,-0.14379464317456228
2006-10-03,1008,block_2_3,0.1855532340592966,0.07233983917548688,0.07865423433675349,0.34189399226352507,0.696540754819135,0.48516902312401033,0.1554991262012417
2006-10-03,1008,block_4_6,-0.12464663003175329,0.14678962870121443,0.2086533260897374,-0.018676615856762637,0.6635551240201499,0.44030540261339646,-0.29796093117280786
2006-10-03,1008,top_3,0.19143789711136952,0.07368697059050314,0.07936834542879416,0.3396789642422187,0.6984816280503138,0.4878765847238169,0.15604766457270994
2006-10-03,1008,top_6,-0.06267029094228174,0.16101511443976166,0.22008733946609144,-0.02274716779873557,0.6415896938469836,0.41163733525066637,-0.24006927884738802
2006-10-03,1008,flag_nested,-0.001813516354126383,0.07993937123087855,0.10194782260920521,0.06628183454870086,0.6543492308070762,0.42817291585781203,-0.145243474215905
2006-10-23,1022,market_1,0.016182316663646425,0.01343776722511898,0.014633685518077741,0.09858420581590577,0.6793985913324825,0.46158244590456143,-0.0931312227706347
2006-10-23,1022,block_2_3,0.30609346651119357,0.07607784389066988,0.07565191740325942,0.28591636118902797,0.7713309493511683,0.5949514334269745,0.11880549786671962
2006-10-23,1022,block_4_6,-0.12722680707495118,0.17459736074808507,0.23458433455274136,-0.018007960842766808,0.70840658608311,0.5018398912059265,-0.20326247466328634
2006-10-23,1022,top_3,0.3022989318842027,0.07720238787545253,0.07661390777637032,0.2891057535356508,0.7699813873689687,0.592871336894642,0.12263231080368268
2006-10-23,1022,top_6,-0.08359392939931515,0.1873441462590861,0.24365221284255636,-0.02126948118466767,0.7001414707237359,0.4901980790271955,-0.1723883187613376
2006-10-23,1022,flag_nested,-0.003739105028898195,0.08953741122464617,0.1098412878229757,0.04982076344909817,0.7135277700444087,0.5091218786245464,-0.1088098678296234
2006-11-10,1036,market_1,0.12416365276101483,0.013368506402733706,0.012932930371921957,0.26561418846527307,0.6958649432811406,0.4842280192876649,0.2056908871744227
2006-11-10,1036,block_2_3,0.22290951072427032,0.07019084044637316,0.08793359805607358,0.3089547091823567,0.7530494663337084,0.5670834987454834,0.009421925616864314
2006-11-10,1036,block_4_6,-0.12614750889778112,0.1921136119019114,0.21338486652053945,0.14076866570761512,0.7163512758409321,0.513159150398931,0.01092041588093349
2006-11-10,1036,top_3,0.22006463006995722,0.07140931569838568,0.08884032567164027,0.3062619917248847,0.7515680992940769,0.5648546078765113,0.014785253741372477
2006-11-10,1036,top_6,-0.08295259773194069,0.20314574350457898,0.22183841349535566,0.1265050307559855,0.7133845884515213,0.5089175710401463,0.03564274372084119
2006-11-10,1036,flag_nested,-0.013879349453238883,0.09357623952486659,0.10488172128724536,0.1725146422887039,0.7220500306815777,0.5213562468072673,0.029461923968439604
2006-11-30,1050,market_1,-0.07001744871715873,0.014849498886474683,0.014849809990873718,0.16718186983209335,0.6822554258612302,0.4654724661170887,0.049420651204205156
2006-11-30,1050,block_2_3,0.05995617090056643,0.07865423433675352,0.09649527417544576,0.10552128752491476,0.6922216368934482,0.4791707945834449,-0.11297842506697543
2006-11-30,1050,block_4_6,-0.009116679561964073,0.2086533260897374,0.21275154882885136,0.01317054925837015,0.7329825627866683,0.5372634373493119,-0.037092042675867645
2006-11-30,1050,top_3,0.0649948083982715,0.07936834542879415,0.09732521237176844,0.1099690565429254,0.6918788248701954,0.47869630830376264,-0.10464743976289884
2006-11-30,1050,top_6,0.0015537303380961675,0.2200873394660915,0.22138035030618936,0.030078614840338504,0.7414499128766906,0.5497479733048523,-0.011180483626766324
2006-11-30,1050,flag_nested,0.01501918986277004,0.10194782260920522,0.10745290020027465,0.05200272454229684,0.7271507702027917,0.5287482426065133,-0.0381782617861481
2006-12-20,1064,market_1,0.032836824808835055,0.01463368551807774,0.014338053008357344,0.196716879832111,0.681070398171382,0.46385688726532515,-0.00878307667322033
2006-12-20,1064,block_2_3,0.04313302696612725,0.0756519174032594,0.09063919614699471,-0.07868251481868567,0.7499194417481337,0.5623791691118323,-0.1264955319725495
2006-12-20,1064,block_4_6,-0.10673803688744635,0.2345843345527412,0.2456632695243545,0.06401760298706752,0.5980804240188614,0.35770019359458105,0.14590562129035545
2006-12-20,1064,top_3,0.04820852815371452,0.07661390777637032,0.09160079099428525,-0.07207253673586855,0.7485040738408038,0.5602583485562793,-0.12080590649202176
2006-12-20,1064,top_6,-0.08770752470777629,0.24365221284255625,0.2548071507115177,0.08685230775358085,0.6224737046734848,0.3874735130099326,0.1513772255489325
2006-12-20,1064,flag_nested,-0.06100759118885601,0.10984128782297566,0.11757378708687746,0.05259521791519875,0.6584527863820971,0.43356007189434775,0.09506094410919727
2007-01-15,1078,market_1,0.08030881351689155,0.01293293037192194,0.013759838784161026,0.13447457342721644,0.7058410444123566,0.49821157997712595,0.06079617082936406
2007-01-15,1078,block_2_3,-0.0436133636931878,0.08793359805607359,0.08843699047081215,0.07943128247257797,0.7795691237811169,0.6077280187528582,0.0013645004850881925
2007-01-15,1078,block_4_6,-0.056903268204729684,0.2133848665205394,0.2394474655038036,0.10183579431566978,0.6017052792656458,0.3620492430961485,0.028735936768300527
2007-01-15,1078,top_3,-0.04014434491702665,0.0888403256716403,0.08944116734095643,0.08006566539259002,0.7781068185877773,0.6054502211327917,0.003991373506176408
2007-01-15,1078,top_6,-0.04317884474293995,0.22183841349535566,0.25160235014772453,0.10564531403682807,0.6277080280245295,0.3940173684464434,0.024212302041479297
2007-01-15,1078,flag_nested,-0.04065491845727012,0.10488172128724536,0.11578657551049167,0.0991335145553258,0.6730043676658365,0.4529348788972921,0.021488692043486433
2007-02-02,1092,market_1,0.04489007805105074,0.014849809990873713,0.016668761987124837,0.1113832838081783,0.5286541589808439,0.27947521980774304,0.05527373447104452
2007-02-02,1092,block_2_3,-0.24925213627845114,0.09649527417544577,0.13507226604687952,-0.01733795813548713,0.5814940610587636,0.3381353430466131,-0.12314667454448795
2007-02-02,1092,block_4_6,-0.09078528203137406,0.21275154882885142,0.3088718169329874,0.09756014096280691,0.6156679090104997,0.37904697418536093,-0.020983044342612944
2007-02-02,1092,top_3,-0.24157409329810378,0.0973252123717684,0.1358965617148407,-0.012628212689646468,0.5817808208818415,0.33846892354594915,-0.11659855034076098
2007-02-02,1092,top_6,-0.05426482135663482,0.22138035030618947,0.2993222365841644,0.10832863667146159,0.6141522950443257,0.3771830415082127,-0.007108424718124232
2007-02-02,1092,flag_nested,-0.1052568669709846,0.10745290020027465,0.14617149633374607,0.07602201432667254,0.5985711316952987,0.3582873996989907,-0.03129264842165025
2007-02-23,1106,market_1,0.11395445252807287,0.014338053008357351,0.017209689848338247,0.26120749595590714,0.6286094782129901,0.3951498760992074,0.1446347014228392
2007-02-23,1106,block_2_3,-0.1301088024118166,0.09063919614699471,0.1159737344555402,0.04213162313371864,0.7329115627366343,0.5371593587930554,-0.14430495680707753
2007-02-23,1106,block_4_6,-0.0907050843488239,0.2456632695243545,0.2356109109705903,0.0011356286168112235,0.605256493453594,0.36633542286774035,-0.14464084977014585
2007-02-23,1106,top_3,-0.12700829002624223,0.09160079099428527,0.11700200746462058,0.04514397680510983,0.7302770231391059,0.5333045305249142,-0.1381201962328076
2007-02-23,1106,top_6,-0.061307552213789446,0.2548071507115176,0.23648929443813108,0.02615247112206462,0.5834548276433928,0.34041953590038143,-0.10923222031025895
2007-02-23,1106,flag_nested,-0.0743765971266156,0.11757378708687741,0.11908202105649933,0.03612263883349252,0.6429849498610992,0.4134296457478803,-0.11483226714764445
2007-03-15,1120,market_1,0.08470184198136677,0.013759838784161036,0.014269846862959732,0.13789649294042353,0.7246583373542482,0.5251297058970233,0.14802126931542758
2007-03-15,1120,block_2_3,-0.0035675117099787813,0.08843699047081219,0.09581609675638,0.03872661909158983,0.6415232535345843,0.4115520848255986,-0.018525747071725374
2007-03-15,1120,block_4_6,0.04707717817052064,0.23944746550380355,0.23091154823809648,0.1675561345561245,0.5671886479023761,0.3217029623093255,0.11887048199608902
2007-03-15,1120,top_3,0.0017192423885607653,0.08944116734095653,0.09649796720645454,0.04328191847866908,0.6461107896043197,0.4174591524431174,-0.014257944735443537
2007-03-15,1120,top_6,0.036189037235609976,0.25160235014772453,0.24331183088712552,0.12973019000253,0.5614973260822473,0.31527924719751377,0.07727641715058442
2007-03-15,1120,flag_nested,0.029406700999502752,0.11578657551049168,0.11477959573065462,0.10642867630654584,0.5818613723494314,0.3385626566323636,0.053729179700109465
2007-04-05,1134,market_1,-0.14808245199092468,0.01666876198712484,0.015413368053114749,0.2580510403095966,0.6770397771448804,0.45838285983638916,0.016717990744618254
2007-04-05,1134,block_2_3,-0.06842524872576157,0.13507226604687958,0.0906938775004006,0.03317837101616729,0.7156781258682454,0.5121951798462843,-0.1989521600150536
2007-04-05,1134,block_4_6,-0.17957279617953678,0.3088718169329875,0.2508687559136488,-0.09671266705038574,0.3427147207647421,0.11745337982885484,-0.17857990947490554
2007-04-05,1134,top_3,-0.063553704415872,0.1358965617148407,0.09111524055565187,0.039200002191644705,0.720677575058012,0.5193761671914967,-0.19531639203170995
2007-04-05,1134,top_6,-0.15767018790362336,0.2993222365841644,0.26100028735191616,-0.08509045990399804,0.37134012281444106,0.13789348681184432,-0.15770778080518316
2007-04-05,1134,flag_nested,-0.13435772268457682,0.14617149633374604,0.11982664951869437,-0.04245919830153372,0.48752772183129267,0.23768327955401036,-0.15541851602938508
2007-04-25,1148,market_1,0.06093909353025519,0.017209689848338244,0.013738658961758486,0.2203304995388573,0.7188203209199324,0.5167026537674345,0.11188327510860792
2007-04-25,1148,block_2_3,-0.1953557280930782,0.11597373445554017,0.09517277215811905,0.05337195105032862,0.6230294818664309,0.3881657352747534,-0.18567934341602255
2007-04-25,1148,block_4_6,0.15738399175346043,0.23561091097059028,0.21583335198448717,0.18160202830976988,0.449283778298428,0.20185591344211118,0.10616227979925826
2007-04-25,1148,top_3,-0.18913958748509663,0.11700200746462056,0.09569992662906349,0.06186391972441856,0.6264213836422761,0.3924037498843038,-0.18103813299612484
2007-04-25,1148,top_6,0.20754846817905792,0.23648929443813108,0.22391045170537585,0.18059719664257426,0.4813761615788153,0.23172300893635378,0.13168778614228382
2007-04-25,1148,flag_nested,0.08890787015405759,0.11908202105649932,0.10769195791463629,0.13873536695955632,0.5306310678171161,0.2815693301327331,0.04172763541757615
2007-05-18,1162,market_1,0.17644249799663062,0.014269846862959732,0.014438437111152818,0.269464370778045,0.7345867203551807,0.5396176497221805,0.09180249120720614
2007-05-18,1162,block_2_3,0.0690237859840538,0.09581609675637999,0.0966928843426588,0.2835859563108881,0.6897356920624688,0.4757353249048927,0.11537020145172357
2007-05-18,1162,block_4_6,0.3192407827815507,0.23091154823809634,0.21747548404533534,0.22652733015993545,0.5292373289255958,0.2800921503282995,0.1367462995198127
2007-05-18,1162,top_3,0.06493990980757046,0.09649796720645455,0.09735534084568578,0.28411825770213045,0.6914282627687108,0.4780730425553572,0.11423477540331058
2007-05-18,1162,top_6,0.26248769760216834,0.24331183088712555,0.22840677248912347,0.16433632573526147,0.5246246900864395,0.2752310654482928,0.08543598611055502
2007-05-18,1162,flag_nested,0.21187526629574022,0.11477959573065465,0.10983061905993687,0.20184032037039806,0.585244012029532,0.34251055361642313,0.09626474661211978
2007-06-07,1176,market_1,0.25560919470778803,0.01541336805311475,0.014890084567336896,0.22533778981256633,0.701556501998787,0.49218152549677374,0.07880667034318484
2007-06-07,1176,block_2_3,0.21310879561293067,0.09069387750040059,0.10564652522674205,0.4646394710912254,0.6781910225504334,0.4599430630680026,0.23016809626255388
2007-06-07,1176,block_4_6,0.1823693991098841,0.2508687559136488,0.18914772674953848,0.13351968928000515,0.6503402276907597,0.4229424117528692,0.13545943562489665
2007-06-07,1176,top_3,0.20519185402330853,0.09111524055565186,0.10630932027175682,0.4581782184456211,0.679002305056507,0.4610441302720504,0.22413751149156422
2007-06-07,1176,top_6,0.16002332531182556,0.26100028735191605,0.19488598806706514,0.06801142863597352,0.6179586671593854,0.381872914317404,0.09026458615642041
2007-06-07,1176,flag_nested,0.17069839575066575,0.11982664951869434,0.10158262581817888,0.20767619030433057,0.6446515478080583,0.4155756180913255,0.13266388567937548
2007-06-27,1190,market_1,-0.038720457291126824,0.01373865896175849,0.015560168265915855,0.13843883674160498,0.660121894783774,0.4357609159729199,-0.0685787724217397
2007-06-27,1190,block_2_3,-0.03477689533337074,0.095172772158119,0.17209902064963767,0.30783043455842485,0.6146438426067495,0.37778705325439066,0.19276306506986166
2007-06-27,1190,block_4_6,0.020646476654958747,0.2158333519844871,0.23293597344659644,0.08855981215974891,0.6252554691338944,0.3909444016818463,-0.027770272732410183
2007-06-27,1190,top_3,-0.03335639373924089,0.09569992662906342,0.17273375185203324,0.30704225364069365,0.6145578719502803,0.3776813779760573,0.19187267664503807
2007-06-27,1190,top_6,0.11152567120869773,0.22391045170537588,0.20430685730124745,0.04023999900513684,0.5882236088301447,0.3460070139851589,-0.03959111152469769
2007-06-27,1190,flag_nested,0.0466805631948814,0.10769195791463627,0.1309375824689341,0.1568933069400815,0.591352892577207,0.3496982435594298,0.06644853288251043
2007-07-18,1204,market_1,-0.11947393036552384,0.014438437111152835,0.01651950667438411,0.14238446219489073,0.5304050199099953,0.28132948514572265,-0.059377275942056884
2007-07-18,1204,block_2_3,0.16978653336446523,0.09669288434265878,0.14945859007779647,0.3890190058831705,0.6679527014956691,0.4461608114353629,0.2789657053154675
2007-07-18,1204,block_4_6,-0.10043193684349151,0.21747548404533534,0.2255560843019701,0.07452770074953421,0.681030769074892,0.46380290842673866,-0.08106433774036804
2007-07-18,1204,top_3,0.170363892063524,0.09735534084568581,0.15018409267862087,0.38644036928850634,0.6670362458960485,0.4449373533390938,0.27731193959450623
2007-07-18,1204,top_6,-0.08566951303787577,0.22840677248912344,0.21123613218236678,0.023088753531766554,0.6483015401312526,0.42029488693655404,-0.107830659378951
2007-07-18,1204,flag_nested,0.008331479575606197,0.10983061905993688,0.1234021822682225,0.17129040374776902,0.6448426547596277,0.41582204939744427,0.05215791390762451
2007-08-07,1218,market_1,-0.016329765509242002,0.014890084567336898,0.017336869543382347,0.12964129092846144,0.5754101980137912,0.3310968959782702,-0.006638366582495224
2007-08-07,1218,block_2_3,0.0661594389451473,0.10564652522674203,0.14722718188116696,0.39412742652492394,0.5532525169831523,0.30608834754819314,0.2932212014516352
2007-08-07,1218,block_4_6,0.044539680025621003,0.18914772674953853,0.2223015704719821,0.0938867214595003,0.6400369625798038,0.4096473134683809,0.06751675468133002
2007-08-07,1218,top_3,0.0696002289191214,0.10630932027175684,0.14801647087088965,0.3910245723066943,0.5542621856319051,0.3072065704214565,0.2934352736196757
2007-08-07,1218,top_6,0.016531658984380564,0.19488598806706517,0.2090024364482938,-0.015875334592737607,0.6532795337788944,0.4267741492543695,-0.08039578333572556
2007-08-07,1218,flag_nested,0.03817284697402561,0.1015826258181789,0.12199943443369898,0.15756953835412812,0.6071531942687926,0.3686350013107983,0.0888727389216266
2007-08-27,1232,market_1,0.066714052792365,0.015560168265915846,0.017215443650000533,-0.010555088120030176,0.6320148720708073,0.39944279851867903,0.033564544390739935
2007-08-27,1232,block_2_3,0.6301529824083606,0.17209902064963772,0.09702141300334481,0.5649903118891041,0.6906426448466078,0.4769872628807179,0.5993976482023231
2007-08-27,1232,block_4_6,0.19872352318990985,0.23293597344659642,0.21507878082952092,0.1660377765768948,0.6526720899427705,0.4259808569902642,0.08113756352594614
2007-08-27,1232,top_3,0.6212004193410586,0.17273375185203316,0.09842514522097727,0.5580837021769349,0.6858049273356092,0.47032839835780016,0.590547760188247
2007-08-27,1232,top_6,-0.009159540672042702,0.2043068573012475,0.20675132559792797,0.015342387539026153,0.6775070562041211,0.4590158112063739,-0.1353589195880791
2007-08-27,1232,flag_nested,0.2570798187537764,0.1309375824689341,0.10319831883356065,0.24036548662395305,0.6772706691313406,0.45869555926561356,0.17720172337458773
2007-09-14,1246,market_1,0.21796917661424065,0.01651950667438412,0.017801782382119956,0.19667875959814732,0.6610572785316225,0.4369967254996353,0.13094271886901943
2007-09-14,1246,block_2_3,0.6141075499389445,0.14945859007779652,0.0987114967890301,0.5611632487107786,0.6404895990926611,0.4102269265458779,0.6329639055472698
2007-09-14,1246,block_4_6,0.3245165287754068,0.22555608430197008,0.22425731655472236,0.1697354100151352,0.4896625334732462,0.23976939668743813,0.2725028510453321
2007-09-14,1246,top_3,0.6074869262106215,0.1501840926786209,0.10014077767058187,0.5535703199726534,0.6364937233054572,0.40512425980724387,0.6224731216545439
2007-09-14,1246,top_6,0.16406637171466343,0.2112361321823667,0.21937039585817228,0.022245660848777073,0.5002648392970171,0.2502649094368703,0.1051645494459479
2007-09-14,1246,flag_nested,0.32816663000076757,0.12340218226822247,0.10807492926961304,0.24029400971869974,0.5441913922378669,0.2961442713857879,0.30854072025010487
2007-10-09,1260,market_1,0.3158297867657707,0.01733686954338234,0.018303436979859727,0.11948624401979499,0.800767359679236,0.6412283643276551,0.11367077422412102
2007-10-09,1260,block_2_3,0.634276453636925,0.14722718188116696,0.11935830847017426,0.5209872921495028,0.5642536750244268,0.3183822097785718,0.5767742922975618
2007-10-09,1260,block_4_6,0.40258873404718076,0.22230157047198204,0.22588740210019426,0.1508744563208413,0.5086444324659862,0.25871915867864537,0.24915742061582885
2007-10-09,1260,top_3,0.6271630296111504,0.14801647087088968,0.1203854438412082,0.5147995658109881,0.5583522430777847,0.3117572273499938,0.5691374828395691
2007-10-09,1260,top_6,0.22957638635546093,0.2090024364482938,0.21952004923923024,-0.012983382045400468,0.5185526185005839,0.26889681815381195,0.06141341119756981
2007-10-09,1260,flag_nested,0.3981985048143713,0.121999434433699,0.11487997869322693,0.20406020421792773,0.5425998566952339,0.29441460448568824,0.27305795090251034
2007-10-29,1274,market_1,0.22204387985852997,0.01721544365000053,0.017154629333451146,0.15512790537229232,0.8119178332943374,0.6592105680213713,0.04804175615790615
2007-10-29,1274,block_2_3,0.403867749450506,0.09702141300334484,0.09082257904096974,0.42587292347820344,0.6549691146858956,0.4289845411924257,0.27606545715213693
2007-10-29,1274,block_4_6,0.2864260237582127,0.21507878082952095,0.16466202139484334,0.04791726701411442,0.625978089218812,0.39184856818203506,0.12018577104012707
2007-10-29,1274,top_3,0.3993315464054529,0.0984251452209773,0.09189020857531195,0.41965628966903495,0.6483375773305857,0.4203416141788934,0.27530368106295117
2007-10-29,1274,top_6,0.18742189453609676,0.20675132559792808,0.17787592602314808,-0.06714744760067984,0.5826769982423086,0.33951248428066716,0.01100407208159725
2007-10-29,1274,flag_nested,0.2559459110991905,0.10319831883356068,0.09155431335918382,0.10045003524942736,0.614527857758177,0.37764448796085415,0.11444623348295231
2007-11-16,1288,market_1,0.2478862112244411,0.017801782382119952,0.01869026675047127,0.4333935791800748,0.7821779352206519,0.6118023223460423,0.28217870024514974
2007-11-16,1288,block_2_3,0.1122531451777399,0.09871149678903016,0.08410998893646209,0.261049006769006,0.5544012402357305,0.30736073517491613,0.11004041981954013
2007-11-16,1288,block_4_6,0.09081162661333529,0.22425731655472228,0.15418678044076037,0.023656018967610968,0.5720974373170284,0.327295477784711,0.09295736004154813
2007-11-16,1288,top_3,0.1172287654686046,0.10014077767058194,0.08452964407621298,0.25693597691452913,0.5555099487565882,0.30859130316754746,0.11124614850497049
2007-11-16,1288,top_6,0.07466240283530383,0.21937039585817222,0.1734525440764123,-0.005713080165212357,0.5600803487811534,0.31368999709081846,0.060982209906152426
2007-11-16,1288,flag_nested,0.09322883136632898,0.10807492926961303,0.088007824395623,0.10027092804818775,0.571199194469101,0.3262685197621499,0.10049182474936438
2007-12-07,1302,market_1,0.43399445764599054,0.018303436979859717,0.018382534651096762,0.5260546513802155,0.7523965425408307,0.5661005572273962,0.44885587919240133
2007-12-07,1302,block_2_3,-0.315930615859747,0.11935830847017434,0.10002389340329852,-0.08733228103724729,0.425281990104722,0.18086477110743293,-0.20905683760871563
2007-12-07,1302,block_4_6,0.07894827759020012,0.22588740210019428,0.18278996432406014,0.14298095203755415,0.5434097702236969,0.29529417837457117,0.16505560167237665
2007-12-07,1302,top_3,-0.31099909313892216,0.12038544384120824,0.10048380577490525,-0.08966802683774013,0.44163216886396106,0.1950389725754862,-0.2156397669534756
2007-12-07,1302,top_6,0.2378782810111003,0.21952004923923032,0.18537003549091374,0.2343394500880562,0.57047183664951,0.3254381164102651,0.282594013566851
2007-12-07,1302,flag_nested,0.04529357234776294,0.11487997869322696,0.09711123002783374,0.13811672628965935,0.5425300743940944,0.29433888162206157,0.11483859917883282
2007-12-28,1316,market_1,0.37894738885265067,0.017154629333451132,0.01689547384685124,0.48352279559306727,0.7053871894753448,0.497571087075926,0.38737162022462757
2007-12-28,1316,block_2_3,-0.16137454341167035,0.09082257904096977,0.13317020664218873,-0.176638064064853,0.4560981029776507,0.20802547953981165,-0.25448475514739816
2007-12-28,1316,block_4_6,0.028506693804472218,0.1646620213948434,0.1939316105872186,-0.11346555715468354,0.5726981759260104,0.32798320070897957,-0.012705673552848231
2007-12-28,1316,top_3,-0.1581674190236293,0.09189020857531195,0.1338231398851499,-0.17150762400149333,0.46390288558333204,0.21520588725254197,-0.25640458624288404
2007-12-28,1316,top_6,0.2123167035694254,0.17787592602314806,0.17592941045605212,0.05235648260070286,0.6316102974952502,0.39893156790203854,0.20052783053236056
2007-12-28,1316,flag_nested,0.058159116629967623,0.09155431335918379,0.10683411223318191,-0.018544815724632825,0.5608758849384017,0.31458175830543544,0.01673590187031217
2008-01-24,1330,market_1,0.2328672743383114,0.018690266750471266,0.01518710370593034,0.24966479978220968,0.6729894820196048,0.45291484290901596,0.18685653803981508
2008-01-24,1330,block_2_3,0.14969099334617608,0.08410998893646207,0.11867987033989758,0.07520953691523799,0.43984193923321957,0.19346093150843935,0.059963454581176134
2008-01-24,1330,block_4_6,0.14867978306338606,0.15418678044076034,0.201935286375291,0.03836942249868611,0.535332457441347,0.28658083999019157,0.016370947259269252
2008-01-24,1330,top_3,0.1534336149665471,0.084529644076213,0.11949551174343707,0.08598844367613045,0.44413075099580757,0.19725212398010006,0.06833480758701321
2008-01-24,1330,top_6,0.1838277579948264,0.1734525440764123,0.19248772667770567,0.08397995927380973,0.6117354744831974,0.3742202907411827,0.10012598186486321
2008-01-24,1330,flag_nested,0.17265643593048371,0.08800782439562299,0.10566753545046452,0.09152201277673691,0.5547824428561798,0.30778355890147036,0.0903954112836378
2008-02-14,1344,market_1,0.18422443253829862,0.018382534651096766,0.017923692923325952,0.16314332764366765,0.6287577567223331,0.39533631663850066,0.1523627344392497
2008-02-14,1344,block_2_3,0.5335915864209991,0.10002389340329852,0.12511493577498034,0.4374263157849008,0.44971806965343697,0.20224634217281356,0.4844125215051801
2008-02-14,1344,block_4_6,0.3434420571547083,0.18278996432406017,0.21008195282697875,0.19295833145458524,0.6075935344516842,0.3691699031074902,0.12423216092001399
2008-02-14,1344,top_3,0.532241856171067,0.10048380577490522,0.12611481225496413,0.4335872744719913,0.45516248475480714,0.2071728875281701,0.4804621799948244
2008-02-14,1344,top_6,0.20375685293379814,0.18537003549091371,0.1907926838705523,0.10762806832824548,0.6931983210008179,0.480523912238353,0.011090052908677832
2008-02-14,1344,flag_nested,0.33429990865975506,0.09711123002783371,0.10811975811324243,0.21712943281902383,0.6124193034153422,0.3750574031957331,0.1989072025145274
2008-03-05,1358,market_1,0.40839586134115385,0.016895473846851236,0.02089115363320047,0.2699675756215718,0.6230194692720156,0.38815325909198395,0.3548831905128984
2008-03-05,1358,block_2_3,0.6067957247823729,0.13317020664218873,0.12965228315191693,0.4324483653867417,0.4231431825973171,0.1790501529785864,0.518429446576192
2008-03-05,1358,block_4_6,0.47611709015308273,0.19393161058721864,0.24542827904391684,0.26888630583667794,0.5648532244233613,0.31905916514146815,0.24346428754731944
2008-03-05,1358,top_3,0.6003053525571088,0.13382313988514996,0.1310038414583107,0.4255040383683107,0.42882714907859315,0.18389272378687405,0.5123006491866301
2008-03-05,1358,top_6,0.314973368121664,0.17592941045605215,0.2310301460971081,0.159230024511486,0.6354265318612972,0.4037668773932762,0.0911768413522383
2008-03-05,1358,flag_nested,0.44141729402386803,0.10683411223318195,0.12269038481755301,0.26064985504008137,0.5713951091409601,0.32649237075020976,0.28301209278092426
2008-03-26,1372,market_1,0.33345926042342944,0.015187103705930339,0.01799752154188392,0.3372562213138508,0.7151219858402449,0.5113994546320954,0.3416828490025465
2008-03-26,1372,block_2_3,0.5709352834559314,0.11867987033989758,0.1069623891932661,0.30610050708916703,0.485185412170511,0.23540488418306849,0.29273162809472514
2008-03-26,1372,block_4_6,0.5224355365242741,0.2019352863752911,0.24086777721216443,0.2785791119041833,0.6126633351019439,0.37535636217823687,0.23741983566899405
2008-03-26,1372,top_3,0.5662567036099225,0.1194955117434371,0.10826446408638492,0.3066798192260488,0.49781347953469723,0.2478182604064424,0.29390580116295395
2008-03-26,1372,top_6,0.4442229288008882,0.19248772667770556,0.23350939738372922,0.23501521096980638,0.6295329991749429,0.39631179705019837,0.18019807577618363
2008-03-26,1372,flag_nested,0.480604228402985,0.10566753545046449,0.11540688290005359,0.2574994080638758,0.6019051887001535,0.3622898561841672,0.2206498152113126
2008-04-15,1386,market_1,0.37484438388642677,0.017923692923325952,0.015902409581684655,0.47262112598436834,0.6314476440596807,0.3987261271885213,0.44524493332187376
2008-04-15,1386,block_2_3,0.5599681642647508,0.12511493577498028,0.10281919369861141,0.2373676681622776,0.36392396720185166,0.1324406539039341,0.29658041400865237
2008-04-15,1386,block_4_6,0.4887690071378284,0.2100819528269788,0.19778212612566834,0.3899006356518601,0.5665001760242946,0.3209224494355567,0.40208268310812684
2008-04-15,1386,top_3,0.5563682320487877,0.12611481225496413,0.10394477053810618,0.24462960667300088,0.37260245385304,0.13883258861730663,0.3001821009291908
2008-04-15,1386,top_6,0.3736513163985164,0.19079268387055232,0.19386439373704112,0.2759830998155009,0.6083687767442075,0.3701125685172435,0.27570664246476867
2008-04-15,1386,flag_nested,0.4451570782924925,0.10811975811324244,0.10058972245918195,0.27124742330738755,0.5500539510599067,0.3025593490766144,0.2918414647893795
2008-05-08,1400,market_1,0.2710429431723458,0.02089115363320047,0.013254104674983941,0.3560256586708967,0.7519904859611684,0.5654896909761138,0.2385750958482477
2008-05-08,1400,block_2_3,0.2336551284721844,0.12965228315191696,0.07793399053370739,-0.07092731974338061,0.591644819404551,0.3500435923282438,0.005056218810498557
2008-05-08,1400,block_4_6,0.17280053637093964,0.2454282790439168,0.14823280099761527,0.2396519815751145,0.7597567278820617,0.5772302855620572,0.10993938508193826
2008-05-08,1400,top_3,0.2337517470412044,0.13100384145831076,0.07896383063856859,-0.057692907785239375,0.598562731018214,0.35827734296398295,0.009914378106077992
2008-05-08,1400,top_6,0.11121790072208047,0.2310301460971081,0.16234863909150007,0.18755069363561605,0.754096326578423,0.5686612697590715,0.02254779638467153
2008-05-08,1400,flag_nested,0.1575878277908849,0.12269038481755301,0.08152881030399399,0.12609824556557706,0.7199115016936379,0.5182725702707889,0.02889264669625278
2008-05-28,1414,market_1,0.26057527675370645,0.017997521541883922,0.013166036114501593,0.23652612772018397,0.7693042795778722,0.5918290745768287,0.10042095715848846
2008-05-28,1414,block_2_3,0.37420257472662527,0.10696238919326609,0.07725768718659401,0.1913138924029175,0.6193017445502077,0.3835346508029307,0.31694155502104715
2008-05-28,1414,block_4_6,0.18317551612302765,0.24086777721216443,0.16185733068374106,0.27137657381424085,0.7715094785605614,0.5952268755087896,0.138401657266488
2008-05-28,1414,top_3,0.3689721498368068,0.10826446408638496,0.07825669251920789,0.18911300056574568,0.6210890134705812,0.38575156265385957,0.3086772958327787
2008-05-28,1414,top_6,0.12849999681226568,0.2335093973837293,0.16613359627712818,0.26374512746697126,0.7737444673652649,0.5986805007783574,0.09191006377332714
2008-05-28,1414,flag_nested,0.20306504066433984,0.11540688290005363,0.0825516592826109,0.2455169523474871,0.7419427515460938,0.5504790465717886,0.15942706614265556
2008-06-17,1428,market_1,0.1945250024398875,0.015902409581684655,0.014120617091312127,0.3317777849090049,0.7596057714256073,0.5770009279830919,0.13328492573443199
2008-06-17,1428,block_2_3,0.02838199152416512,0.10281919369861138,0.07956673902610369,-0.12265484935346985,0.6279541157614597,0.39432637150175653,-0.05728323551053151
2008-06-17,1428,block_4_6,0.12056160391509337,0.1977821261256683,0.16561507614180887,0.24642448535118378,0.7282876623460961,0.5304029191255413,0.14632937411538646
2008-06-17,1428,top_3,0.030897273892284062,0.10394477053810625,0.08052779923092308,-0.11310486635885005,0.631316805865267,0.39856090936792343,-0.05322289070813117
2008-06-17,1428,top_6,0.11252440564943643,0.19386439373704123,0.17702981106203566,0.25899444536972444,0.7165245579086883,0.5134074420862411,0.11106488341390218
2008-06-17,1428,flag_nested,0.08830081767544465,0.10058972245918202,0.08708746356857618,0.1639483035575678,0.6969656181340341,0.48576107286095616,0.0743048790662444
2008-07-07,1442,market_1,0.29563996263764936,0.013254104674983948,0.012679522623647143,0.3535017476406003,0.7898955090293207,0.6239349151846898,0.20816823940725232
2008-07-07,1442,block_2_3,0.14193305515744226,0.07793399053370739,0.08144676515126568,-0.04304241940364911,0.5417641620731554,0.29350840730682826,-0.04122217010453679
2008-07-07,1442,block_4_6,0.13474697780163233,0.1482328009976153,0.16950641955288015,0.13446844292950835,0.795437962222935,0.6327215517453753,0.018503495788186903
2008-07-07,1442,top_3,0.14775485414547185,0.07896383063856859,0.08231131970063049,-0.027599464734491975,0.5526951672592141,0.3054719479116905,-0.03138442384844693
2008-07-07,1442,top_6,0.0864893925701121,0.1623486390915001,0.17677133225212097,0.11121279954217057,0.8002498042053213,0.6403997491306552,-0.010167601182439895
2008-07-07,1442,flag_nested,0.11003716362550532,0.08152881030399399,0.08733368228781113,0.08977094304271585,0.7526663854067925,0.5665066877213261,0.0021637364549776765
2008-07-28,1456,market_1,0.26377396658411645,0.013166036114501591,0.01383800382900502,0.3860328720457461,0.6886566516906891,0.4742479839178311,0.3187178831831534
2008-07-28,1456,block_2_3,0.18645515876438934,0.07725768718659401,0.07534118193120923,-0.1916921377603392,0.7680994892591418,0.5899768254001547,0.019914614145004134
2008-07-28,1456,block_4_6,-0.031837738561345766,0.16185733068374106,0.14356061389809174,0.003537681864675547,0.8031944444302288,0.6451213155635841,-0.11473839999517278
2008-07-28,1456,top_3,0.18687334097790984,0.07825669251920786,0.07639774257810211,-0.17819410459749696,0.7671227993690082,0.5884773893117431,0.022844819083196827
2008-07-28,1456,top_6,-0.031631763497451774,0.1661335962771282,0.1596552206075587,0.02827451898856592,0.7690050468679761,0.5913687621084183,-0.11318164942308166
2008-07-28,1456,flag_nested,0.0425432845381155,0.08255165928261089,0.0799082408236029,-0.015812684198009193,0.7663702845673636,0.5873234130678617,-0.06110067641996472
2008-08-15,1470,market_1,0.015239982561164926,0.014120617091312132,0.013106451684070203,0.1153050515119375,0.7798746885244178,0.6082045298010579,0.011453336234376775
2008-08-15,1470,block_2_3,0.21696044223542235,0.0795667390261037,0.08552952055398333,0.1389826660756765,0.7603952434501,0.5782009262615371,0.014226833145376332
2008-08-15,1470,block_4_6,-0.03833579424221358,0.16561507614180876,0.11957992667369735,0.07529742802068466,0.8580931151528006,0.7363237942726373,-0.17642179585648654
2008-08-15,1470,top_3,0.21548485247260893,0.0805277992309231,0.08641559231606145,0.14427957673902414,0.760623383452304,0.5785479314544304,0.016079589020138656
2008-08-15,1470,top_6,0.01296894902238901,0.1770298110620356,0.1392190306274758,0.10873720454213734,0.8244977803567778,0.6797965898132532,-0.09216739106093585
2008-08-15,1470,flag_nested,0.08316914271522545,0.08708746356857615,0.07675493701168534,0.11834781057374393,0.8007576117451874,0.6412127527678564,-0.053464045440008566
2008-09-04,1484,market_1,-0.10847480175948095,0.012679522623647153,0.01538953824395172,0.026202223433107893,0.7782997291408082,0.6057504683806556,-0.09811977713895385
2008-09-04,1484,block_2_3,0.07246767358151092,0.08144676515126566,0.08841636333508936,0.17610320421256223,0.8225997311095348,0.6766703176214792,0.15369013384396168
2008-09-04,1484,block_4_6,-0.1081708391933709,0.1695064195528801,0.10828522167754462,-0.004459993643921571,0.8883836914886148,0.7892255833029382,-0.14537474389582475
2008-09-04,1484,top_3,0.07316977357751486,0.08231131970063044,0.0890140606080293,0.1705121287671166,0.8229667583612692,0.6772742853676554,0.14367264746811834
2008-09-04,1484,top_6,0.009118134983911516,0.17677133225212105,0.12636639321643692,-0.005354759348660995,0.8521216939136493,0.726111381238267,-0.11428843678573197
2008-09-04,1484,flag_nested,0.029458667286371365,0.08733368228781116,0.07442725601839165,0.043539000165065844,0.8366277285216012,0.6999459561312138,-0.03359925651708339
2008-09-26,1498,market_1,-0.09799087151654583,0.013838003829005002,0.018843988634563255,0.1453059198392592,0.7073746146735708,0.5003788454845828,-0.07730223650142226
2008-09-26,1498,block_2_3,0.298704014677587,0.07534118193120924,0.07833067972606811,0.4242008982216293,0.8606520670104407,0.7407219804493439,0.11785484003586622
2008-09-26,1498,block_4_6,-0.16322926942154115,0.14356061389809174,0.13421745708270338,-0.06548204194872197,0.8848349480944819,0.7829328853693648,-0.29681388707378425
2008-09-26,1498,top_3,0.2967953898727839,0.07639774257810211,0.07901691080063734,0.4191508384005556,0.8607629200441406,0.7409128045229155,0.11255374856219585
2008-09-26,1498,top_6,-0.09032950374891527,0.15965522060755877,0.14764305722488438,-0.08882392980177531,0.8749875611302926,0.7656032321327373,-0.1813762711844235
2008-09-26,1498,flag_nested,0.0348246948504686,0.0799082408236029,0.077906345673956,0.08233644031665609,0.8624134953598594,0.7437570369788102,-0.10883664023925897
2008-10-17,1512,market_1,0.2038069688898067,0.013106451684070201,0.01888507155266359,0.2577819907559959,0.6813932738190055,0.46429679360578213,0.06428407053284894
2008-10-17,1512,block_2_3,0.16035817520390433,0.0855295205539834,0.07767357644929919,0.3051110441212333,0.8457109523302839,0.7152270148913952,0.021823144429990924
2008-10-17,1512,block_4_6,0.022493914024865603,0.11957992667369735,0.13834456470021647,0.11749887503799261,0.8080797404740289,0.6529928669645739,0.008262335373042249
2008-10-17,1512,top_3,0.1556229081618073,0.08641559231606151,0.07882994610472599,0.3029488520629856,0.8439082423654681,0.7121811215323738,0.018635295755952914
2008-10-17,1512,top_6,0.07680972720760627,0.1392190306274757,0.146428675946703,0.10672364613520685,0.7980979027569298,0.6369602623850098,0.0801206646827196
2008-10-17,1512,flag_nested,0.11180077555332281,0.07675493701168536,0.07746994418326365,0.1861740214218135,0.8129730167297256,0.6609251259306308,0.05638483464910549
2008-11-07,1526,market_1,0.4381733239877188,0.015389538243951735,0.015692919717401808,0.41485164829341786,0.7179006771586878,0.5153813822649025,0.3245588897794024
2008-11-07,1526,block_2_3,-0.07585848228335404,0.08841636333508933,0.1299035258886049,0.19928974388885629,0.4312292616325192,0.18595867608812777,0.038335344298416424
2008-11-07,1526,block_4_6,0.1392862754407738,0.10828522167754469,0.21546281595788672,0.1943203849809021,0.5299356806968205,0.2808318256756025,0.13687913758398632
2008-11-07,1526,top_3,-0.07481634444905443,0.08901406060802927,0.13030047406136347,0.20135496531199296,0.4380293356990579,0.19186969893295813,0.03789655549643452
2008-11-07,1526,top_6,0.29352526927489136,0.12636639321643692,0.20244266176403952,0.24420157997695172,0.6223284005595334,0.387292638142987,0.24185464132979273
2008-11-07,1526,flag_nested,0.1271579911940298,0.07442725601839163,0.1128546740716295,0.23137540995227193,0.5579514600247063,0.3113098317437013,0.13640596396609744
2008-11-28,1540,market_1,0.3805598133086138,0.01884398863456324,0.013965786293512245,0.3455992986545516,0.7127033470997327,0.507946060967162,0.282254469146628
2008-11-28,1540,block_2_3,0.34063058772122295,0.07833067972606811,0.1767781237604381,0.04870744385609115,0.05298603751270829,0.00280752017129815,0.040554693693943974
2008-11-28,1540,block_4_6,0.3573270723529793,0.13421745708270338,0.24491575522022596,0.038962081649112516,0.21743893532050274,0.047279690593313606,0.061517881648652926
2008-11-28,1540,top_3,0.33940059152989627,0.0790169108006374,0.17701541776622867,0.05049293873873228,0.06393540315417734,0.004087735776487134,0.040591184981774005
2008-11-28,1540,top_6,0.33900497157326376,0.14764305722488436,0.2092737610890668,0.1269648184324191,0.4500072083221023,0.20250648754185208,0.16929873121018554
2008-11-28,1540,flag_nested,0.32855565703145434,0.077906345673956,0.13393697675588884,0.0998196604781877,0.290480410695394,0.0843788689977647,0.09479385091517666
2008-12-18,1554,market_1,0.3596436054578203,0.01888507155266359,0.011564909376401122,0.2807580074744197,0.7839316494007647,0.6145488309322031,0.29379330864628117
2008-12-18,1554,block_2_3,0.28154644244429317,0.07767357644929919,0.1883542625784067,-0.06843356790153196,-0.012525167623969682,0.00015687982400869327,-0.06848071823690748
2008-12-18,1554,block_4_6,0.24179240935584548,0.1383445647002164,0.3423573976201781,-1.891298997923752e-05,0.29782877301678023,0.08870197803668067,-0.06715593530742692
2008-12-18,1554,top_3,0.278657295160402,0.078829946104726,0.1885895384156916,-0.06723109490774182,-0.0006015377280794538,3.618476384081859e-07,-0.07150350559521529
2008-12-18,1554,top_6,0.2083893174015422,0.146428675946703,0.31125019664311615,0.12004597853299695,0.4437651581900385,0.1969275156234298,0.02727044294770103
2008-12-18,1554,flag_nested,0.23412729773005164,0.07746994418326365,0.1677355039356963,0.054616398668675896,0.30876019754771883,0.09533285958970628,-0.027700155318388976
2009-01-14,1568,market_1,0.27005218377697576,0.015692919717401808,0.013124695943551989,0.20632251072552615,0.6251126861735136,0.39076587041506605,0.12221465649959401
2009-01-14,1568,block_2_3,0.7474497846183974,0.12990352588860488,0.13101351325345642,0.3633866841545218,0.4417529417181006,0.19514566151659551,0.45932047830150385
2009-01-14,1568,block_4_6,0.7075037944652536,0.21546281595788663,0.3251067712717724,0.4996264262126733,0.658537878006163,0.4336721367688601,0.3865521601231036
2009-01-14,1568,top_3,0.7448508805677894,0.13030047406136355,0.13162963013676546,0.35814688373660203,0.4432535947984837,0.1964737493017784,0.4542366327523718
2009-01-14,1568,top_6,0.6289629881852291,0.20244266176403958,0.3157845545992284,0.4860162678146478,0.6989157721411163,0.48848325654761304,0.3053104322329219
2009-01-14,1568,flag_nested,0.6497394387105416,0.11285467407162954,0.15022546934801065,0.4389592442828451,0.614782784570259,0.3779578722039616,0.39392390127490545
2009-02-03,1582,market_1,0.1257647591200668,0.013965786293512254,0.014234446028822128,0.16703210313066055,0.5825848769311436,0.3394051388288759,0.04703303049659165
2009-02-03,1582,block_2_3,0.7146952296575428,0.1767781237604381,0.11641588313261239,0.44685982629504445,0.5120253476298381,0.2621699566154565,0.6014164954357996
2009-02-03,1582,block_4_6,0.6458042777306772,0.24491575522022596,0.2553217825586219,0.49687171692729154,0.6555779540630867,0.4297824538535425,0.5027458881197114
2009-02-03,1582,top_3,0.7103749056306997,0.17701541776622867,0.11726138223954821,0.44109156488545637,0.5125532795087269,0.26271086433515123,0.5944581598183689
2009-02-03,1582,top_6,0.5718530671845979,0.20927376108906692,0.24878284835275877,0.45163947341202665,0.6941786533382038,0.48188400275044185,0.3535092561970994
2009-02-03,1582,flag_nested,0.6016203573086113,0.1339369767558889,0.12288821877791713,0.4248432116849675,0.6391862678537946,0.40855908501286275,0.45258837756300213
2009-02-24,1596,market_1,0.31673864743637786,0.011564909376401145,0.01504088416051506,0.18452229652833285,0.5960900388690933,0.35532333443895725,0.16098622805179588
2009-02-24,1596,block_2_3,0.5888962687279637,0.18835426257840676,0.10078079188465466,0.34501148970236656,0.6075028399438346,0.3690597005398243,0.5203462623970185
2009-02-24,1596,block_4_6,0.4681660103440591,0.3423573976201781,0.18432454296728015,0.6451546518655445,0.7562488177387717,0.5719122743312899,0.44168701006230315
2009-02-24,1596,top_3,0.5836095222843837,0.18858953841569157,0.10164587411137477,0.3395369591284101,0.6077969744307251,0.36941716212714326,0.511866225844374
2009-02-24,1596,top_6,0.36141681956932575,0.31125019664311615,0.18698044025173682,0.6003089948422623,0.7624594138540546,0.5813443577746684,0.3009078860248093
2009-02-24,1596,flag_nested,0.4459606516943351,0.1677355039356963,0.09745325517262488,0.515889492462891,0.7201238924623747,0.5185784204951619,0.3703213924600442
2009-03-16,1610,market_1,0.27135777917839116,0.013124695943551994,0.014260261277220819,0.33390956472899624,0.6217234393480887,0.3865400350348164,0.21072159529293405
2009-03-16,1610,block_2_3,0.5937943891674126,0.13101351325345634,0.09450120340112154,0.3029173530230987,0.6993776663855249,0.489129120238863,0.391124970838615
2009-03-16,1610,block_4_6,-0.11236181295591215,0.32510677127177245,0.17029923988501205,0.10770470488415465,0.6394040924310215,0.4088375934175381,-0.14768780715918398
2009-03-16,1610,top_3,0.5927199347364762,0.13162963013676543,0.0951508778673639,0.30408680310259545,0.7000984473702218,0.4901378360101949,0.3891569104780686
2009-03-16,1610,top_6,-0.21808641615320232,0.31578455459922833,0.17294498319966903,0.06948319823318233,0.6954801037148417,0.4836925746632068,-0.22486524735559962
2009-03-16,1610,flag_nested,0.03969948990530459,0.15022546934801065,0.09058833317261981,0.130786788189771,0.6953861760409794,0.4835619338288958,-0.05497911640047976
2009-04-06,1624,market_1,0.1821922977090928,0.014234446028822142,0.01381414779857184,0.23809365914261335,0.6411844066674545,0.41111744335349565,0.15818738688528872
2009-04-06,1624,block_2_3,0.4289301834373875,0.11641588313261243,0.08638364991438834,0.14760833711124902,0.8082998614572403,0.6533486660317936,0.0767529487801352
2009-04-06,1624,block_4_6,-0.1566816728938262,0.255321782558622,0.18852172664087194,0.07089161906011493,0.5995461576925198,0.35945559520386394,-0.2583377373721006
2009-04-06,1624,top_3,0.426770998512756,0.11726138223954827,0.08718604805126579,0.14861329970104514,0.8076998352931193,0.652379023932532,0.07600747127038063
2009-04-06,1624,top_6,-0.2315164462926658,0.24878284835275877,0.19062290448813488,0.054109178541388164,0.6017987207635448,0.36216170031263883,-0.23788505247114014
2009-04-06,1624,flag_nested,-0.029499423773001254,0.12288821877791713,0.09370600277952011,0.08480128721498241,0.681351280749804,0.46423956777939834,-0.17350922293650667
2009-04-24,1638,market_1,0.2549176556439584,0.015040884160515062,0.012804387938600044,0.22007055541645323,0.6890902641781756,0.4748453921851479,0.1530546628590286
2009-04-24,1638,block_2_3,0.17795591238824013,0.10078079188465461,0.07981710184949506,0.20308399390953322,0.7185264632804984,0.5162802784343818,-0.019061627228831934
2009-04-24,1638,block_4_6,-0.09620113430412812,0.18432454296728024,0.17425665225542344,-0.12273287917180851,0.730809167948745,0.5340820399579367,-0.3036724903386052
2009-04-24,1638,top_3,0.17807650058210203,0.10164587411137474,0.08077792048274733,0.20424152451806193,0.7180942531018689,0.5156593563379308,-0.017587871476159627
2009-04-24,1638,top_6,-0.15846190640579524,0.1869804402517369,0.18092450778237273,-0.12855198472114512,0.7225119079323664,0.5220234571040685,-0.2929031369821789
2009-04-24,1638,flag_nested,-0.04148946182606158,0.09745325517262488,0.08828697194775394,-0.03000559111684788,0.7203174240167074,0.5188571913420652,-0.211691099888164
2009-05-20,1652,market_1,0.2508854667007896,0.014260261277220833,0.013142482531049035,0.14047472372278114,0.7188094932528246,0.5166870875903826,0.12779561058974842
2009-05-20,1652,block_2_3,0.0842535468792413,0.09450120340112157,0.07729346396433609,0.1239700749673191,0.7327689881946742,0.5369503900598462,-0.046802813276408894
2009-05-20,1652,block_4_6,0.0502415359261528,0.17029923988501205,0.1574000491265645,0.07657878802917784,0.7172674096266621,0.514472536912542,-0.0794677924931285
2009-05-20,1652,top_3,0.08332715586693226,0.09515087786736397,0.0782644756088935,0.12499834045352273,0.7330509989821371,0.537363767108709,-0.04699237559017369
2009-05-20,1652,top_6,-0.01057686023415819,0.17294498319966897,0.1731483700330769,-0.013520395387775701,0.6747116326225111,0.4552357871961342,-0.12216489752055307
2009-05-20,1652,flag_nested,0.026138675595346293,0.09058833317261981,0.08491894509104458,0.03808405452711594,0.690941326578805,0.477399916774479,-0.08413151322763471
2009-06-09,1666,market_1,0.2809423250556327,0.013814147798571833,0.01315318608782418,0.2917970384294395,0.7000528954800738,0.4900740564700349,0.12294186657165848
2009-06-09,1666,block_2_3,0.27095029645694624,0.08638364991438832,0.07488586371912116,0.33943423428267805,0.7419280419857252,0.5504572194847717,0.1961958084410307
2009-06-09,1666,block_4_6,0.24237182681564912,0.18852172664087194,0.19120867608134723,0.1346796437115825,0.6721191651917124,0.45174417221800434,0.023172854178976073
2009-06-09,1666,top_3,0.26503179225719237,0.0871860480512658,0.07562539999602924,0.3383113834801439,0.7424114966274186,0.5511748303245633,0.1946336220036144
2009-06-09,1666,top_6,0.2054416699142546,0.19062290448813485,0.202988515118577,0.06849448426444718,0.6509992032987928,0.423799962695663,-0.03462665020788524
2009-06-09,1666,flag_nested,0.22095805531771337,0.09370600277952008,0.09458750564488701,0.16470039777866136,0.6697513094913713,0.44856681656540653,0.05669748280216297
2009-06-29,1680,market_1,0.2729827405762776,0.012804387938600038,0.012087102810783375,0.3761638220197271,0.7450459554697247,0.5550934757617952,0.16482840599569445
2009-06-29,1680,block_2_3,0.2915381393957441,0.0798171018494951,0.07534690282686674,0.36501466632391144,0.7398778241824465,0.5474191947169512,0.19922537967598974
2009-06-29,1680,block_4_6,0.35769083458296275,0.17425665225542342,0.18935862261873113,0.2215313193035007,0.6890748842592803,0.4748241961169406,0.3376204903140131
2009-06-29,1680,top_3,0.2901482839130827,0.08077792048274733,0.07624418947681104,0.3673600150389493,0.7392910373581126,0.5465512379180344,0.20041025993787348
2009-06-29,1680,top_6,0.30067296539830995,0.18092450778237273,0.19921756336340699,0.14898655161998917,0.6722732373936592,0.45195130571575104,0.2644523910450761
2009-06-29,1680,flag_nested,0.2968282016805253,0.08828697194775395,0.09326537293886684,0.21401246286974962,0.6849071456001651,0.46909779809416574,0.2666280121509281
2009-07-17,1694,market_1,0.1366829460803044,0.013142482531049039,0.011806193204562497,0.3661759693109059,0.7255244422339627,0.5263857162789027,0.19377814466440332
2009-07-17,1694,block_2_3,0.2124698717393967,0.07729346396433608,0.06730119668152242,0.38151218109237967,0.7653892453568569,0.5858206969079394,0.25289468565413187
2009-07-17,1694,block_4_6,0.07588121665629907,0.15740004912656458,0.17224414383278508,0.009751642308327809,0.6565125637581964,0.43100874637235964,-0.06944944459044264
2009-07-17,1694,top_3,0.2105322932600685,0.07826447560889353,0.06828267869961505,0.38142238916378673,0.7628930980393444,0.5820058790360683,0.24994593562106227
2009-07-17,1694,top_6,0.07004833542937948,0.17314837003307704,0.17865802474630882,-0.05785912463960359,0.6479119479711207,0.4197898923237321,-0.1048391636184665
2009-07-17,1694,flag_nested,0.10650122736670209,0.08491894509104463,0.08374570179512016,0.08441943471718208,0.6817091020446192,0.464727299810481,0.00327939837354427
2009-08-07,1708,market_1,0.15292225532670622,0.013153186087824176,0.014293135547898593,0.41750253229470347,0.7172301901404398,0.5144191456488915,0.18995168843333723
2009-08-07,1708,block_2_3,-0.060073224586760364,0.07488586371912116,0.05933067014940919,0.1282904183360577,0.7989643716106204,0.6383440671031537,-0.15104950627565614
2009-08-07,1708,block_4_6,-0.417415585468972,0.1912086760813472,0.1583770628982431,0.24780854594757173,0.5951690822359956,0.35422623644963736,0.12129241445130874
2009-08-07,1708,top_3,-0.05941036868843901,0.07562539999602923,0.06066897768698865,0.1303851262936192,0.7946194552892871,0.6314200787242434,-0.1449856922418984
2009-08-07,1708,top_6,-0.36646736541800257,0.20298851511857705,0.16527030096393083,0.2009190494665916,0.5957107160886588,0.3548712572628627,0.09805200328149219
2009-08-07,1708,flag_nested,-0.28853923668870046,0.09458750564488703,0.0773536084383706,0.18634486657028337,0.6649038804577622,0.44209717024779027,0.04433565224491364
2009-08-27,1722,market_1,0.18365132019287178,0.012087102810783375,0.01570498659433759,0.33633987346412,0.6671036792359977,0.44502731885020475,0.13094194563072684
2009-08-27,1722,block_2_3,-0.10293565325192115,0.07534690282686672,0.07212546722918342,0.159967775050526,0.769962591204572,0.592842391854459,-0.12733132258590651
2009-08-27,1722,block_4_6,-0.41524033925318343,0.1893586226187312,0.20306605902258196,0.03930983245682975,0.3989543128647325,0.15916454375337086,0.030787720823233316
2009-08-27,1722,top_3,-0.09999548310388813,0.07624418947681107,0.07299365416154933,0.1578204073052481,0.7672027369817552,0.5886000396322959,-0.12660848367199082
2009-08-27,1722,top_6,-0.35805443701471873,0.19921756336340712,0.21089741204660029,0.018837004908973852,0.4200138141497332,0.1764116040766066,0.024816411182818254
2009-08-27,1722,flag_nested,-0.2933799965487678,0.09326537293886689,0.09713714113495688,0.06903575806205778,0.5530963751276057,0.3059156001792972,0.012605079814314689
2009-09-17,1736,market_1,0.1819190571718632,0.011806193204562502,0.01514300097296914,0.3303021218563022,0.6637166852564085,0.44051983828775443,0.22492955127994932
2009-09-17,1736,block_2_3,-0.2234686816720825,0.06730119668152244,0.09552249765593644,0.02115396035449748,0.645908193462121,0.4171973943815007,-0.24371595429526544
2009-09-17,1736,block_4_6,-0.36958101765709384,0.1722441438327852,0.20120310129448238,-0.23563499253638878,0.573233938489716,0.3285971482364316,-0.26557773792126665
2009-09-17,1736,top_3,-0.21616866701198453,0.06828267869961506,0.09614652926843503,0.021263052854889768,0.646048039246149,0.4173780690137937,-0.24046170893230806
2009-09-17,1736,top_6,-0.2870666312227872,0.17865802474630887,0.2040293616514108,-0.17679730820936657,0.5841809568498864,0.3412673903460489,-0.20148470486786096
2009-09-17,1736,flag_nested,-0.2576692133361342,0.0837457017951202,0.10123582490684668,-0.10461449910081728,0.6057909576046482,0.3669826843155569,-0.1935146167739646
2009-10-09,1750,market_1,0.3048511290518492,0.0142931355478986,0.01156983140272358,0.1806312072437198,0.7196426588896616,0.5178855564937818,0.1490119088379761
2009-10-09,1750,block_2_3,0.33142125877933143,0.05933067014940921,0.08674352947075976,-0.012545940250273785,0.7594427358216514,0.576753268992275,-0.12965451900111494
2009-10-09,1750,block_4_6,0.22275772450940284,0.15837706289824321,0.15591901253911863,-0.011675865927745274,0.8168116264474923,0.6671812330997977,-0.01820377034173614
2009-10-09,1750,top_3,0.32611131815586564,0.06066897768698865,0.08740833012185961,-0.011610581274118277,0.7580159622836681,0.5745881990768351,-0.12818350418137223
2009-10-09,1750,top_6,0.20920325881657456,0.16527030096393083,0.1656567522072399,0.03699425441365228,0.7981050605032064,0.6369716876008267,0.05727936213865735
2009-10-09,1750,flag_nested,0.24003890775418113,0.0773536084383706,0.08517213735856694,0.02512984550895043,0.7836650483083577,0.6141309079401404,-0.003996356183669339
2009-10-30,1764,market_1,0.11815312714745885,0.015704986594337594,0.012873995266576406,0.08305886399527226,0.7277847995046015,0.5296707143899531,0.04406400112884145
2009-10-30,1764,block_2_3,0.356458158210845,0.0721254672291834,0.09058349232735198,0.3651674507125558,0.8306937005747378,0.6900520241745522,0.17117679744073622
2009-10-30,1764,block_4_6,-0.10630483978491186,0.2030660590225819,0.16747524149134704,0.25383043916770154,0.7391035366985338,0.5462740379602808,0.0390953448674933
2009-10-30,1764,top_3,0.34945105251573405,0.07299365416154932,0.09145608602012924,0.36098730149002106,0.8284687469531394,0.686360464678105,0.16843483199085574
2009-10-30,1764,top_6,-0.10154676866368118,0.21089741204660023,0.17968736224521722,0.1970019358119169,0.685227801137814,0.4695371394521636,0.0386911483279465
2009-10-30,1764,flag_nested,0.018057372603152617,0.09713714113495683,0.09129660272579465,0.2554252743727829,0.7451909844529072,0.555309603309893,0.08247463523920169
2009-11-20,1778,market_1,-0.020420753768246813,0.015143000972969143,0.012515917117148764,0.022657521708666153,0.6849740504654922,0.46918944981110255,-0.10115220930214903
2009-11-20,1778,block_2_3,0.16158911406812404,0.0955224976559364,0.08045233762143283,0.5409193814107829,0.8686404013339931,0.7545361468296811,0.18686660423444468
2009-11-20,1778,block_4_6,-0.1260280686859921,0.20120310129448235,0.2003668150077332,0.0848902466591348,0.7099707184142203,0.5040584210056042,0.09484152679274344
2009-11-20,1778,top_3,0.15869629696601115,0.09614652926843499,0.08136514486265442,0.5339842781552949,0.8668148483002148,0.7513679812337242,0.18121743183039588
2009-11-20,1778,top_6,-0.0910159903192024,0.20402936165141086,0.21241755373360013,-0.01861826883694934,0.6664881637002631,0.4442064723525486,0.08974332199238282
2009-11-20,1778,flag_nested,-0.02458886118365951,0.10123582490684668,0.09941636335710234,0.17969736004107675,0.7514259998262766,0.5646410332149194,0.10517952018140454
2009-12-11,1792,market_1,0.23841050595488283,0.011569831402723586,0.011460255120138261,0.17461770299465207,0.7366267078106745,0.5426189066599925,0.15936379480975843
2009-12-11,1792,block_2_3,0.06970416886509864,0.0867435294707598,0.10166640217781277,0.5589376108403059,0.7592389260553417,0.5764437468376682,0.23939782279783187
2009-12-11,1792,block_4_6,0.006814006754800908,0.15591901253911863,0.2014085055019981,-0.14573630160731263,0.8156903915574368,0.6653508148791248,0.04283606383130083
2009-12-11,1792,top_3,0.07281560160467752,0.08740833012185965,0.10227260588078857,0.5546668558938865,0.7587439531720754,0.5756923864751886,0.23728340303576118
2009-12-11,1792,top_6,0.06357243671701711,0.1656567522072398,0.20156457298188174,-0.21185631771903846,0.8019582728477889,0.6431370713890086,0.014246804688322031
2009-12-11,1792,flag_nested,0.06938685190741213,0.08517213735856691,0.10192781235853023,0.03375867483552072,0.7874734437139417,0.6201144245546943,0.05262770250253091
2010-01-05,1806,market_1,0.21798392251962767,0.012873995266576404,0.012490949567709657,0.2727965667497497,0.6902730435885231,0.4764768747049636,0.2672931755010686
2010-01-05,1806,block_2_3,0.24139311529152893,0.09058349232735201,0.07391122240708752,0.3632869732543876,0.771985895739758,0.5959622232211166,0.35936570030421644
2010-01-05,1806,block_4_6,0.1969668477634948,0.16747524149134704,0.1569517423459652,-0.0339082141524094,0.8854198470811289,0.7839683056051694,0.12973351841306394
2010-01-05,1806,top_3,0.24126841645623992,0.09145608602012924,0.07484016626474338,0.36318929819876666,0.7698650437560645,0.5926921855975271,0.3569682057717133
2010-01-05,1806,top_6,0.19407425416476773,0.17968736224521709,0.16141882504956406,-0.044265376699934085,0.8859567989877216,0.7849194496725699,0.12612725554847426
2010-01-05,1806,flag_nested,0.20918048024366545,0.09129660272579462,0.07978542157987367,0.07314294340113132,0.8583615739054725,0.7367845915574798,0.16679309308395304
2010-01-26,1820,market_1,0.05913641025657183,0.01251591711714877,0.01303038504043803,0.09812662026543321,0.7132874031486823,0.508778919490591,0.02538256146014011
2010-01-26,1820,block_2_3,0.21817919023186202,0.08045233762143279,0.06834094296192626,0.1949731278309207,0.8573703869121222,0.7350839803538424,0.13332368337566555
2010-01-26,1820,block_4_6,-0.25430500082881957,0.20036681500773323,0.1757593251671583,0.36768305263353246,0.8110644711035914,0.6578255762865481,-0.06621401691507908
2010-01-26,1820,top_3,0.21236409951692384,0.08136514486265443,0.06941317859363959,0.19284237520233885,0.8541380675639709,0.7295518384619146,0.12898884999623939
2010-01-26,1820,top_6,-0.24512518631273342,0.21241755373360022,0.1818983971342667,0.34841577784918226,0.796383718151719,0.6342270265371566,-0.11596467992112357
2010-01-26,1820,flag_nested,-0.13772700545949254,0.09941636335710237,0.0853835964054502,0.29187981984343814,0.8093353013504911,0.6550236300120902,-0.02958890680582608
2010-02-16,1834,market_1,0.1898515516287641,0.011460255120138261,0.01195386171544029,0.1136218711634921,0.738112426297851,0.5448099538553006,0.03001477967170892
2010-02-16,1834,block_2_3,0.3602613599267933,0.10166640217781277,0.07095654543784896,-0.2081811848699211,0.8923818914479619,0.7963454401842418,0.22273951689862423
2010-02-16,1834,block_4_6,-0.13977959256182196,0.2014085055019981,0.15964800618156064,-0.059655104731260976,0.802265773286707,0.6436303709873179,-0.1443555179472111
2010-02-16,1834,top_3,0.3558599190346678,0.10227260588078857,0.07189079952772334,-0.2041462576502636,0.8902467252501612,0.7925392318186356,0.22155251950885987
2010-02-16,1834,top_6,-0.1882115488980456,0.20156457298188168,0.16721547689086697,0.023766897755177742,0.7697711503358795,0.5925476238894233,-0.18403418651042203
2010-02-16,1834,flag_nested,-0.019323840426222167,0.1019278123585302,0.08078258752641963,-0.05324017616224746,0.817711960339297,0.6686528500819364,-0.06709279448701709
2010-03-08,1848,market_1,0.2664078287009975,0.012490949567709655,0.013054723470543013,0.2399230955451998,0.6439588183676113,0.4146829597534102,0.14382085261726632
2010-03-08,1848,block_2_3,0.14857400922173464,0.07391122240708752,0.06173054284150827,0.2926612618434646,0.8842956024882637,0.7819787125800812,0.0056460121668828935
2010-03-08,1848,block_4_6,-0.23797181609084792,0.15695174234596518,0.22129624058565556,-0.3003546305345975,0.7118655063920697,0.506752499190838,-0.566790852126466
2010-03-08,1848,top_3,0.14761803209991822,0.07484016626474337,0.06272331803930811,0.29312718995982684,0.8821947917587075,0.7782676506061891,0.013887258468782191
2010-03-08,1848,top_6,-0.21815677629704253,0.16141882504956406,0.22886624032777378,-0.3081696250315836,0.7007359593031257,0.49103088466047173,-0.5346560413064971
2010-03-08,1848,flag_nested,-0.1325645279892514,0.07978542157987366,0.10105340175937076,-0.177572506431863,0.7496638918519573,0.561995950746623,-0.44827195828455424
2010-03-29,1862,market_1,0.2556597401405595,0.01303038504043803,0.012546146005489176,0.30770513395759197,0.6857950409317346,0.47031483816655983,0.23356789521298832
2010-03-29,1862,block_2_3,0.29354794651670857,0.06834094296192626,0.05993831464190881,0.3616462380026007,0.843415971546382,0.7113505010595276,0.15698902866076653
2010-03-29,1862,block_4_6,0.11294006906013826,0.17575932516715823,0.1919904074631107,-0.3373820590509439,0.8409883870574179,0.7072614671654374,-0.26630162628307086
2010-03-29,1862,top_3,0.28922247905752657,0.06941317859363957,0.06098840364576546,0.3601430972765009,0.8401863482784502,0.7059130998334775,0.15719229613396443
2010-03-29,1862,top_6,0.11743431305345065,0.1818983971342667,0.19851657338049306,-0.32425570971440265,0.8399089711537217,0.7054470798245034,-0.22811920871255228
2010-03-29,1862,flag_nested,0.1517874489211513,0.08538359640545018,0.08924912263135198,-0.17634076673358726,0.8366190145806032,0.6999313755578195,-0.16153407678301626
2010-04-16,1876,market_1,0.19744957945440952,0.011953861715440292,0.01373799479744295,0.10887423717127948,0.6351154060952141,0.4033715790594886,0.10571489665951306
2010-04-16,1876,block_2_3,0.14960162574098895,0.07095654543784895,0.05823222463244594,0.2715356494275575,0.9163285205753825,0.8396579576198693,0.13137520261737362
2010-04-16,1876,block_4_6,0.10050356160942246,0.1596480061815607,0.1640921454823853,0.1528284711312962,0.8280384984547342,0.6856477549231703,0.10732589180934299
2010-04-16,1876,top_3,0.1471108261361597,0.07189079952772336,0.05937125970959389,0.26882749131906736,0.9139623282342936,0.8353271374314507,0.12609415526568285
2010-04-16,1876,top_6,0.07980798133737886,0.16721547689086702,0.16880609282519507,0.11213660265623174,0.8117954880022197,0.659011914340762,0.1005720394775549
2010-04-16,1876,flag_nested,0.09771717713600231,0.08078258752641966,0.07818544721818321,0.16602700854256247,0.8393357144528525,0.7044844415560806,0.11653101102291721
2010-05-12,1890,market_1,0.02643164976700092,0.013054723470543013,0.01292132578544334,-0.05289922020884139,0.7873021071019325,0.6198446078471429,-0.022354813225247367
2010-05-12,1890,block_2_3,0.0825745560343669,0.06173054284150829,0.07416084728673643,0.3033110696879239,0.892551910040181,0.7966489121163756,-0.15837281170390674
2010-05-12,1890,block_4_6,0.20027247587321712,0.22129624058565564,0.1308642255669194,0.2362449581062562,0.8967443566276063,0.8041504411434599,0.03193183116539734
2010-05-12,1890,top_3,0.08514604546799942,0.06272331803930814,0.07503454609113186,0.3024623129826673,0.890094607581719,0.7922684104460543,-0.15280768428938427
2010-05-12,1890,top_6,0.186380578666275,0.22886624032777386,0.13115454437281057,0.2101248246618854,0.8804244966400064,0.7751472942838088,0.10997424076803018
2010-05-12,1890,flag_nested,0.15116556468072342,0.1010534017593708,0.07007572652039279,0.23234146644819043,0.8824738283793503,0.7787600577745071,0.030411294407895043
2010-06-01,1904,market_1,0.3741510996297609,0.012546146005489174,0.012085689835635212,0.28486257162307677,0.7232649144432465,0.5231121364645969,0.1933995986451164
2010-06-01,1904,block_2_3,0.24560644201071857,0.05993831464190878,0.07880235266822935,0.1247100628996368,0.8785834198914427,0.771908825708144,-0.1673629174487486
2010-06-01,1904,block_4_6,0.19350233331286734,0.19199040746311075,0.1744991873799301,0.3502382042848007,0.850497291575182,0.7233456429767202,0.31329911890675044
2010-06-01,1904,top_3,0.24739858935179768,0.060988403645765465,0.07965188809777453,0.12471264656794173,0.8768189347190402,0.7688114442818323,-0.1596270076035444
2010-06-01,1904,top_6,0.15970483259380988,0.1985165733804932,0.16972140332250205,0.31306018519343815,0.851004919749857,0.7242093734384607,0.3178700288504215
2010-06-01,1904,flag_nested,0.180553531251559,0.08924912263135204,0.084034303207737,0.26156813740538853,0.8584474102820003,0.7369319562198728,0.20766587792897354
2010-06-21,1918,market_1,0.3210959311177797,0.01373799479744295,0.012173881718567871,0.33351528437504285,0.7703903275519616,0.5935012567856186,0.11284172159703193
2010-06-21,1918,block_2_3,0.13503986187617373,0.058232224632445956,0.08068277967751925,0.41188250412833527,0.778238391101256,0.6056549933838713,0.2074556582642553
2010-06-21,1918,block_4_6,0.014950543042619802,0.1640921454823853,0.1575493540817774,0.4869285053627889,0.867208772230696,0.7520510546338713,0.23411674157089502
2010-06-21,1918,top_3,0.13548708230774534,0.0593712597095939,0.08145229513797789,0.4085929020415529,0.7780094546792563,0.605298711570314,0.2054369898698337
2010-06-21,1918,top_6,-0.02637492508947216,0.16880609282519507,0.15710595425971122,0.39489177372974105,0.8755183883211708,0.7665324482885001,0.18010213984025134
2010-06-21,1918,flag_nested,0.02472326296486972,0.07818544721818323,0.08045749810399802,0.3967444841208243,0.8490301195759232,0.7208521439471063,0.18286031861585816
2010-07-09,1932,market_1,0.3252112091638803,0.012921325785443347,0.01312455567907868,0.2704670954278838,0.7124680493735341,0.5076107213781285,0.036476088309959034
2010-07-09,1932,block_2_3,0.41437409767099276,0.07416084728673644,0.07465425640808963,0.14601006008686673,0.815798491647404,0.6655271789741797,0.4242709565843204
2010-07-09,1932,block_4_6,0.35974543234783457,0.13086422556691948,0.1692472247886033,0.4157244344882506,0.876570019835904,0.7683749996751174,0.42721361969506116
2010-07-09,1932,top_3,0.41520300933200766,0.07503454609113185,0.07521409526350883,0.1474372556171044,0.8162912353623314,0.6663313809293614,0.4277738095447091
2010-07-09,1932,top_6,0.23889851675200088,0.13115454437281057,0.1718473371028706,0.4226128614175538,0.8728675583309777,0.7618977743866827,0.3184114693428748
2010-07-09,1932,flag_nested,0.29612011673472505,0.0700757265203928,0.08354574724126042,0.3295837777591342,0.8577577372305868,0.7357483357789362,0.3520142006918116
2010-08-02,1946,market_1,0.396119859852594,0.012085689835635221,0.013653177278775628,0.459353591732974,0.6656929877580461,0.4431471539502341,0.446665246148162
2010-08-02,1946,block_2_3,0.4254345869031382,0.07880235266822933,0.07845660844160977,-0.033768580528903774,0.8583177560464594,0.7367093703446294,0.30511625688090804
2010-08-02,1946,block_4_6,0.31974029568000867,0.17449918737993003,0.1925969650791172,0.32038423520718284,0.8168528164470815,0.6672485237375294,0.26381163625544013
2010-08-02,1946,top_3,0.42299532738947065,0.07965188809777453,0.07908210171772681,-0.029903431035590178,0.8575087130829183,0.7353211930131227,0.30501807207137605
2010-08-02,1946,top_6,0.24990870672714696,0.16972140332250205,0.1980508249036663,0.37879083879616293,0.7940305991545934,0.6304845923938025,0.2180926889261595
2010-08-02,1946,flag_nested,0.298415168749981,0.084034303207737,0.09385320307803612,0.24760290466088067,0.8122955690033902,0.6598240914225411,0.24202936077609047
2010-08-20,1960,market_1,0.23056807572335455,0.012173881718567878,0.013454941535795406,0.11127959846402959,0.6627967983919433,0.43929959595861023,0.12225690768180282
2010-08-20,1960,block_2_3,-0.22893441764692127,0.08068277967751927,0.07577158042226018,-0.1238788900300764,0.8549261473458255,0.7308987174155759,-0.03748101184790585
2010-08-20,1960,block_4_6,-0.09546500401284023,0.15754935408177737,0.27827027621568867,0.2864364381870588,0.7765002463769294,0.602952632623432,-0.010844169689648988
2010-08-20,1960,top_3,-0.22417202052439258,0.08145229513797796,0.0765770020728011,-0.11994652824866962,0.8529829642029947,0.7275799372205272,-0.033870772493224205
2010-08-20,1960,top_6,-0.07522066296054268,0.1571059542597113,0.28619027138519726,0.31993511915453204,0.7708020881459565,0.594135859090167,-0.023080549399457213
2010-08-20,1960,flag_nested,-0.09812958888216497,0.08045749810399808,0.12564444452424633,0.2253604768230841,0.7809510038409981,0.6098844704002628,0.01069926044564885
2010-09-09,1974,market_1,0.401044484492114,0.013124555679078685,0.013318079216887829,0.32936406510397653,0.6497905940480776,0.4222278161133537,0.23256990393105972
2010-09-09,1974,block_2_3,-0.3703153913359786,0.07465425640808962,0.0791455650580743,0.1829091905390184,0.8080998095899593,0.6530253022593286,-0.27673112749544043
2010-09-09,1974,block_4_6,-0.019348622191278503,0.1692472247886033,0.21952175569631935,0.4630811466342353,0.8019854476286032,0.643180658208051,-0.017593409642615587
2010-09-09,1974,top_3,-0.36112679602703585,0.07521409526350885,0.08003302527821282,0.18259914802176455,0.8055885116189963,0.6489728500525097,-0.2675688043819578
2010-09-09,1974,top_6,-0.004969638013594674,0.17184733710287067,0.22891079234104988,0.4329165667413979,0.789506639123937,0.6233207332207742,-0.0015460240210744935
2010-09-09,1974,flag_nested,-0.07825180667283305,0.08354574724126045,0.10509911871239865,0.3781728023291294,0.7914734898935318,0.6264302852042467,-0.056821874364412675
2010-10-04,1988,market_1,0.24442660072446698,0.013653177278775644,0.0134930329661021,0.24461871945567543,0.7652975610618725,0.5856803569672506,0.13980089809494192
2010-10-04,1988,block_2_3,-0.5241162541765406,0.07845660844160977,0.0855917029960502,0.22305332576895265,0.7585922808508097,0.5754622485664336,-0.38064730098701843
2010-10-04,1988,block_4_6,-0.18303079652809562,0.19259696507911717,0.1811348510250419,0.1951491198547172,0.8053579079239828,0.6486013598556943,-0.12006359227767491
2010-10-04,1988,top_3,-0.5127613159899,0.07908210171772681,0.08629125325905972,0.22109294729362164,0.7590468423425878,0.5761521088702537,-0.3704251100598067
2010-10-04,1988,top_6,-0.1382106285463522,0.1980508249036663,0.1830359385779922,0.16198128149006932,0.8048909603386581,0.6478494580348875,-0.10782058476985133
2010-10-04,1988,flag_nested,-0.22952750970864413,0.0938532030780361,0.09081747924721577,0.1801206685410644,0.7906411194064539,0.6251133796962902,-0.15973661974401424
2010-10-25,2002,market_1,0.39302655464510844,0.013454941535795408,0.01350052771629928,0.4492364901055802,0.7816622664620079,0.6109958988105229,0.2648786986960645
2010-10-25,2002,block_2_3,-0.30197165182812546,0.07577158042226019,0.0763256533249904,0.34818952468940484,0.7158391481765409,0.5124256860621155,0.024479170335833182
2010-10-25,2002,block_4_6,-0.38079579612952336,0.27827027621568856,0.19818206104100697,-0.3104161057282027,0.8481232459172884,0.7193130402652771,-0.2810481697444794
2010-10-25,2002,top_3,-0.291356536841085,0.07657700207280113,0.07720915406012599,0.34385826745570175,0.7162979687227685,0.5130827799963646,0.02428329112961637
2010-10-25,2002,top_6,-0.36120750240539307,0.2861902713851973,0.2032529712803174,-0.32062081872498116,0.8457485557388632,0.7152906195343731,-0.3178574667530128
2010-10-25,2002,flag_nested,-0.334955579544923,0.12564444452424636,0.09515589206432908,-0.20749198008143055,0.8274378412236952,0.6846533810889288,-0.24473954008474136
2010-11-15,2016,market_1,0.23410634462012236,0.01331807921688783,0.012697601981440812,0.36025754994029485,0.8269397919703558,0.6838294195439756,0.19586078956081707
2010-11-15,2016,block_2_3,-0.05111674434025496,0.07914556505807431,0.06420082353788596,0.16731386411541277,0.7905027507497949,0.6248945989429926,0.17217507803753102
2010-11-15,2016,block_4_6,0.08692102436647109,0.21952175569631932,0.21196038655774144,-0.1995702816091456,0.7491655374081244,0.5612490024400034,-0.1880449908268336
2010-11-15,2016,top_3,-0.04924780776249744,0.08003302527821281,0.06491631132568025,0.16344974141022395,0.7905894610470292,0.6250316959186322,0.16829341412719143
2010-11-15,2016,top_6,0.07617762810778198,0.22891079234104994,0.2184649335347765,-0.16818489258874522,0.7575110643526236,0.5738230126166448,-0.19715395010534242
2010-11-15,2016,flag_nested,0.05745880151705506,0.10509911871239867,0.09757267096297519,-0.09963534547524218,0.7641037901776957,0.5838546021639202,-0.12689296724934457
2010-12-06,2030,market_1,0.35016483140045235,0.0134930329661021,0.012347608430473481,0.31128231519293986,0.7626246716513425,0.581596389811318,0.07949566474673328
2010-12-06,2030,block_2_3,0.1817813705658177,0.08559170299605018,0.05617203987825883,-0.06979196477636683,0.8320752314504231,0.6923491907932754,0.31030188693746946
2010-12-06,2030,block_4_6,-0.019228252764566432,0.1811348510250419,0.189789216678669,-0.10557298888177742,0.7147224852494309,0.5108282309211236,-0.16953720098103942
2010-12-06,2030,top_3,0.17764815436112225,0.08629125325905972,0.0570372083159592,-0.06885900824100563,0.8302146150432334,0.6892563070313842,0.29817877233830903
2010-12-06,2030,top_6,-0.032729867682144,0.18303593857799225,0.195172770853967,-0.0721183114576987,0.7283047955729987,0.5304278752546276,-0.18819671807529237
2010-12-06,2030,flag_nested,0.019585668758381018,0.09081747924721581,0.08709542405840959,-0.06329123554117635,0.7501290338447666,0.5626935674168829,-0.08505922133412316
2010-12-27,2044,market_1,0.14497457738342331,0.01350052771629928,0.012186627308916191,0.42564842225417115,0.7718008923208577,0.5956766173872721,0.08403941584732938
2010-12-27,2044,block_2_3,0.16635000448350692,0.07632565332499039,0.062350797695676516,-0.13112754964991377,0.8910939518386148,0.7940484310033602,0.16496205958184298
2010-12-27,2044,block_4_6,-0.14303555861435713,0.19818206104100694,0.18145432200771705,-0.31907844840535815,0.7666588063662948,0.5877657253789916,-0.2857493096111811
2010-12-27,2044,top_3,0.1652188309755982,0.07720915406012596,0.06349316350910213,-0.1255857791823759,0.8884750952089282,0.7893879948065143,0.16271221044991882
2010-12-27,2044,top_6,-0.1684679778083644,0.20325297128031744,0.18638214333086128,-0.27242491635954263,0.7623887399521226,0.5812365908057849,-0.27396556893018364
2010-12-27,2044,flag_nested,-0.09480630801609967,0.09515589206432906,0.08533478217037431,-0.2231175498250923,0.8023363630443832,0.6437436394632879,-0.193458108915907
2011-01-19,2058,market_1,0.12477430442878934,0.012697601981440813,0.014974362762015414,0.30912191102885356,0.6446253584301662,0.41554185273122024,0.06568695436175938
2011-01-19,2058,block_2_3,-0.09788656381577894,0.06420082353788598,0.05286462216238325,0.2483870020827365,0.8830170479830952,0.7797191070287802,0.04468185193849027
2011-01-19,2058,block_4_6,0.07093842842603673,0.2119603865577415,0.15449485352422185,0.090437077211353,0.8148096610067992,0.6639147836700148,-0.2167130196951414
2011-01-19,2058,top_3,-0.09204926222513023,0.06491631132568026,0.05487129553912289,0.24190731927591924,0.8765209305636166,0.7682889417161083,0.04105138595999395
2011-01-19,2058,top_6,0.05725930675286188,0.2184649335347765,0.16285808891447448,0.10677482864373684,0.8037887360876625,0.6460763322614022,-0.20211721433903013
2011-01-19,2058,flag_nested,0.034632840506582385,0.09757267096297521,0.07515524434343555,0.13775258724664832,0.8193977069762423,0.6714126021979236,-0.15234453536683396
2011-02-08,2072,market_1,0.01706280883390665,0.012347608430473481,0.017670285424417887,0.3113288203767311,0.6289383816578588,0.39556348792240625,0.010004817176552841
2011-02-08,2072,block_2_3,-0.09909390993572834,0.05617203987825882,0.08324422979876588,0.1629405912895971,0.7832344095672247,0.6134561403301191,-0.13233830421721582
2011-02-08,2072,block_4_6,0.13409567895208083,0.18978921667866905,0.253741402433345,0.13788679910514912,0.6610639233082634,0.4370055106997135,-0.16326827709775651
2011-02-08,2072,top_3,-0.09325093679307511,0.057037208315959216,0.0850442131346199,0.1619685869443031,0.7784597607897462,0.6059995991688292,-0.12717673091252735
2011-02-08,2072,top_6,0.12490420467946177,0.19517277085396703,0.2652903361633003,0.12992177341384775,0.6426150822105776,0.4129541438845076,-0.16234570977696092
2011-02-08,2072,flag_nested,0.08889779118733816,0.0870954240584096,0.12022023731392076,0.14028976083559996,0.6759204089304895,0.4568683992087603,-0.15084450224338272
2011-03-01,2086,market_1,0.14943969111057448,0.012186627308916186,0.01561664229479454,0.3161663061382992,0.706782962364469,0.49954215588869455,0.17168971434072744
2011-03-01,2086,block_2_3,-0.24692407202657976,0.06235079769567655,0.10292382239463066,0.1076501714267354,0.6256383687631786,0.3914233684686509,-0.14300769111679948
2011-03-01,2086,block_4_6,0.06988321675522688,0.181454322007717,0.2779808469369935,0.3565788356161731,0.7039326275488748,0.49552114412786297,0.059459917430858496
2011-03-01,2086,top_3,-0.2356116958084468,0.06349316350910215,0.10392675511354312,0.10918739457035304,0.6271460601273514,0.39331218073325924,-0.14030200642018764
2011-03-01,2086,top_6,0.09178436246999701,0.18638214333086126,0.28491748506864617,0.3514581292277865,0.7051970294518195,0.4973028503476705,0.06225249559839292
2011-03-01,2086,flag_nested,0.028676092527599617,0.08533478217037431,0.13180970579721127,0.2880283710106983,0.6896850017589916,0.4756654016513,0.008795638029595498
2011-03-22,2100,market_1,0.029564973227025414,0.014974362762015405,0.013509093526675056,0.2753677572644247,0.7878381637545385,0.620688972268123,0.07577786370944989
2011-03-22,2100,block_2_3,0.16831890923868983,0.05286462216238327,0.09610041856323849,0.1088070304235027,0.7560986597468247,0.5716851832709445,0.09626528180022557
2011-03-22,2100,block_4_6,0.258810505611026,0.1544948535242218,0.24403615985896693,0.44522727084043423,0.7581896935252416,0.5748516113679,0.26873866709305494
2011-03-22,2100,top_3,0.16332968949713417,0.054871295539122865,0.09696536209063512,0.10970423803129883,0.7559076105253248,0.5713963156501061,0.09670066613644993
2011-03-22,2100,top_6,0.2519941168231166,0.16285808891447445,0.2530833064583134,0.4656832191373062,0.7589261995452716,0.5759689763562295,0.25242377102082514
2011-03-22,2100,flag_nested,0.227979680634598,0.07515524434343553,0.11828686637864977,0.3782654906774485,0.758625853814783,0.5755131860762084,0.20565658604310322
2011-04-11,2114,market_1,0.16691085829657995,0.01767028542441787,0.010131266773074112,0.3045989074440282,0.8639821678143434,0.7464651863011724,0.07199740796596661
2011-04-11,2114,block_2_3,0.22709943407635866,0.0832442297987659,0.07259547481799943,0.04961874158352359,0.8750122980748445,0.7656465217822207,0.3226169516919106
2011-04-11,2114,block_4_6,-0.14428718945484542,0.25374140243334503,0.19798125464876176,0.2726405260682624,0.8682543915077392,0.7538656883724745,-0.0014680365467114637
2011-04-11,2114,top_3,0.22555974714893054,0.08504421313461993,0.07325679216641032,0.0517081960343348,0.8743915514010376,0.7645605851615134,0.3171753042665935
2011-04-11,2114,top_6,-0.13220963094276963,0.2652903361633003,0.20571607547213072,0.31421149373927726,0.8639346761219113,0.7463831246058716,-0.015487860085521332
2011-04-11,2114,flag_nested,-0.061939147577166544,0.12022023731392076,0.09457631336936663,0.25607184201899913,0.8660602485646691,0.7500603541438964,0.06380086049641044
2011-05-02,2128,market_1,0.18186871958036316,0.01561664229479454,0.010485110674166877,0.5018408774556122,0.8166426709622585,0.6669052520363716,0.18224230305061978
2011-05-02,2128,block_2_3,0.3217062832941586,0.10292382239463077,0.06320520315259302,0.33245224332777196,0.890463717033103,0.7929256313524106,0.3138164710705767
2011-05-02,2128,block_4_6,-0.13621888472833865,0.2779808469369936,0.24174503852577695,0.23406733867396706,0.7295292269235989,0.5322128929357439,-0.010558933653487838
2011-05-02,2128,top_3,0.32129744555798806,0.10392675511354313,0.0635901497964467,0.3348852457651019,0.8903553931686563,0.7927327261445124,0.3143694550749183
2011-05-02,2128,top_6,-0.11990262349791218,0.2849174850686461,0.24667704930496281,0.25033124523629147,0.7209058385655869,0.5197052280779517,-0.006093253662013479
2011-05-02,2128,flag_nested,-0.0469811278805697,0.13180970579721124,0.10770067024796805,0.2705763009104083,0.7641475929580125,0.5839215438235239,0.04293802998592026
2011-05-25,2142,market_1,0.15369930847533442,0.013509093526675056,0.009744943726383824,0.5227503423325027,0.788241624796822,0.6213248590623338,0.24018492051448612
2011-05-25,2142,block_2_3,0.3428823041564518,0.09610041856323855,0.058545028971515846,0.48853528794282325,0.8062066070896227,0.6499690933149609,0.3002380738741278
2011-05-25,2142,block_4_6,-0.30235739319369315,0.24403615985896698,0.24047094132352814,-0.11338137363706999,0.7062481538762858,0.4987864548536619,-0.1623172667117623
2011-05-25,2142,top_3,0.3443360015346546,0.09696536209063515,0.05901344703212928,0.4897111393653132,0.807519794354466,0.6520882182742791,0.3006569890749167
2011-05-25,2142,top_6,-0.28772852909965335,0.25308330645831334,0.24465727238702473,-0.09875436314108374,0.7046403321011965,0.4965179976236844,-0.1597020648351218
2011-05-25,2142,flag_nested,-0.18285202643583848,0.11828686637864975,0.1059812391907714,0.01265447322419603,0.7206718905228985,0.5193679737898484,-0.09106152479834398
2011-06-14,2156,market_1,0.255321359674381,0.010131266773074112,0.010798293600316155,0.3902597402042753,0.706533993936674,0.4991902845881082,0.15557059835110124
2011-06-14,2156,block_2_3,0.17244101279475363,0.07259547481799941,0.0669800311309814,0.39537823082366064,0.7046819251460464,0.49657661562753797,0.2784068762374724
2011-06-14,2156,block_4_6,0.03983325010577425,0.19798125464876176,0.16449360250125353,0.35859054300087395,0.8452012716954329,0.7143651896755772,0.10247569769192397
2011-06-14,2156,top_3,0.17205795704895718,0.0732567921664103,0.06738118381080606,0.39343537634744213,0.7070226176843869,0.4998809819172826,0.27521037955440514
2011-06-14,2156,top_6,0.019496431021195616,0.20571607547213083,0.16668666821398329,0.3435615413957704,0.848154013090432,0.7193652299214045,0.05722903324077423
2011-06-14,2156,flag_nested,0.05645269835823952,0.09457631336936667,0.07912491399873324,0.35203693642041345,0.8266309709062079,0.6833187620613398,0.10863729003743464
2011-07-04,2170,market_1,-0.1886895506873107,0.01048511067416688,0.01076616879002816,0.252518924902162,0.7275961263365556,0.5293961230599606,-0.07727659009725571
2011-07-04,2170,block_2_3,0.12762863577134004,0.06320520315259305,0.073303676163575,0.16056403031715227,0.727148527193095,0.5287449805990869,0.3360175624208601
2011-07-04,2170,block_4_6,-0.04405741840755784,0.24174503852577706,0.18492537978215723,0.18871253130085583,0.8241325922634536,0.6791945296308801,-0.004624773425845666
2011-07-04,2170,top_3,0.12768691237294869,0.06359014979644675,0.0739679566531147,0.16037943186906758,0.7265194108361823,0.5278304543217535,0.3332956832358092
2011-07-04,2170,top_6,-0.047806130267692565,0.24667704930496284,0.18646297782691948,0.19159145120028895,0.828921815949454,0.6871113769569405,-0.06609623732206867
2011-07-04,2170,flag_nested,-0.01980466562806305,0.10770067024796806,0.08794545815963496,0.18557617124342196,0.8104645264361113,0.65685274861131,0.038557627636416514
2011-07-25,2184,market_1,-0.07377531020996188,0.009744943726383825,0.0130317514947254,0.19445890365212426,0.7300517952633894,0.5329756237672979,-0.04071523567856543
2011-07-25,2184,block_2_3,0.06897290013601051,0.05854502897151586,0.07038074539825752,0.20458762863207278,0.7311672346479751,0.534605525022767,0.1921366444772553
2011-07-25,2184,block_4_6,-0.2067914740145955,0.24047094132352811,0.184212564132918,0.013647348418312418,0.8140588770444203,0.6626918552948224,-0.3129115916377375
2011-07-25,2184,top_3,0.08008004049156832,0.05901344703212927,0.07082704907971782,0.20715490230044886,0.7349684685023987,0.5401786496927614,0.19309574421352027
2011-07-25,2184,top_6,-0.20922370303118057,0.24465727238702478,0.1878649095821442,0.005673810920627433,0.8169688023081378,0.6674380239447928,-0.3293436349239029
2011-07-25,2184,flag_nested,-0.16109862833327301,0.1059812391907714,0.08788735716539893,0.03894138975178733,0.8024135222959504,0.6438674607633932,-0.23096088104296886
2011-08-12,2198,market_1,-0.23661318532587847,0.010798293600316165,0.01724481255592763,0.07842806604271559,0.6130284298665145,0.37580385582460374,-0.14574272283289144
2011-08-12,2198,block_2_3,-0.008706153909688987,0.06698003113098144,0.07988348036756622,0.07125862056428382,0.7790823985197234,0.6069693836832448,-0.0025467277971131636
2011-08-12,2198,block_4_6,0.1542063741578097,0.1644936025012535,0.21421528745379126,0.2774180017184439,0.6161416021977888,0.3796304739588583,0.3289102256077335
2011-08-12,2198,top_3,0.008856463654822634,0.06738118381080604,0.0795615922317467,0.08300749365538618,0.7831348164457145,0.6133001407294632,0.011500299897326096
2011-08-12,2198,top_6,0.13137021398685875,0.1666866682139833,0.22016608619228073,0.245787450486885,0.6215557985069674,0.386331610657634,0.297614012562069
2011-08-12,2198,flag_nested,0.09568383956519953,0.07912491399873325,0.10240239319034715,0.20047744424599043,0.6574943927669438,0.4322988765199721,0.23331869755371895
2011-09-01,2212,market_1,0.38028886016227553,0.010766168790028167,0.014713369304055944,0.30249825434438476,0.6514369290696785,0.42437007255573334,0.194052206669931
2011-09-01,2212,block_2_3,0.08571151630689797,0.07330367616357504,0.08032184559568402,0.2590283509833094,0.7602492086538666,0.57797885925883,0.21142872461840964
2011-09-01,2212,block_4_6,-0.2327805230636916,0.18492537978215728,0.21680185685043113,0.11494121415195512,0.7701295438431675,0.5930995143000853,0.0897471969194179
2011-09-01,2212,top_3,0.08687177652542133,0.07396795665311476,0.08080760408280013,0.2595718433619879,0.7623175450752429,0.5811280395295448,0.2155542138961411
2011-09-01,2212,top_6,-0.2427420493071337,0.1864629778269195,0.22289960256201907,0.09441537120329349,0.773094219636333,0.5976746724351103,0.05928448661623362
2011-09-01,2212,flag_nested,-0.1593848809989663,0.08794545815963499,0.10331414068685243,0.12847608530959304,0.7650325534721252,0.5852748078720799,0.09488539592165769
2011-09-22,2226,market_1,0.287253013543112,0.013031751494725404,0.013405073191529263,0.2625004925431811,0.6117783638659696,0.3742727664945228,0.25495959564995974
2011-09-22,2226,block_2_3,0.19250834903614716,0.07038074539825752,0.09896910612757491,0.2804380753553868,0.734805368113221,0.5399389290080061,0.2510237281965988
2011-09-22,2226,block_4_6,-0.32578433986521804,0.18421256413291803,0.21409349126821894,0.2443326103302052,0.7357432324333674,0.5413181040714997,-0.06956044694136009
2011-09-22,2226,top_3,0.19139181656206639,0.07082704907971787,0.09967580527026813,0.27874686325222836,0.7334546195700866,0.5379556789687003,0.25375133727433596
2011-09-22,2226,top_6,-0.29552271351556153,0.1878649095821442,0.22620778514155745,0.22256091362161526,0.7430007788053631,0.552050157305376,-0.07386567703027948
2011-09-22,2226,flag_nested,-0.16527832698744085,0.08788735716539894,0.10963474988556578,0.23313525953878728,0.734993251414973,0.5402150796255535,-0.0031441959240712998
2011-10-14,2240,market_1,0.40402181916119617,0.017244812555927646,0.01226260164986384,0.3549320335286443,0.7269861528148577,0.5285088663845476,0.4118341568651856
2011-10-14,2240,block_2_3,0.41216245516675,0.07988348036756625,0.07727035880287939,0.29125112170260264,0.7004628397655581,0.49064818989242986,0.2682015264786318
2011-10-14,2240,block_4_6,0.0982430655869926,0.2142152874537912,0.15414076749332334,0.15577314183916927,0.7956341390798998,0.6330336832694132,0.005267949340335235
2011-10-14,2240,top_3,0.4129110699881065,0.07956159223174669,0.07815046413013728,0.29107904253882255,0.6990519888254081,0.48867368308075865,0.27164273317072807
2011-10-14,2240,top_6,0.11965381034974047,0.22016608619228084,0.16570016706691362,0.16158091246277329,0.7969895950536857,0.635192414623838,0.03586401371690697
2011-10-14,2240,flag_nested,0.1981693885454237,0.10240239319034719,0.08223316833741144,0.20082806127470612,0.7730623096946143,0.5976253346703717,0.11879376508109697
2011-11-04,2254,market_1,0.45856479136576694,0.014713369304055944,0.011652351440471774,0.35094301129076394,0.7736455491743507,0.5985274357572823,0.42251602122128384
2011-11-04,2254,block_2_3,0.2865120602603974,0.08032184559568403,0.08442082813472798,0.16644951752762188,0.6696060978076102,0.448372326221135,0.032208939439619694
2011-11-04,2254,block_4_6,0.13661777141447273,0.21680185685043113,0.2652261393542985,-0.14963766993872124,0.5586907613715059,0.31213536684187304,-0.04899479550849762
2011-11-04,2254,top_3,0.28716286809655606,0.08080760408280013,0.08512286069280096,0.167336084499265,0.666124700571504,0.44372211671147566,0.03924152525438133
2011-11-04,2254,top_6,0.13955186680887763,0.22289960256201907,0.2650672958047887,-0.11512851808593355,0.5683105634376919,0.3229768965148666,-0.009490903977289446
2011-11-04,2254,flag_nested,0.1711198583222683,0.10331414068685243,0.11942022294881562,-0.049058270747229904,0.5922301537702409,0.350736555034723,0.001615928905006065
2011-11-25,2268,market_1,0.32391342636972636,0.01340507319152926,0.011489294693604183,0.4392939594316994,0.7139178602055161,0.5096787111204228,0.3770143679218525
2011-11-25,2268,block_2_3,0.08229816166425719,0.09896910612757494,0.06730638628129426,0.20985261626702678,0.587100551197107,0.3446870572159467,0.09181185697165276
2011-11-25,2268,block_4_6,0.3043957439537379,0.21409349126821903,0.3655320614160544,-0.03144408335103057,0.22627311252905696,0.051199521453587415,-0.07433886061206224
2011-11-25,2268,top_3,0.08638382488040887,0.09967580527026816,0.06793938095701874,0.21012762199575716,0.5918202838270912,0.3502512483491791,0.0918671620549007
2011-11-25,2268,top_6,0.288296747349723,0.2262077851415575,0.368479601955916,-0.014562505274595527,0.24808626131043388,0.061546793050988646,-0.054235675958603825
2011-11-25,2268,flag_nested,0.24867432465893563,0.1096347498855658,0.15588497863412787,0.025704734385188832,0.2969682686309617,0.08819015257367102,-0.02708140874661393
2011-12-15,2282,market_1,0.3053248556777248,0.012262601649863833,0.012419951994602886,0.15258226835765237,0.5927885593163995,0.3513982760564126,0.16870168925586698
2011-12-15,2282,block_2_3,0.30204046265813617,0.07727035880287937,0.07521707007875893,0.13430686320629084,0.5627286569138433,0.3166635413120582,0.09292695925553787
2011-12-15,2282,block_4_6,0.2224877455546915,0.15414076749332328,0.43836480629164526,0.2583293088809215,0.007525948506614438,5.6639900924082554e-05,0.2665006573141328
2011-12-15,2282,top_3,0.302239909701642,0.07815046413013724,0.07619626776252611,0.13894200748410898,0.5631911750699119,0.317184299676628,0.09507961162938487
2011-12-15,2282,top_6,0.2016106233956207,0.16570016706691368,0.44168789177197376,0.2536526381753646,0.03970924772638049,0.0015768243549951766,0.2519675249260729
2011-12-15,2282,flag_nested,0.20302176826419355,0.08223316833741146,0.18602216150463424,0.23014390337555318,0.0976397030965542,0.00953351162078342,0.21480029047918253
2012-01-10,2296,market_1,0.25806188622671067,0.01165235144047177,0.013867399356429323,0.11935524293069823,0.5657778886274647,0.32010461925975175,0.16467000898975126
2012-01-10,2296,block_2_3,0.0627414319297492,0.08442082813472801,0.0792610353158868,-0.05016633931577427,0.6715555355337016,0.4509868373059568,-0.08748110544789568
2012-01-10,2296,block_4_6,0.3065188795370015,0.26522613935429856,0.24601990453854103,-0.2036617671376327,0.7391004628594307,0.5462694941990247,0.17491055809283101
2012-01-10,2296,top_3,0.0661108563280036,0.08512286069280096,0.08043546043435944,-0.043330470488014194,0.6691859796268615,0.44780987532916217,-0.08500177549032384
2012-01-10,2296,top_6,0.3167901018150096,0.2650672958047888,0.2531072089591704,-0.16001955955918037,0.7373432629952669,0.5436750874845073,0.21782706143109778
2012-01-10,2296,flag_nested,0.2740232321368547,0.11942022294881564,0.11413209773995811,-0.13591893714482037,0.7230173655383811,0.5227541108700612,0.165280578758974
2012-01-30,2310,market_1,0.2707681464089517,0.011489294693604183,0.01683658638387278,0.21310331734469962,0.520055343795645,0.2704575606104068,0.18807608229232325
2012-01-30,2310,block_2_3,0.09698836576538983,0.06730638628129429,0.07334022180904498,0.09845751427048705,0.8206417231240297,0.6734528377319766,0.053294183124747915
2012-01-30,2310,block_4_6,-0.7642522460129756,0.3655320614160543,0.4872333927265075,-0.6838048762286925,0.7797743717149814,0.6080480707834942,-0.6126711402169517
2012-01-30,2310,top_3,0.10070583597962322,0.0679393809570187,0.07518312416490198,0.10067616985972307,0.8152144335138957,0.6645745726093817,0.05492384884273904
2012-01-30,2310,top_6,-0.7471814450364161,0.3684796019559159,0.4911537703709307,-0.6595754945656771,0.7741531310196801,0.5993130702675743,-0.5933035797369633
2012-01-30,2310,flag_nested,-0.695379743790839,0.15588497863412784,0.20584697160526017,-0.5976547425541874,0.7708242313527041,0.5941699956404873,-0.5474792980617362
2012-02-17,2324,market_1,0.3903189293431824,0.01241995199460289,0.01355931987705981,0.25438682296611453,0.7328097042443561,0.5370100626347004,0.36789558231072905
2012-02-17,2324,block_2_3,-0.028592207326786644,0.0752170700787589,0.07748202805120856,0.07385553470582037,0.8250076429602963,0.6806376109429039,-0.007643628127336744
2012-02-17,2324,block_4_6,0.8440296011842875,0.43836480629164504,1.3376763299484915,-0.6113256918564952,-0.6233671128939526,0.38858655743774195,-0.346473729008589
2012-02-17,2324,top_3,-0.01844647070837504,0.07619626776252611,0.0784055538776882,0.0803526120715602,0.8232746445637914,0.6777811403816368,0.005569684457856402
2012-02-17,2324,top_6,0.8395151735031378,0.4416878917719735,1.339166233619278,-0.5856292503343589,-0.6150703197940868,0.37831149829160005,-0.31748505491043855
2012-02-17,2324,flag_nested,0.8110350541726191,0.18602216150463416,0.5487507318077045,-0.5184420902739146,-0.5572819187981405,0.31056313701933747,-0.27667620462091425
2012-03-08,2338,market_1,0.4915953144736831,0.013867399356429323,0.014227450290165993,0.262053794138564,0.7803896553496243,0.6090080141767051,0.3322042219858308
2012-03-08,2338,block_2_3,0.14736832196724065,0.07926103531588678,0.07686384872795102,0.1764462440348773,0.7332904588971711,0.537714897109624,0.10595471091269734
2012-03-08,2338,block_4_6,-0.1798255775908777,0.24601990453854097,1.0558466846450612,-0.19691211602475536,-0.20874111188545236,0.04357285179117498,-0.2658626459527754
2012-03-08,2338,top_3,0.15748014310174757,0.08043546043435945,0.07808512194176805,0.17880273837361008,0.7352178813901737,0.5405453331158552,0.11227626012547565
2012-03-08,2338,top_6,-0.1696261856439722,0.25310720895917044,1.0581146335578562,-0.18845111082878332,-0.1994480145259845,0.039779510498357595,-0.2512545652778889
2012-03-08,2338,flag_nested,-0.14405794602305214,0.11413209773995814,0.4345525806959676,-0.15290923911760562,-0.15428238421035276,0.02380305407763106,-0.19195476723166735
2012-03-29,2352,market_1,0.41084825352508997,0.016836586383872785,0.014249392674320781,0.2619732027714977,0.7815960192287239,0.6108923372741877,0.31104805689588577
2012-03-29,2352,block_2_3,0.17886844623753764,0.07334022180904498,0.09819697991703041,-0.027364270108742303,0.5211209610072302,0.2715670560010992,-0.04261315796112396
2012-03-29,2352,block_4_6,0.15649641487016888,0.4872333927265077,0.6864715732731018,-0.19801056475292286,0.1542428731345578,0.023790863912803162,-0.14751267787030806
2012-03-29,2352,top_3,0.1834249182855458,0.07518312416490197,0.09890181216940702,-0.01834591573423779,0.5346970911635057,0.28590097929871416,-0.03563932514116752
2012-03-29,2352,top_6,0.16069774273527826,0.4911537703709308,0.6899009713112189,-0.19295580501512424,0.16898922915707826,0.028557359571103613,-0.13725099639738153
2012-03-29,2352,flag_nested,0.16256417406140192,0.2058469716052602,0.28773389276276046,-0.1807007098305635,0.20745606524343105,0.0430380190062869,-0.11707549331125112
2012-04-18,2366,market_1,0.429367446759938,0.01355931987705981,0.014671982633424297,0.29683519301555167,0.7335951364704397,0.5381618242530832,0.292582268989502
2012-04-18,2366,block_2_3,0.12527621468901146,0.07748202805120852,0.10407695614504048,-0.1295706208703255,0.5052898097731747,0.2553177918606112,-0.1392466645318788
2012-04-18,2366,block_4_6,-0.5546837050821144,1.337676329948491,0.45101361377629146,0.2717120906090143,0.6215837022239541,0.38636629887043716,0.6855681520590863
2012-04-18,2366,top_3,0.12742958336855367,0.0784055538776882,0.10469294591678888,-0.11814463408853564,0.5179558375187333,0.26827824961973246,-0.13610565087922033
2012-04-18,2366,top_6,-0.5479080928968176,1.339166233619278,0.45935046871226665,0.2642848634196082,0.6179133773292915,0.3818169418824914,0.6673761263024314
2012-04-18,2366,flag_nested,-0.51411298467021,0.5487507318077045,0.19757516772190084,0.23258520944105585,0.6087757223436262,0.37060788011500356,0.5898289922474358
2012-05-11,2380,market_1,0.35531177242937495,0.014227450290165993,0.014298798778394834,0.3399405299027506,0.6351571147070373,0.4034245603629686,0.17836127483844283
2012-05-11,2380,block_2_3,0.20471100273841472,0.07686384872795099,0.12312365535117045,-0.037602454409663824,0.32944211854358213,0.10853210947048375,-0.0914778024212514
2012-05-11,2380,block_4_6,0.5572744784280118,1.0558466846450607,0.34698220643053884,0.16878637457657333,0.8621250045388873,0.7432595234511763,0.42839095599959126
2012-05-11,2380,top_3,0.20536129191796063,0.07808512194176799,0.12359875729232966,-0.026955936631225325,0.339309939257103,0.11513123487865895,-0.08417734053095216
2012-05-11,2380,top_6,0.562326834835192,1.0581146335578562,0.34864090684455545,0.17413440193460844,0.86226962534739,0.7435089067967284,0.43779042372617133
2012-05-11,2380,flag_nested,0.5082508916508363,0.4345525806959676,0.15985958495548552,0.1645292688314601,0.8371597714416419,0.7008364829202223,0.3736479716638942
2012-05-31,2394,market_1,0.34008173384234053,0.014249392674320788,0.013333975574404576,0.28016333310878894,0.6746611168454411,0.4551676225831378,0.07943631238543616
2012-05-31,2394,block_2_3,0.2737521231297427,0.09819697991703044,0.09815891378426644,0.32528631777635,0.6163598235193083,0.37989943204875276,0.29534319517405855
2012-05-31,2394,block_4_6,0.3084822480692436,0.6864715732731022,0.4829827214751121,0.23154907441517827,0.8290352480452909,0.6872994425015173,-0.03880884435137854
2012-05-31,2394,top_3,0.27158043317435865,0.09890181216940704,0.0987806086829433,0.3257135202003994,0.6186862288346946,0.38277264974969605,0.292895066089305
2012-05-31,2394,top_6,0.3085134690716843,0.689900971311219,0.48573184934322555,0.22367765835256534,0.8275040796503833,0.684763001838028,-0.03905656689449267
2012-05-31,2394,flag_nested,0.3055741456054992,0.2877338927627605,0.20676775062762584,0.2288433822340112,0.8159257851195002,0.6657348868228725,-0.011397111763026265
2012-06-20,2408,market_1,0.2744707655366155,0.014671982633424292,0.014864923564036287,0.20578538421095266,0.6243456796274492,0.3898075276694615,0.15295656979313066
2012-06-20,2408,block_2_3,0.3611067372410557,0.1040769561450405,0.09533923920304183,0.28922178120192427,0.66627805085955,0.44392644105720136,0.2964220271033985
2012-06-20,2408,block_4_6,0.5245075871391974,0.4510136137762915,0.5186755929210025,0.6450087195863625,0.6398735540819585,0.409438165213477,0.4989443022467217
2012-06-20,2408,top_3,0.3576101983633063,0.10469294591678886,0.09641694454812266,0.2869220338000624,0.6660244055457374,0.44358850878255285,0.2933316372356063
2012-06-20,2408,top_6,0.5189886703988714,0.45935046871226676,0.5220165231193502,0.6296923575816455,0.6413678873543411,0.41135276692937084,0.49211599836661873
2012-06-20,2408,flag_nested,0.5044860639199155,0.19757516772190087,0.2207636369955412,0.5997594303821298,0.6386116121585704,0.40782479118376846,0.47874810544581325
2012-07-10,2422,market_1,0.469387176849938,0.014298798778394833,0.016067463359799566,0.3776907409017944,0.5262739004006074,0.27696421824286854,0.3185612483788247
2012-07-10,2422,block_2_3,-0.12370353340081654,0.12312365535117045,0.08379928898308614,0.11424085441647339,0.7498516768870618,0.5622775373303386,-0.07337817895400797
2012-07-10,2422,block_4_6,0.17154602282057874,0.34698220643053884,0.3598153329299167,0.2540325486861712,0.39164953581030576,0.15338935890042793,0.22496912596699178
2012-07-10,2422,top_3,-0.11961184545485651,0.1235987572923297,0.08478824171965549,0.11932788121026207,0.7498071656746,0.5622107856969767,-0.06874279618023808
2012-07-10,2422,top_6,0.2012849013111539,0.34864090684455545,0.35958027752200283,0.26906994602433937,0.3972496924967967,0.15780731818879945,0.2360297987616127
2012-07-10,2422,flag_nested,0.15663829887526176,0.15985958495548552,0.15557690923545017,0.24974858550192497,0.4637233984101638,0.2150393902330714,0.20884760800469584
2012-07-31,2436,market_1,0.47938994834939425,0.013333975574404576,0.014016594574237796,0.5040508318703487,0.6400137620253427,0.40961761558183163,0.37589525386367345
2012-07-31,2436,block_2_3,0.03180833407907127,0.09815891378426647,0.06448610004810278,0.10855552534477587,0.8252685722435656,0.6810682163329331,0.10827366951207976
2012-07-31,2436,block_4_6,-0.4930134992118178,0.48298272147511206,0.2909671245197826,-0.1696236842864004,0.29859709761588876,0.08916022670463242,-0.26591372670598884
2012-07-31,2436,top_3,0.03902501500116694,0.09878060868294328,0.06577527095740252,0.11574823359699997,0.8221810569265889,0.6759816903689224,0.11354550268464664
2012-07-31,2436,top_6,-0.4888759692218954,0.4857318493432256,0.29461969566992985,-0.15667987709730746,0.2924437110717322,0.08552332414540675,-0.2527939372915397
2012-07-31,2436,flag_nested,-0.43772705505510656,0.20676775062762587,0.12690700476886796,-0.11568195582920078,0.42881567385866914,0.1838828821468642,-0.24248031274853102
2012-08-20,2450,market_1,0.3560456570077367,0.014864923564036287,0.01285406133127044,0.3005404508389602,0.7413218782430949,0.5495581271618704,0.23899876775695725
2012-08-20,2450,block_2_3,0.051300122475959116,0.0953392392030418,0.06608510502274632,0.1799383396503841,0.7306041140007206,0.5337823713947778,0.023030294332701203
2012-08-20,2450,block_4_6,-0.6149457297850264,0.5186755929210026,0.2747672503211403,-0.6218112541640642,0.5855847937606442,0.3429095506836962,-0.6554981750643621
2012-08-20,2450,top_3,0.05813862788921033,0.09641694454812265,0.06720910639714628,0.18354283827220363,0.7315576101542289,0.5351765369745669,0.029239584260841396
2012-08-20,2450,top_6,-0.6137505555983384,0.5220165231193498,0.2799912780078576,-0.6086148373714916,0.5836263352914874,0.3406196992457715,-0.6451823659962405
2012-08-20,2450,flag_nested,-0.5506554851409303,0.220763636995541,0.1213950885072701,-0.517833633400928,0.6082296600504213,0.3699433193650511,-0.5720439350097364
2012-09-07,2464,market_1,0.26352790724690484,0.01606746335979957,0.013776071157704144,0.30317706438331016,0.7418154984156018,0.5502902336895878,0.2548468574765379
2012-09-07,2464,block_2_3,0.21300285503616775,0.08379928898308611,0.08023272150784604,0.3963765448035784,0.7465167398796048,0.5572872429204734,0.21642156256135467
2012-09-07,2464,block_4_6,0.05212341612943896,0.3598153329299167,0.18521656173173912,-0.36146889522853526,0.7392155118016885,0.5464395728882324,-0.04320318060594158
2012-09-07,2464,top_3,0.21701363449864677,0.08478824171965546,0.08136012790778836,0.3959245164171336,0.7451656501444011,0.5552718461551276,0.2186574620178369
2012-09-07,2464,top_6,0.029263962195938523,0.3595802775220029,0.19143918434677346,-0.3875739462108424,0.7318489206471237,0.5356028426523601,-0.09542618132817306
2012-09-07,2464,flag_nested,0.06224826551075936,0.15557690923545023,0.09221946915642239,-0.20530376523951066,0.733249725166482,0.5376551594567214,0.010555881184105836
2012-09-28,2478,market_1,0.44870693284840607,0.014016594574237796,0.013895281824060331,0.39901833516336377,0.7365677207238169,0.5425320072122788,0.36782098099233357
2012-09-28,2478,block_2_3,0.09573369135152011,0.06448610004810276,0.07161081879042744,-0.09756311351602522,0.8692677929113702,0.755626495793005,0.12763250754682406
2012-09-28,2478,block_4_6,0.23142118075683668,0.29096712451978235,0.19158560186856247,0.24653618147112746,0.8181390858103897,0.6693515637306602,0.04305693232243738
2012-09-28,2478,top_3,0.11003739886187461,0.06577527095740252,0.07285376498737195,-0.08364225896430812,0.8659787732666855,0.7499192357484734,0.13487398499228193
2012-09-28,2478,top_6,0.20883324786366647,0.2946196956699301,0.20070209838886827,0.24712652545018426,0.8018488667947382,0.6429616051800058,0.030821265116941537
2012-09-28,2478,flag_nested,0.19637113913870555,0.12690700476886804,0.0931442855513117,0.16590621986136236,0.8183819158205592,0.6697489601421287,0.05808760375222185
2012-10-19,2492,market_1,0.3751313858261779,0.012854061331270442,0.014105117144947348,0.3106243809327194,0.6816585949497913,0.46465844006892365,0.22428551540520617
2012-10-19,2492,block_2_3,0.04322694200813991,0.06608510502274631,0.09700112970598758,0.301160454052559,0.8310507244161562,0.6906453065526181,0.19261321897946382
2012-10-19,2492,block_4_6,-0.017055453003501666,0.2747672503211405,0.2546230589103978,-0.017615006716144625,0.8929462810664259,0.7973530608703604,-0.30425454178402445
2012-10-19,2492,top_3,0.0516281697865331,0.06720910639714629,0.09781176089764135,0.3018187054402082,0.8296542998785463,0.6883262573069611,0.19376255957010424
2012-10-19,2492,top_6,-0.02254678665478432,0.2799912780078576,0.26619234855873947,-0.042566596338540846,0.8843376731701827,0.7820531201880528,-0.28118617316816535
2012-10-19,2492,flag_nested,-0.006610436283693694,0.1213950885072701,0.1232790692893217,0.01602187643579582,0.8714544467638008,0.7594328527844023,-0.18881924808369416
2012-11-08,2506,market_1,0.2116665279106006,0.013776071157704144,0.011854827191244269,0.32457087512954746,0.7143459686826789,0.5102901629731948,0.1533232652345289
2012-11-08,2506,block_2_3,-0.08427661552394258,0.08023272150784604,0.09979443877207027,0.37913853700584305,0.7828567030556267,0.6128646175191257,0.08804428905939475
2012-11-08,2506,block_4_6,-0.021676484799689782,0.18521656173173912,0.2209058867907788,0.39531506280146744,0.8506619000104075,0.7236256681293167,-0.03690704529154059
2012-11-08,2506,top_3,-0.07823711911289417,0.0813601279077884,0.1002752508746842,0.37891846406110113,0.7826856531754123,0.6125968316866218,0.0913069341136171
2012-11-08,2506,top_6,0.011949261490497506,0.1914391843467735,0.23218570678685777,0.36586423001715185,0.8521513150416304,0.7261618637271801,-0.021618499629659116
2012-11-08,2506,flag_nested,-0.008705163053953592,0.09221946915642242,0.11170174265910086,0.36669634321373057,0.825682202811728,0.6817511000400274,0.02124634009192994
2012-11-29,2520,market_1,0.31520433833104344,0.013895281824060328,0.010462610434433072,0.33569305223914775,0.7829237486839631,0.6129695962533497,0.2145096105480096
2012-11-29,2520,block_2_3,0.08930737733392843,0.07161081879042748,0.0954751587911779,0.38048367357569957,0.797039330819535,0.6352716948732526,-0.03556464427011239
2012-11-29,2520,block_4_6,0.20192643981891636,0.19158560186856252,0.19394591725984076,0.4792313362490066,0.7918516747999279,0.6270290748834508,0.06342915801855056
2012-11-29,2520,top_3,0.09365123393867276,0.07285376498737195,0.0960402932275331,0.3814124436343365,0.7967863303893576,0.6348684562953386,-0.03141410054895383
2012-11-29,2520,top_6,0.2081012282637835,0.20070209838886838,0.2053011319002419,0.4221737967777355,0.8043332644704281,0.6469520003336551,0.07491080034677931
2012-11-29,2520,flag_nested,0.17993091894968807,0.09314428555131175,0.10103862950096351,0.4096614413244391,0.8000909031021828,0.6401454532268663,0.05043702070834632
2012-12-19,2534,market_1,0.07687885832069269,0.01410511714494735,0.012893646294300858,0.22795630966116373,0.7824593061931506,0.6122425658482669,0.12126688878848285
2012-12-19,2534,block_2_3,0.026288349088650916,0.09700112970598761,0.08569676235320557,0.01826101977818595,0.7852783344564123,0.616662062566637,-0.15329551526027646
2012-12-19,2534,block_4_6,0.01779794761677091,0.2546230589103978,0.16264740258492813,0.10541537940189445,0.7735474443720096,0.5983756486944678,-0.024871587662001864
2012-12-19,2534,top_3,0.02989502655407344,0.09781176089764138,0.08633206008482792,0.021679590149343068,0.7856031098601574,0.6171722462219507,-0.1493370206059171
2012-12-19,2534,top_6,0.029148720623245774,0.2661923485587395,0.1743678424950437,0.13356135551959655,0.7669371453622372,0.5881925849363774,-0.02199414352337901
2012-12-19,2534,flag_nested,0.02988093177271006,0.12327906928932172,0.08785221528408971,0.10485433428358246,0.7726809975878353,0.5970359240333323,-0.04824172951889741
2013-01-16,2548,market_1,-0.10876709646009025,0.01185482719124427,0.015981958948438967,0.23200776989815625,0.6067113640277015,0.3680986792403542,-0.0114322558946634
2013-01-16,2548,block_2_3,0.2693225055608588,0.0997944387720703,0.09202308237847259,0.024630078863592326,0.6627703002486894,0.4392644708917378,-0.14879782475338607
2013-01-16,2548,block_4_6,-0.050182657164840286,0.22090588679077883,0.24398782429497987,-0.20019784792984383,0.6301762041978533,0.39712204833721443,-0.308363846596305
2013-01-16,2548,top_3,0.2751006696054687,0.10027525087468421,0.09226269730726216,0.0317520757882852,0.668315911052993,0.44664615696659227,-0.14347653224282297
2013-01-16,2548,top_6,-0.06957922499609848,0.23218570678685768,0.2519991399322395,-0.14955014893506902,0.6483932007163405,0.42041374273518073,-0.27749071863043734
2013-01-16,2548,flag_nested,0.011425303343431418,0.11170174265910085,0.11694793373291447,-0.10676040186922257,0.651865037089751,0.4249280265800226,-0.2472226187348489
2013-02-05,2562,market_1,0.07581428277342682,0.010462610434433063,0.019499585913865507,0.2143692771675459,0.485263911942841,0.23548106423406945,0.08707951035027259
2013-02-05,2562,block_2_3,0.37887284769697555,0.09547515879117788,0.11691379440095494,-0.1805974987848843,0.5241399195688285,0.2747226552856181,-0.1800214695299237
2013-02-05,2562,block_4_6,0.2321569700582752,0.19394591725984076,0.27479111210558815,-0.1459365096152674,0.46025375907756144,0.2118335227450261,-0.1780864614330097
2013-02-05,2562,top_3,0.38000288705076934,0.0960402932275331,0.116801653761244,-0.17362292648108102,0.5341641225243045,0.28533130979216015,-0.17580623997627098
2013-02-05,2562,top_6,0.17045899108839904,0.20530113190024196,0.2706654316717423,-0.09037733385413949,0.4921046290638556,0.2421669659460749,-0.12406545432042271
2013-02-05,2562,flag_nested,0.2279457071157787,0.10103862950096355,0.13091118595549617,-0.10933456795618252,0.5024837063873845,0.25248987518480315,-0.13656784444398273
2013-02-26,2576,market_1,0.31670132871815876,0.012893646294300854,0.015023529160619125,0.2882230162782461,0.6817231982903723,0.4647465190872543,0.2593564779470564
2013-02-26,2576,block_2_3,0.187284554030609,0.08569676235320554,0.09398579832762766,-0.08471240371731045,0.555480391998613,0.30855846589493285,-0.24266583517184082
2013-02-26,2576,block_4_6,0.2529248466003868,0.16264740258492807,0.32743397678967956,-0.08018109613414136,0.39849865775605,0.15880118023337342,-0.10868305040290605
2013-02-26,2576,top_3,0.18153704485027194,0.0863320600848279,0.09440116150678085,-0.08156347608866253,0.5636905773314645,0.31774706697227983,-0.2432126235412678
2013-02-26,2576,top_6,0.22420273786896355,0.17436784249504364,0.3263614645824174,-0.040876525487676056,0.4347169318434785,0.18897881083140755,-0.05728729527215907
2013-02-26,2576,flag_nested,0.21084567833121504,0.08785221528408968,0.14473493169853582,-0.04324928307570317,0.46205280176680724,0.21349279162055668,-0.09091866542716628
2013-03-18,2590,market_1,0.46585042959774187,0.01598195894843897,0.012115201181397264,0.4331716260356566,0.7293350848214122,0.5319296659514565,0.3543292455225075
2013-03-18,2590,block_2_3,0.29087732240321623,0.09202308237847265,0.07250753426569814,0.12731891783846505,0.8217309892710775,0.6752418187284238,0.2399231297400519
2013-03-18,2590,block_4_6,0.362954976243438,0.24398782429497984,0.2793390143849808,0.23830554056385683,0.6599625234759936,0.43555053239280184,0.41750935677337825
2013-03-18,2590,top_3,0.2846011401576337,0.0922626973072622,0.07299409080472324,0.12916440836669985,0.8220609308534002,0.6757841740355587,0.23476268316981277
2013-03-18,2590,top_6,0.3319965090580271,0.2519991399322396,0.28353280313294305,0.1977703360683391,0.6605088660651097,0.43627196215061714,0.3724650500453333
2013-03-18,2590,flag_nested,0.3234809206620748,0.11694793373291448,0.12377923468500616,0.1870490972973491,0.6937988072627417,0.481356784959203,0.3441636061140208
2013-04-08,2604,market_1,0.23508812255529538,0.019499585913865507,0.010621370777897758,0.32233304596465695,0.7607861933605866,0.5787956320080918,0.27806592283712656
2013-04-08,2604,block_2_3,-0.1273436270875712,0.11691379440095492,0.07289290453590633,-0.11290184828767298,0.7765686951068864,0.6030589382200121,-0.05847978646445731
2013-04-08,2604,block_4_6,0.4106856077434375,0.274791112105588,0.2188822809980076,0.29149446417890545,0.7031989873077558,0.4944888157506535,0.38905939533138006
2013-04-08,2604,top_3,-0.12509023268404193,0.11680165376124398,0.07358712255295487,-0.10165278204961642,0.7762783313325602,0.6026080476964643,-0.055273358079419306
2013-04-08,2604,top_6,0.42703067489599017,0.2706654316717422,0.2279705278383727,0.28545435713210476,0.7035005871022011,0.4949130760531415,0.3724815958337267
2013-04-08,2604,flag_nested,0.30314302284074424,0.1309111859554961,0.10285715975513725,0.19087207996772945,0.7192129730527641,0.5172673006073959,0.27408359023553724
2013-04-26,2618,market_1,0.4380432326225342,0.015023529160619133,0.01399605750875241,0.3083835228783158,0.599213887297905,0.3590572827306663,0.3409461143112897
2013-04-26,2618,block_2_3,-0.26471112042243866,0.09398579832762766,0.09016924161499075,-0.09966556369186218,0.6248931305687244,0.39049142463198094,-0.23974315660194814
2013-04-26,2618,block_4_6,0.41440886638895236,0.32743397678967956,0.18007160212646214,0.36393293882105787,0.5860342784813073,0.3434361755551063,0.4475580156743554
2013-04-26,2618,top_3,-0.27129385622404034,0.0944011615067808,0.09021005664361514,-0.09329745027733401,0.6334582907221848,0.4012694060846719,-0.24323625751278863
2013-04-26,2618,top_6,0.44869736351277234,0.3263614645824172,0.18602121398924704,0.36935350608163126,0.598225664985445,0.357873946247278,0.4489323704260073
2013-04-26,2618,flag_nested,0.2864789743570313,0.14473493169853574,0.09314409844254903,0.25368107489753805,0.6070072940193322,0.36845785499267203,0.28583245089934556
2013-05-21,2632,market_1,0.3761201995820278,0.012115201181397264,0.01623934403097463,0.3208191008013962,0.5542666613788765,0.3072115319160862,0.29476650310865593
2013-05-21,2632,block_2_3,0.2276920713480691,0.07250753426569817,0.08284717989871342,0.07518189593693762,0.5916136989203156,0.3500067687501778,-0.01594837732874352
2013-05-21,2632,block_4_6,-0.03084304933807449,0.27933901438498093,0.1544722030167854,-0.11318783121169787,0.6180940462693294,0.38204025003359177,-0.11267403223019301
2013-05-21,2632,top_3,0.22007306421455933,0.07299409080472323,0.0828264202585774,0.07516459149738434,0.6025862568209436,0.3631101969094761,-0.02080562660379942
2013-05-21,2632,top_6,-0.04671005582365677,0.2835328031329431,0.16617981255595612,-0.105455223444781,0.6289213722112592,0.3955420924240931,-0.11965735990093787
2013-05-21,2632,flag_nested,0.014395067878818531,0.12377923468500616,0.08457586304040077,-0.05260264234176983,0.6177215200499395,0.38157987633280765,-0.08346732600102374
2013-06-10,2646,market_1,0.15962478127457203,0.010621370777897751,0.021319269065099993,0.08382163671891776,0.5328178023791413,0.2838948105321377,-0.05258029612042108
2013-06-10,2646,block_2_3,0.013623147578032192,0.0728929045359063,0.0770328494431321,0.1255072155465737,0.6893403807921157,0.47519016059061925,-0.18336608969894003
2013-06-10,2646,block_4_6,-0.2903161882687454,0.21888228099800755,0.17394112192535505,-0.21584575951639062,0.7020259877353401,0.4928404874557799,-0.2983883027771939
2013-06-10,2646,top_3,0.013758702699944628,0.07358712255295487,0.07604000464469039,0.13405758495595835,0.6980160210885403,0.48722636569627753,-0.1752826941532429
2013-06-10,2646,top_6,-0.2488065960601822,0.22797052783837268,0.18609311378282486,-0.20046159967134242,0.6975862199143461,0.4866265342143864,-0.2731864667272491
2013-06-10,2646,flag_nested,-0.18275795053375543,0.10285715975513723,0.09029754427348993,-0.11834177098897276,0.6905035799881257,0.4767951939764181,-0.24925305164827696
2013-06-28,2660,market_1,0.6222239930642586,0.013996057508752423,0.019125491816160474,0.3586873432997645,0.5459934208088907,0.2981088155665944,0.2540955889759389
2013-06-28,2660,block_2_3,0.05500296916718837,0.0901692416149907,0.07391957453382117,0.5174463537464129,0.7832489877914244,0.6134789768762913,0.18382336673741884
2013-06-28,2660,block_4_6,-0.25367069430646044,0.1800716021264621,0.19908464232218992,-0.12506113054147497,0.6103434228096369,0.37251909376698344,-0.2709548885025835
2013-06-28,2660,top_3,0.03884493131116075,0.09021005664361519,0.07359708123458222,0.5128198980293804,0.7876601463201534,0.6204085061010854,0.17765616168529783
2013-06-28,2660,top_6,-0.22051512607483176,0.18602121398924704,0.2044940073856113,-0.17489100192813195,0.585639325392416,0.34297341944608384,-0.25392787583798626
2013-06-28,2660,flag_nested,-0.1286362961339241,0.09314409844254902,0.09560819910132007,0.054742459666021766,0.6507820920571746,0.42351733134231273,-0.14043915477765875
2013-07-19,2674,market_1,0.6727666468576283,0.016239344030974625,0.021341449181919395,0.48154029709574164,0.48705087956344156,0.23721855928352198,0.42242896133752456
2013-07-19,2674,block_2_3,-0.2631013301094287,0.0828471798987134,0.07648162119164244,-0.14649956515955148,0.8137154287442606,0.6621327989764557,-0.18369020454138957
2013-07-19,2674,block_4_6,0.21800031294302316,0.1544722030167854,0.17352066779772277,0.11396570570467512,0.7311954118498072,0.5346467303102092,0.1264590484363832
2013-07-19,2674,top_3,-0.29279786329115776,0.08282642025857741,0.07553249952430487,-0.14741243338213025,0.820119783884475,0.6725964599187182,-0.20323681196156604
2013-07-19,2674,top_6,0.19198602448629462,0.16617981255595607,0.18365218402653305,0.11090744545838312,0.6910595984827678,0.47756336865516436,0.10086127764926175
2013-07-19,2674,flag_nested,0.07930570488385282,0.08457586304040077,0.08932262347393713,0.0401400628473087,0.7297806461727997,0.5325797915283891,0.028809926790052284
2013-08-08,2688,market_1,0.6236305891708842,0.021319269065099993,0.016602640112340604,0.5252347916583225,0.6624253867278733,0.4388073929815727,0.48059800215302045
2013-08-08,2688,block_2_3,-0.12575898212767725,0.07703284944313214,0.07091743262513447,0.23853608330674733,0.815868164245425,0.6656408614291995,-0.04665818898405117
2013-08-08,2688,block_4_6,0.2921363275250564,0.17394112192535507,0.19145052272330726,0.3418362640029515,0.6359695220349818,0.4044572329574031,0.2314323293923732
2013-08-08,2688,top_3,-0.15697587182842546,0.07604000464469043,0.07106184932299245,0.2298530232789353,0.8180920472603904,0.6692745977906971,-0.07596807808107246
2013-08-08,2688,top_6,0.27197957518912014,0.18609311378282495,0.19846378494257558,0.2834964119862356,0.611145143265113,0.37349838613653585,0.19348182153958662
2013-08-08,2688,flag_nested,0.19338391239453318,0.09029754427348997,0.09232310359487457,0.2762845256221115,0.6842852153547446,0.4682462559530892,0.14658207200789314
2013-08-28,2702,market_1,0.6593949602106103,0.01912549181616047,0.01751482413243483,0.5498924494223479,0.6981162210581153,0.48736625810446343,0.4909138227468672
2013-08-28,2702,block_2_3,-0.058656896883731005,0.07391957453382118,0.08061481722132971,0.08538694535149628,0.8573319764797497,0.7350181178946739,0.0761378573941286
2013-08-28,2702,block_4_6,-0.18996383275724774,0.19908464232218992,0.17277786596533654,-0.30743236103085225,0.8915450625716439,0.7948525985958765,0.009654391689031273
2013-08-28,2702,top_3,-0.08133222467046028,0.07359708123458221,0.08059580009892023,0.08092113523139868,0.8586060023118234,0.7372042672058908,0.06058097747776712
2013-08-28,2702,top_6,-0.12621907682630912,0.20449400738561116,0.18303200981388856,-0.2729022957367707,0.8774270177497209,0.7698781714771687,-0.03366813658882887
2013-08-28,2702,flag_nested,-0.0847567452350896,0.09560819910132003,0.08975215595369873,-0.15514783813594252,0.8696431690184582,0.7562792414204668,0.01015487161750151
2013-09-18,2716,market_1,0.6707445686982652,0.021341449181919405,0.017147613136219684,0.49016430094180097,0.6125064539997873,0.37516415619139365,0.5402337046354665
2013-09-18,2716,block_2_3,-0.02287515629171969,0.07648162119164244,0.07421025376013342,0.2006455275889987,0.8729577400016811,0.7620552158288427,-0.06338874920627009
2013-09-18,2716,block_4_6,-0.2995950836328248,0.17352066779772266,0.3799803326957608,-0.2576337040491438,0.8906646904963217,0.7932835908969084,-0.3307675409086554
2013-09-18,2716,top_3,-0.04670275255444537,0.07553249952430485,0.07455667375432705,0.1977450780773828,0.8737550255788228,0.7634478447242492,-0.07861885757151126
2013-09-18,2716,top_6,-0.28025602160051183,0.1836521840265331,0.3854329722972823,-0.3007218744090907,0.886314726546233,0.7855537944927239,-0.29511274120768055
2013-09-18,2716,flag_nested,-0.21489164028441235,0.08932262347393717,0.16403262640612723,-0.1825296758585686,0.8697887965673894,0.7565325506341477,-0.27113471279233853
2013-10-09,2730,market_1,0.39736818002142166,0.016602640112340597,0.017652674026569077,0.3726869191877383,0.6486512877974749,0.42074849316132257,0.3026045876171946
2013-10-09,2730,block_2_3,-0.09550028643390855,0.07091743262513447,0.0927573201935168,0.07026593155376701,0.6876628929767988,0.47288025437722014,-0.024472226835287634
2013-10-09,2730,block_4_6,-0.42899829718453614,0.19145052272330726,0.38658121878076684,-0.399626564615741,0.7337756129623719,0.5384266501783046,-0.4271514288816644
2013-10-09,2730,top_3,-0.10977050833932736,0.07106184932299242,0.09276142483429858,0.07177117441412321,0.6946515441063134,0.4825407677292852,-0.03073358589196839
2013-10-09,2730,top_6,-0.40186881860697543,0.19846378494257547,0.38875329019149335,-0.3948975367470191,0.7473320331895686,0.5585051678312548,-0.4214785138331415
2013-10-09,2730,flag_nested,-0.34034688365982924,0.09232310359487453,0.168428118154808,-0.2834699781508674,0.7242576526700256,0.5245491474510956,-0.33894804340132656
2013-10-30,2744,market_1,0.36471044715106665,0.01751482413243482,0.015625473400939553,0.30421860400607775,0.7601213196797819,0.5777844206317331,0.2780594386915078
2013-10-30,2744,block_2_3,-0.26153503979341475,0.08061481722132968,0.11375618839168716,-0.3936487973608877,0.5481331240604242,0.3004499216922406,-0.368623750964541
2013-10-30,2744,block_4_6,0.3596877223436336,0.17277786596533648,0.25750839541986104,0.08542030426964925,0.3670691983624734,0.13473979638646882,0.3583000381312311
2013-10-30,2744,top_3,-0.26936518860487424,0.08059580009892023,0.11414428279037163,-0.3853614126549118,0.5588958014198014,0.31236451684468214,-0.36714577307397217
2013-10-30,2744,top_6,0.37269684250453944,0.1830320098138885,0.2572344265786659,0.1556070671467786,0.39394901297439316,0.15519582482349847,0.4063774535651568
2013-10-30,2744,flag_nested,0.19600975495414422,0.08975215595369872,0.12496153896214929,-0.002951802756405043,0.4535148810091487,0.2056757472967422,0.19214716586778707
2013-11-20,2758,market_1,0.4460177572810936,0.01714761313621967,0.016088188543378273,0.4363319539788902,0.7290800983566547,0.5315577898197491,0.3544910773268382
2013-11-20,2758,block_2_3,-0.1940206249196545,0.07421025376013339,0.13022037926995655,-0.23827703772717543,0.28422830591937925,0.08078572988580002,-0.3295248434287581
2013-11-20,2758,block_4_6,-0.3568111136950611,0.3799803326957609,0.2121515811435648,-0.7432630739620152,0.762987319073126,0.582149649066396,-0.4543916742142355
2013-11-20,2758,top_3,-0.20129503805256457,0.07455667375432701,0.1304522755674046,-0.2282255130617425,0.3060812621438036,0.09368573903554389,-0.3288726461155351
2013-11-20,2758,top_6,-0.3513477486159882,0.38543297229728246,0.20806345823392852,-0.6952123150254852,0.7838608628589795,0.6144378523220241,-0.3958291154613868
2013-11-20,2758,flag_nested,-0.277843237675122,0.16403262640612729,0.11465816871417811,-0.6013455942284373,0.6836901204296038,0.46743218077304627,-0.4090637899044798
2013-12-10,2772,market_1,0.4139128002424278,0.01765267402656908,0.01809457945922987,0.4977443013436837,0.7061624718818608,0.49866543669429975,0.3408986018853467
2013-12-10,2772,block_2_3,-0.11526013405501416,0.09275732019351679,0.09594319453211184,0.1751251555503962,0.49332923012088614,0.24337372929166634,0.05376576666703654
2013-12-10,2772,block_4_6,-0.03869401762219875,0.3865812187807669,0.18578822631689093,0.06756672063576828,0.5049139101932426,0.2549380567066295,0.09233717343179607
2013-12-10,2772,top_3,-0.12752603620963554,0.0927614248342986,0.09634091117659713,0.17907246886798261,0.5127015252553085,0.2628628539991199,0.046923075530365864
2013-12-10,2772,top_6,-0.015848180671491803,0.38875329019149363,0.19229493609961257,0.08403218299543988,0.5467696276133849,0.29895702568047966,0.09970802477256371
2013-12-10,2772,flag_nested,-0.02699591893571473,0.16842811815480807,0.09789872966239682,0.10544952858113993,0.5437121521300449,0.29562290437388505,0.09124409938430486
2014-01-06,2786,market_1,0.3451873172802801,0.015625473400939557,0.01766459433484987,0.4361220861031765,0.6548180578543471,0.4287866888921388,0.27187590310269105
2014-01-06,2786,block_2_3,0.1803834064000307,0.11375618839168719,0.06757365969510214,0.048051522483739666,0.7283466682364392,0.5304888691311216,0.18126517223463837
2014-01-06,2786,block_4_6,0.4980875050461194,0.2575083954198609,0.23066987613748216,0.08082317593895927,0.5523488387437315,0.3050892396615488,0.20717720103869766
2014-01-06,2786,top_3,0.16873163302972358,0.11414428279037166,0.06818551046522646,0.05633684690074522,0.7358343060590885,0.5414521259734604,0.17410061739235208
2014-01-06,2786,top_6,0.479146479186751,0.25723442657866585,0.23886117042368418,0.1329337644168772,0.5593047816637529,0.31282183879193837,0.20093196854306694
2014-01-06,2786,flag_nested,0.4082300245349357,0.12496153896214927,0.10663443297005286,0.12041520737514644,0.5991906385345281,0.35902942130741566,0.18912080562769776
2014-01-27,2800,market_1,0.34221544006969384,0.01608818854337827,0.015519634681668216,0.4938462763786132,0.7694718375057834,0.5920869087145266,0.21822544531420568
2014-01-27,2800,block_2_3,-0.02391754481510004,0.1302203792699566,0.06899724621039398,-0.11461606265772095,0.694714285161247,0.4826279380071027,-0.03148286905602499
2014-01-27,2800,block_4_6,-0.274291799077546,0.21215158114356467,0.42556366651967015,-0.6627755867328499,0.5335597735959641,0.2846860319997765,-0.6398080899138366
2014-01-27,2800,top_3,-0.02985438277502405,0.13045227556740463,0.06958804933786818,-0.10032877561167175,0.7007520595199533,0.4910534489214563,-0.03429745323534582
2014-01-27,2800,top_6,-0.25557704496128325,0.2080634582339285,0.43003764450374593,-0.6276346390917189,0.5291763290494345,0.28002758722623533,-0.6174911287760781
2014-01-27,2800,flag_nested,-0.18412104690670072,0.1146581687141781,0.18076804809642288,-0.5284540699559768,0.5442184061845986,0.2961736736301047,-0.5224105684639055
2014-02-17,2814,market_1,0.3495401790194537,0.018094579459229872,0.011782580251294052,0.2625171927563421,0.7516893664151608,0.5650369035816258,0.23326479529569952
2014-02-17,2814,block_2_3,-0.028002276455098542,0.09594319453211184,0.07443039910838481,0.01222897660467883,0.5423620478999303,0.29415659100220604,0.048067310980788716
2014-02-17,2814,block_4_6,0.1839404412727326,0.1857882263168909,0.3590440614995079,0.11262913380816128,0.18343297122463406,0.033647654932297266,0.12526874540182484
2014-02-17,2814,top_3,-0.03066451916771918,0.09634091117659713,0.07499124215745095,0.014237694921919,0.551241011660874,0.30386665293690407,0.046818837650204656
2014-02-17,2814,top_6,0.18409982039451042,0.19229493609961254,0.3620791204104606,0.08943752917695331,0.224020691432892,0.05018527019007102,0.09929685348442256
2014-02-17,2814,flag_nested,0.14130758832146553,0.09789872966239682,0.15447849765264896,0.076420945645794,0.27916610049786983,0.07793371166718666,0.08809307535994444
2014-03-07,2828,market_1,0.25578704239764055,0.017664594334849876,0.012437122254196872,0.23660810632029788,0.7102007493631717,0.5043851043960106,0.1049886393175891
2014-03-07,2828,block_2_3,0.009488570127742544,0.06757365969510216,0.09011682863919314,0.03764920948313572,0.4691495513151567,0.2201013014992128,0.03648794404644305
2014-03-07,2828,block_4_6,0.3334794851245629,0.2306698761374822,0.22850081222763968,0.23028912744356797,0.6502365811539501,0.4228076114707774,0.2616822155340415
2014-03-07,2828,top_3,0.0069980461716906955,0.06818551046522649,0.09075522650440576,0.03720011283966252,0.47399693455678515,0.2246730939692293,0.034046908103524426
2014-03-07,2828,top_6,0.32371124528541395,0.23886117042368424,0.22592268077096128,0.21103293540321363,0.6780234057397884,0.4597157387309816,0.2396141724729862
2014-03-07,2828,flag_nested,0.2618413205825722,0.10663443297005289,0.10680369221322572,0.17944611347921066,0.6389812914476526,0.4082970908201101,0.19291387461925538
2014-03-28,2842,market_1,0.08734831957427792,0.01551963468166823,0.012982488829757994,0.017006859973799516,0.6408495463051866,0.41068814099956363,0.03467767980980618
2014-03-28,2842,block_2_3,0.03828884485085329,0.06899724621039396,0.08375875617993614,0.05907720829593131,0.628669141916645,0.3952248899982107,-0.0036972474627078797
2014-03-28,2842,block_4_6,0.3075300894724027,0.4255636665196703,0.19406392574798778,-0.20430617076073612,0.7154347996304833,0.5118469525223099,0.19120460453188765
2014-03-28,2842,top_3,0.040302505338410385,0.06958804933786819,0.08471376415079464,0.059317247646010846,0.6281158023008572,0.3945294611000497,-0.0020916927411498776
2014-03-28,2842,top_6,0.29481769538267943,0.43003764450374626,0.195563341960287,-0.18077418461266775,0.7325871968148504,0.5366840009370404,0.2052343169169824
2014-03-28,2842,flag_nested,0.24750628472754763,0.18076804809642302,0.09452436589680445,-0.14326261741111077,0.708050573477178,0.5013356146013606,0.17103095692194245
2014-04-17,2856,market_1,0.16292746384932688,0.011782580251294052,0.01478883816458751,0.1361699848581056,0.5250885729554978,0.27571800944844127,0.09148636552738797
2014-04-17,2856,block_2_3,0.15392794509846425,0.0744303991083848,0.0712572755657643,0.19563929187007031,0.714087935660171,0.5099215798554044,0.18521102117765662
2014-04-17,2856,block_4_6,0.6215684853380237,0.35904406149950796,0.23193437833154143,0.21681287319728798,0.5579815605092024,0.3113434218682848,0.44269045758242154
2014-04-17,2856,top_3,0.15248992081253623,0.07499124215745094,0.07275543193073396,0.19222967793926612,0.7090504525232197,0.5027525442233829,0.17941668015662704
2014-04-17,2856,top_6,0.5896877546518361,0.36207912041046075,0.23720010468033378,0.20182232864817548,0.5720782025558732,0.3272734698395584,0.42090232925118415
2014-04-17,2856,flag_nested,0.5312199655599665,0.15447849765264904,0.10658553202066309,0.19618071046168536,0.5912556990808818,0.34958330169562213,0.38974760880981124
2014-05-12,2870,market_1,0.13472216208645266,0.012437122254196886,0.014341624619939602,0.17782858615214714,0.558501426022521,0.3119238428691894,0.08946492647677104
2014-05-12,2870,block_2_3,0.08423126172678459,0.09011682863919317,0.07966327996045088,0.12886708786166107,0.6175997691921157,0.38142947490615464,0.10646761575986546
2014-05-12,2870,block_4_6,0.2666179013310577,0.22850081222763974,0.2421606326951829,0.2326960313437797,0.4547004138866316,0.20675246638867406,0.2458630868814623
2014-05-12,2870,top_3,0.08561111637590023,0.09075522650440578,0.0809411324031301,0.13268839416714878,0.6154278093573498,0.37875138853038637,0.10720443826948053
2014-05-12,2870,top_6,0.2529320326003851,0.22592268077096125,0.24824346284671292,0.19949947693785455,0.46754257952140255,0.2185960636655272,0.21926720383041584
2014-05-12,2870,flag_nested,0.21617853854289176,0.10680369221322569,0.11251803104092915,0.18576350771308628,0.5013435273640365,0.2513453324298144,0.1986704132917293
2014-05-30,2884,market_1,0.23821217869870762,0.012982488829757995,0.01249096472601216,0.2783181758718702,0.5746410853287581,0.33021237694781325,0.235327472867205
2014-05-30,2884,block_2_3,-0.029722182185872636,0.08375875617993613,0.0867874051186131,0.011257362898109793,0.3785108666816532,0.14327047619609623,-0.03679143069171688
2014-05-30,2884,block_4_6,0.173795373745156,0.19406392574798784,0.19398498082461182,-0.03189185228154278,0.6126090987113649,0.3752899078239508,-0.24800688100762783
2014-05-30,2884,top_3,-0.02423261215627046,0.08471376415079464,0.08767604873975732,0.01940011943633113,0.38315160806249077,0.14680515476087264,-0.029988762230928057
2014-05-30,2884,top_6,0.2005530122933287,0.19556334196028702,0.20256674122284885,-0.034498344252257666,0.6180376696653465,0.38197056112537187,-0.2399632250258117
2014-05-30,2884,flag_nested,0.1409802341639799,0.09452436589680446,0.09776128144072518,-0.017966133893227588,0.5740079171352095,0.3294850889339016,-0.17715954858286648
2014-06-19,2898,market_1,0.07586668410569168,0.014788838164587509,0.01605541555454286,0.13625610688068254,0.4763100080052632,0.22687122372597368,0.08306389957521479
2014-06-19,2898,block_2_3,0.07691099253482268,0.0712572755657643,0.09120380010680726,-0.0834875962152671,0.38458048603880146,0.14790215024184106,-0.12332153836458504
2014-06-19,2898,block_4_6,0.08753898449875147,0.2319343783315415,0.21161173934719876,-0.02058809378777277,0.6942047075385088,0.4819201759686267,-0.1246357197333461
2014-06-19,2898,top_3,0.07667019981335156,0.07275543193073397,0.09250666986932654,-0.0757150103103042,0.38588171617808814,0.14890469888054647,-0.11678267897728929
2014-06-19,2898,top_6,0.08666302522888958,0.23720010468033387,0.21858472835746226,-0.033081390653913766,0.6987389222820682,0.48823608151190623,-0.1306258637198022
2014-06-19,2898,flag_nested,0.08371107660565573,0.10658553202066313,0.1052306273726943,-0.03817487708241389,0.6503158015506819,0.4229106417465057,-0.12327187099102078
2014-07-09,2912,market_1,0.0035094400436515866,0.014341624619939602,0.020523922869398473,0.06975907252325927,0.512370238907757,0.262523261718392,0.007501627595492553
2014-07-09,2912,block_2_3,0.2722279890631149,0.07966327996045086,0.1295494016362126,-0.03278525520136456,0.1491461575469174,0.022244576311009956,-0.05645477519703287
2014-07-09,2912,block_4_6,0.34136874056003685,0.24216063269518304,0.2357185905309094,0.18077259105584148,0.7668677545223586,0.5880861529261643,-0.0525932955265053
2014-07-09,2912,top_3,0.2646757235128462,0.08094113240313011,0.13100121854204647,-0.030484185506794645,0.15941907364891533,0.02541444104307844,-0.05575870259656491
2014-07-09,2912,top_6,0.32304854537321137,0.24824346284671292,0.22972476831756736,0.1928126742345891,0.7973056989169935,0.6356963775255154,-0.030504819530007405
2014-07-09,2912,flag_nested,0.2913793027403474,0.11251803104092914,0.1222180402376944,0.14868839837726264,0.6954346131881627,0.48362930122016945,-0.026554996593407224
2014-07-30,2926,market_1,0.13192342452449754,0.012490964726012162,0.019784020559182686,0.13385704437004123,0.593130877908408,0.3518042383283988,0.11266329825489736
2014-07-30,2926,block_2_3,0.22496737779502377,0.08678740511861313,0.15681887220964488,0.01005801461172859,0.1744557549516155,0.03043481043573837,0.007897755167487948
2014-07-30,2926,block_4_6,0.35621264542240416,0.1939849808246118,0.25029035182191145,0.25175649032618197,0.8621995841573614,0.743388122921127,-0.12961598449877793
2014-07-30,2926,top_3,0.2230975950964128,0.08767604873975735,0.1579635219481122,0.014784128476045792,0.18211097872489862,0.033164408572140425,0.012088631543882697
2014-07-30,2926,top_6,0.3228445056204627,0.20256674122284885,0.22418518029106876,0.2526013599200557,0.9021241418012641,0.8138279672206674,-0.17567034197180256
2014-07-30,2926,flag_nested,0.2743726361181683,0.0977612814407252,0.1307111245020608,0.21132519567521982,0.79485979081421,0.6318020870532094,-0.039599745919382145
2014-08-19,2940,market_1,0.3862197264005315,0.016055415554542873,0.013581602839313455,0.30951789638785193,0.7799416670897457,0.6083090040627319,0.4307622672206158
2014-08-19,2940,block_2_3,-0.0298540414698258,0.0912038001068073,0.1902506869147146,-0.12664218007514783,0.27178914133733256,0.07386933734888457,-0.11946482851308132
2014-08-19,2940,block_4_6,0.112207665058706,0.21161173934719882,0.34259339251058035,0.34976275082481606,0.8593392349721121,0.7384639207624548,-0.00448971703716109
2014-08-19,2940,top_3,-0.025062224338047334,0.09250666986932654,0.19068748760897233,-0.11314007845658246,0.2724194272251713,0.07421234432969048,-0.10856786885867893
2014-08-19,2940,top_6,0.13689679563692478,0.21858472835746223,0.303317980269507,0.3671053837633744,0.9241674012815705,0.8540853855915316,-0.04612229616876455
2014-08-19,2940,flag_nested,0.08285927210267598,0.1052306273726943,0.16624880582534826,0.28188611758317544,0.7858285636566237,0.6175265314586322,0.05163376026919081
2014-09-08,2954,market_1,0.1375700140741172,0.020523922869398456,0.01305172319964291,0.10059682454786165,0.8590384679058942,0.7379470893421061,0.12059255101014393
2014-09-08,2954,block_2_3,0.3149969172906416,0.1295494016362126,0.11181579889784973,0.10433936168841301,0.5918266497828719,0.3502587833932179,0.25255447770322975
2014-09-08,2954,block_4_6,0.4427354088661358,0.2357185905309095,0.3067217949571914,0.5626213041855721,0.8042128118020118,0.6467582466664983,0.32036365434214503
2014-09-08,2954,top_3,0.31257028341761967,0.1310012185420464,0.1125566119811295,0.11369097579933622,0.5843169255522156,0.34142626948679344,0.25002275816483754
2014-09-08,2954,top_6,0.38872993039247195,0.22972476831756736,0.30139543319377715,0.5501662871743043,0.8197761761046453,0.6720329789087547,0.24828977986286319
2014-09-08,2954,flag_nested,0.3547116513180116,0.12221804023769438,0.13976126896860366,0.4726679885804287,0.7510686500563598,0.5641041170974829,0.33900794898227427
2014-09-30,2968,market_1,-0.008584433280972296,0.0197840205591827,0.01295556922977187,0.1987242951910214,0.8389854356895158,0.703896561299127,0.005032022022132863
2014-09-30,2968,block_2_3,0.14039060208795218,0.15681887220964494,0.08865379781173957,0.41542852737229957,0.648727264778171,0.42084706406656736,0.37486031986547796
2014-09-30,2968,block_4_6,0.2326522353958281,0.2502903518219115,0.2311253758741478,0.685846027396251,0.7402787125243715,0.5480125722167413,0.4562032214422687
2014-09-30,2968,top_3,0.14039426191662452,0.15796352194811228,0.08936379502742799,0.4110017045757723,0.6457709687080243,0.4170201440261,0.36717962695233186
2014-09-30,2968,top_6,0.22369814564821208,0.22418518029106874,0.23486061066493735,0.6493863696603114,0.7451978909521955,0.5553198966796002,0.41663473775462156
2014-09-30,2968,flag_nested,0.18290311897695763,0.13071112450206082,0.10964971713728532,0.6009538297067721,0.7168395906226551,0.5138589986840558,0.42723978395081774
2014-10-21,2982,market_1,0.2173849866257119,0.013581602839313462,0.012361758798425932,0.5222645021221339,0.7566630864039019,0.5725390263262788,0.24711143561045723
2014-10-21,2982,block_2_3,0.2727133202330804,0.1902506869147146,0.09187818423051035,0.4153988855636581,0.6505073870050507,0.42315986054813903,0.3898455180103252
2014-10-21,2982,block_4_6,0.29902076244495296,0.34259339251058046,0.19161861702940583,0.5658850292882446,0.7338986525393816,0.5386072321991198,0.32558574794291284
2014-10-21,2982,top_3,0.272401919554217,0.19068748760897242,0.09265021225840597,0.4132562007556019,0.6488918109259326,0.42106058228673615,0.3875652858182233
2014-10-21,2982,top_6,0.25991446212773467,0.3033179802695072,0.19789124874849345,0.5241121397949481,0.7412978565977563,0.5495225121964276,0.2594586160061412
2014-10-21,2982,flag_nested,0.2611562176313893,0.16624880582534832,0.09767799861264925,0.4975388292915277,0.7162825123535517,0.5130606375035156,0.30332008540578215
2014-11-11,2996,market_1,0.11014263482963998,0.013051723199642895,0.013446759699876014,0.3401408915467804,0.7172052483215666,0.5143833682200001,-0.10661922050125264
2014-11-11,2996,block_2_3,0.09084864019227687,0.1118157988978498,0.09747989247374574,0.34439515483587085,0.5788631196742592,0.3350825113190159,0.15015558414285335
2014-11-11,2996,block_4_6,0.3267349649510357,0.3067217949571913,0.20990794276095512,0.6064671273036552,0.6926941972150837,0.47982525085544925,0.3786423166201527
2014-11-11,2996,top_3,0.09184627941957012,0.11255661198112947,0.0983298260822717,0.3427091657210689,0.5811675365536181,0.3377557055438012,0.15007217269946757
2014-11-11,2996,top_6,0.3069276881672001,0.3013954331937772,0.22074452992064245,0.5622509561287935,0.6838102895762405,0.46759651213034203,0.3249295279638243
2014-11-11,2996,flag_nested,0.25070265418553717,0.13976126896860366,0.1073549788964802,0.5125646809684369,0.6507061983617467,0.4234185565863967,0.2959993850591516
2014-12-02,3010,market_1,0.03747487380382189,0.012955569229771867,0.014897534826749576,0.3683157975490019,0.6189600856530201,0.38311158763159403,-0.02502788289155534
2014-12-02,3010,block_2_3,0.020600245963865015,0.0886537978117396,0.11058153358198838,-0.021389342382466814,0.39755314993809593,0.15804850702570228,-0.06284127261812177
2014-12-02,3010,block_4_6,0.2839708568451064,0.23112537587414783,0.24475200372064954,0.388649317770257,0.5631769388216955,0.3171682644205758,0.38239344494674243
2014-12-02,3010,top_3,0.02480370505152634,0.08936379502742799,0.11143007171992036,-0.017529352922698527,0.40096404319659396,0.16077216393656002,-0.05778976881005212
2014-12-02,3010,top_6,0.23505676491040303,0.23486061066493732,0.24806646292565024,0.35580412120771654,0.5930594493879705,0.3517195105083629,0.323874960348872
2014-12-02,3010,flag_nested,0.1789283654831823,0.10964971713728529,0.12090072446635812,0.2817707326569746,0.5336984673602518,0.2848340540626818,0.23862168591161775
2014-12-22,3024,market_1,0.1919766553446674,0.012361758798425939,0.012728402793868497,0.37248129995476226,0.6512187708204343,0.42408588746887754,0.11281021505404251
2014-12-22,3024,block_2_3,-0.040433209840932106,0.0918781842305104,0.20394105778103933,-0.09312455652601893,-0.1393932603520348,0.0194304810315703,-0.08089643831169004
2014-12-22,3024,block_4_6,0.34054531237915503,0.19161861702940586,0.3284374585328968,0.46180875687791156,0.23217628233795815,0.053905826080275165,0.44311148754587465
2014-12-22,3024,top_3,-0.037930186499338533,0.09265021225840601,0.20431156493047464,-0.0887662971129052,-0.13244190050384347,0.017540857009070043,-0.0770568592956779
2014-12-22,3024,top_6,0.36812289801126047,0.1978912487484934,0.2808162501491397,0.46328893201904225,0.4792847074557835,0.22971383080097596,0.43772242191628047
2014-12-22,3024,flag_nested,0.19859325164607494,0.09767799861264924,0.1649829642228762,0.29347981654342287,0.24845114202624294,0.0617279699741442,0.2665361274776841
2015-01-16,3038,market_1,0.26011916911146427,0.01344675969987601,0.012536007505979505,0.2293835101316729,0.6657298249669854,0.4431961998505729,0.1989573557852566
2015-01-16,3038,block_2_3,0.2762560898006767,0.09747989247374578,0.14296652056806994,-0.20437823463798802,0.6564924666737854,0.43098235879943136,-0.09774956896382075
2015-01-16,3038,block_4_6,0.43205233257120684,0.20990794276095517,0.25654862059335143,0.3589590217152065,0.5981820183146118,0.35782172703494275,0.37067273403246886
2015-01-16,3038,top_3,0.2758256278309683,0.09832982608227166,0.1434789677069149,-0.1973802590760615,0.6558956016301761,0.4301990402378105,-0.0930947452069253
2015-01-16,3038,top_6,0.4117579350606715,0.22074452992064256,0.23678626488809484,0.4695696603082318,0.6074369242967504,0.3689796169990962,0.46277856938686435
2015-01-16,3038,flag_nested,0.35884673176182014,0.10735497889648023,0.12792124692773463,0.24189715460950773,0.6242604946654984,0.38970116520001274,0.2556063013651227
2015-02-05,3052,market_1,0.3416372122585071,0.014897534826749572,0.017331338791682725,0.2715872271240477,0.5594606032850601,0.31299616662808327,0.24777585158670656
2015-02-05,3052,block_2_3,0.43393886041890684,0.11058153358198831,0.1048316876410109,0.14930620604015904,0.8005309002350369,0.6408497222311185,0.17230235028763702
2015-02-05,3052,block_4_6,0.5341332080296497,0.24475200372064954,0.22221384815033182,0.411983204287965,0.7501501752436245,0.5627252854180405,0.35368300737969915
2015-02-05,3052,top_3,0.4307891003862347,0.11143007171992031,0.10613645654275077,0.15140526438534918,0.7977777208363669,0.6364492918628684,0.17675428742644472
2015-02-05,3052,top_6,0.4804212482472854,0.2480664629256503,0.237597935455345,0.4378039036464421,0.6864394084028612,0.47119906140847023,0.3627530647102765
2015-02-05,3052,flag_nested,0.46375091627697784,0.12090072446635813,0.11603514235883976,0.35118131979630757,0.7260665528293739,0.5271726391375303,0.31146968908001127
2015-02-26,3066,market_1,0.2677263609561503,0.012728402793868498,0.018053532716800456,0.27662584608539403,0.5504951832451509,0.30304494677611227,0.13194090535757846
2015-02-26,3066,block_2_3,-0.18392490966059835,0.2039410577810394,0.11581320789281103,0.40675271287905534,0.6817815937329181,0.46482614155299773,0.030711805906268503
2015-02-26,3066,block_4_6,0.3008354842306227,0.3284374585328968,0.2084430508395532,0.4349832815943213,0.6931106966980696,0.4804024378772832,0.3082053660136077
2015-02-26,3066,top_3,-0.1802173583970881,0.20431156493047464,0.11697300584386562,0.4043668858480791,0.6800782430369499,0.4625064166522247,0.03177509738684805
2015-02-26,3066,top_6,0.4247370345006804,0.2808162501491396,0.232199983668677,0.35821060965981827,0.6521967653391851,0.425360620718896,0.34813323103679494
2015-02-26,3066,flag_nested,0.1668214509663197,0.16498296422287617,0.11778354502318465,0.3724148030578268,0.6471487667002325,0.4188015262416317,0.21995191268001177
2015-03-18,3080,market_1,0.44465168182319315,0.012536007505979494,0.015931010023923112,0.42742549979810274,0.6260246415695696,0.3919068518523079,0.2690937229864714
2015-03-18,3080,block_2_3,-0.11149083890468856,0.1429665205680699,0.09967773282164104,0.27996298409716724,0.6130701945461812,0.37585506344089226,-0.022744881874383758
2015-03-18,3080,block_4_6,0.20716448017657887,0.25654862059335143,0.1903713499863192,0.31126865000974124,0.7229262709931923,0.5226223932921223,0.13051248268068177
2015-03-18,3080,top_3,-0.10458002263888914,0.1434789677069149,0.10083430045639968,0.28126065940024875,0.6133156183889859,0.37615604775986433,-0.020167571659077753
2015-03-18,3080,top_6,0.293031551531245,0.23678626488809473,0.2078164227357288,0.2677580571755671,0.7089101896414366,0.5025536569774576,0.18217106929075855
2015-03-18,3080,flag_nested,0.14923753928071165,0.12792124692773457,0.10411977104760342,0.26993095391185057,0.6740571017367375,0.4543529764017308,0.08453138082664821
2015-04-07,3094,market_1,0.17097112354523275,0.01733133879168273,0.013626962765132814,0.24521655364242045,0.6697148904699746,0.44851803451720995,0.1558467626368531
2015-04-07,3094,block_2_3,0.026513301919118572,0.1048316876410109,0.09475231436867221,0.2508643964040401,0.764668398647672,0.584717759890395,-0.12872602885929335
2015-04-07,3094,block_4_6,0.0457141547699234,0.22221384815033185,0.17648283376114543,0.06328531153203154,0.7195175826047837,0.5177055516774316,-0.028482079841317808
2015-04-07,3094,top_3,0.02686866718897491,0.10613645654275075,0.09552100404696938,0.2513408073923955,0.7641735141822973,0.5839611597777218,-0.12551595882111544
2015-04-07,3094,top_6,0.06309144699311689,0.23759793545534486,0.1882625483256086,0.0013133466609625887,0.6940025229586155,0.4816395018729237,0.027758875865223645
2015-04-07,3094,flag_nested,0.054241864258326326,0.1160351423588397,0.09557324958336781,0.09780864789278672,0.721217067361511,0.5201540582535384,-0.02093963965411835
2015-04-27,3108,market_1,0.19993749352757556,0.018053532716800474,0.011731732482382011,0.1708950110720551,0.80505845786596,0.6481191205815173,0.2092611192426323
2015-04-27,3108,block_2_3,0.29545569994049065,0.11581320789281105,0.09317848554757653,0.22954166927206987,0.7398312375021172,0.5473502599839145,-0.121298573731845
2015-04-27,3108,block_4_6,-0.03518137135836888,0.2084430508395532,0.17355093045462097,0.14511044275342175,0.6774865963575968,0.4589880882442011,-0.1711646394353641
2015-04-27,3108,top_3,0.2926990391529004,0.11697300584386564,0.09386712934326157,0.23046527631855204,0.7378084400854346,0.544361294261302,-0.11591271369980294
2015-04-27,3108,top_6,-0.08900881616059966,0.23219998366867708,0.16895773774470907,0.09692258540959323,0.718259768133353,0.515897094518978,-0.12075388371265801
2015-04-27,3108,flag_nested,0.05099964956792855,0.1177835450231847,0.08850103047265244,0.1447069925609469,0.7249239934251921,0.5255147962435276,-0.11549778248350732
2015-05-21,3122,market_1,0.179149457196768,0.015931010023923112,0.011620204585040294,0.1786230514857745,0.7902100760242939,0.6244319642503203,0.1614343647754277
2015-05-21,3122,block_2_3,0.06558098070306283,0.09967773282164104,0.1506210212834881,0.08038070880904685,0.4839433315887149,0.2342011481891848,-0.08204536349659634
2015-05-21,3122,block_4_6,-0.026123197220346766,0.19037134998631916,0.21816033597585247,0.02655692911055558,0.5657636086099957,0.3200884608274045,-0.09422540964781206
2015-05-21,3122,top_3,0.06572440089740471,0.10083430045639967,0.1510000664128846,0.08190809591435991,0.4831629639912627,0.23344644977282225,-0.07819995297061723
2015-05-21,3122,top_6,-0.08223862577991102,0.20781642273572876,0.17965001581502862,0.02569655546777604,0.7203595826978535,0.5189179283846257,-0.11003530437775233
2015-05-21,3122,flag_nested,-0.012159237379459672,0.10411977104760341,0.11451807952118326,0.046486812190967904,0.6095583438990365,0.37156137461693606,-0.09243610650933391
2015-06-10,3136,market_1,0.10155780271556039,0.013626962765132812,0.012998959514026949,0.1976789802105333,0.7983311145414543,0.6373325684450009,0.03947517962344121
2015-06-10,3136,block_2_3,0.24204068655752642,0.09475231436867221,0.14865657131720722,0.11037552553031542,0.3670261293925846,0.13470817965690207,0.04211490396867044
2015-06-10,3136,block_4_6,0.11254171038247812,0.17648283376114543,0.1978775392531872,0.08737811006029816,0.722886889119978,0.5225654544615596,0.009674272155069462
2015-06-10,3136,top_3,0.23985463983504238,0.09552100404696935,0.14914835476614607,0.11289504233969282,0.3644413386397293,0.13281748930951798,0.04496522396470362
2015-06-10,3136,top_6,0.0004822821921880857,0.18826254832560868,0.18018029787068623,0.09299771295667383,0.801382594085491,0.6422140621031907,-0.004078615765406184
2015-06-10,3136,flag_nested,0.1064509298578222,0.09557324958336784,0.11399505902329672,0.10071888233728024,0.6487989988411123,0.4209401408972294,0.0031323198899392206
2015-06-30,3150,market_1,0.02491702348950363,0.011731732482382008,0.01188165392008764,0.37436352418336827,0.784152610307328,0.6148953162517963,0.11653456503949156
2015-06-30,3150,block_2_3,0.28818579614056145,0.09317848554757668,0.10317614199557568,0.2399371110360833,0.6006970451470555,0.3608369400484035,0.193644682129735
2015-06-30,3150,block_4_6,0.2250512137542436,0.1735509304546209,0.18460534683630905,0.2854391554390592,0.7359912149603386,0.5416830684987952,0.07821123003163338
2015-06-30,3150,top_3,0.2844206225546339,0.09386712934326162,0.10382653949568182,0.23640085951631656,0.5995287024738915,0.35943466509002797,0.19173318133106854
2015-06-30,3150,top_6,0.18062999153470088,0.16895773774470907,0.1945927442801972,0.25104580608705096,0.7226888451529137,0.5222791669084521,0.02395596827386844
2015-06-30,3150,flag_nested,0.2161433356925078,0.08850103047265247,0.10022747372274013,0.24800670645052955,0.6900337249503223,0.4761465415688171,0.0894296984376093
2015-07-21,3164,market_1,0.07073284967326425,0.011620204585040294,0.01074349519347984,0.463586765826789,0.8407239364439605,0.7068167373098286,0.17873403668508528
2015-07-21,3164,block_2_3,-0.16435016955792178,0.15062102128348812,0.11263128408157379,0.20971529662282481,0.5681260261297146,0.3227671815659413,-0.0354151749740057
2015-07-21,3164,block_4_6,-0.011407542867047038,0.21816033597585244,0.16469420488605285,0.24294195648156716,0.7369026245302174,0.5430254780395225,0.041174514441498326
2015-07-21,3164,top_3,-0.1618139798768641,0.1510000664128847,0.11307911649449696,0.20651732870677497,0.5685342673814018,0.3232312131869073,-0.035234069849407364
2015-07-21,3164,top_6,0.1243115952670771,0.1796500158150287,0.18780453271168274,0.19401787882861743,0.7071811344250168,0.5001051568866535,0.05360830345670175
2015-07-21,3164,flag_nested,-0.018377314242366594,0.11451807952118331,0.10127261213776696,0.20344999991549673,0.6657883884104566,0.44327417814219283,0.014657816231522567
2015-08-10,3178,market_1,-0.12005705814710906,0.012998959514026954,0.01296677472140878,0.3829224357347149,0.7757670652065535,0.6018145394591887,-0.15672566438992447
2015-08-10,3178,block_2_3,-0.28502546311712285,0.1486565713172072,0.10764409678030162,0.29054243844356653,0.6346226347885905,0.40274588858601257,0.10199854323352327
2015-08-10,3178,block_4_6,-0.11710940432818527,0.19787753925318718,0.14427249870817677,0.3615553712907995,0.7932793447694685,0.6292921188378773,0.1489873989551375
2015-08-10,3178,top_3,-0.2819821297669905,0.14914835476614602,0.10820401727407125,0.2894307519208965,0.6328286799110784,0.4004721381179981,0.10232897858011158
2015-08-10,3178,top_6,0.14936436064125483,0.1801802978706863,0.1594214465017022,0.305985347891419,0.7757893899394658,0.6018491775426484,0.09311539501962052
2015-08-10,3178,flag_nested,-0.07912521497012774,0.11399505902329672,0.09114113578515166,0.3019782336671356,0.7196262042695936,0.5178618738714627,0.09829958108327708
2015-08-28,3192,market_1,0.004672125065061626,0.011881653920087656,0.014420924401787645,0.28558126427984776,0.6462538547075921,0.4176440447244215,-0.058487507245481705
2015-08-28,3192,block_2_3,0.24273374226827157,0.10317614199557572,0.10706540345206116,0.1566653564574573,0.8257643725713028,0.6818867990080775,0.09308803290550799
2015-08-28,3192,block_4_6,0.08748631064368252,0.18460534683630905,0.1335231724748225,0.17477913312702237,0.8869465485476956,0.7866741799806702,0.07616383171905318
2015-08-28,3192,top_3,0.24107020242827015,0.10382653949568181,0.10784105947172107,0.15667539013310397,0.8245344492124467,0.6798570579380725,0.09551084739868575
2015-08-28,3192,top_6,0.164846649417296,0.19459274428019727,0.15978509579305283,0.20111839174252333,0.8308268412545112,0.6902732401489488,0.11861293985122434
2015-08-28,3192,flag_nested,0.19171866599134132,0.10022747372274014,0.0913221800524331,0.18403077169656337,0.8218299440396761,0.6754044569202571,0.0983548962875455
2015-09-17,3206,market_1,-0.012375358116348696,0.010743495193479835,0.01358584634185414,0.31892569289115713,0.70303578484249,0.4942593147690959,-0.012019317731555873
2015-09-17,3206,block_2_3,0.04678363352949401,0.11263128408157382,0.10268660351491747,0.24506885970107636,0.7932718861112082,0.6292802852944339,0.17836989863963368
2015-09-17,3206,block_4_6,0.04322069138497881,0.16469420488605294,0.18788441077134438,0.20620066558557532,0.794553142587763,0.6313146963960901,0.1259136726847918
2015-09-17,3206,top_3,0.04621293046499941,0.11307911649449694,0.10344133229995733,0.2444437088524434,0.7925581816701356,0.6281484713322716,0.17935561980577688
2015-09-17,3206,top_6,0.16119815850574373,0.18780453271168276,0.2011264492681393,0.22719146311609237,0.7688869740483594,0.5911871788612425,0.16519788723604328
2015-09-17,3206,flag_nested,0.11501686033431165,0.10127261213776696,0.1024365806862443,0.23462537836515043,0.7696271989408625,0.5923260253495581,0.16733821896474152
2015-10-13,3220,market_1,0.10644619380177857,0.012966774721408768,0.01493073916069488,0.27455265078424845,0.6719864454368295,0.4515657828508248,0.08010864680080047
2015-10-13,3220,block_2_3,0.094897175518412,0.10764409678030167,0.09640676380469325,0.2612690232546306,0.7325064179359055,0.5365656523172917,0.13220065597716074
2015-10-13,3220,block_4_6,-0.09479204010523351,0.14427249870817677,0.20550785871413155,0.36276211340081016,0.6584881866452175,0.4336066919513072,0.2000017708995993
2015-10-13,3220,top_3,0.0936786935743149,0.10820401727407122,0.09750342717278467,0.2588711561804733,0.7311932763301521,0.5346436073504218,0.13196980084363907
2015-10-13,3220,top_6,-0.018662296011169463,0.15942144650170226,0.22003532844858933,0.3597067256781967,0.6205692411058141,0.3851061830066461,0.2299659251658383
2015-10-13,3220,flag_nested,0.024693998176761097,0.09114113578515165,0.1070567950650992,0.3240403364492893,0.6591284733056031,0.434450344322175,0.19327613382387177
2015-11-02,3234,market_1,0.1615685501944714,0.014420924401787648,0.013546401390524859,0.3062918150681584,0.6586470977692714,0.43381599939988424,0.10567818019584954
2015-11-02,3234,block_2_3,-0.13621377533641055,0.10706540345206117,0.11100898771033732,0.1370676643048829,0.6716792894407092,0.45115306786357623,-0.21869512294378393
2015-11-02,3234,block_4_6,0.008583672527944319,0.13352317247482257,0.21320391450055878,0.17160365539725236,0.5353139138874716,0.2865609864015235,0.010043528326817952
2015-11-02,3234,top_3,-0.1327990241705515,0.10784105947172097,0.11180125146072463,0.13739338447650612,0.6705224334157812,0.44960033371382047,-0.2153450702966912
2015-11-02,3234,top_6,0.10476325430769076,0.15978509579305292,0.21308670965560766,0.19093861638690054,0.589331605906386,0.34731174172019985,0.08967876192334188
2015-11-02,3234,flag_nested,0.009263457791528696,0.09132218005243312,0.10916807792880732,0.1705639904247559,0.6206038796377658,0.38514917542144655,-0.026067400516749356
2015-11-24,3248,market_1,0.23021487550323735,0.013585846341854137,0.01257655884747776,0.2588070680514472,0.6207708755490533,0.38535647992993816,0.16379671497327172
2015-11-24,3248,block_2_3,-0.34422115278268933,0.10268660351491748,0.1681526057381481,0.14686565410599156,0.4510512935995126,0.2034472694577938,-0.060465476398985335
2015-11-24,3248,block_4_6,0.20050601164521706,0.18788441077134446,0.22313822598395236,0.11146575105028218,0.4626083805108655,0.21400651371888546,0.0283012465093742
2015-11-24,3248,top_3,-0.33849768925138135,0.10344133229995726,0.1685902498741223,0.14732826417364095,0.4512328828262973,0.20361111454373093,-0.05833085997472778
2015-11-24,3248,top_6,0.426213648372486,0.20112644926813922,0.1802003636266294,0.06737656504881169,0.681902586291016,0.4649911371903763,0.09087643219464313
2015-11-24,3248,flag_nested,0.051428779528495165,0.10243658068624424,0.12265570699528001,0.09946886848695764,0.5356403703539879,0.2869106063529574,-0.018372150191482844
2015-12-14,3262,market_1,0.04201779693394394,0.01493073916069488,0.014748507641980988,0.11961970115528796,0.5521828389442345,0.3049058876245143,-0.03578028735915176
2015-12-14,3262,block_2_3,0.10441240726954104,0.09640676380469324,0.10607461668361749,0.3520951994936402,0.6720779329943167,0.45168874801791303,0.06746798885291284
2015-12-14,3262,block_4_6,0.3301610552438548,0.20550785871413157,0.17060489324119185,0.11003305049527018,0.6243109413835486,0.3897641515312127,0.1938480767771233
2015-12-14,3262,top_3,0.1053245692989913,0.09750342717278468,0.10677000397511185,0.3487814606408689,0.6696590952098653,0.44844330379729513,0.06756934120192933
2015-12-14,3262,top_6,0.33197371077995164,0.22003532844858925,0.17025440788645038,0.06753612677011427,0.6834931833254417,0.4671629316523459,0.19659052502655483
2015-12-14,3262,flag_nested,0.24303459388381068,0.10705679506509916,0.09406676863488157,0.1740305309294114,0.6752152074926082,0.45591557642928593,0.13820338473736435
2016-01-06,3276,market_1,0.08784935123291959,0.01354640139052485,0.013812127299670922,0.06470142214850565,0.5227419766533599,0.27325917415546175,-0.087898013277185
2016-01-06,3276,block_2_3,0.5034420299661284,0.11100898771033729,0.142096615613456,0.04054986211994484,0.44144365491892706,0.19487250046818083,0.026648100841319612
2016-01-06,3276,block_4_6,0.30776212346438225,0.2132039145005587,0.16957551948695898,0.0167740974672277,0.6052392904377784,0.36631459868962535,0.05117344142756986
2016-01-06,3276,top_3,0.5001108186812911,0.11180125146072464,0.14259648138451328,0.04098419059370682,0.4418534817568876,0.19523449934068426,0.027091335163074992
2016-01-06,3276,top_6,0.1388829561063194,0.21308670965560766,0.15217291809264344,0.01760720640781776,0.7428674317641573,0.5518520211758748,0.08628356837233095
2016-01-06,3276,flag_nested,0.30147193703279185,0.10916807792880731,0.10405828428543619,0.026764753342163397,0.5821235646487465,0.33886784451936347,0.03682640504607794
2016-01-27,3290,market_1,0.27178701630599356,0.012576558847477763,0.012379778707913559,0.10995702439018684,0.5698185336923905,0.324693161339346,0.037933023602773
2016-01-27,3290,block_2_3,0.2946245989919433,0.16815260573814822,0.1260102630512022,0.012951395301978006,0.5339510755717959,0.28510375110427755,-0.08675866113469703
2016-01-27,3290,block_4_6,0.29172441825237533,0.22313822598395242,0.18729477682536155,-0.09944185253836983,0.7606735676297162,0.5786242764905205,0.1651772290352578
2016-01-27,3290,top_3,0.29447023030722547,0.16859024987412236,0.12643317082304165,0.015274300298905561,0.5349661753965228,0.28618880881838304,-0.08347477192374377
2016-01-27,3290,top_6,0.22353800174874464,0.18020036362662928,0.19689365840202527,-0.05732379533896642,0.7601288698325723,0.5777958987529437,0.18303690230327946
2016-01-27,3290,flag_nested,0.25786091807292644,0.12265570699528,0.10928354527925033,-0.030128032188079676,0.691909657013041,0.47873897346790406,0.054419565489462224
2016-02-17,3304,market_1,0.18421757382119558,0.01474850764198099,0.013451774533476313,-0.09573101829424555,0.6478801251118449,0.41974865651493976,-0.17639918049126385
2016-02-17,3304,block_2_3,0.20879388041686814,0.1060746166836175,0.13265392600018852,-0.008447642528802658,0.7012235426838471,0.491714456814085,-0.008118836705861018
2016-02-17,3304,block_4_6,0.27323959136326686,0.17060489324119188,0.19418101649737637,0.1371118697962608,0.7154893637784933,0.5119250296801532,0.13512168473284486
2016-02-17,3304,top_3,0.2091561957989144,0.10677000397511185,0.13287963816232637,-0.004296466123767356,0.7007710080910384,0.49108000578093014,-0.0039723513353674645
2016-02-17,3304,top_6,0.30975764296457375,0.17025440788645044,0.19972940659458066,0.23201412413025083,0.6681371859301869,0.44640729922270916,0.19114247692915032
2016-02-17,3304,flag_nested,0.26220309607670916,0.0940667686348816,0.11276194228219746,0.11905643782498958,0.6814257778447458,0.4643410907113167,0.09185465967424902
2016-03-08,3318,market_1,0.0544646173549389,0.013812127299670924,0.015151249064194225,-0.043088305822219466,0.5778305346158448,0.3338881267344328,-0.11807166210051512
2016-03-08,3318,block_2_3,0.0192919584551879,0.142096615613456,0.14269143436229398,0.17022237977662436,0.8268853722733791,0.683739418879685,0.27931617025015465
2016-03-08,3318,block_4_6,-0.019816323564815115,0.16957551948695906,0.24706563789141764,0.10074888199262796,0.754361664229271,0.5690615204587551,0.023656815233734998
2016-03-08,3318,top_3,0.018903740216112675,0.14259648138451333,0.1433573885525948,0.16855249192218108,0.8254731393979835,0.6814059038675626,0.2751839438471261
2016-03-08,3318,top_6,0.14381765595196652,0.1521729180926434,0.23745459575120986,0.11724334057185845,0.6963162291181609,0.48485629093333504,0.0611696599761056
2016-03-08,3318,flag_nested,0.07533889295658633,0.10405828428543622,0.12836453874145645,0.13505627272723703,0.7514151707305075,0.5646247588039572,0.12385013160584545
2016-03-29,3332,market_1,-0.027197049109422246,0.012379778707913562,0.01762543253145854,-0.00904817256689426,0.5437209786679373,0.2956325026436195,-0.03201162781559267
2016-03-29,3332,block_2_3,0.2790342016081936,0.12601026305120222,0.11726398860262464,0.28172854668633324,0.7782464479878478,0.6056675338057016,0.34176582880904066
2016-03-29,3332,block_4_6,0.13215075601766677,0.18729477682536155,0.2282393885210657,0.05072394224777066,0.6700136689178082,0.44891831653670233,0.019074063829490506
2016-03-29,3332,top_3,0.27428832999660324,0.12643317082304167,0.11857513954964004,0.27795950612948395,0.7746282195922615,0.6000488785886766,0.33590519490153686
2016-03-29,3332,top_6,0.14260945337678982,0.19689365840202527,0.2238079292322958,0.018091204049706558,0.6601425825129018,0.43578822924680327,-0.014167775095147238
2016-03-29,3332,flag_nested,0.19106340823893544,0.10928354527925033,0.11552348380106355,0.11042208754839246,0.6765088636098068,0.4576642425426324,0.10053343249685484
2016-04-18,3346,market_1,-0.011853173783627583,0.013451774533476308,0.01947240107023336,-0.07700578568405157,0.38690883398935816,0.1496984458190047,-0.09132929747708843
2016-04-18,3346,block_2_3,0.5409643238675044,0.1326539260001885,0.11227448588738156,0.3240809755942168,0.5680949038361041,0.32273181976455256,0.41695169017352934
2016-04-18,3346,block_4_6,0.1592092815243608,0.19418101649737637,0.2552281102160591,0.11906795585758295,0.7471540266280045,0.5582391395064408,0.008380221215599264
2016-04-18,3346,top_3,0.5317794182592547,0.13287963816232637,0.11393270236193141,0.3207234758135019,0.564047717073646,0.3181498271359917,0.40940824112341623
2016-04-18,3346,top_6,0.043090050320557724,0.19972940659458058,0.253157284510508,0.07831699119540958,0.7630909732980155,0.5823078335289125,-0.08874541949878247
2016-04-18,3346,flag_nested,0.2175923253075508,0.11276194228219744,0.12404634782771004,0.14887768751377983,0.7222974984247339,0.5217136762306287,0.09937833040951698
2016-05-12,3360,market_1,0.3983437276236549,0.01515124906419423,0.015291801447127676,0.4275556861952626,0.4866491664088152,0.2368274111663946,0.4068810964772088
2016-05-12,3360,block_2_3,0.07774942297599534,0.142691434362294,0.13550586156619612,-0.26461838484043454,0.6743051850808366,0.4546874826269012,-0.2302936955539722
2016-05-12,3360,block_4_6,0.2562658907978031,0.24706563789141778,0.22811495241742777,0.0585495485136887,0.7729860322098154,0.5975074059914738,-0.13669456209978456
2016-05-12,3360,top_3,0.08010390529812825,0.14335738855259483,0.13627590991389146,-0.2608555593314433,0.6724787361966197,0.45222765063660286,-0.2271271115450401
2016-05-12,3360,top_6,0.2780790591933603,0.23745459575120997,0.2180935945439374,0.20844343026543274,0.7909253009258717,0.6255628316446806,0.0033792490028949906
2016-05-12,3360,flag_nested,0.19600197236360384,0.12836453874145648,0.11979851026884247,0.01169280455748997,0.739704929393099,0.5471633825684495,-0.12777960477087755
2016-06-01,3374,market_1,0.22891358146844282,0.017625432531458537,0.013937103205722608,0.24320148052825302,0.5736515881703985,0.3290761446104207,0.1706070993667251
2016-06-01,3374,block_2_3,0.06383922755215427,0.11726398860262473,0.1199540168746603,0.11354283181663224,0.6168950151583588,0.3805594597272315,0.022405354745140337
2016-06-01,3374,block_4_6,0.16858973762810636,0.2282393885210657,0.2661607926852055,0.09203651220740794,0.6259370222853008,0.39179715586738917,0.09561216408070308
2016-06-01,3374,top_3,0.06631815952135656,0.11857513954964005,0.12027907103637063,0.1148655712180579,0.6181477420295035,0.3821066309761738,0.023604506372366534
2016-06-01,3374,top_6,0.18734482774047237,0.22380792923229578,0.27772793279198527,0.0939433752529819,0.6331188838745516,0.40083952111855803,0.10836194246723625
2016-06-01,3374,flag_nested,0.1497243984710792,0.11552348380106353,0.13368643136475236,0.10254713577195727,0.6243718656092948,0.3898402265644313,0.08643749544042037
2016-06-21,3388,market_1,0.11957659798964176,0.01947240107023338,0.014426057913804255,0.18047442394482555,0.7196156839190924,0.5178467325423431,0.041609065759035384
2016-06-21,3388,block_2_3,-0.13009228777521173,0.11227448588738156,0.13786952791166193,0.0036235441768838286,0.7912123000077819,0.6260169036836045,-0.11659496054409604
2016-06-21,3388,block_4_6,0.034895069248993334,0.2552281102160591,0.4313538349971888,-0.3336054824479453,0.4169279687649075,0.17382893113843167,-0.49757695971680027
2016-06-21,3388,top_3,-0.1256212106683662,0.11393270236193145,0.138128049814989,0.007828135792613747,0.7904066742836284,0.6247427107521062,-0.11317101442594081
2016-06-21,3388,top_6,0.09064655449022069,0.25315728451050795,0.4356154315671803,-0.29009570067209106,0.39005568257292655,0.1521434355074316,-0.4400605490462158
2016-06-21,3388,flag_nested,0.04292721664044158,0.12404634782771004,0.19543463843121545,-0.21178947040682136,0.5056496622721531,0.2556815809559425,-0.38327819695291854
2016-07-11,3402,market_1,0.33918806371771815,0.015291801447127665,0.013883168693750699,0.28607764971719407,0.7899826111576145,0.6240725259314027,0.20768722570187148
2016-07-11,3402,block_2_3,-0.4369161549163918,0.1355058615661961,0.19145003305605274,-0.4162324873749608,0.5980325749931861,0.35764296075298085,-0.4756340777774234
2016-07-11,3402,block_4_6,0.023798666645637654,0.2281149524174277,0.43979891949739885,-0.488320538325183,0.5963940255790984,0.35568583374644214,-0.5456904910366206
2016-07-11,3402,top_3,-0.4334859929002373,0.13627590991389144,0.19161870543977838,-0.4132093842604114,0.5963519115725228,0.35563560243620207,-0.4727380978424401
2016-07-11,3402,top_6,0.22913265456201568,0.2180935945439373,0.42399360286165766,-0.3606243586105901,0.6029541027390825,0.3635536500098919,-0.4133419902099821
2016-07-11,3402,flag_nested,-0.006886840765733683,0.11979851026884245,0.20589742027456173,-0.36983482353239777,0.5876170963101581,0.3452938518759815,-0.4223628597883992
2016-08-01,3416,market_1,0.4141836758588898,0.013937103205722607,0.012780351530752458,0.5073905822588873,0.8222180324371213,0.6760424928647712,0.23707816851280789
2016-08-01,3416,block_2_3,-0.11538165967457294,0.11995401687466027,0.14857823839068413,0.2150464265385054,0.3833454350165362,0.14695372254801709,0.24904938693908737
2016-08-01,3416,block_4_6,0.4037683375475977,0.26616079268520554,0.596767908942648,0.18242499009960905,0.8706379315513741,0.7580104078560554,0.08555832736449909
2016-08-01,3416,top_3,-0.11620348623577816,0.12027907103637062,0.14884440798649554,0.21350836841038254,0.38415311842280725,0.14757361839396743,0.24709035450776237
2016-08-01,3416,top_6,0.4454043414550565,0.27772793279198543,0.5901693037222787,0.1562587145132873,0.8752305574371329,0.7660285286717144,0.07031134209810073
2016-08-01,3416,flag_nested,0.3372597530991033,0.1336864313647524,0.2561214383013254,0.15701743960824632,0.8540910469742267,0.7294715165215309,0.11363001687938926
2016-08-22,3430,market_1,0.3195825562886055,0.014426057913804264,0.01256272735744355,0.4393752887304701,0.8371053121017377,0.7007453035489475,0.2138919526547303
2016-08-22,3430,block_2_3,0.3640236504003066,0.13786952791166193,0.12985825225176267,0.5402881676631155,0.8003380349153516,0.6405409701321665,0.3821514239194806
2016-08-22,3430,block_4_6,0.33292842297613634,0.4313538349971889,0.48677692897365993,-0.34459082042375855,0.9047783552397317,0.8186238721103142,-0.2797232768298852
2016-08-22,3430,top_3,0.36039127311484187,0.138128049814989,0.13022295139048903,0.5359730642155761,0.7996062839105663,0.6393702092692654,0.3789286970712997
2016-08-22,3430,top_6,0.3228841802063126,0.43561543156718024,0.48572934841987403,-0.4116343955185134,0.9061025533477115,0.8210218371832424,-0.3772776539669384
2016-08-22,3430,flag_nested,0.3276892139570903,0.19543463843121545,0.2124444895206116,-0.23970263060843847,0.889429779767066,0.7910853331364918,-0.13189434017680118
2016-09-09,3444,market_1,0.2837455543535489,0.01388316869375069,0.01210468716022324,0.47461146011730093,0.8029151013797913,0.6446726600237205,0.263010999855392
2016-09-09,3444,block_2_3,-0.1353561272788284,0.19145003305605282,0.09223579554164969,0.59670202896196,0.8564755443431898,0.7335503580579632,0.009320405509484162
2016-09-09,3444,block_4_6,0.2868497870253455,0.4397989194973989,0.2707094313066649,-0.48879525300585014,0.9501884439249197,0.9028580789684605,-0.2117293600364649
2016-09-09,3444,top_3,-0.13514045502466326,0.19161870543977844,0.09286420793314941,0.5927180764108941,0.8554910177528442,0.7318648814557973,0.006516841915102049
2016-09-09,3444,top_6,0.347605831970773,0.4239936028616579,0.2722036488469369,-0.5513859372932953,0.9490369873079231,0.9006712032784994,-0.19997728192677336
2016-09-09,3444,flag_nested,0.2324034039303306,0.20589742027456184,0.12397680521181517,-0.36556271722190126,0.9417368740080855,0.8868683398665207,-0.14393686304651448
2016-10-03,3458,market_1,0.2773367831894592,0.012780351530752453,0.01147443141813241,0.5727340239442521,0.8154865387089136,0.6650182948154444,0.23938124159141141
2016-10-03,3458,block_2_3,-0.6183931958685983,0.14857823839068424,0.21216673384251686,-0.02495458055325753,0.09593411623293617,0.009203354657394414,-0.09487802195333811
2016-10-03,3458,block_4_6,-0.1871480660250549,0.596767908942648,0.2966486411286042,-0.5672764249607422,0.8073036058979886,0.6517391120958952,-0.14125268092863283
2016-10-03,3458,top_3,-0.6160328113841436,0.14884440798649556,0.21245282669819732,-0.025756835208161168,0.09855294136382328,0.009712682251461158,-0.09690588716853119
2016-10-03,3458,top_6,-0.0714700057924893,0.5901693037222789,0.24379801831796244,-0.5500911820708042,0.8764768165068,0.7682116098738946,0.08971332808914889
2016-10-03,3458,flag_nested,-0.20132956628410026,0.25612143830132544,0.1583771113187817,-0.4835337287259924,0.7315844261045892,0.5352157725187812,-0.18648178355212955
2016-10-24,3472,market_1,0.2255484575632161,0.012562727357443551,0.012505930845735501,0.4290483397325958,0.7696051596650592,0.5922921017830811,0.1757474870988578
2016-10-24,3472,block_2_3,-0.4398876504776896,0.12985825225176276,0.3610384179916212,-0.5089132195738333,-0.1720695681125602,0.029607936270443003,-0.51912617797076
2016-10-24,3472,block_4_6,-0.15034674002208387,0.4867769289736601,0.45931004366975176,-0.3281467698111519,0.624983884188662,0.39060485549554713,-0.25307041323046514
2016-10-24,3472,top_3,-0.4380708781598007,0.13022295139048903,0.36124577375029326,-0.5078491644256383,-0.1698237922616517,0.028840120418128667,-0.5182246660756102
2016-10-24,3472,top_6,-0.06930125864909566,0.4857293484198742,0.3203742685889488,-0.2935551400358778,0.8523364984540998,0.7264775065969957,-0.08596328075534751
2016-10-24,3472,flag_nested,-0.1648205055728108,0.21244448952061165,0.24650053411595613,-0.3112492295581841,0.47554703500474205,0.22614498250180148,-0.29246741742816285
2016-11-14,3486,market_1,0.19841725870864502,0.012104687160223249,0.011655011146269005,0.25255673127489753,0.8120868115215677,0.6594849894472665,0.12052901689113849
2016-11-14,3486,block_2_3,0.45264265254459557,0.09223579554164969,0.29198469329773485,0.020300510432334485,0.008002464476087623,6.403943769128784e-05,0.02100368097406304
2016-11-14,3486,block_4_6,0.025379681868716107,0.27070943130666497,0.5180436123956662,0.09864294208509672,0.4517811953313253,0.20410624845500136,-0.22235693357201308
2016-11-14,3486,top_3,0.44983734100076417,0.09286420793314941,0.2922031781467221,0.019382721850544765,0.009898900572137282,9.798823253703848e-05,0.017635926948073637
2016-11-14,3486,top_6,-0.0469984958431716,0.2722036488469368,0.44791225252354216,0.10514346156400564,0.6140608435437793,0.377070719573698,-0.4055835330141948
2016-11-14,3486,flag_nested,0.10174609829590658,0.12397680521181513,0.249066863950132,0.09313964940272776,0.37767220728989087,0.14263629615921825,-0.13603854538238627
2016-12-05,3500,market_1,0.21388962684688737,0.011474431418132404,0.012628758307094576,0.2159591986048446,0.7727789493453131,0.5971873045512461,-0.017854075137519295
2016-12-05,3500,block_2_3,0.7290164172019724,0.2121667338425168,0.1166355913017455,0.12665743108486358,0.9162555246000207,0.8395241863600595,0.48879837520108077
2016-12-05,3500,block_4_6,0.23074613311759606,0.29664864112860406,0.7347413766149025,0.37806441167158844,0.7494252700498308,0.5616382353892622,0.6161689736016774
2016-12-05,3500,top_3,0.7256773484508653,0.2124528266981974,0.11722296870320129,0.12519443857335527,0.9154754461593931,0.8380952925207401,0.4831560637429573
2016-12-05,3500,top_6,0.19151327698872855,0.24379801831796225,0.731268951284612,0.3857536064397056,0.7778720060788623,0.6050848578411534,0.6394998804209472
2016-12-05,3500,flag_nested,0.24206626702830483,0.15837711131878168,0.3063749448835402,0.34715396886224387,0.7382848074042304,0.5450644568439018,0.5516028221433847
2016-12-26,3514,market_1,0.24759435565735222,0.012505930845735508,0.013388754211898309,0.34154829433154454,0.7651703787392317,0.585485708499939,0.07545532177347489
2016-12-26,3514,block_2_3,-0.7312223293714746,0.36103841799162106,0.20217540906466308,-0.5668994655096291,0.9782055333269826,0.9568860654315262,0.12065719133038871
2016-12-26,3514,block_4_6,0.06826654671143809,0.45931004366975176,0.4392226055970138,0.2294171956178484,0.8496405926571183,0.7218891366907395,0.5173788630401156
2016-12-26,3514,top_3,-0.7286954502368237,0.3612457737502934,0.2025973051521595,-0.5660318355059124,0.977808448829838,0.9561093626030139,0.11853624075020822
2016-12-26,3514,top_6,0.517768233144671,0.32037426858894885,0.4004938129106079,0.5759414093190831,0.7809307096507961,0.609852773275696,0.7086331612927828
2016-12-26,3514,flag_nested,-0.13416718326615487,0.24650053411595618,0.2014787758572398,0.04232461418092001,0.8777787781243593,0.7704955833254931,0.38395183159277063
2017-01-18,3528,market_1,0.13355796708679296,0.011655011146269005,0.013546391838356897,0.37104813480616416,0.75789925546788,0.574411281438767,0.14776546185315692
2017-01-18,3528,block_2_3,-0.5985130139837996,0.2919846932977349,0.2008610279662017,0.06402871862822028,0.9417152015610067,0.8868275208510874,-0.05909876039369304
2017-01-18,3528,block_4_6,0.44618426602465616,0.518043612395666,0.42116539814415177,0.6717627803810001,0.7007100324728236,0.49099454960806566,0.5887675609950165
2017-01-18,3528,top_3,-0.5963652127278363,0.2922031781467221,0.20129909331510634,0.06457851657774931,0.9405377035135692,0.8846111717305782,-0.05602900132957614
2017-01-18,3528,top_6,0.7648183139003781,0.44791225252354216,0.3828848068341999,0.8085273147234929,0.6116750267989498,0.37414633840949596,0.7467127104588214
2017-01-18,3528,flag_nested,0.20951970358558755,0.24906686395013203,0.19525387475218864,0.5375077651189609,0.7430151517191498,0.5520715156842312,0.43398007773380026
2017-02-07,3542,market_1,0.1250525612574491,0.012628758307094576,0.013042708129689079,0.2999028606523721,0.7639170272479753,0.5835692245193842,0.060441674459380784
2017-02-07,3542,block_2_3,-0.11099722376511312,0.11663559130174544,0.14745726747052787,0.8455101730855289,0.8880852080793312,0.788695336809309,0.5005427790917845
2017-02-07,3542,block_4_6,-0.04962233767077956,0.7347413766149027,0.2017165503835331,0.5226277357768698,0.7851990258425012,0.6165375101840131,-0.12498887467673461
2017-02-07,3542,top_3,-0.10854094132389762,0.1172229687032013,0.14795078809476203,0.8425453118896463,0.8868379367338787,0.7864815260304033,0.5023372425718498
2017-02-07,3542,top_6,-0.04101204019327627,0.7312689512846122,0.17822743761300444,0.4791253634634808,0.7307813771194331,0.5340414211445751,-0.07434579089936691
2017-02-07,3542,flag_nested,-0.043276084728756756,0.3063749448835402,0.11296353713031866,0.49961182151489103,0.7782807652744423,0.6057209495961715,-0.07170453575157602
2017-02-27,3556,market_1,0.24831689738905688,0.013388754211898312,0.012715352445326508,0.29153558843623595,0.7637940986856621,0.5833814251870426,0.04605707707118364
2017-02-27,3556,block_2_3,0.01874799736323137,0.20217540906466303,0.0985301714800272,-0.0028553814119712507,0.8809137374109405,0.7760090127593117,-0.01964264437476206
2017-02-27,3556,block_4_6,0.5143974056478496,0.4392226055970137,0.21406470509913814,0.4178174776241969,0.8619796447912245,0.7430089080344056,-0.0001977187264164137
2017-02-27,3556,top_3,0.020366636463456197,0.20259730515215943,0.09927805073293941,-0.0020326752263669762,0.880107023540952,0.7745883728861139,-0.01848581561598863
2017-02-27,3556,top_6,0.5134592446673691,0.4004938129106079,0.22676772325736985,0.5471903524473851,0.8212785663559465,0.674498483555679,-0.015435978862292492
2017-02-27,3556,flag_nested,0.35997457613556777,0.20147877585723978,0.10962507632292934,0.30115881950003326,0.8411141593377917,0.7074730290385198,-0.006225412541450146
2017-03-17,3570,market_1,0.2986054181155947,0.013546391838356897,0.011126042115086667,0.4355683823431806,0.7791164744244519,0.6070224807195876,0.25498697568348977
2017-03-17,3570,block_2_3,0.7892107120611175,0.20086102796620167,0.14459550821352196,0.4314169765657748,0.5645851138118069,0.3187563507378911,0.7719730978935139
2017-03-17,3570,block_4_6,0.6146126954935103,0.421165398144152,0.250583262654015,0.6449695540985243,0.7499773475647841,0.562466021860309,0.5854412674802559
2017-03-17,3570,top_3,0.7871912648993049,0.20129909331510648,0.14497475586974473,0.43012979466679246,0.5655117935073686,0.31980358859592084,0.769555242718711
2017-03-17,3570,top_6,0.47683273895286366,0.38288480683420006,0.22852085894153934,0.6618180316288844,0.7949155375191789,0.6318907117894055,0.321766337773759
2017-03-17,3570,flag_nested,0.5965348657591939,0.1952538747521887,0.12583049148837971,0.5608169060016605,0.7140306475835161,0.5098397656885354,0.5833811503092649
2017-04-07,3584,market_1,0.16781993460213826,0.01304270812968908,0.012361645730211633,0.35403296403672313,0.7546731393124633,0.5695315471997284,0.30939543109512163
2017-04-07,3584,block_2_3,0.5114134522670363,0.14745726747052784,0.1388797201035013,0.6135734295733101,0.4405353101118322,0.19407135945532838,0.6195211805700465
2017-04-07,3584,block_4_6,0.3262846822328847,0.20171655038353314,0.2244663993930122,0.3627115703996279,0.7234010301998645,0.5233090504942252,0.4509945258485353
2017-04-07,3584,top_3,0.5114335666728397,0.147950788094762,0.1392425086859191,0.610350539914646,0.4419381317815016,0.19530931232252402,0.616349883947233
2017-04-07,3584,top_6,0.12112299034528408,0.1782274376130044,0.2029485499790011,0.22280425998204773,0.7639172295960064,0.5835695336736375,0.25072675158762625
2017-04-07,3584,flag_nested,0.3255105368865264,0.11296353713031865,0.1161047860769394,0.36792574938961287,0.6706860161633293,0.44981973227703786,0.4036768983056926
2017-04-27,3598,market_1,-0.10234394848354694,0.012715352445326516,0.012652095205050947,0.14413321484824979,0.7013127794492668,0.49183961461885606,0.007329251463332165
2017-04-27,3598,block_2_3,-0.1303223486230717,0.09853017148002724,0.12467002241428535,0.11968867669075642,0.3454837708429859,0.1193590359158887,-0.05741100500237937
2017-04-27,3598,block_4_6,0.07112973624277576,0.21406470509913816,0.23438725438850785,0.23209784279622345,0.6075736765272265,0.3691457724088112,-0.022883946890669585
2017-04-27,3598,top_3,-0.12774977509946894,0.09927805073293938,0.12499966698266335,0.11855663520611229,0.3508326548361272,0.12308355169936525,-0.06058258274767849
2017-04-27,3598,top_6,0.11870439795250369,0.2267677232573699,0.22193922860969828,0.23249444933381755,0.6545431705283523,0.4284267620853075,-0.0009509395702111419
2017-04-27,3598,flag_nested,0.03529006418930877,0.10962507632292934,0.11652418044186323,0.1984646032677129,0.5732108913273927,0.32857072593634407,-0.03727804885824288
2017-05-22,3612,market_1,0.1293861836252214,0.011126042115086669,0.011646185123422387,0.29083602365775174,0.7693400898174054,0.5918841738002534,0.18452807525681103
2017-05-22,3612,block_2_3,0.7251623454286401,0.14459550821352193,0.18646261221784843,0.15955420898083247,0.11325323470620349,0.01282629517141809,0.17637496612896772
2017-05-22,3612,block_4_6,0.4276528110556323,0.250583262654015,0.26993854995399474,0.1644757529048685,0.37716034588968905,0.14224992651163015,0.14938149199339365
2017-05-22,3612,top_3,0.722674030758677,0.14497475586974476,0.18672905305013077,0.1584859890158522,0.11951000226795634,0.014282640642086841,0.1759094341141087
2017-05-22,3612,top_6,0.1959399194853872,0.2285208589415393,0.24419943234599056,0.1384696076817079,0.5363113875309655,0.2876299043953895,0.08128919700997944
2017-05-22,3612,flag_nested,0.4510622857733746,0.1258304914883797,0.14729937940108873,0.14588080889340224,0.3620934066761154,0.1311116351583146,0.14282319008572983
2017-06-09,3626,market_1,0.23026069088932438,0.012361645730211621,0.010869025768522403,0.12792222429383127,0.7283120164105623,0.5304383932480192,0.15983242285233756
2017-06-09,3626,block_2_3,0.7082814747485536,0.13887972010350128,0.28525436463279574,0.5421174395391138,-0.22541118832916748,0.05081020382396739,0.5090673324777288
2017-06-09,3626,block_4_6,0.48733592912060786,0.2244663993930122,0.35214866034752357,0.3113943257886082,0.25805365551955656,0.06659168912700597,0.35777446525071094
2017-06-09,3626,top_3,0.7065889544055854,0.13924250868591911,0.2854585454051612,0.5395274006980784,-0.21900952414036898,0.04796517166419101,0.5079905941066958
2017-06-09,3626,top_6,0.32641415760400777,0.20294854997900105,0.25500185473110815,0.2556171916359779,0.593756238001566,0.3525464701657721,0.3494237745238004
2017-06-09,3626,flag_nested,0.5385633155195988,0.1161047860769394,0.19523828284641775,0.3510055156025007,0.2022092597915872,0.04088858474546153,0.390380403205028
2017-06-29,3640,market_1,-0.006841705618683971,0.012652095205050961,0.013073781804284266,0.1281484770182373,0.6376688106490701,0.40662151207459973,-0.08577416737569436
2017-06-29,3640,block_2_3,0.4202656956700752,0.12467002241428533,0.19392878986293774,0.28357176501719883,0.08018837884509374,0.006430176101804186,0.27942014720927305
2017-06-29,3640,block_4_6,0.2826708858753415,0.2343872543885079,0.27622442338168424,0.3178485694604551,0.5114263899690557,0.26155695235678056,0.3774894055080953
2017-06-29,3640,top_3,0.41960041215351873,0.12499966698266335,0.19428213365759422,0.281979652929598,0.08665745839434186,0.007509515095367014,0.2773660254167298
2017-06-29,3640,top_6,0.2335586962021914,0.22193922860969828,0.24986905156616337,0.3304060841220426,0.6687880838215238,0.4472775010616653,0.4388466797169275
2017-06-29,3640,flag_nested,0.3132235656275299,0.11652418044186325,0.15217926954290065,0.30978073032266834,0.4667655260734373,0.21787005633061274,0.33552529651325225
2017-07-19,3654,market_1,0.02505650479444516,0.011646185123422387,0.013157103986361137,-0.08862402866836108,0.7501031915118599,0.5626547979162779,-0.0995508851214168
2017-07-19,3654,block_2_3,0.38329404485878416,0.1864626122178485,0.11229716864398855,0.2518321683633721,0.6649150090655067,0.4421119692805827,0.34394612752883896
2017-07-19,3654,block_4_6,0.18585662307733214,0.2699385499539948,0.19087026354373043,0.3259838300642495,0.8340997340183698,0.6957223662895149,0.20137549550293538
2017-07-19,3654,top_3,0.3809791658445134,0.1867290530501308,0.11287053484887546,0.24959842540581978,0.6667320343200044,0.4445316055884917,0.34052051183160376
2017-07-19,3654,top_6,0.10065893719424844,0.24419943234599048,0.20379568704193335,0.30177705050941395,0.8295855554503566,0.6882121938118765,0.12541423006992616
2017-07-19,3654,flag_nested,0.22408783326719697,0.1472993794010887,0.10649792927790004,0.27947954356891286,0.7779530416271869,0.6052109349769919,0.22387522386308312
2017-08-08,3668,market_1,0.0033941840244609287,0.010869025768522396,0.011691413833284075,-0.1677124126995529,0.8085101388413373,0.6536886446092387,-0.22074312592837686
2017-08-08,3668,block_2_3,0.8980166673537172,0.2852543646327957,0.2262441907712711,0.8191693618825341,0.9798985303526422,0.9602011297872681,0.2617880390327059
2017-08-08,3668,block_4_6,0.6332466359258617,0.3521486603475236,0.28029537961716744,0.5526693581542009,0.9597490548369598,0.9211182482604372,0.13416729585448464
2017-08-08,3668,top_3,0.8962754616308974,0.28545854540516125,0.22649470520363518,0.8163700705840938,0.9797320492845644,0.9598748883953325,0.2577484385351124
2017-08-08,3668,top_6,0.2116815638099211,0.2550018547311081,0.20637134021966386,0.35678576504175336,0.8219460890171544,0.6755953732505959,0.17390539207444622
2017-08-08,3668,flag_nested,0.6951975823340595,0.19523828284641775,0.15599624353337813,0.6305458497820026,0.9555442245990945,0.9130647651646848,0.1996641685741139
2017-08-28,3682,market_1,0.3254308253603892,0.013073781804284264,0.014976205840542378,0.18752773912272364,0.701380723847233,0.4919349197844687,0.1742413091309295
2017-08-28,3682,block_2_3,0.7744892819054118,0.19392878986293777,1.0233340200961492,0.5187850842089615,-0.44944668555076206,0.20200232315256572,0.6050008582915484
2017-08-28,3682,block_4_6,0.5537904545829211,0.2762244233816844,1.0396584508070585,0.2969160467336532,-0.11089774307498443,0.012298309419125242,0.313949841467838
2017-08-28,3682,top_3,0.7732349796709737,0.19428213365759422,1.0234313498436154,0.5166582662976595,-0.4473521325161581,0.20012393046675436,0.601928136461942
2017-08-28,3682,top_6,0.1781292760477804,0.24986905156616324,0.22970233893879494,0.30328124387460154,0.7688594446627934,0.5911448456471788,0.24806922145179683
2017-08-28,3682,flag_nested,0.5821272020989093,0.15217926954290062,0.5984608509400974,0.3592892086069838,-0.19283774427483938,0.03718639561700843,0.39291113060319094
2017-09-15,3696,market_1,0.3115134075379768,0.013157103986361142,0.01588112525734885,0.26164404710787686,0.6281960161300829,0.39463023468170755,0.21255648558096277
2017-09-15,3696,block_2_3,0.35022563109249494,0.11229716864398852,1.0569215434843986,0.022278434728368154,-0.6540850796413968,0.4278272914094924,0.3495849342628131
2017-09-15,3696,block_4_6,0.2184985910837368,0.19087026354373046,1.075794033986068,0.04420907211470219,-0.30872489790703805,0.09531106258771127,0.0666503278897043
2017-09-15,3696,top_3,0.34862362241928035,0.11287053484887542,1.0570211538017966,0.022492545129061847,-0.6518193184971419,0.4248684239660786,0.3449937940135417
2017-09-15,3696,top_6,0.16011939675614514,0.20379568704193332,0.2335616146312771,0.21102477405911502,0.6586132074037397,0.4337713569666415,0.2710516982339958
2017-09-15,3696,flag_nested,0.2309882833984758,0.1064979292779,0.6178796711111813,0.053543964603854806,-0.3769566289183823,0.14209630008551088,0.11599347210394341
2017-10-05,3710,market_1,0.2214043155399188,0.011691413833284075,0.016605881795818084,0.19400949794472677,0.5922138807921585,0.35071728060290897,0.14516894866474314
2017-10-05,3710,block_2_3,-0.7921106528020294,0.2262441907712711,0.21653566012063546,0.9279001748071671,0.959179919054799,0.920026117117971,-0.00706216525793563
2017-10-05,3710,block_4_6,-0.4548177867630549,0.28029537961716744,0.3074252010893917,0.5389417197327959,0.8594810106996199,0.7387076077532404,-0.2320787197517968
2017-10-05,3710,top_3,-0.788872572520817,0.22649470520363518,0.2170605634928852,0.9266972730016373,0.9583663705571465,0.918466100214878,-0.005485669553223456
2017-10-05,3710,top_6,0.021632734083575977,0.20637134021966394,0.2441381586719697,-0.07566877590701744,0.7908533485399953,0.6254490188969233,0.04054729920172801
2017-10-05,3710,flag_nested,-0.5058526639194849,0.15599624353337815,0.1609806141686723,0.6571850744413292,0.8794359952892946,0.7734076698104717,-0.21787327201026696
2017-10-25,3724,market_1,0.15891929643502212,0.014976205840542371,0.012850589743819384,0.10986533919185801,0.6827859754130153,0.4661966882207028,0.061339039019640704
2017-10-25,3724,block_2_3,0.8598267134584174,1.0233340200961494,0.26971079924654756,0.6718552772049478,-0.22221747396084401,0.04938060573353853,0.6897575469762348
2017-10-25,3724,block_4_6,0.7571423969046914,1.0396584508070588,0.3043384572286736,0.3285942591205985,0.48731753588086907,0.2374783807770019,0.6203960039118329
2017-10-25,3724,top_3,0.8589238995860405,1.0234313498436163,0.26999652537742397,0.6703690137332555,-0.2183556588139161,0.04767919373605922,0.6893856399837621
2017-10-25,3724,top_6,0.041357181133405516,0.229702338938795,0.20210131188490232,-0.2292706597903273,0.7704835244592124,0.5936448614630898,-0.0825115195673199
2017-10-25,3724,flag_nested,0.7508565220575538,0.5984608509400979,0.17683891617229236,0.4003666939840535,0.38449821824273556,0.1478388798318383,0.6301440570653211
2017-11-14,3738,market_1,0.08283239355610633,0.01588112525734886,0.013065029571280648,0.08901445326148111,0.6876261092353362,0.4728296661021264,0.03623978749207972
2017-11-14,3738,block_2_3,0.6855751200446831,1.0569215434843984,0.224016533733482,0.5392338345739489,-0.014971627018804804,0.00022414961559014124,0.5715238825807916
2017-11-14,3738,block_4_6,0.5581740730091883,1.0757940339860685,0.2618512078977165,0.3634690633329354,0.7241816043112502,0.5244389960228162,0.49424493461290214
2017-11-14,3738,top_3,0.6845695303903302,1.0570211538017966,0.2243743850520734,0.5377921707748095,-0.007657739638525613,5.864097637153787e-05,0.5718245938445016
2017-11-14,3738,top_6,-0.1240761829076569,0.23356161463127706,0.2046642307749629,0.2921317293761976,0.8396022393589827,0.7049319203366183,-0.17019665496639247
2017-11-14,3738,flag_nested,0.5560109508917377,0.6178796711111814,0.15470366655851553,0.36707160071384376,0.6131517112160301,0.3759550209671457,0.498500575657659
2017-12-04,3752,market_1,0.1308795913864572,0.01660588179581808,0.013593494901524946,0.2146183456518986,0.6774128736838261,0.45888820143257936,0.08758861795571667
2017-12-04,3752,block_2_3,-0.6194924739613952,0.21653566012063558,0.2841705857009527,0.04876341197222929,0.07378611936399805,0.005444391410798,0.2420960454241517
2017-12-04,3752,block_4_6,-0.4852974767791475,0.3074252010893916,0.32850438747320715,0.1272080027140625,0.49621850944411394,0.24623280911493828,0.35346825047980257
2017-12-04,3752,top_3,-0.6168087211478085,0.21706056349288522,0.2844529495696675,0.04988325618431274,0.07735120526236142,0.005983208955540054,0.2482018153610949
2017-12-04,3752,top_6,-0.16224016135006025,0.24413815867196972,0.2205473479234555,0.17395013519971883,0.764389307138756,0.5842910128680674,-0.08396611039126502
2017-12-04,3752,flag_nested,-0.4671269503401088,0.16098061416867232,0.18778391497306335,0.11105955066985014,0.3898616668082551,0.15199211924651113,0.3672102349057005
2017-12-22,3766,market_1,0.17891379164288368,0.012850589743819368,0.014190564399669281,0.14876454730765537,0.6767309849858081,0.457964826039862,-0.026445694426082002
2017-12-22,3766,block_2_3,0.8031264513141092,0.2697107992465475,0.18103606108352688,0.0687443608419551,0.5045924549168657,0.25461354555902893,0.48697445161897496
2017-12-22,3766,block_4_6,0.5955112045400963,0.30433845722867353,0.27152836587855733,0.22064926559504022,0.7711458453710316,0.5946659148330035,0.2951073966187241
2017-12-22,3766,top_3,0.8010495226387503,0.269996525377424,0.18142316919514548,0.07089700875593578,0.5059549200033848,0.25599038107563143,0.4875395550976501
2017-12-22,3766,top_6,0.2735155048688682,0.20210131188490238,0.2356452897347368,0.2790508879534468,0.8570300981707137,0.7345005891705033,-0.05372392767247256
2017-12-22,3766,flag_nested,0.6046771879518918,0.17683891617229233,0.1429251948419614,0.20364485659858786,0.7074465682133529,0.5004806468768503,0.36468170276799927
2018-01-11,3780,market_1,0.1621350118375817,0.013065029571280648,0.015296489743070895,0.22637358796379609,0.5789949656086967,0.33523517020021576,0.11522756997521916
2018-01-11,3780,block_2_3,0.7331127594644883,0.22401653373348202,0.12334585556269241,0.19146556980987858,0.6738280732435828,0.4540442722911592,0.5595117636888768
2018-01-11,3780,block_4_6,0.5025811696445661,0.2618512078977165,0.19139755220227006,0.11117188172456013,0.6308251425832706,0.39794036051520376,0.20488966845381865
2018-01-11,3780,top_3,0.7278496551554973,0.22437438505207347,0.12411608900596088,0.19135364731098303,0.6731621813733898,0.4531473224313808,0.5553121773505026
2018-01-11,3780,top_6,0.22465844606007673,0.20466423077496285,0.1826747216769503,0.16850269997965425,0.6479306700982584,0.4198141532539782,0.09632180588768907
2018-01-11,3780,flag_nested,0.5062873342439491,0.1547036665585155,0.1045494752344408,0.17733770699701673,0.656062152640203,0.4304175481268968,0.28398342259270454
2018-01-31,3794,market_1,0.2659315637403941,0.013593494901524937,0.01514561634219046,-0.0010796367336856497,0.6843226502795818,0.46829748968567075,0.04083395528229734
2018-01-31,3794,block_2_3,0.4853794518334663,0.2841705857009527,0.10588055619951055,0.4786652769700739,0.6570901291350382,0.4317674378067011,0.3744816934331247
2018-01-31,3794,block_4_6,0.16611672916574755,0.32850438747320726,0.18238153629113335,-0.03909169148309276,0.8474774280799949,0.7182179911050829,-0.04711051749586027
2018-01-31,3794,top_3,0.4819955030480288,0.2844529495696676,0.10661061640606527,0.47331280908523965,0.657367069795563,0.43213146445160466,0.37122180745681105
2018-01-31,3794,top_6,0.022389437272048774,0.22054734792345554,0.19322717008856088,-0.00022921153694607294,0.8446685628840672,0.7134649811246355,-0.036950957786540485
2018-01-31,3794,flag_nested,0.2676432495754678,0.18778391497306338,0.10119677571255666,0.12534289164146648,0.8024388498141615,0.6439081076910744,0.09651829072849645
2018-02-20,3808,market_1,0.3024246044745181,0.01419056439966928,0.01566881003625945,0.22706392886635168,0.6398789400224107,0.40944505788420393,0.20688253423254674
2018-02-20,3808,block_2_3,0.06988148594092551,0.18103606108352693,0.09572538619315259,0.43660693440846043,0.6433473662486404,0.41389583365906213,0.26556259431472395
2018-02-20,3808,block_4_6,0.4085264256943078,0.27152836587855733,0.19637091966321718,0.1938579565864592,0.7891973597432667,0.6228324726257433,0.31819359863460106
2018-02-20,3808,top_3,0.07173970391468022,0.1814231691951456,0.09666254822290354,0.4331300739594738,0.6427476726739922,0.4131245707278335,0.26814837792983054
2018-02-20,3808,top_6,0.47549285204914604,0.23564528973473686,0.20798495336304637,0.1823137934850622,0.7793922165975072,0.6074522272927756,0.28104991712433264
2018-02-20,3808,flag_nested,0.29744426393668333,0.14292519484196148,0.1028089708561735,0.2303211179705596,0.7476157958363595,0.5589293781840334,0.282307399685527
2018-03-12,3822,market_1,0.19972771782702115,0.015296489743070898,0.016965939772490606,0.2710447441155678,0.6087650294828398,0.3705948611212426,0.1912080366386697
2018-03-12,3822,block_2_3,0.3095799575656583,0.12334585556269242,0.08365708857140688,0.30265806305155735,0.6051761385928252,0.3662381587221224,0.23821025957253833
2018-03-12,3822,block_4_6,0.39613902485914,0.19139755220227,0.18846273151088316,0.11885170430556827,0.7449915160336508,0.555012358962117,0.14573548348375212
2018-03-12,3822,top_3,0.3063371927634084,0.12411608900596091,0.08530206275082507,0.3005041252998784,0.6053500578403407,0.3664486925273036,0.23599304463481913
2018-03-12,3822,top_6,0.3667695007914743,0.18267472167695045,0.20300657804030983,0.13990350240954552,0.7356669136154482,0.5412058077884794,0.15113282033291917
2018-03-12,3822,flag_nested,0.3322063877521086,0.10454947523444086,0.09788736147643581,0.1854821751150749,0.7088109781692952,0.5024130027733131,0.17401096418175152
2018-03-30,3836,market_1,0.2578872592168764,0.01514561634219047,0.015262695733078667,0.29653984598876854,0.6437079378362471,0.4143599092333937,0.22529737121069393
2018-03-30,3836,block_2_3,-0.1247477712614753,0.10588055619951059,0.08009902111341449,0.02334309559946578,0.6640894815471741,0.44101483950159437,-0.04156377274397276
2018-03-30,3836,block_4_6,0.29060245044234123,0.18238153629113332,0.23043467634327797,0.07017151459939118,0.641840249303307,0.41195890562573134,0.02398406780905278
2018-03-30,3836,top_3,-0.11188596076407982,0.10661061640606531,0.08104810122692493,0.029787519539174318,0.6655934685066709,0.44301466531874056,-0.03588369799815177
2018-03-30,3836,top_6,0.2775586622887987,0.19322717008856077,0.23615354623963486,0.07379310069514279,0.6375709525560973,0.40649671954328936,0.005083323073777612
2018-03-30,3836,flag_nested,0.16872564722866318,0.10119677571255664,0.10824646731170054,0.0681768989498862,0.6418824035382716,0.41201301997206874,0.0003114460416540311
2018-04-19,3850,market_1,0.3104725142199718,0.01566881003625945,0.01391066482294554,0.26094361725145654,0.6441615238150288,0.4149440687636996,0.25135292816268473
2018-04-19,3850,block_2_3,-0.11595304934472676,0.09572538619315259,0.07073087627023722,-0.07907971178902426,0.7007542710740703,0.4910565484285515,-0.10950151241081399
2018-04-19,3850,block_4_6,-0.022252449903252706,0.19637091966321724,0.19804708964236697,-0.4376766846404504,0.8292403371838356,0.6876395368127617,-0.06762758238797627
2018-04-19,3850,top_3,-0.10619165783836822,0.09666254822290352,0.07145850540425497,-0.0704476971049865,0.7027486053298283,0.4938556022930186,-0.10234755004998822
2018-04-19,3850,top_6,-0.016990591951124838,0.20798495336304637,0.20509806027938765,-0.3955968436225719,0.8206888221862639,0.6735301428614774,-0.08703585437352156
2018-04-19,3850,flag_nested,-0.030675070239224195,0.10280897085617348,0.09437415773971637,-0.3285307929660742,0.8031959087410192,0.6451236678183117,-0.08913205306686588
2018-05-09,3864,market_1,0.14842424531152063,0.016965939772490616,0.01328283307882558,0.21843260023051714,0.6856020172408612,0.4700501260447377,0.11141426188503738
2018-05-09,3864,block_2_3,0.202052564415373,0.08365708857140691,0.07990555800187915,-0.07175299940839333,0.8423472181672966,0.7095488359541824,0.08164152020611294
2018-05-09,3864,block_4_6,0.3228906919762532,0.18846273151088325,0.20039767214261586,0.17397588878127726,0.8752039310446744,0.7659819209160517,0.13063714558237052
2018-05-09,3864,top_3,0.19829285353165,0.08530206275082503,0.08067854832075468,-0.0653830581553828,0.8390066618838694,0.7039321786855135,0.07479343586580738
2018-05-09,3864,top_6,0.30217985246411583,0.2030065780403098,0.20045447509099162,0.1992086395149728,0.8639776117795079,0.7464573136562225,0.1581145112128891
2018-05-09,3864,flag_nested,0.272628715991361,0.0978873614764358,0.09509526349043655,0.14850838535915814,0.8544496250308812,0.7300841617154139,0.12410562563949112
2018-05-29,3878,market_1,0.2546861138875286,0.015262695733078669,0.014708825974385872,0.24643920635611175,0.7161525505858231,0.5128744757105796,0.11066023160002587
2018-05-29,3878,block_2_3,-0.026778986609629917,0.08009902111341445,0.0816955528603876,-0.3180061197902205,0.6613326306440901,0.4373608483546323,-0.12251883661560821
2018-05-29,3878,block_4_6,0.2658555195065845,0.23043467634327783,0.24209675455197982,0.012585698069038292,0.7095946224003422,0.5035245281394843,0.15817514411741795
2018-05-29,3878,top_3,-0.022705033607214486,0.08104810122692493,0.08281047739317772,-0.30676443565166633,0.6613170545254263,0.43734024660618565,-0.12070072352471561
2018-05-29,3878,top_6,0.2712568325815731,0.2361535462396348,0.24907412254734215,0.06785084228502328,0.6940070473421921,0.4816457817606278,0.1987293191365468
2018-05-29,3878,flag_nested,0.2173029102198894,0.10824646731170053,0.11332193537599641,-0.002990205299683069,0.677144830631365,0.45852512165077985,0.11503219503060144
2018-06-18,3892,market_1,0.14402689240067612,0.01391066482294554,0.013840761763093068,0.22432911718660684,0.707423192006474,0.5004475725886288,0.05362559702069561
2018-06-18,3892,block_2_3,-0.04721073710390334,0.07073087627023722,0.08112290693351895,0.014972613946920774,0.49311095998106036,0.2431584188534428,-0.08516682040179019
2018-06-18,3892,block_4_6,-0.2959394242677111,0.1980470896423671,0.4487498981368129,-0.17801523891000987,0.28661847503020876,0.08215015022864236,-0.3054781410337631
2018-06-18,3892,top_3,-0.04085257392704857,0.07145850540425498,0.08221785067968013,0.020781457462496454,0.5003748539359115,0.2503749944513849,-0.08029582818186116
2018-06-18,3892,top_6,-0.27451095189512015,0.20509806027938765,0.45492300817750164,-0.1678173733759758,0.29897619208916787,0.08938676343613894,-0.2919737769887339
2018-06-18,3892,flag_nested,-0.23823639477558517,0.09437415773971639,0.1921908311319489,-0.1438290218882111,0.32191765159435554,0.10363097440802493,-0.2670556915705192
2018-07-06,3906,market_1,0.4316919643278719,0.013282833078825579,0.015231195632917848,0.4107114959063046,0.7575003599945637,0.5738067953918935,0.3494409783545612
2018-07-06,3906,block_2_3,-0.07472513847985608,0.07990555800187919,0.08263482610517005,-0.14890279610989798,0.46247919071977117,0.21388700184881437,-0.1891196052206128
2018-07-06,3906,block_4_6,0.257145458725086,0.20039767214261595,0.382634029786467,0.2506425815931506,0.25701431947171005,0.06605636041350627,0.30594150910560086
2018-07-06,3906,top_3,-0.07065122748111735,0.08067854832075468,0.08338951758108747,-0.14413577614171094,0.46912077913125017,0.22007430541271134,-0.18394224292672862
2018-07-06,3906,top_6,0.2761332046356464,0.20045447509099157,0.3888542500271462,0.27797095788520765,0.2681468163918186,0.07190271514106772,0.33607601674813237
2018-07-06,3906,flag_nested,0.22196047812882827,0.09509526349043652,0.1665869077345899,0.21552687110763433,0.29449099023579933,0.08672494333006175,0.26647589280657225
2018-07-26,3920,market_1,0.42884916210820995,0.014708825974385876,0.014583835721144016,0.4027825910843492,0.8107823185464241,0.6573679680675151,0.3436887691397646
2018-07-26,3920,block_2_3,0.17908232510146027,0.08169555286038759,0.08559253891615473,-0.1430460899351809,0.6263650114425928,0.39233312755947947,0.11059846119747807
2018-07-26,3920,block_4_6,0.37261737765781006,0.2420967545519799,0.20605189767537316,-0.03298878968681592,0.8105098324992681,0.6569261885779916,-0.08081016098952352
2018-07-26,3920,top_3,0.1809696699028772,0.08281047739317765,0.08639414865174333,-0.13702480643787815,0.6245418276128982,0.390052494438059,0.11008493269721209
2018-07-26,3920,top_6,0.3355717201922738,0.24907412254734232,0.21674663845219347,-0.0013676198118150432,0.8063938572443843,0.6502710530014761,-0.10305788571561182
2018-07-26,3920,flag_nested,0.3046655014061311,0.11332193537599645,0.1026183322713286,-0.016206734633638302,0.7776442056713263,0.6047305106141883,-0.02675281549816112
2018-08-15,3934,market_1,0.31193601641747154,0.013840761763093071,0.017029763321991503,0.321288185384667,0.7384177918633277,0.5452608353403128,0.29056569660128956
2018-08-15,3934,block_2_3,0.17280281386673776,0.08112290693351892,0.10757395754982782,0.11539897142471527,0.4719732501289903,0.22275874883732227,0.090030179038497
2018-08-15,3934,block_4_6,0.479721783554122,0.4487498981368131,0.3228002447046197,0.7465684698994874,0.859278594192673,0.7383597024377364,0.33722467771591463
2018-08-15,3934,top_3,0.17395199962669344,0.08221785067968014,0.10816781556441553,0.11674933818391976,0.4761132166525387,0.22668379507122716,0.08932921472967227
2018-08-15,3934,top_6,0.4662972639797269,0.4549230081775017,0.33142819915698746,0.7238025415500782,0.8584775091981942,0.7369836337991358,0.2970318137279533
2018-08-15,3934,flag_nested,0.4269185514086073,0.19219083113194893,0.14999182248665915,0.6714042170292582,0.8211543454172537,0.6742944589976385,0.3056098703667741
2018-09-04,3948,market_1,0.2628160855336745,0.015231195632917855,0.015192193354418364,0.2840054564671628,0.7005394708675917,0.4907555502434453,0.0968152706245736
2018-09-04,3948,block_2_3,0.16866900505893967,0.08263482610517009,0.11151134124670381,0.2323528137081175,0.48392949895277554,0.2341877599566845,0.09296867990375807
2018-09-04,3948,block_4_6,-0.7956527466373353,0.3826340297864671,0.5830547310992137,-0.2512418038866033,0.013240484442514687,0.00017531042827245713,-0.3238203183090384
2018-09-04,3948,top_3,0.169213262042132,0.08338951758108748,0.11200711653605423,0.2294900180166339,0.4944319432917058,0.24446294654721257,0.08908090631900414
2018-09-04,3948,top_6,-0.7613189678182908,0.3888542500271464,0.5880143673999768,-0.21524271767903388,0.02716339378214296,0.0007378499617637369,-0.2834799677455364
2018-09-04,3948,flag_nested,-0.6850597579874586,0.16658690773459,0.2490772641209101,-0.13781866673783486,0.07663520838779601,0.005872955164640925,-0.21600424809480087
2018-09-24,3962,market_1,0.18948584607978636,0.014583835721144014,0.01450465461163501,0.06046393080638426,0.6296870616106885,0.39650579555990273,-0.13732622313891057
2018-09-24,3962,block_2_3,0.4423787554054935,0.08559253891615473,0.10359546500909947,0.2603406458596645,0.30503165354935813,0.09304430966705557,0.226434033126591
2018-09-24,3962,block_4_6,0.2014526402044378,0.20605189767537319,0.5139520319339432,0.570924049999785,0.7292806538461459,0.5318502720742622,0.2294607009278008
2018-09-24,3962,top_3,0.4411742156953709,0.08639414865174334,0.10394154713451458,0.2656664063021155,0.31954340576868717,0.1021079881702518,0.23085909525077639
2018-09-24,3962,top_6,0.19386586424909313,0.2167466384521933,0.5183123728378115,0.5573666197753473,0.728361848518073,0.5305109823766642,0.2444832694556797
2018-09-24,3962,flag_nested,0.22063105135506114,0.10261833227132855,0.22042297078972678,0.5162319069540594,0.69995310084125,0.4899343433772808,0.24872767615062782
2018-10-12,3976,market_1,0.12323326187896443,0.0170297633219915,0.013156648855281158,0.4318526815394106,0.7450181549388548,0.5550520511884953,0.005680238495621765
2018-10-12,3976,block_2_3,0.24857321142615174,0.10757395754982779,0.0925769405739957,0.16826945332278176,0.3533050326890824,0.12482444612343357,0.11426113894844508
2018-10-12,3976,block_4_6,-0.39779377607109734,0.32280024470461993,0.5215836598889484,0.08769066199724691,0.2986944755133559,0.08921838970219853,-0.36725557279578747
2018-10-12,3976,top_3,0.24562038297714253,0.10816781556441553,0.09312140029517252,0.16246122946413144,0.36033225514691425,0.12983933409926107,0.10950051499622206
2018-10-12,3976,top_6,-0.39399795437024243,0.33142819915698746,0.5246595143416719,0.08427660014669383,0.30424762053094667,0.09256661459874305,-0.34808802143564477
2018-10-12,3976,flag_nested,-0.31842929185434776,0.14999182248665915,0.2212274021716544,0.09461353419813565,0.30978696655162624,0.09596796464525836,-0.2742582873569491
2018-11-01,3990,market_1,0.22429069630751916,0.015192193354418359,0.014384638726080323,0.19752747441882823,0.7022741948518578,0.49318904475482495,0.004406432001213871
2018-11-01,3990,block_2_3,0.20986668466326225,0.11151134124670382,0.07559186976264098,0.17745352317605845,0.4875691698440616,0.23772369538242744,0.04343758792884053
2018-11-01,3990,block_4_6,-0.10620951856833544,0.5830547310992137,0.32930658020199693,-0.16634259368378548,0.8929923315912822,0.7974353042808341,0.3042888789525518
2018-11-01,3990,top_3,0.2047697095453521,0.11200711653605422,0.07654445351510807,0.17456974320597346,0.49472375479647823,0.24475159355992593,0.03821126190527995
2018-11-01,3990,top_6,-0.11186382703174717,0.5880143673999773,0.3302991505448196,-0.1591972848444979,0.8942410702992204,0.7996670918098951,0.2992095227095357
2018-11-01,3990,flag_nested,-0.08407568024199145,0.24907726412091027,0.14262838810825937,-0.12523397698916602,0.8808647174186862,0.775922650393102,0.21514820705580268
2018-11-21,4004,market_1,0.41540008218338914,0.014504654611635021,0.016052219011049938,0.23036593718247486,0.7587057411928594,0.5756344017190058,0.31804235508346507
2018-11-21,4004,block_2_3,0.24502505856929713,0.10359546500909941,0.05788452613841446,0.331872642448213,0.5831175839391138,0.3400261166989894,0.3224222655005192
2018-11-21,4004,block_4_6,-0.3322006628172472,0.5139520319339431,0.2400911134722123,0.5697970438727498,0.6168239768148482,0.3804718183736847,0.15027956629113504
2018-11-21,4004,top_3,0.239198239478635,0.10394154713451456,0.05914536923773276,0.3281938685254225,0.5790956266606401,0.3353517448174793,0.3144353499856543
2018-11-21,4004,top_6,-0.3240566109449164,0.5183123728378118,0.2451079688355331,0.5528289505295029,0.6123603272582153,0.37498517039978885,0.13092547320539272
2018-11-21,4004,flag_nested,-0.26618209073909715,0.22042297078972692,0.1069425922339399,0.5183257039718024,0.6077314641303596,0.3693375324940307,0.1116917182228127
2018-12-11,4018,market_1,0.3995764720584398,0.013156648855281158,0.015177438819181632,0.5088285879233115,0.7551812032941149,0.5702986498087474,0.3636356325661039
2018-12-11,4018,block_2_3,0.355660500302937,0.09257694057399568,0.05985270796530111,0.27023693017169303,0.6234670873617641,0.3887112090233614,0.2612783422491702
2018-12-11,4018,block_4_6,-0.24901331623539133,0.521583659888948,0.23131610968896474,0.2883802365169319,0.866819488647818,0.7513760258996647,0.09210731669870205
2018-12-11,4018,top_3,0.3495825345844935,0.09312140029517249,0.060899261811286506,0.25823017543495536,0.6176995397688447,0.3815527214306429,0.253711399434634
2018-12-11,4018,top_6,-0.24649223966139627,0.5246595143416715,0.2353087701260808,0.28413483306352655,0.8634985275323065,0.7456297070504615,0.09220785419976012
2018-12-11,4018,flag_nested,-0.1893146366578845,0.22122740217165426,0.10341646014314161,0.28469223693463747,0.8459115114446617,0.7155662851945923,0.11716575770696347
2018-12-31,4032,market_1,0.015736265172385484,0.014384638726080335,0.017912559053074435,0.3226106446679683,0.7027609195887417,0.4938729101012136,0.25586814294399807
2018-12-31,4032,block_2_3,0.4295603085469537,0.075591869762641,0.07491791320132399,0.18446911621452988,0.5472413975314678,0.299473147172194,0.15195255940341484
2018-12-31,4032,block_4_6,0.5323543757176327,0.3293065802019968,0.21893388665013191,0.7199599946358642,0.7998644561674192,0.6397831482400016,0.55259855846164
2018-12-31,4032,top_3,0.4319843990822381,0.07654445351510811,0.07500928853432427,0.1747800164946116,0.5517790820002945,0.30446015533308757,0.14362524906777438
2018-12-31,4032,top_6,0.4982926013174767,0.3302991505448198,0.223336373367553,0.7039695417685871,0.7971038359028112,0.6353745252109757,0.5335079700109975
2018-12-31,4032,flag_nested,0.4758094318346569,0.14262838810825945,0.10251591830280254,0.6565432753907361,0.7704585105620663,0.5936063164975177,0.4776791196559632
2019-01-24,4046,market_1,0.1977668796286004,0.016052219011049938,0.015619760261730953,0.3616974952899147,0.6601555922259441,0.435805405947187,0.26380317102661155
2019-01-24,4046,block_2_3,0.28580412145031436,0.057884526138414445,0.06476720243146018,0.18157401640625706,0.6221327595109867,0.387049170456755,0.12673516072498345
2019-01-24,4046,block_4_6,0.08936260417592996,0.24009111347221232,0.22680990742075313,-0.015233926678366892,0.48264565732298353,0.2329468305327348,-0.01696907806036084
2019-01-24,4046,top_3,0.26790019535297105,0.05914536923773277,0.06617327905739878,0.17491015346922317,0.6256799034537768,0.39147534158592745,0.11106850943447653
2019-01-24,4046,top_6,0.09268034007660507,0.2451079688355332,0.2317864518578923,0.0036107394711508293,0.49422719130198167,0.24426051662224568,7.251002268038761e-06
2019-01-24,4046,flag_nested,0.11563582043288685,0.10694259223393993,0.10323648131925996,0.044603318444603156,0.5093701039820266,0.2594579028306607,0.03442446757945161
2019-02-14,4060,market_1,0.40760901922031617,0.015177438819181632,0.01711692897614765,0.3190969064084095,0.6617708198821542,0.4379406180474986,0.4437680271372929
2019-02-14,4060,block_2_3,0.4812854518640879,0.0598527079653011,0.06503267099507491,0.31405058362058497,0.7451280633977577,0.5552158308628927,0.3187875364426982
2019-02-14,4060,block_4_6,-0.17979872323933777,0.2313161096889648,0.3522187852261327,-0.33395100092781216,0.08265050218530538,0.006831105511483027,-0.3354118039855374
2019-02-14,4060,top_3,0.4645361893482975,0.060899261811286534,0.06631583913148972,0.3084091099720191,0.7453992620162132,0.5556200598143153,0.3018334807967569
2019-02-14,4060,top_6,-0.1750075830387711,0.23530877012608092,0.3551452585167666,-0.3168991800349811,0.10066308858020956,0.01013305740250725,-0.31958059187832355
2019-02-14,4060,flag_nested,-0.10931528845916995,0.10341646014314168,0.15093137029337492,-0.22977511959430075,0.21182547912227057,0.044870033605379556,-0.2397676333965278
2019-03-06,4074,market_1,0.3563727787300618,0.017912559053074442,0.0185569753699651,0.3117549452107507,0.7429948672908363,0.5520413728205276,0.2729590587378836
2019-03-06,4074,block_2_3,0.2799157021241287,0.07491791320132402,0.06765429427805165,0.2875141083321832,0.749547905269406,0.5618220622937542,0.19915705481784127
2019-03-06,4074,block_4_6,-0.07816752252095747,0.21893388665013197,0.47206043982332463,-0.3973884447409082,-0.02028616255396425,0.0004115283911657608,-0.3981785999437853
2019-03-06,4074,top_3,0.2674672763116299,0.0750092885343243,0.06968156848196298,0.26917184038973835,0.7467218094844302,0.5575934607597016,0.18788238766760854
2019-03-06,4074,top_6,-0.08291080465608454,0.2233363733675529,0.4752868594146242,-0.3932180214453874,-0.012799333969317305,0.00016382295005823444,-0.394693977228098
2019-03-06,4074,flag_nested,-0.043245205265477434,0.10251591830280253,0.19902881228343072,-0.28252560927781156,0.09464348656263646,0.00895738954873182,-0.29891134053975893
2019-03-27,4088,market_1,0.28174477268474,0.015619760261730958,0.018633272242045015,0.25439264429074915,0.7894116525583902,0.6231707571949684,0.2193517908878074
2019-03-27,4088,block_2_3,0.2635814015900408,0.06476720243146021,0.06832485846511033,0.35356782585604263,0.6512635810179371,0.42414425196030703,0.1655991262281428
2019-03-27,4088,block_4_6,0.6736092800078641,0.22680990742075327,0.39297533405943724,0.28938963420054387,0.01821164870819388,0.00033166414867069616,0.28935140732097886
2019-03-27,4088,top_3,0.2511188002353741,0.06617327905739881,0.06977364276773189,0.33250937592987806,0.6574430402708756,0.43223135120061207,0.15879013757892138
2019-03-27,4088,top_6,0.6529940169311197,0.23178645185789223,0.39686759785959413,0.2659784301553836,0.035775795803252006,0.0012799075653561198,0.26609306832772206
2019-03-27,4088,flag_nested,0.6042782014899178,0.10323648131925994,0.16798998268134901,0.2775332253883481,0.1412063073508061,0.019939221235650395,0.2739065087684621
2019-04-16,4102,market_1,0.44796445591898454,0.017116928976147652,0.017776951901114113,0.45243156409900764,0.7874602416266366,0.6200936321426807,0.17863822937236867
2019-04-16,4102,block_2_3,0.20138214591165518,0.06503267099507488,0.05976966909925978,0.18680895347642756,0.6251137321370465,0.390767178106307,0.07953417863321474
2019-04-16,4102,block_4_6,0.7167164763446637,0.3522187852261327,0.32592225876332076,0.10124229124661437,0.42690414467941323,0.18224714874446124,0.2727042203240232
2019-04-16,4102,top_3,0.19412098710788342,0.06631583913148974,0.0612219160748674,0.19448252247829395,0.6238783238284428,0.38922416294298734,0.08019673537577657
2019-04-16,4102,top_6,0.7065286792775729,0.35514525851676637,0.3307575106815658,0.11771757622834199,0.430083957856995,0.1849722108059374,0.28433780821593196
2019-04-16,4102,flag_nested,0.6701097090723291,0.15093137029337483,0.14070826616406815,0.14296252188988218,0.44651422863976303,0.19937495637776237,0.2795091695448796
2019-05-14,4116,market_1,0.3661044219779759,0.01855697536996509,0.019053333392761555,0.5249304544239923,0.6910866416814664,0.4776007463105676,0.36019759065115226
2019-05-14,4116,block_2_3,-0.00592887793669415,0.06765429427805164,0.05942232246644539,-0.04073668796366977,0.6848606702213055,0.4690341376159761,-0.16650919621054863
2019-05-14,4116,block_4_6,0.3136050388538405,0.4720604398233248,0.2225388302855151,-0.01069419906130859,0.6732901338590239,0.45331960435190244,0.16069273110714918
2019-05-14,4116,top_3,-0.006534852401504393,0.069681568481963,0.060191782297509586,-0.02546907030435947,0.6968965480789044,0.4856647987242929,-0.17169425782336795
2019-05-14,4116,top_6,0.3141203580682695,0.47528685941462406,0.22790580385864442,0.01547868332737883,0.6714437760498237,0.45083674439604593,0.18173133073376857
2019-05-14,4116,flag_nested,0.28772079081569474,0.1990288122834307,0.10113137810542187,0.028431030328879732,0.6699437834160376,0.44882467293779493,0.14925560593551737
2019-06-03,4130,market_1,0.3984669338650004,0.018633272242045012,0.017797886292531827,0.35961231925718273,0.7520796193805487,0.5656237538875908,0.4388829724103723
2019-06-03,4130,block_2_3,0.06558646075145441,0.06832485846511033,0.051224850433579126,0.11799940713512297,0.8154785771516396,0.6650053097932631,0.005772985333718068
2019-06-03,4130,block_4_6,0.20202875491229957,0.39297533405943713,0.18189904771418194,0.22618675696592297,0.7214206234403475,0.5204477159250593,0.0833798353177324
2019-06-03,4130,top_3,0.06523741556999686,0.06977364276773192,0.05321895471782494,0.137596329285069,0.8135834244767022,0.6619179885832376,0.009546509565212784
2019-06-03,4130,top_6,0.2072366149364699,0.3968675978595944,0.18772676464128787,0.2390401129388165,0.7257524243132556,0.5267165813965675,0.10543461617270564
2019-06-03,4130,flag_nested,0.19635672897555967,0.16798998268134913,0.08446541795718593,0.22658161410749678,0.7404844334745636,0.5483171962181455,0.10417487316196923
2019-06-21,4144,market_1,0.2685464983719648,0.017776951901114113,0.016632246391172754,0.23579854898945166,0.7848082192828796,0.6159239410539641,0.3507306731296392
2019-06-21,4144,block_2_3,0.19009794017952816,0.05976966909925977,0.05060174774143638,0.10451932392818288,0.8575858841573339,0.7354535487059162,0.16157604206295392
2019-06-21,4144,block_4_6,0.4982742841016937,0.32592225876332087,0.300692299758876,0.12437329882443729,0.521499405016044,0.2719616294320879,0.18878910095593754
2019-06-21,4144,top_3,0.1757570004365155,0.061221916074867405,0.05273917315842743,0.1243953381590524,0.8525026176909966,0.7267607131700009,0.15594476013196304
2019-06-21,4144,top_6,0.49126350984855693,0.3307575106815656,0.30479796299434525,0.13946509319759878,0.5216509492846366,0.2721197128895626,0.19340265066273488
2019-06-21,4144,flag_nested,0.4688955296824498,0.14070826616406806,0.12917973830834276,0.1411189131716987,0.579463406708261,0.33577783971394337,0.19549863269143927
2019-07-11,4158,market_1,0.281647110010217,0.019053333392761555,0.018671719185818544,0.42592265858940465,0.6896154776878031,0.4755695070665771,0.3579245940264213
2019-07-11,4158,block_2_3,0.16245469579682323,0.05942232246644541,0.05208515512801872,0.023378636427573433,0.9032921359370241,0.8159366828456711,-0.041046459624444635
2019-07-11,4158,block_4_6,0.1707344112727645,0.2225388302855151,0.2576895298166002,-0.15806160467735839,0.8762120069028831,0.7677474810407781,-0.20441684081082523
2019-07-11,4158,top_3,0.14716749591937925,0.06019178229750962,0.054867114392348273,0.04192456511323717,0.8965284776220659,0.803763311187339,-0.026264905754753255
2019-07-11,4158,top_6,0.1791056552395781,0.22790580385864453,0.26217686729210815,-0.12751376172564766,0.8703677799686313,0.7575400724075234,-0.19271931879891033
2019-07-11,4158,flag_nested,0.17874896331822152,0.10113137810542193,0.11317339853127599,-0.09326005630704631,0.8695691718857262,0.7561505446940273,-0.15860947347789034
2019-08-01,4172,market_1,0.4440553014502372,0.017797886292531814,0.018362457007848353,0.420935341031644,0.6890236956504346,0.4747536531677825,0.32724952803728063
2019-08-01,4172,block_2_3,0.11752862160965899,0.05122485043357915,0.059027668609660876,0.26161830626772165,0.8853153360738335,0.7837832442875245,0.04669218546481658
2019-08-01,4172,block_4_6,-0.13932450122303422,0.18189904771418197,0.239106444574251,0.15286758166436717,0.8493982976181443,0.7214774679966016,0.043575384955728665
2019-08-01,4172,top_3,0.1264870681129871,0.05321895471782495,0.06114456302310437,0.2662087886497151,0.8811034446451381,0.7763432801655279,0.0680409296555445
2019-08-01,4172,top_6,-0.11085399918830408,0.18772676464128793,0.24431893649873304,0.17448653437192663,0.8431378357887176,0.7108814101384824,0.06628408284858227
2019-08-01,4172,flag_nested,-0.06229735960669811,0.08446541795718596,0.1073872562819841,0.1945701999366514,0.8449972825093011,0.7140204074481035,0.08131133156655067
2019-08-22,4186,market_1,0.33970706887496177,0.01663224639117274,0.017475514102349703,0.21943264751180946,0.6581993839924359,0.4332264290880221,0.16676386854740494
2019-08-22,4186,block_2_3,0.20016535331882393,0.0506017477414364,0.06689883026538614,0.5177958273317379,0.891989983122046,0.795646129990068,0.13237551262524272
2019-08-22,4186,block_4_6,-0.4216061629077136,0.30069229975887596,0.22440258495386647,0.367108882731086,0.7707576472789182,0.5940673508389335,-0.12174751146124162
2019-08-22,4186,top_3,0.1996766543157368,0.05273917315842743,0.06847090777033044,0.5063817308376538,0.8886619971378654,0.7897201451570595,0.14746411086732444
2019-08-22,4186,top_6,-0.39014933939642343,0.30479796299434514,0.22899455575341787,0.3532031565984022,0.7678261865088909,0.5895570526887861,-0.11316652071715928
2019-08-22,4186,flag_nested,-0.3156342667653998,0.12917973830834273,0.10299465887878195,0.3765585322799297,0.7794859808095346,0.6075983942786021,-0.0618146342904339
2019-09-11,4200,market_1,0.42736446957510277,0.018671719185818544,0.01759456157171418,0.34213623752504296,0.7204674254846939,0.5190733111845431,0.2460066413636489
2019-09-11,4200,block_2_3,0.3819505750017721,0.05208515512801872,0.06119769032558968,0.6374273815633987,0.8807844047265908,0.775781167609575,0.30370418420222917
2019-09-11,4200,block_4_6,-0.21435627290920545,0.25768952981660026,0.22007464651093045,-0.3018391907556689,0.7188018256466847,0.5166760645530069,-0.4146993019389035
2019-09-11,4200,top_3,0.3727807415578913,0.05486711439234826,0.062414370079232166,0.6283590111633972,0.8788508313308139,0.7723787837308627,0.31078630032501536
2019-09-11,4200,top_6,-0.19614549721471802,0.26217686729210826,0.22545597871722292,-0.3074384414176991,0.7161990610361564,0.512941095029072,-0.414175402776936
2019-09-11,4200,flag_nested,-0.12025713089522908,0.113173398531276,0.10039830435613328,-0.13722945499956338,0.7423641292289249,0.5511045003658199,-0.266116129617763
2019-10-03,4214,market_1,0.4186377500098117,0.018362457007848346,0.018463660829377407,0.3879877404965247,0.6802386452391828,0.46272461447683877,0.28432519983079113
2019-10-03,4214,block_2_3,0.28899629026595797,0.05902766860966087,0.06642301816493607,0.601923523826997,0.8471768139728653,0.7177085541332149,0.4416726398068454
2019-10-03,4214,block_4_6,-0.5889583356043662,0.23910644457425104,0.45361711758366446,-0.497776555322137,0.24626631281559924,0.06064709682779057,-0.47992086822769514
2019-10-03,4214,top_3,0.281944289726089,0.06114456302310439,0.06761617548521057,0.5946273267308344,0.8447478809488428,0.7135989823675605,0.4401039456162845
2019-10-03,4214,top_6,-0.5707629523549073,0.2443189364987331,0.4550543817666672,-0.4973569971871953,0.27242797649931316,0.07421700237951034,-0.4815688737657976
2019-10-03,4214,flag_nested,-0.4904647495734953,0.10738725628198412,0.19072835192443682,-0.33597433812496574,0.3671172936671986,0.13477510730952813,-0.3448078819309984
2019-10-25,4228,market_1,0.3870296644747258,0.017475514102349706,0.019556370248249286,0.40197515466339406,0.6320890899333413,0.39953661761275994,0.2981141862045285
2019-10-25,4228,block_2_3,0.3721712101330206,0.06689883026538615,0.061129202591328466,0.5109724536020561,0.8548791226016574,0.7308183142601796,0.33526393540487304
2019-10-25,4228,block_4_6,-0.2044138953525725,0.22440258495386656,0.2927511267922609,-0.3010917857574168,0.843879325577801,0.7121323161376443,0.07712448464559367
2019-10-25,4228,top_3,0.35982209776057617,0.06847090777033042,0.06327533189069046,0.5045628981826307,0.8502876286211876,0.7229890513862427,0.32622721059133675
2019-10-25,4228,top_6,-0.19952545962181942,0.2289945557534178,0.29508722342054666,-0.29028581995060554,0.8454366258453131,0.7147630883207082,0.039823900755101505
2019-10-25,4228,flag_nested,-0.12157382633077927,0.10299465887878193,0.12739617627799335,-0.14329145064078308,0.843440365994776,0.711391650989402,0.07065907034514038
2019-11-15,4242,market_1,0.09415503285263448,0.017594561571714185,0.018320891764250093,0.36227767221528034,0.6463350695502051,0.4177490221304686,0.177022871605921
2019-11-15,4242,block_2_3,0.2437501015043594,0.06119769032558969,0.07191489804245282,0.46534518416783094,0.802875076216207,0.6446083880091799,0.30874718786430766
2019-11-15,4242,block_4_6,-0.530000121547289,0.22007464651093048,0.6453647269816198,0.1341213781432937,0.13381426769061577,0.017906258237575523,0.12787797304221532
2019-11-15,4242,top_3,0.25051040861813784,0.06241437007923216,0.07406866461634443,0.4646722186108675,0.7969549902418002,0.6351372564713076,0.3103288877691285
2019-11-15,4242,top_6,-0.5212069406406411,0.22545597871722303,0.6457960234143791,0.12122049284214877,0.1654531795592511,0.027374754626265707,0.11298619476511257
2019-11-15,4242,flag_nested,-0.45506488649756965,0.10039830435613332,0.2677183745605776,0.19773500450449527,0.22935799795566703,0.052605091226231804,0.18104103911538205
2019-12-05,4256,market_1,0.06631656383937995,0.0184636608293774,0.017999943473230657,0.43171875692836176,0.6823167885630657,0.4655561999550152,0.1617187554342984
2019-12-05,4256,block_2_3,0.09055669234816516,0.06642301816493609,0.0670378573394095,0.4488337693960098,0.7798505465771526,0.6081668749966838,0.19869064950713874
2019-12-05,4256,block_4_6,-0.841988028929029,0.4536171175836647,1.1319656750126774,-0.6330998019352365,-0.6720410422738784,0.4516391625005607,-0.3049113997205804
2019-12-05,4256,top_3,0.10645153727915582,0.06761617548521055,0.06916544778393159,0.4432997678112953,0.7735199482805813,0.5983331103879932,0.202900841012547
2019-12-05,4256,top_6,-0.841589596319537,0.4550543817666672,1.1327373248040835,-0.6215739368991285,-0.6564694567162749,0.4309521476013609,-0.2992517642189833
2019-12-05,4256,flag_nested,-0.8139591019407278,0.19072835192443682,0.46450790325692193,-0.5236365055584151,-0.57964879327696,0.3359927235474357,-0.22499340843758936
2019-12-25,4270,market_1,-0.11340670423523756,0.019556370248249293,0.020265112950502165,0.2600819217338917,0.6270561978667102,0.39319947528305477,-0.02623240466642847
2019-12-25,4270,block_2_3,0.16789286721714408,0.06112920259132846,0.06894440423009622,0.4158913499491477,0.7383863300112259,0.545214372347447,0.2093507206952363
2019-12-25,4270,block_4_6,0.4593099808633696,0.2927511267922611,1.3613155671333936,-0.7715597455404535,-0.8026932055218681,0.6443163821909721,-0.4939253181768945
2019-12-25,4270,top_3,0.18333415500358102,0.06327533189069044,0.0703382447484672,0.4086020172304453,0.7412014924190986,0.5493796523642989,0.19910009163768763
2019-12-25,4270,top_6,0.4512353649885501,0.2950872234205466,1.3618318573441133,-0.7591965303547115,-0.7881509847679558,0.6211819747906978,-0.47916025421731456
2019-12-25,4270,flag_nested,0.42847912223501267,0.12739617627799332,0.5578149325483149,-0.70443057241564,-0.729389132004174,0.5320085058858024,-0.42778993605237303
2020-01-21,4284,market_1,0.07227536722933448,0.018320891764250103,0.019946983855629086,0.1798206886416571,0.6306604289156943,0.39773257660012706,-0.05230037246334148
2020-01-21,4284,block_2_3,0.2744976541847875,0.0719148980424528,0.07359665099345,0.44355988259362766,0.6818140262753588,0.4648703664258157,0.3314947524754954
2020-01-21,4284,block_4_6,-0.8137361231212328,0.6453647269816201,1.4361768190345898,0.054322811459863576,0.3111511937043427,0.09681506534363715,-0.0048615843556263005
2020-01-21,4284,top_3,0.25634531849970216,0.07406866461634444,0.075481424250505,0.42920826392826594,0.6826043455119147,0.46594869251174953,0.3056675316852092
2020-01-21,4284,top_6,-0.8142969668901577,0.6457960234143789,1.4367244549506306,0.05025795864946164,0.3094902571729444,0.09578421928497527,-0.010406527101366875
2020-01-21,4284,flag_nested,-0.7960440729991437,0.26771837456057757,0.5884951632846521,0.06301723374942385,0.31047314389733033,0.09639357308149255,-0.0037251273210684188
2020-02-10,4298,market_1,0.0290238252313586,0.017999943473230664,0.025165519088282837,0.07534275347388873,0.43513676568265053,0.1893440048487578,-0.14784697980036063
2020-02-10,4298,block_2_3,0.34075292020588366,0.06703785733940947,0.06877534697992546,0.3973104460508633,0.7378324325283162,0.5443966984906522,0.3170170339217385
2020-02-10,4298,block_4_6,-0.8570693650452825,1.1319656750126776,0.5483668961675868,-0.7439175737387514,0.949119996115212,0.90082876702574,-0.32699686817178925
2020-02-10,4298,top_3,0.30237737786652813,0.06916544778393158,0.07133370329998916,0.38251261771885053,0.7363993271454355,0.5422839690202506,0.2897893030117499
2020-02-10,4298,top_6,-0.8552527897484781,1.132737324804083,0.5502171553013362,-0.7412429580058971,0.9478022734042916,0.8983291494703434,-0.3378946427094546
2020-02-10,4298,flag_nested,-0.8276596700851813,0.4645079032569219,0.22975194324414785,-0.7084771141368702,0.9426097777609517,0.8885131931305507,-0.31351913774582935
2020-03-03,4312,market_1,0.10036810061396673,0.020265112950502172,0.024031709538778093,0.13891765202173553,0.6023262424832534,0.36279690238399487,-0.04565165570990491
2020-03-03,4312,block_2_3,0.09372945827384443,0.06894440423009625,0.07723868236667715,0.18717182672431373,0.6778745028910929,0.4595138416698461,0.019516755852030873
2020-03-03,4312,block_4_6,0.7650567118248968,1.3613155671333932,0.4166614506685247,0.9130103578106213,-0.963592823810836,0.9285111300997407,0.3312642016532736
2020-03-03,4312,top_3,0.09267353849190306,0.07033824474846723,0.08087792389291128,0.1846275047565535,0.6675286193029103,0.4455944575884495,0.01616767336816978
2020-03-03,4312,top_6,0.7551900765883189,1.3618318573441122,0.42143082702966667,0.9097596591711747,-0.9594648002242958,0.9205727028694475,0.32384545743119947
2020-03-03,4312,flag_nested,0.7221346431522502,0.5578149325483147,0.1798849435507324,0.8996209921388725,-0.9429252028395364,0.8891079381499815,0.35805180197856534
2020-03-24,4326,market_1,0.18970823095833075,0.0199469838556291,0.02633966039593436,0.25946179196379926,0.44345133372957535,0.19664908538653914,0.16808591490099048
2020-03-24,4326,block_2_3,0.07838563260651174,0.07359665099345003,0.09136746248034194,0.1808117629285765,0.5865521839571405,0.3440434645048912,0.001503362799495148
2020-03-24,4326,block_4_6,0.32274977214700834,1.4361768190345892,0.2788948016015154,-0.8982985739804418,0.9199873909908699,0.846376799582188,-0.2596206493669414
2020-03-24,4326,top_3,0.09986494972771365,0.07548142425050504,0.0941726912831741,0.19043998113316712,0.5834453535354229,0.34040848056207473,0.01940553949602762
2020-03-24,4326,top_6,0.30893582932855107,1.4367244549506304,0.2912379665335115,-0.8869737556380182,0.9138504367894728,0.8351226208203097,-0.23122030358416223
2020-03-24,4326,flag_nested,0.2787896037151468,0.5884951632846521,0.13336616948352242,-0.8505500045971636,0.8968771170802564,0.8043885631421916,-0.16996045040388216
2020-04-13,4340,market_1,0.04727625598114965,0.025165519088282837,0.028681952566108268,0.27157355948641754,0.2869254892119681,0.08232623635952707,0.23180520357919043
2020-04-13,4340,block_2_3,-0.0010180294758938213,0.06877534697992546,0.12287346777692212,0.24843057386414555,0.4742875384377057,0.22494866911729827,0.039900027215454596
2020-04-13,4340,block_4_6,0.7132991092230792,0.5483668961675867,0.3629348912746357,0.13323979981318826,0.1738453136963192,0.030222193094171623,0.3984834112772517
2020-04-13,4340,top_3,0.03341939367329901,0.07133370329998917,0.1243473844324621,0.25386723522124477,0.47938550659861523,0.22981046393681093,0.051958891425022434
2020-04-13,4340,top_6,0.6883305428149554,0.5502171553013361,0.379705230758263,0.12253314100058824,0.20384192736379575,0.041551531351386894,0.4021942846976374
2020-04-13,4340,flag_nested,0.6055705474325915,0.2297519432441478,0.1732226566751598,0.1194643682388848,0.26005719269811906,0.06762974347402662,0.3808626843226195
2020-05-07,4354,market_1,0.38424223292661697,0.024031709538778093,0.02562712615838942,0.3671363465721097,0.3815159041269409,0.14555438510179708,0.3774066898330895
2020-05-07,4354,block_2_3,0.36491125385974205,0.07723868236667708,0.12748271127537802,0.3514991771433808,0.6298878361931369,0.3967586861840722,0.2515244103351662
2020-05-07,4354,block_4_6,-0.3764663246171013,0.4166614506685247,0.5168409031819933,0.6356380452332316,0.0804519858219678,0.006472522022698324,0.6652862881504635
2020-05-07,4354,top_3,0.36699886784163593,0.08087792389291125,0.12853927797995168,0.35570897923799594,0.630826077129185,0.3979415395861966,0.258175708517493
2020-05-07,4354,top_6,-0.3464934823145186,0.4214308270296668,0.5308713548679839,0.6219184425196344,0.12649623353650552,0.016001297098922063,0.6589928761134349
2020-05-07,4354,flag_nested,-0.27520584885349475,0.17988494355073248,0.2305101534124587,0.5758000280415136,0.24804422215837196,0.06152593614615198,0.6302982470935165
2020-05-27,4368,market_1,0.545032560233918,0.026339660395934356,0.024731096584590866,0.4447939504699675,0.4257989959749903,0.18130478497330982,0.45383329700058883
2020-05-27,4368,block_2_3,0.6381025905365124,0.09136746248034192,0.1490813872449636,0.4704396844570198,0.68170725011179,0.46472477485497876,0.45263547763853884
2020-05-27,4368,block_4_6,0.057665903089180105,0.27889480160151536,1.088300208499971,0.7697078109866795,0.34823403409220477,0.12126694250013081,0.7502138541988137
2020-05-27,4368,top_3,0.6270330655180576,0.09417269128317414,0.15003961997746004,0.465853429861816,0.6823575622701626,0.4656118427872792,0.4475641107256714
2020-05-27,4368,top_6,0.06937472066877148,0.29123796653351164,1.093668955928509,0.7686123984530562,0.32636294437073987,0.10651277145833848,0.7476555933720186
2020-05-27,4368,flag_nested,0.11508720484638447,0.13336616948352242,0.45548606329161784,0.7495086273349133,0.35221075043975164,0.12405241272533307,0.7327971566758973
2020-06-16,4382,market_1,0.4173495040995059,0.028681952566108268,0.02194259027770461,0.40448440710556915,0.3718858737190049,0.13829910307174786,0.39324532731370676
2020-06-16,4382,block_2_3,0.6889631841373081,0.12287346777692211,0.14541838523371223,0.5994465025216799,0.6422703267234279,0.41251117258941894,0.5598171658777434
2020-06-16,4382,block_4_6,-0.269735670134348,0.3629348912746359,0.9342426512998034,0.07135448914128664,0.8518443209479496,0.7256387471312731,0.26628944577380753
2020-06-16,4382,top_3,0.6905024755920584,0.12434738443246206,0.1457286286604486,0.5952000532836533,0.6444529109906649,0.415319554484342,0.5592395372221974
2020-06-16,4382,top_6,-0.23655573822580123,0.37970523075826307,0.9387702910780631,0.06742730848670062,0.8409869005357243,0.7072589668726843,0.22304145684442997
2020-06-16,4382,flag_nested,-0.14131622682613762,0.17322265667515982,0.3929911342176124,0.12534351808664582,0.8069232235843112,0.6511250887596962,0.19230099996619307
2020-07-06,4396,market_1,0.5671178719329909,0.02562712615838942,0.02009389207479811,0.4928054023383183,0.5342843554103658,0.28545977243626985,0.5914280412073899
2020-07-06,4396,block_2_3,0.631284542334428,0.12748271127537805,0.1719810854830488,0.5078653033068667,0.5346241324336383,0.28582296298042054,0.5041307542166301
2020-07-06,4396,block_4_6,0.6955294246010001,0.5168409031819932,0.6478553065069486,0.6569789515392778,0.8505455090675844,0.7234276629950365,0.3102295575925919
2020-07-06,4396,top_3,0.627609254428792,0.12853927797995168,0.17218748773623355,0.5036030704224992,0.539377115402715,0.29092767262015373,0.4993313981086289
2020-07-06,4396,top_6,0.6926671936052211,0.530871354867984,0.654779288056619,0.6209389692415292,0.8402263227225002,0.705980273395775,0.31629375208813393
2020-07-06,4396,flag_nested,0.6835847731927137,0.23051015341245873,0.28590661789182314,0.5992225586466577,0.807713578723709,0.6524012252546609,0.3744068275352531
2020-07-28,4410,market_1,0.5375335049368487,0.024731096584590866,0.019902567681341795,0.43469692654541126,0.5423933702224529,0.294190568061271,0.5003153466988678
2020-07-28,4410,block_2_3,0.48966156646598985,0.14908138724496378,0.13869534210426254,0.5331682152341854,0.3306770926643064,0.10934733961291832,0.529029000162503
2020-07-28,4410,block_4_6,-0.017141504872373887,1.0883002084999704,0.3418763579807968,-0.12526906610994326,0.6586112124640353,0.43376872918334697,-0.04272195406197724
2020-07-28,4410,top_3,0.48467228290329917,0.15003961997746013,0.13926359386315215,0.5292868103292495,0.33950856157777853,0.1152660633846121,0.525291791575713
2020-07-28,4410,top_6,-0.022581371485186564,1.0936689559285089,0.3476179822619871,-0.12257450399543296,0.6585063610556008,0.43363062755068904,-0.03708125968587422
2020-07-28,4410,flag_nested,0.029521141910671834,0.4554860632916179,0.16431860918406832,-0.05194026319355204,0.6109959635582595,0.37331606748448587,0.027847466608248286
2020-08-18,4424,market_1,0.5419459589246668,0.021942590277704614,0.019968908009413436,0.4434648582545404,0.6434779449095773,0.41406386558505315,0.46108620565653824
2020-08-18,4424,block_2_3,0.44724889293500386,0.14541838523371226,0.118974456345562,0.5905312842831443,0.43943036561689147,0.193099046226195,0.5594788216423058
2020-08-18,4424,block_4_6,-0.2256375547324072,0.9342426512998036,0.2864024610402385,-0.16467495637448823,0.7413931349178802,0.5496637805033617,-0.29096664335345945
2020-08-18,4424,top_3,0.43997974837868786,0.14572862866044867,0.1196499650680993,0.58222020775886,0.4516861469565973,0.20402037535249684,0.5520494709402148
2020-08-18,4424,top_6,-0.2353271440207512,0.9387702910780626,0.28992802289661457,-0.1636834560391234,0.741043969040531,0.5491461640513435,-0.2878555761821425
2020-08-18,4424,flag_nested,-0.14478843377365622,0.39299113421761217,0.1384937004974505,-0.09245320883848904,0.7011058843413857,0.4915494610581168,-0.17927807789501513
2020-09-07,4438,market_1,0.5421852299114628,0.0200938920747981,0.02218071692904854,0.4059189976229687,0.653207989010337,0.4266806769069287,0.31468588935676023
2020-09-07,4438,block_2_3,0.5757762976588877,0.17198108548304886,0.09175035581485097,0.5610128307778063,0.6062065867992855,0.3674864258788395,0.5179016570672651
2020-09-07,4438,block_4_6,0.26183194355270106,0.6478553065069488,0.1868038993179895,-0.04427007154299068,0.8104365565163846,0.6568074121381353,0.13343492263996476
2020-09-07,4438,top_3,0.5640481773928365,0.17218748773623346,0.09268658027645091,0.5496224341804521,0.6142797953008841,0.37733966691489584,0.5093513808093298
2020-09-07,4438,top_6,0.25068459368670576,0.6547792880566189,0.2001774916484463,-0.01904342655005817,0.7960418275447135,0.6336825912007275,0.15454259776434293
2020-09-07,4438,flag_nested,0.3044265222321649,0.2859066178918231,0.10017030307620219,0.05890138086957575,0.7555599363883506,0.5708708174751687,0.21339386815265857
2020-09-29,4452,market_1,0.5471530787890609,0.019902567681341795,0.01999586705172501,0.5046441289149638,0.6875478589663675,0.472722058369236,0.4236936834318566
2020-09-29,4452,block_2_3,0.6057116410002589,0.13869534210426257,0.08977636888033211,0.6112437575862745,0.6444203294887465,0.41527756105838465,0.5710765991605453
2020-09-29,4452,block_4_6,0.039681122073826874,0.34187635798079674,0.2008821863653756,0.3201152101000927,0.7742775967988437,0.599505796904593,0.17521441094696624
2020-09-29,4452,top_3,0.5958572444080793,0.1392635938631521,0.08997427378807524,0.60076517304453,0.651969204380215,0.42506384346017034,0.5650712775923243
2020-09-29,4452,top_6,0.04120465625592458,0.34761798226198704,0.21116934403141913,0.32447815280705744,0.7657915467407755,0.5864366930596292,0.18900629145925296
2020-09-29,4452,flag_nested,0.19040396648235017,0.1643186091840683,0.10261760727814084,0.37606135869858587,0.7382943737405844,0.5450785822970015,0.27134802166695093
2020-10-20,4466,market_1,0.42597806477310973,0.019968908009413422,0.01823801451884507,0.4423985588806754,0.6278329923664024,0.39417426630375085,0.4098474202264416
2020-10-20,4466,block_2_3,0.5006765041610024,0.118974456345562,0.09027732146266083,0.5984520420238201,0.6826606000200827,0.4660254948197793,0.4795059662743926
2020-10-20,4466,block_4_6,-0.2646406354198447,0.2864024610402387,0.25332407624462633,0.2988305736209275,0.5737382278655975,0.3291755541143562,-0.02543480854701957
2020-10-20,4466,top_3,0.4900221823095946,0.11964996506809937,0.09085625730283897,0.5903801747457801,0.6845734518122136,0.4686408109260891,0.4639537507069391
2020-10-20,4466,top_6,-0.2401630455853219,0.28992802289661446,0.2647635216489564,0.2895202609722372,0.5688537007398862,0.323594532845464,-0.012461656223695461
2020-10-20,4466,flag_nested,-0.06784159269638304,0.1384937004974505,0.1215217349692737,0.34945886923534863,0.5843051050977899,0.34141245584333957,0.08017390169135362
2020-11-10,4480,market_1,0.3117218744301139,0.022180716929048543,0.01598525965716017,0.3172308647723598,0.7360875983300593,0.5418249524153149,0.27934160890733006
2020-11-10,4480,block_2_3,0.244164567509763,0.09175035581485094,0.07589253301263578,0.47107734640928645,0.723621769824594,0.523628465764078,0.2687372815206993
2020-11-10,4480,block_4_6,0.019887225541319702,0.18680389931798944,0.2041265030138141,0.5576951013953272,0.7897196563737267,0.6236571356630369,0.22262592738983447
2020-11-10,4480,top_3,0.23474523642488726,0.09268658027645085,0.07719078292743554,0.4596866704614575,0.7241083177777248,0.5243328558748865,0.25561534339728986
2020-11-10,4480,top_6,0.03389053962286475,0.2001774916484462,0.21689331400102152,0.530976720111547,0.7745351012176763,0.5999046230182759,0.21036186165013573
2020-11-10,4480,flag_nested,0.09103094781605123,0.10017030307620216,0.10040975612798428,0.5111006447056019,0.7604311283405775,0.5782555009493237,0.2221667548146453
2020-12-01,4494,market_1,0.14348690692891153,0.019995867051725014,0.014843645758949623,0.23472266746108622,0.7244098369527066,0.5247696118738467,0.17204251615767782
2020-12-01,4494,block_2_3,0.21167539963365734,0.08977636888033215,0.07039476157713562,0.35563364029635447,0.8018946940052117,0.6430351002737125,0.20238734570024383
2020-12-01,4494,block_4_6,-0.11106066479966736,0.20088218636537555,0.19530880872100956,0.3078459257119624,0.873708022609302,0.763365708771857,-0.07973004939298328
2020-12-01,4494,top_3,0.2147251895046416,0.08997427378807528,0.07194041173844329,0.35335153675390674,0.7983915150231142,0.6374290112609036,0.2039855928590734
2020-12-01,4494,top_6,-0.10338056115395153,0.21116934403141907,0.20387897083753548,0.29295676600849424,0.8660122771662234,0.7499772642026274,-0.07717710890547073
2020-12-01,4494,flag_nested,-0.024407144253684874,0.10261760727814083,0.0941979151825818,0.300523411903423,0.8541962938490351,0.729651308425427,-0.01406642764673597
2020-12-21,4508,market_1,0.20660324972612296,0.01823801451884507,0.01511658307144881,0.35452901499110445,0.6726350689370908,0.45243793596400483,0.11829714076656936
2020-12-21,4508,block_2_3,0.3515980920599317,0.09027732146266083,0.07788426028538802,0.4899796567266013,0.6315366132081687,0.3988384938224442,0.3593864671016205
2020-12-21,4508,block_4_6,-0.17618345862024437,0.25332407624462633,0.23204706821588394,-0.03461508203589841,0.8263891197989517,0.6829189773220861,-0.30832514443451753
2020-12-21,4508,top_3,0.3486953255546933,0.09085625730283896,0.07912633304842916,0.48123602178229596,0.6327729416189514,0.4004015956451008,0.35433158840034695
2020-12-21,4508,top_6,-0.1664935063753715,0.26476352164895633,0.2372387566350929,-0.0325939879882448,0.822073581772951,0.6758049738490088,-0.2994788859649526
2020-12-21,4508,flag_nested,-0.06470766406313899,0.12152173496927368,0.1081474666953128,0.055911551292845973,0.8022486869028379,0.6436029556373273,-0.15912437315892458
2021-01-13,4522,market_1,0.1878988105951983,0.015985259657160186,0.016019770611453356,0.322663701974044,0.6406990037861596,0.4104952134525772,0.125697704319744
2021-01-13,4522,block_2_3,0.4342317654538941,0.07589253301263578,0.07418002007706967,0.451428067427742,0.6547523723363912,0.42870066908013205,0.32285433426511334
2021-01-13,4522,block_4_6,-0.1657926710699884,0.20412650301381405,0.2521804095092598,0.122329427637913,0.8307345927719519,0.6901199636279804,-0.17412843337227304
2021-01-13,4522,top_3,0.4248523129457658,0.07719078292743556,0.0754729146093673,0.44230907773348527,0.6564388877538808,0.4309120133555522,0.3160621092934426
2021-01-13,4522,top_6,-0.13149119162074016,0.2168933140010216,0.2565577115634584,0.1284767370474235,0.8276769291388947,0.685049099028791,-0.15387340966689506
2021-01-13,4522,flag_nested,-0.03010617445231827,0.1004097561279843,0.114567286884612,0.16943453891883323,0.8114742889496208,0.6584905216262926,-0.06783428070415344
2021-02-02,4536,market_1,0.20661452879311937,0.014843645758949638,0.015935941082935497,0.38397918771219053,0.6942093376344279,0.48192660445883106,0.18553368089015024
2021-02-02,4536,block_2_3,0.30863052771273736,0.07039476157713558,0.0888361022060989,0.2200159511270427,0.537558142538548,0.2889687566094937,0.10789186179487818
2021-02-02,4536,block_4_6,0.023042139811668694,0.19530880872100964,0.20743936321406883,-0.06870773824402394,0.7515704741992821,0.5648581776881338,-0.13272056200712617
2021-02-02,4536,top_3,0.3086243983382176,0.0719404117384433,0.0894168220028783,0.2258937731338028,0.5460010981129526,0.29811719914055,0.11501771539251086
2021-02-02,4536,top_6,0.05742068540875401,0.20387897083753548,0.21971791658060788,-0.04567863637129053,0.7438408755222267,0.5532992480976726,-0.10178198085334995
2021-02-02,4536,flag_nested,0.11550613561294085,0.09419791518258179,0.1047142335835205,0.004562758096063439,0.7122509973674283,0.5073014832508964,-0.058041551223054745
2021-02-24,4550,market_1,0.30954324807400474,0.015116583071448815,0.015186869943297298,0.33982353751907085,0.722790258290288,0.5224257574793414,0.21026034140624147
2021-02-24,4550,block_2_3,0.06773823673420214,0.07788426028538803,0.08770785704007325,0.25526294168987274,0.4946173681787365,0.2446463409040599,0.12449214025985426
2021-02-24,4550,block_4_6,-0.12635603238352458,0.2320470682158839,0.21278987434723456,0.06822067985083147,0.602716889506815,0.3632676488967702,0.0890989208776603
2021-02-24,4550,top_3,0.06952083408106308,0.07912633304842914,0.08863236830692386,0.25434086454838584,0.504281149741107,0.2542994779842126,0.12355370456597711
2021-02-24,4550,top_6,-0.062353847956850096,0.23723875663509295,0.22027739398390087,0.10290075887196869,0.6224083518823941,0.38739215649295833,0.12757935407161336
2021-02-24,4550,flag_nested,-0.02736609515798168,0.10814746669531283,0.10457642327964022,0.12846002192148426,0.6030871115487754,0.3637140641162452,0.12300737244351387
2021-03-16,4564,market_1,0.25460290965202503,0.016019770611453345,0.012561174074404054,0.3091430163682805,0.7238237584561141,0.5239208333055352,0.09582594138224657
2021-03-16,4564,block_2_3,0.14841862273941753,0.07418002007706967,0.07763506679530321,0.27598039890131865,0.6225810172391916,0.3876071230265866,0.14427379668744983
2021-03-16,4564,block_4_6,-0.19624471909067503,0.25218040950925974,0.2870657395555694,-0.20995523061988888,0.7964539003952975,0.6343388154548826,0.039281780420596345
2021-03-16,4564,top_3,0.14472291153237207,0.07547291460936732,0.0783335131830648,0.27697353399501307,0.6278385681808114,0.39418126769533146,0.14630611889166606
2021-03-16,4564,top_6,-0.1529433838028342,0.25655771156345847,0.29125004379871955,-0.1821241013113169,0.7999479151151938,0.6399166668971453,0.06040176010102074
2021-03-16,4564,flag_nested,-0.10708406423539961,0.11456728688461203,0.12783163741990458,-0.13769744466120834,0.7791748668916689,0.6071134731956498,0.03796182048890534
2021-04-05,4578,market_1,0.11482479254207584,0.015935941082935483,0.01116967990196669,0.1424369887750145,0.744151070150333,0.5537608152058863,-0.04076730039575126
2021-04-05,4578,block_2_3,0.30473818943854736,0.08883610220609892,0.05685754783958712,0.25667878161349283,0.6806355988142528,0.4632648183732365,0.2863435203678333
2021-04-05,4578,block_4_6,0.027583780575735347,0.20743936321406886,0.4639863368992523,0.24501787861685004,0.6573134573033768,0.4320609811521179,0.19082947253909555
2021-04-05,4578,top_3,0.29616083729231896,0.08941682200287832,0.057765236739989935,0.25437351383664114,0.6852210275726578,0.469527856627729,0.2813577798196349
2021-04-05,4578,top_6,0.02899705840540351,0.2197179165806079,0.46649668889350776,0.24566855225618792,0.6566510871901844,0.43119065030805104,0.18278774716827795
2021-04-05,4578,flag_nested,0.05057781521419165,0.1047142335835205,0.19366697205707478,0.23759426818585766,0.6468908641802356,0.4184677901598519,0.18309122444114972
2021-04-23,4592,market_1,0.1571368067097914,0.015186869943297297,0.012609214461648961,0.19830558476932791,0.7636888604373849,0.5832206755561515,-0.035361798801242045
2021-04-23,4592,block_2_3,0.29199450868618576,0.08770785704007322,0.05968791382423749,0.24876216581167768,0.6357805124526928,0.40421686001460855,0.24410977796483554
2021-04-23,4592,block_4_6,0.22767814731625835,0.21278987434723465,0.6184696279589461,0.47589995257975676,0.4926925064266698,0.24274590588899414,0.41975265411781393
2021-04-23,4592,top_3,0.2808281610109032,0.08863236830692386,0.060728952906617666,0.2568278397328078,0.6398065051936069,0.4093523640880571,0.239370857931743
2021-04-23,4592,top_6,0.22072305074194817,0.2202773939839009,0.6208789009513797,0.45543745437653704,0.4941927824017088,0.24422650617794284,0.39715911734281634
2021-04-23,4592,flag_nested,0.2077164521523961,0.10457642327964022,0.25619672611260424,0.4138912877073671,0.49915534846830345,0.24915606190451356,0.35753770835026455
2021-05-19,4606,market_1,0.15781152487496095,0.012561174074404045,0.014757774058371328,0.25928638954725897,0.6793105518646587,0.46146282587466714,0.03734188102981963
2021-05-19,4606,block_2_3,0.17619444015339325,0.0776350667953032,0.06373990342567275,0.08582841135142248,0.5857038596645262,0.343049011225923,0.12700596404697584
2021-05-19,4606,block_4_6,0.5713292154343009,0.28706573955556947,0.49086730904409337,0.5452849309611449,0.5961215731749424,0.35536093000456836,0.5422762797048299
2021-05-19,4606,top_3,0.17195961942591287,0.0783335131830648,0.06522975347686634,0.09093716956592197,0.5915483513430079,0.34992945197663095,0.12178618082234788
2021-05-19,4606,top_6,0.5612460629116546,0.29125004379871944,0.4945472864813166,0.534745527323907,0.5942066906581867,0.3530815912229539,0.5290371829397238
2021-05-19,4606,flag_nested,0.5241089711530351,0.12783163741990455,0.20591001732726466,0.5052783569225948,0.5915284292744717,0.3499058826399237,0.5013720813993736
2021-06-08,4620,market_1,0.31090278816230693,0.011169679901966687,0.016744384363698957,0.35286108370113306,0.61121748826618,0.3735868179624179,0.2620916805809183
2021-06-08,4620,block_2_3,0.3547847677199445,0.056857547839587116,0.05259667480717538,0.40486974727286584,0.7337975507196827,0.5384588454422052,0.31689155519469214
2021-06-08,4620,block_4_6,0.7771897506996517,0.4639863368992522,0.41309807753927985,0.7182127088692896,0.5423684849219716,0.2941635734365551,0.7647734887557831
2021-06-08,4620,top_3,0.34500693963596946,0.05776523673998995,0.05493795556875574,0.3999348074891453,0.7268143185870215,0.5282590537031168,0.3102943376972212
2021-06-08,4620,top_6,0.7708693785399839,0.466496688893508,0.4162115002250714,0.7123164745464716,0.5457028700392978,0.29779162236912693,0.7567603351055455
2021-06-08,4620,flag_nested,0.7542870354971706,0.1936669720570749,0.17366184444204083,0.6959213666517444,0.5561275110917242,0.30927780859307574,0.7378687128043304
2021-06-28,4634,market_1,0.19223466439915865,0.012609214461648971,0.01524061890555788,0.25649994892654,0.6707426013187673,0.4498956372238667,0.23872339883341964
2021-06-28,4634,block_2_3,0.0885640007182632,0.059687913824237514,0.053531102506699665,0.2386063787368128,0.79831834279458,0.6373121764422844,0.08371209783375094
2021-06-28,4634,block_4_6,0.4056369712933771,0.6184696279589461,0.2846728361289899,0.5090891580713588,0.6227117270514758,0.38776989500743164,0.5123216965746205
2021-06-28,4634,top_3,0.09372964859568558,0.06072895290661765,0.05565506805718632,0.24165068575114493,0.7920987092900201,0.627420365258916,0.09424637982431815
2021-06-28,4634,top_6,0.39958076902152134,0.6208789009513795,0.2883650004264402,0.5029753856303563,0.6277814019926822,0.3941094886878975,0.5052232724039322
2021-06-28,4634,flag_nested,0.3829651672922371,0.25619672611260424,0.12297899919606033,0.4790044149915813,0.6476701395805998,0.4194766097043534,0.48249915301727286
2021-07-16,4648,market_1,0.08604789153001025,0.014757774058371326,0.016531180141461408,0.2647269947442073,0.5781785762360712,0.3342904660183701,0.09908700639785886
2021-07-16,4648,block_2_3,0.13774893198283816,0.06373990342567275,0.05622295207769088,0.33125111298253934,0.7541389640476788,0.5687255770949062,0.15587446173522637
2021-07-16,4648,block_4_6,0.168291764435085,0.49086730904409326,0.21715375850959417,0.297620752109456,0.7951944598455818,0.6323342289691063,0.16388020733951372
2021-07-16,4648,top_3,0.14427858133791097,0.06522975347686637,0.05818298084404796,0.33405744644265034,0.7478682234308627,0.5593068796176346,0.16016583049036237
2021-07-16,4648,top_6,0.16601748791011658,0.494547286481317,0.22265600301354443,0.2949286084850935,0.7921915471084191,0.6275674473100306,0.1636913815466909
2021-07-16,4648,flag_nested,0.16056969383226868,0.20591001732726483,0.09830725108809107,0.29343600247351787,0.7830899126965746,0.6132298113671286,0.16102160673849267
2021-08-10,4662,market_1,0.15776476615936477,0.016744384363698957,0.017527129443636467,0.2582120713251739,0.618427354110295,0.3824523923118601,0.11047912777842937
2021-08-10,4662,block_2_3,0.21130614120061805,0.05259667480717535,0.07167663101413338,0.3135209510297007,0.7033733539385469,0.49473407503076017,0.15149509862023292
2021-08-10,4662,block_4_6,-0.003940955184514923,0.41309807753928,0.23582274025231525,0.11087850188825475,0.8091059099662354,0.65465237354229,0.01980402729091552
2021-08-10,4662,top_3,0.2109546920163332,0.054937955568755734,0.07319361279999917,0.31030054264949386,0.7026658824397447,0.4937393423448253,0.15217363786544638
2021-08-10,4662,top_6,0.0017993512036929848,0.4162115002250712,0.2437328442805828,0.11484017674966054,0.8038414517160211,0.6461610794969204,0.02648996300059225
2021-08-10,4662,flag_nested,0.01890124240370949,0.17366184444204075,0.10951674977656702,0.13034986758907227,0.790016460806152,0.6241260083446784,0.036660845611817296
2021-08-30,4676,market_1,0.3248240755152479,0.01524061890555788,0.017476545060809517,0.35408351263703264,0.5877029354869319,0.3453947403799569,0.26976631109116517
2021-08-30,4676,block_2_3,0.03612279582213237,0.05353110250669972,0.08514274851102228,0.11480869740093907,0.6267362801393086,0.3927983648428579,0.03721971457935033
2021-08-30,4676,block_4_6,0.09179867653599921,0.2846728361289901,0.21221684068679378,0.07396969170675663,0.7953010760663127,0.6325038015922353,0.0678744094458875
2021-08-30,4676,top_3,0.05352688879074621,0.05565506805718633,0.08613710831690737,0.12580222948310313,0.6280346114478106,0.39442747317640225,0.04808819284088245
2021-08-30,4676,top_6,0.09502877919909558,0.28836500042644037,0.2254099654284536,0.07372750181587777,0.7845529004685673,0.6155232536336418,0.07281479726522305
2021-08-30,4676,flag_nested,0.09212760155509316,0.12297899919606037,0.10605142866901018,0.08484998963042524,0.7596435835579598,0.5770583740407793,0.07197082423493206
2021-09-17,4690,market_1,0.3575279217135577,0.016531180141461405,0.014694325925526929,0.2884964658987082,0.5803483778409051,0.3368042396625701,0.24196464641435098
2021-09-17,4690,block_2_3,0.2013959732463897,0.05622295207769088,0.06775433561110225,0.3020172061248604,0.7297898820476529,0.5325932719391275,0.1510134969783253
2021-09-17,4690,block_4_6,0.09821959069254987,0.21715375850959406,0.23121647725637048,0.12490367454652604,0.6069403916004612,0.3683766389561214,-0.0001941994391606224
2021-09-17,4690,top_3,0.21060790318694925,0.05818298084404797,0.06868422430053366,0.3057660644162288,0.7283587759823229,0.5305065065504677,0.15505199427180474
2021-09-17,4690,top_6,0.11053847897993398,0.22265600301354446,0.23802783736740238,0.12922343725565208,0.6180445151558617,0.3819790227142441,0.011843391657097005
2021-09-17,4690,flag_nested,0.12898234767121902,0.09830725108809109,0.10597785616483621,0.15563119639011047,0.6378634496616098,0.40686978041420885,0.03331569365400944
2021-10-11,4704,market_1,0.14409649507978953,0.017527129443636467,0.012365207194668786,0.14438857451310771,0.6755296127033104,0.45634025763908437,0.14982661540257097
2021-10-11,4704,block_2_3,0.10240268141175882,0.07167663101413341,0.05591822692296224,0.2899430662251446,0.7776128825266733,0.6046817950714418,0.06289116219537944
2021-10-11,4704,block_4_6,-0.040585096372766305,0.2358227402523153,0.22098980959216252,-0.00905139737000897,0.6066927470586799,0.36807608933360736,-0.24244153371316085
2021-10-11,4704,top_3,0.11417862348649209,0.07319361279999916,0.05673383480186012,0.2932642850220203,0.777040485036664,0.6037919153860143,0.06554209333146409
2021-10-11,4704,top_6,-0.025359497873925656,0.24373284428058273,0.22693943991294585,0.007388011387181154,0.6253837539557203,0.3911048397117489,-0.22581376684734852
2021-10-11,4704,flag_nested,-0.004103461097630666,0.109516749776567,0.09904237771820505,0.047789620702566316,0.6523596941004778,0.42557317048686893,-0.18785521963937518
2021-10-29,4718,market_1,0.14010578835427615,0.017476545060809517,0.013236074781226423,0.06531989979223697,0.6686274968324779,0.4470627295204651,0.14606752950938354
2021-10-29,4718,block_2_3,0.1628922221166091,0.08514274851102228,0.05221783281964381,0.31687051772418884,0.8031798917246322,0.6450979384707923,0.11241767107765772
2021-10-29,4718,block_4_6,0.0006698615239319637,0.21221684068679375,0.21107143060664127,-0.15702130100895373,0.6007681058333839,0.3609223169866319,-0.15728163776586238
2021-10-29,4718,top_3,0.15922710281072514,0.08613710831690735,0.05331459194932867,0.3189272244632017,0.8002223569855572,0.6403558206195205,0.10765915861655592
2021-10-29,4718,top_6,0.020799699048224943,0.2254099654284536,0.21598342932939696,-0.10831721324610125,0.6297937570416339,0.3966401764086166,-0.13953065332852924
2021-10-29,4718,flag_nested,0.044477021958498855,0.10605142866901018,0.09432646785501474,-0.03708101940769199,0.6613157484076767,0.43733851909200583,-0.10675325553963014
2021-11-19,4732,market_1,0.3284453121068676,0.014694325925526929,0.013465144111261224,0.19183550937278118,0.65685419328132,0.4314574312312537,0.2619115699167251
2021-11-19,4732,block_2_3,0.20413808128779573,0.06775433561110221,0.08524453819704084,0.07553226347142135,0.6313668965152632,0.3986241580153148,-0.025580672811483667
2021-11-19,4732,block_4_6,0.014601328709536449,0.23121647725637046,0.1850468187961431,-0.18128440080171926,0.6720256800505645,0.45161851464742375,-0.10525430183353038
2021-11-19,4732,top_3,0.19745205949015882,0.0686842243005336,0.08589242607923162,0.0789210049718612,0.6351246772321957,0.4033833556293007,-0.026926869891513754
2021-11-19,4732,top_6,0.041192406662145305,0.23802783736740235,0.1884186424605066,-0.13402300906505318,0.6928976859863326,0.4801072032452146,-0.08533550348380692
2021-11-19,4732,flag_nested,0.07764263778698818,0.10597785616483618,0.09250627292048448,-0.08161675759285499,0.6766564315268652,0.45786392632667106,-0.06881321739622534
2021-12-10,4746,market_1,0.14376673466155598,0.012365207194668786,0.01378338087334978,0.2060907212101756,0.6080019470528071,0.36966636762000427,0.02616560813905055
2021-12-10,4746,block_2_3,0.36476616662776534,0.05591822692296222,0.09505567103223908,0.18630732857200138,0.4665562761955575,0.21767475885746557,0.1101537310779214
2021-12-10,4746,block_4_6,-0.01243662942179604,0.2209898095921625,0.19244235945608726,0.054488187449559335,0.5066355935878013,0.25667962469006367,0.11126329604051483
2021-12-10,4746,top_3,0.35570124972077033,0.056733834801860124,0.09560490057306605,0.18483867932430456,0.4741938627001054,0.22485981942244626,0.10966383419924841
2021-12-10,4746,top_6,-0.010025348559711501,0.22693943991294593,0.1933874514567084,0.06290200020552376,0.53600450579439,0.28730083023188824,0.10551806632617843
2021-12-10,4746,flag_nested,0.06165962405499423,0.09904237771820507,0.09731323131850347,0.09130097719817314,0.5192632001155486,0.2696342709942404,0.10069228179916577
2021-12-30,4760,market_1,0.18025750681102456,0.013236074781226409,0.015337817010588109,0.24032847115696762,0.5851025044251063,0.3423449406845315,0.02058638704155722
2021-12-30,4760,block_2_3,0.315534548694628,0.05221783281964384,0.09207037988743934,0.1744157303316882,0.5646712509156967,0.31885362161069764,0.011530023301644028
2021-12-30,4760,block_4_6,0.10212380145475007,0.21107143060664135,0.20507845205242076,0.14785376676997453,0.705957290977065,0.4983756966836763,0.06102397168025743
2021-12-30,4760,top_3,0.3074171747148654,0.05331459194932867,0.09298428492242018,0.17279510619595825,0.5672358828290042,0.32175654676879983,0.013874101352270487
2021-12-30,4760,top_6,0.0826996768954154,0.21598342932939718,0.20944435466044722,0.1484827600782926,0.7017321731636754,0.49242804285301467,0.053067430649974844
2021-12-30,4760,flag_nested,0.1212654803505012,0.0943264678550148,0.10211968792231052,0.1544991634719348,0.6697264788799431,0.44853355651292703,0.04042282371040672
2022-01-24,4774,market_1,0.3621043011196255,0.013465144111261224,0.016909854757325978,0.22110417130406237,0.5315156226846502,0.28250885715785157,0.07251780075209503
2022-01-24,4774,block_2_3,0.33785062055424175,0.08524453819704085,0.06861139984032719,0.30784352419168587,0.635229947614627,0.40351708634648187,0.18660798868728334
2022-01-24,4774,block_4_6,-0.012177860250526777,0.1850468187961431,0.3253700257746986,-0.05981740318912348,0.7733579685963285,0.5980825475914399,0.017600072925981643
2022-01-24,4774,top_3,0.32963434825219307,0.08589242607923163,0.07009575570068315,0.3057254253940999,0.6324084553832795,0.3999404544402655,0.18553285877487535
2022-01-24,4774,top_6,-0.02765728098746473,0.1884186424605066,0.329001407336124,-0.05376011578355337,0.7697563190067821,0.5925247906508709,-0.010575704842913954
2022-01-24,4774,flag_nested,0.03505924820191821,0.09250627292048447,0.1412942645044572,0.0019194588435833082,0.7433325683946671,0.5525433072362123,-0.011863346274571784
2022-02-14,4788,market_1,0.55482143454648,0.013783380873349783,0.016828211875614413,0.228737377224336,0.594922075838804,0.3539322763203515,0.14568225006392416
2022-02-14,4788,block_2_3,0.1942704469458941,0.0950556710322391,0.05674038608647066,0.09612244207324365,0.7772555352324633,0.6041261670495028,0.07531252465085778
2022-02-14,4788,block_4_6,0.23812712645909745,0.19244235945608731,0.3514774608675458,0.2757325724225716,0.33156417593356113,0.10993480276250134,0.2536739211323881
2022-02-14,4788,top_3,0.1927579180504613,0.09560490057306609,0.057966870601339905,0.10286698115946516,0.7744161048193844,0.5997203034036278,0.0844913466351472
2022-02-14,4788,top_6,0.2502209416258996,0.19338745145670844,0.3557325553050883,0.2953070173289356,0.36288296157273164,0.13168404379979648,0.2610124340927015
2022-02-14,4788,flag_nested,0.22978483926309048,0.0973132313185035,0.14998060950674927,0.2502895611564531,0.42139820206931466,0.17757644470725076,0.21742366153851977
2022-03-07,4802,market_1,0.46107080048400473,0.015337817010588103,0.017033302590469198,0.23829643050646687,0.566036783016718,0.32039763972791513,0.1525658633931187
2022-03-07,4802,block_2_3,0.0029669649023959916,0.09207037988743931,0.05745809180116565,0.09396494133051196,0.7374320258597744,0.5438059927636508,-0.027586422291240153
2022-03-07,4802,block_4_6,0.35952182349712597,0.20507845205242076,0.29644601603612314,0.40665804280419277,0.4550780044477712,0.20709599013216573,0.4328919723127465
2022-03-07,4802,top_3,0.008734110298887628,0.09298428492242024,0.058902128115820115,0.09863376638936172,0.7385038763524397,0.5453879753875799,-0.018416539729416977
2022-03-07,4802,top_6,0.37910567875800694,0.2094443546604473,0.3006597924478618,0.43160029675651623,0.46727761789672767,0.21834837218724024,0.4426316467143028
2022-03-07,4802,flag_nested,0.31359844831329925,0.10211968792231056,0.12850164238299785,0.36972618915473904,0.5067362942502359,0.25678167191046175,0.3693081042377844
2022-03-28,4816,market_1,0.3566468749961519,0.01690985475732598,0.015560241061289207,0.2378012412377657,0.6603245264122988,0.43602848018162654,0.12473470139769097
2022-03-28,4816,block_2_3,0.10725189971748761,0.06861139984032719,0.05789716673678441,0.290285894026718,0.7753293191027764,0.6011355530603746,0.07473114297105789
2022-03-28,4816,block_4_6,0.22760220313625631,0.32537002577469853,0.1967762165341059,0.054746824331879065,0.7203099676751767,0.518846449532214,0.20772858999065924
2022-03-28,4816,top_3,0.10492480466736105,0.07009575570068313,0.05873901117459608,0.2836366557291116,0.777542254049553,0.6045719568324597,0.07356788374000109
2022-03-28,4816,top_6,0.22912304001012906,0.32900140733612415,0.20334736036152903,0.07905694044741951,0.7172138837869931,0.5143957550968226,0.1967437323709832
2022-03-28,4816,flag_nested,0.2171555643437649,0.14129426450445723,0.09101594955908625,0.10341172572946514,0.7228925087684082,0.5225735792334832,0.1674318631649224
2022-04-15,4830,market_1,0.4452646862755917,0.016828211875614417,0.014548228590333412,0.3994992325292921,0.7009797260379357,0.49137257631621944,0.35794738296830086
2022-04-15,4830,block_2_3,0.1803710382075364,0.05674038608647066,0.054429760290221584,0.336377058613501,0.8130477071680638,0.6610465741312457,0.08492083689782697
2022-04-15,4830,block_4_6,0.046864497136340375,0.3514774608675456,0.1660579879306695,0.22679655079830316,0.7000997202135893,0.4901396182431461,0.15162860359225264
2022-04-15,4830,top_3,0.171238820645116,0.05796687060133992,0.05547742654545259,0.3324216079018696,0.8128094145524574,0.6606591443851084,0.08575498580674171
2022-04-15,4830,top_6,0.048569970318145,0.3557325553050881,0.1740704491157151,0.23337517906701735,0.6954835882722806,0.48369742155608686,0.14425928547650346
2022-04-15,4830,flag_nested,0.06674969655163844,0.14998060950674924,0.0792947210288496,0.24830966045492645,0.7238369191102176,0.5239398854669718,0.14107429979548705
2022-05-11,4844,market_1,0.32180693559168744,0.0170333025904692,0.014408974917969771,0.25179871251844854,0.666438591974935,0.4441403968735339,0.21418223687919322
2022-05-11,4844,block_2_3,0.2417043097600884,0.057458091801165644,0.07596887356249395,0.3927926176219062,0.666335687490137,0.4440032484229536,0.2400210735627198
2022-05-11,4844,block_4_6,-0.2526415193899189,0.29644601603612325,0.19862962977530077,0.0737023625070547,0.6067546026570697,0.3681511478455387,-0.12256481136298594
2022-05-11,4844,top_3,0.22614184412828944,0.0589021281158201,0.07648067030150246,0.38208318528872426,0.6711047150506833,0.4503815385632588,0.23023476621361222
2022-05-11,4844,top_6,-0.23735040576157854,0.3006597924478619,0.20647245049863655,0.08862490397492426,0.626424371031008,0.3924074926215938,-0.10753603193299545
2022-05-11,4844,flag_nested,-0.16472065157899834,0.12850164238299788,0.09624202999345474,0.1379948221034383,0.6376709847935025,0.4066242848475151,-0.048148084316008775
2022-05-31,4858,market_1,0.3096785867238842,0.01556024106128922,0.014737532118065454,0.17183186772334644,0.5683887273845527,0.3230657454178313,0.14355046876173116
2022-05-31,4858,block_2_3,0.3373220837991746,0.057897166736784376,0.06825817591407646,0.18822928025209107,0.6862847478321151,0.47098675510699006,0.16084532734134085
2022-05-31,4858,block_4_6,0.2016104543503497,0.19677621653410607,0.2431146808358115,0.4097916714359019,0.497720340726985,0.247725537573386,0.3458306546485965
2022-05-31,4858,top_3,0.3220080449524366,0.05873901117459609,0.06852007678305445,0.185311915501667,0.694271054173652,0.4820122966633942,0.1567317966793485
2022-05-31,4858,top_6,0.1966840636040178,0.20334736036152912,0.2485011381147341,0.39362636170831933,0.5239533752724764,0.2745271394594204,0.3216008535613132
2022-05-31,4858,flag_nested,0.21592524956335624,0.09101594955908629,0.1098832612416586,0.3531108731022534,0.5565554817270497,0.3097540042404284,0.2881673608976831
2022-06-20,4872,market_1,0.19837045976085055,0.014548228590333412,0.014325891472299407,0.09589603516194473,0.5913326040195975,0.34967424857659823,0.07325900300789207
2022-06-20,4872,block_2_3,0.2670530714432253,0.05442976029022158,0.060070392475557774,0.11842578992534128,0.7203242325347397,0.5188669999767614,0.09100889386772033
2022-06-20,4872,block_4_6,0.27680005563720533,0.16605798793066948,0.21171384273191707,0.3081085863206685,0.5767421369707196,0.33263149255755253,0.21234113081404832
2022-06-20,4872,top_3,0.2585799412061287,0.05547742654545259,0.06074919830851531,0.12089464256338207,0.7245446006819916,0.5249648783774266,0.09011287388813165
2022-06-20,4872,top_6,0.27151217821685736,0.17407044911571515,0.21679934663389847,0.3040952851129348,0.5874947766524612,0.34515011259392536,0.20584748495686292
2022-06-20,4872,flag_nested,0.2671633859447835,0.07929472102884962,0.09627588300468996,0.261242345197963,0.6119352203168333,0.3744647138642113,0.17638066033151314
2022-07-08,4886,market_1,0.3318344462441357,0.014408974917969766,0.0138084390739224,0.2299300343531193,0.5814034947657252,0.3380300237257987,0.1426076089026988
2022-07-08,4886,block_2_3,0.11029177695279548,0.07596887356249395,0.05668675002708273,0.11180711690883566,0.7501230675674548,0.5626846164968082,0.05919274292581259
2022-07-08,4886,block_4_6,0.3838704911242967,0.19862962977530071,0.14891227433549079,0.359685062500609,0.7324268924190716,0.5364491527386581,0.3038827542839021
2022-07-08,4886,top_3,0.1010048804809301,0.07648067030150249,0.05773954455391312,0.11055693534099623,0.7478950397180981,0.5593469904349355,0.05608535311377651
2022-07-08,4886,top_6,0.3689225787088062,0.20647245049863666,0.1557814928704186,0.34394850407466926,0.7214440070702293,0.520481455337549,0.2770442510642107
2022-07-08,4886,flag_nested,0.31154278426119564,0.09624202999345478,0.07312047304445848,0.2891568550899643,0.7222066407451811,0.521582431936439,0.22153242668224454
2022-07-29,4900,market_1,0.20295764591035323,0.014737532118065458,0.01393046494987767,0.15059675341745019,0.6781686187514795,0.4599126754592894,0.11474785394587325
2022-07-29,4900,block_2_3,0.17376740903340412,0.06825817591407647,0.05696432286061255,0.2013123056709906,0.6579122175933493,0.4328484860585988,0.06248279949046866
2022-07-29,4900,block_4_6,-0.35087502449289965,0.24311468083581145,0.1678892254695068,-0.18868799235876846,0.558731798879096,0.3121812230786707,-0.38788539220489143
2022-07-29,4900,top_3,0.1688711982731275,0.06852007678305443,0.057371538345791416,0.19834487828464686,0.6665513665982531,0.44429072431399885,0.05844006686820795
2022-07-29,4900,top_6,-0.3316547106803562,0.24850113811473398,0.17236179716642522,-0.1641910131454668,0.5722560374508806,0.32747697239898355,-0.3677714768812094
2022-07-29,4900,flag_nested,-0.24241476240431453,0.10988326124165859,0.07901046667908812,-0.08713098346687369,0.596470028149169,0.3557764944802706,-0.28133612781229883
2022-08-19,4914,market_1,0.1300186100160822,0.014325891472299407,0.017743732798036923,0.018307086991091202,0.6917290650437403,0.47848909942628715,-0.04828238255945985
2022-08-19,4914,block_2_3,0.1171302021011225,0.060070392475557774,0.05747935527755551,0.16593023344890534,0.6997810896703678,0.4896935734602472,0.045317256524265694
2022-08-19,4914,block_4_6,-0.39129309654148947,0.211713842731917,0.16775906062762824,0.10924928988742441,0.639455102003364,0.40890282747813245,-0.24571717104176552
2022-08-19,4914,top_3,0.11331658319705273,0.06074919830851532,0.056851584632622486,0.172232719155724,0.7098944939858965,0.503950192591492,0.05286892128803393
2022-08-19,4914,top_6,-0.3497004013270642,0.21679934663389855,0.17533483244786566,0.11343699664989287,0.6421144717210923,0.4123109947936575,-0.23061307911800474
2022-08-19,4914,flag_nested,-0.2640403665763126,0.09627588300469,0.0807212788361392,0.12084681532501068,0.6518512333564451,0.42491003042831843,-0.17982661320555687
2022-09-08,4928,market_1,0.2691116287588628,0.013808439073922403,0.01581668020944265,0.4134734116953646,0.698078529230171,0.4873136329721588,0.33149872619763765
2022-09-08,4928,block_2_3,0.04292058521565346,0.05668675002708272,0.06264027555645844,0.14112544883611597,0.6642547277478787,0.44123434333540845,0.008679213229596585
2022-09-08,4928,block_4_6,-0.16910348095768568,0.1489122743354908,0.1770903886646923,0.36398961724818624,0.8125669945166824,0.6602651205778738,-0.024872814465697172
2022-09-08,4928,top_3,0.02578571657394464,0.057739544553913086,0.06258035684364885,0.1410261194246255,0.672368618270625,0.45207955883514983,0.00635639744515806
2022-09-08,4928,top_6,-0.1449915991009078,0.1557814928704186,0.18500728403972522,0.36597408528845393,0.801374718155991,0.6422014388995939,-0.01041235935505816
2022-09-08,4928,flag_nested,-0.09736621704012874,0.07312047304445848,0.085206906517996,0.32383192850352216,0.7765493183956377,0.6030288439007296,0.002794134833592462
2022-09-30,4942,market_1,0.32025771005687154,0.013930464949877663,0.013876868864099477,0.32905551900336066,0.7562110674620293,0.5718551785520617,0.1578945832854792
2022-09-30,4942,block_2_3,-0.01045027553902308,0.05696432286061258,0.06768794463845892,0.2016558574903019,0.6787965359579351,0.4607647372284922,0.10279917010195157
2022-09-30,4942,block_4_6,-0.09311394827745939,0.16788922546950683,0.1511878962022693,-0.24723856819827783,0.8640658654281798,0.7466098197981491,-0.15258561897257453
2022-09-30,4942,top_3,-0.01717791087652882,0.057371538345791395,0.0686661503073915,0.1879367353037069,0.6780277259783547,0.4597215971953791,0.09369687597698526
2022-09-30,4942,top_6,-0.06824872451271785,0.17236179716642525,0.16125643993783323,-0.19970814899386566,0.855765030771483,0.7323337878913175,-0.11260392961841714
2022-09-30,4942,flag_nested,-0.04486288521436833,0.07901046667908812,0.07809089229260036,-0.11626043067688877,0.8294565971968759,0.6879982466334207,-0.05822167946787781
2022-10-21,4956,market_1,0.28810419812750926,0.017743732798036926,0.014432800199829067,0.4722116330633308,0.7822085072520978,0.6118501488175552,0.19204865232224386
2022-10-21,4956,block_2_3,0.24661861563179194,0.057479355277555516,0.06071548424280201,0.32428944152546574,0.7253622301470031,0.5261503649238337,0.11535106413287675
2022-10-21,4956,block_4_6,-0.13220071487327062,0.16775906062762827,0.15858264122942092,0.048585823226712586,0.7039684684451398,0.49557160456499605,-0.02390754949140885
2022-10-21,4956,top_3,0.23813615802367336,0.05685158463262249,0.06222529374845127,0.3100761311226008,0.7232138901252626,0.5230383308701161,0.10577549947366029
2022-10-21,4956,top_6,-0.10249888875219827,0.1753348324478657,0.16871697447112263,0.07955757961950058,0.7030662302761735,0.4943021241547495,-0.006301167680147136
2022-10-21,4956,flag_nested,-0.023637304501978706,0.0807212788361392,0.07901395042280052,0.14792214873946335,0.7103640083267538,0.5046170243260524,0.027782693942819056
2022-11-11,4970,market_1,0.24204162797808296,0.01581668020944266,0.01701978592943552,0.39504486958253127,0.7241214124810056,0.5243518200134867,0.1134928427827335
2022-11-11,4970,block_2_3,0.18140405759089323,0.0626402755564584,0.060730983412620176,0.31044450518564437,0.6940325313926102,0.4816811546312345,0.08778558889078014
2022-11-11,4970,block_4_6,0.006934084688659441,0.17709038866469232,0.16838741190367054,0.08955820527631174,0.5578176766174688,0.3111605603469112,-0.0369111205177694
2022-11-11,4970,top_3,0.17201363165184938,0.06258035684364883,0.06281672619895591,0.3002573604885806,0.6934190623499299,0.4808299960302559,0.08269962646958845
2022-11-11,4970,top_6,0.0152166842109622,0.18500728403972533,0.17578536577893072,0.11037327340733252,0.570019201844514,0.32492189047145703,-0.02020181849843118
2022-11-11,4970,flag_nested,0.053267303508337485,0.08520690651799603,0.08218922849259154,0.15926169782637092,0.6052828602734441,0.3663673409408018,0.006746865049317313
2022-12-02,4984,market_1,0.2388253348047405,0.013876868864099477,0.01970110185109171,0.2728642642016046,0.7168714471938703,0.5139046718018336,0.11082219594338436
2022-12-02,4984,block_2_3,0.3255025841045484,0.06768794463845894,0.05477057371274604,0.3174117274579272,0.6522880193344079,0.42547966016720473,0.1746507301592384
2022-12-02,4984,block_4_6,0.019275092673844696,0.15118789620226925,0.1638031190931862,0.05007571809077291,0.6342929282082593,0.40232751877500794,-0.15524449068928636
2022-12-02,4984,top_3,0.30669501837256985,0.06866615030739147,0.05742647967912555,0.30639288266883025,0.6574235463632351,0.43220571931281304,0.16400429644086628
2022-12-02,4984,top_6,0.02371031352402126,0.16125643993783323,0.1694832338064779,0.07036063602697933,0.6365008069883175,0.4051332772967793,-0.12374074647468408
2022-12-02,4984,flag_nested,0.0931831396696618,0.07809089229260034,0.07921381209849898,0.11775386836683077,0.6370871590209377,0.4058800481893696,-0.06390806068248837
2022-12-22,4998,market_1,0.2798867767818119,0.014432800199829067,0.017256697167996236,0.28722319513337347,0.676276917327817,0.4573504689104152,0.13784260645742638
2022-12-22,4998,block_2_3,0.013905906676223798,0.06071548424280201,0.06117990063908811,0.1064172637132752,0.5993279230678603,0.35919395936883525,-0.026809158811294934
2022-12-22,4998,block_4_6,0.07568334698517744,0.1585826412294209,0.24069610181018522,0.08125117956137935,0.49344744982794436,0.24349038574170168,-0.10507485330090813
2022-12-22,4998,top_3,0.026416888673041077,0.06222529374845126,0.06328394213665278,0.12619146182258484,0.6077407091209418,0.36934876952282525,-0.013272919001986693
2022-12-22,4998,top_6,0.06405959935875034,0.16871697447112263,0.24345850413277279,0.08700681287831974,0.5008588146413078,0.250859552203896,-0.0912269135631668
2022-12-22,4998,flag_nested,0.06404384169379629,0.0790139504228005,0.10729128535763856,0.1015675435739404,0.514746283595913,0.2649637364758042,-0.06594301912545568
2023-01-16,5012,market_1,0.19714680724482375,0.01701978592943552,0.014507210035990033,0.2483927055820622,0.7052643000775667,0.4973977329638998,0.08779758091659948
2023-01-16,5012,block_2_3,-0.03487911068806994,0.06073098341262019,0.0709235150619444,-0.07456435031674485,0.48881211607201047,0.2389372848187966,-0.17442250488730915
2023-01-16,5012,block_4_6,0.12019833567294837,0.1683874119036706,0.21322741735385536,0.19024830635621276,0.37412511785703856,0.139969603811543,0.1836896882282061
2023-01-16,5012,top_3,-0.022640111563387053,0.06281672619895591,0.0722376608246804,-0.04389853688675634,0.500406545901024,0.25040671118059377,-0.15483831051248453
2023-01-16,5012,top_6,0.11849007965497486,0.17578536577893067,0.2126405395962671,0.20700210936164182,0.4080515411703093,0.16650606025146464,0.20298118142062416
2023-01-16,5012,flag_nested,0.09401884075465804,0.08218922849259153,0.09739551086575188,0.15263310981431408,0.43463225175944176,0.1889051942694827,0.12812307142395804
2023-02-03,5026,market_1,0.05881193304753533,0.01970110185109171,0.012228157983711185,0.11149018219451293,0.7995635045286277,0.6393017977741002,-0.008040946957387005
2023-02-03,5026,block_2_3,0.10853606102916019,0.05477057371274602,0.07092126549502768,-0.03141177633186822,0.5281024654004115,0.2788922139619928,-0.09444398151429163
2023-02-03,5026,block_4_6,0.222207873292598,0.16380311909318612,0.19653730900686947,0.2621591999045491,0.3988119100346625,0.15905093958549554,0.3071290317240074
2023-02-03,5026,top_3,0.10671032404636716,0.05742647967912557,0.07184714278963925,-0.004424856732182272,0.5387630166198376,0.2902655880773073,-0.0829863050516157
2023-02-03,5026,top_6,0.20724887223317842,0.1694832338064778,0.19643163903258576,0.23950456542596468,0.45080649727105315,0.20322649798179615,0.2925000743133533
2023-02-03,5026,flag_nested,0.18163258243185323,0.07921381209849897,0.09111035410711679,0.17714450131780138,0.47875823959522085,0.22920945198031495,0.2059727543732012
2023-02-24,5040,market_1,0.03144909071819329,0.017256697167996233,0.011636541157618469,0.17648951694449905,0.8474858970742423,0.7182323457397335,-0.006917250707370347
2023-02-24,5040,block_2_3,-0.00906823426670992,0.061179900639088104,0.057915459020693574,0.012813277799451055,0.7678052477672282,0.5895248984988948,-0.024339762063898592
2023-02-24,5040,block_4_6,0.3684586752403196,0.24069610181018514,0.18252977624856406,-0.11293028318323776,0.9223744876152324,0.8507746954034628,0.12659514517786413
2023-02-24,5040,top_3,-0.010884713707049447,0.06328394213665278,0.058784812199335006,0.02037330796121683,0.7648014129944306,0.5849212013182779,-0.02917165153661079
2023-02-24,5040,top_6,0.3413892482989893,0.2434585041327728,0.19021734606034468,-0.10838537018244747,0.9172721735147226,0.8413882403044235,0.11326905521057402
2023-02-24,5040,flag_nested,0.2863093337023956,0.10729128535763857,0.08554375252226273,-0.08817810433386969,0.905399696113359,0.8197486097221627,0.0947687357998208
2023-03-16,5054,market_1,0.0670601112557094,0.014507210035990032,0.01311677763680666,0.1641103542137455,0.8594671542484824,0.7386837892319842,0.048537972055046556
2023-03-16,5054,block_2_3,-0.17234600895721844,0.07092351506194437,0.0562967120949053,0.09270119709014626,0.7334463899184758,0.537943606884445,-0.0833269025205954
2023-03-16,5054,block_4_6,0.29030133340836034,0.21322741735385525,0.17712952881291744,-0.10730258863039865,0.9374632274883863,0.8788373028929414,0.01881743314087518
2023-03-16,5054,top_3,-0.16139532141527335,0.07223766082468042,0.05780182161572441,0.08909841292738264,0.7387898077192929,0.5458103799899099,-0.0774136206489741
2023-03-16,5054,top_6,0.3023159072027799,0.21264053959626705,0.18240637172975593,-0.09570290937008669,0.9345263822596612,0.8733395591393306,0.03610912458878225
2023-03-16,5054,flag_nested,0.21645922332770143,0.09739551086575186,0.08265035263611659,-0.06695898012855576,0.923655214469147,0.8531389552160457,0.01932983495234697
2023-04-06,5068,market_1,0.02971456525564412,0.012228157983711189,0.013384431868997989,0.09907505954365475,0.8560469453208499,0.7328163725931582,-0.02387734393562492
2023-04-06,5068,block_2_3,-0.28595063524001785,0.07092126549502771,0.05881194177198,0.21274089610267824,0.7243454169192208,0.5246762830118799,-0.08369102770921359
2023-04-06,5068,block_4_6,0.40672727398869296,0.19653730900686944,0.18761185386151444,0.2527562458688529,0.9428486825347084,0.8889636381574353,0.15283314800926656
2023-04-06,5068,top_3,-0.27107543736333684,0.07184714278963922,0.06017724978430262,0.21455761615719313,0.7285386155562644,0.5307685143566385,-0.0753246281899093
2023-04-06,5068,top_6,0.4113871686513012,0.19643163903258568,0.19383771555966964,0.23742215937659153,0.9384625594695561,0.8807119755261508,0.1472414591304565
2023-04-06,5068,flag_nested,0.27921989786497625,0.09111035410711676,0.0874552465124603,0.2195175873585219,0.9270502664864004,0.8594221965925063,0.09085824850006509
2023-04-26,5082,market_1,0.022773445957893,0.011636541157618467,0.01437033701788819,-0.0718398115225294,0.8660442755524458,0.7500326872171607,0.021669530491112768
2023-04-26,5082,block_2_3,-0.14109995148817983,0.05791545902069357,0.05632042924339898,0.10414368596801594,0.7250679466230141,0.525723527220114,-0.19609948830127402
2023-04-26,5082,block_4_6,-0.3873571704773392,0.182529776248564,0.26155928603815326,0.59251586588173,0.45613453652255337,0.20805871540864473,0.6095041071394287
2023-04-26,5082,top_3,-0.12409049036262788,0.058784812199335026,0.0578265302018886,0.134507911355215,0.7261695825801143,0.5273222626645777,-0.16839103951735154
2023-04-26,5082,top_6,-0.37331287756820125,0.19021734606034468,0.26560822130488554,0.5740022941701574,0.4503215469007042,0.20278949560304316,0.5872382762292594
2023-04-26,5082,flag_nested,-0.3353020668190925,0.08554375252226273,0.11436387973712901,0.5113943760823387,0.5184338285199691,0.2687736345538726,0.5222678159373337
2023-05-19,5096,market_1,0.13243888232775386,0.013116777636806671,0.014773665361940087,-0.05732971750673823,0.88599739174421,0.7849913781775428,-0.0923072720478642
2023-05-19,5096,block_2_3,0.016596592825604987,0.05629671209490527,0.04749463371305765,0.055618364367616975,0.7996830938564189,0.639493050599774,-0.058109596016874626
2023-05-19,5096,block_4_6,-0.38361096451805227,0.1771295288129174,0.21874731578694187,-0.06112596136934831,0.6013117448324656,0.36157581447346443,0.3388445514043319
2023-05-19,5096,top_3,0.02546816869931362,0.05780182161572437,0.04906377856706505,0.0886684382431069,0.7904896486330799,0.6248738845960504,-0.04143324092948294
2023-05-19,5096,top_6,-0.35961410449432624,0.18240637172975593,0.22271423701753773,-0.054236525035798955,0.5927318818539424,0.3513310837661159,0.3175159639910113
2023-05-19,5096,flag_nested,-0.2994420466001815,0.08265035263611657,0.09637228788593698,-0.041147339809856846,0.6411669029032975,0.41109499737860633,0.2868669832438405
2023-06-08,5110,market_1,0.17146870514396403,0.013384431868997996,0.016919812487156915,0.20495465998248139,0.8250182810785569,0.6806551641138168,-0.02609592856254589
2023-06-08,5110,block_2_3,0.02335283788753514,0.05881194177198002,0.0535723605663117,0.14270428699806623,0.7179190217926685,0.5154077218517421,-0.0035930521863952814
2023-06-08,5110,block_4_6,-0.3889449200738425,0.1876118538615144,0.28418869161584104,-0.038679062943104615,0.2795337569144136,0.07813912125468647,0.19348169456519504
2023-06-08,5110,top_3,0.031651126770753116,0.06017724978430259,0.055774368211353724,0.15950396601090927,0.7093971326792422,0.5032442918535305,0.008891399788568803
2023-06-08,5110,top_6,-0.3722444157682497,0.19383771555966975,0.28810452234644546,-0.030733654002679307,0.3067667540109357,0.0941058413664061,0.20745295723660323
2023-06-08,5110,flag_nested,-0.3148923190710867,0.08745524651246032,0.12311475434381543,-0.008686456735401235,0.388240888204232,0.15073098727361112,0.23311546269142436
2023-06-28,5124,market_1,0.17339075387116423,0.014370337017888188,0.017493501538175606,0.3710182702084591,0.8305539741585555,0.6898199039905704,0.060030025262673176
2023-06-28,5124,block_2_3,0.08207127725445792,0.056320429243398966,0.0535799543847751,0.18216000126445028,0.7173034831226824,0.5145242868999322,0.10719540514491657
2023-06-28,5124,block_4_6,0.5055792037068573,0.2615592860381533,0.2848598109550757,0.2605243780776126,0.41275702379272644,0.17036836069022943,0.4341812617916046
2023-06-28,5124,top_3,0.08051760763399968,0.05782653020188862,0.055904107279323864,0.18280602563209225,0.7002022673464221,0.4902832151970703,0.10029647734108926
2023-06-28,5124,top_6,0.4938623765385407,0.26560822130488565,0.28889026780332583,0.2581114992897029,0.43229975421549194,0.18688307749477473,0.4272760079491902
2023-06-28,5124,flag_nested,0.45632313613261577,0.11436387973712905,0.12352075455112156,0.2542738693465796,0.4891860995032162,0.2393030399471705,0.37634445021931634
2023-07-19,5138,market_1,0.29187451677261134,0.014773665361940087,0.01603891428475546,0.5427026984520222,0.8138879378501431,0.6624135753779585,0.21012364918310014
2023-07-19,5138,block_2_3,0.13276754065450047,0.04749463371305763,0.0549472180793329,0.3827156463308339,0.7977537074138473,0.6364109776925384,0.1349519820029637
2023-07-19,5138,block_4_6,-0.47579289817861736,0.21874731578694181,0.2237262567681785,-0.2874036842427843,0.5205560771035878,0.2709786294094766,-0.4258797174073705
2023-07-19,5138,top_3,0.13561949004335389,0.049063778567065,0.05706303015355952,0.37370055530678914,0.7848706427849639,0.6160219259056824,0.1320520024459385
2023-07-19,5138,top_6,-0.45238011515588755,0.22271423701753784,0.22959061762116537,-0.27757117460148184,0.5240613391486509,0.27464028719027744,-0.40273748268374276
2023-07-19,5138,flag_nested,-0.37732316686069156,0.09637228788593699,0.10063772581963043,-0.13267504249972198,0.5949700675818523,0.3539893813183539,-0.31780797916095826
2023-08-08,5152,market_1,0.22225634749609005,0.016919812487156925,0.015966332499994955,0.5559133626748121,0.7829148754265152,0.6129557021641161,0.23999048296002962
2023-08-08,5152,block_2_3,0.15338699133651842,0.0535723605663117,0.05740848195131359,0.2289228651918446,0.8747521080111856,0.7651912504700131,0.07242034175164555
2023-08-08,5152,block_4_6,-0.03713569233195959,0.2841886916158411,0.23804436049016933,0.09417590921519975,0.4297067001667707,0.184647848168215,-0.04732292527737484
2023-08-08,5152,top_3,0.1611949671465119,0.05577436821135373,0.059438943558433356,0.2187031496767911,0.8677374471420107,0.7529682771725338,0.08680267758158353
2023-08-08,5152,top_6,-0.031616382216244084,0.2881045223464454,0.24313269671901422,0.1055158905301169,0.3930463740660918,0.15448545216650222,-0.025638245737788383
2023-08-08,5152,flag_nested,-0.01001164597914076,0.12311475434381543,0.1062301172593,0.1450207376049232,0.5600986778940683,0.313710528978683,-0.02770845432941964
2023-08-29,5166,market_1,0.3502533094277924,0.0174935015381756,0.013788507739645588,0.5353092997372754,0.8458506064054341,0.7154632483564403,0.263600284599071
2023-08-29,5166,block_2_3,0.07124737951134813,0.05357995438477506,0.06251531383764743,0.24479876360796096,0.8816987387088381,0.7773926658407557,0.08279714413276999
2023-08-29,5166,block_4_6,0.05573453548472806,0.2848598109550756,0.21516581348384725,0.012695204379899638,0.5751627995658994,0.330812246004483,0.03922462064172927
2023-08-29,5166,top_3,0.08518212002233534,0.055904107279323906,0.06387415996111251,0.22807540307838153,0.8762126227678703,0.7677485602977501,0.1011968652832912
2023-08-29,5166,top_6,0.06099466376916691,0.28889026780332583,0.2175416346255678,0.02159139069248064,0.54834731007722,0.3006847724689229,0.03943827819251849
2023-08-29,5166,flag_nested,0.06873121153211043,0.12352075455112159,0.0971467250187032,0.07999238299231307,0.6506928582902994,0.4234011958299997,0.07469229565851838
2023-09-19,5180,market_1,0.2957144353187799,0.016038914284755457,0.014651821692552542,0.5954031958749949,0.8236422301198825,0.6783865232368536,0.24592374310215934
2023-09-19,5180,block_2_3,0.01705900974677453,0.05494721807933288,0.06701819642596497,0.4570449603919771,0.8448540984713796,0.7137784477038875,0.24359212021864124
2023-09-19,5180,block_4_6,-0.1363499649991114,0.2237262567681783,0.616581478178875,-0.03020413119512696,-0.3968562185895056,0.15749485823316145,0.11805010872578434
2023-09-19,5180,top_3,0.03481695610819264,0.05706303015355956,0.0683773724486274,0.44418241180003853,0.8416967257574818,0.7084533781508656,0.26084265276555424
2023-09-19,5180,top_6,-0.12968391116178596,0.22959061762116548,0.6169221076239003,-0.043338820879061185,-0.40705744436876257,0.16569576301602806,0.09393956773733336
2023-09-19,5180,flag_nested,-0.11466256492732636,0.10063772581963047,0.2553533082725886,0.036235906580426656,-0.14855294371701935,0.022067977086991708,0.09223429046837299
2023-10-10,5194,market_1,0.10764079804852535,0.015966332499994955,0.015356838635334531,0.5117930624078944,0.8536778685160568,0.728765903194118,0.11012754478017989
2023-10-10,5194,block_2_3,0.11125616552989198,0.05740848195131358,0.0550085392146823,0.5988016418554711,0.8796501726962392,0.7737844263245238,0.2546218103667954
2023-10-10,5194,block_4_6,0.5149113714700442,0.23804436049016944,1.111378546209016,0.4665645756508192,-0.5602141870435549,0.3138399353648711,0.63991591932355
2023-10-10,5194,top_3,0.11156681428858177,0.05943894355843337,0.05710984281288427,0.5797899881634857,0.8713093963443125,0.7591800641578899,0.24735436358897003
2023-10-10,5194,top_6,0.5016732970127479,0.24313269671901427,1.1120373595256245,0.45125406599607765,-0.5618712255838033,0.3156992741390451,0.583153784544285
2023-10-10,5194,flag_nested,0.47040724745590445,0.10623011725930002,0.45544212077024276,0.4228719182425351,-0.4032625836694287,0.16262071138774292,0.557356225230666
2023-10-30,5208,market_1,-0.040397352749357074,0.013788507739645585,0.015780252833135323,0.4663569820115376,0.8054164366895704,0.6486956364897247,-0.13321480045556255
2023-10-30,5208,block_2_3,0.198823212121325,0.06251531383764744,0.0548571757593145,0.6480373349404921,0.8582332170418329,0.736564254833974,0.11422024043342188
2023-10-30,5208,block_4_6,0.31820360355189886,0.21516581348384717,0.6105697152744101,-0.1447081006943848,0.051612477085253794,0.0026638477908758063,-0.16608154674161824
2023-10-30,5208,top_3,0.19252146911668241,0.06387415996111247,0.056761535986707565,0.6270874857373109,0.8530039973255295,0.7276158194533318,0.09929922006000194
2023-10-30,5208,top_6,0.31201794477287803,0.21754163462556786,0.6121313494463672,-0.18560331554562162,0.03169930756301815,0.0010048460999748654,-0.19303243623851787
2023-10-30,5208,flag_nested,0.29139653748392313,0.09714672501870322,0.2525346943778343,-0.045600311347541056,0.1789536040893095,0.032024392416553304,-0.12376602324762392
2023-11-20,5222,market_1,0.15920718795594888,0.01465182169255254,0.015098637198653056,0.3409543471167034,0.7861902101592262,0.6180950465502082,-0.07750891022427958
2023-11-20,5222,block_2_3,0.22804529675443122,0.06701819642596496,0.05359266004333817,0.5408578510028909,0.8480428961770045,0.7191767537562818,-0.0188787971305612
2023-11-20,5222,block_4_6,0.19217859064656753,0.616581478178875,0.27610185670939164,0.47034562657493406,0.7375916689312685,0.5440414700768136,-0.09150851097272396
2023-11-20,5222,top_3,0.22230612702645772,0.06837737244862739,0.05546341715075523,0.5224860486032393,0.8436450708204905,0.7117370055197109,-0.01747944896433367
2023-11-20,5222,top_6,0.18999819238287385,0.6169221076239002,0.2803409319528421,0.4468762208021101,0.7277623894623656,0.529638095515972,-0.057681630096264626
2023-11-20,5222,flag_nested,0.1893652070279301,0.2553533082725885,0.11979929916587209,0.452484722501953,0.7299951006435669,0.5328928469636114,0.006305338572161451
2023-12-11,5236,market_1,0.1307181817471611,0.01535683863533453,0.015674887111795183,0.22432484263134875,0.6881614121372114,0.47356612915468066,-0.11923542364461466
2023-12-11,5236,block_2_3,0.10523595864449753,0.055008539214682316,0.0522796862413385,0.3528395422949107,0.7860268443150641,0.617838199983898,0.04455187106798918
2023-12-11,5236,block_4_6,-0.501171251327062,1.1113785462090164,0.2876837931141699,-0.6529537243900251,0.7311276043115004,0.5345475737862739,-0.22684193943537945
2023-12-11,5236,top_3,0.10733842822888748,0.05710984281288429,0.05373091539156011,0.35224234952976297,0.787849747399021,0.6207072244767017,0.06639167003319507
2023-12-11,5236,top_6,-0.4930781399099941,1.1120373595256243,0.29206954466577933,-0.6516306495652129,0.7239200130847397,0.52406018534461,-0.23914506713580036
2023-12-11,5236,flag_nested,-0.46936766554835846,0.45544212077024265,0.12419933841390542,-0.5890886039470806,0.7208979510196828,0.5196938557843771,-0.26660185410988274
2023-12-29,5250,market_1,0.036084171599624994,0.015780252833135316,0.01783024560145573,0.08476852356264207,0.6274617994593259,0.39370830978073523,-0.19302174905722735
2023-12-29,5250,block_2_3,0.1702672068296599,0.054857175759314494,0.05708933925995875,0.5450372535099691,0.8125079634440475,0.6601691906599938,0.3216850489586138
2023-12-29,5250,block_4_6,-0.740679929344767,0.6105697152744101,0.8061250664906672,-0.655623205758375,-0.6964977441522634,0.4851091076091919,-0.3529380976828148
2023-12-29,5250,top_3,0.14536784667857333,0.05676153598670758,0.0590300327418745,0.5287166794234566,0.810717836547009,0.6572634104954627,0.3127585990791318
2023-12-29,5250,top_6,-0.7374713890673841,0.6121313494463672,0.807135955860193,-0.6696212090532636,-0.6896702226573405,0.47564501602022535,-0.3913898672079372
2023-12-29,5250,flag_nested,-0.7228012234501761,0.2525346943778344,0.33174916395840653,-0.5641798573475019,-0.5772000534456594,0.33315990169767207,-0.3047982971630952
2024-01-24,5264,market_1,0.046290838095555835,0.01509863719865305,0.01632253810595483,0.09006913996372966,0.7174447949723294,0.5147270338328878,-0.10167537987313768
2024-01-24,5264,block_2_3,-0.012190420066471105,0.05359266004333819,0.06119828089168705,0.5144404964924564,0.8760146925677315,0.767401741594537,0.051185133165094536
2024-01-24,5264,block_4_6,-0.15325852283160393,0.27610185670939175,1.2876701569621745,-0.32902609637989066,-0.8228249134034149,0.6770408381173368,-0.2128422473785043
2024-01-24,5264,top_3,-0.016802093480905323,0.055463417150755236,0.06301767425320964,0.4962841730554665,0.8720031323513625,0.7603894628305877,0.05498506366025042
2024-01-24,5264,top_6,-0.15191422027201745,0.28034093195284204,1.2881814516865535,-0.35279740596742687,-0.8317630861074035,0.6918298314109119,-0.2670091358671628
2024-01-24,5264,flag_nested,-0.14484311145871334,0.11979929916587208,0.5274075682852186,-0.2436527346446766,-0.7510524404314263,0.5640797682780011,-0.0912329490577996
2024-02-14,5278,market_1,0.02789372191675442,0.015674887111795186,0.015092208129039329,0.18014087218790323,0.7217552291551348,0.5209306108127811,0.0012644736298664419
2024-02-14,5278,block_2_3,0.0784355336671062,0.05227968624133848,0.06978016952725785,0.42602764303511953,0.7602158240347286,0.5779280991128016,0.22527020815651067
2024-02-14,5278,block_4_6,-0.6901254028174854,0.28768379311416997,0.724801215988621,0.8551853216926286,-0.9496515516796112,0.9018380696074934,0.24815010057982284
2024-02-14,5278,top_3,0.07544494526099618,0.05373091539156008,0.07114760944909684,0.4169527745366361,0.7571085743188849,0.5732133933071745,0.21448425352309927
2024-02-14,5278,top_6,-0.6782174036858128,0.2920695446657794,0.726496495633178,0.8433247962326806,-0.9481178759069135,0.8989275066142373,0.2236545806455769
2024-02-14,5278,flag_nested,-0.6413857226255788,0.12419933841390543,0.2998020934175277,0.8088143748522263,-0.9295258931442302,0.8640183860255786,0.3150546988183739
2024-03-06,5292,market_1,0.10128913230591488,0.017830245601455744,0.013978068693555239,0.24309622857092078,0.797563025529561,0.6361067796918671,0.1321928358251208
2024-03-06,5292,block_2_3,0.2752272137664851,0.057089339259958745,0.06451672258264822,0.4181314103891612,0.7471802641828584,0.5582783471843662,0.29093224825099095
2024-03-06,5292,block_4_6,-0.961918564876014,0.8061250664906668,1.4273160576105886,0.4531558037925538,-0.46225429431559406,0.21367903261320775,0.1317199085187676
2024-03-06,5292,top_3,0.26293775022070603,0.05903003274187451,0.06587084551859992,0.41286802777848564,0.7468023693811147,0.5577137789132465,0.28150709241397737
2024-03-06,5292,top_6,-0.9605767486162123,0.8071359558601933,1.428056694032145,0.4268039300664678,-0.4447300494905466,0.19778481691986416,0.10736359677643091
2024-03-06,5292,flag_nested,-0.949914791872942,0.3317491639584067,0.5844079876785708,0.42018342924980207,-0.38150309289757867,0.1455446098904185,0.2111333114485064
2024-03-27,5306,market_1,0.17709310982257886,0.01632253810595483,0.014678193511600329,0.23935959751731437,0.6960919736360042,0.4845440357604677,0.10813758566943374
2024-03-27,5306,block_2_3,0.20829219573357682,0.061198280891687065,0.05631205236254442,-0.022769856460825143,0.7695440732159946,0.5921980806218643,0.09633377328561328
2024-03-27,5306,block_4_6,-0.6411761811626251,1.2876701569621745,0.4218724244353919,-0.8050811255986525,0.8737630504940093,0.7634618684085971,-0.294741007897392
2024-03-27,5306,top_3,0.20179791664025232,0.06301767425320964,0.05778117600946862,-0.010380331094064067,0.7674924933636188,0.5890447273695045,0.10080318231111475
2024-03-27,5306,top_6,-0.6373933511783045,1.288181451686554,0.42415923716439624,-0.7952292428649906,0.87241316573626,0.7611047317499634,-0.2748425140003086
2024-03-27,5306,flag_nested,-0.6188631153616957,0.5274075682852188,0.17695624848275388,-0.7280059483874989,0.867739029913879,0.7529710240358801,-0.19641430207318375
2024-04-16,5320,market_1,0.06628552027806923,0.01509220812903933,0.016791443910800917,0.27402214238886297,0.546722198203207,0.29890516200814665,0.1047538905107066
2024-04-16,5320,block_2_3,0.07880686785430206,0.06978016952725785,0.04810933662150842,-0.08697218640150066,0.8084916652246592,0.6536587727377423,-0.005154759678408229
2024-04-16,5320,block_4_6,0.12510531528952537,0.7248012159886212,0.2725637084396536,0.955625546621184,0.9633960484358085,0.9281319461417307,0.39465354185637197
2024-04-16,5320,top_3,0.07789911082379264,0.07114760944909683,0.04997622175574417,-0.06651317260502666,0.8028852442337351,0.6446247154082643,0.012806518092067771
2024-04-16,5320,top_6,0.12427233153023572,0.7264964956331782,0.2757389567988176,0.9561694337754718,0.9630136715383832,0.9273953315698369,0.40034057869817224
2024-04-16,5320,flag_nested,0.12096735133081217,0.29980209341752784,0.11741588003766518,0.9441011050207309,0.9615631387218724,0.9246036697486592,0.34360598865658926
2024-05-09,5334,market_1,0.04081308186555245,0.013978068693555234,0.016844744731447238,0.04416756071299954,0.5250821619255226,0.27571127677238083,-0.030979523190591735
2024-05-09,5334,block_2_3,0.005446893773249273,0.06451672258264825,0.058024755954321196,0.01627045693058087,0.719496519833922,0.5176752420531253,-0.07691097286664826
2024-05-09,5334,block_4_6,0.815322067200843,1.4273160576105886,0.43269159130317186,-0.24610769926538034,0.890256228730747,0.7925561527938921,0.2478909026066771
2024-05-09,5334,top_3,0.00021719080693144516,0.06587084551859997,0.05954401249011207,0.027999817897761885,0.7168805886813968,0.5139177784281859,-0.060307283739626266
2024-05-09,5334,top_6,0.8108731009327189,1.4280566940321444,0.43551354647022517,-0.2280774907996514,0.8866680282938838,0.7861801923985634,0.22414621687370334
2024-05-09,5334,flag_nested,0.7908913910399069,0.5844079876785708,0.18187243723570098,-0.20184738030233448,0.8729707309503666,0.762077897096017,0.1459834471826716
2024-05-29,5348,market_1,0.15705836546282453,0.014678193511600336,0.014877448086835127,0.14792904021953857,0.6807022678350413,0.46335557743576816,0.010725215393677259
2024-05-29,5348,block_2_3,0.19975427450120053,0.056312052362544454,0.06330303784932587,0.21689514473470384,0.6356776786903912,0.4040861111852043,0.18931834732514005
2024-05-29,5348,block_4_6,0.33909898486546886,0.4218724244353918,0.18228914798759005,0.5404886938963004,0.5952168516995391,0.354283100547111,0.34787736482771753
2024-05-29,5348,top_3,0.19196962327491227,0.057781176009468624,0.0641377791639222,0.21968907242527627,0.6432221120341766,0.4137346854097069,0.19259454363774048
2024-05-29,5348,top_6,0.33075318496592315,0.42415923716439624,0.18755108193319045,0.5200856489691058,0.6055284088187904,0.3666646538866162,0.32299412815162154
2024-05-29,5348,flag_nested,0.304782902862616,0.1769562484827539,0.08634306431896085,0.4676250633215003,0.6156856908315507,0.37906886989472366,0.2890135881975366
2024-06-18,5362,market_1,0.1703082205090901,0.016791443910800914,0.01393266777208715,0.2074108086880379,0.7842636924990194,0.6150695393721961,0.17357285883824258
2024-06-18,5362,block_2_3,0.33856677583128547,0.04810933662150845,0.05159272238148047,0.08095154436146522,0.7787466318187471,0.6064463165690432,0.20943610422583908
2024-06-18,5362,block_4_6,0.013557508159881803,0.27256370843965366,0.2086604650044077,0.49107347074479824,0.6246158345755646,0.39014494080252915,0.36562579725373245
2024-06-18,5362,top_3,0.32065246879934517,0.049976221755744184,0.05293819326063468,0.09448774516615323,0.7804734243774212,0.6091387661594181,0.20149925683220973
2024-06-18,5362,top_6,0.012761328885656863,0.2757389567988175,0.2118327809447664,0.4866010178334596,0.626321012740775,0.39227801100063,0.35938365368364933
2024-06-18,5362,flag_nested,0.041021370792735976,0.11741588003766515,0.09277458980568452,0.43922614068718835,0.6527596225298979,0.42609512480537504,0.35639906840802466
2024-07-08,5376,market_1,-0.001798959998086718,0.01684474473144724,0.018060397707763916,0.07999367628184521,0.7161551834246681,0.5128782467460199,0.011769967138101994
2024-07-08,5376,block_2_3,0.1464394511932534,0.05802475595432121,0.06757274150800917,0.15001203485082748,0.6150689927603679,0.3783098658552535,0.08315123007805782
2024-07-08,5376,block_4_6,0.7109334685938121,0.4326915913031717,0.26860672954268894,0.6006772468693735,0.4135185830317444,0.17099761851258177,0.6515422972566726
2024-07-08,5376,top_3,0.1423024562947205,0.059544012490112104,0.06882273233340429,0.16636546823761755,0.6141456592708834,0.3771748908012681,0.08635893275258491
2024-07-08,5376,top_6,0.6978863266976614,0.4355135464702251,0.27094626106503084,0.594104060922404,0.41331147290556897,0.1708263736353708,0.6420798817668495
2024-07-08,5376,flag_nested,0.6435938195533555,0.18187243723570096,0.11891319042966193,0.5411855775061262,0.4609289781969009,0.21245552294163916,0.5924123779058574
2024-07-29,5390,market_1,0.14536416415110692,0.014877448086835122,0.018165866564511447,0.20143420522610725,0.6023334853515845,0.3628056275757874,0.15605992330034174
2024-07-29,5390,block_2_3,0.2972883788465117,0.06330303784932585,0.057314937716598506,0.27971600351947545,0.7398122073227462,0.5473221021037542,0.25854808112511823
2024-07-29,5390,block_4_6,0.28066784020572233,0.1822891479875901,0.2019793171284489,0.4317529520647388,0.3617517311701358,0.13086431500459028,0.4328082201101915
2024-07-29,5390,top_3,0.28251380960791567,0.0641377791639222,0.05895300142683026,0.26806764835683805,0.7390538671898345,0.5462006186082498,0.23456420957741428
2024-07-29,5390,top_6,0.2575134999716366,0.1875510819331904,0.20780593398555885,0.4013972907825964,0.3348901496182697,0.11215141231134707,0.40159385881974
2024-07-29,5390,flag_nested,0.25700382955920725,0.08634306431896083,0.09319711297595003,0.36322038962783915,0.46102089063109014,0.21254026159828376,0.36249755245151444
2024-08-19,5404,market_1,0.35738360437654515,0.01393266777208715,0.01701065506936442,0.2518924684067847,0.6433329568546552,0.4138772933753536,0.22888017064948524
2024-08-19,5404,block_2_3,0.33935186072498846,0.05159272238148045,0.06354751336340222,0.4474866447952716,0.7775396147393444,0.6045678524890079,0.12303717542739745
2024-08-19,5404,block_4_6,0.4271134730635827,0.2086604650044077,0.18949713033739532,0.41039814350218384,0.5261024738807815,0.2767838130234781,0.3240434940060033
2024-08-19,5404,top_3,0.3360075287234778,0.05293819326063465,0.06478434040193579,0.43256361826623335,0.7785981805750384,0.60621512679476,0.11084129595226606
2024-08-19,5404,top_6,0.4061926121563695,0.21183278094476632,0.19778869720378864,0.3569439002733547,0.49895786997945357,0.24895895601443307,0.2909039558341128
2024-08-19,5404,flag_nested,0.3932315179281033,0.09277458980568448,0.09060037212904914,0.3652946295910029,0.59140007710336,0.34975405119785985,0.2622982399362095
2024-09-06,5418,market_1,0.36775432183921203,0.018060397707763912,0.01671187876202149,0.1344005577605596,0.6604495596782447,0.4361936208791871,0.2274180286972282
2024-09-06,5418,block_2_3,0.05493391099125555,0.06757274150800915,0.05132770085457381,0.3043989066450831,0.8531827435511737,0.7279207938935083,0.03546505605354096
2024-09-06,5418,block_4_6,0.38594174956455,0.268606729542689,0.2659470213140636,0.2979375086187098,0.481795194081966,0.23212660904047933,0.39188767518359174
2024-09-06,5418,top_3,0.0643357273817454,0.06882273233340433,0.05374229743155052,0.31141836563297604,0.8455159201397725,0.7148971712098064,0.035957375898627006
2024-09-06,5418,top_6,0.38431511623163706,0.27094626106503084,0.27052526500350305,0.28645356897396596,0.46317121980405057,0.21452757885477225,0.3824809076003708
2024-09-06,5418,flag_nested,0.3543769144645456,0.11891319042966196,0.11592821731729587,0.2852545834066086,0.5537397365144843,0.3066276957951306,0.34288125936131814
2024-09-30,5432,market_1,0.3398869379615862,0.018165866564511447,0.01764442138309998,0.34859586157144473,0.5748100527616339,0.3304065967558323,0.2461375798494306
2024-09-30,5432,block_2_3,-0.020548119335309124,0.05731493771659855,0.05357571523758465,0.1743891412885207,0.733447179684544,0.5379447653872117,-0.11812904988975928
2024-09-30,5432,block_4_6,0.45090211172827016,0.2019793171284488,0.2739132810130753,0.37390364895325406,0.5419345649309157,0.29369307266686084,0.2662515441181617
2024-09-30,5432,top_3,0.006437242908188947,0.05895300142683025,0.056370787667078016,0.1840492849272474,0.7233704354918116,0.523264786943613,-0.09221679401852527
2024-09-30,5432,top_6,0.43852279788969906,0.20780593398555888,0.27637473120536127,0.37071763867938534,0.5611022056171643,0.31483568514844673,0.2762586490988532
2024-09-30,5432,flag_nested,0.38977627234460577,0.09319711297595003,0.11874782600740928,0.332353615794804,0.5742507789035038,0.3297639570712807,0.2145176591559231
2024-10-21,5446,market_1,0.01427291078187862,0.017010655069364413,0.018740737267905073,0.20692508427897596,0.5168759476172854,0.2671607452252668,0.09346289886197143
2024-10-21,5446,block_2_3,0.00499110512616746,0.06354751336340222,0.04787059640079417,0.031887211711338626,0.7761962627708766,0.6024806383394758,-0.17598892567562505
2024-10-21,5446,block_4_6,0.5004762937819787,0.18949713033739532,0.26131154926266603,0.4725580686924537,0.47185403580897656,0.22264623110921888,0.45952227669952467
2024-10-21,5446,top_3,0.012004943390380158,0.06478434040193579,0.05136777371717843,0.036935329926507686,0.756287901905889,0.5719713905692112,-0.15177108479504475
2024-10-21,5446,top_6,0.4749154871186495,0.19778869720378867,0.264116790749452,0.48088941053530726,0.4920172607589283,0.2420809848847193,0.47175613677644984
2024-10-21,5446,flag_nested,0.4042356027558287,0.09060037212904916,0.11338890812095642,0.3801580972406658,0.5291718863495561,0.28002288530274766,0.35153208010321124
2024-11-11,5460,market_1,0.15733603235752075,0.01671187876202149,0.01937634753013564,0.07394828450374386,0.5786933005481055,0.3348859360992599,0.16135679574009565
2024-11-11,5460,block_2_3,0.060170061432215566,0.05132770085457379,0.050837868581113575,-0.16246295793778337,0.7985592440698452,0.6376968662894026,-0.06017509204892404
2024-11-11,5460,block_4_6,0.5712431293617464,0.26594702131406356,0.19482307103913651,0.36584447845643525,0.6037733196334499,0.3645422215011963,0.5319681455821396
2024-11-11,5460,top_3,0.08288728821131656,0.05374229743155053,0.053982918520431813,-0.14257403915885453,0.7848756274374602,0.6160297505453467,-0.04183792864700364
2024-11-11,5460,top_6,0.5518230798181248,0.2705252650035031,0.19943887087974452,0.4116667666982799,0.6065615905730397,0.3679169631584961,0.5466025908246374
2024-11-11,5460,flag_nested,0.4919334108725311,0.1159282173172959,0.08930922989199393,0.3018877064319863,0.6394868391434453,0.4089434174376748,0.44415517032917695
2024-11-29,5474,market_1,0.295430713026353,0.01764442138309998,0.020278804230115355,0.2780837852040389,0.5786852517918825,0.3348766206414344,0.28879525088820246
2024-11-29,5474,block_2_3,0.0838659220941097,0.05357571523758463,0.04853389672540171,0.2221932547721296,0.8124646895084843,0.6600988716981175,0.1573920193411056
2024-11-29,5474,block_4_6,0.5176902779377165,0.2739132810130752,0.21015504242133454,0.32186848024192594,0.7129558546060769,0.5083060506170816,0.5047869196062178
2024-11-29,5474,top_3,0.11627997324161032,0.05637078766707798,0.05188725650412277,0.2259252809407312,0.8018308423209036,0.6429326996970501,0.17579979818299393
2024-11-29,5474,top_6,0.5058072947625103,0.2763747312053614,0.21567712788476784,0.32202563646312876,0.7110813477282214,0.5056366830869841,0.47689623886266924
2024-11-29,5474,flag_nested,0.4639223128987034,0.11874782600740931,0.09519154170556317,0.3082540273344249,0.7130237621934495,0.5084028854525009,0.4257887884837998
2024-12-19,5488,market_1,0.4619910572663019,0.018740737267905067,0.019599047960746394,0.3545469496827622,0.5920681442858351,0.35054468747807255,0.2845832867487994
2024-12-19,5488,block_2_3,0.19075049667185737,0.047870596400794156,0.05283910287201236,0.3174603989244868,0.8385795280855816,0.7032156249242367,0.18267311406025016
2024-12-19,5488,block_4_6,0.4958820482574476,0.2613115492626659,0.15013287518652135,0.4197224270058301,0.8137653175244296,0.6622139920056357,0.397697028786781
2024-12-19,5488,top_3,0.22267363839802937,0.051367773717178426,0.05549151402496048,0.32538405230731277,0.8316427906597031,0.6916297312562589,0.21042517328665197
2024-12-19,5488,top_6,0.47381051422738424,0.2641167907494519,0.15722636021373246,0.3983920469647538,0.8066939974845366,0.6507552055775818,0.3843495641875989
2024-12-19,5488,flag_nested,0.434096729819039,0.11338890812095635,0.07436787017862502,0.3805474446287171,0.8017347221834105,0.6427785647545103,0.3508130377360379
2025-01-15,5502,market_1,0.36764954877980105,0.019376347530135635,0.015429714089269707,0.30629220765553106,0.7349880023996544,0.5402073636714344,0.26032595766589817
2025-01-15,5502,block_2_3,0.1190149016482382,0.05083786858111363,0.04825532705540053,0.38370916692153473,0.8601310315075924,0.739825391362315,0.10794127241036926
2025-01-15,5502,block_4_6,0.39572619471579135,0.19482307103913657,0.15741505542894957,0.29426951411156393,0.8078715026209407,0.6526563647470167,0.23464012385189914
2025-01-15,5502,top_3,0.13909918409682878,0.05398291852043182,0.050457880108717296,0.3884361711901347,0.8542103139270928,0.7296752604194225,0.13108021915942145
2025-01-15,5502,top_6,0.385825682672015,0.19943887087974455,0.16187468549875547,0.27496162967220505,0.8089840347638096,0.6544551685027331,0.23477808904875339
2025-01-15,5502,flag_nested,0.35057090355092363,0.08930922989199393,0.07385105009038127,0.29775926169237754,0.812568642671219,0.6602677990525472,0.210301564200772
2025-02-04,5516,market_1,0.2015300862194255,0.020278804230115355,0.013716145830359093,0.21820577633519594,0.8258685772807607,0.6820589069397476,0.12466303859243387
2025-02-04,5516,block_2_3,0.2397667505350969,0.048533896725401704,0.05037318569325232,0.31792682783092535,0.8627691067041628,0.7443705314830991,0.12514696326149663
2025-02-04,5516,block_4_6,0.2733117718584301,0.2101550424213345,0.1396477332894991,0.28950723679663265,0.8103393720975101,0.6566498979713868,0.17599923527653852
2025-02-04,5516,top_3,0.248457199604544,0.05188725650412277,0.05209104957806095,0.3123409139890271,0.8596443569165175,0.7389884203784134,0.12658691862322138
2025-02-04,5516,top_6,0.2708191504792279,0.215677127884768,0.1425146060678939,0.27994527398877533,0.8068035049297242,0.6509318955668876,0.1740948520137983
2025-02-04,5516,flag_nested,0.261746381080907,0.09519154170556324,0.06691557339116838,0.28078437557804514,0.8210639759546896,0.6741460526105232,0.16434425750280876
2025-02-26,5530,market_1,-0.1027479734803049,0.019599047960746397,0.016743090928641475,0.17195079898300028,0.7087396425548914,0.5023118809288352,0.022428774846772002
2025-02-26,5530,block_2_3,0.13650026547221372,0.05283910287201238,0.059062990540937124,0.32309169138844557,0.801769709027389,0.642834666313864,0.028618937253330187
2025-02-26,5530,block_4_6,0.2727490536389016,0.15013287518652144,0.12362443631747573,0.12321001736357834,0.8673517351729648,0.7522990325075529,0.23839386126718712
2025-02-26,5530,top_3,0.1512760961028137,0.0554915140249605,0.06029636898623274,0.32539382225307695,0.7968727551033488,0.6350061878260016,0.044391105016507164
2025-02-26,5530,top_6,0.24352332005224825,0.15722636021373254,0.1307570643370129,0.11499963679074383,0.8598681715827401,0.7393732725010447,0.21347924113109534
2025-02-26,5530,flag_nested,0.19782898029292667,0.07436787017862505,0.06589221079782512,0.16388170930051188,0.8404662325879467,0.7063834881205767,0.16687171462813935
2025-03-18,5544,market_1,-0.07635394843222357,0.015429714089269716,0.018106012978979073,0.2789300972588932,0.6909858052132596,0.47746138300621666,0.02430923879769651
2025-03-18,5544,block_2_3,0.22368798360614953,0.04825532705540054,0.07434818022692696,0.25634394995090415,0.6471736776245748,0.41883376901011715,0.10713920643250731
2025-03-18,5544,block_4_6,0.1408269494099325,0.15741505542894954,0.13893793622701034,0.22727743750699772,0.8283053295497752,0.6860897189605619,0.2711717406676701
2025-03-18,5544,top_3,0.2222426638030279,0.050457880108717275,0.07523512020222968,0.2588779342516672,0.6529453145114726,0.42633758374248576,0.10887002200882658
2025-03-18,5544,top_6,0.11658679408169892,0.16187468549875542,0.14723482362459084,0.21483389207661918,0.8247280337661077,0.6801763296797103,0.23316866469346967
2025-03-18,5544,flag_nested,0.12824528127789409,0.07385105009038125,0.07633883475163218,0.22634110750070316,0.7853435196917161,0.6167644439217732,0.1885264636891468
2025-04-08,5558,market_1,0.16467489999015442,0.013716145830359093,0.015837915760675614,0.20094514354581855,0.6999728520362665,0.4899619935877849,0.12092200726875635
2025-04-08,5558,block_2_3,0.23839968981436352,0.05037318569325236,0.07072511999852152,0.21241590668249644,0.7356236600582824,0.5411421692375433,0.08079888396540527
2025-04-08,5558,block_4_6,0.08253991199530049,0.1396477332894992,0.15844331139445295,0.22111824739567493,0.7002383619064627,0.490333763485446,0.06841975951005173
2025-04-08,5558,top_3,0.22897748541446827,0.052091049578060926,0.07190463658491314,0.20456844214383993,0.7365097312189189,0.542446584180164,0.07409678489443318
2025-04-08,5558,top_6,0.05409701872618103,0.14251460606789387,0.1699227589874809,0.22786829038634976,0.6772823238809986,0.458711346241646,0.06719055569451787
2025-04-08,5558,flag_nested,0.09795809789432097,0.06691557339116835,0.08238055494733768,0.22034289705653792,0.6921923026349177,0.47913018382702965,0.06931841450647025
2025-04-28,5572,market_1,0.3645141730627917,0.016743090928641475,0.015603429475870286,0.28781397883345455,0.7124541507083134,0.5075909168615039,0.24451398339414543
2025-04-28,5572,block_2_3,0.30534479273673654,0.059062990540937124,0.07015709147862025,0.18842120416386535,0.6847664235962944,0.4689050548848598,0.1736212290295235
2025-04-28,5572,block_4_6,0.20027145015039644,0.12362443631747574,0.1620225858234426,0.08581045651105307,0.7115522637656555,0.5063066240700291,-0.031860556526973456
2025-04-28,5572,top_3,0.2968740294131586,0.06029636898623269,0.07151246657148837,0.18326732908839347,0.6875132718455812,0.4726744989638163,0.16637298822719032
2025-04-28,5572,top_6,0.22214344232390598,0.13075706433701292,0.1667552362617941,0.12418143689949167,0.7165847766758531,0.5134937421635822,0.005311886026425172
2025-04-28,5572,flag_nested,0.2486333525712669,0.06589221079782512,0.08113381604840034,0.14381936203568027,0.7052364397132491,0.4973584358994194,0.05748860169238919
2025-05-21,5586,market_1,0.5452586343667217,0.018106012978979073,0.01880122114299163,0.3521421742682133,0.6676996391444612,0.4458228081136437,0.3372704479266951
2025-05-21,5586,block_2_3,0.2411604369587928,0.07434818022692692,0.057877066434528605,0.4559891424438672,0.7918300883650649,0.6269948888402261,0.35969654019124175
2025-05-21,5586,block_4_6,0.036761553415071084,0.13893793622701037,0.19054742534280342,0.16589949716674474,0.7027785302306694,0.49389766255318,-0.0022701764072190554
2025-05-21,5586,top_3,0.2438653680512108,0.07523512020222967,0.06023598836486678,0.439588332296002,0.7849153778272515,0.6160921503496972,0.34146376883414115
2025-05-21,5586,top_6,0.07053814757093792,0.14723482362459092,0.19624353707458428,0.17784341733690914,0.7023945746486575,0.4933581384958685,0.033435285834127026
2025-05-21,5586,flag_nested,0.13103817992134922,0.0763388347516322,0.08933941826067457,0.23724125901501417,0.7140305962933475,0.5098396924430336,0.0987998023333764
2025-06-10,5600,market_1,0.5098790242727538,0.01583791576067561,0.018696647734899423,0.29921231034076745,0.6841082077089696,0.46800403985477856,0.27812526596637366
2025-06-10,5600,block_2_3,0.29370376470885357,0.0707251199985215,0.06507921672101091,0.3176606036286067,0.8131551327517299,0.6612212699204832,0.24448870335062015
2025-06-10,5600,block_4_6,0.22123799638475802,0.15844331139445308,0.17813965040760074,0.21412867640567881,0.7432509772360126,0.5524220151622875,0.17045757839564316
2025-06-10,5600,top_3,0.3021612367214006,0.07190463658491314,0.06760028633767876,0.31803184177681026,0.8050309688145822,0.6480748607505447,0.24263731492453822
2025-06-10,5600,top_6,0.22244536516342955,0.16992275898748105,0.18461056934138467,0.2285985307965802,0.7468556644886184,0.5577933835787358,0.18782540882139417
2025-06-10,5600,flag_nested,0.25191082674293636,0.08238055494733772,0.08690804293194046,0.25366386503760574,0.7516842352107936,0.5650291894644354,0.19774850403829594
2025-06-30,5614,market_1,0.27253682765097553,0.015603429475870286,0.018281153825106065,0.19842395772628982,0.7570278848546393,0.573091218447489,0.10879904434851209
2025-06-30,5614,block_2_3,0.1258556044774894,0.07015709147862022,0.058539507888566454,0.36150850880313473,0.8478984769601974,0.7189318272314222,0.23492050803828263
2025-06-30,5614,block_4_6,0.29982233354148163,0.1620225858234425,0.16547570454829652,0.27118606190826583,0.7356095279865642,0.5411213776646158,0.209871705134793
2025-06-30,5614,top_3,0.13982428092601665,0.07151246657148837,0.061270074570377926,0.3645490135535061,0.8390469279960586,0.7039997473796233,0.23054447883366005
2025-06-30,5614,top_6,0.2943228759741744,0.16675523626179412,0.17080800463248338,0.26701479959647945,0.7332979471140231,0.5377258792416404,0.18852462647764348
2025-06-30,5614,flag_nested,0.2577360224756301,0.08113381604840035,0.08030008513207706,0.2884835530977917,0.7636338490842015,0.5831366554671529,0.19251511166313068
2025-07-18,5628,market_1,0.12183393897438492,0.018801221142991622,0.016779597146491847,0.10044267461448944,0.7950780654907307,0.6321491302244826,0.09909732937649966
2025-07-18,5628,block_2_3,-0.0352520196849829,0.057877066434528626,0.0641473409414602,0.2778939918211582,0.724886949326476,0.5254610893038447,-0.0015863017723311492
2025-07-18,5628,block_4_6,0.2225553833214293,0.1905474253428034,0.13524883149372782,0.25634948757631254,0.6983346717997985,0.4876713138377323,0.15906326074068497
2025-07-18,5628,top_3,-0.007614476957115344,0.060235988364866766,0.06587516501285541,0.29363961293895946,0.7171927784589112,0.5143654814736129,0.025443864324889133
2025-07-18,5628,top_6,0.24832758580084774,0.19624353707458422,0.13779759597709856,0.26365407883653824,0.7354608601240227,0.5409026767743674,0.19239255131363742
2025-07-18,5628,flag_nested,0.18363679917934453,0.08933941826067456,0.06994829217643664,0.2596702316960363,0.729475499812014,0.5321345048259879,0.14135274335069298
2025-08-08,5642,market_1,0.2757729931998917,0.01869664773489943,0.016135056472416167,0.38558031075194904,0.7611967643102978,0.5794205139964672,0.31716118257736015
2025-08-08,5642,block_2_3,0.05298097866874802,0.06507921672101091,0.07014161424856567,0.09321454769867532,0.8052418871205741,0.6484144967735037,0.007125402063071003
2025-08-08,5642,block_4_6,0.30495882913840633,0.1781396504076006,0.14662998829485235,0.25517658741094723,0.7779787188075366,0.605250886917416,0.26461797131101816
2025-08-08,5642,top_3,0.07224600617482776,0.06760028633767876,0.07164976077607058,0.0985187404956951,0.8013030627925497,0.6420865984407209,0.019062910810677965
2025-08-08,5642,top_6,0.2946518941685674,0.18461056934138467,0.15075056939688447,0.2674074582601633,0.7830007793486291,0.6130902204605604,0.2547181706975148
2025-08-08,5642,flag_nested,0.23751971317031662,0.08690804293194045,0.07588933927791343,0.22653756426408792,0.782278428990595,0.6119595404639933,0.20033001059383568
2025-08-29,5656,market_1,0.3806530461290413,0.018281153825106054,0.017437880768240287,0.4324557320151182,0.7055183760866536,0.4977561789959487,0.3454332915209591
2025-08-29,5656,block_2_3,0.25834800644637246,0.058539507888566454,0.06963018822200422,0.3924860471864977,0.727303063862954,0.5289697467044401,0.14023503789353486
2025-08-29,5656,block_4_6,0.13484515446172932,0.16547570454829655,0.15865004146860923,0.34084200855972824,0.6926164008879797,0.4797174787790187,0.2126480595441999
2025-08-29,5656,top_3,0.2655356643579385,0.06127007457037792,0.0717226367192903,0.3888176023364823,0.7203706185538498,0.5189338280756564,0.1478918300200535
2025-08-29,5656,top_6,0.14299322379474544,0.17080800463248333,0.16656837652055279,0.31015110539209223,0.6977228054382446,0.48681711322861454,0.2072028853626289
2025-08-29,5656,flag_nested,0.18157333226854186,0.08030008513207704,0.08150437146430797,0.337225031496424,0.7035107082912195,0.49492731668041334,0.19535939086403495
2025-09-19,5670,market_1,0.21769230565854933,0.016779597146491854,0.017346708807705363,0.1670709485432061,0.7278909373595638,0.5298252166901842,0.10106747076975815
2025-09-19,5670,block_2_3,0.19527242054289173,0.06414734094146017,0.0759071379278688,0.28810034672169227,0.7812246398222583,0.6103119378654174,0.22455123473586844
2025-09-19,5670,block_4_6,0.30237035906914556,0.13524883149372785,0.16173512754968966,0.33316867579391657,0.729241148759534,0.5317926530441249,0.28177837830899594
2025-09-19,5670,top_3,0.19736778799801488,0.06587516501285542,0.0778513428492325,0.2928767309853558,0.7762735759588966,0.6026006647320128,0.2194538985456492
2025-09-19,5670,top_6,0.2871013742278056,0.13779759597709848,0.16604242452106407,0.2863080427047648,0.7200368654797191,0.5184530876498591,0.2420854905332842
2025-09-19,5670,flag_nested,0.25709927432135177,0.06994829217643662,0.08316369374757902,0.28069215913500445,0.739269637906508,0.5465195975304199,0.2274244231266955
2025-10-10,5684,market_1,0.360281536418403,0.016135056472416167,0.015985436924687464,0.40895112437680425,0.670685403618725,0.44981891062721213,0.2990209504224719
2025-10-10,5684,block_2_3,0.26967454439605926,0.07014161424856565,0.07021979607483368,0.3535243072961942,0.8824502352924323,0.7787184177676689,0.09412944138053757
2025-10-10,5684,block_4_6,0.1699519275731882,0.14662998829485235,0.15880081163250367,0.2562634998381566,0.7238146088143442,0.5239075879330624,0.11414105973917142
2025-10-10,5684,top_3,0.2702503270172702,0.07164976077607059,0.07188608253952998,0.35083928512948526,0.8777133723912203,0.7703807640743691,0.1006710959372288
2025-10-10,5684,top_6,0.12188948598822058,0.15075056939688442,0.15905571516456887,0.19626266690966374,0.7019321206994942,0.4927087020696894,0.11024108796821637
2025-10-10,5684,flag_nested,0.17479256748901575,0.0758893392779134,0.07870529780380277,0.25784976190699704,0.7770093543299342,0.6037435367162212,0.12024210898901098
2025-10-31,5698,market_1,0.29089074188574615,0.017437880768240273,0.015043973542007701,0.22633022363054528,0.7389971117619822,0.5461167311925519,0.24173384594396763
2025-10-31,5698,block_2_3,0.22587567993030688,0.06963018822200423,0.07006937640713293,0.3963051733615257,0.9152601006037746,0.8377010517572316,0.08631058458639644
2025-10-31,5698,block_4_6,0.23440032602449337,0.15865004146860925,0.1417161594097159,0.26049585848033885,0.8553787706730961,0.7316728413182172,0.12124206277272305
2025-10-31,5698,top_3,0.2281199821004876,0.07172263671929029,0.0716176263109217,0.390857551454409,0.9125654819079931,0.8327757587699677,0.09139947951411975
2025-10-31,5698,top_6,0.18450057097953085,0.16656837652055273,0.149236795472274,0.19626607554649939,0.8253044258062114,0.6811273952553203,0.08711785624239135
2025-10-31,5698,flag_nested,0.20101721876333897,0.08150437146430796,0.07515286284106852,0.26062625157978847,0.8613009077853659,0.7418392537518959,0.10059197910505133
2025-11-21,5712,market_1,0.37212718630427416,0.017346708807705356,0.017408331683687172,0.38812991250566253,0.7013697446029367,0.49191951864438854,0.3508837760950098
2025-11-21,5712,block_2_3,0.2650608985524324,0.07590713792786882,0.06563101950810728,0.5995039396169254,0.9539150291206643,0.9099538827822776,0.2075157299071579
2025-11-21,5712,block_4_6,0.187182754993785,0.16173512754968966,0.13791414619205533,0.2695018114661381,0.9176154276503837,0.8420180730619968,0.07729919416204196
2025-11-21,5712,top_3,0.27230741532334996,0.07785134284923245,0.06780558635253577,0.5915366057921738,0.9512198676439138,0.9048192366005049,0.21283417483222986
2025-11-21,5712,top_6,0.16282247149797474,0.166042424521064,0.1494895227277595,0.16419889045049044,0.8784186941823354,0.7716194022889996,0.05973891218583566
2025-11-21,5712,flag_nested,0.2040104443194032,0.08316369374757898,0.07456609211369837,0.3397062452372285,0.9117057083331436,0.831207298607239,0.11105151072807398
2025-12-12,5726,market_1,0.24056947652407845,0.015985436924687468,0.01868810474803156,0.36069167595842283,0.7812909657424948,0.6104155731508404,0.1883432774004765
2025-12-12,5726,block_2_3,0.2504647506869766,0.0702197960748337,0.07894342637272733,0.6772969843583447,0.9458924449032998,0.8947125173251425,0.37681535381208237
2025-12-12,5726,block_4_6,-0.0062572358094729035,0.15880081163250362,0.15244392197168413,0.34764446703022245,0.9069741835436614,0.8226021696146915,-0.012606798871651214
2025-12-12,5726,top_3,0.25819862666018106,0.07188608253953001,0.08060780121544933,0.6710064871282354,0.9441479364277764,0.8914153258608286,0.37209909927048246
2025-12-12,5726,top_6,-0.040348208312324156,0.1590557151645689,0.15921470179225022,0.17742570097710095,0.858384544582357,0.7368240263778605,-0.06132899502682881
2025-12-12,5726,flag_nested,0.06194962867951078,0.07870529780380277,0.08209753148421937,0.4197881066941118,0.9040288864169059,0.817268227476191,0.08506663836156102
2026-01-06,5740,market_1,0.31108902934923904,0.0150439735420077,0.016737852701739327,0.22408442210904952,0.8488954398784706,0.7206234678464623,0.2821253685935986
2026-01-06,5740,block_2_3,0.22661682477340167,0.07006937640713293,0.07552780619177614,0.5916619753296957,0.8996675319468251,0.8094016680392914,0.382916328140014
2026-01-06,5740,block_4_6,0.14096430818404795,0.14171615940971596,0.1589194470311151,0.2886156634158022,0.8513322398224115,0.7247665825610436,0.15240094917650152
2026-01-06,5740,top_3,0.2329137341761102,0.0716176263109217,0.07693737982767795,0.5822329614871139,0.8983512844423588,0.8070350302592361,0.37727934444302225
2026-01-06,5740,top_6,0.08012539336000347,0.14923679547227395,0.1619969439031128,0.1620412164595103,0.812417310297225,0.6600218860705775,0.07055748884039056
2026-01-06,5740,flag_nested,0.13549821179877083,0.07515286284106852,0.08140706863435937,0.3442170836113674,0.850770120103771,0.7238097972613851,0.17865253791359334
2026-01-27,5754,market_1,0.10431796897565375,0.01740833168368717,0.01851187603294581,0.23370713965875156,0.7339505472907965,0.5386834058684598,0.1357344186868877
2026-01-27,5754,block_2_3,0.3320084133355431,0.0656310195081073,0.08836395003240076,0.1809802040525585,0.7654980587891007,0.5859872780098813,0.5882934899180099
2026-01-27,5754,block_4_6,0.16237238358694991,0.1379141461920554,0.1908102142318005,0.2273593744182189,0.5921815972582245,0.3506790441313019,0.31023698636983954
2026-01-27,5754,top_3,0.3172574431263437,0.06780558635253578,0.08990701605444623,0.17932123298914088,0.7643163286667065,0.5841794502665532,0.5742795583689199
2026-01-27,5754,top_6,0.11702387913949551,0.1494895227277595,0.1849608381872594,0.21167484706433548,0.6607886110616366,0.4366415885087668,0.1421308472381882
2026-01-27,5754,flag_nested,0.17467485055142234,0.07456609211369837,0.0934818984796142,0.19678088704814659,0.7027819912775554,0.49390252726404615,0.3111593119350084
2026-02-17,5768,market_1,0.11036037492260098,0.018688104748031564,0.02049238465886572,0.035813697313788355,0.6393146429471489,0.4087232126866406,0.09413005646612319
2026-02-17,5768,block_2_3,0.2521317763675961,0.0789434263727273,0.09242994990773674,-0.3063502932489948,0.8201386146780025,0.672627347285953,-0.47171219394027214
2026-02-17,5768,block_4_6,0.2688517832962869,0.15244392197168413,0.2673813200033308,0.061970633722640354,0.7084458878531209,0.5018955760159965,0.012159367636056502
2026-02-17,5768,top_3,0.24042577716621583,0.08060780121544933,0.09446990207103816,-0.3000638866983039,0.8167198576520125,0.6670313258831232,-0.46026962767374463
2026-02-17,5768,top_6,0.2588575839315295,0.15921470179225028,0.26195039669323267,0.18814843660850758,0.7236412516373806,0.5236566610713147,0.14929344635213176
2026-02-17,5768,flag_nested,0.24523476767036773,0.0820975314842194,0.12178311465908463,-0.011667889136418466,0.7427702123954756,0.55170758842202,-0.05592581585905703
2026-03-10,5782,market_1,0.13935993051317977,0.016737852701739324,0.018747361754713514,0.12356465011466308,0.515820310393041,0.26607059261397326,0.18646223603959328
2026-03-10,5782,block_2_3,-0.03031711325655191,0.07552780619177614,0.08462014984404202,0.07294572202911374,0.7588888476742728,0.5759122831243855,-0.37009465719567497
2026-03-10,5782,block_4_6,0.2725914457462019,0.15891944703111507,0.23417596013588715,0.35430794911752256,0.7414157605214299,0.5496973299495702,0.21398939728861788
2026-03-10,5782,top_3,-0.02565112783224801,0.07693737982767794,0.08618673958491056,0.07322417823322747,0.7551095523600198,0.5701904360653491,-0.357611280940958
2026-03-10,5782,top_6,0.2848538035499058,0.16199694390311287,0.23339455750468058,0.41254913060317117,0.7536916123217516,0.5680510464841616,0.3564885586452026
2026-03-10,5782,flag_nested,0.2006171396264655,0.08140706863435938,0.10911622936875812,0.29059150703801845,0.7331245030161603,0.5374715369226919,0.11635423482541238
2026-03-31,5796,market_1,0.2260689808939915,0.01851187603294581,0.019165174569714883,0.17314979976141331,0.608578227681387,0.3703674592078182,0.21003523157006354
2026-03-31,5796,block_2_3,-0.42733379270957556,0.08836395003240076,0.1969730154188538,0.32700257345191674,0.5473953366039818,0.2996416545357866,0.31506276219276497
2026-03-31,5796,block_4_6,0.1057294156096144,0.19081021423180064,0.24272217301097074,0.36060031155194455,0.6058227036555525,0.3670211482645235,0.3709275744801392
2026-03-31,5796,top_3,-0.4152849574401153,0.08990701605444629,0.1978199548097922,0.3214768091970178,0.5426136246360665,0.29442954564069024,0.3080619891510567
2026-03-31,5796,top_6,0.45071195891189364,0.18496083818725942,0.16783897426789657,0.38565455425761197,0.8003190424816095,0.6405105697586803,0.3693445293862632
2026-03-31,5796,flag_nested,-0.003962274175230715,0.09348189847961423,0.134560527782681,0.35402761937900284,0.574783106516211,0.330375619536426,0.336234365657943
2026-04-20,5810,market_1,0.14605268809718028,0.020492384658865714,0.01897622892733991,0.12808216404241915,0.6682610670535918,0.446572853739605,0.007168188998453579
2026-04-20,5810,block_2_3,0.6706014965649629,0.09242994990773676,0.17084159925150327,-0.029992673728399897,0.4948065368680115,0.2448335089273148,0.16408081270497785
2026-04-20,5810,block_4_6,0.4510581112889334,0.26738132000333065,0.22635673201722828,0.699976496544879,0.8777363858011615,0.7704211629592854,0.5168620094589624
2026-04-20,5810,top_3,0.6542898322517623,0.0944699020710382,0.17180345736175714,-0.025032635554581035,0.49385711774674607,0.24389485274912348,0.16462118605209813
2026-04-20,5810,top_6,0.4022804163047128,0.2619503966932325,0.177209416261579,0.7167365213397054,0.9313226594686524,0.867361896039764,0.2872577252818639
2026-04-20,5810,flag_nested,0.44344585771266093,0.12178311465908458,0.12422869818771927,0.5586288205159814,0.8153097513465929,0.6647299906408431,0.4636681783702721
2026-05-14,5824,market_1,0.23717999537851936,0.018747361754713514,0.019693179690552336,0.1226499803404627,0.7352654752359358,0.5406153190739265,0.1469092078656081
2026-05-14,5824,block_2_3,0.6278026117008768,0.084620149844042,0.28466904654479935,-0.2142193396522011,0.6557546357336252,0.43001414228613943,-0.0538064357833251
2026-05-14,5824,block_4_6,0.4193113256257297,0.23417596013588723,0.3268600569670384,0.7064779193111838,0.7782212700934416,0.6056283452258493,0.6402460621492279
2026-05-14,5824,top_3,0.6172736435198517,0.08618673958491056,0.28531413941382094,-0.20583308060812028,0.6533917589553313,0.42692079067074185,-0.04687977967627014
2026-05-14,5824,top_6,0.41282083929816954,0.23339455750468066,0.20157670567548636,0.7588103340125332,0.8956501881701109,0.8021892595691547,0.4080989964512714
2026-05-14,5824,flag_nested,0.41491460643857475,0.10911622936875816,0.18518837820258702,0.513121866213073,0.7161465149467723,0.5128658308704073,0.49347711832159163
