replicate,null,component,n_origins,n_finite_addition,mean_addition_cosine,median_addition_cosine,q25_addition_cosine,q75_addition_cosine,positive_addition_fraction,mean_addition_previous_speed,mean_addition_next_speed,mean_full_cosine,mean_deletion_outgoing_cosine,mean_deletion_attributed_fraction,mean_full_residual_cosine
0,volatility,market_1,412,412,0.022496739366589455,0.020203769829633823,-0.056179665973277844,0.10262013967639871,0.5485436893203883,0.030264907947598858,0.03026775267030891,0.03628178650314653,0.6731284283001734,0.4592129999608458,-0.05039547281158394
0,volatility,block_2_3,412,412,0.04730697559657343,0.08369869490364888,-0.14865329652044762,0.25530378248068064,0.5970873786407767,0.2047124371327011,0.20375175787075195,0.12979174932348045,0.651988709224784,0.5112852056589521,0.007169667145282251
0,volatility,block_4_6,412,412,0.02443743325490481,0.015349301093849882,-0.20158162061148788,0.22993954239284928,0.5218446601941747,0.3310420694555906,0.3306780898255041,0.10496387931979063,0.6466230626538002,0.4964938329083932,-0.021079026848257666
0,volatility,top_3,412,412,0.046254180274128885,0.07911059857977625,-0.1436670158673135,0.24682787111440252,0.5995145631067961,0.2070114809336351,0.20606905166499476,0.12884266738044248,0.6521498318989659,0.5092336620828063,0.0062693011847689255
0,volatility,top_6,412,412,0.028622195554366816,0.023630286388701453,-0.13448749180644365,0.1705685219616099,0.5388349514563107,0.2835305732389895,0.2833690168500744,0.064281343204079,0.6473724638472369,0.46945693235446523,-0.0419504647522437
0,volatility,flag_nested,412,412,0.02836825968898007,0.02260764469932091,-0.13073036709813274,0.19694821809671753,0.5412621359223301,0.17805249525031286,0.1776330918176566,0.10299555514082394,0.6537181404513337,0.486078058525736,-0.014714555012837763
1,volatility,market_1,412,412,0.021328276497104812,0.012471105595157761,-0.06734613171911157,0.11433992674591764,0.5436893203883495,0.030343808130487766,0.030273544262034692,0.03589517721412664,0.6728951191046009,0.4614793533658303,-0.05941112737421832
1,volatility,block_2_3,412,412,0.041434479850300104,0.04104409556629823,-0.16176794389342616,0.251459718958407,0.5606796116504854,0.20678693346377852,0.20834936044288094,0.03931859832393264,0.6259494040137507,0.4923671924199966,-0.026366530021737007
1,volatility,block_4_6,412,412,0.011964427306677242,0.04123571929705598,-0.19536228695905236,0.21068390191151978,0.5461165048543689,0.35595303079389917,0.35914322103417734,0.0271052626435748,0.6215180935679793,0.4923092665932545,-0.05376455389927393
1,volatility,top_3,412,412,0.04019776920100941,0.03870939132684179,-0.15680120754890028,0.24370395176648962,0.5533980582524272,0.20904331353836442,0.21058815480555693,0.03858878266228364,0.6271816020069871,0.49084951323585735,-0.02685737199362172
1,volatility,top_6,412,412,-0.003503500240240531,0.002766586771336354,-0.1722673660602107,0.15046411792249353,0.5048543689320388,0.3161418486874155,0.3187291036880225,0.03647665033926971,0.625913111191934,0.47567654745998034,-0.051560705850869436
1,volatility,flag_nested,412,412,0.016168068272623917,0.02743562484878173,-0.1453497176951983,0.168150331625855,0.5388349514563107,0.18747199877087833,0.1888664651813888,0.035762897817799615,0.628646010811836,0.4832718605777183,-0.04449710014759371
2,volatility,market_1,412,412,0.016694942013744874,0.009557528134174625,-0.07152643163087646,0.10379652875665747,0.529126213592233,0.030960408855889514,0.03093356201281231,0.03861020627336342,0.6619490206357809,0.4485585257291192,-0.037847693306576925
2,volatility,block_2_3,412,412,0.0628496827331567,0.05833445749168025,-0.17631604517731037,0.3379746186367374,0.5533980582524272,0.21734840307200617,0.2082308605112166,0.0630709255702076,0.6449982701461268,0.5132698268219232,-0.025350706513488298
2,volatility,block_4_6,412,412,0.0744023204108785,0.06201729748811487,-0.1250190332217054,0.26533288293526575,0.5776699029126213,0.34835357679404916,0.33557602074059056,0.07317382893743028,0.6256644782528251,0.47600927525572634,0.007287440189945604
2,volatility,top_3,412,412,0.060725378418964665,0.050447044510016435,-0.17214546679068585,0.32626421786387094,0.5509708737864077,0.2196131850024528,0.21050936180967514,0.06186341878810612,0.645808951362076,0.5109410761948906,-0.026584687584201808
2,volatility,top_6,412,412,0.056253704018623896,0.04254773701199832,-0.08423576961695883,0.18082928858758052,0.6043689320388349,0.29187468900324015,0.2870615333077449,0.06428594583110246,0.6448521649662414,0.46772545270376753,0.0040922926903046
2,volatility,flag_nested,412,412,0.06914494987061048,0.05153397670664003,-0.0895468351441691,0.23010735884169198,0.5825242718446602,0.1870358813277916,0.18059254786095966,0.06420052146941907,0.634341050008427,0.47095580536406023,-0.0034926609892448044
3,volatility,market_1,412,412,0.01997243614286354,0.015135966188100172,-0.05754512066918292,0.09121292506273317,0.5436893203883495,0.02996034152987615,0.030013902741600183,0.0457675547892283,0.6702964066897665,0.45894056585664433,-0.042513544400619246
3,volatility,block_2_3,412,412,0.09086530992088143,0.10554404459829626,-0.08613606057946036,0.31482028317742605,0.6699029126213593,0.18984412755743246,0.18941849190933296,0.07997064305902839,0.6337103552427913,0.5004130361733927,0.004672302227729201
3,volatility,block_4_6,412,412,0.006213578627404192,0.060187464215227526,-0.19210232281195863,0.23029714166235843,0.5752427184466019,0.3494387572286856,0.3509374876593412,0.030391177378113424,0.5958975693469214,0.4831517586204132,-0.06064941459008888
3,volatility,top_3,412,412,0.08679685198991535,0.10059624109345253,-0.08174261095003157,0.2953908383884227,0.6699029126213593,0.1921133072298947,0.1917189355062702,0.07723350135905499,0.6345815364212587,0.498594755053999,0.00037815686590040535
3,volatility,top_6,412,412,-0.014962208370465883,0.008230920253985627,-0.15637585058049785,0.16490444977596735,0.5097087378640777,0.31530031428943656,0.3169814907215968,0.00961713318914594,0.6067655289208423,0.4545554811332131,-0.07168019341520654
3,volatility,flag_nested,412,412,0.018210518713383955,0.06025838734334725,-0.15112542437322174,0.2127776519996243,0.6019417475728155,0.18167204641445653,0.18222013257065162,0.03981750418470848,0.607328250292536,0.4750666388270306,-0.05117538854527932
4,volatility,market_1,412,412,0.01415736033202103,0.0032908522990645244,-0.062163603020499454,0.0929059040969491,0.5121359223300971,0.030072670207618234,0.030101367159647008,0.03978713030228853,0.6639990576573724,0.44867778356959936,-0.045510751127248034
4,volatility,block_2_3,412,412,0.04737459777208602,0.047533684642812435,-0.14197684493994864,0.24942119139338637,0.5703883495145631,0.17003888662514685,0.1705373023569638,0.08894934629518292,0.6669456543936957,0.49991642012526055,0.03261386717582602
4,volatility,block_4_6,412,412,0.022557929108935428,0.023992026101548183,-0.1597072541448592,0.2017498050663724,0.5339805825242718,0.3062807133702597,0.2938682609996561,0.026868891170107996,0.6592988363751845,0.4750051200536634,-0.018781955797690764
4,volatility,top_3,412,412,0.04560772741738998,0.04464952427012274,-0.13715169210739667,0.2424982863931527,0.5655339805825242,0.17246000037903073,0.17294694396557989,0.08683494288411434,0.6670356632531582,0.497813780966388,0.030229938570184963
4,volatility,top_6,412,412,0.02555343397324895,0.004429921559459755,-0.1308444876884536,0.14673867173945518,0.5048543689320388,0.2906354244858105,0.2779185888159165,0.015062112651350353,0.6392760696125573,0.44458922919752364,-0.03827654148775946
4,volatility,flag_nested,412,412,0.029601715004872277,0.011008530243693086,-0.10305729279490024,0.18639341856775293,0.5315533980582524,0.16245852461965848,0.15790636676444786,0.04544956665051477,0.6670237560815391,0.4750737554469547,-0.007988560889218711
5,volatility,market_1,412,412,0.025241372710127906,0.024287664917818967,-0.05850108989482421,0.10126303898593234,0.5679611650485437,0.029900061929623176,0.029877343523323396,0.03833573221710451,0.671516311568788,0.45880163014294617,-0.0429516436533072
5,volatility,block_2_3,412,412,-0.00936001080343479,0.06063517868900776,-0.2597460137168511,0.26413055155488,0.5631067961165048,0.25863559593509455,0.25815717095562174,0.08514214296655558,0.5832301109855338,0.5057049588357769,-0.0022162577504346984
5,volatility,block_4_6,412,412,0.005115359044763545,0.024633108000288076,-0.2121785983857317,0.24413310974640187,0.5412621359223301,0.37966243012868695,0.37827260816901337,0.06292896947625372,0.5555462757070974,0.44264359650263996,-0.0006498356037624288
5,volatility,top_3,412,412,-0.010272470467514552,0.05975012511411154,-0.24916871531384022,0.2578836713363214,0.5558252427184466,0.26080103878776434,0.26033148314580634,0.08350280903572425,0.5846184329515084,0.5035215630282301,-0.003817735494081325
5,volatility,top_6,412,412,0.04642779169955608,0.0333209472954788,-0.11766502745505747,0.18977246746314996,0.558252427184466,0.294850614273161,0.2936934865035906,0.057548069510579794,0.5943307075455474,0.42147596617096406,-0.017199283828823384
5,volatility,flag_nested,412,412,0.007127632586826703,0.03001575070759039,-0.16574698926417708,0.21788245699647252,0.5436893203883495,0.20634161509638022,0.20580113978478665,0.06625683105428011,0.5737604226696745,0.441030729059701,-0.0035913755621314394
6,volatility,market_1,412,412,0.035492640986860766,0.01808326106920044,-0.05129609917751222,0.11844822882114094,0.5728155339805825,0.03062343519960779,0.030603639341820348,0.06062225386479156,0.6718332160847298,0.4594648446558238,-0.036637199883583736
6,volatility,block_2_3,412,412,0.04687300924952146,0.036244287109579415,-0.1969123298737014,0.3060906789094485,0.5509708737864077,0.2302474324945544,0.2314399982979276,0.10957079951613387,0.6025810857712949,0.5191335116568219,0.004675511713328463
6,volatility,block_4_6,412,412,0.029757705233156167,0.004956594098818153,-0.18555092431160386,0.2672845474250216,0.5048543689320388,0.39525888305868423,0.3954474545836973,0.0727084246089405,0.5819263287286601,0.5049454231177519,-0.03335592680382924
6,volatility,top_3,412,412,0.04529708172524423,0.03120196493724848,-0.1909767010822106,0.30218494544963126,0.5558252427184466,0.23239594666627567,0.23357881553083462,0.10741117235647432,0.6041259152163354,0.5173037922719467,0.0036875853078686643
6,volatility,top_6,412,412,0.048089584959708956,0.037168998029684756,-0.08201551069099183,0.1832939927520559,0.5849514563106796,0.3301474562343335,0.3296914606101773,0.05851997462197535,0.6031153827303509,0.47795040494561897,-0.0318774088297528
6,volatility,flag_nested,412,412,0.02998599656744926,0.014842147584921661,-0.14617641374100315,0.2315329260256782,0.5315533980582524,0.2057909315790617,0.20609052176264545,0.06814800930176299,0.5908464025802923,0.5014816654100419,-0.031034863900845408
7,volatility,market_1,412,412,0.01689795331921304,0.018901253283098454,-0.04919857573989093,0.0931151234940385,0.5728155339805825,0.030264095743079415,0.030282538277785296,0.046866794144757286,0.6704185800752424,0.4552224247903151,-0.03464311032634909
7,volatility,block_2_3,412,412,0.016456615730048838,0.019902520233314173,-0.23269793103858372,0.31967453993043576,0.5218446601941747,0.2289163638807417,0.23609986897647114,0.008081927704023356,0.5872618579843951,0.5097647613167302,-0.06304355400078065
7,volatility,block_4_6,412,412,0.00856536852443241,0.008887814216015064,-0.18823248237716128,0.2244033683122952,0.5121359223300971,0.3628253700024808,0.36835331686787615,-8.104420013780861e-05,0.5684823316586919,0.4414883183648062,-0.062326550160674156
7,volatility,top_3,412,412,0.015531592494882984,0.021325490951460226,-0.2228525655652025,0.30638080365111514,0.5218446601941747,0.23107342223569174,0.23822297800886047,0.008491784185064572,0.5888443206589289,0.5064644215455426,-0.0636408054135934
7,volatility,top_6,412,412,0.02886068808382749,0.023850362085204056,-0.0955746712925987,0.15211961941797686,0.558252427184466,0.29718005452841334,0.29790347087136776,0.026057025032439254,0.6107716686549294,0.43998486973736306,-0.035483960971629584
7,volatility,flag_nested,412,412,0.008332336879775274,0.006403112509431612,-0.16289346990149467,0.20097573101432956,0.5145631067961165,0.19405704761247516,0.19759327303759963,0.00945003895582261,0.5807522296847064,0.44032188834326813,-0.0586475349878616
8,volatility,market_1,412,412,0.02260785829571468,0.026272636766191366,-0.06393372445033597,0.10744976644838412,0.5849514563106796,0.030237663571286433,0.03032503295111328,0.0478927290683533,0.6749124319694447,0.46303696426183527,-0.044830162716772676
8,volatility,block_2_3,412,412,0.05090527971095068,0.07459102762625225,-0.2226466459233667,0.3344591094243911,0.5776699029126213,0.25927170035391167,0.2595508146654652,0.011324086844060487,0.6163807671081415,0.5252432701678784,0.0023614632676355815
8,volatility,block_4_6,412,412,0.07042055632329389,0.0841372474545279,-0.13304052214485954,0.3100446103452671,0.6359223300970874,0.3890756809655787,0.3860366630738889,0.021158933588672983,0.595309478051667,0.4923566822824534,0.008369542286563496
8,volatility,top_3,412,412,0.04974321554315093,0.0763126882247213,-0.20628852157759037,0.3221599020450801,0.5752427184466019,0.2614812352452652,0.2617812201343478,0.01148061425087687,0.616770476705538,0.5233125150941372,0.001359644481266833
8,volatility,top_6,412,412,0.05485856792641982,0.047180546537389234,-0.0703655747637431,0.20579183952484123,0.6092233009708737,0.2975048217854201,0.2942668345144414,0.049164947072388,0.6315048225316405,0.473312656016798,-0.016129898309212822
8,volatility,flag_nested,412,412,0.05400572785631386,0.06367947243327127,-0.12816763777356466,0.2490972423816219,0.6116504854368932,0.20973221192354216,0.2087399610299339,0.015403891969271444,0.5997836676513125,0.48762805884586197,-0.0011304263151363414
9,volatility,market_1,412,412,0.0234606568544641,0.02084140608253265,-0.06449139547042668,0.10271199245048043,0.5776699029126213,0.029750692163094776,0.02977992663962055,0.06015687895389738,0.6688374230144548,0.4552065482954635,-0.024670914129093606
9,volatility,block_2_3,412,412,0.09202575852404508,0.08898176940512925,-0.16648465682452873,0.33397850067836454,0.5922330097087378,0.22152988003544238,0.2208140861504306,0.05832876359678626,0.5965273744373712,0.5037845356428207,0.003233948068041963
9,volatility,block_4_6,412,412,0.049770955858937996,0.03442194674861382,-0.18849824044164093,0.31091593318829713,0.5509708737864077,0.37174943521259224,0.3678984505815118,0.09079963591195754,0.6150657572735825,0.49837810535322824,0.0014698518746651256
9,volatility,top_3,412,412,0.08966907214999774,0.08580699549996743,-0.1565860874349886,0.3216154919192324,0.5970873786407767,0.22391296438955893,0.2232098248776626,0.058680051317481996,0.5988729301452592,0.5024189439930624,0.0029681632514644177
9,volatility,top_6,412,412,0.023435043030202555,0.051144726140275126,-0.16852871199430747,0.23862969151448177,0.5776699029126213,0.3123187766577238,0.3088492079613791,0.08007982450288276,0.648185340436159,0.4922202989967824,-0.018573253847818008
9,volatility,flag_nested,412,412,0.051882144804918436,0.04736658015980952,-0.13042987727015784,0.2461347394741183,0.5752427184466019,0.19426003176104384,0.19287696964810716,0.08270354144968226,0.6195001981843933,0.4881285821728045,-0.004424033911111914
10,volatility,market_1,412,412,0.012457011967101179,0.004522934188053887,-0.0677420161641265,0.09368766619492634,0.5121359223300971,0.030506221261827948,0.03053429489380015,0.033057555795988354,0.6740257105827876,0.46233918855252076,-0.054147262934972636
10,volatility,block_2_3,412,412,0.03735672450267827,0.04220307638468869,-0.21133923809074093,0.31525865380413576,0.5509708737864077,0.19313868107642657,0.1946080049866003,0.02704022528778326,0.6680260706610339,0.5359773611473269,-0.04874994698837031
10,volatility,block_4_6,412,412,-0.015321787826324576,-0.02798170742497398,-0.19660933914363238,0.17873065488557938,0.470873786407767,0.34265305711207655,0.34375072875296414,0.03023967180311134,0.6223580637511936,0.493678453436828,-0.07596430646954438
10,volatility,top_3,412,412,0.03660496885802387,0.044724909391311705,-0.20168788111070185,0.30442377450510066,0.5533980582524272,0.1954424422920634,0.19689835830465494,0.028328808767026648,0.6687875656082156,0.5340114820311214,-0.0485470763427535
10,volatility,top_6,412,412,-0.025808960165163063,-0.029630746183890156,-0.16289831223999626,0.13250305762838172,0.44902912621359226,0.3073348629438873,0.30794239313545685,0.008473739626472455,0.6122334382557424,0.45335277552587944,-0.07588322903465818
10,volatility,flag_nested,412,412,-0.0031883982908973213,-0.012956915588528956,-0.16224880545333042,0.1516237258986844,0.47815533980582525,0.17843395873113904,0.17911739525547932,0.0311137493896373,0.6449946103321421,0.49897023853173694,-0.07061372373953838
11,volatility,market_1,412,412,0.006774920386869393,-0.0028210972079969025,-0.07670138877326976,0.08153670745853064,0.49029126213592233,0.029615931133712824,0.029474649360400024,0.0425923071769464,0.674011817059039,0.462011864643113,-0.04409626576557026
11,volatility,block_2_3,412,412,-0.006166740765527414,0.020494389010135422,-0.22628755777941814,0.2455315564522456,0.5315533980582524,0.20146230392515296,0.2050745454380002,0.01681403534456908,0.6029105499496996,0.47073724499355146,-0.03065682726443162
11,volatility,block_4_6,412,412,0.02665849999554417,0.011244899144216891,-0.2210702604728654,0.2625475112497667,0.5169902912621359,0.37339480326357183,0.3676894181257334,0.026326088576496282,0.5701032355342139,0.47258553471010106,-0.021060999622478496
11,volatility,top_3,412,412,-0.006410982144419157,0.021525655023381635,-0.22440157665370877,0.2433955994925009,0.5266990291262136,0.2037364508648493,0.2073149588328406,0.016134050026921917,0.6045385340788533,0.46967131639173454,-0.03072822693333863
11,volatility,top_6,412,412,0.05573962054888312,0.041423323291041744,-0.1160782263631106,0.20123226033476202,0.558252427184466,0.3359824326388673,0.3273137984366372,0.059346911419587256,0.5973933118478497,0.46258855986125064,-0.021919580436247175
11,volatility,flag_nested,412,412,0.01886967000155564,0.005419269765046502,-0.16360528836525282,0.19570765746082253,0.5048543689320388,0.19292495354717426,0.1915522277563737,0.020199480543274292,0.5806943661970189,0.4619083254821066,-0.02880317207773229
12,volatility,market_1,412,412,0.034559808231043695,0.028464472563861275,-0.052716312322092174,0.10487109549238405,0.5995145631067961,0.030552608238694972,0.030556000148453423,0.05366071661967365,0.6627366865022505,0.4486515445098848,-0.028488589763670438
12,volatility,block_2_3,412,412,0.025425633869456416,0.04034746588831026,-0.19802305333194725,0.24644242809864975,0.5436893203883495,0.2207150837858897,0.22125672983678024,0.06881210306903604,0.6116523237778447,0.5156209999535248,-0.019316442950683254
12,volatility,block_4_6,412,412,0.03082578277515201,0.02498950028389716,-0.1783139671730007,0.25281581717216983,0.5436893203883495,0.35261363290273384,0.3531214828047303,0.0897448740101949,0.6096187544738113,0.4866297919058479,-0.005475565607511146
12,volatility,top_3,412,412,0.024943893548256126,0.03425112362024192,-0.19160120497973032,0.23724868844376212,0.5461165048543689,0.2229605639928901,0.22349635468705112,0.06820714028165331,0.6121145174356195,0.5134297179780345,-0.019274157663502222
12,volatility,top_6,412,412,0.02902524698806678,0.023794229118879524,-0.10596648524930055,0.17014165132842107,0.5509708737864077,0.29030406487407445,0.29092892812541404,0.09700137283991411,0.6505460742650833,0.4721942841118349,-0.021288292129280746
12,volatility,flag_nested,412,412,0.028874949337514225,0.03411737020831261,-0.13593513111336153,0.19456614697223107,0.558252427184466,0.1885593018314746,0.18893454320902384,0.07759468292158936,0.6184637462545665,0.485041518297437,-0.016619339002596
13,volatility,market_1,412,412,0.029590148532926103,0.023537852392853068,-0.04609951602332588,0.10249603296344612,0.5655339805825242,0.030734737769364702,0.030801166844059178,0.028129911387391977,0.6626588684401571,0.4477307532108639,-0.060111074771534705
13,volatility,block_2_3,412,412,0.02885795246383474,0.06680961088518794,-0.1614733367863137,0.2563771524365702,0.5946601941747572,0.198040154529688,0.1975968583812576,0.0632023772888363,0.63051991604907,0.4955969839721404,-0.036858454346157886
13,volatility,block_4_6,412,412,0.041756611593122515,0.04127997654385662,-0.1383066197799962,0.22630758098451967,0.5655339805825242,0.3392161132498916,0.341088625084096,0.02491842220856206,0.6361805264551256,0.482769225638246,-0.04307617313906206
13,volatility,top_3,412,412,0.028224942446332075,0.06472364305199693,-0.15899141087378105,0.24493465595971514,0.6019417475728155,0.20040418709868363,0.19998318444149757,0.06233003272693064,0.63190295528295,0.49397392266377893,-0.036839630746159556
13,volatility,top_6,412,412,0.03403974333992022,0.03258674110091053,-0.10105918943950806,0.15283218157465683,0.5800970873786407,0.29848679093084163,0.3005686438588606,0.023206072819835038,0.6471406131583637,0.4622189276789367,-0.04515648382255683
13,volatility,flag_nested,412,412,0.03215400734727018,0.03467379133943993,-0.09538810826471023,0.17788017051657676,0.5825242718446602,0.17930502127020884,0.17984101128242672,0.03495640933566451,0.6421409819448887,0.47768257440650946,-0.042187399383160636
14,volatility,market_1,412,412,0.03190609469285224,0.02361178037511486,-0.04574957860870796,0.10555076245624355,0.5970873786407767,0.030657673759697256,0.030658559948192183,0.05780785670491208,0.6663617687193081,0.45476567490752506,-0.029539094660705204
14,volatility,block_2_3,412,412,0.053662023425828,0.05511332162752429,-0.17735702775078643,0.2814579220363347,0.5703883495145631,0.19374709077118116,0.19384789718231574,0.06269211247744187,0.6535507260722019,0.49070845760556697,6.658532375232841e-05
14,volatility,block_4_6,412,412,0.03374079834925791,0.036508011698068235,-0.12426902227992466,0.21031784779977553,0.5631067961165048,0.3114813153001833,0.31201922968546303,0.031649677763427385,0.6463944557992898,0.477588601315833,-0.033325401530703895
14,volatility,top_3,412,412,0.05158742078104786,0.05087041726013185,-0.16564140558185247,0.27495359221625293,0.5679611650485437,0.1960620368882148,0.19616316599417574,0.06167047629708311,0.6548259676883812,0.4900409581322956,-0.0016850230689715066
14,volatility,top_6,412,412,0.024829740637563623,0.037249820349022106,-0.0967659053889621,0.18483431088429642,0.5558252427184466,0.2727013884660816,0.2733321801405159,0.026470317629968484,0.6536700423010923,0.46706566488119255,-0.051556376416795974
14,volatility,flag_nested,412,412,0.030262960890718154,0.033190517347111766,-0.10658411454437153,0.179581869888401,0.5533980582524272,0.16846738795836047,0.16871025191037856,0.03880201928454211,0.6556691015732714,0.47576575965798107,-0.03227059046169704
15,volatility,market_1,412,412,0.008685739725514823,0.004372305824129719,-0.07604256693218228,0.07897666427043216,0.5145631067961165,0.03036459054520757,0.030422640191392243,0.030350125182821437,0.6645741324445041,0.4505954865839559,-0.053275263700078394
15,volatility,block_2_3,412,412,0.044824943204213055,0.07415410022673832,-0.1710476425815797,0.3093082899401301,0.5898058252427184,0.24818565361097855,0.24756030087687317,0.08441644809679337,0.6250358241857149,0.5058290759367495,-0.03426223842740677
15,volatility,block_4_6,412,412,0.010847639101666199,0.04203633821114743,-0.24832035458962226,0.2735043653898309,0.5266990291262136,0.3782718730669025,0.3782449306536422,0.049742724988087475,0.6037722106529577,0.462912257361129,-0.07187436250438119
15,volatility,top_3,412,412,0.04354220282483231,0.07162677898845715,-0.17030439924290078,0.2968866260190836,0.5898058252427184,0.25032473527442284,0.24970906217648933,0.08346079238531551,0.6256652970093811,0.5037748202515034,-0.03466039173219897
15,volatility,top_6,412,412,0.009385648310820009,0.0009333781723404995,-0.1802529267175208,0.20846650490333904,0.5024271844660194,0.2976486703155905,0.297572295062045,0.05463259957775069,0.6345926056176764,0.4530976784061726,-0.06909528272643263
15,volatility,flag_nested,412,412,0.013658485211424001,0.03848832727950467,-0.1994357062474488,0.22541498177797292,0.5364077669902912,0.20288467601162946,0.20271409633769774,0.054896787177767324,0.6160202147886008,0.462648422151722,-0.06262249764530396
16,volatility,market_1,412,412,0.01539873134226882,0.009302657329913911,-0.0712552681074659,0.10600566659330285,0.529126213592233,0.030998838152112084,0.031082667450047653,0.03956525028350814,0.670051495491398,0.4599938154818208,-0.06543577065327083
16,volatility,block_2_3,412,412,0.014552775854902639,-0.006833141755052588,-0.17097698372481762,0.18471415698242044,0.4878640776699029,0.18056448176289874,0.1803800907911087,0.10594475005562344,0.6539829162541424,0.5284843299321126,0.010937032058011243
16,volatility,block_4_6,412,412,0.013486903695022222,-0.01396521422895008,-0.21541880309953085,0.21667333452421975,0.47815533980582525,0.3504843654283402,0.3492692325258216,0.0576538023733405,0.6373692329282052,0.5043875138539001,-0.016922463527366434
16,volatility,top_3,412,412,0.014201703438878652,-0.00738380768215779,-0.16220016991733982,0.17257684157113545,0.4854368932038835,0.18297457293211133,0.1828109375659496,0.10383902717843253,0.6550167042454039,0.5264304700623702,0.009282462244476718
16,volatility,top_6,412,412,0.005892586975083175,-0.006096029846062261,-0.17618772206962657,0.15346323643372514,0.49271844660194175,0.32309616020103016,0.32159531937233504,0.03305077216613916,0.6373308011413563,0.468195162042212,-0.046645507801050305
16,volatility,flag_nested,412,412,0.018535491704594727,-0.0025649677509464236,-0.16706108537352266,0.17269050380725792,0.49514563106796117,0.17998067824905337,0.17946507984693316,0.06405129354994768,0.6414941699221307,0.49302471530373765,-0.014265793621116792
17,volatility,market_1,412,412,-0.004253227918095112,-0.014590551915418953,-0.09668918434602547,0.08723515325691186,0.44902912621359226,0.030575079611211416,0.030581553735738135,0.017460769155108143,0.662564336440851,0.4473654582268284,-0.07331745255396928
17,volatility,block_2_3,412,412,0.06963980076279846,0.05549624857036217,-0.16386652323611217,0.30743003448322315,0.5776699029126213,0.20835524305442973,0.2087889766257371,0.046657273632301356,0.6272777504562852,0.4939327939979657,-0.022067888437135228
17,volatility,block_4_6,412,412,0.056827475281237064,0.062375558309345915,-0.132172519637351,0.2593246108683405,0.5703883495145631,0.3455990310061522,0.34595536051377146,0.03526334976736877,0.6412629849854432,0.4739739275465083,-0.028287804012683274
17,volatility,top_3,412,412,0.06823564533444851,0.050107065729181124,-0.1597467362202476,0.29561459706217674,0.5752427184466019,0.21055727772087385,0.2110155887761223,0.0460614158049804,0.6282885107304048,0.49195592376354114,-0.023286566586994267
17,volatility,top_6,412,412,0.0330352101161532,0.013400493184989398,-0.08429620864778509,0.1511133229824927,0.5194174757281553,0.3038336674718433,0.3039147071173104,0.013780530565308861,0.6413502542067505,0.462033369468703,-0.05415798991322555
17,volatility,flag_nested,412,412,0.04833539392718717,0.0390254804554213,-0.11991752600010583,0.21339455408172353,0.5655339805825242,0.18390395397375048,0.18412255476922681,0.036214663750860535,0.6411406562789672,0.46460599192926083,-0.03131178401225143
18,volatility,market_1,412,412,0.019914293687321345,0.020002930114583498,-0.05257066067080275,0.09083382370851004,0.5679611650485437,0.030035052076080874,0.030127031492786057,0.03694637992725952,0.6752464801286875,0.46253563985766954,-0.04604446690948425
18,volatility,block_2_3,412,412,0.01875787047218972,0.03703359623267123,-0.22513906176960502,0.27461098629035446,0.5558252427184466,0.20440465436557717,0.20432714208027272,0.03861902492681594,0.6179222646901145,0.4991248604842858,-0.013136009815721737
18,volatility,block_4_6,412,412,0.011908831064199214,0.018214475265424152,-0.1579691289268773,0.1750062462447716,0.529126213592233,0.33415676253186055,0.3358931961543587,0.062004616173378505,0.6263340091949322,0.487844659682001,0.0050238943083406136
18,volatility,top_3,412,412,0.018059214642242315,0.031694274375799115,-0.2117003593746698,0.265033085445916,0.5533980582524272,0.20662098943787494,0.20654346663166037,0.03810155176455255,0.6192046549426645,0.4974870404251433,-0.01315285456821778
18,volatility,top_6,412,412,0.027540275389130665,0.027207896447427403,-0.09856693532415899,0.13786486730871478,0.5703883495145631,0.2910641101545,0.2924494555635462,0.08451966399547428,0.6514896468357778,0.47315321180202224,-0.004281698622041795
18,volatility,flag_nested,412,412,0.013507773308123062,0.01698569654524018,-0.13258610394855652,0.15214140690100839,0.5339805825242718,0.17945117480676562,0.17983691440621116,0.05318356967196034,0.6287660910415549,0.4776133307449132,-0.0007526472123094312
19,volatility,market_1,412,412,0.016830314088026883,0.017036819868986326,-0.0803048734165206,0.09553692845197498,0.5436893203883495,0.029712418143528048,0.029662251931340915,0.04011878678197762,0.6649620057200892,0.4512809223494207,-0.04755298115808362
19,volatility,block_2_3,412,412,0.028732706420964392,0.025709992162289284,-0.14648314775468788,0.23755515053744503,0.5388349514563107,0.19031757038232516,0.1920383972151858,0.08790390506899089,0.6684973552726028,0.5154081904753701,0.006510810961680313
19,volatility,block_4_6,412,412,0.01987293147297056,0.025732573696210292,-0.1560348419725255,0.21351115262397627,0.5218446601941747,0.3233680303921832,0.3232670737092777,0.04093426160769139,0.6348557357035789,0.4817902902032625,-0.035909064589513685
19,volatility,top_3,412,412,0.028236553071408894,0.025602571642099267,-0.14011919004520468,0.22921077717462146,0.5412621359223301,0.19269666436123767,0.194408091842778,0.08721467694252924,0.6694686691007452,0.5145732286455861,0.004916656222960462
19,volatility,top_6,412,412,0.017739558755763045,0.009721369399374812,-0.10798671900486116,0.12790771098005194,0.5266990291262136,0.2859688704964183,0.2847667757762393,0.02798180490216954,0.632991351442072,0.4536812124836279,-0.04488627763742355
19,volatility,flag_nested,412,412,0.025559206645930303,0.023298706058183648,-0.10508401403249418,0.16767074373647456,0.5388349514563107,0.1728431101908526,0.17316928415042251,0.05124500045828948,0.6438290613433149,0.4785412769476386,-0.0262235587691786
20,volatility,market_1,412,412,0.027552908487545092,0.027971506727954426,-0.06249890740348184,0.12067706457671398,0.5800970873786407,0.030309309326373678,0.03032388972214169,0.047891492120491354,0.6623562652039197,0.4467059269272346,-0.034643662202688504
20,volatility,block_2_3,412,412,0.10271707558281913,0.08478876645327366,-0.14374277462402693,0.3536735450734326,0.6043689320388349,0.21470842589091887,0.2129114520619597,0.15260331222532128,0.6425260947533373,0.5025308175799843,0.03135428622231854
20,volatility,block_4_6,412,412,0.0645500606027499,0.0691067630851781,-0.15091370874784737,0.2649677472555468,0.5703883495145631,0.36137730376346877,0.3601619038264551,0.03997376884733214,0.5803732317810442,0.43655051105174586,-0.04921456682558677
20,volatility,top_3,412,412,0.10080801084708592,0.07830535113065687,-0.13757213284008757,0.3341211362354981,0.6043689320388349,0.21701438465137554,0.21523013965113377,0.1502952790035987,0.6431612602383951,0.5003422881872668,0.02989065364240682
20,volatility,top_6,412,412,0.037393502752573644,0.03797242519668116,-0.11200060249295242,0.2131383944629864,0.5703883495145631,0.30878145714243965,0.3084108325201672,0.007817293100885081,0.5758378748337214,0.4172070663203682,-0.06340321137692645
20,volatility,flag_nested,412,412,0.06769336289434547,0.05489927242458502,-0.08494516019444776,0.2097337774185949,0.5970873786407767,0.19015958735004493,0.18931724646821366,0.0652222158845109,0.602803880073219,0.43967718437540093,-0.029242991551828915
21,volatility,market_1,412,412,0.017480588630811467,0.004199673155133095,-0.06634706106244638,0.10322580847428418,0.5145631067961165,0.030234220844201205,0.030245166233872495,0.043631568514811744,0.6704191948173148,0.4576568136497144,-0.04453570290642145
21,volatility,block_2_3,412,412,-0.06137711250486266,-0.020929953643099564,-0.29272448874078266,0.20499557332375207,0.470873786407767,0.294487599845731,0.2947191271899971,-0.029630143422984187,0.5323439224814588,0.4943282055327695,-0.06145916162280492
21,volatility,block_4_6,412,412,-0.07805844156810707,-0.056317124982034616,-0.3375564265930408,0.18654411734036172,0.4320388349514563,0.4267705950169457,0.41957524012601344,-0.01789845456342142,0.5309018215201048,0.4477933854558976,-0.05119210633468884
21,volatility,top_3,412,412,-0.062209037464550566,-0.021272214857498264,-0.28949058890774626,0.20191834772300787,0.4733009708737864,0.2965077147110974,0.29674707118646987,-0.02887313137556,0.5333459496122629,0.49187063536948017,-0.06232391553186583
21,volatility,top_6,412,412,-0.006758049172115782,-0.012060906240663785,-0.1471933600734814,0.11472382107206558,0.47815533980582525,0.30040795227553974,0.29299912852399557,0.006885335591070846,0.6298949094694372,0.43945256212448636,-0.05027596430957774
21,volatility,flag_nested,412,412,-0.06770097449055495,-0.027468733592457016,-0.27850043854180745,0.1427845631499286,0.4563106796116505,0.23082815531135153,0.22825994967627347,-0.012975238031992353,0.5388140359101966,0.44568178111282075,-0.05405100621513122
22,volatility,market_1,412,412,0.027277457744609924,0.019608406488954844,-0.05169502336652545,0.10040769272934863,0.5776699029126213,0.030269611679342744,0.030261551411966174,0.029637881467559808,0.6675301995197556,0.453796876919144,-0.06108530150845728
22,volatility,block_2_3,412,412,0.06162945669420605,0.07789341418911047,-0.19239703205145647,0.3040718113979434,0.5825242718446602,0.2203274060083225,0.21065596312541232,0.04635566859768382,0.593936156889218,0.48923786688681653,-0.030621449271860987
22,volatility,block_4_6,412,412,0.04981013587232933,0.05067263115037754,-0.18317413870118704,0.24160914177450948,0.5703883495145631,0.3720180776903474,0.36309895477924076,0.008013209948157022,0.540647592431121,0.43851315105723077,-0.06013563001880224
22,volatility,top_3,412,412,0.05876868347866281,0.0729684384064971,-0.1868685112281105,0.2912535752750689,0.5849514563106796,0.22262769251536296,0.2129820802922828,0.04489216932251758,0.595359048444204,0.4875322032786576,-0.03214947929991354
22,volatility,top_6,412,412,0.04945939599467068,0.06079841288652483,-0.09562019819216941,0.19027102571095128,0.6140776699029126,0.3115895828948955,0.3111632637191812,0.027848183111852214,0.5817273542837764,0.4203554160175549,-0.04698094898538208
22,volatility,flag_nested,412,412,0.04566649115034271,0.04368400940001657,-0.1394639118066276,0.2058123903027975,0.5800970873786407,0.19556565278712928,0.19036645514351674,0.01892545298994549,0.5650883602567329,0.437544740475515,-0.052717895491265036
23,volatility,market_1,412,412,0.029615541779858288,0.01718056326436425,-0.04892520299757622,0.10949103362886799,0.5752427184466019,0.030189513448083967,0.030176972449576938,0.049039287361715506,0.6579033888287182,0.4412673155334999,-0.03567732418871266
23,volatility,block_2_3,412,412,0.07142073479945767,0.08557871658577318,-0.1718705538621792,0.30175147089511606,0.5728155339805825,0.23292223634272435,0.2353644276163122,0.05068643253793425,0.6257113715205437,0.556280890265189,0.004517322718795469
23,volatility,block_4_6,412,412,0.044949579185363284,0.03639066828453766,-0.15646997463347012,0.21553354188612703,0.5533980582524272,0.36662659859359303,0.3672728306824368,0.047068228563998483,0.5989710032003364,0.4940111517147014,-0.023262058520346494
23,volatility,top_3,412,412,0.0702712841476002,0.07941433232471502,-0.16720386349669472,0.2866867386139221,0.5728155339805825,0.23511382913195503,0.2375475569233448,0.05097688578665729,0.6253615459570409,0.553253913456937,0.00402678400734875
23,volatility,top_6,412,412,0.02074897736015521,0.017892058136782213,-0.13122183047225422,0.143869797112768,0.5485436893203883,0.2930294246533146,0.2917119437572485,0.02694492645933926,0.6399839326923835,0.46063801821966943,-0.053132191293358444
23,volatility,flag_nested,412,412,0.04976736223919516,0.03857427148915482,-0.1268872413026112,0.18236777632184953,0.5703883495145631,0.1964369667282657,0.1971620789041063,0.04740370980134167,0.6086511123654735,0.4929187397294546,-0.02183294152928838
24,volatility,market_1,412,412,0.05049190500356277,0.05077534395460828,-0.02891796217576303,0.11527823978924084,0.6650485436893204,0.030380272653914336,0.03028585444254101,0.0666959690068093,0.666861041025623,0.45380281567276803,-0.037472995697694175
24,volatility,block_2_3,412,412,0.08473812379194917,0.0723877745672486,-0.15054033570367553,0.31306689811316973,0.5752427184466019,0.1997036011979944,0.19844483490237055,0.10820026682094315,0.6191583765200601,0.49288790576357255,0.0024982187813770615
24,volatility,block_4_6,412,412,0.04506656676694044,0.05713129433869954,-0.14024953016005767,0.28452936332767403,0.5655339805825242,0.35083556063060417,0.3476577949034152,0.0677281752566714,0.6103188647827515,0.4636513401200357,-0.007640385440658498
24,volatility,top_3,412,412,0.08238698107166413,0.07032931360171926,-0.14795949306857076,0.30350604969805867,0.5728155339805825,0.20190450116652228,0.2006638273921788,0.10716563742686226,0.6214916423349678,0.4922390715908689,0.0021856272174331777
24,volatility,top_6,412,412,0.0345454603208158,0.05503471192478316,-0.1002396899103966,0.22743439744653005,0.6092233009708737,0.31610951123531544,0.31306501991346014,0.0192168045178347,0.6117744436614874,0.4360091489588661,-0.033784617561821245
24,volatility,flag_nested,412,412,0.04549820207072059,0.028758296336674847,-0.11722015820748209,0.23774167818527028,0.5509708737864077,0.18425938477499682,0.18283885899853183,0.0722913506573112,0.6189527448631522,0.4607162207674515,-0.006806295908068095
25,volatility,market_1,412,412,0.024025095964066375,0.022246337762193678,-0.057496064733264095,0.1064385710764264,0.558252427184466,0.030287883481154066,0.03031319039637822,0.048784922821004106,0.6734489556654715,0.46431547066681705,-0.04395900653148558
25,volatility,block_2_3,412,412,0.05765889091275557,0.04018304116086053,-0.2343688878194341,0.37980258301099173,0.5485436893203883,0.24103824627204712,0.2406121070166127,0.12767778648157144,0.6289339826377348,0.5044334516334786,0.04960404805475502
25,volatility,block_4_6,412,412,0.0464210616900149,0.05301005128146406,-0.13753203945657158,0.24111109807930856,0.5703883495145631,0.3498687573567994,0.34935116972794994,0.0981697620584034,0.625550783081729,0.47077037054657145,0.0269176917402501
25,volatility,top_3,412,412,0.056535786636880254,0.03803814559303288,-0.22833007107784842,0.371326702363826,0.5509708737864077,0.24302768515573714,0.24262888325570722,0.12607722361845813,0.6304244992319047,0.5026970674932891,0.04865047255631918
25,volatility,top_6,412,412,0.019084830436896474,0.0251446889685401,-0.09799569600885061,0.1437977037236606,0.558252427184466,0.2732350181489724,0.27287342186005586,0.03205801540161541,0.6437420834968033,0.4548663644047834,-0.041875993287897324
25,volatility,flag_nested,412,412,0.04400105579925786,0.03433473633275656,-0.11386915432213976,0.22618511370690875,0.5703883495145631,0.1920489910383277,0.19179385007318747,0.10035549338341908,0.6315744685420284,0.46696958558236445,0.02728277299146993
26,volatility,market_1,412,412,0.013090685089503593,0.008773155576450722,-0.07295192708342846,0.09352632677916804,0.5266990291262136,0.030296140148997786,0.03037601966833417,0.008297417601747225,0.6648459106827641,0.4498575632424485,-0.06693916710998174
26,volatility,block_2_3,412,412,-0.01118501051003135,0.0031906420267819226,-0.30689478774993306,0.3216451535346264,0.5024271844660194,0.24723696642074486,0.24895438458790844,0.019400364460521898,0.6026339553347573,0.5013847856547922,-0.02826217216888461
26,volatility,block_4_6,412,412,0.0003858797208639009,0.00940136670544727,-0.1890216520135905,0.21981134186236923,0.5218446601941747,0.38696987482722994,0.38857996697810326,0.04512247953381927,0.594755729855873,0.4771138481485664,-0.005449986283791689
26,volatility,top_3,412,412,-0.010937379716113646,0.002973006412895087,-0.2930204095043579,0.314793678892295,0.5048543689320388,0.24935771844756813,0.2510830376198441,0.01911077742023144,0.6037695554662738,0.5003275343960397,-0.029847539463731868
26,volatility,top_6,412,412,0.035360343049056796,0.047504584310366596,-0.08508204345176651,0.17620002575471577,0.5898058252427184,0.31298025139867,0.31312558770581783,0.05311325730195754,0.6142746578407734,0.4591981782756147,-0.01788191865239103
26,volatility,flag_nested,412,412,-0.005433166045489369,0.0035154576688845576,-0.16124779549236445,0.1716354928445125,0.5048543689320388,0.20756797206474378,0.2084535335039247,0.03386942661335411,0.598104761200102,0.4630901368574382,-0.019480413489307426
27,volatility,market_1,412,412,0.008062797905871963,0.017115299756493486,-0.07782865778360369,0.08984763098235826,0.5388349514563107,0.030225049747512216,0.030206599818313272,0.03922302346932842,0.6731290161121621,0.4603724191254861,-0.04411922559482011
27,volatility,block_2_3,412,412,0.04542058520409053,0.04017981319405249,-0.18077200236955132,0.2782277217010314,0.5339805825242718,0.2063682102487876,0.20759970301384112,0.08720876613993689,0.6359371422578772,0.5256765369475169,-0.0016357801914288204
27,volatility,block_4_6,412,412,0.04853864965537882,0.059190933579133596,-0.17041350205868402,0.257511912245718,0.5558252427184466,0.3519426945007937,0.35295724546489404,0.0614190492934287,0.6328030801324899,0.4939549182504714,-0.024544617469037744
27,volatility,top_3,412,412,0.04409769881796631,0.034421940655792474,-0.17494280148373564,0.2672163689976015,0.5364077669902912,0.20871753863089226,0.20994309769477568,0.08573952675155343,0.6361938176443274,0.5229351627498209,-0.002776308640875853
27,volatility,top_6,412,412,0.03552825869832294,0.032768173245997,-0.09656699219824037,0.18556588459158857,0.5655339805825242,0.3025123476399596,0.3023863492844825,0.0377946688053738,0.6562995159522622,0.4710678234136398,-0.053517553334012154
27,volatility,flag_nested,412,412,0.043785911717889876,0.04208121471930844,-0.13797309966253896,0.19803447071080388,0.5703883495145631,0.18586173605526907,0.1864159926357443,0.06024812464014637,0.6390241834360909,0.4864296147783577,-0.02353053971499367
28,volatility,market_1,412,412,0.022263819908673536,0.030629818175734937,-0.062257993343881865,0.10168915043450687,0.5752427184466019,0.03002728957782518,0.03014961991118339,0.028232297068412262,0.6682177754826847,0.4561255795594038,-0.0487218686451597
28,volatility,block_2_3,412,412,0.06787527808913849,0.040249479127032466,-0.15520906356955785,0.32536472793028565,0.5558252427184466,0.20423116895969642,0.20477169456558608,0.06469788511090245,0.6365923274746312,0.49077053247155966,0.009401898705668706
28,volatility,block_4_6,412,412,0.06813472459350092,0.09384340156905205,-0.13721881419470708,0.27283789843718004,0.6043689320388349,0.3410960746072496,0.34019921482729165,0.06203434975606227,0.6430191433935262,0.4814532285097513,-0.017633230155415108
28,volatility,top_3,412,412,0.06596968774273164,0.0375667780228455,-0.1453258301151251,0.31049154822095737,0.5533980582524272,0.20653571453700292,0.2070983673840585,0.06314440391349557,0.63799189853978,0.48927956731787753,0.007067643018602706
28,volatility,top_6,412,412,0.05170014406095103,0.06557752274313873,-0.08275050874651421,0.210134362495931,0.6067961165048543,0.29359744837188306,0.2917614810840765,0.08591775616674624,0.6534865081345447,0.4638011523314179,-0.03348303236378373
28,volatility,flag_nested,412,412,0.05936643865956859,0.06211320906143613,-0.10475970073731287,0.23515563805984793,0.5946601941747572,0.1815153957308566,0.18124813798381073,0.05406886112398896,0.6441848726630657,0.47075347761373726,-0.018041877995650865
29,volatility,market_1,412,412,0.03439413191229424,0.031646681139003166,-0.04837360017292909,0.1054934514361947,0.5922330097087378,0.03028179038417742,0.030250091089752,0.05923697231755573,0.6692774963579979,0.45387711867520864,-0.04231470380839358
29,volatility,block_2_3,412,412,0.06363981717579212,0.06686133102889852,-0.15967533464110628,0.3273738995093217,0.5825242718446602,0.17738724682755172,0.18080528818896457,0.08371185260138567,0.6648675118782892,0.49159123252103104,-0.002369710111314958
29,volatility,block_4_6,412,412,0.031056059869527707,0.02119117128101969,-0.1495053660532303,0.20092262230702385,0.5315533980582524,0.36063512412604987,0.3633195318581378,0.052141028193942465,0.5969108077410104,0.46187956765738386,-0.01771874311948889
29,volatility,top_3,412,412,0.06136354833085824,0.06865609560726871,-0.15563548726253718,0.31828504754563497,0.5800970873786407,0.17980429771944736,0.18322038059169002,0.0822517576628985,0.6655941033863478,0.48992664952715537,-0.00344463648608347
29,volatility,top_6,412,412,0.02601445476333851,0.008650875976374935,-0.1389061657541935,0.1647131445775557,0.5242718446601942,0.3447650462875649,0.34513138984514985,0.053685725186961616,0.5734113488902647,0.43514157933552583,-0.013638711972941328
29,volatility,flag_nested,412,412,0.03223978018471034,0.022859397094318994,-0.11509194080470857,0.18410532373331165,0.5655339805825242,0.18355654880681113,0.1851863536522306,0.057470036659449025,0.6124671234643129,0.45274054042099937,-0.014965320739205257
30,volatility,market_1,412,412,0.01857095710856528,0.01350678426975908,-0.06876414681684077,0.10323892852741218,0.5558252427184466,0.030528702507685447,0.03049147309575472,0.038330757809190416,0.6550585897853785,0.4377797686425739,-0.04120037735067214
30,volatility,block_2_3,412,412,0.04876020976482144,0.05464979056394105,-0.19779721453706342,0.26697992909591334,0.5461165048543689,0.19941498973008945,0.20029176959191622,0.04743825319649292,0.6596612513786483,0.5342557071636844,-0.017672592388817403
30,volatility,block_4_6,412,412,0.0485742554131101,0.05687852342654243,-0.13171187251938074,0.2506063234946161,0.5849514563106796,0.35515790005138054,0.3546534854309155,0.07192162635074612,0.6415683161513199,0.5213502054548367,-0.03488482750537559
30,volatility,top_3,412,412,0.047400905860838886,0.054515377286052914,-0.19119963706725934,0.2581127357659804,0.5558252427184466,0.201636311784397,0.20250547667882307,0.04628668243390076,0.6603001537569639,0.5312935424347205,-0.018336437579769833
30,volatility,top_6,412,412,0.04452842400722028,0.05066741775404227,-0.08416870912789617,0.19002949328947005,0.6116504854368932,0.31357560889506325,0.3123068528391038,0.0779730979666906,0.6371479122089475,0.488810574534783,-0.041499644071885826
30,volatility,flag_nested,412,412,0.04105911938708084,0.0510577580283902,-0.10154443283111415,0.1955963701813481,0.5728155339805825,0.18561070556945064,0.18555432652191092,0.05509424280585366,0.6438647135710236,0.5051730192427087,-0.035727104373314424
31,volatility,market_1,412,412,0.031105142053537507,0.036927613707844704,-0.039073450350736186,0.10902148967797667,0.6310679611650486,0.030328699226470714,0.030335786078496,0.05352852327292131,0.6763288362979624,0.4659774471099471,-0.04081488432005691
31,volatility,block_2_3,412,412,0.1059715952712954,0.11069906687122363,-0.06989912699286074,0.2987136991973529,0.6796116504854369,0.1927425899505356,0.19557751875741902,0.1441938627537142,0.6361556435582678,0.5008213124338647,0.02503030194253316
31,volatility,block_4_6,412,412,0.0440099324912785,0.04589572640296986,-0.12547349103944863,0.24741873070300524,0.5606796116504854,0.32463819652765546,0.3259735698069226,0.08103609975756429,0.6235200825158204,0.4770803776591265,-0.03216673344657182
31,volatility,top_3,412,412,0.1019008319552323,0.10365600884372086,-0.07014670027672806,0.28188203570362125,0.6747572815533981,0.19517580663513187,0.19800799578423744,0.14099550833890417,0.6370224142391401,0.4989274178028512,0.021711966178956172
31,volatility,top_6,412,412,0.02559651883169034,0.019334110584596033,-0.09847592689406624,0.14050175834461154,0.5242718446601942,0.2875378877791709,0.28640060811393225,0.033669215790372506,0.6376323770444219,0.45812732641025294,-0.04919730102069251
31,volatility,flag_nested,412,412,0.05359926853621221,0.04140702842011425,-0.08365235367591514,0.20269563553994466,0.5970873786407767,0.17353045115217255,0.1746039297387452,0.09035648752292016,0.6344060714269785,0.4757513940276186,-0.020470016480674633
32,volatility,market_1,412,412,0.01328863278871083,0.020719532059050062,-0.06472154235327396,0.10292824629943588,0.558252427184466,0.030235920285141892,0.030308888451485327,0.037591888803487634,0.6655333569530177,0.45105512351082744,-0.04183683311267559
32,volatility,block_2_3,412,412,0.041250775950109966,0.04081966126154623,-0.20413985279810984,0.2943942312391098,0.5485436893203883,0.2006376859554273,0.20261639178407917,0.09468152535519647,0.6164995387202059,0.4920923570972445,0.005461581688778242
32,volatility,block_4_6,412,412,0.06377799411180007,0.07164963213772986,-0.13358125160430312,0.2880438350585143,0.5898058252427184,0.3346695252420411,0.3359022284593015,0.06291497506967504,0.605345048735064,0.4658744717127825,0.019586632540815583
32,volatility,top_3,412,412,0.040342289446155276,0.03651443510137169,-0.19817200729774778,0.28742707507720805,0.5533980582524272,0.20289390590807047,0.2048675864780848,0.09248458699569233,0.6177026109136013,0.4904300106171085,0.004328480691916423
32,volatility,top_6,412,412,0.0610313894908074,0.060376251460794395,-0.08604409270516114,0.2135158965134918,0.616504854368932,0.29119612409527246,0.29199689300043047,0.052955605993559654,0.6393388274202904,0.4529882124462887,-0.005782300891018521
32,volatility,flag_nested,412,412,0.052961765672364006,0.05588121979838917,-0.11509427374498332,0.24472191771595617,0.5898058252427184,0.17901958413550356,0.1798625227759474,0.05977854757274347,0.6201053759934633,0.4641321965864578,0.008180401865449124
33,volatility,market_1,412,412,-0.017105138298118935,-0.021441167303998997,-0.09214306919844023,0.054372311373431806,0.4077669902912621,0.03016273062315936,0.030168617349314246,-0.006241634336226822,0.6634528944218944,0.4469279556588914,-0.07998265728046006
33,volatility,block_2_3,412,412,0.08775537876715427,0.13328189513396865,-0.13507867687554742,0.3123646402144814,0.633495145631068,0.19371439555188472,0.19430324788125258,0.13938811601067258,0.6541551064679073,0.5173555708071264,0.0334292286945264
33,volatility,block_4_6,412,412,0.053560934358215406,0.05556300152584756,-0.1364643092636335,0.24109544666530464,0.5800970873786407,0.35509663479046705,0.35751795243657375,0.0025442009614670877,0.5873080075301116,0.46467238743703376,-0.0518983200590825
33,volatility,top_3,412,412,0.08415248045261747,0.12605228743723487,-0.1311987900314724,0.3079310639364429,0.6310679611650486,0.19612411994861365,0.1967023871073056,0.13578425593727284,0.6539380158009123,0.5142391610737663,0.02962183209611162
33,volatility,top_6,412,412,0.020895562186234357,0.015495869752539908,-0.12362057945463363,0.16574648240399614,0.5315533980582524,0.31755277074611427,0.31979776773404067,-0.03983188476721151,0.5890108343571685,0.44643959532512384,-0.07756867450668153
33,volatility,flag_nested,412,412,0.0490855213902768,0.05274041047873315,-0.11359150675551555,0.19025236050092656,0.6213592233009708,0.18471879935139027,0.18565412053709737,0.027087554702803576,0.6033168498601096,0.45573690381137105,-0.041010653034976086
34,volatility,market_1,412,412,-0.002294867443412842,-0.005008397213244586,-0.08264228186477603,0.06903037307956782,0.4830097087378641,0.030697836950819752,0.030715322376773695,0.031028375404742445,0.6644282218886955,0.44897814411204223,-0.04959794939960294
34,volatility,block_2_3,412,412,0.04214754521738918,0.07405148546986494,-0.16085403667152076,0.2673988203897453,0.5776699029126213,0.22434698705640188,0.22912425981678966,-0.0016038907114120356,0.6076120686717944,0.5059820274714466,-0.05877411480485893
34,volatility,block_4_6,412,412,-0.019201877971876252,-0.00024912238276670413,-0.23687217735597182,0.1887055118869853,0.4975728155339806,0.3932559190788075,0.39753024684729044,-0.004900127852427984,0.5860332209769434,0.4660025396731174,-0.060114365725267106
34,volatility,top_3,412,412,0.040863900243660115,0.06802853562574235,-0.15398043011164553,0.25293102572499554,0.5752427184466019,0.22673787478675095,0.23150586501331916,-0.000867989281626239,0.6088979954897451,0.5043380444800276,-0.05928281913630435
34,volatility,top_6,412,412,-0.005089250747484977,0.004703806201542969,-0.1569571705283383,0.16285812908742572,0.5145631067961165,0.33173175847744385,0.3320679989498643,0.02566540445575987,0.6191070666520349,0.4657261117464173,-0.04546114217616549
34,volatility,flag_nested,412,412,-0.007445623062816904,-0.0019539813701022757,-0.19578808164550063,0.15890676508113255,0.49029126213592233,0.20417349766775156,0.2066840545568699,-0.00010310425270345043,0.5948051495815384,0.4579801533525063,-0.06218923735620441
35,volatility,market_1,412,412,0.024347017480153145,0.02109760657546459,-0.061425991440054735,0.11207799610670062,0.5606796116504854,0.03071268869732311,0.030812327023564595,0.035307017942306056,0.6713547281447985,0.4570767138682768,-0.05915286477291205
35,volatility,block_2_3,412,412,0.0761424577373445,0.08228161332733774,-0.12210519246072107,0.26181546459811217,0.5922330097087378,0.17828789771801373,0.1787262823882416,0.07400990070940451,0.630685328455166,0.4912956633150077,-0.005628287759404058
35,volatility,block_4_6,412,412,0.06403054588984677,0.06731981004149412,-0.1573378407927192,0.23312942457144983,0.5970873786407767,0.3311398422073779,0.3309566677643503,0.032852974966250566,0.6168214079675709,0.4801183970858423,-0.0018235264199836772
35,volatility,top_3,412,412,0.07384985082283092,0.07246246095697603,-0.11456811468788042,0.2539613795793112,0.5946601941747572,0.1807059579123671,0.18114972701241397,0.07199448817452173,0.6313453666385289,0.489716800968532,-0.007269872707254851
35,volatility,top_6,412,412,0.045679212800872684,0.03763358127820131,-0.10762645147050456,0.17628736884513868,0.5703883495145631,0.30533687220057015,0.30511458077177583,0.029037329799345167,0.6375698350631517,0.45860280808196385,-0.018278292047661522
35,volatility,flag_nested,412,412,0.058774171556074006,0.05358984857328173,-0.10241449996061566,0.19103176180260134,0.587378640776699,0.17262545607187593,0.17270830038366894,0.03485966507393892,0.6295172799433875,0.47708711721802294,-0.013228436599315073
36,volatility,market_1,412,412,0.0232103466297404,0.013405625103092025,-0.05664279254126068,0.09393786615560765,0.5703883495145631,0.03063059565471415,0.030776523070636108,0.04772866866948566,0.6659231982892675,0.4534862136498716,-0.03775909036458672
36,volatility,block_2_3,412,412,0.08299507906793316,0.06953835611633304,-0.1493354098937129,0.31885329381535155,0.587378640776699,0.19422172013244873,0.19584178066803332,0.13367669282376674,0.6674024823893959,0.5373338357717374,0.037158065748829905
36,volatility,block_4_6,412,412,0.05092663227425718,0.06271948867391251,-0.16094942576906107,0.24110673744041006,0.5825242718446602,0.32465933981373607,0.3258347437131648,0.11074921305254141,0.6382835783842666,0.4892402720260689,0.01599844637984261
36,volatility,top_3,412,412,0.08129391805919539,0.06632729987239619,-0.14386414910199458,0.31065312651315424,0.587378640776699,0.1967785050361456,0.19839955136345408,0.13276679848480763,0.6676218963010768,0.5343420575024738,0.035882890132369415
36,volatility,top_6,412,412,0.021293603381717822,0.033523416240985954,-0.13305915219264539,0.18110854223790107,0.5533980582524272,0.28399666660981954,0.2841067378941066,0.05354451918474704,0.6328101332943548,0.4498874663448657,-0.024301843539109285
36,volatility,flag_nested,412,412,0.05647648464802362,0.07074173458446498,-0.12173916121931078,0.2059003640843069,0.6092233009708737,0.17330072032639238,0.1740521341425637,0.11198467788387821,0.6514370722906345,0.4916660238862833,0.018848353604454915
37,volatility,market_1,412,412,0.030425484877607725,0.02274157702883764,-0.06268651543016408,0.12389331119478712,0.5776699029126213,0.03066478411471031,0.03065770566904004,0.04775020594750509,0.6612374574767875,0.4445971308964706,-0.04018253297958509
37,volatility,block_2_3,412,412,0.08003948611632095,0.06488492638210669,-0.15777331769935118,0.3116442715158835,0.5849514563106796,0.19345610858115425,0.1951382213407078,0.08916051204007275,0.6213499583777949,0.4914357798200485,-0.012720539570379615
37,volatility,block_4_6,412,412,0.07664405439811967,0.10318481705309275,-0.10822360265981854,0.28414918985108195,0.6407766990291263,0.3469623575010109,0.34988549539668207,0.048320332086868444,0.6166590036710294,0.4668593406142217,-0.015214606442365143
37,volatility,top_3,412,412,0.07780113615458029,0.06377446157736802,-0.1508253960763012,0.2987078772132199,0.5752427184466019,0.1957655053717501,0.19743292538002247,0.08716715216003952,0.6227274943759566,0.490127730741199,-0.014183972813853639
37,volatility,top_6,412,412,0.06305394078817973,0.07452298299803221,-0.1048557058493623,0.21752996294022878,0.6262135922330098,0.3118658399419609,0.3144240704404593,0.05202458323401255,0.6372649847601334,0.46054565452353646,-0.013702577629286186
37,volatility,flag_nested,412,412,0.06855401005897115,0.08958031047652228,-0.07764072484032702,0.22649947252832414,0.6480582524271845,0.1806321467349179,0.18202781113420594,0.05591455983568856,0.6261013415567755,0.46492433285846,-0.014361133951177295
38,volatility,market_1,412,412,0.02228452281325452,0.01591026076899412,-0.06728413300020675,0.10952546293419062,0.5509708737864077,0.030333243319553838,0.03036834203238,0.034456051473249656,0.6726521735466969,0.46118889855260564,-0.04286637025369363
38,volatility,block_2_3,412,412,0.09022255331245146,0.1379920104652606,-0.24256236497080005,0.42578214471826087,0.5898058252427184,0.23858619503894501,0.23913573430733404,0.11092542311001433,0.5821881208665007,0.4843212544477487,0.03395021527224499
38,volatility,block_4_6,412,412,0.07064992206585687,0.11055375643251487,-0.1825080067814594,0.3485109733300725,0.587378640776699,0.3549653499513231,0.3545282386613524,0.09332164582719481,0.5860608436638665,0.4551003272201124,0.001377528045645641
38,volatility,top_3,412,412,0.08826120571800813,0.13754889100959589,-0.23679197489977788,0.413450159576493,0.5922330097087378,0.2406504895773341,0.24119009015744608,0.10999718580690268,0.584315155872951,0.4828254968039723,0.03214362766753337
38,volatility,top_6,412,412,0.04140732054381996,0.055404776687690456,-0.10077315678967462,0.18063407744993806,0.5970873786407767,0.28562132890700775,0.2851826900166654,0.07996655691900022,0.6277430387923583,0.4519983698723477,-0.023895794032314586
38,volatility,flag_nested,412,412,0.06666752693652835,0.08906106974228511,-0.14610732850844474,0.2969106213493355,0.6116504854368932,0.19198724394338826,0.192000902259976,0.09259759316873735,0.6012151947651919,0.4547750859924878,0.0032032888828474665
39,volatility,market_1,412,412,0.01720002562493286,0.020421753713471415,-0.06446048995427738,0.09923951626380702,0.5533980582524272,0.030284627936761732,0.03033953370569556,0.036595264692619506,0.6631249495572406,0.4469914820198767,-0.06749346846656783
39,volatility,block_2_3,412,412,0.03773599543560842,0.0733782741559959,-0.2057712571481236,0.2915697178115594,0.5970873786407767,0.2073977188837685,0.20799003846451825,0.10543880064253928,0.6604852717045593,0.5345144086209708,0.03179750303119398
39,volatility,block_4_6,412,412,-0.0013724628049140981,0.014871049346656336,-0.20158681531099928,0.2031102313807003,0.5169902912621359,0.3399143666164877,0.34187290527765124,0.04817793141146408,0.6237878125096266,0.4969295716507212,-0.026559922536121074
39,volatility,top_3,412,412,0.0365345628515832,0.06460736331194766,-0.1967114381277266,0.28190428690702873,0.6019417475728155,0.20971505773276636,0.21029305697146253,0.10365014445858496,0.6611539290868509,0.5330294897426041,0.02966351695352888
39,volatility,top_6,412,412,-0.0031390871630325628,0.0014411164523534842,-0.1512730522930703,0.1530324480358331,0.5048543689320388,0.2883917485824852,0.2902008417152837,0.02848221795042461,0.6282208374116538,0.4577518765964876,-0.04940647027565479
39,volatility,flag_nested,412,412,0.003964023331035206,0.017354399631600338,-0.15371752169820369,0.17536349251335673,0.5194174757281553,0.18161615369768966,0.18241004786789972,0.05887976492822513,0.6353726322108157,0.49452133228509726,-0.0207710192630273
40,volatility,market_1,412,412,0.02936176231148311,0.015636800468542485,-0.06027689848531612,0.10572784732397657,0.5558252427184466,0.030261045565217266,0.030455349222030637,0.0689090585096877,0.6694428223237144,0.4590446949697942,-0.03221319888942824
40,volatility,block_2_3,412,412,0.03882105949593311,0.05161707931901939,-0.17144143846916565,0.2981616317172637,0.5606796116504854,0.21468320767695795,0.21414742279652563,0.07873285014895841,0.6441375342959027,0.5127598258838678,-0.03217046060237031
40,volatility,block_4_6,412,412,0.02959696541326977,0.04410795291657554,-0.22213564663090618,0.3040891071246344,0.5412621359223301,0.38129657725585353,0.3812224857156841,-0.02850831790898639,0.6309540820903159,0.5186363762509707,-0.05061781671496765
40,volatility,top_3,412,412,0.03704932822053688,0.04910655790865341,-0.16659133792953323,0.2879121080023591,0.5606796116504854,0.21702711205429598,0.21653618573507358,0.07691004982641104,0.6451825273046861,0.5111554686042564,-0.03388868129457458
40,volatility,top_6,412,412,0.02752231465117651,0.010749388048045129,-0.16600824423983698,0.24704993926211355,0.5145631067961165,0.32336808585322674,0.32322594242794567,-0.034541067814347896,0.6505827249631636,0.512076938698943,-0.048760821081822926
40,volatility,flag_nested,412,412,0.027993936283786585,0.04354976946879357,-0.16689544000236564,0.23591197134673908,0.5533980582524272,0.19839291559028385,0.1982081547975734,-0.006264411066183041,0.632225319345604,0.5021599400145924,-0.05254111602971222
41,volatility,market_1,412,412,0.010084297353998533,0.012755213908678441,-0.061371926491556164,0.07509330607818882,0.5194174757281553,0.030184168583484633,0.030089982041430298,0.02874024928661863,0.6756061713960521,0.4642366998539749,-0.04863140371939136
41,volatility,block_2_3,412,412,0.10121252759136966,0.11346930335714847,-0.12945717458027436,0.3720586683880199,0.6237864077669902,0.217202516893463,0.21742185441335526,0.10969456464277216,0.641730964771565,0.5104211621069219,0.040210205625758236
41,volatility,block_4_6,412,412,0.0550755478159106,0.05184730538062044,-0.19843465951451122,0.29262533052257733,0.5655339805825242,0.36469328718088956,0.364827479314932,0.11758482147029226,0.628488218928258,0.49725089195705524,0.030633184155904106
41,volatility,top_3,412,412,0.09789452973537408,0.10658615701430721,-0.12377445244865411,0.3628320069922127,0.6213592233009708,0.21943695587149006,0.2196462978537164,0.1083810097462874,0.6424297147722274,0.5082997907097807,0.03895659728558214
41,volatility,top_6,412,412,0.0293099680478575,0.013244231972689311,-0.14654012331629793,0.21803116186812943,0.5194174757281553,0.31631720299051974,0.315962278665773,0.09190098910535552,0.6285534035163612,0.47858218461561536,-0.0023916575884380016
41,volatility,flag_nested,412,412,0.05656619317251926,0.04109719751627981,-0.13910734185240442,0.2622664406603862,0.5631067961165048,0.19238625462258777,0.19234726352810344,0.11307649327799707,0.6360832867376421,0.49007956962425103,0.030573282372842833
42,volatility,market_1,412,412,0.0010097665564886885,-0.005894036555576818,-0.08585868949037584,0.0886742645985624,0.47572815533980584,0.03040440836374419,0.030359169822857492,0.02975827460191793,0.6726907397811709,0.46013625960773774,-0.057799352192176266
42,volatility,block_2_3,412,412,0.04127543446261568,0.0425553205178854,-0.1562428811858403,0.270833149301291,0.5631067961165048,0.1934641306868328,0.19576886793607248,0.09936706141839992,0.6261472075373598,0.48999272879324657,-0.00038365803381376065
42,volatility,block_4_6,412,412,0.020602202193961614,0.025350157621704165,-0.19220782769373962,0.23613677877288564,0.5315533980582524,0.36635501873769066,0.36941169136295965,0.07059531075520253,0.5781179305675815,0.4731032897641749,-0.03175963823816546
42,volatility,top_3,412,412,0.03895423311800517,0.039206414939534945,-0.1504412628104811,0.2618505882190404,0.5533980582524272,0.1958771230130058,0.19815632962946983,0.09927028841204232,0.6281104156984819,0.48944795395700513,-0.0014729721020676058
42,volatility,top_6,412,412,0.03679385791719436,0.05020255881203539,-0.1367684208067144,0.20399410200085483,0.5825242718446602,0.3260079467602548,0.3285586219387134,0.04455229159375855,0.5967400346350679,0.4446725873720744,-0.05131558480896488
42,volatility,flag_nested,412,412,0.026859927103618505,0.03296023027708407,-0.12239737707091149,0.20509483246231702,0.5533980582524272,0.1895662293185421,0.19122539699790025,0.07700079673535677,0.5912532235295007,0.4653422377224829,-0.02706552947953177
43,volatility,market_1,412,412,0.022831185903424953,0.007929112260491497,-0.06557555013534044,0.1062907886385173,0.529126213592233,0.030692594605525637,0.03084623682967869,0.05084580279673369,0.6615526076588871,0.44892919282076355,-0.035242391192762505
43,volatility,block_2_3,412,412,0.0352677534984415,0.050178052777700106,-0.2066137589362596,0.27126416932279135,0.5533980582524272,0.20564609941540907,0.2058056152891605,0.07330863113547258,0.6021275441350412,0.46843107664741507,0.008333012534343218
43,volatility,block_4_6,412,412,0.003108009983160918,0.0006469477976937961,-0.20738314397819324,0.2105987308721445,0.5048543689320388,0.35777674727411,0.35730879969179863,0.013554786217171568,0.5617787943719167,0.4427017986758599,-0.04168944373575122
43,volatility,top_3,412,412,0.0341565159456185,0.04964858718171028,-0.19623369120163803,0.26193404689167527,0.5509708737864077,0.20801570189130966,0.20815177754672634,0.07136809932694936,0.6040358999076427,0.467995352026147,0.006713488725700464
43,volatility,top_6,412,412,0.0030802117824120278,-0.000929409863388472,-0.1489444293795277,0.15483704490805938,0.49514563106796117,0.3110253916145545,0.3107762632461294,0.00925176684290261,0.6008448857550889,0.43610394804030855,-0.05460652966446038
43,volatility,flag_nested,412,412,0.013251755480615655,0.024090117722453605,-0.15569199181010882,0.1751229956501753,0.529126213592233,0.1882224966967737,0.18822691832034422,0.033818673957789716,0.5745604538713593,0.4362616278105114,-0.027835489928761028
44,volatility,market_1,412,412,0.025582921808144928,0.031231519964300212,-0.056995050261520484,0.11328802866031842,0.5728155339805825,0.030453519411775737,0.03041292293631867,0.04043171256549975,0.6653310169846457,0.45132600473055273,-0.049081474252032534
44,volatility,block_2_3,412,412,0.04385295061680361,0.08456736335124859,-0.18784969283563951,0.31488719177532853,0.5922330097087378,0.2154125080129674,0.21460785005623736,0.07463319294671675,0.610287284007775,0.48123273049700455,-0.008691452951777926
44,volatility,block_4_6,412,412,-0.011167256818056881,-0.01957570037328634,-0.2152867381032122,0.21588954762752077,0.4854368932038835,0.3590535863475902,0.35966513339172157,0.01834621836693891,0.6142097190722607,0.4910774251195881,-0.05279636000980362
44,volatility,top_3,412,412,0.04185598822695274,0.08258775250132087,-0.1810431829949609,0.3012708725775734,0.587378640776699,0.21772283424494276,0.2169265216445676,0.073715274719613,0.6117626730817987,0.47949142768286035,-0.009644659817656163
44,volatility,top_6,412,412,0.004081167639287541,-0.012034811261508467,-0.12115937981597726,0.15389266241923188,0.49029126213592233,0.305277982962466,0.306012124735011,0.03976297727061188,0.6559681554013189,0.502573711095252,-0.056646640423216356
44,volatility,flag_nested,412,412,0.008378584035799535,0.019543227398073328,-0.16391517688689564,0.20174878079044994,0.5242718446601942,0.19083124831220832,0.19079453115358058,0.0317439782560728,0.6205367451718992,0.48189341193975,-0.042301334918751696
45,volatility,market_1,412,412,0.020079112611461055,0.007347789323686193,-0.05900886012174112,0.08231494434395253,0.5339805825242718,0.0299979836501589,0.03010201404143682,0.037343984641785295,0.6648654007246102,0.4511259678883913,-0.05232222975132222
45,volatility,block_2_3,412,412,0.03674876918716057,0.07255022570602039,-0.18880672226200584,0.2765764971733608,0.5849514563106796,0.22366589227041647,0.22536949289318028,0.04087312839361846,0.6412931512173935,0.5074855643897945,-0.028086543671546456
45,volatility,block_4_6,412,412,0.030596016649408954,0.05303580003482229,-0.19727155083891396,0.278844880237526,0.5922330097087378,0.3528699253197191,0.35509876106895455,0.025995612189610086,0.6184845749409025,0.4636546328944865,-0.0340145200012956
45,volatility,top_3,412,412,0.03389156677320991,0.07271503677541596,-0.18316385447551642,0.2674784362437141,0.5849514563106796,0.22592305912415203,0.22761985005424978,0.039057577001414684,0.6418044685039381,0.5051788704130116,-0.030200187208732545
45,volatility,top_6,412,412,0.03262061540964687,0.022390373622897728,-0.09397310801513108,0.14596158324178243,0.5461165048543689,0.2840825154346893,0.2855336118916635,0.038075061122256136,0.6351827124348762,0.4435589511996978,-0.03501813206208741
45,volatility,flag_nested,412,412,0.029339608061269423,0.05302293199960188,-0.1396178111684233,0.21597865694470017,0.5946601941747572,0.18934611686850186,0.19043517139473384,0.02756548717515255,0.6343938979638254,0.46957876836265094,-0.034344649408306394
46,volatility,market_1,412,412,0.04010219470839701,0.025313764025428516,-0.05652393119853756,0.12675947810834348,0.5849514563106796,0.030196271147245934,0.03012683698448162,0.0810013415586014,0.6719648878121234,0.4597797068213535,-0.0204921441248418
46,volatility,block_2_3,412,412,0.05181223284833187,0.042236390291437595,-0.213266307482585,0.3105389056438519,0.5461165048543689,0.20353524745282883,0.20244122158323644,0.13131473514128109,0.6240250475282566,0.4937995414699648,-0.0011423084122982243
46,volatility,block_4_6,412,412,0.03696629109400745,0.0640316268978977,-0.16480601458385916,0.2535457652567923,0.5800970873786407,0.3562323922416015,0.34313614089685734,0.07675105606594497,0.6222136484124083,0.48769344712792423,0.002847405566419536
46,volatility,top_3,412,412,0.05107814287767089,0.0418560870399236,-0.20915451965541326,0.3063267555561042,0.5461165048543689,0.20574982081339382,0.2046811704182519,0.13008768176809005,0.6257904341160002,0.4922833396712704,-0.0016161814843379928
46,volatility,top_6,412,412,0.036515237976540334,0.04306961970335989,-0.08553016620624407,0.17235779014642236,0.616504854368932,0.31507918052724243,0.30205938294440215,0.034771477247368045,0.63697001758829,0.475133242527753,-0.011913017521594342
46,volatility,flag_nested,412,412,0.03776217660199016,0.05161270330419222,-0.14769044329380354,0.23013123024149235,0.5703883495145631,0.18736034533104837,0.1820703900959214,0.08167383976347023,0.6290711291785008,0.4791925269557336,-0.0019827889615705876
47,volatility,market_1,412,412,0.01712965980906036,0.013900423636731107,-0.07057652116487655,0.10352488988832567,0.5388349514563107,0.030157301343203408,0.03018626926774786,0.0473483877891267,0.675648273144011,0.46416426604273453,-0.04178287760976908
47,volatility,block_2_3,412,412,0.13645286142943053,0.13278182691467133,-0.06748706577545344,0.350737599384799,0.6844660194174758,0.2033113493206862,0.20383663187642387,0.15200353998451335,0.6497778238979712,0.5156560972099978,0.07159952577391797
47,volatility,block_4_6,412,412,0.10324395293703183,0.11208948951198563,-0.06614488675025555,0.3029164465929383,0.6432038834951457,0.34457959973316626,0.3487788961959271,0.10658690973900013,0.62560833228232,0.4896581226657398,0.015297364877995937
47,volatility,top_3,412,412,0.1331313847939719,0.1289212893609375,-0.061281984012281694,0.3373046702880227,0.6844660194174758,0.20556739674197305,0.2060796006182784,0.1505188925106614,0.6509707309941597,0.5147428764920475,0.06909180530763213
47,volatility,top_6,412,412,0.05460770899968424,0.04713603670559269,-0.07254722898918327,0.17426076977856556,0.6140776699029126,0.29896442546114804,0.3029142052320562,0.053411190935280246,0.615711956121656,0.45185915878241756,-0.03548216671329738
47,volatility,flag_nested,412,412,0.0870580443622358,0.0842278669647537,-0.0587788295797792,0.24483258025644544,0.6383495145631068,0.18259618414868362,0.18414985428149475,0.10863103907886365,0.6380141497053019,0.48477781698165395,0.01478136241797191
48,volatility,market_1,412,412,0.012775549975156463,0.004775911722337018,-0.07016941191540119,0.09432968747022212,0.5121359223300971,0.030273241861025414,0.030255241514667686,0.036785914856805484,0.6653899088371039,0.45175029572277536,-0.03426668263343561
48,volatility,block_2_3,412,412,0.03608863691167271,0.03943178418223291,-0.1801751373331405,0.2589194053637528,0.5412621359223301,0.22580541712112545,0.23131782796422476,0.0782774325230603,0.6273377007683559,0.512089882015153,-0.01444195158001305
48,volatility,block_4_6,412,412,0.031080619816226507,0.017975716204157555,-0.15329431079811498,0.23453740150127222,0.5218446601941747,0.346507236564355,0.3496789172304915,0.05026925351900393,0.6122061255131315,0.4822814274172881,-0.032094917745056815
48,volatility,top_3,412,412,0.0339668840955519,0.032106778783878395,-0.17488757342654485,0.2501764219336066,0.5339805825242718,0.22802961483217388,0.23353442384815518,0.07694934279039656,0.627860615661189,0.5105668682562141,-0.01766118956171269
48,volatility,top_6,412,412,0.029496991744655702,0.015167484363015312,-0.0746085837617688,0.15088659360583534,0.5315533980582524,0.28058955441569516,0.27902017184011796,0.05112683690389983,0.6447852689057219,0.45181451218715524,-0.029933929941254375
48,volatility,flag_nested,412,412,0.029169725461219903,0.025235141097612403,-0.13028926901343665,0.17986398724778224,0.5461165048543689,0.18745061473310132,0.18976393704711153,0.058572409121081775,0.6200717713989808,0.479284058760984,-0.025352150599360586
49,volatility,market_1,412,412,0.015301449937253799,0.009280322879421508,-0.06767604406818675,0.09976263668409316,0.5218446601941747,0.029713683846716077,0.029690604883951425,0.04280462706955155,0.6725835170351788,0.4589315528729158,-0.02778838913670198
49,volatility,block_2_3,412,412,0.07729139602919118,0.09544850804478179,-0.14898169695310687,0.3162312089958839,0.5946601941747572,0.1970364692588338,0.1965889409881235,0.12685355188881675,0.6336059136166998,0.48969353802352333,0.03594945070161915
49,volatility,block_4_6,412,412,0.062780552704047,0.06440722214607317,-0.15478920727223433,0.27533526928416474,0.5849514563106796,0.362193095161504,0.3587491632474801,0.06546513468648622,0.6346107774852648,0.4967524726266044,0.008106046268448849
49,volatility,top_3,412,412,0.07751548944896866,0.10015202778844991,-0.135709891189423,0.30746932689324125,0.5970873786407767,0.19930021341892887,0.19885889502105517,0.12645454292269478,0.634557986085666,0.4877491047887687,0.03543948589248285
49,volatility,top_6,412,412,0.04390794913230903,0.03309024290767584,-0.1313857039918796,0.20361436434550378,0.5679611650485437,0.3231043964681935,0.31966530414195804,0.030955386565940782,0.643217000143778,0.48974356338758324,-0.025616518516883853
49,volatility,flag_nested,412,412,0.058617557659889775,0.04535651859979763,-0.09078073312982954,0.23580497727934135,0.5655339805825242,0.18752536907651857,0.1861988806042703,0.0744179725099815,0.6375681026586172,0.4823149723531588,0.00886986480763521
50,volatility,market_1,412,412,0.01809273651805139,0.014797196035711765,-0.07783004937383986,0.10327200037264385,0.5533980582524272,0.030229966645152824,0.03040099674222558,0.028083753435398224,0.6701493908838482,0.4561639987275703,-0.04912949911464976
50,volatility,block_2_3,412,412,0.06106856933016977,0.05819469124024912,-0.19380742000644421,0.34697282250170475,0.558252427184466,0.20460403696871407,0.20588040911532285,0.09677586606701195,0.6560726914349194,0.5183735156771577,-0.04257575562262331
50,volatility,block_4_6,412,412,0.08638514465130998,0.056698818430735806,-0.13484019413744938,0.31869738948272075,0.5970873786407767,0.3464271753895442,0.3436682949306927,0.06270143266267408,0.6058315974717681,0.46276156737324126,-0.04925505739651196
50,volatility,top_3,412,412,0.05970032829122176,0.058753167128761,-0.18466023997272077,0.333143461621051,0.558252427184466,0.20678809688369565,0.2080394230540576,0.09546940425955149,0.6572467429373807,0.5166361062502874,-0.0439725523965414
50,volatility,top_6,412,412,0.09934559866536509,0.06575075242160698,-0.061355980421999565,0.229579408151085,0.6310679611650486,0.3059521596340699,0.30284192818005456,0.06243093734646581,0.6072873441243117,0.43433451912160015,-0.02255215785874865
50,volatility,flag_nested,412,412,0.07504859457635267,0.04633375028885703,-0.09235677190983489,0.28280322415197845,0.5922330097087378,0.1836860925168551,0.18290374731728676,0.06740062033891424,0.6243168173862398,0.46137209170255206,-0.04574100958678172
51,volatility,market_1,412,412,0.005663438600542968,-0.004266297205782246,-0.07603144033714439,0.08366776920109092,0.4878640776699029,0.02978385595080518,0.029957061434916492,0.024836030702416797,0.6712110263086277,0.45699369075621027,-0.060929638783699884
51,volatility,block_2_3,412,412,0.10202121307831402,0.08011415294943602,-0.126804094231457,0.3254703433367391,0.6067961165048543,0.20598494953958027,0.2069368043208334,0.0799217514393677,0.566552873260734,0.47445924264330025,0.04090517422880944
51,volatility,block_4_6,412,412,0.08801532042099773,0.09391265523092668,-0.1191816744062882,0.2972720896558109,0.5970873786407767,0.3511594810543001,0.3517724372386908,0.08776426325298099,0.5886620735473298,0.45000675966803577,0.023886501796759847
51,volatility,top_3,412,412,0.099866463410784,0.08160560594433025,-0.1301218637299374,0.3200598554834507,0.6067961165048543,0.2082789680720167,0.20922173013631862,0.07890319588152678,0.5684933143516725,0.47210680274671096,0.038934496446767886
51,volatility,top_6,412,412,0.04715493606125027,0.04244698243681941,-0.09383742069983035,0.20905768372885541,0.5776699029126213,0.30267295275899264,0.30298744536765887,0.05814713438452784,0.6437131322170114,0.4665093310438711,-0.022027001002829956
51,volatility,flag_nested,412,412,0.0823862119806491,0.07993394453602434,-0.09136746333564448,0.24954992385121888,0.6092233009708737,0.18515810031235932,0.1856084460033998,0.0782907839472494,0.5952255024693919,0.4445279293795017,0.016146609358116203
52,volatility,market_1,412,412,0.027874865432352854,0.017355941736440336,-0.05997359958110077,0.11177999798604184,0.5728155339805825,0.03113057581005265,0.031112253308876514,0.04081153171997186,0.663546670980706,0.4500469556250211,-0.03997209490233868
52,volatility,block_2_3,412,412,0.1295593645113308,0.1462198502418754,-0.08492109339335109,0.35352431113655425,0.6577669902912622,0.22869379640923654,0.22786638129871326,0.14947465714156802,0.5947864111118677,0.5073863560320448,0.044090330419706204
52,volatility,block_4_6,412,412,0.10764089399380818,0.10558805643148275,-0.08943806548696648,0.3251931560794464,0.6650485436893204,0.370483913835744,0.3685039993719722,0.11047437739484048,0.6039336768885467,0.47493104337629205,0.015438632083767806
52,volatility,top_3,412,412,0.1264006765109214,0.14227456945292816,-0.08025817344808153,0.3379868766515066,0.662621359223301,0.2310962536770696,0.23027632241679352,0.14639206977923763,0.5956571550350741,0.5050651000291957,0.041206593968770036
52,volatility,top_6,412,412,0.055675335983105534,0.05764920827439356,-0.06650543524149087,0.22064093771947818,0.6237864077669902,0.3035283876825778,0.3015950367478759,0.08590155465525669,0.6481701871180223,0.46126419374495364,-0.012801163972866451
52,volatility,flag_nested,412,412,0.09720163163993908,0.09688016026713368,-0.07337993193293632,0.27333440136992465,0.6577669902912622,0.19761313556869053,0.19673322894877726,0.11224925912788478,0.6080247428679114,0.4673719652513307,0.015585258630720442
53,volatility,market_1,412,412,0.030872668207304887,0.03025501137401547,-0.05719114460386018,0.10572887167716616,0.5970873786407767,0.029830440456388482,0.02987121734621788,0.06333733107570214,0.6817715323703657,0.47234516813712585,-0.017302577608251078
53,volatility,block_2_3,412,412,0.09537514438089514,0.12851952791508997,-0.1742290178384762,0.32201128350076147,0.6262135922330098,0.22604070155852232,0.22623983767312453,0.11108183118049007,0.6356623909052597,0.5373691022278592,0.02519809805598751
53,volatility,block_4_6,412,412,0.08108048559871081,0.11203456145047024,-0.1203758098241271,0.27527682906883655,0.6359223300970874,0.3597023180590961,0.3596692440538241,0.07080016655004859,0.6059103664595809,0.4970468269480245,0.008878532351044336
53,volatility,top_3,412,412,0.09294400610475037,0.12208080329926276,-0.1688629339433274,0.3124838442797024,0.6262135922330098,0.22831858965209048,0.22853694975928665,0.1097664091198245,0.6365245667574951,0.5355563160987161,0.023691297198664862
53,volatility,top_6,412,412,0.06294236019348211,0.03830284569954619,-0.1076494082513968,0.21545399578172234,0.5800970873786407,0.2977296781504632,0.29787738961388904,0.05062694555648014,0.6256953222740359,0.4618235469432943,0.0020786546501817354
53,volatility,flag_nested,412,412,0.07600473758906012,0.0752052988383854,-0.09143048342455887,0.24015195609998374,0.6359223300970874,0.1921414056345502,0.19226381150784436,0.0779983006134388,0.6208181256943008,0.49968582310939325,0.008471742555485402
54,volatility,market_1,412,412,0.020606775940227383,0.0239844636353686,-0.06747296419920859,0.1096963052133168,0.5631067961165048,0.03050095955199714,0.03050724583752535,0.042262827512196524,0.6630334083305359,0.44840007697978534,-0.03657525571462568
54,volatility,block_2_3,412,412,0.10302789157558237,0.12308204780333018,-0.15547838415374243,0.3756444938722592,0.6577669902912622,0.2395181030134221,0.2389199202823326,0.06862872875905254,0.6366691682368651,0.5323425211402039,0.0346583584009116
54,volatility,block_4_6,412,412,0.058541082842321485,0.05900808726080273,-0.15571209968024494,0.2971073419558897,0.5752427184466019,0.3577265858621988,0.35330156893969994,0.08090922748907071,0.6250524501878412,0.4840343104597593,0.015983107236767595
54,volatility,top_3,412,412,0.10065708938253502,0.12119779325806646,-0.14923388885638247,0.3644116858095872,0.6553398058252428,0.24170754259911445,0.24112672470924926,0.06746098540646657,0.6373136102716821,0.5301871702881505,0.033250257504635394
54,volatility,top_6,412,412,0.030136032180112498,0.005433369464482012,-0.11857830997654958,0.16950357495171034,0.5145631067961165,0.28163097673828197,0.276945758457092,0.08930676066890404,0.6405234826434133,0.4410562011586827,-0.023001660044384982
54,volatility,flag_nested,412,412,0.06237012506381841,0.06359291088081229,-0.1179666096656653,0.2560750706755835,0.5898058252427184,0.1943812515017565,0.1926112638715499,0.076249857409109,0.6346198033281826,0.48611559291972917,0.01233686577554139
55,volatility,market_1,412,412,0.0009843630197889873,-0.009127663998905217,-0.08352516099948756,0.0740068607129346,0.46601941747572817,0.029713057221977816,0.0298100495779563,0.02864433758321619,0.6732166566754085,0.46092792986111913,-0.06501729941401488
55,volatility,block_2_3,412,412,0.10537142250028618,0.0973959694171203,-0.13476549999244714,0.40195858865249917,0.6019417475728155,0.23959680440970654,0.23981760320658468,0.1181387033153753,0.6310654279118778,0.5082927999285478,0.003968449781358366
55,volatility,block_4_6,412,412,0.044663456765519235,0.06116041009589428,-0.2097650267941971,0.33428064015795356,0.5776699029126213,0.3886391120881982,0.38907159962661614,0.040714311943024245,0.589812368352281,0.4691497562121783,-0.06250535267115645
55,volatility,top_3,412,412,0.10268083148644097,0.08237434407237221,-0.12996602018969933,0.3861681306849831,0.6043689320388349,0.2417918799424959,0.24202218323080754,0.11615638664708136,0.6322606501484618,0.5072974556993918,0.0026755644625581867
55,volatility,top_6,412,412,0.016220902095766265,0.0392182680121425,-0.1366248872072358,0.18513123886326222,0.5752427184466019,0.31216785792217505,0.3125145737868428,-0.01224666793186291,0.6166275042969762,0.45021271573616595,-0.09159444231796492
55,volatility,flag_nested,412,412,0.04471520377499099,0.053241200963228416,-0.1444870766908099,0.2809363798499612,0.5800970873786407,0.20551909046826874,0.2057217710714637,0.054745234935647105,0.6072326691959414,0.46274463285385337,-0.05091771587072006
56,volatility,market_1,412,412,0.03319171099688179,0.03545309503564394,-0.055549323147264656,0.11060438259769688,0.6116504854368932,0.03032154791264455,0.030407595410045295,0.056562331415753515,0.6764595723528646,0.46638888529276534,-0.02828951945375882
56,volatility,block_2_3,412,412,0.058257755603018505,0.046656396075781065,-0.15618387588285487,0.286374732183126,0.558252427184466,0.21636978723781417,0.22036217848063505,0.12406396799054346,0.6282838947423481,0.5110781774151097,0.01687503068993416
56,volatility,block_4_6,412,412,-0.007036167553279212,0.015973415570764336,-0.21604929768955514,0.2024235674377338,0.5242718446601942,0.3802611009469575,0.38579595206780787,0.03342002568751405,0.6074810068151459,0.5104724174958231,-0.012855002904479187
56,volatility,top_3,412,412,0.05648157198919047,0.04532797201928447,-0.15465446706502733,0.27480051942593314,0.5679611650485437,0.2187407485575305,0.22271121668038146,0.12160753006535158,0.6290693723587781,0.5092829617945295,0.014485895339566629
56,volatility,top_6,412,412,-0.007055954789403933,-0.00908175586661982,-0.15486096162786184,0.13407725249290742,0.4830097087378641,0.319552491606264,0.3233214078945789,0.011307223433072415,0.6395699773775401,0.4979410328392664,-0.029567551910615497
56,volatility,flag_nested,412,412,0.007109654321514734,0.021669407558401726,-0.155789872759859,0.18133798988125177,0.5436893203883495,0.19849455552838424,0.201208097768192,0.050567585306159374,0.6112142763156324,0.49382809200969774,-0.008172237133378777
57,volatility,market_1,412,412,0.014402936976767014,0.0026400009513639165,-0.06918036708770715,0.08646434225086891,0.5121359223300971,0.030008294143331823,0.0300193397869573,0.03706804296890491,0.6675716821379049,0.4528855496826297,-0.06190199368597963
57,volatility,block_2_3,412,412,0.03058627148810242,0.04032981055264978,-0.22474565505109745,0.3183488008401808,0.5218446601941747,0.20391176332615485,0.2046390200951799,0.07847540520209682,0.6913900783605629,0.5554577624902075,-0.039808971287491876
57,volatility,block_4_6,412,412,0.026965327510270583,0.058852387988080936,-0.19211332337402034,0.26672180945695656,0.587378640776699,0.36381150143468965,0.36035567989623235,0.034746721721789546,0.6332658665551782,0.4990829320689826,-0.06180035448295409
57,volatility,top_3,412,412,0.02996170982835994,0.025509786506884437,-0.22062230382656298,0.3091576864254592,0.5194174757281553,0.20613275643891013,0.20686661665520203,0.07690022065216477,0.6919510849326311,0.5534659636180471,-0.04053277153412515
57,volatility,top_6,412,412,0.03243895113661467,0.02652936600489876,-0.13606854816490702,0.20623781736766914,0.5485436893203883,0.3225709807666232,0.3183491600867058,0.020375888095437774,0.5987330938470232,0.4542771412487087,-0.055782618456939485
57,volatility,flag_nested,412,412,0.01835514914604262,0.0314090247495129,-0.1534288742966196,0.21356004307096102,0.5631067961165048,0.18871211409533473,0.18760314766445166,0.042959779924687705,0.6508184114445046,0.49600341638605167,-0.059337554236228045
58,volatility,market_1,412,412,0.009588663584468674,0.0023860211110066625,-0.07863372341887767,0.08568055539587076,0.5121359223300971,0.029811976900324316,0.03002113397848971,0.026841229001826276,0.6664647110141476,0.45223621207898684,-0.05559494435446804
58,volatility,block_2_3,412,412,-6.839496714033782e-05,0.018627313762513933,-0.24892052647544666,0.2465357669257465,0.5315533980582524,0.22471626469448666,0.2259631388123079,0.041613236293634025,0.5898527806306959,0.5016805730881746,-0.054894543050389516
58,volatility,block_4_6,412,412,0.04551226698801404,0.06041435249112084,-0.20136312305529913,0.2942478105134091,0.5631067961165048,0.39509291144351816,0.40015503409589714,0.05739480549830827,0.558521695677,0.463417018299405,-0.011010053343237016
58,volatility,top_3,412,412,-0.000534173594959917,0.017074897354579212,-0.2414126873320758,0.23437664475002024,0.5315533980582524,0.2269851809245469,0.22821764604422645,0.0413915622357792,0.5914515154362162,0.5004607241991545,-0.05479531937114274
58,volatility,top_6,412,412,0.06280097054031594,0.05160789926748089,-0.11767273186709082,0.24893590273845745,0.5800970873786407,0.3320405666969621,0.33681138435530666,0.05003156051396732,0.6004404638211778,0.45617458810353123,-0.020357588472812792
58,volatility,flag_nested,412,412,0.033418933833981486,0.03117354667773664,-0.15360258764645868,0.23306641565210073,0.5485436893203883,0.20497799455485946,0.2070586129909229,0.050611306163485116,0.5698055248882047,0.457871538451111,-0.02259621153380925
59,volatility,market_1,412,412,0.003605520860514752,-0.005464586021991258,-0.07705320862917656,0.08867734860142944,0.47572815533980584,0.02967335011316346,0.029652881491512007,0.015068749567320018,0.6606301690925203,0.44413453338591546,-0.07095922140256727
59,volatility,block_2_3,412,412,-0.04269415464428164,-0.022978330511167343,-0.25303744705918196,0.21002006631303477,0.46601941747572817,0.17682476212051843,0.1768328097674467,0.0757677219072079,0.6467472692142048,0.4805171900641779,-0.044284316090476325
59,volatility,block_4_6,412,412,0.008397477818739334,-0.008550116244462157,-0.21047636457108876,0.2564558886007299,0.49271844660194175,0.3440770871414577,0.3442439797241938,0.06611179225445467,0.5853147106715674,0.4344598916087031,-0.013156399099066539
59,volatility,top_3,412,412,-0.04245999337061388,-0.025713439797965403,-0.24771385185368933,0.20021024971425794,0.4684466019417476,0.17914447266510788,0.17915713483575363,0.07416611206529868,0.647870499462376,0.4793816100832238,-0.045275598207860666
59,volatility,top_6,412,412,0.04991258588996746,0.02993436528557261,-0.11256190124462598,0.1984547214089872,0.5509708737864077,0.32052162739356904,0.320747452411544,0.05337556264248431,0.5855740314323704,0.4351784922109074,-0.00948457973941901
59,volatility,flag_nested,412,412,0.001862673418796961,-0.0017565600477469855,-0.16031833672556428,0.18642568908253188,0.49514563106796117,0.17682532538813386,0.17691779695165857,0.0663862675963044,0.6127669187114031,0.44271197898541137,-0.0246818885935311
60,volatility,market_1,412,412,0.02231852030339298,0.020901384923737804,-0.04723479287442043,0.09067424845475655,0.5995145631067961,0.029866582168883774,0.029979949403385085,0.05765817352977318,0.6561596911267389,0.4406895025790542,-0.031793713418379436
60,volatility,block_2_3,412,412,0.058032390542768666,0.0741538920073235,-0.13425822528859463,0.2427040493120265,0.5946601941747572,0.20507653394325318,0.20726548515748863,0.10955027797615964,0.6340387817318344,0.5137165258762545,0.012448010518579536
60,volatility,block_4_6,412,412,0.011905848629606697,0.009959196731289342,-0.1616289177750616,0.18636078146272245,0.5242718446601942,0.3406847226256482,0.34186439190785073,0.05173814474779191,0.6399879878314768,0.4876625589333967,-0.03676834309735406
60,volatility,top_3,412,412,0.05686454985977413,0.07042791303753156,-0.12707709638951703,0.2334078388136452,0.5922330097087378,0.20754539171914843,0.20971512805600087,0.10825762689941437,0.6357440228418318,0.5120717818772802,0.011061562090639025
60,volatility,top_6,412,412,0.0035840974365839613,0.007350689072360219,-0.11883257371597752,0.14423510998150116,0.5242718446601942,0.2901904242272736,0.29059474213349956,0.04926710185074778,0.6594529601773614,0.48088499117447175,-0.04161801223121341
60,volatility,flag_nested,412,412,0.02273004981478781,0.017316952510211557,-0.1264946623940751,0.15009966547767029,0.5266990291262136,0.18057467058867882,0.1814482724957605,0.06284457670328107,0.646308831489195,0.48422592808404735,-0.03244000822196011
61,volatility,market_1,412,412,0.015194513140372685,0.0046636878412777095,-0.06587379684494714,0.09307003383357926,0.5194174757281553,0.030122958368851236,0.030103830102053048,0.0457371361795004,0.6637600450420525,0.44885213607004176,-0.034392421830114414
61,volatility,block_2_3,412,412,0.026581169567514346,0.00827055789611832,-0.25897731216491526,0.29991077754568496,0.5169902912621359,0.24390581463762306,0.2420503763827516,0.14707814520157664,0.6039662600442269,0.5299014987575476,0.014975077992736605
61,volatility,block_4_6,412,412,0.034839371163970775,0.030368281716757227,-0.18663234484087649,0.2512756299370419,0.5339805825242718,0.3542513153918774,0.3522164557971859,0.10645566787275179,0.6177616037213962,0.4713918261243077,-0.013418980179863727
61,volatility,top_3,412,412,0.026663320190953483,0.008419773414122146,-0.2529509049587002,0.2937234484161379,0.5169902912621359,0.24586495807050662,0.244037658590255,0.14520205691416851,0.6049511647750264,0.5274791817994241,0.014317219601719246
61,volatility,top_6,412,412,0.02131625426413073,0.0022543225329401096,-0.10934584941273837,0.15385968370695535,0.5024271844660194,0.28026197775544553,0.2784238601812112,0.05471575227581684,0.6517025170771923,0.456582627406404,-0.04067846714530996
61,volatility,flag_nested,412,412,0.03203583844078358,0.01823588510633463,-0.14673519302231597,0.21070269537988942,0.5242718446601942,0.1937579335352606,0.19261181120475238,0.11559785763078999,0.6206568906677375,0.47112656346813064,-0.0024151217928644743
62,volatility,market_1,412,412,0.03363190280074522,0.02767478594966124,-0.05668629570911024,0.10834519435799081,0.5970873786407767,0.030170244886101726,0.03008981472083002,0.044659092202710436,0.6684949439093325,0.4563915406175178,-0.04423048390342944
62,volatility,block_2_3,412,412,0.05928236363947362,0.06688291039074798,-0.1930048017266967,0.3071321453327793,0.5825242718446602,0.19762121112542916,0.19702553977631695,0.12344522528866299,0.6560794851537919,0.5110408525694303,0.017049120119826736
62,volatility,block_4_6,412,412,0.08098733045896166,0.0815887053556856,-0.17070259019390818,0.34064470968513627,0.5946601941747572,0.36580531676641265,0.3579371650725438,0.05004025045422142,0.621394648506531,0.5038215504372543,-0.01246488021622737
62,volatility,top_3,412,412,0.058285983848015276,0.06661986438074094,-0.18614609455358438,0.28948252929930884,0.587378640776699,0.1999411495367195,0.19934550559309414,0.12186165149325921,0.6569206537512872,0.5092625641758862,0.015965548643478097
62,volatility,top_6,412,412,0.056881944839824075,0.056109591084313515,-0.09045577605117937,0.22975109780510727,0.5922330097087378,0.3264165582216962,0.3185678001251249,0.015655541304058586,0.6143836434317743,0.48242393018616997,-0.04915713714032993
62,volatility,flag_nested,412,412,0.06834626054327951,0.05787337819756308,-0.11730076870755246,0.28795338588132374,0.5728155339805825,0.1900960041870242,0.18688108755224034,0.0579270719085157,0.6274340089406617,0.4888160851625982,-0.009530841070312915
63,volatility,market_1,412,412,0.007575133493900766,-0.00020428654035754235,-0.07389548453775985,0.09376331397629577,0.5,0.029924144760642115,0.02986955253088263,0.031212197860285954,0.669393986112585,0.4549242230171194,-0.05366442285298762
63,volatility,block_2_3,412,412,0.08220077331337802,0.041305539523056115,-0.18995265698891478,0.3438496286835739,0.558252427184466,0.20244429971854055,0.20133039729527666,0.06345632818207347,0.6049269034560522,0.4745598592795594,0.024089345715130984
63,volatility,block_4_6,412,412,0.05294240148944578,0.026598601300628515,-0.136385240907732,0.25597130842279864,0.5558252427184466,0.3394071599201019,0.33924134196855704,0.08451003964536258,0.5751711662305035,0.4486001600222685,0.005324863098722608
63,volatility,top_3,412,412,0.08153853213515938,0.04691929585263833,-0.1836025276506921,0.3322215578709171,0.558252427184466,0.20478466547259788,0.2036962590486397,0.0633348091350252,0.6058293848151309,0.4721799200370892,0.023224855100561163
63,volatility,top_6,412,412,0.004732921603398596,0.016222323625493085,-0.11382709868995522,0.1253209565312052,0.5461165048543689,0.29311902474315266,0.29282115928324765,0.07154011810152795,0.6123354259391212,0.4545049936852423,-0.035563079447557065
63,volatility,flag_nested,412,412,0.056820899702449516,0.034071229972556745,-0.11002119429776433,0.21748000854633023,0.5849514563106796,0.1809267824833888,0.18044291978690283,0.0797731710291675,0.586053500709384,0.43614459620359003,0.010050420852505786
64,volatility,market_1,412,412,-0.004655382213577252,-0.0020190887656114263,-0.08555589888406938,0.08348660774536416,0.49514563106796117,0.030404712864103255,0.03034636602431998,0.012019083777223435,0.6639395121323711,0.4484637804049907,-0.06756343784786677
64,volatility,block_2_3,412,412,0.04313453582687427,0.046326185386363974,-0.16527462567717466,0.23304878384736005,0.5509708737864077,0.1608241134903621,0.15854212793822356,0.09478818590555017,0.641768742351083,0.4637290494883736,0.021741204697338836
64,volatility,block_4_6,412,412,0.027379858618340046,0.03080012646746983,-0.1374855711335633,0.1972026223432679,0.5485436893203883,0.28651539010150917,0.2834824662653554,0.06132524987440171,0.6310259148631592,0.4587068623118881,-0.009214923138383985
64,volatility,top_3,412,412,0.04246040147793742,0.04589384789153536,-0.15205658201178354,0.2279514621335342,0.5485436893203883,0.1632656786324705,0.16099252391229857,0.09314840399908897,0.6435668616529928,0.462959633914212,0.02011233089927835
64,volatility,top_6,412,412,0.010622465337955894,0.01985010793296683,-0.09832938198701045,0.13207579475084447,0.5436893203883495,0.2788400063804107,0.2766269374645352,0.03770658787977079,0.6371311534250551,0.45431246439956174,-0.03363645996650129
64,volatility,flag_nested,412,412,0.02134156279507025,0.01578716348693552,-0.11131823169782105,0.15017266453553835,0.5461165048543689,0.15428219215836253,0.15270901771753595,0.06209275734903986,0.637323724877836,0.45187371570956536,-0.011334080769370845
65,volatility,market_1,412,412,0.029031429456967028,0.02194259500959518,-0.0582185951191375,0.11460680167900852,0.5655339805825242,0.030597863899077545,0.030549049782473484,0.034380408387547856,0.6604260173087989,0.44635377768504075,-0.03821706107730237
65,volatility,block_2_3,412,412,0.060085188809379214,0.10254079161435792,-0.12308039825703752,0.2949461810710093,0.6480582524271845,0.17736397552495076,0.17835077675796318,0.07028862540124516,0.6806362915318935,0.5142789791900052,-0.004262991181987208
65,volatility,block_4_6,412,412,0.07778814527245188,0.08664293104255774,-0.08307106702452978,0.26724284999885045,0.6359223300970874,0.30119633068010865,0.30153945836584245,0.07033058983856783,0.6566325365579445,0.486432358090932,-0.003336995474619025
65,volatility,top_3,412,412,0.05709565568633934,0.09394764732511596,-0.11964586197197617,0.2829855250166855,0.6383495145631068,0.17970293134862006,0.1806632260938542,0.06862373328961949,0.6813248497437013,0.5126785623188578,-0.006130009400873057
65,volatility,top_6,412,412,0.08529449482842422,0.06167548782565893,-0.048631766221806046,0.2305388136245758,0.6553398058252428,0.2798270937279772,0.2797097016226196,0.06697485309110314,0.6408839763061325,0.4522500016216126,-0.011476298436949577
65,volatility,flag_nested,412,412,0.06798624505507797,0.08054946173059474,-0.05825752613633698,0.2263525877647968,0.6480582524271845,0.1620541455489464,0.1623927710331655,0.06702859040465443,0.6649706198642062,0.4813630536808054,-0.006333528206942604
66,volatility,market_1,412,412,0.03491558077304163,0.024456930680320565,-0.049880454149014194,0.11190308052919852,0.5825242718446602,0.02978304953372683,0.029851454033749416,0.038949068401309794,0.6674937652827889,0.4534426693961328,-0.036972866206992555
66,volatility,block_2_3,412,412,0.05554072747878821,0.033237531048354786,-0.12521857188995109,0.2228054577169138,0.5461165048543689,0.1625185998197085,0.16253088381256364,0.09414747570082953,0.6896491005090791,0.5303723337766465,-0.011570941234927098
66,volatility,block_4_6,412,412,0.05158603239280995,0.0587877165200314,-0.11003749622497101,0.20767445354137293,0.6067961165048543,0.29138974040812765,0.2910729134437451,0.10331267608421647,0.6605228916084872,0.4859302940078673,-0.01549343248679369
66,volatility,top_3,412,412,0.05443201935379755,0.03144734101504382,-0.12303479855219812,0.22006146722277842,0.5461165048543689,0.16495797236114593,0.16499422172272693,0.09320762286209287,0.6901011432512052,0.528419353449538,-0.013069390358256204
66,volatility,top_6,412,412,0.03991586758291752,0.05431649545705016,-0.0636819995017402,0.174512773419778,0.6019417475728155,0.2764297250659399,0.27621375746961385,0.0697153133012055,0.6439938246797813,0.45096799147627564,-0.023684717705703774
66,volatility,flag_nested,412,412,0.04818635278725752,0.04452688477719888,-0.08353005695149841,0.17196006951802945,0.5849514563106796,0.15572428795376236,0.1556836562239227,0.09754924155692514,0.667995860999453,0.48603436957979784,-0.01461560231479998
67,volatility,market_1,412,412,0.01964709950335046,0.017876783418583942,-0.06969292544308361,0.09870484469140664,0.5728155339805825,0.030364461692455928,0.030526397555996055,0.052590933121440885,0.6688510907420976,0.4576853193818814,-0.04275164026844508
67,volatility,block_2_3,412,412,0.0321398180988085,0.04488906193962844,-0.17084575268143692,0.2421135736907481,0.558252427184466,0.2227677699691904,0.22361284823681063,0.08503915825071759,0.6473018273772055,0.5224852958700091,0.016706879594612308
67,volatility,block_4_6,412,412,0.025984311909327998,0.020019224551149847,-0.22745742111721765,0.2674899921064026,0.5218446601941747,0.416124706835985,0.4174241926149801,0.0435482719990696,0.5635510866232865,0.4746478321201651,-0.02637823910399224
67,volatility,top_3,412,412,0.03100936570785714,0.03831412633705364,-0.16337188119058238,0.23729699816140576,0.5631067961165048,0.2249045542291576,0.2257589236681761,0.08333192125623358,0.6481344867416658,0.5211494232960309,0.014971003405437182
67,volatility,top_6,412,412,0.032903209476079796,0.018025771114718515,-0.1458890644069454,0.1867957145580507,0.5485436893203883,0.35604585402722966,0.3568797450815024,0.03698107603012203,0.5770786063780546,0.4634320853010744,-0.05357152956227297
67,volatility,flag_nested,412,412,0.023591866016318457,0.014179074449681415,-0.1752217385347676,0.2070850161731756,0.529126213592233,0.21237941366496377,0.2129903907979897,0.0480613707589948,0.5863391979347972,0.46781978565064275,-0.025356719403410412
68,volatility,market_1,412,412,-0.0016754824890508598,-0.004747040292888643,-0.08155237214240464,0.06777377436582978,0.48058252427184467,0.030527060059853058,0.030639313089736206,0.015789168408140253,0.6563767629691474,0.437391202633676,-0.05736174932060178
68,volatility,block_2_3,412,412,0.05071893440860365,0.04515010455707178,-0.13270695920620368,0.24219570720890413,0.587378640776699,0.19840809847182142,0.197427725759982,0.1005856947487868,0.601449286050616,0.46428678817700764,0.014808492418741964
68,volatility,block_4_6,412,412,0.08632701186835673,0.09820305435992394,-0.10698485364810037,0.2875350621056191,0.6116504854368932,0.3656845833703248,0.3660640944310068,0.0675099995586161,0.5803214118276265,0.45693733393711405,-0.00971393877280386
68,volatility,top_3,412,412,0.04950122228998396,0.04218892531250741,-0.12878633129675496,0.22960510506281276,0.5825242718446602,0.20083140408565042,0.19988816045239113,0.09963086330185776,0.6021477813006834,0.46235308090948546,0.012887255675183755
68,volatility,top_6,412,412,0.06801055683572566,0.061859027389843765,-0.12203328109236797,0.2618518474711332,0.5728155339805825,0.32651864778805867,0.32733032028271464,0.04731257018223764,0.6151755422024481,0.4578490947508468,-0.0328836517247205
68,volatility,flag_nested,412,412,0.07312999488384107,0.06468940089795606,-0.07574832783365608,0.2131421172904172,0.6189320388349514,0.1894738279463846,0.1894047505349353,0.07206812803646757,0.5902321529690754,0.44295603873369277,-0.00514553636453685
69,volatility,market_1,412,412,0.005537745642192365,0.004488642388229757,-0.08344730802399061,0.1005981324237438,0.5072815533980582,0.030026927497801767,0.03000192852001275,0.03806231692831128,0.6732300048552317,0.4602422614334714,-0.0479369688750812
69,volatility,block_2_3,412,412,-0.016701913456028505,0.023407891874309736,-0.2494266465865644,0.24170591422225002,0.529126213592233,0.21625887698365293,0.2179220253493358,0.07326503857709057,0.6817399040017018,0.5444282503939147,-0.02129698442173676
69,volatility,block_4_6,412,412,-0.036892512690299646,-0.010118173104904954,-0.23055384792861755,0.16831711721808906,0.4830097087378641,0.36273086168039803,0.35413447128880926,0.021160061536703904,0.6363471695071037,0.4897173403873746,-0.06399160798288805
69,volatility,top_3,412,412,-0.017241498516316154,0.022435487057685187,-0.23966506981683317,0.22972708938308153,0.529126213592233,0.21855868314291096,0.22018614565813774,0.07311176042983031,0.6816138539826888,0.542139873260221,-0.02283826656880793
69,volatility,top_6,412,412,0.0027597645097387153,-0.0001115912782542643,-0.121946493617341,0.15043978748434975,0.5,0.3097093573189657,0.3001794915233844,0.01164903376208132,0.6165302090770668,0.45355888863901866,-0.049569069148426216
69,volatility,flag_nested,412,412,-0.030270180299396435,0.0022714765876616907,-0.1954274607494465,0.13439481354701238,0.5072815533980582,0.19216926206534848,0.18917680988883662,0.038075692832287164,0.6507822055316893,0.4925089193550414,-0.04986215310975364
70,volatility,market_1,412,412,0.026098355522923396,0.021237705119706914,-0.054386975265451366,0.10123942307472679,0.5728155339805825,0.030270959602416523,0.030216981234709745,0.05300512429306373,0.6694426330650857,0.4557492996051513,-0.03687350039932194
70,volatility,block_2_3,412,412,0.084515159911091,0.13525987521149957,-0.11690979000012354,0.2912520861400954,0.633495145631068,0.18495252294661768,0.18412900766553353,0.07664643601806972,0.6528919304048407,0.4939345626559514,-0.0071240513885165195
70,volatility,block_4_6,412,412,0.032992844520863464,0.048832391276181816,-0.1336819564265015,0.2201135001298654,0.5728155339805825,0.32322594074796596,0.32281643490002115,0.014428309014274767,0.6402406568920924,0.46684570954501914,-0.04564504183611366
70,volatility,top_3,412,412,0.08202233418820254,0.12732073611783135,-0.11642447091091518,0.28444097472018404,0.6310679611650486,0.1874240368141991,0.18661652612482113,0.07396179416658027,0.6530621545187059,0.49212816275106774,-0.008876262024997314
70,volatility,top_6,412,412,0.027796639745784068,0.03584308341812911,-0.11457216640536703,0.18069468767590086,0.5533980582524272,0.2924972679343942,0.2924884087602775,0.010431847644505051,0.6378113779150592,0.45279109524423394,-0.05597489637994556
70,volatility,flag_nested,412,412,0.038818524053949546,0.05271640145656533,-0.09474443838440758,0.18547655710643504,0.6019417475728155,0.17141485659226707,0.17111322649505523,0.029314814933878,0.6475525473154283,0.4647391512796707,-0.03761990711100465
71,volatility,market_1,412,412,0.054727686118890936,0.04912624087530222,-0.03390267920395514,0.13915294854224586,0.6480582524271845,0.030565502555928797,0.03056813404946011,0.0792796408329376,0.6722539299278607,0.46078652521681995,-0.019986310821859372
71,volatility,block_2_3,412,412,0.08187393248080183,0.07650213154600378,-0.1797054184664245,0.3916240460989757,0.5922330097087378,0.19985258203640255,0.19978850344901222,0.09555717207373468,0.6897720148753196,0.5414250358566852,-0.004799857017163169
71,volatility,block_4_6,412,412,0.05657829547884588,0.04225724353334134,-0.12231894834633633,0.2734420581831406,0.5849514563106796,0.33119984913038,0.33135335861339316,0.046571511731599305,0.6493604549514884,0.4920669830360712,-0.04303775651131307
71,volatility,top_3,412,412,0.08075289903368833,0.07132535892288687,-0.1693491687959472,0.38050319959032197,0.5970873786407767,0.20206492071823115,0.20199908853047774,0.09470792970787727,0.6901931112958205,0.5395708380690658,-0.006213984995225371
71,volatility,top_6,412,412,0.023062476916321534,0.020819285581142266,-0.10186231268704421,0.14405566799111028,0.5533980582524272,0.28942067403094235,0.28976934490552225,0.02456683802169653,0.6253263467401696,0.43968589432930166,-0.05922491441350729
71,volatility,flag_nested,412,412,0.05849116241105207,0.04045815657130182,-0.08977649810183429,0.24422987398245474,0.5922330097087378,0.17674382064759303,0.1768396311854882,0.058796585154778,0.6577621648627936,0.49101291176236866,-0.032261508025326346
72,volatility,market_1,412,412,0.047366006663670746,0.044680917326275445,-0.05219547185506995,0.13422703703292316,0.6383495145631068,0.031411491086685436,0.03141888088356654,0.07517036478015522,0.6640848384716089,0.4498392514301705,-0.02981579050913126
72,volatility,block_2_3,412,412,0.03673959452615518,0.06321735143919885,-0.22933946480577866,0.2912764570519543,0.5679611650485437,0.2300262910649065,0.23264232134254909,0.08375581600922133,0.6107063716261542,0.5102903012227695,0.004057680377922441
72,volatility,block_4_6,412,412,0.04069446271126019,0.045071648726811096,-0.14017682571373452,0.22624378490214858,0.5606796116504854,0.35265846665662853,0.354669926976498,0.10627467122523301,0.6240913170788609,0.5111165810505559,0.018778848211475997
72,volatility,top_3,412,412,0.03466607238805854,0.06041661791989881,-0.21869846511365937,0.2786425347310397,0.5631067961165048,0.23237989249291843,0.23498093366338182,0.08242758440726078,0.6115556458641611,0.508551707516607,0.0017814591944659253
72,volatility,top_6,412,412,0.04503711509442298,0.036995753326485886,-0.07461246850528838,0.1520904490524713,0.587378640776699,0.28073634598799163,0.28120585235298085,0.0969919702951364,0.6634197946122457,0.48583966251209937,-0.0011325596268239692
72,volatility,flag_nested,412,412,0.039470761865843515,0.04245777048542601,-0.12724659996557747,0.19562818600434617,0.5825242718446602,0.19102343214610026,0.19232790605450864,0.09775212582482319,0.6235924962189476,0.4958717498204521,0.012965414319171033
73,volatility,market_1,412,412,0.03556247146970326,0.03098743661932602,-0.068935581790144,0.13508857300952554,0.5606796116504854,0.030867875693589054,0.030914531677794524,0.04450133886700002,0.6683573490572987,0.45431257467183345,-0.0440333907031692
73,volatility,block_2_3,412,412,0.10164519826866839,0.12157412948677396,-0.1271537814153704,0.3593272139803574,0.6383495145631068,0.18923793818172344,0.18872461877178057,0.1322291375357618,0.6425664763165657,0.4917763165095972,0.019872351478052813
73,volatility,block_4_6,412,412,0.09082891280693113,0.11432994959885281,-0.1534796820065787,0.33494197483567695,0.6262135922330098,0.3461317763431577,0.344543383346848,0.058509735247713635,0.6046553136780372,0.4537809729394406,-0.009703291505452105
73,volatility,top_3,412,412,0.09931998173008638,0.10813281357207223,-0.12173384020752565,0.35353951501582714,0.6359223300970874,0.19164864570986173,0.19116203147868122,0.13043960160875165,0.6439416522505149,0.49072178801260263,0.018789481991236322
73,volatility,top_6,412,412,0.06775097443109518,0.07147272567221813,-0.10421926684913356,0.22743396710586544,0.6237864077669902,0.3160142266813066,0.3144600492968444,0.04288838044769426,0.6093571966453579,0.4384071752906263,-0.02763051482058564
73,volatility,flag_nested,412,412,0.08477683091118451,0.09802079180250543,-0.08737014416954456,0.26675293829922175,0.6383495145631068,0.17993179622558184,0.17923719080631062,0.07240103335533482,0.6300148110250426,0.45768714693007456,-0.006933948132320949
74,volatility,market_1,412,412,0.021721809054257264,0.00334005939834164,-0.0685481973767811,0.10568209095612374,0.5121359223300971,0.030283974171487926,0.030320737074643056,0.02651834260478394,0.662609046516214,0.4477084494496853,-0.06589082249010461
74,volatility,block_2_3,412,412,0.05141414042348161,0.06260756966152253,-0.13144035324859848,0.2512639959200241,0.5679611650485437,0.19560059191905785,0.19558587643950423,0.08875228783471938,0.6122579579166659,0.4851040135765754,-0.010881954156499524
74,volatility,block_4_6,412,412,0.003532574227606524,0.009784941758221907,-0.24048000397139885,0.21357343507947618,0.5072815533980582,0.3312279915118458,0.3306265268826947,0.05421972827005712,0.611264096154324,0.4560641729658158,-0.043644205072325616
74,volatility,top_3,412,412,0.050583442931333975,0.060753629069084936,-0.12863447338779485,0.23877536925730053,0.5679611650485437,0.19798824631281436,0.19797847788898054,0.08883310736319598,0.6134009242694091,0.4828658557116636,-0.01180222315796842
74,volatility,top_6,412,412,0.00498310353688174,0.0232066522163424,-0.1531165380824139,0.16060076745232402,0.5242718446601942,0.29294443889178584,0.2923612794783772,0.026410920674318245,0.640423606162259,0.44792688488711385,-0.062216531037116656
74,volatility,flag_nested,412,412,0.014358246460166046,0.01861410730353586,-0.16576142584091047,0.16959355413391072,0.5412621359223301,0.17663341857343856,0.1764404236850485,0.06274464604382594,0.6211835026958245,0.4512550846905452,-0.038581250671719754
75,volatility,market_1,412,412,0.017173618539844702,0.011558811055557226,-0.07034390587080899,0.09122766710484286,0.529126213592233,0.030568790185532272,0.030568819130330802,0.04478546754552427,0.6730716588705997,0.4589702326978177,-0.040541762395086806
75,volatility,block_2_3,412,412,0.048539501094539736,0.03658186134329877,-0.16177863360544703,0.2608884087731105,0.5509708737864077,0.19840146185935142,0.19781611242299585,0.06562097905023616,0.6473263375349592,0.4990574665388047,0.002938765230642409
75,volatility,block_4_6,412,412,0.036508480142618226,0.026821559795773185,-0.15251381476818,0.25795377899966354,0.5364077669902912,0.33742725515946764,0.33809063020230523,0.08429893907381855,0.6569734046386362,0.4925814013121967,-0.01445055086768767
75,volatility,top_3,412,412,0.04647635016680131,0.029168202422984683,-0.15388717073373406,0.25458375172933784,0.5485436893203883,0.20072338723926533,0.20014917361976994,0.06522604375112172,0.64822464108987,0.49781887101905603,0.0014280352210383404
75,volatility,top_6,412,412,0.02295978105374116,0.021156897118077916,-0.11213474141496448,0.1778351481106817,0.5315533980582524,0.29964302421182276,0.3001533590131149,0.04994096852315976,0.6555301734487983,0.46346847276319825,-0.049897490774621404
75,volatility,flag_nested,412,412,0.03398822725519256,0.027164674425727564,-0.11413227572391457,0.1994706303241382,0.5461165048543689,0.17937938943124085,0.17944406821133999,0.07619236743979299,0.6547334639090907,0.4827467749605322,-0.01189576575264755
76,volatility,market_1,412,412,0.01565155277661257,0.016800930479375635,-0.0657165935792789,0.0975160949124994,0.5388349514563107,0.030281743438599507,0.03024837559499133,0.026096001690985974,0.6656343621529556,0.45077558093968595,-0.0595492047334486
76,volatility,block_2_3,412,412,0.02345408134587295,0.016114849147751784,-0.1850853916842603,0.24993674985991865,0.529126213592233,0.21039077741652404,0.21185638426448222,0.05321619668877569,0.6300198266486162,0.5009418238076211,-0.017954638287759
76,volatility,block_4_6,412,412,0.006514305805097548,-0.006142579982903672,-0.1651664293925326,0.18282067994261486,0.49029126213592233,0.31827332336252506,0.31751470355792666,0.022042002074310178,0.6321667829731225,0.46353610687865465,-0.044361809841057934
76,volatility,top_3,412,412,0.02242001781517063,0.01548061824139151,-0.17898417264377692,0.2313397123873841,0.5266990291262136,0.212708846155352,0.21413985147295195,0.054242295251753524,0.6310443167042041,0.49853003126517215,-0.018022192311869255
76,volatility,top_6,412,412,0.00772917775125253,-0.006972314519428333,-0.12473639544379841,0.13468177039638748,0.49514563106796117,0.26965640164484855,0.26849642291330883,-0.0019169208593045708,0.6473208411058295,0.443543140831209,-0.06546630308393724
76,volatility,flag_nested,412,412,0.01221097048579187,0.0007727149484238073,-0.1254269668226407,0.12714111349576124,0.5,0.1746398792919952,0.17476061558234468,0.02938645712560665,0.6384777451755888,0.4649773997589819,-0.039456896381091615
77,volatility,market_1,412,412,0.028001615555874538,0.01644479523518167,-0.06379244718192152,0.11370505583253354,0.5655339805825242,0.03025764386491785,0.03030912890760551,0.06562325359032511,0.6716020344966073,0.4593270305050468,-0.03498821072449434
77,volatility,block_2_3,412,412,0.08036672155069455,0.050129810013856246,-0.12520859821498484,0.2817874047252393,0.5655339805825242,0.17982041479060612,0.1806859407287924,0.10645713029793029,0.6573767539924241,0.48816960870368203,0.004677439338457016
77,volatility,block_4_6,412,412,0.0719663152501851,0.08057619002566654,-0.11640057744910053,0.2819286053352219,0.6092233009708737,0.3372366699994467,0.3387601412877777,0.08749873898312224,0.6322310563269171,0.48104442140986003,0.007277759658243051
77,volatility,top_3,412,412,0.07899254222610162,0.051579136302920756,-0.11997406320405116,0.2713227726116345,0.5655339805825242,0.1820968057210089,0.18295164275330283,0.10559475730855546,0.6583626519917629,0.4867236562584265,0.003716422980177933
77,volatility,top_6,412,412,0.04262768827782527,0.03823957357180471,-0.10892184853141401,0.2198423049720858,0.5679611650485437,0.3109854679509758,0.3121002543400708,0.047114454084121064,0.631100502041101,0.4663756407292575,-0.02464173386848479
77,volatility,flag_nested,412,412,0.06913429237127557,0.058434289998475206,-0.0830592974077782,0.21897097018132175,0.6092233009708737,0.17513074295732414,0.1758088443649961,0.09120353697476027,0.6405304317320015,0.47475194405173604,0.007811587190199891
78,volatility,market_1,412,412,0.029761619428485882,0.021577077260980543,-0.04579444910114559,0.09844238859485505,0.5946601941747572,0.030248190550784315,0.030266918098538344,0.05243777857815103,0.6698770685911479,0.45653934378674593,-0.04389412222870395
78,volatility,block_2_3,412,412,0.05068131834432382,0.08410378492427512,-0.11208238495913256,0.2578417263440972,0.6043689320388349,0.19473417499685358,0.19472706002146467,0.10966347516839439,0.6365588474127581,0.4945532535756074,0.02604113924033854
78,volatility,block_4_6,412,412,0.05072944912483652,0.0668192696692052,-0.12978182564488366,0.22806021778503616,0.6043689320388349,0.3289301208348042,0.3282953217139832,0.07593164486225443,0.6086137379593476,0.44090813571722515,0.0016721168965474617
78,volatility,top_3,412,412,0.04742008732638829,0.08365556474472235,-0.11240041710728782,0.24878729993581186,0.6043689320388349,0.19703880616464858,0.19703987266730277,0.10863543032260588,0.6378548381435943,0.49244747506092784,0.024793769270519343
78,volatility,top_6,412,412,0.0590388665147735,0.054704855466698656,-0.0817973387556977,0.18426199898798576,0.616504854368932,0.29096929624323414,0.2904133189301817,0.04972708450026981,0.6268432080049409,0.4408266125767403,-0.031075488713446016
78,volatility,flag_nested,412,412,0.04454636477643203,0.07474170428023727,-0.09531470948645726,0.19743320615157328,0.6189320388349514,0.17478764302087058,0.17460522835678427,0.08086510334571194,0.6243178292625983,0.44560866029632684,0.0013269361905332414
79,volatility,market_1,412,412,0.0302778178515611,0.022976630689110066,-0.04728446756350801,0.09823979995668757,0.5898058252427184,0.03032772849111522,0.030381837713110642,0.06348336802505242,0.6627333320238559,0.4485994916241666,-0.030879426138833245
79,volatility,block_2_3,412,412,0.05642001880358329,0.04047158214724461,-0.13511786520637853,0.27360924736700243,0.5703883495145631,0.18641526749637205,0.18740225961255536,0.09217982105230206,0.6356745434911105,0.4719914284828376,0.004162860593933909
79,volatility,block_4_6,412,412,0.030425278673170027,0.03626394428519358,-0.1570530008497646,0.22673173102655922,0.5728155339805825,0.32615647247557294,0.32881030635928005,0.08926445608022789,0.612312033805954,0.4480400190434373,0.001292089423167937
79,volatility,top_3,412,412,0.05511561380830321,0.03954207529450202,-0.12634099308014607,0.26304264773901387,0.5679611650485437,0.18885044263979792,0.18982929736004678,0.09017209790827045,0.636495713162551,0.47038470906143526,0.0022787061270201675
79,volatility,top_6,412,412,0.019288055642273566,0.04338180331746828,-0.11344875428460163,0.16800562185429427,0.5800970873786407,0.29247996714257,0.2945549898593858,0.06849400098691275,0.6196427658204128,0.4599969588633309,-0.014661298552165315
79,volatility,flag_nested,412,412,0.028225133024793382,0.03519356525809536,-0.13052606398614253,0.17810461685983509,0.5631067961165048,0.1727381078969492,0.17374380906668593,0.08114317158767416,0.625338239586639,0.4465963085671049,-0.009497994540345821
80,volatility,market_1,412,412,0.021659505423208728,0.009393018269364062,-0.07152592996419753,0.09572809781622514,0.5242718446601942,0.030545540259760303,0.030639433596732334,0.04817225547042624,0.6682098251509307,0.45329800386262625,-0.05408399365529317
80,volatility,block_2_3,412,412,0.028864123034981422,0.08948516447308728,-0.2209201425728255,0.2819061295720616,0.5461165048543689,0.22688057491712216,0.22812177000626097,0.07622941806219499,0.664638827639132,0.5404976490236085,-0.0015222080469912546
80,volatility,block_4_6,412,412,-0.0001961777505297782,0.00981215688345095,-0.20673265739690602,0.19704964622519913,0.5048543689320388,0.35287076466050793,0.3571863470422699,0.053127342369471725,0.6184500458438706,0.48921355106673137,-0.041002034868556775
80,volatility,top_3,412,412,0.027670727646643817,0.08332252362932789,-0.21200145152600086,0.27316085451301175,0.5485436893203883,0.2292116668794375,0.23045229722512375,0.07537811082977987,0.6644698705657027,0.5376632015539462,-0.0036091526087261897
80,volatility,top_6,412,412,0.008591841170847646,0.014670973143046974,-0.12946984837617312,0.13888432989859673,0.5266990291262136,0.28425974453181624,0.28801996295478405,0.03860700003004252,0.6240850630784343,0.44636507973664624,-0.04793562320873462
80,volatility,flag_nested,412,412,-0.00031883335997714307,0.007186285876019472,-0.16531932092547513,0.1605038630739502,0.5169902912621359,0.19056884075028965,0.19226905561325805,0.05127529286234883,0.6287419911603966,0.49079722074691806,-0.040734171628969626
81,volatility,market_1,412,412,0.01120645714269011,0.0030949512203771803,-0.06587289823757254,0.08830145698189198,0.5048543689320388,0.030105022158616906,0.030319424349281955,0.028564344987483708,0.6751927243039694,0.46280167597399546,-0.0548351111411634
81,volatility,block_2_3,412,412,0.06232651895027484,0.08430894213500045,-0.09316505464324851,0.3017350252669752,0.6213592233009708,0.20321153305561362,0.20612934641916014,0.11596889274509903,0.6276369247902951,0.473787661976261,-0.009613565221095983
81,volatility,block_4_6,412,412,-0.0035208421738191706,0.015636254885507534,-0.21426659017600533,0.20049916930649783,0.5266990291262136,0.33086075245633273,0.3335728408165237,0.0359113541417165,0.6127707127467567,0.4396110982385988,-0.07338010654388101
81,volatility,top_3,412,412,0.06069989277140716,0.07998623564838697,-0.08622711131428791,0.29155645561310145,0.6262135922330098,0.20566310325239082,0.2085761963651687,0.11534836134757012,0.6287165834246555,0.4724619769869446,-0.009667400978070744
81,volatility,top_6,412,412,0.0026355004241321975,0.006978205817538951,-0.12267284409744392,0.14621161494105694,0.5145631067961165,0.28534767406200523,0.28682649324751985,-0.0037487110680489355,0.6399111107494742,0.44387943774075267,-0.08507936096844794
81,volatility,flag_nested,412,412,0.008812786990108441,0.03791308817834345,-0.13667727597516133,0.16769934131194644,0.5728155339805825,0.17704851919533743,0.17867420347224042,0.05575520618875704,0.6229385189387882,0.4428633738657236,-0.05569351233269239
82,volatility,market_1,412,412,0.05000424717235737,0.050772120813633324,-0.04289081636435678,0.1261891239065804,0.6407766990291263,0.03037311738669961,0.03051544727262095,0.07056702958738159,0.665944141979498,0.4511479015769145,-0.023735794400021784
82,volatility,block_2_3,412,412,0.02722652750020161,0.04396225942738258,-0.17560909043583325,0.23530616352686132,0.5388349514563107,0.1915298769401158,0.19213147908639727,0.045871273784171974,0.6295055275769423,0.48368295432182595,-0.03379651288162398
82,volatility,block_4_6,412,412,0.008684090777789715,0.01348517558203549,-0.19044011495862556,0.21697196928630577,0.5145631067961165,0.31151781946355295,0.3115237715666424,0.0357892799780979,0.6316312051220124,0.46785331160383287,-0.06549224358596277
82,volatility,top_3,412,412,0.025336444320628593,0.0435608755758543,-0.16850780432068854,0.22615560182185768,0.5364077669902912,0.19384876455761732,0.19444526006615534,0.0452259448267699,0.6303331623352106,0.4820755660859001,-0.03439250818176356
82,volatility,top_6,412,412,0.025881462743927965,0.029904613440955186,-0.10124925899326133,0.17430553978605087,0.5436893203883495,0.27423296365509586,0.2739617492283211,0.036712074435403926,0.6467841805984773,0.4490721618326158,-0.05562908277142261
82,volatility,flag_nested,412,412,0.015991781351470558,0.018585397738808747,-0.11973134149603082,0.16124139245922914,0.5339805825242718,0.16792347057280024,0.16808892863239167,0.038915787443108744,0.6398815389410957,0.4675854672880262,-0.05633093520408759
83,volatility,market_1,412,412,0.025680655758052066,0.02715524997416842,-0.05399110478346909,0.10584914641380067,0.5922330097087378,0.030285816089186117,0.03028220915297261,0.03745391490313599,0.6748984987845444,0.46341800541709005,-0.043127379005025765
83,volatility,block_2_3,412,412,0.024158775468988765,0.04495825747612306,-0.206189313626648,0.26108743504697035,0.5752427184466019,0.17746867709101588,0.18700296217079748,0.013044498313585192,0.6649693808345177,0.5406972974232827,-0.044986265978818274
83,volatility,block_4_6,412,412,0.07075700042486907,0.06582642366175845,-0.09953426331742128,0.24803539658764467,0.5970873786407767,0.31472216538241293,0.3210524051920638,0.036253488036780884,0.6128963877696101,0.46265504443092975,-0.033460870418041015
83,volatility,top_3,412,412,0.022766758681935537,0.04244179500239449,-0.2018544412912662,0.25566806443031354,0.5703883495145631,0.17992239991403933,0.18942445516718007,0.014581663131165466,0.6660511495361227,0.5395790548769607,-0.04576705543723057
83,volatility,top_6,412,412,0.07566918263835766,0.055258330549064816,-0.058502835577674175,0.1839759969504807,0.6116504854368932,0.2898437281878412,0.2882462489965457,0.04407185234254998,0.624483948355442,0.4271609959479235,-0.03294792153590939
83,volatility,flag_nested,412,412,0.05215650282348876,0.04599948415296783,-0.09036843139877493,0.20197821264888843,0.6019417475728155,0.1662679337935189,0.17055652169069546,0.03201460827208199,0.6339603846091459,0.47201136415925016,-0.04182641062322148
84,volatility,market_1,412,412,0.0013905657912379927,0.0007233255378363089,-0.07862268588661044,0.06146720411590266,0.5,0.029872281799306902,0.029923705242183157,0.03066667942649362,0.6634301859005695,0.4469654585684948,-0.0544934114069179
84,volatility,block_2_3,412,412,0.0486494044725929,0.06280003692269115,-0.15315537961598044,0.2648770761279067,0.5776699029126213,0.19854258472064146,0.1977010209576892,0.10136857212574048,0.6439727643511982,0.5175479250224434,0.01056795653144822
84,volatility,block_4_6,412,412,0.059149042528011404,0.07440576769853954,-0.18884878126216742,0.30379449071699804,0.5825242718446602,0.3404553134513344,0.3365879190108807,0.0647677020007823,0.6018514136847041,0.46520086120181564,-0.013244457670219294
84,volatility,top_3,412,412,0.04657331285191722,0.060443489213319754,-0.14988671225775713,0.2554353523740739,0.5776699029126213,0.20105404578031977,0.20021820648228922,0.09959196692253239,0.6441540617925536,0.5158476608404345,0.008827127712276452
84,volatility,top_6,412,412,0.042433091137195116,0.0615471656731406,-0.12382154738076816,0.23046393819364347,0.5995145631067961,0.29623016079296854,0.29227295917632035,0.031871499723973885,0.618733165107085,0.44296406423747603,-0.042467420721637096
84,volatility,flag_nested,412,412,0.05360238749460945,0.06319441703740819,-0.1076905489909499,0.23093896206133205,0.5922330097087378,0.17985800372710845,0.17829614847551142,0.06829343747871042,0.614606459095585,0.4670432672981901,-0.013247838492666928
85,volatility,market_1,412,412,0.010202034353123716,0.00444807930699833,-0.0729498471768987,0.093439089682162,0.5242718446601942,0.03035045965418259,0.030385709737180217,0.03334510414122349,0.6640725037836108,0.451334099026243,-0.05254718735605081
85,volatility,block_2_3,412,412,0.06183052035579109,0.04197316728734243,-0.26732091527310103,0.42173938862697996,0.5412621359223301,0.25619329843067645,0.2538058864393675,0.11072499722485231,0.6226432799271333,0.5037139001882741,0.0070022358966424295
85,volatility,block_4_6,412,412,0.05454537274442671,0.074196734297544,-0.2052851974645716,0.3016218394528408,0.5922330097087378,0.3839948562830844,0.38310333941368385,0.07159159464928708,0.6114208997312578,0.4555795389512661,-0.02213064769790611
85,volatility,top_3,412,412,0.06059109298432993,0.03967807870015323,-0.25536559573693496,0.4077779580624679,0.5412621359223301,0.2582132405437693,0.2558314625505204,0.10895456826468111,0.6247842922449979,0.5030179672331163,0.005685434610028989
85,volatility,top_6,412,412,0.01934468892930338,0.03423330702901425,-0.07760257553294009,0.1687826828891077,0.5800970873786407,0.29767183775379014,0.2974411870823549,0.019882671884028997,0.6149405862622691,0.42204685650855117,-0.0545774730387873
85,volatility,flag_nested,412,412,0.04963424929270122,0.05581026206096764,-0.17818445248508863,0.2677675622711786,0.5995145631067961,0.20627515352393058,0.20537567101541856,0.07764701848370817,0.6217157440286821,0.45768122916311976,-0.01845311333703197
86,volatility,market_1,412,412,0.020307467910768456,0.011471765291386198,-0.057160931587157196,0.10829583486778503,0.5364077669902912,0.03061640606310031,0.030687228853891694,0.04238575309354594,0.6663681520098044,0.4518155065943412,-0.04251549151533656
86,volatility,block_2_3,412,412,0.07752471912884905,0.06692563381521907,-0.14602263082365113,0.30786647667720246,0.6092233009708737,0.1944739996564029,0.19463597042271213,0.06045005160616119,0.6516190127458753,0.5086421450006213,0.009553586957039558
86,volatility,block_4_6,412,412,0.05231434996306529,0.07035414333975934,-0.15143869663201448,0.29355283010814626,0.5946601941747572,0.34702160495509776,0.34693430580749685,0.0355422561700432,0.6040642556586112,0.4888655999310192,-0.01809253156548778
86,volatility,top_3,412,412,0.07621452559329968,0.06769588704055585,-0.1403662722690011,0.2984539426941006,0.6116504854368932,0.19683779685625655,0.19700459770860365,0.06004848054871242,0.6523634442243854,0.5067919512353111,0.007144513166817243
86,volatility,top_6,412,412,0.04051495667076169,0.0434970878053384,-0.10358063771525229,0.20420544701151983,0.5922330097087378,0.31057678274316886,0.3105683467240452,0.02814042903003624,0.6078672518572075,0.4542698942749167,-0.03285616379461883
86,volatility,flag_nested,412,412,0.054132520068574864,0.0757189047158521,-0.10737231605823505,0.2466428535203457,0.6092233009708737,0.18263871973584178,0.18269848378504489,0.04854901365971497,0.6184647300499666,0.48178731504928235,-0.01270710615781469
87,volatility,market_1,412,412,0.008735538539213756,0.008420756249272781,-0.07451788883962587,0.08411807623403487,0.5315533980582524,0.029830447653613253,0.029823985508923123,0.016033220832969257,0.67624349054479,0.4629154965601344,-0.05969896695194586
87,volatility,block_2_3,412,412,0.06269397616329365,0.08148257059543274,-0.19086169421866575,0.3380709474353923,0.5752427184466019,0.21427205182959824,0.2221655998784076,0.11606658160190489,0.6682035025307314,0.5621091466144044,0.01229546578861895
87,volatility,block_4_6,412,412,0.05987933434519963,0.07296307063847601,-0.1843403729527663,0.28073262494939216,0.5703883495145631,0.3555242679199109,0.3621303794221637,0.07036099163267996,0.6355642164874481,0.4920494473459949,-0.017463069125276818
87,volatility,top_3,412,412,0.061094725869611115,0.0776525814860422,-0.17760912824660152,0.3278019783297796,0.5776699029126213,0.21655517137207486,0.2244301490530553,0.1133963615831133,0.6684532631835902,0.5598838051942242,0.010145745260474567
87,volatility,top_6,412,412,0.03568805066921142,0.023311200595034193,-0.10942853122851426,0.19616039261309268,0.5315533980582524,0.3002102217539778,0.30005360257131364,0.0523311158634516,0.6481248747300793,0.4582698054657712,-0.03973257777923519
87,volatility,flag_nested,412,412,0.05365846982994472,0.06564216606480237,-0.12863747223092534,0.24421832339236127,0.5995145631067961,0.18780752239928736,0.19185693479184776,0.06944018093477324,0.6524486625946792,0.5040580872475713,-0.0194821441421573
88,volatility,market_1,412,412,0.02452486670065154,0.02751089120285517,-0.07142398124070692,0.11729783619946929,0.5970873786407767,0.0303059890624011,0.030402597992361124,0.05207631921119343,0.674846894018961,0.4635899732326737,-0.03474687527163395
88,volatility,block_2_3,412,412,0.056649578925744105,0.0911633140444282,-0.1735601403982396,0.314592948464858,0.5970873786407767,0.21388697198568887,0.2170196799944397,0.09108073369053857,0.636063066381568,0.4986071284968329,0.008530103867040782
88,volatility,block_4_6,412,412,0.04890524820845935,0.07582204361167154,-0.15399272226945349,0.27919866741092997,0.5970873786407767,0.32165007472734336,0.32447302488059165,0.07150008673648259,0.6328021716365076,0.4633587286169387,-0.0005764793200479744
88,volatility,top_3,412,412,0.053508685309201574,0.08533175300707099,-0.17146055154506645,0.3072545079028653,0.5970873786407767,0.2159812730249342,0.21909837878488805,0.08877990262501909,0.6383525907280777,0.4986939543521774,0.006420749474984912
88,volatility,top_6,412,412,0.061279469918162625,0.07003486459932431,-0.055211941567726686,0.17602777100999564,0.6650485436893204,0.26871647998082576,0.2691842938525344,0.08782878529770755,0.6500831306378739,0.45221840626234094,-0.010265254655653077
88,volatility,flag_nested,412,412,0.04652786503071378,0.06577509715058157,-0.10710344301413807,0.2187886623384841,0.6286407766990292,0.17629991499242034,0.17787387706818125,0.07072584392035808,0.6422402236634496,0.46839535290253526,-0.005596097214434419
89,volatility,market_1,412,412,0.01883097569722534,0.007162456922831665,-0.07111319166384304,0.09911665072889775,0.5266990291262136,0.030225179785095195,0.03033299172265354,0.057292068300485964,0.6634937873924915,0.44809295239746805,-0.03164365434696578
89,volatility,block_2_3,412,412,0.08981300527804842,0.09623739967925529,-0.16309233574100332,0.39593214629152895,0.616504854368932,0.24022743755009182,0.24064926403640483,0.11715461090322404,0.6230523434187728,0.49892285412829174,0.03202077389222943
89,volatility,block_4_6,412,412,0.007782826568847539,0.02806020915099578,-0.19454247853594758,0.22052322946689798,0.529126213592233,0.3751054781069863,0.3763211345686739,0.056068458727069885,0.6104132437009248,0.4699883124807769,-0.010270411915327645
89,volatility,top_3,412,412,0.08785239918208222,0.09371391086488556,-0.15949473421315072,0.3856612472810445,0.6213592233009708,0.24236651330453682,0.24279592394675373,0.11570070063438044,0.624973568258576,0.49846383229923324,0.03036110609869917
89,volatility,top_6,412,412,-0.019454917688810695,0.0038721948802876776,-0.14738440526465543,0.12890121509505797,0.5121359223300971,0.3046263326912027,0.3059198175052308,0.025830210063456604,0.6298806436832917,0.45470269233602284,-0.04820611488209057
89,volatility,flag_nested,412,412,0.02101918896115743,0.03720915706497108,-0.12679319214896526,0.20051088880715212,0.5606796116504854,0.20090000485105672,0.20147383823931558,0.06380265084207343,0.6195746079718457,0.46554499676205324,-0.009719311846216955
90,volatility,market_1,412,412,0.013651034121921039,0.012831291616437542,-0.05962442236065899,0.09759283443221282,0.5485436893203883,0.030500553260398255,0.030555018938372716,0.03364115870285205,0.6678637500184288,0.4541750880122043,-0.04352862069104215
90,volatility,block_2_3,412,412,0.004723223885435245,0.0013796874771966176,-0.23173081981735633,0.26020330886595017,0.5024271844660194,0.19281172353424106,0.19601064027687795,0.05903899689413201,0.650092591278498,0.5293016912035174,-0.02280957597084365
90,volatility,block_4_6,412,412,0.034431698655199655,0.0474286104414048,-0.15226763084742995,0.22537410386482648,0.5533980582524272,0.3233568405479962,0.3265309208843585,0.05400500706165623,0.6142384249872737,0.4790593680809982,-0.02618262062261865
90,volatility,top_3,412,412,0.004676663808568814,-0.0007692736561721216,-0.21847880353761773,0.2512229592173528,0.4975728155339806,0.195017218935151,0.19820560662688522,0.058894502525757356,0.6507700895186392,0.5275932774705461,-0.023118296239328796
90,volatility,top_6,412,412,0.06051417667885379,0.05677702637589545,-0.07792409065874766,0.1928248979962151,0.6189320388349514,0.2913821121101702,0.2926148055971886,0.0440391247820914,0.6297091056682826,0.4544028983020738,-0.0323838583617882
90,volatility,flag_nested,412,412,0.025655387359347633,0.03576825058907482,-0.12857289485577278,0.18610416259176327,0.5509708737864077,0.17274213014519074,0.17455028505459103,0.051141633852928865,0.6260635270935937,0.4786985196635741,-0.028587037701157513
91,volatility,market_1,412,412,0.02579537417224263,0.016360746224522778,-0.0688678596271672,0.1045455747630958,0.5558252427184466,0.030848628140627207,0.030855780978381358,0.03453595223024158,0.6732282221763806,0.46010830371651185,-0.05464969616215536
91,volatility,block_2_3,412,412,0.05331811064670045,0.0435064783994006,-0.13637720889483756,0.28932851114453695,0.5631067961165048,0.20429491237459477,0.20401219322300582,0.021978407436655457,0.60315238069324,0.5030072710409671,-0.03698880104966325
91,volatility,block_4_6,412,412,0.05992813740120329,0.035353511992852554,-0.17602602708235277,0.2811601025590912,0.5485436893203883,0.3323734975073032,0.3333052933974991,0.05665940797573524,0.5908415346443839,0.449480800207408,0.007177436721461011
91,volatility,top_3,412,412,0.05079566442726626,0.03922679104718882,-0.13706653983029515,0.28086994326338205,0.5631067961165048,0.20648149940200083,0.20617925379554197,0.021399700337753083,0.6057641296729867,0.5021875158917884,-0.03833592402815751
91,volatility,top_6,412,412,0.03774238146188041,0.028947924231647666,-0.1361117859273995,0.1829504185623087,0.5533980582524272,0.2871075896262486,0.28861381126787744,0.08495456165909474,0.6288237600798021,0.4354615145566415,-0.004165858257835179
91,volatility,flag_nested,412,412,0.05568208618558569,0.03381470664177416,-0.1227999344938765,0.2218657687055883,0.5679611650485437,0.1778374409260675,0.17817178029693406,0.04669851359520393,0.6048258075961251,0.45295539868783186,-0.005194015933015078
92,volatility,market_1,412,412,0.016760073669231084,0.010845622681403058,-0.06802610142950737,0.09136842859692927,0.5218446601941747,0.030739584208384,0.03080228755365315,0.02918777202759598,0.6676410804392873,0.4557278037672526,-0.04860478543592955
92,volatility,block_2_3,412,412,0.03268939369265521,0.03437105953611355,-0.23441619616415402,0.2929671172016455,0.529126213592233,0.2117318299546705,0.2144988930310724,0.01456635108563313,0.6156160867122249,0.5014331055018276,-0.024321701223726608
92,volatility,block_4_6,412,412,0.017269500487063535,0.04122559220837817,-0.2179360848182551,0.27871496116217853,0.5364077669902912,0.3556875423460215,0.3574706904180903,0.06267806227855638,0.6311937813532102,0.5049709799033275,-0.012416915035683991
92,volatility,top_3,412,412,0.03124269336869299,0.029121595888702532,-0.23162047963267787,0.2796810453306013,0.529126213592233,0.2139259049976303,0.21667695612476465,0.014423739796663159,0.6178642954539676,0.5002216019372527,-0.02552560062970954
92,volatility,top_6,412,412,0.01479012957017488,0.016660035085983592,-0.1340005537715142,0.1821414233262441,0.5461165048543689,0.30319968636988687,0.30395727093706515,0.08799414174840622,0.6467797760310028,0.4833167709593103,-0.02132953695828108
92,volatility,flag_nested,412,412,0.020754177357818142,0.030802946012813956,-0.15870395997232017,0.21659531778983981,0.5315533980582524,0.18854547006787267,0.1899291665941079,0.050717184592991314,0.6363667522781459,0.49114438498484697,-0.013750965763273157
93,volatility,market_1,412,412,0.013061699924526576,0.006349737448839874,-0.07614362390166819,0.09908560427492652,0.5218446601941747,0.030068933333206743,0.030173215616888262,0.027110384543551205,0.6664396789019627,0.4521641393451758,-0.058500807120572
93,volatility,block_2_3,412,412,0.049365198875502045,0.06917384140868425,-0.18735135464356578,0.2789845193528555,0.5728155339805825,0.20267290525324183,0.2026576214968804,0.07657522047455775,0.6252043789680323,0.49367156257991607,0.02082638669064783
93,volatility,block_4_6,412,412,0.036037608269540874,0.022100029018760008,-0.17234840488638026,0.25071688190584535,0.5194174757281553,0.32809780890037465,0.32792551308986173,0.010418576596115673,0.6054835336789601,0.4521779569013932,-0.04768635274665414
93,volatility,top_3,412,412,0.0477700822318999,0.06589481109395082,-0.18326653336036433,0.26991485228733814,0.5679611650485437,0.20494243018551642,0.2049465069316939,0.07479286441579495,0.6268446792927483,0.49233242007681266,0.01847225655449762
93,volatility,top_6,412,412,0.017012855276871443,0.016047024950839678,-0.12735340624452693,0.16675296007541543,0.5266990291262136,0.281265442554846,0.28076860796097836,-0.009250696272273283,0.6315139139142735,0.4495501456730779,-0.06427426385972923
93,volatility,flag_nested,412,412,0.03696684348440539,0.02282991190705402,-0.1508391157397998,0.2101221402857204,0.5339805825242718,0.1762278584173623,0.17613198036227432,0.027826653071964007,0.6221917753251934,0.4573202123993099,-0.03378351334423257
94,volatility,market_1,412,412,0.02257756976708661,0.011939829037774345,-0.05785613888509504,0.09504653767570867,0.5509708737864077,0.030797038769946175,0.030893747974936006,0.05042722577007684,0.6668997095686476,0.45353748688489937,-0.04386265170649122
94,volatility,block_2_3,412,412,0.08661394264324963,0.096036640311257,-0.1600503930696669,0.37457542345003253,0.5946601941747572,0.2306207196729157,0.22987571779464636,0.06807712123644515,0.655986488620898,0.5178991587450675,0.02341562643607706
94,volatility,block_4_6,412,412,0.036259627432655095,0.03849616106400787,-0.1453999430264722,0.2607432865660865,0.5558252427184466,0.34691821417398955,0.3473853577072166,0.04392992536719462,0.6484535581288408,0.499785528147394,-0.0004700651822552638
94,volatility,top_3,412,412,0.0857154033216876,0.09267401127069229,-0.15651128134722483,0.36248033040004735,0.5995145631067961,0.23279220246128798,0.2320646663909974,0.06783272996349067,0.6566639669933068,0.5159943427855733,0.023102425984721772
94,volatility,top_6,412,412,0.014062842501595315,0.016760079428893168,-0.08153305130905153,0.12382702175498032,0.529126213592233,0.2786107368884316,0.2798687134114661,0.04981163262362777,0.649073248580015,0.4752856199015014,-0.03380068199680322
94,volatility,flag_nested,412,412,0.04333061196015196,0.03385111243172794,-0.11710311419602631,0.23089604215906687,0.5728155339805825,0.18907750260020592,0.18914415903669704,0.04530467816852099,0.6507053008542253,0.49148527187988006,-0.0033129155087345324
95,volatility,market_1,412,412,0.010417669887455402,0.005620435624191934,-0.06793826146184805,0.08872070448097398,0.5145631067961165,0.030224601603797845,0.03026511492703434,0.02491032417325595,0.6715600003563867,0.4587486748116913,-0.062022793538831764
95,volatility,block_2_3,412,412,0.05090760930406098,0.05913581636783091,-0.18033072907465336,0.3383216959261999,0.5631067961165048,0.20430187153702478,0.2063175275711804,0.06032965440525612,0.6118621453482728,0.4704032416051417,-0.00229756064078034
95,volatility,block_4_6,412,412,0.02867325593953202,0.03768849987365078,-0.17667260750217673,0.24738260398399636,0.5315533980582524,0.3246516241322402,0.32171794702768663,0.039562447450785784,0.637292322548319,0.45619174353353487,-0.010625775641927945
95,volatility,top_3,412,412,0.04902805862390799,0.05396796448662008,-0.1728085499594873,0.32753306561554607,0.5679611650485437,0.206580280501133,0.20858798000809037,0.05904450835867284,0.6134812930235712,0.46908373789555335,-0.004533916739611012
95,volatility,top_6,412,412,0.026261539127459627,0.04095791710377753,-0.10392637351621614,0.14925498675293813,0.5606796116504854,0.28187408200376113,0.2768339271726617,0.05065060898029745,0.6607317707958669,0.4563343517364368,-0.017504298340386006
95,volatility,flag_nested,412,412,0.03428107544038048,0.039998738459893844,-0.13625003982054693,0.22341235532952705,0.5655339805825242,0.17547367771767983,0.1748278315139513,0.05027187013699169,0.6411225795681771,0.4540777771085434,-0.013614090767048956
96,volatility,market_1,412,412,0.029400842061221392,0.030672877532418822,-0.04627928410239575,0.10220859001165558,0.6019417475728155,0.030347631181126735,0.03029463861734758,0.07291763201590376,0.6722392490957368,0.46041922484072056,-0.03541436197545455
96,volatility,block_2_3,412,412,0.1042785749877155,0.09769294903665865,-0.12127661729842361,0.3217366116449588,0.6480582524271845,0.24141245905081224,0.2398010371978745,0.10720908463741073,0.6399460775965286,0.5170370126473819,0.01410866700108187
96,volatility,block_4_6,412,412,0.11682295552522841,0.12277269896921292,-0.08958477917494728,0.3798531654507044,0.6359223300970874,0.38638727565347675,0.38557152197719413,0.10747511078818717,0.5989844804588499,0.46802473951727447,0.006952837936494368
96,volatility,top_3,412,412,0.10275460262453746,0.09754623892697231,-0.11043122553866974,0.3112244385394418,0.6432038834951457,0.2436232282847551,0.24203954771410002,0.10527191477285845,0.6410048391491017,0.5151122819273655,0.01214953529162057
96,volatility,top_6,412,412,0.07036891308881205,0.06559397948719073,-0.09535248743902772,0.2589487529191216,0.5679611650485437,0.3090859411095401,0.3085763799704832,0.09199559871491717,0.616696088619447,0.4591348510938559,-0.014849883238869014
96,volatility,flag_nested,412,412,0.10203795892269854,0.10217008708237763,-0.05988727144030016,0.31471602136475296,0.633495145631068,0.2045030738659463,0.20377010609902144,0.09901450918518306,0.6188945638212123,0.47006569736986914,0.0017954941844806017
97,volatility,market_1,412,412,0.01502653530978292,0.013425432352172782,-0.06590575206122778,0.08692012854705655,0.5509708737864077,0.030349579218332725,0.030437869861504728,0.01675628365776101,0.6741615835044389,0.46195878563808723,-0.056494374549357546
97,volatility,block_2_3,412,412,0.0190536620377953,0.012224008585940107,-0.20390058654693008,0.2882181474489523,0.5169902912621359,0.18790886991554015,0.18571614476773957,0.0033491161381196703,0.6633980679057403,0.48238468049279626,-0.041219659233445775
97,volatility,block_4_6,412,412,0.031246211368781397,0.056316540645450296,-0.17285823695095,0.2747558155189921,0.5679611650485437,0.3751396625303702,0.37284349632913916,0.027575579014506347,0.6032953241754088,0.47682056583549753,-0.028959988334582677
97,volatility,top_3,412,412,0.018195000225822214,0.009477172837698191,-0.19723793496099506,0.2809139256834303,0.5145631067961165,0.19020094376160532,0.18803623603222078,0.002776518904417775,0.6651117666775805,0.48235876914633347,-0.04258701805570032
97,volatility,top_6,412,412,0.015261557765276539,0.031958646038883855,-0.1748968960067393,0.219187373931789,0.5412621359223301,0.34758820760066583,0.345944453204889,0.024266809744372744,0.5888136989119288,0.4613324147350591,-0.03313017102445955
97,volatility,flag_nested,412,412,0.022347918062217077,0.036651921372046176,-0.13443002613047517,0.22850184386692368,0.5533980582524272,0.18962297902879754,0.18843613758510996,0.0186101383261693,0.6240416314155713,0.47007977462471395,-0.032859414742438316
98,volatility,market_1,412,412,0.007021913875365605,0.007968352963379801,-0.07296648800897179,0.07577878008831784,0.5266990291262136,0.02973698542577784,0.029808554313787566,0.03501194960981949,0.6699258314331707,0.4575600167101506,-0.04367342306694283
98,volatility,block_2_3,412,412,0.061572426630121406,0.028074147846000493,-0.20578005438754982,0.3383355092664993,0.529126213592233,0.24362401251453988,0.24388777146416202,0.06509492703706293,0.6256913028483428,0.5258277720217369,0.011863755011945311
98,volatility,block_4_6,412,412,0.04533622558978391,0.05472962027361679,-0.18825166021622713,0.2797666625983546,0.558252427184466,0.37430656685897534,0.37396035354555035,0.026132941627709988,0.6117847128670852,0.49442942113490745,-0.029615633759916483
98,volatility,top_3,412,412,0.06026104974132166,0.03059447709063477,-0.2002553146257407,0.3278136282620403,0.5339805825242718,0.24564535033650883,0.245920434694373,0.06443022589376478,0.626926350515418,0.5244439773429467,0.01073948841726917
98,volatility,top_6,412,412,0.009378767627922157,0.01981175191814786,-0.11579406364102232,0.1424546514924712,0.5461165048543689,0.29082105021872195,0.29022772895596977,-0.0015185113628285592,0.6329848492018156,0.44897386032408737,-0.07143402621519937
98,volatility,flag_nested,412,412,0.04216754313076165,0.03716340136601842,-0.1565334153024429,0.25054056829837257,0.5461165048543689,0.20038791594919475,0.20030344895947835,0.03395480026105338,0.6217742784142438,0.490866557176665,-0.024837829326164955
