replicate,null,component,n_origins,n_finite_addition,mean_addition_cosine,median_addition_cosine,q25_addition_cosine,q75_addition_cosine,positive_addition_fraction,mean_addition_previous_speed,mean_addition_next_speed,mean_full_cosine,mean_deletion_outgoing_cosine,mean_deletion_attributed_fraction,mean_full_residual_cosine
0,volatility,market_1,418,418,0.06496599715907174,0.06044586315855547,-0.01266188763981009,0.12864464611147325,0.7129186602870813,0.020013623451393375,0.02004075688041841,0.07206611474210824,0.6886836470008272,0.48179277232780743,0.010739347473173353
0,volatility,block_2_3,418,418,0.09165582285987656,0.10310528704652142,-0.12488825799116104,0.3438217299766975,0.6172248803827751,0.12923642467266555,0.12851772254492255,0.13807373904792442,0.6679321969545843,0.5108529476548214,0.06704287072804048
0,volatility,block_4_6,418,418,0.05256156517197772,0.05230635265677645,-0.15029587075015388,0.2682988645031885,0.5813397129186603,0.21449442672568275,0.21406672964399837,0.10395336126450884,0.6757096140327888,0.5087341873880891,0.02660948918656394
0,volatility,top_3,418,418,0.08962237599949377,0.09667846724484257,-0.11788286968988619,0.32787639059252166,0.6172248803827751,0.1308711952976172,0.13016331511598858,0.13620538639743587,0.6686058399126902,0.5090604805750237,0.06547404786178611
0,volatility,top_6,418,418,0.039576489063619456,0.043422245295922715,-0.08694484351814208,0.19414113225307844,0.5717703349282297,0.18762693296767424,0.1874300830961072,0.06148980886274634,0.67656977871167,0.49281845782661543,-0.006562445617845057
0,volatility,flag_nested,418,418,0.060759513317059505,0.060833423939685355,-0.09589638264306694,0.2207188738234648,0.6196172248803827,0.11496644580093116,0.11462946573635965,0.10449830323002977,0.6808963512715385,0.5015092195811991,0.033583084472120356
1,volatility,market_1,418,418,0.06147270684306496,0.06225396576756635,-0.022652191134377827,0.14317766724338643,0.7009569377990431,0.020098602964286342,0.02010586903817737,0.07361620944874744,0.6859305299050595,0.4791958705193843,0.005364720251530767
1,volatility,block_2_3,418,418,0.0837527249360244,0.07737301642268002,-0.1306146736739805,0.3068838800314535,0.6004784688995215,0.13564764678158034,0.13546101785438214,0.07817396560406725,0.6320151552746174,0.5001235409391606,0.021120216334094166
1,volatility,block_4_6,418,418,0.07146037943918379,0.059753646316804646,-0.11152868462302737,0.27527721300036934,0.5861244019138756,0.23539119057731608,0.2352484056847654,0.08336521699052983,0.6522258443380741,0.5147341707138979,0.03188142507710735
1,volatility,top_3,418,418,0.08294716091152109,0.0752837558823545,-0.12568349291617806,0.30430508244631005,0.6076555023923444,0.13725616451187936,0.13706746899929886,0.07757163834441123,0.6341165876215611,0.4987661493241901,0.020705206498785267
1,volatility,top_6,418,418,0.07117901480259255,0.0625490871701469,-0.05567922621247829,0.20344781413514032,0.6172248803827751,0.20808756113875568,0.20800723775285276,0.08026383840590456,0.6571921448025702,0.4966040887209444,0.024506980552073503
1,volatility,flag_nested,418,418,0.07441405043906267,0.06048686693729145,-0.07342102902295014,0.2318223875467621,0.6100478468899522,0.12424179786472045,0.12415979354030134,0.08629113151136031,0.6538565198554158,0.5044837521667398,0.032813039111385
2,volatility,market_1,418,418,0.06743173548177119,0.05361702577880045,-0.015066285955176928,0.1454758065072418,0.6913875598086124,0.02040621371182477,0.020383775559329236,0.06937109846159316,0.6843976633924377,0.47766669677484475,0.009752850194108105
2,volatility,block_2_3,418,418,0.15496836713286327,0.12906332586807714,-0.029827519198208637,0.3491607247019043,0.7009569377990431,0.13024727157528906,0.13057774982911663,0.13212104720465365,0.67635655775451,0.5231147774310981,0.05678746270283113
2,volatility,block_4_6,418,418,0.12120235611771757,0.11975371345450686,-0.06469883248915072,0.30347432826921994,0.6722488038277512,0.22320404016437376,0.21920071226875248,0.08961788458201908,0.6490850820053369,0.49485752104049624,0.026386270458438044
2,volatility,top_3,418,418,0.1505715567592045,0.12130256737172825,-0.029508329878870088,0.33424483634241775,0.6985645933014354,0.13196417240410035,0.1322904330892258,0.12892577670972996,0.6778983414373915,0.5215530386701961,0.0538116215309131
2,volatility,top_6,418,418,0.07783370747425657,0.07247305957002712,-0.06359598994091932,0.23823959747438306,0.631578947368421,0.19545091513793905,0.19136114067528728,0.06692062464605768,0.6497459327082231,0.4805528883362024,0.008224056073235494
2,volatility,flag_nested,418,418,0.12346358497608875,0.11446024290162751,-0.01836915409608805,0.2613464258994151,0.715311004784689,0.11863695436206805,0.11722543673976886,0.0975171462806868,0.6581185210790252,0.49356266839161406,0.033091903393432834
3,volatility,market_1,418,418,0.06153051385772042,0.061396425357735006,-0.027639464081064696,0.1336617642342906,0.6626794258373205,0.019888875693583535,0.019920378478084193,0.06791884338055462,0.6856638399878049,0.4805246393215422,0.002527233812276979
3,volatility,block_2_3,418,418,0.16007665719462286,0.1684168511588608,-0.022059547034167792,0.3557136012603685,0.7177033492822966,0.12075365161886659,0.12077931669057117,0.13247185723783908,0.6529930464991102,0.5091304184889934,0.06262581770860752
3,volatility,block_4_6,418,418,0.06307351600423872,0.07923206487573739,-0.1573021512156832,0.28211644964921256,0.5909090909090909,0.23617754811122021,0.2360119220704127,0.09661012346537715,0.6169773509131483,0.4867689091601341,0.015648217147643043
3,volatility,top_3,418,418,0.15536473397978803,0.1615436310435115,-0.02060135707726496,0.34007857004749886,0.722488038277512,0.12246402974612476,0.1225016927761554,0.12931930303887632,0.6540918513885869,0.5075772240527049,0.05913049102414887
3,volatility,top_6,418,418,0.029242439310622762,0.05273547555782204,-0.11834640060585783,0.21125411106707614,0.569377990430622,0.2145864857207579,0.21443519443251907,0.06556849173575117,0.6313234597498928,0.4731991326639298,-0.00889896863528356
3,volatility,flag_nested,418,418,0.08188679220282807,0.07896055649478453,-0.08499478503049906,0.26917235882427065,0.638755980861244,0.12128499188699979,0.12124402817242742,0.1045397207492427,0.6310275632409406,0.4806125698441174,0.022868772626561357
4,volatility,market_1,418,418,0.04875320590083021,0.043624275118825884,-0.033580276064430065,0.1256058573566559,0.6602870813397129,0.020050266890168388,0.020071744385773384,0.06343295330673755,0.681520568813459,0.4719390995132198,0.006208892214635914
4,volatility,block_2_3,418,418,0.09604527669409625,0.09231142065192545,-0.0892401219467654,0.2939120032546734,0.6602870813397129,0.10950727697362188,0.10943272156259391,0.12079003819841347,0.6770449350093745,0.5118944721844875,0.06688343609995041
4,volatility,block_4_6,418,418,0.08062923537340731,0.08019692941843329,-0.11016059722116846,0.2646817087028991,0.6004784688995215,0.20092047056950413,0.19679981156241913,0.07433796194240462,0.6678494579147567,0.488354791179432,0.022071031010929235
4,volatility,top_3,418,418,0.09318906588131909,0.09463666245861779,-0.08739878562516534,0.28311760830659066,0.6650717703349283,0.11125959483025588,0.11118888876826473,0.11832832111483811,0.6775269940175193,0.5095262757705944,0.06403102655343913
4,volatility,top_6,418,418,0.07926947351342782,0.07223188739018506,-0.0544959526994164,0.20709804897491257,0.645933014354067,0.19153463744285207,0.18743065034511558,0.06068814870275752,0.6586530535573413,0.4730800013954102,0.011044182473912763
4,volatility,flag_nested,418,418,0.08178856143180405,0.06984978726865818,-0.06896702082207551,0.2300382501897612,0.6291866028708134,0.1064762588583263,0.10491127511314,0.08520538031837502,0.6757027654534029,0.4853928199402193,0.031191483351312124
5,volatility,market_1,418,418,0.05295871150031927,0.04151874673775062,-0.017328393010556973,0.12183574242797568,0.69377990430622,0.019851457236194935,0.019847615173550614,0.05781467981754686,0.6916369333535528,0.48592445924881494,-0.0027994208885820304
5,volatility,block_2_3,418,418,0.06790233061378634,0.08037289612862589,-0.188879394018355,0.3318708410813638,0.5980861244019139,0.17571263263000428,0.17545372548410246,0.1018039159966351,0.5944717912574358,0.5182202702857416,0.05219779955319855
5,volatility,block_4_6,418,418,0.0772224291161915,0.07949162219159094,-0.10896369233025395,0.3136472766598228,0.6004784688995215,0.25525165444122583,0.25325241625328787,0.0913827025452549,0.5793018472082867,0.47410677177082694,0.039405532625287856
5,volatility,top_3,418,418,0.06645884176390561,0.08185089911823036,-0.17559952996203784,0.32694496595268996,0.5980861244019139,0.17724676409333281,0.17699574740167934,0.10030906312861351,0.5961458776515981,0.5163532829669852,0.050779268378678695
5,volatility,top_6,418,418,0.0903501697957409,0.0702671649767592,-0.058631134642820305,0.23055784738923413,0.6267942583732058,0.19075183704552684,0.18880056662135242,0.06610787759655011,0.6329214598291827,0.4592824248593485,0.008380013261480431
5,volatility,flag_nested,418,418,0.07396561780049501,0.0723572318944476,-0.0767284664416986,0.27098786419764426,0.6411483253588517,0.13943986432709954,0.1386608729241481,0.09209284052894554,0.592998904794645,0.472660664179108,0.03704481413343393
6,volatility,market_1,418,418,0.06818530189289676,0.06626107010318433,-0.010252953193268374,0.1411248339672073,0.7200956937799043,0.0201737168651761,0.020144760604204975,0.07795195554672056,0.6892455197754743,0.4827484781283927,0.014948469031248777
6,volatility,block_2_3,418,418,0.09298161168681657,0.12495349175409803,-0.11795748651694041,0.29848393666624595,0.6267942583732058,0.14651680969694322,0.14686767858990127,0.08617672789456597,0.6279480740607079,0.5351535706459374,0.010607727827405959
6,volatility,block_4_6,418,418,0.07233647833764544,0.08581097300409994,-0.13256772781734427,0.28625468454574876,0.6196172248803827,0.2661794216222866,0.2660440520007096,0.07814326173134348,0.6046982795628922,0.5062622660315973,0.009753600411137799
6,volatility,top_3,418,418,0.09142874509968937,0.12482159592721306,-0.11104387982825603,0.2915521410258819,0.6291866028708134,0.14810997842067775,0.14845855189417184,0.08529618089959651,0.6291756548881926,0.5329573774869951,0.010149399694320927
6,volatility,top_6,418,418,0.07106162211930837,0.07095337990753318,-0.04581017825034772,0.21531774372525506,0.6578947368421053,0.22567955888645044,0.22525670028530462,0.05427981133329124,0.6384510862726359,0.49896439079949567,0.005911729281572132
6,volatility,flag_nested,418,418,0.07288193895217336,0.07620764716165596,-0.08927072164677971,0.249562914683974,0.6411483253588517,0.13721564567529654,0.1372353238685754,0.08156022235820114,0.6185550149702989,0.5064851866917786,0.009254089219977115
7,volatility,market_1,418,418,0.04720714764932071,0.03770756915466626,-0.023993136326685777,0.12007444859204214,0.6650717703349283,0.020142421431708007,0.02015129225694773,0.05944010882377419,0.68575944950954,0.4781193249763098,0.004156755769072427
7,volatility,block_2_3,418,418,0.1106780759871395,0.14712005089918184,-0.13818226250580296,0.3909058855809951,0.6555023923444976,0.1474496180859848,0.14845283260363507,0.11810612189375239,0.6143464976907279,0.5086050771269742,0.06205828171754662
7,volatility,block_4_6,418,418,0.09288296278919246,0.101650677666651,-0.10124173069636597,0.2859662102157096,0.638755980861244,0.2334099145756071,0.2331288653643785,0.07235719157612766,0.6150097664147232,0.47480337853102017,0.036877061228969485
7,volatility,top_3,418,418,0.10826600349177427,0.1397232139749921,-0.13286421211841087,0.3785680732194884,0.6555023923444976,0.1490230548773135,0.15002005966555287,0.11654415022717536,0.6163912997267007,0.5062955067964143,0.05985251048984582
7,volatility,top_6,418,418,0.07154499814178307,0.06766337937110312,-0.05819537792845112,0.20322528587320812,0.6507177033492823,0.1918721073873441,0.19108332944292797,0.05714180523249063,0.6506994431097254,0.4776093700679626,0.01641079426061069
7,volatility,flag_nested,418,418,0.08802244196762932,0.09039771152785811,-0.0774132867311434,0.2601500157377485,0.6435406698564593,0.1256175532858011,0.1257635401545608,0.07879928708439311,0.6233169979991329,0.46969296259475385,0.03549847954114482
8,volatility,market_1,418,418,0.06509961473023956,0.06015247236424634,-0.012616519848944997,0.14200600027301832,0.7081339712918661,0.02004237104105024,0.02009718925539517,0.08347206869585945,0.6893225247056987,0.48335511953896876,0.016469372883861005
8,volatility,block_2_3,418,418,0.09504642366470231,0.09766559596247518,-0.14307831575184038,0.35401754243746253,0.6076555023923444,0.16836064692904998,0.16897536401948043,0.09376853662243229,0.6615275619533851,0.5390668107794665,0.029661592581335407
8,volatility,block_4_6,418,418,0.08264685831523276,0.07832981436011209,-0.13523062590011448,0.2801407651859259,0.6148325358851675,0.2500216261096594,0.2500967564775694,0.08152983295934405,0.6575117741666044,0.517273804273745,0.026415932630168656
8,volatility,top_3,418,418,0.09305320181848509,0.0956126229275781,-0.13671199691815208,0.33492225378852536,0.6100478468899522,0.16999197985545908,0.17061099569047472,0.0923585456473054,0.6619257309370268,0.5368597479920358,0.028273224305151046
8,volatility,top_6,418,418,0.07078839092777696,0.059641749125363464,-0.061083368490452906,0.19972692386065372,0.638755980861244,0.1889732525074646,0.18870206781350785,0.09552352131786847,0.6723745007207823,0.49654821646909514,0.03172911566699644
8,volatility,flag_nested,418,418,0.08340421029960406,0.08645756037638477,-0.08385563255797848,0.26147123129665945,0.631578947368421,0.13577718139804404,0.13596056639347764,0.08217616142114353,0.6621208283597291,0.5155131422793787,0.024456241304386308
9,volatility,market_1,418,418,0.06554679972700198,0.05151741437860577,-0.01824885490804943,0.14343520090941497,0.7129186602870813,0.019671251537360237,0.019674644813929082,0.07278989288724796,0.6878074572015008,0.480695835778099,0.015815693069177315
9,volatility,block_2_3,418,418,0.12434872385253048,0.11302244304816203,-0.08650240984452941,0.3488729938288396,0.65311004784689,0.13740118778660712,0.13724500070743903,0.139047204008934,0.6372157656779562,0.515706994233292,0.05198856276757957
9,volatility,block_4_6,418,418,0.12046264749298083,0.13875418186361455,-0.09310992751479569,0.3195753560163193,0.6626794258373205,0.23139509035794964,0.23140008404067683,0.14626783551399658,0.6496900808848819,0.5053400182135106,0.0760107581427951
9,volatility,top_3,418,418,0.12178474556666982,0.10472846306816032,-0.0790051158599903,0.33531534188801754,0.6555023923444976,0.13911732481826114,0.13896214973783597,0.138048012947453,0.6392921623436225,0.5142743004079948,0.05130180665552376
9,volatility,top_6,418,418,0.09669385105710004,0.08149684434881145,-0.058699138300371254,0.2563157803701539,0.6698564593301436,0.19585284792361407,0.19612953902323677,0.12201904136465498,0.6715935931781195,0.5025571037036424,0.05334445352822234
9,volatility,flag_nested,418,418,0.11220295442435055,0.11097701398643316,-0.04620958397187832,0.28186669150816696,0.6842105263157895,0.1219153999307066,0.12192071917636742,0.13285736255495226,0.6549694124918779,0.49936082218341726,0.06148209226617302
10,volatility,market_1,418,418,0.06528584950333247,0.05775149472996399,-0.01829241753130619,0.1356786684011297,0.6889952153110048,0.020145531840310413,0.020146586608717845,0.06863237700901331,0.693901293784387,0.48966162317213663,0.00578114457150424
10,volatility,block_2_3,418,418,0.126306912337219,0.12665816514010794,-0.11736904416001973,0.3915241803654487,0.6244019138755981,0.12354867114878709,0.12394518963673147,0.14190405649560628,0.6860120731027878,0.5557056195581352,0.0694384667156538
10,volatility,block_4_6,418,418,0.10102797939420208,0.09375163293024179,-0.10231203137982939,0.32800359129219087,0.6124401913875598,0.23075063598228604,0.23139613789288616,0.1141581628834863,0.6476974631128767,0.5049445159186544,0.05611489534173632
10,volatility,top_3,418,418,0.12490064713157312,0.11873401457847181,-0.1078900298996841,0.3777235820587071,0.6244019138755981,0.12517030941074644,0.1255635938694926,0.14081559893506443,0.686999448690826,0.5537224140344983,0.06847568571270882
10,volatility,top_6,418,418,0.07499118282668189,0.05719486799953069,-0.09059071565579116,0.23668636402643836,0.5980861244019139,0.21027809951062373,0.2108058927497986,0.06748216881215485,0.6307588904177102,0.46537212572950987,0.021105993692809393
10,volatility,flag_nested,418,418,0.10012539044170647,0.08511361818626065,-0.0729520967463082,0.2716526391929371,0.638755980861244,0.11892675137751012,0.11924603695287919,0.11637939718065393,0.6669022162871433,0.5129936805969809,0.05522495489833689
11,volatility,market_1,418,418,0.05493134825920586,0.04518015953771734,-0.021569366692314074,0.12850176360035892,0.6842105263157895,0.01971512356852371,0.019668022873467864,0.06860717807226738,0.689327966961032,0.4823741475087256,0.007342064082655521
11,volatility,block_2_3,418,418,0.041908617420129426,0.05275504363049436,-0.18924284168851674,0.2691662153743147,0.5765550239234449,0.13796059890590107,0.13772998565331201,0.0570104362898868,0.6202608861155906,0.49390517966795533,0.01471552474093503
11,volatility,block_4_6,418,418,0.06934449915231145,0.08128749760546942,-0.15521882521303038,0.2968718502252766,0.5956937799043063,0.24418803157765667,0.243162966336056,0.1041182279201665,0.6238876889933652,0.48654284715305707,0.033973298319858604
11,volatility,top_3,418,418,0.04173110744709352,0.05653373466365957,-0.1865346144224509,0.2569562123114383,0.5765550239234449,0.13952232904133677,0.13929087635338497,0.05585292367759045,0.6222997429195497,0.4929534463430375,0.013474104813501683
11,volatility,top_6,418,418,0.09567514726034955,0.08461111020694798,-0.03124313789514257,0.23782450779860792,0.7057416267942583,0.21354318720838542,0.21252099188103346,0.11612841557350835,0.6465701799497632,0.48292606405453486,0.03390946302858233
11,volatility,flag_nested,418,418,0.06457538698130216,0.07185788306884652,-0.11714037694792777,0.24664526317582397,0.6267942583732058,0.12787847099535468,0.12745760644419,0.0927001513444959,0.6318989379292707,0.4813813135269482,0.028102035792342845
12,volatility,market_1,418,418,0.07146807410814887,0.060040488436431276,-0.011097151256443163,0.14061346039215578,0.7057416267942583,0.02014474148369733,0.020121475734241327,0.07412448804581871,0.6837221116237187,0.47710520815798957,0.019953929101615555
12,volatility,block_2_3,418,418,0.10002982402923077,0.09677057831530349,-0.10813754610534138,0.3288112222782773,0.638755980861244,0.13138927338950443,0.1313240615520658,0.10560209249978506,0.6446680461157566,0.5291942892829153,0.025361264576617908
12,volatility,block_4_6,418,418,0.056040889325485115,0.06943831386020499,-0.19229947418875076,0.2903951443121383,0.5669856459330144,0.2224128341368694,0.2219834613464657,0.08157820663880863,0.662670985930768,0.5162733821329889,-0.0008634729054728317
12,volatility,top_3,418,418,0.09870593832832175,0.09667238823999334,-0.10686992817370644,0.3187908977535562,0.6483253588516746,0.13301718745729607,0.13294864982295107,0.10387742905530412,0.6457552872066117,0.5269573990237165,0.024426308816066885
12,volatility,top_6,418,418,0.03579984033947287,0.049041352868801256,-0.1006161533673817,0.20563800634313834,0.5909090909090909,0.19331220441148725,0.1929311309569538,0.08053646817534664,0.6814530459615983,0.500949492169542,0.0017245142701440555
12,volatility,flag_nested,418,418,0.06720192779001988,0.07253098007407024,-0.12692312324920094,0.243414254325286,0.6028708133971292,0.11798603677836327,0.11783250651799128,0.08769003924430878,0.6655856564724351,0.5102745523724304,0.007698655614475853
13,volatility,market_1,418,418,0.07926660639004031,0.06693479625233531,-0.006756732490755851,0.15953574510437185,0.715311004784689,0.020182601581616503,0.020201943749041204,0.0771172434378577,0.6873705996054245,0.47991039732151225,0.017547047332260042
13,volatility,block_2_3,418,418,0.09240923044640548,0.0939027043298098,-0.09487318483508156,0.33549228367696105,0.6435406698564593,0.12955274763128075,0.12868518468065043,0.11723971399476912,0.6486065749358753,0.5046965567292597,0.05595475842117878
13,volatility,block_4_6,418,418,0.10548939942534993,0.1122473227508122,-0.09161355731480941,0.30512662596908274,0.6483253588516746,0.22339724265697922,0.22326772571341041,0.11216651948580028,0.658997188965137,0.5043360182204831,0.04939888993309015
13,volatility,top_3,418,418,0.09130766660843725,0.09202347721350337,-0.09011105549702908,0.32194985730200854,0.6507177033492823,0.1312169099604329,0.1303651300232022,0.11643819124169892,0.6500456759164213,0.5028450018172123,0.05493359887390325
13,volatility,top_6,418,418,0.0962442534869265,0.08322498487766578,-0.03554253515665378,0.22078456651596912,0.6842105263157895,0.19591221790438088,0.19614403232965097,0.09743190707658476,0.6741535115327704,0.49678040119427036,0.03259396283625802
13,volatility,flag_nested,418,418,0.09797971609304199,0.09096322624493246,-0.042202627108531204,0.24782198455480178,0.6818181818181818,0.11834379864873754,0.11805773591864299,0.10843131262438323,0.664401728161361,0.49885404417380863,0.047298954608621116
14,volatility,market_1,418,418,0.06864260197736645,0.05918321315900478,-0.028371925525426524,0.15023048687112145,0.6746411483253588,0.02018380341409421,0.020175449927281475,0.07689562419762183,0.6867482645434085,0.4808098260912414,0.012702317503466565
14,volatility,block_2_3,418,418,0.09785137123828785,0.0996637708775989,-0.09744172695483103,0.31106742596676323,0.6411483253588517,0.12236468043463036,0.12237980614544627,0.10851038564404343,0.6765704887561145,0.5123478473982173,0.03749343432558952
14,volatility,block_4_6,418,418,0.057498402855395155,0.05816426735720824,-0.09822772033071786,0.22584003206264933,0.6196172248803827,0.20333223751810575,0.20344872822157248,0.0671040007240186,0.6729933591398951,0.5031429969714064,0.0017152518702745223
14,volatility,top_3,418,418,0.09541681446179719,0.09770611696341977,-0.092204079144335,0.2975544176016748,0.6483253588516746,0.12406543372210152,0.12408118581889285,0.10672711073504888,0.6775948212607534,0.5110774340893791,0.03603905389569763
14,volatility,top_6,418,418,0.04636164844985295,0.05512595079545301,-0.0783677446211675,0.17949018958504992,0.6267942583732058,0.1813787936913813,0.18150938108992007,0.04466653489857449,0.6787782712497445,0.4964651726227989,-0.015203177209837897
14,volatility,flag_nested,418,418,0.06210513775548092,0.06156539569935515,-0.06073794833844655,0.2093572393081602,0.6435406698564593,0.109662668706389,0.10971404982951571,0.07570314850723674,0.6804551584489361,0.4993596629904695,0.007523692956162076
15,volatility,market_1,418,418,0.06448619628683554,0.06152628351523033,-0.015483125584401606,0.13014984411502026,0.7057416267942583,0.020085376154366816,0.020104782783848595,0.07378608101398387,0.6822013880188171,0.47574235793732444,0.00915520712693681
15,volatility,block_2_3,418,418,0.09973738177807859,0.10240286937617793,-0.16557740777733992,0.3752820848722492,0.6196172248803827,0.15946787989995123,0.1593221470955559,0.15155705357122334,0.6310771199517389,0.5094401981189512,0.061403148247818916
15,volatility,block_4_6,418,418,0.09483868125430422,0.12344046235821599,-0.12389541032394899,0.3402511537096833,0.6100478468899522,0.2469081508275779,0.2467895951845,0.10779876479560806,0.6274477941049239,0.483153543839598,0.03409687467475639
15,volatility,top_3,418,418,0.0979416534925343,0.10067352894430971,-0.1552008806778628,0.36013383201629723,0.6267942583732058,0.1610175415474804,0.16086865212136478,0.14996277928595064,0.6323438981351519,0.5078527477450246,0.06037573326803942
15,volatility,top_6,418,418,0.077616472776991,0.0798137263614859,-0.08173830813845531,0.2597407112471538,0.6196172248803827,0.1954483436401907,0.1954173075714861,0.06626296480203944,0.6586938148440132,0.48034569965062973,-0.002084641142823635
15,volatility,flag_nested,418,418,0.09191488766186981,0.1056506274728844,-0.0836934713440577,0.3036426613288758,0.6507177033492823,0.13217541869955232,0.1321240584737099,0.1122757048518935,0.6371616979407916,0.4830581470882242,0.03732970466788226
16,volatility,market_1,418,418,0.06907874697871298,0.05907465723874339,-0.009990016217901762,0.1363109517701665,0.715311004784689,0.020443033170983185,0.020486311865223802,0.08224975993790942,0.6864676431472984,0.4810522493585701,0.013993981658019086
16,volatility,block_2_3,418,418,0.07954231336058348,0.06846589162892316,-0.1238237148717323,0.24742790515366614,0.6028708133971292,0.11702780024420181,0.11743788888728536,0.16001976480010155,0.6587313715901988,0.5256208198616755,0.05771660912959138
16,volatility,block_4_6,418,418,0.04476556061418585,0.057278477887285004,-0.14409875461364707,0.26729381379556993,0.5861244019138756,0.23403782867955888,0.23369269718664787,0.10073965800122406,0.652752310662891,0.5040549055196886,0.011113420527070421
16,volatility,top_3,418,418,0.07783071451779182,0.06647109343771135,-0.12434071875820697,0.2433330815365229,0.6004784688995215,0.11880908281917267,0.11922082630583442,0.1576618282711442,0.6599100475072438,0.5234274226421662,0.05608921012617557
16,volatility,top_6,418,418,0.028455279472861836,0.03872685331518577,-0.13369246404146345,0.17736963862871513,0.5813397129186603,0.2165972050814352,0.21603671601957794,0.05006099913542077,0.6597714746516066,0.4817569859539404,-0.01300975576198036
16,volatility,flag_nested,418,418,0.05184987793746503,0.04992190272408899,-0.09484461384041422,0.23352524222800924,0.5861244019138756,0.11987937720402418,0.1198464902032517,0.1083858914122183,0.6574107687952003,0.4950499490132794,0.02240630800439348
17,volatility,market_1,418,418,0.05813708739657053,0.048868693195193824,-0.021098926791041736,0.12424282832923975,0.6866028708133971,0.0202693608830176,0.020232386860863708,0.06079719379059882,0.6846020110903879,0.47639740435893124,-0.006463652932982794
17,volatility,block_2_3,418,418,0.13166790885125218,0.12682123970768538,-0.10432199901765593,0.4130491893457841,0.6291866028708134,0.13029367772337083,0.1305406531863989,0.10284591066541855,0.6610373929800835,0.519506321911324,0.034589470196119416
17,volatility,block_4_6,418,418,0.0733985170046607,0.07494562727703366,-0.1066748655859797,0.2710449663951683,0.6244019138755981,0.22576823971252843,0.22590684134252353,0.06419209364114284,0.6571797293618753,0.5044503329806019,0.02597072929181611
17,volatility,top_3,418,418,0.12975733474492784,0.12440642447969466,-0.09196115467990215,0.39991610870622885,0.631578947368421,0.13193201987449865,0.13217625784380552,0.10200701536836627,0.6620423565102755,0.5175068959303977,0.03424158244908502
17,volatility,top_6,418,418,0.042417415897872304,0.04569099516188198,-0.07592591490325723,0.1665423291419093,0.5956937799043063,0.20217886074896474,0.20219141070286958,0.02682749428272904,0.6593960402685339,0.49397024873143264,-0.005389697757345225
17,volatility,flag_nested,418,418,0.08389255135404661,0.07833642093858563,-0.061954580409288654,0.24106095268093536,0.6435406698564593,0.11938771215848358,0.11948425894826567,0.07472533349854743,0.6616015718768004,0.4970403238348567,0.02994018824485326
18,volatility,market_1,418,418,0.06381322177315926,0.05685944233403606,-0.01929244894616572,0.13547318800616648,0.6866028708133971,0.019898107701017485,0.019919922229449993,0.07275738157620239,0.6920096053239628,0.48548189911716433,0.014807802429062933
18,volatility,block_2_3,418,418,0.07506247230258072,0.09919873356359855,-0.16096009128694302,0.35872625458366125,0.5980861244019139,0.14167897020042333,0.14242904888290597,0.11526858309365633,0.6165551949219339,0.5016351295211083,0.07403114464503188
18,volatility,block_4_6,418,418,0.07713547786482437,0.07286651983227671,-0.1019052221344367,0.2791474985537369,0.6076555023923444,0.23261366230572292,0.23398301239985012,0.08353601225813571,0.6407964138014832,0.5065708779457125,0.04699436348738623
18,volatility,top_3,418,418,0.0735289908622337,0.09587286269411477,-0.15608008838472556,0.3469518132210642,0.5956937799043063,0.14324080261443303,0.14398708465914914,0.11309063922797107,0.618443559428556,0.5004458391801001,0.07208755537821626
18,volatility,top_6,418,418,0.07485992668917982,0.05554830357360266,-0.05713563034666612,0.19292657775570154,0.6291866028708134,0.19809604973944728,0.19866391992354332,0.07267903458630232,0.6749662730904556,0.4941275538419598,0.016751512555258186
18,volatility,flag_nested,418,418,0.07799986442852272,0.06770115978146361,-0.06443964748787892,0.23821422832526679,0.6483253588516746,0.1244682038477773,0.1249855788739691,0.08464141282841281,0.6431269302061308,0.4959297097787834,0.048536476426294925
19,volatility,market_1,418,418,0.039317466230750574,0.03684030866682692,-0.02934844776632041,0.0972213187475639,0.645933014354067,0.019827769230748075,0.01981553118338125,0.04886479790993966,0.683364631511892,0.47644877960838217,-0.0054955173532548795
19,volatility,block_2_3,418,418,0.06166517615572431,0.09036937334523057,-0.14621067491228157,0.274095735791171,0.5885167464114832,0.13202513251846154,0.13295980521941556,0.1335764639900923,0.6580142273642898,0.5225758032108754,0.049184682193625893
19,volatility,block_4_6,418,418,0.02383119061950049,0.03437163327345969,-0.1631106525581026,0.2366559728851032,0.5406698564593302,0.22289781334055098,0.22340807557376346,0.06550137452046066,0.6457656557488519,0.5003227806652326,0.0018540128263680208
19,volatility,top_3,418,418,0.06082453398296054,0.08914956394753473,-0.1330507033361113,0.2667117994646146,0.5933014354066986,0.13368258620307882,0.13461147784767064,0.13226717516359826,0.6597578334741805,0.5219157820620168,0.047912999263175576
19,volatility,top_6,418,418,0.02993324522657285,0.021584230555236054,-0.11010006112298207,0.139215124085416,0.5454545454545454,0.19197135358301545,0.19183010747398732,0.033649791592938606,0.6624411556992909,0.48590505232815595,-0.011759479362711336
19,volatility,flag_nested,418,418,0.039968650509021375,0.053731906083923725,-0.09623146767489577,0.20851080668553498,0.5909090909090909,0.11871173025478166,0.11907593350696033,0.08104514721940488,0.6536418111763644,0.49728590486752733,0.015981135706977973
20,volatility,market_1,418,418,0.07167930624483693,0.06806686396897467,-0.022537615369622278,0.15524739233442747,0.7081339712918661,0.020035652310311302,0.019982287683614965,0.06679094699195544,0.6851917269767979,0.47788727598127745,0.011298503270126749
20,volatility,block_2_3,418,418,0.11252597375810634,0.11201508465069782,-0.12423891945983562,0.3557740246880613,0.6076555023923444,0.13136085398890934,0.13080929162642474,0.1483523614860321,0.6415261087223679,0.5035846643320668,0.08433087740595831
20,volatility,block_4_6,418,418,0.08510420632033613,0.07210487929248613,-0.11117426391278842,0.3001124871006857,0.6172248803827751,0.23110466620877257,0.23016727547907173,0.07559674468165709,0.6144202766037403,0.45524487058579616,0.015443012995250423
20,volatility,top_3,418,418,0.11075541974368318,0.10897986547147168,-0.12028840494784036,0.344379500223577,0.6100478468899522,0.13301557680933088,0.13246906037873857,0.14630779516598777,0.6432308255624141,0.5020420114501422,0.08185985146630345
20,volatility,top_6,418,418,0.06969009220128601,0.06446156977499704,-0.07455316322711608,0.24032869130396847,0.6172248803827751,0.2035278636323004,0.20265987236222235,0.03960898323443976,0.6274570464153651,0.4510429361888568,-0.014111569285681356
20,volatility,flag_nested,418,418,0.08723143474666817,0.06858276276853875,-0.07450962432123523,0.24614922485260196,0.6435406698564593,0.12124612064968679,0.1207531387659652,0.08514758156676572,0.6310679126578124,0.459222061039046,0.026108852953508396
21,volatility,market_1,418,418,0.06274982951800646,0.05310004769763577,-0.018180720815438492,0.13239449398547834,0.6985645933014354,0.019988726852277153,0.020003349512947636,0.07086105353552162,0.6890534935847189,0.48282713392091187,0.003011580859351285
21,volatility,block_2_3,418,418,0.08270611545744437,0.11085640874654784,-0.14934161717890876,0.32926424184227737,0.6100478468899522,0.18208577833351,0.18194788772764742,0.09032767689932719,0.6140570783192852,0.5307231094801239,0.034987415697771
21,volatility,block_4_6,418,418,0.04949616667602359,0.030530672765153963,-0.20097197764071204,0.37088935955795654,0.5502392344497608,0.27169491794403705,0.2691072278844747,0.07811852638319439,0.6090274924679258,0.4916874250663904,0.03126261552114457
21,volatility,top_3,418,418,0.08066080182330079,0.10625600932031004,-0.1485147983280844,0.3181911811001591,0.6076555023923444,0.18358056298028794,0.1834528346318012,0.0888674459321338,0.6152987205458549,0.5287744117570231,0.03341374439474748
21,volatility,top_6,418,418,0.04746897137991944,0.035803374625560776,-0.08970684419550398,0.1953869136934807,0.5813397129186603,0.1978769101659345,0.19532680800700936,0.06627375426940885,0.6536570698629934,0.46832439098800727,0.014397207962483864
21,volatility,flag_nested,418,418,0.05934258614846444,0.05281271631179598,-0.1493606131409157,0.32509870502120675,0.5717703349282297,0.14648747761841932,0.1455119508927547,0.08022005102218525,0.6168994949072143,0.4899175576938613,0.028144771655803442
22,volatility,market_1,418,418,0.05761034895122529,0.043707759378738206,-0.020722784107638764,0.1201779601537234,0.7009569377990431,0.020013592307404113,0.020030351739739303,0.05677414605161308,0.6888274124408293,0.4821203686203216,0.002517542610413073
22,volatility,block_2_3,418,418,0.10927963657461459,0.1445950624519785,-0.12644005602765104,0.3541202973567122,0.6267942583732058,0.14367022631024465,0.14336669247803877,0.07866951492654281,0.6120792476975251,0.5091968456800083,0.026332202150175205
22,volatility,block_4_6,418,418,0.059015325447762536,0.09164778971811291,-0.17410203398869842,0.29977063157931144,0.5861244019138756,0.24537550044024886,0.2449178891588452,0.017443565118062436,0.5821990408418914,0.4769188165837757,-0.015707421156077473
22,volatility,top_3,418,418,0.10595487654401466,0.13572926613879363,-0.12042607012990261,0.3484622913381676,0.6244019138755981,0.14536213680931404,0.14506305650600143,0.07662596179699908,0.613440211304603,0.5075016969865181,0.025069113561988765
22,volatility,top_6,418,418,0.05330516151048107,0.07408622816881341,-0.08401176547534236,0.2189233130182049,0.6052631578947368,0.20509940093438153,0.20477111615097288,0.02988295738742724,0.6266679056822926,0.4615451061092418,-0.012872953251806369
22,volatility,flag_nested,418,418,0.06386105572848504,0.08200327970340046,-0.1121217962986918,0.2483535158228547,0.6004784688995215,0.1291359692995657,0.12891492883796435,0.02963145820523014,0.6006512535320979,0.47743443516464906,-0.004583724562122711
23,volatility,market_1,418,418,0.06138491909935207,0.047720398925694255,-0.021642908138237965,0.13053905307982344,0.6794258373205742,0.01994486806404236,0.019941355206440265,0.06400014060538572,0.6791917221306205,0.47021411404052177,0.007773956052500304
23,volatility,block_2_3,418,418,0.07673398577258532,0.08628834501621563,-0.11610886441124971,0.2808417467646297,0.6483253588516746,0.14875404053588448,0.1500723654687272,0.12532941551471494,0.6581422400996279,0.5515999135274011,0.040594301149781346
23,volatility,block_4_6,418,418,0.09974407377617968,0.11122945520538585,-0.06922852354889703,0.2678180100837725,0.6555023923444976,0.2359592477160904,0.23640891961738592,0.10939499608698819,0.6379158122153614,0.5026739102641844,0.03383121442334569
23,volatility,top_3,418,418,0.07442558139893868,0.08494034666429104,-0.1128172058216914,0.2716850973840257,0.645933014354067,0.1504147088301859,0.15172495066110098,0.1231637453390127,0.6580278223302872,0.5487745400711239,0.038893174771894606
23,volatility,top_6,418,418,0.09967089771973778,0.08407498793238076,-0.03264360808892376,0.22454784528110258,0.6746411483253588,0.1882640717317038,0.18774964153284113,0.07910802445902322,0.6634493010806913,0.47869046105337737,0.009621449362283863
23,volatility,flag_nested,418,418,0.09206082069547222,0.08915800601036172,-0.045522396856489525,0.23949922474527655,0.6842105263157895,0.12682455144698476,0.12724922883647372,0.10835714353696355,0.647173750940108,0.501680632986341,0.033132735738945096
24,volatility,market_1,418,418,0.06705406610996902,0.06365456315738535,-0.008884892584555505,0.13463347706991866,0.7296650717703349,0.020024584287781578,0.020012372578109908,0.06898055089639035,0.6865764237606445,0.4806202605883557,0.00014936848681595363
24,volatility,block_2_3,418,418,0.06875638218500471,0.06618486911806928,-0.13099824157208073,0.3098123615286316,0.5813397129186603,0.12783438597207195,0.12745956323683813,0.06252510097514105,0.6538272541073852,0.5142936852780838,0.009698717918392987
24,volatility,block_4_6,418,418,0.09108185952914656,0.08425340967469289,-0.09409215555778218,0.29125836291717955,0.6148325358851675,0.22267878590560075,0.22198031450346298,0.0812134259337223,0.6482909444589949,0.49632281075010165,0.024266787865453564
24,volatility,top_3,418,418,0.06737027663756327,0.05999384707513455,-0.13062515678319922,0.3006276113113023,0.5885167464114832,0.12943817413646563,0.129068791956641,0.06164040990826137,0.6554713968600705,0.5132546596791511,0.00918960659993745
24,volatility,top_6,418,418,0.09656710334915954,0.09228202546434462,-0.04886219635376188,0.24750916141616422,0.6626794258373205,0.2017883378220219,0.2011771406714841,0.07507364511126262,0.6511011446183282,0.47759551662607264,0.022996525881020878
24,volatility,flag_nested,418,418,0.08372325006262261,0.07736318074898302,-0.06221783084551598,0.24192925632132606,0.6244019138755981,0.11803495588081028,0.11771664037640536,0.07461241799284295,0.6554059417314716,0.49257480828637423,0.018914451709199104
25,volatility,market_1,418,418,0.05556932322549282,0.0371831703945113,-0.02525082120915017,0.1195300042698939,0.65311004784689,0.020142115007083024,0.0201792909282876,0.06460768743557103,0.6899946281000523,0.4860811283334377,0.00506676627313394
25,volatility,block_2_3,418,418,0.06921241191377718,0.07144368818699934,-0.192203645854257,0.3616791023287272,0.5956937799043063,0.1582875497120451,0.15773735345410383,0.10828293436222851,0.620578079928174,0.5096770987369477,0.034448166029653726
25,volatility,block_4_6,418,418,0.06567699622022634,0.08049536842081104,-0.15271169684852554,0.28727900158879666,0.6004784688995215,0.22869369904681947,0.2285342561534014,0.0942614237308578,0.6369439452537994,0.48838871607716533,0.01798066445008077
25,volatility,top_3,418,418,0.06787745813186002,0.06702272752226462,-0.19059631270259225,0.35022822613580334,0.5980861244019139,0.15971223794716016,0.15917610812319632,0.10671994239744831,0.6231791548974589,0.508188200535992,0.033589766980158614
25,volatility,top_6,418,418,0.056369159964211754,0.05877071543956654,-0.04517662687639258,0.16571273679448695,0.6435406698564593,0.17888792932950429,0.17877793229850167,0.05199863070792727,0.6686445698428668,0.4867161147460673,-0.006075104493555952
25,volatility,flag_nested,418,418,0.06363866241001706,0.06473598317480025,-0.11715049428664583,0.24800839391161594,0.6100478468899522,0.12599797996584464,0.12577190890245377,0.09537512611096513,0.6417823534033338,0.4829676914094394,0.021868290573181272
26,volatility,market_1,418,418,0.05733836188979259,0.052659397905367236,-0.024790857921309147,0.1358502061864475,0.6602870813397129,0.020113680979260598,0.020131607085290184,0.04974459952072892,0.6892534087681667,0.48265201582477374,0.00352055105196839
26,volatility,block_2_3,418,418,0.0904479296659487,0.07977958467579013,-0.13523908352305108,0.3360146520641736,0.6028708133971292,0.151405084570385,0.1508772992302227,0.08973112459352313,0.660458606342085,0.5313056594994426,0.022115441508373967
26,volatility,block_4_6,418,418,0.045821302339635585,0.0469353702048175,-0.15053017605376395,0.23560679228335601,0.562200956937799,0.24391365346322502,0.24352042493366793,0.07693329126242766,0.6412497936899894,0.5149743993527042,0.008400124196946086
26,volatility,top_3,418,418,0.08902190051574936,0.0778991704899046,-0.12427789241066114,0.3300036125637689,0.6052631578947368,0.15297818952722564,0.1524669631187119,0.08876014615364924,0.6616956241184763,0.5301687943389124,0.021285575826031987
26,volatility,top_6,418,418,0.04673308061426188,0.041629465756242004,-0.08381845635192184,0.15816676709853533,0.5861244019138756,0.20304739851438314,0.20273189869692942,0.06499537178920896,0.6503540735513077,0.49138238509050797,-0.0032535757037834593
26,volatility,flag_nested,418,418,0.05786270458486836,0.044049066184306415,-0.09886018008294559,0.21111281153376193,0.6004784688995215,0.13081512444756244,0.13052973783100838,0.07619404142624203,0.6464131338109396,0.5044132078947974,0.009172762412037211
27,volatility,market_1,418,418,0.057654309623195704,0.06204538980137172,-0.02382282728865641,0.1294009460009778,0.6889952153110048,0.020031056005093716,0.020011933166200712,0.06351712504173639,0.6916282373232541,0.48554766096077245,0.007079765111453428
27,volatility,block_2_3,418,418,0.0990577861477202,0.11576714894874249,-0.08616880644779054,0.33837860279092435,0.645933014354067,0.13359741871344433,0.13354220859194788,0.15673029134706556,0.6464940582942137,0.514266729356698,0.06411236565510879
27,volatility,block_4_6,418,418,0.06805945807278588,0.08673990120385493,-0.16754921424284192,0.276907687075023,0.6124401913875598,0.2250163750657512,0.22478689429479765,0.10700049271857547,0.6691511863406003,0.5144842589864296,0.04795228204994114
27,volatility,top_3,418,418,0.09706466861746539,0.1095236957493273,-0.07769980169930794,0.32060180321575177,0.638755980861244,0.13525545903604402,0.13520200035889593,0.15504956477701085,0.647638512046124,0.5122111501615207,0.06361340927354661
27,volatility,top_6,418,418,0.059798201452398524,0.04976590492135871,-0.10151972188503702,0.20072691964921952,0.6124401913875598,0.19362774514025913,0.19330738049875998,0.061996110508704495,0.6842513513670091,0.49922072169162957,0.013951533019219165
27,volatility,flag_nested,418,418,0.07190836162073852,0.07985923595900893,-0.0916630030169994,0.2548808047843793,0.631578947368421,0.11959195300470281,0.11948407537790776,0.1140101291218204,0.6707759140246015,0.5051109424334702,0.048678859863177534
28,volatility,market_1,418,418,0.0653001624999755,0.052038358320603655,-0.01585617806589279,0.14312639348462045,0.7081339712918661,0.01992205799122393,0.019929231608927345,0.07265438184041628,0.688458891344491,0.482659859998766,0.0191819217271924
28,volatility,block_2_3,418,418,0.11368687911982463,0.10401042302171765,-0.07647927029186913,0.32987415061203695,0.6507177033492823,0.13211831964952844,0.13287367983680493,0.08991701870024575,0.6427696968872862,0.5037990821614596,0.0419869456449616
28,volatility,block_4_6,418,418,0.11482098467413245,0.10277298332795737,-0.08114209079464361,0.3458051867186967,0.6435406698564593,0.22160138604390658,0.22213974640467307,0.09061800989331859,0.6554320379265108,0.4957593444757218,0.045697868874805016
28,volatility,top_3,418,418,0.11071992043136056,0.0981683923187431,-0.07093396104693503,0.3132603735256225,0.645933014354067,0.13383147832441655,0.1345852420529738,0.08756248478594351,0.6447545813690442,0.5021904318657747,0.03982546496057352
28,volatility,top_6,418,418,0.08932893664801166,0.07620095972719419,-0.06501964848323147,0.23523219856328464,0.6555023923444976,0.19126351989316265,0.1911461139515434,0.09931667283965284,0.6688680512494838,0.4826338279928002,0.03258748762136877
28,volatility,flag_nested,418,418,0.11060639135685216,0.09488772574540498,-0.05356073655905329,0.2765924467380738,0.6650717703349283,0.118366076054476,0.1187070962400377,0.08458555015861396,0.6582058123414793,0.48704405328355177,0.03950028368037734
29,volatility,market_1,418,418,0.06086929361667634,0.06021870840399232,-0.011077315201527944,0.12826840748204052,0.7105263157894737,0.020057514096692788,0.02008801111987679,0.061979308830515,0.6879544561830738,0.4800474198524288,-0.0019098951462913748
29,volatility,block_2_3,418,418,0.10345270452990282,0.08480586008788342,-0.1026817235223498,0.3346404244618431,0.6267942583732058,0.11588573255114065,0.11698328758376814,0.0944394438536575,0.671839172678686,0.506943130984515,0.034933825248111804
29,volatility,block_4_6,418,418,0.08728162391048959,0.08280064680676746,-0.095467982417705,0.26730361179530715,0.6076555023923444,0.24818780408300595,0.24975699290237283,0.05536716660960502,0.6144543102120911,0.49773713160522376,0.012397317360612857
29,volatility,top_3,418,418,0.10190123093126018,0.08467869605409278,-0.09616914745292762,0.3141168185873899,0.6244019138755981,0.11757963464055848,0.11867243193883818,0.0939020243057836,0.6732814080744727,0.5056990192059301,0.03475134950881495
29,volatility,top_6,418,418,0.08746434910728058,0.0684116371484913,-0.06603553847445326,0.20698600908507128,0.645933014354067,0.23617633800685306,0.23706280615478148,0.052623449803678155,0.5998912428050985,0.47281072906199245,0.00906021987764984
29,volatility,flag_nested,418,418,0.08797724706782002,0.0677494038638734,-0.07022033405643385,0.22542030676018632,0.6244019138755981,0.12558758072419762,0.1263651348447867,0.06390479577926707,0.6264068896702166,0.4868087920712328,0.016137873026052664
30,volatility,market_1,418,418,0.06100216203041183,0.0550656744986469,-0.018230878877695162,0.14304510251007566,0.6794258373205742,0.020156039485550233,0.020151255735599713,0.05861062249346875,0.6800837902741467,0.4704595949998447,0.0026528126543609036
30,volatility,block_2_3,418,418,0.08737598688762667,0.08820196802049482,-0.1486734977461218,0.31330249777550506,0.6076555023923444,0.12873964996894183,0.1290448319604075,0.08876072834491587,0.6768761719526649,0.5421519304561654,0.006570297396480911
30,volatility,block_4_6,418,418,0.07533741530129982,0.08177889445572409,-0.12184101022308864,0.2822335526871588,0.6196172248803827,0.22304042829680318,0.2230856119679478,0.10215889969859505,0.6767983255305395,0.5388894710047588,0.0003435360039492585
30,volatility,top_3,418,418,0.08578207707444047,0.08735940295294911,-0.14566068242857583,0.2950969682151143,0.6124401913875598,0.1303621820617459,0.13066119718347935,0.08784168759071245,0.6778501985806921,0.5396648137778578,0.006957907405549062
30,volatility,top_6,418,418,0.059341554034823905,0.06331761578019204,-0.06354950298989125,0.20417073533818197,0.645933014354067,0.1965551443339614,0.19645795175989503,0.0850940907118308,0.6735997853990984,0.5122062767455233,-0.0035613289631327063
30,volatility,flag_nested,418,418,0.07230704094391849,0.07102855852476589,-0.08169511905838721,0.24067276085823466,0.6148325358851675,0.11799646777613658,0.1180810558826846,0.09497074770318631,0.6761358875242939,0.5274244846321662,0.0022902032330492264
31,volatility,market_1,418,418,0.0604452705474648,0.05802319790873717,-0.01511540933537921,0.13670009069922548,0.6985645933014354,0.020089323280993308,0.020073796073665145,0.06778266402849392,0.6942157594558664,0.49010859901528164,0.009737426609935538
31,volatility,block_2_3,418,418,0.12348018300864827,0.10593919997728089,-0.07779484535280992,0.30403643500145683,0.645933014354067,0.12252364198309262,0.12204468218880206,0.1381096909259068,0.6685760899056892,0.5185125496135731,0.04809725675066108
31,volatility,block_4_6,418,418,0.07080238958418336,0.06640807068352604,-0.11285954148772942,0.26694412506163445,0.5861244019138756,0.21199549195559628,0.21172315192873162,0.1093384636992341,0.6507045840422933,0.49014051722100993,0.0067623284176825775
31,volatility,top_3,418,418,0.12057342732322121,0.10442116089186548,-0.07487597910008871,0.2969480201322953,0.6411483253588517,0.12428796836773381,0.12381984049861726,0.1362208853608746,0.6698064660640592,0.5167205427506161,0.04595144643325666
31,volatility,top_6,418,418,0.04534305248249766,0.042016233926567795,-0.08951760730997417,0.19258664639623424,0.6052631578947368,0.1892915734910895,0.1891562286213861,0.060187789350136967,0.6601480488949958,0.4767405488847985,-0.013935664160202043
31,volatility,flag_nested,418,418,0.08083855842403287,0.06647704656119509,-0.06858365990532624,0.22050967368969124,0.631578947368421,0.11294375775777048,0.11272976871142588,0.1150602246433197,0.6629303156079825,0.4916263424560184,0.014105531686082385
32,volatility,market_1,418,418,0.059713603586207024,0.05187361478630602,-0.02188842495828673,0.13152979642641272,0.6985645933014354,0.019998215010938056,0.02006289807442944,0.07312834618979445,0.6834949044515387,0.4753577065881958,0.015161512085042994
32,volatility,block_2_3,418,418,0.08720961049567179,0.0993423043509658,-0.1404115007853086,0.3256168370635532,0.6148325358851675,0.12432717341938843,0.12536477556989048,0.105624492333498,0.6641317865907013,0.5225966179793953,0.04216939279509973
32,volatility,block_4_6,418,418,0.09189762447463885,0.1086964284678946,-0.11269888297228872,0.3193662978304505,0.6028708133971292,0.21555021603286,0.21694230689942398,0.0674187024237896,0.6519897077386163,0.5040102076624943,0.04250746752713729
32,volatility,top_3,418,418,0.08557748064963457,0.09985755045734948,-0.12778346754719808,0.3152964732491924,0.6124401913875598,0.12597791744532652,0.12701316342658603,0.10416634102055919,0.6655644460385224,0.520955302285627,0.04068024563097255
32,volatility,top_6,418,418,0.08696335940517072,0.0838076604502976,-0.05902440193484093,0.2458880846412979,0.6650717703349283,0.19278553117846683,0.19374796171058617,0.06505563145497485,0.6602086961577828,0.48442508968850995,0.030768693564504346
32,volatility,flag_nested,418,418,0.0885088195845016,0.08975892456633458,-0.0803733198020382,0.26761872332807024,0.631578947368421,0.11482500278507926,0.11551255405665374,0.07492763792327332,0.6620238154848447,0.500433928658836,0.03940116185291465
33,volatility,market_1,418,418,0.05073638761254872,0.04491722153896569,-0.01813934616334486,0.12116432439473336,0.6770334928229665,0.020046655634261026,0.020048429986730353,0.04071470537739639,0.6895530502258649,0.48239721472992053,-0.0037832633206191183
33,volatility,block_2_3,418,418,0.11316795216073329,0.1414947617349351,-0.1090113347910515,0.3543791312715976,0.6363636363636364,0.12507514166056094,0.12504980519567357,0.10148046582159397,0.6745633219479404,0.5299715735690419,0.055623320965540984
33,volatility,block_4_6,418,418,0.08362473084267169,0.07290515812813164,-0.11216611738077131,0.2821862761162685,0.6172248803827751,0.235037227833745,0.23551885420803673,0.05574852299323017,0.6201973088670439,0.49884496408379103,0.027454770065249337
33,volatility,top_3,418,418,0.11083806975317476,0.13345090905050477,-0.10170172674333848,0.34216924445459684,0.6435406698564593,0.12680752912744425,0.12678201620394153,0.09942727372780925,0.6750805703237278,0.527769966937094,0.05346103629085159
33,volatility,top_6,418,418,0.06023367096958734,0.05432744838841632,-0.09099867265418043,0.21635022276964172,0.6028708133971292,0.21148414035560562,0.211929405428147,0.035419554250334856,0.6217142039542779,0.4761877593026221,0.009117237147786257
33,volatility,flag_nested,418,418,0.08905132160212031,0.0830801045020086,-0.07453451384972111,0.24240126326122757,0.6626794258373205,0.12213327284816573,0.12228737108491419,0.06275956115825156,0.6326730460452885,0.49063385032130036,0.03017240543904032
34,volatility,market_1,418,418,0.06497949266932364,0.051859114763892725,-0.0170706227488459,0.14820856283380465,0.6794258373205742,0.02023169795951696,0.020251926742598424,0.07034028274412765,0.6857926148211676,0.47836337997159933,0.017413228956486816
34,volatility,block_2_3,418,418,0.10610357343641455,0.121943466962085,-0.09741515686701226,0.3470627195504822,0.638755980861244,0.13987850977538893,0.14190804241694982,0.11089927581626602,0.6498054175995818,0.5127575130995364,0.03675127299668963
34,volatility,block_4_6,418,418,0.08753950945020736,0.08086073265734905,-0.13963873165045,0.32174160799155044,0.6028708133971292,0.24405328380911565,0.245939454767592,0.09664775176156168,0.6370590014786546,0.49165361524223944,0.025057657757125724
34,volatility,top_3,418,418,0.1043987487797908,0.12051161074020594,-0.09126666240199918,0.3363895913513363,0.645933014354067,0.14157280315524426,0.1435974932064352,0.11019301674441345,0.6510148365115755,0.5112619587892674,0.036115734180593016
34,volatility,top_6,418,418,0.07359078015646862,0.0600712578233211,-0.07988365527608626,0.24415594620274547,0.6220095693779905,0.20930421422235912,0.20966284043173128,0.08559880300049358,0.6525290238544316,0.4879713508852069,0.017933028483644316
34,volatility,flag_nested,418,418,0.08574031658474618,0.07660508254362088,-0.08395318908342336,0.2603495491049389,0.6267942583732058,0.12775710401250476,0.12886237323800262,0.09616794049672366,0.6467886730912557,0.485526239899677,0.02726682510387531
35,volatility,market_1,418,418,0.05980115897582681,0.05255873526418457,-0.029522879420401753,0.14446769577956994,0.6770334928229665,0.020315071346863826,0.020337481252685207,0.06599843639296017,0.6909909446715048,0.48465719011053987,0.007252456010664623
35,volatility,block_2_3,418,418,0.08336559614119829,0.08637756321527473,-0.09733340833138343,0.2943424083864586,0.6220095693779905,0.11672258582531235,0.11722875850818619,0.12141765947554779,0.6583619706308251,0.5012147973029538,0.04238406797597342
35,volatility,block_4_6,418,418,0.11187758130376199,0.09389698423283863,-0.08621905629915365,0.293589248178579,0.6602870813397129,0.225672140643103,0.2259557649430511,0.10240417429244343,0.642610396978976,0.4982862723805696,0.05247063926831728
35,volatility,top_3,418,418,0.08064422278772214,0.08336242423867132,-0.0957968589329942,0.2848971580179201,0.6267942583732058,0.11849753381900724,0.11899828777153587,0.11872033927419871,0.6595426789640635,0.4998244908910315,0.04078277810059469
35,volatility,top_6,418,418,0.11288328788853308,0.08747337725097515,-0.03565001547232647,0.24424142340845956,0.7033492822966507,0.20807205867614614,0.2083236690552401,0.0793345729314059,0.6535234012300112,0.48468777840691696,0.03573203098846804
35,volatility,flag_nested,418,418,0.09912110997606315,0.08991925725574063,-0.04703791419822755,0.25551372737952843,0.6674641148325359,0.11700691849501504,0.1172645007639648,0.10843233637745457,0.6521897675541508,0.4891784677362368,0.050116679509323504
36,volatility,market_1,418,418,0.05460771898325931,0.052228429010126955,-0.029622670334720984,0.12959731340062025,0.65311004784689,0.02033838057652329,0.020369184736942984,0.06409674777990883,0.6856476772949617,0.47899346215040917,0.010073781317753557
36,volatility,block_2_3,418,418,0.12788929625343223,0.12937887273109094,-0.06948312088996565,0.3290068015483628,0.6435406698564593,0.1208811393804691,0.12105902140381916,0.1530080622675047,0.6870093847341759,0.5479653868344836,0.06003488962710775
36,volatility,block_4_6,418,418,0.08904260890637257,0.08843205289257616,-0.08579104787640683,0.26285459390747207,0.645933014354067,0.2068912891539256,0.20711230447307738,0.11748164909920587,0.6660381694127301,0.5112120802930114,0.048597793729377135
36,volatility,top_3,418,418,0.12526794375764144,0.12171866313908894,-0.06655896667937743,0.31821555827848264,0.6483253588516746,0.12270767959095341,0.12288729823166541,0.15127682303766268,0.6878235211695001,0.5457469829124756,0.05870719935716459
36,volatility,top_6,418,418,0.0656792232612114,0.06659416750451944,-0.04935694666032361,0.19910936377253474,0.65311004784689,0.1846184973856008,0.1848191189672693,0.07246638347968376,0.6579120954495912,0.4721233247121858,0.021730835943436375
36,volatility,flag_nested,418,418,0.08990601857284043,0.08233498529821677,-0.03869509210639582,0.22370878786838483,0.6746411483253588,0.1106742489100731,0.11081419609385725,0.11786102769739137,0.6795372704045077,0.5139199281622404,0.042715048838028624
37,volatility,market_1,418,418,0.07625343361496527,0.06457340253911209,-0.0017145059732937141,0.15492183134955625,0.7392344497607656,0.02013455051492721,0.020148872964035034,0.06845622485839606,0.6843398389838604,0.47646767431880965,0.013922424776272294
37,volatility,block_2_3,418,418,0.10139982522539528,0.1128372199859862,-0.09523738760721276,0.3179536733752431,0.6507177033492823,0.12194585088484124,0.12231485842489269,0.11671400182540538,0.6561692066639643,0.5067670594688539,0.05614736354693119
37,volatility,block_4_6,418,418,0.08629241587434171,0.09084901832133765,-0.09228621113419974,0.27472972257442285,0.6507177033492823,0.22874284379178272,0.22898677732780118,0.0873986764441031,0.651754935074862,0.4975247135732299,0.0401128754350283
37,volatility,top_3,418,418,0.0994430237216118,0.11064074662260265,-0.08754657153930069,0.3062306299673387,0.65311004784689,0.12362242933821864,0.12398634735178081,0.11527648619804011,0.6575540175472753,0.5053651311716216,0.05487723302552869
37,volatility,top_6,418,418,0.0756357980270344,0.08209200038374838,-0.06779045663227787,0.23351098724274835,0.645933014354067,0.208138092449769,0.20836988472726947,0.07880519282271958,0.6601504906954415,0.4903450242953223,0.023740781272713382
37,volatility,flag_nested,418,418,0.08410741813581749,0.0944573659074939,-0.06539326405630763,0.2252516885155178,0.6794258373205742,0.1185226025105994,0.11873361413565994,0.08828364966969848,0.659260859306107,0.4927450497264936,0.03631886246539532
38,volatility,market_1,418,418,0.059646489399432664,0.06170861371315581,-0.016493907677774332,0.13209396699822204,0.7057416267942583,0.020125238458335568,0.02012252187929758,0.07739499971334839,0.6879880674887725,0.4814254369956276,0.013153229165098512
38,volatility,block_2_3,418,418,0.18097946188932926,0.21430336875283446,-0.07591008925318958,0.47383794071685986,0.7081339712918661,0.1442585044028706,0.14400049911591997,0.17291423846757065,0.6337955937247377,0.5054880727403687,0.09976693370102618
38,volatility,block_4_6,418,418,0.10851395406101294,0.13894748264017479,-0.1122051276178523,0.31879644878502145,0.6674641148325359,0.2257572087195074,0.22366479640237838,0.07846382151081302,0.6408325531700585,0.4891963471742985,0.018391761939635994
38,volatility,top_3,418,418,0.17719413644245044,0.20547880851376593,-0.07485362772419188,0.46208694222413293,0.7057416267942583,0.1457843176027441,0.1455310570219456,0.1696186497763822,0.6350306823771237,0.5040374938976891,0.09611888965562503
38,volatility,top_6,418,418,0.048781673719847825,0.05660938062600468,-0.07815834275196513,0.18778182275974625,0.6196172248803827,0.1893934911572069,0.1873144839047735,0.052198422009770915,0.6624071062679102,0.48135066189858894,-0.011606996639428838
38,volatility,flag_nested,418,418,0.11191745822208009,0.14637889748244848,-0.059720762397081045,0.29606038099096227,0.6842105263157895,0.12157500103199001,0.12070147316241381,0.09078659286361512,0.6523713724851822,0.4889765962228613,0.02763893176334734
39,volatility,market_1,418,418,0.05499589423270499,0.048227974021554154,-0.017895853040013992,0.12534548881330987,0.6770334928229665,0.02011997738670236,0.02013136058094073,0.05789580636931797,0.6818366770396329,0.4735584265777276,-0.007753552879476291
39,volatility,block_2_3,418,418,0.05019766967071467,0.09063187814501739,-0.18977207217179526,0.3226415806307972,0.5956937799043063,0.1392262468737902,0.13907213100164034,0.08602051574230866,0.6722432191935986,0.5433933929153437,0.019011394758757447
39,volatility,block_4_6,418,418,0.0360851538929641,0.06715161602275256,-0.16433090029265554,0.2724406012942196,0.5861244019138756,0.23303163468579913,0.23288355673394504,0.0596595074182744,0.6537518624407062,0.5155291141413628,-0.013801992815864757
39,volatility,top_3,418,418,0.04831766460613764,0.08282547411724764,-0.18038403218682572,0.31321015335018326,0.5933014354066986,0.14087076238368243,0.14072158203931434,0.08514078263525177,0.6732815605951936,0.5414976052151952,0.018212749410634325
39,volatility,top_6,418,418,0.05035027883232375,0.07833589080202147,-0.07184523013520033,0.20993810362560295,0.6267942583732058,0.19617823760558364,0.19602849247729504,0.055367064398951116,0.6609165650752171,0.4856058494854145,-0.004223923780475422
39,volatility,flag_nested,418,418,0.03479448572180593,0.06853795755765824,-0.12446443256105373,0.23963738012641245,0.6028708133971292,0.12404755307113158,0.12394932510213218,0.06369429692797815,0.6640690227069507,0.5130107846471781,-0.009147442612148886
40,volatility,market_1,418,418,0.072448811098288,0.06056089543859869,-0.004467722256281453,0.14651744794219168,0.7296650717703349,0.01996495796469092,0.020000025020620548,0.08666260116764563,0.687928224523722,0.48158358171536864,0.024104214037751315
40,volatility,block_2_3,418,418,0.07375836585698144,0.10874636963327192,-0.13963555960656004,0.31263534618492494,0.6124401913875598,0.13938263218748934,0.13943893711875605,0.0725603298769213,0.6451419106894755,0.515308613294071,-0.0011976166526683678
40,volatility,block_4_6,418,418,0.06055299776005725,0.0720849084839173,-0.18620958477996183,0.3060902289631524,0.5765550239234449,0.24588875705437557,0.2457038656783009,0.06495744022913058,0.6488424635136014,0.5157545884401898,-0.011482029936281345
40,volatility,top_3,418,418,0.07277233646824995,0.10384380828335832,-0.13389780128784579,0.29921643642194323,0.6172248803827751,0.14104938864501942,0.14110916396638082,0.07070953245435999,0.6470844627674981,0.5141935046217417,-0.0022599782464950537
40,volatility,top_6,418,418,0.059174705129091024,0.05558180482969283,-0.1140562352246077,0.22983434420718965,0.6004784688995215,0.208706172399215,0.20853137821047452,0.09400180165987417,0.6730841209567514,0.512993022421978,0.0021079742883004095
40,volatility,flag_nested,418,418,0.06506349511617067,0.07731664557554273,-0.12715997376670007,0.2409023317369099,0.6172248803827751,0.12835925367790155,0.12833225978907145,0.06734298455676338,0.6536676500604215,0.5065834188095912,-0.00593379289334881
41,volatility,market_1,418,418,0.058677967906844104,0.0502200531121415,-0.01897619969282492,0.13337803924722597,0.7057416267942583,0.020032843710408095,0.020030807245216005,0.07727407511538854,0.6879669636353523,0.48105193245100764,0.013716864276307951
41,volatility,block_2_3,418,418,0.12421226104709934,0.1394848229424998,-0.09571928972445212,0.3421798234198504,0.6650717703349283,0.1383503241935829,0.1381006064609688,0.12744584572369838,0.6738939123302176,0.525810432277325,0.055132197831174574
41,volatility,block_4_6,418,418,0.08956612123259973,0.08631006415180104,-0.09549615044566218,0.28907907692067714,0.6267942583732058,0.24433567047886387,0.24430471325090142,0.0908774825114226,0.6629318002268033,0.5208903674158115,0.03460793099798173
41,volatility,top_3,418,418,0.12118501168549789,0.13043707352379996,-0.09154738711811526,0.32933414399252336,0.6650717703349283,0.14000032971782242,0.13975047233037577,0.12484965624253314,0.6742751566614099,0.5234783383077357,0.054050576887228766
41,volatility,top_6,418,418,0.05854203350584114,0.06263018485267433,-0.0549347364626144,0.20431132832568794,0.6483253588516746,0.21342562048054112,0.21338828465881127,0.07227357189871887,0.6635209431999646,0.5052869950014126,0.012193850053908302
41,volatility,flag_nested,418,418,0.09005006672840261,0.08960569646420351,-0.054872619279056664,0.24776584119666112,0.6483253588516746,0.1280974994516585,0.12800529593805215,0.09076510389184424,0.6684394347842808,0.5120112991093574,0.035428772104060764
42,volatility,market_1,418,418,0.04765944380216165,0.043809747634714416,-0.031327803240653485,0.1282398681735314,0.638755980861244,0.02026071859690712,0.020243769848349736,0.0658747686431715,0.686154510095996,0.4778835103519065,0.007789910064099213
42,volatility,block_2_3,418,418,0.08187275005017904,0.09123941767203685,-0.12131103472473015,0.2912494345369367,0.6339712918660287,0.12056656601048758,0.12129685914722702,0.0819252160037002,0.6530695191849216,0.49828501947903514,0.02444772428607849
42,volatility,block_4_6,418,418,0.07884681822644952,0.08436814694672187,-0.13576792037816027,0.3247667509982821,0.6004784688995215,0.23841237399861878,0.2401811648951064,0.05987519288696889,0.6284974032945407,0.5037190589144294,0.014279694639783019
42,volatility,top_3,418,418,0.07977408002389623,0.0893947725153467,-0.11708616300810436,0.27490862212101447,0.6339712918660287,0.12229032583357882,0.12301377481153071,0.08176831884555143,0.6552941466952907,0.4977892941810422,0.022735176672590864
42,volatility,top_6,418,418,0.08944949423247923,0.10385194248808749,-0.05019270374901342,0.24828040445090288,0.6794258373205742,0.21765041600821652,0.21908444481850603,0.055629206382925206,0.6378978806914598,0.48584963676378495,0.0247599233402954
42,volatility,flag_nested,418,418,0.0752676130409093,0.07784052217071777,-0.09741819693113037,0.2548768674562213,0.6339712918660287,0.12297079996015288,0.12372718730387934,0.06433298747404138,0.6370251710795319,0.4947075575029305,0.01563058873691703
43,volatility,market_1,418,418,0.07412800449178174,0.06606233063324699,-0.008222229139051402,0.14711362132475003,0.7081339712918661,0.020224095937431682,0.02027828598126958,0.0798232725151868,0.683072763720066,0.4764172523644949,0.021765025556405793
43,volatility,block_2_3,418,418,0.10698364873302825,0.11897655191307144,-0.11844489023904595,0.3273280045822825,0.6363636363636364,0.124652830847607,0.12465691264135138,0.10802766065651488,0.6396396471259383,0.47376264687939823,0.0629234804426262
43,volatility,block_4_6,418,418,0.07332814550013016,0.087346907544721,-0.14090362484430266,0.2864410973290894,0.5909090909090909,0.22503264689803884,0.2251469951063752,0.03760084994991679,0.6173848163981006,0.4758724208795291,0.004148178048200276
43,volatility,top_3,418,418,0.10477074564489985,0.11642628796716208,-0.11234928476295178,0.31723704460945434,0.638755980861244,0.1263519112501626,0.12636159616908718,0.10569276829538998,0.6425503525380613,0.47430403159360385,0.06118461340044517
43,volatility,top_6,418,418,0.05429783334807295,0.04560869760036623,-0.09488812875834239,0.2154396509853938,0.5813397129186603,0.20243246676184432,0.20259711980037717,0.02572956832660231,0.6344535534220961,0.4746654391598182,-0.014966549568234984
43,volatility,flag_nested,418,418,0.07897241237250087,0.08923301958095307,-0.08800422176901512,0.24340669381237157,0.6172248803827751,0.11836277600585007,0.1184357373074893,0.05192914454596191,0.6270751663936446,0.46498442590432076,0.015111518811153905
44,volatility,market_1,418,418,0.06791434927976336,0.0606013045464492,-0.016596605790893698,0.1495871938217288,0.6961722488038278,0.02008962415698187,0.02011619319388044,0.07186480206650853,0.6844732702904033,0.4767766620105836,0.009919910724949705
44,volatility,block_2_3,418,418,0.11695517982719143,0.14411968811153,-0.07693788587909894,0.36867480365819916,0.6555023923444976,0.1295076320007355,0.1293436983796531,0.141394381027723,0.6642050042634478,0.5137808381672839,0.07341913173112848
44,volatility,block_4_6,418,418,0.05827175560783977,0.06650980070633492,-0.1310875396623701,0.24874975740583005,0.5861244019138756,0.23156921768861077,0.23179648865789398,0.08885842822361538,0.6613267364533978,0.5047802147031917,0.03578104909353683
44,volatility,top_3,418,418,0.11455923161133799,0.1379550559154346,-0.07602245621650591,0.3589306191616013,0.6555023923444976,0.13119550251721948,0.13104109338101028,0.138682729817512,0.6652363805748849,0.5120167821633816,0.07124816449006649
44,volatility,top_6,418,418,0.04462652601435601,0.03545086259206231,-0.08615536434605056,0.19470561479745258,0.5765550239234449,0.20459344697647697,0.20480632328425397,0.08042982760735838,0.6786874621507195,0.5038160529570687,0.021511401040613116
44,volatility,flag_nested,418,418,0.07208339962005657,0.07894048676242815,-0.0860323531210269,0.22822972223115146,0.6339712918660287,0.12170068590024365,0.12172420439849894,0.09885832285016943,0.6674443335362609,0.5014476422939343,0.041526568613670795
45,volatility,market_1,418,418,0.06202780122242859,0.05800676628578651,-0.01543391069329856,0.13195058813512173,0.6913875598086124,0.019875063083859962,0.01989521959306634,0.06874681593392805,0.685981904428062,0.4788393155297467,0.008357402774962443
45,volatility,block_2_3,418,418,0.11495243060135776,0.13329658223029542,-0.08838049042567314,0.356287321360581,0.6507177033492823,0.13985561484331333,0.14003152506876682,0.1288412880463902,0.6501920754688023,0.5148856630204667,0.0855393916163173
45,volatility,block_4_6,418,418,0.09437543980057589,0.10931989184613189,-0.1166204469219221,0.3070375644246694,0.6172248803827751,0.23402476291996102,0.23350881843473464,0.07759460303066118,0.633179359341717,0.4824400717207059,0.031873965405472125
45,volatility,top_3,418,418,0.11195961792174323,0.12238393117113061,-0.08439005764088293,0.34500736319022274,0.6507177033492823,0.14151226786383658,0.141688743897872,0.12634795917740319,0.6512202611914363,0.5129965774019551,0.08270011491828676
45,volatility,top_6,418,418,0.06750432572047993,0.06393823347711612,-0.06793965799354887,0.21779834501158257,0.6339712918660287,0.19477345700462076,0.19399829429834434,0.042319898419336525,0.6540192996391156,0.47049457746641926,-0.007390500207415751
45,volatility,flag_nested,418,418,0.0912530464646208,0.09110899681573834,-0.0713845389638577,0.2711634990264492,0.638755980861244,0.12432650627891624,0.12414895442910136,0.08300300100250614,0.646933714521025,0.48512024510637164,0.037526722124779054
46,volatility,market_1,418,418,0.06814439062798244,0.058196447092522606,-0.016051962105471978,0.13994598951056444,0.7081339712918661,0.019905338783876843,0.019934900376825767,0.08164410810876832,0.6870412548517009,0.4796662098247745,0.013676578144470234
46,volatility,block_2_3,418,418,0.15939456029533644,0.1519303741732166,-0.04695269499833642,0.4017554966163104,0.69377990430622,0.11959187171051057,0.11959964971220687,0.1629709845248683,0.6532819567268148,0.5036501072395834,0.06982841583918863
46,volatility,block_4_6,418,418,0.09392859782843845,0.10201855195165144,-0.10953459848684007,0.27694733153492834,0.6363636363636364,0.22410132955052645,0.22452749827905774,0.11301903121915075,0.6552590979292654,0.5105458474122647,0.044416231738244806
46,volatility,top_3,418,418,0.1564944622463104,0.14510330723594872,-0.04539978211506692,0.39288604431096785,0.6985645933014354,0.12124440922928469,0.12125605804463388,0.160544406443371,0.6549823350521773,0.5024280766417029,0.06834663734201095
46,volatility,top_6,418,418,0.055042045549503316,0.0528363250907711,-0.0923091391276774,0.20672659580945135,0.5956937799043063,0.20659671697317672,0.2070541947876281,0.07925315135463058,0.664513009857505,0.5066950997610229,0.025886570571526053
46,volatility,flag_nested,418,418,0.10580279652524145,0.10469394837200796,-0.046806531808442256,0.27009385152429954,0.6602870813397129,0.11697229463857568,0.11716138326095199,0.12103633724456912,0.6613560686299138,0.5030548714633949,0.04568891578921983
47,volatility,market_1,418,418,0.06262468339141673,0.06329780597546736,-0.01228727445478723,0.1423307417194633,0.7057416267942583,0.019970209096740788,0.01998928790968803,0.07590516857206962,0.6920714552432226,0.4866273157972178,0.009841600530563498
47,volatility,block_2_3,418,418,0.15064501564722632,0.1489643331134468,-0.04231647556669209,0.38331329133099756,0.69377990430622,0.13794967755019366,0.13791026341281343,0.12191192685320641,0.6696149189947549,0.540777710350645,0.06182420990826413
47,volatility,block_4_6,418,418,0.09367363626395671,0.10866323990998508,-0.1291673221304604,0.3145420440758927,0.6363636363636364,0.2372312118136308,0.23994354421528283,0.06388709381587324,0.6462913560345847,0.5195449003828508,0.036400546427992925
47,volatility,top_3,418,418,0.1469948122709645,0.13784314337389453,-0.04053407162493719,0.36728608361238124,0.69377990430622,0.13958243298316986,0.13954779148017077,0.1196985179955873,0.6707661183490456,0.539625685180046,0.06031480094032592
47,volatility,top_6,418,418,0.05310132633627669,0.05287500995278388,-0.07568496579461638,0.18399452783955358,0.6196172248803827,0.20194884056172938,0.20463323632129954,0.04811856909397477,0.6415101447783557,0.47783738869206605,0.004780377786942668
47,volatility,flag_nested,418,418,0.09610554990859706,0.09071749235770663,-0.07066824449089171,0.27019440305577214,0.6507177033492823,0.12542349724732935,0.12640649267725745,0.07317413337931955,0.6534898751409448,0.5129664909144314,0.03841802277746663
48,volatility,market_1,418,418,0.05056657212227947,0.04881100397798819,-0.03337006970260596,0.1326401851469609,0.65311004784689,0.020193498640223486,0.020139023447218813,0.059951347106180795,0.6844342183030924,0.47712726581506615,0.009053793472861393
48,volatility,block_2_3,418,418,0.0791928091151052,0.08545371851644656,-0.1242244853902712,0.3096448836406201,0.6244019138755981,0.15281413761595108,0.1533106443977817,0.12492558386061875,0.6232421714491914,0.50717437725763,0.05832278704396983
48,volatility,block_4_6,418,418,0.06226048590335455,0.04243934742959148,-0.15053952894613584,0.2555790216403043,0.5645933014354066,0.23639559291936976,0.23277543446394378,0.07462980717372698,0.6265638709389781,0.4933174911541336,0.030680623049543835
48,volatility,top_3,418,418,0.07713800973055926,0.0796227780567636,-0.11775659931321902,0.3009448561482718,0.6244019138755981,0.1544385673152404,0.15493424627140048,0.121712966250299,0.6249107448419017,0.50596409094711,0.055197407812014584
48,volatility,top_6,418,418,0.057464701232228826,0.04965950893693491,-0.06868166861578899,0.17695968283524433,0.6244019138755981,0.1886482249802789,0.1841943374761738,0.0536219901739864,0.6662037952090224,0.47726486505272636,0.004201550476300427
48,volatility,flag_nested,418,418,0.06566608703364832,0.05039839464488143,-0.09674168456032177,0.22528378493940843,0.5885167464114832,0.12754508703243106,0.12633557010831192,0.08233977862684147,0.6357647013763263,0.4903468046784728,0.03549961083897701
49,volatility,market_1,418,418,0.041150719144676724,0.04003028833986954,-0.02741934843558507,0.1078939268583892,0.6555023923444976,0.019901959056065673,0.019907731205837862,0.058179718394365906,0.6854947948917569,0.47711480497722575,0.006463912100486848
49,volatility,block_2_3,418,418,0.11923060933452954,0.11319925743774872,-0.09207789169284349,0.343472077573331,0.65311004784689,0.12321343763743473,0.12303218897859282,0.11352354957302213,0.6592104065383246,0.5200741042711914,0.05093802788910837
49,volatility,block_4_6,418,418,0.10103527157081087,0.09966719570243146,-0.12181299648921,0.3130632864412738,0.6220095693779905,0.23320648460194215,0.2321072348559434,0.08546330756129802,0.6701810751483176,0.5240364883428327,0.04399646082039992
49,volatility,top_3,418,418,0.11760380186087843,0.10827519827106814,-0.08629189173597164,0.33703976944032704,0.6578947368421053,0.1248499338125967,0.12467553507308779,0.11164249649683057,0.6602335302469224,0.5178912334962705,0.04900590087500585
49,volatility,top_6,418,418,0.07518802535629858,0.04504694505151418,-0.08535454146760084,0.23686690299438196,0.5980861244019139,0.21268688677070915,0.2115885466571042,0.06306174227568302,0.6779633491768429,0.5154766037816235,0.026189187107649916
49,volatility,flag_nested,418,418,0.10233556621065652,0.07420317109878893,-0.08485186661698545,0.25495356279667336,0.6339712918660287,0.12043383271073292,0.11998870785971034,0.08626761048723376,0.6715619138957003,0.5127652548436838,0.044150136593844834
50,volatility,market_1,418,418,0.055343882944026486,0.04851329414876532,-0.0370588807788054,0.12800215794331615,0.6339712918660287,0.020125192754373432,0.020146954689817385,0.058847206693862494,0.6905884810616991,0.4848038997052177,0.005814105914654691
50,volatility,block_2_3,418,418,0.1240196823727371,0.13607162965410607,-0.09420184880537785,0.378232501521454,0.65311004784689,0.12685319895661232,0.12681372147213066,0.15047649633368715,0.6720909916920139,0.5233515157633722,0.055918840846723286
50,volatility,block_4_6,418,418,0.10534309587490838,0.10800329600773614,-0.09457474258440192,0.3111219254630049,0.6507177033492823,0.2256514132670264,0.2238776917573217,0.10301306680906502,0.6387730334557882,0.48265252492362115,0.04496505028315459
50,volatility,top_3,418,418,0.12169836420921512,0.13605191510607315,-0.08574460623260764,0.3709191050570927,0.65311004784689,0.12844591496361132,0.12840789078662138,0.14848484922837107,0.6733400669396109,0.5214422600248535,0.05385752871589171
50,volatility,top_6,418,418,0.08339348047111825,0.07413506912838475,-0.07726802717399094,0.2541087802198716,0.631578947368421,0.2047007641689532,0.20289171640382592,0.07141839985114327,0.6384533741144077,0.4646524612368208,0.028788793709520265
50,volatility,flag_nested,418,418,0.10454973514187792,0.11545327675184389,-0.053057095194824426,0.2698267539785782,0.6698564593301436,0.11907108897568229,0.11838200813721443,0.10337358573845723,0.6527432468986982,0.48131190778977967,0.0401225303856358
51,volatility,market_1,418,418,0.0532440812949832,0.0460831185209937,-0.027011407651093815,0.1329682629976312,0.6602870813397129,0.019838082228926194,0.019923712570574674,0.06066061399726131,0.689792472308877,0.48291644799204203,0.00424124175987217
51,volatility,block_2_3,418,418,0.08692991479189699,0.08206821581131409,-0.13078699274320207,0.30675278159533975,0.631578947368421,0.13314036952421698,0.1338332818165185,0.05593380089134153,0.5981886128220991,0.5019452052865769,0.0508009666701123
51,volatility,block_4_6,418,418,0.06504230995130605,0.07032130180053292,-0.15393789906608946,0.2838473003461389,0.569377990430622,0.23391897844210685,0.23527160229491814,0.046425202311723944,0.6152701070492411,0.49322912039552047,0.024973281835439162
51,volatility,top_3,418,418,0.08528182247193147,0.07724375102398758,-0.12307266557477316,0.29641429510394424,0.6363636363636364,0.134787525897142,0.13547105431709075,0.05578599425801132,0.5995806904926203,0.49977138559895823,0.04931831577347082
51,volatility,top_6,418,418,0.04955040842828941,0.06090857680986543,-0.09214198304582694,0.1913158991147925,0.6148325358851675,0.20364801913657088,0.20474440869664218,0.05297909967193382,0.6683215655105382,0.4921656684292293,0.004776933444937382
51,volatility,flag_nested,418,418,0.07221257455980562,0.06283801852896492,-0.09036644010100484,0.23619074941817333,0.6100478468899522,0.12276789378625856,0.1233687515217848,0.049968290851560127,0.6224778746251188,0.48849890043199173,0.030714759363172726
52,volatility,market_1,418,418,0.07473959149335445,0.07586107547414969,-0.007601250339211086,0.14791575213788788,0.7344497607655502,0.020508282476929235,0.02048589636175582,0.06975405377487856,0.6864682237240326,0.48031577252512136,0.01162280095097739
52,volatility,block_2_3,418,418,0.16119099652928648,0.16964954024240853,-0.03164961239121547,0.3628313038459943,0.7248803827751196,0.1399775050654991,0.13943869937943326,0.17307565871726477,0.6333172560464193,0.5169174105486245,0.08166579157744039
52,volatility,block_4_6,418,418,0.11826400742715847,0.1336811582203528,-0.05813726296958345,0.3330321259101504,0.6770334928229665,0.23198257873469905,0.23191152611038893,0.13949832946793553,0.6434888779521777,0.4910262925774038,0.03880803288125867
52,volatility,top_3,418,418,0.15816638283100318,0.16030893644066058,-0.03025587303495328,0.35052475569481206,0.7296650717703349,0.14169027273027088,0.14115875163893363,0.1701824701760371,0.6344061487354846,0.5146556415305863,0.07834143335489786
52,volatility,top_6,418,418,0.0740066567330279,0.07772460355246011,-0.03874059135747672,0.21205032108862634,0.6602870813397129,0.19645401612448246,0.19636777339226424,0.10001323211052468,0.671230339467922,0.48379314955357405,0.01740440622045848
52,volatility,flag_nested,418,418,0.11765507680300487,0.12746577533112774,-0.038488875638027005,0.29478406573938765,0.6961722488038278,0.12412245556239183,0.12391920861188037,0.13932936281981667,0.6473715094412822,0.48554871417602746,0.04418070135610666
53,volatility,market_1,418,418,0.05937939613178206,0.056175169797959924,-0.016635355667596413,0.1334708995124618,0.69377990430622,0.01977741238602861,0.01974849836640833,0.08357228360464908,0.6951696816508396,0.4908906212404883,0.027305674686195203
53,volatility,block_2_3,418,418,0.1314455433239171,0.13425205421134243,-0.07750361075219785,0.3510895592189452,0.6722488038277512,0.14385776931891517,0.1434798913284173,0.1790657785044061,0.6317042072334619,0.5264645382819622,0.06365131925367065
53,volatility,block_4_6,418,418,0.11342065837640693,0.12363983995546612,-0.08664618710803425,0.2776331989058578,0.6650717703349283,0.2323840492735623,0.23212741691637384,0.12106044848894115,0.6299005867114762,0.5188411679912933,0.03462350525915784
53,volatility,top_3,418,418,0.12920000150329203,0.13756473163069327,-0.07500445988911307,0.339611095279414,0.6674641148325359,0.14550218705211518,0.14513193298628693,0.17666680681808586,0.6336024375484648,0.5250460406837444,0.06260163486930873
53,volatility,top_6,418,418,0.09292644602428403,0.08813298291565044,-0.04994132676977077,0.22075728000912204,0.6578947368421053,0.19294593781446645,0.19287255910476955,0.08165779851656849,0.6653682075218839,0.5014325422683148,0.029988819500250265
53,volatility,flag_nested,418,418,0.10766087791871136,0.10787366687115993,-0.038307614545199375,0.24096873634691246,0.69377990430622,0.12467680009678808,0.12449561039200614,0.12927401846624614,0.6375427665485449,0.5131228201339177,0.03911024859459648
54,volatility,market_1,418,418,0.05739172451755474,0.0513017136042898,-0.021589549425332664,0.1274645126888703,0.6913875598086124,0.02022337897303221,0.020261516264820346,0.06086774729335836,0.6814299425591809,0.473750293661521,0.010924585298827982
54,volatility,block_2_3,418,418,0.12440334136434683,0.1264638761430234,-0.1072932153463419,0.4059612517716331,0.6602870813397129,0.15509466676852907,0.15536765923920365,0.11130558008509939,0.6452960156685295,0.5389129255267688,0.06276348289865566
54,volatility,block_4_6,418,418,0.11181571761200516,0.11604881375506262,-0.09527024018637353,0.3487819836921934,0.6339712918660287,0.22950680971415266,0.22926981787924625,0.09037086536112357,0.6464677059544961,0.5022899374271649,0.04995110850700219
54,volatility,top_3,418,418,0.12178884711260736,0.12648488701920618,-0.10449853598110087,0.39763140941907965,0.6602870813397129,0.1566940551036253,0.15697038825666482,0.10996441969939506,0.6466415168951682,0.5367567043359707,0.06079442228311214
54,volatility,top_6,418,418,0.08037578038412063,0.0738385254371835,-0.05341882308959373,0.21921035131402236,0.6483253588516746,0.18025159987933864,0.1798464571430927,0.06813420437100687,0.6647394628174054,0.46765685132830964,0.02156002509354684
54,volatility,flag_nested,418,418,0.10809732872493569,0.10589324057289257,-0.0630034838812285,0.29720600744710796,0.6626794258373205,0.1255526878526569,0.125525429881425,0.09476397632313627,0.6543801315318976,0.5029243778396454,0.052181476915971886
55,volatility,market_1,418,418,0.050069767070768254,0.0367293273727983,-0.028283515012581716,0.1170869241474811,0.6578947368421053,0.019772072068701095,0.019824137166821503,0.06362302701218188,0.6904815251471258,0.48468833439286224,-0.007388956432846579
55,volatility,block_2_3,418,418,0.09439721616979106,0.10084193776850292,-0.12030269193688435,0.35190405273184644,0.6196172248803827,0.14439198790021684,0.14445753554911492,0.11168328817072264,0.6457195178347386,0.5230524502135113,0.03334193942121197
55,volatility,block_4_6,418,418,0.05389642967813161,0.049254781848786275,-0.18437100044665963,0.3131921245440963,0.5645933014354066,0.24552673729394178,0.24565076110338016,0.07658297329057707,0.635395253440928,0.5018207423786499,-0.02032726815548728
55,volatility,top_3,418,418,0.09219634733930834,0.09909948060198243,-0.10924426368215642,0.3416746136446419,0.6267942583732058,0.1460004994890434,0.14607341901222698,0.10981168825685735,0.6479811362077751,0.5230302847314416,0.0319475722678846
55,volatility,top_6,418,418,0.055554262990965254,0.04421012328449736,-0.11007165828763042,0.22211737616823,0.6028708133971292,0.20596235767036192,0.20599218321689614,0.05084950187004522,0.6588755410306365,0.482284202658172,-0.034492237687918585
55,volatility,flag_nested,418,418,0.06082419696290808,0.07383243873855369,-0.1311634409477268,0.27595638095256414,0.5861244019138756,0.12919594586490069,0.12924560315655823,0.08431309416192045,0.6440903407409432,0.4969509847510992,-0.009375588660472537
56,volatility,market_1,418,418,0.07248157196641349,0.06524690370929523,-0.015162869030714631,0.15783028112193853,0.7057416267942583,0.020007687331696906,0.0199988270573867,0.08846622320114586,0.6929499057864501,0.48913482732909336,0.020622973510708735
56,volatility,block_2_3,418,418,0.05776590585955525,0.0520015125910637,-0.16786873204699565,0.2899184035542455,0.5574162679425837,0.1354742725798933,0.13527434411320166,0.1506496122601335,0.6637350814080489,0.5243293707084683,0.048684312376238256
56,volatility,block_4_6,418,418,0.01921052564421769,0.017437918584833876,-0.20285145230316817,0.2630203976644403,0.5263157894736842,0.25927832671092715,0.2593192052000319,0.08427353631036237,0.6444702122255513,0.5181757828419279,0.016086486312332074
56,volatility,top_3,418,418,0.05699400176334806,0.05221929939257457,-0.1560209413195206,0.28076595875283983,0.5645933014354066,0.137180773426037,0.1369850389391763,0.14754675247184976,0.6648090019024172,0.5224978008087435,0.046127441583851334
56,volatility,top_6,418,418,0.026683278337869664,0.017857681844095516,-0.12370614789062534,0.1976107027645664,0.5406698564593302,0.2259749897027941,0.22609853117642617,0.053435221340008554,0.6563004043847921,0.5027216510547644,0.010454850051239346
56,volatility,flag_nested,418,418,0.03334514105464685,0.034057777357488224,-0.134086811127884,0.22784924405889556,0.5526315789473685,0.13308447326988485,0.1330664140903422,0.09908276560068627,0.6515548878988808,0.5043397369863977,0.024852935653508948
57,volatility,market_1,418,418,0.05004844387662197,0.049563296740718854,-0.026372701465437107,0.11509406298231839,0.6842105263157895,0.01991936680675274,0.01994738746976557,0.061906615408728924,0.6832718626140115,0.4758171059000019,0.00023974372129741188
57,volatility,block_2_3,418,418,0.0886640136192115,0.09472590221703225,-0.12656386974602538,0.35170280286340116,0.6267942583732058,0.13125830978294442,0.13263281085417153,0.10572926411231547,0.6724764619141111,0.540246334240257,0.0242820974677636
57,volatility,block_4_6,418,418,0.07149431106858048,0.0795590731544442,-0.15772367444330115,0.3001428742510032,0.5956937799043063,0.23373421362079103,0.23478309774674835,0.06932877857532516,0.6510264070073463,0.5076532233067308,0.009841974291711237
57,volatility,top_3,418,418,0.08724484894726829,0.09610333908636517,-0.1179147025143573,0.34217596548217566,0.6291866028708134,0.13283432427105935,0.1342067124486703,0.10465785618981456,0.6739844882178162,0.5386417336934815,0.02380046061303729
57,volatility,top_6,418,418,0.06943212620294152,0.06213324515078233,-0.08313538562138403,0.23641435148803908,0.6172248803827751,0.2077966546312206,0.2080125467966074,0.04928125403580036,0.6420976797274501,0.4752413572708503,-0.0005433431020121719
57,volatility,flag_nested,418,418,0.06903464002720568,0.07736647774502783,-0.10472535126637483,0.2721677515671816,0.6076555023923444,0.12201223485491978,0.12271100456263602,0.07170679810944165,0.6628435708250741,0.5059361826617826,0.008338176270453471
58,volatility,market_1,418,418,0.05942882240723488,0.054270736847302395,-0.03400253668609814,0.14802047285637865,0.6483253588516746,0.01984191735419991,0.019873617126955085,0.06257183637656036,0.6866374866396867,0.4795844348349066,0.008673141431807876
58,volatility,block_2_3,418,418,0.10432980059558661,0.08717795652058227,-0.10571629518968641,0.3334188263384483,0.6220095693779905,0.1505436231469889,0.15030976352376654,0.10064145783240919,0.6528321214146212,0.5219959638605526,0.021996030413169294
58,volatility,block_4_6,418,418,0.07372301492560716,0.08800094776651833,-0.16800186506430165,0.30769437826849905,0.5909090909090909,0.27099892653894136,0.2722591123603968,0.08795764090102855,0.6068675951386017,0.4876751002904708,0.03713268524238765
58,volatility,top_3,418,418,0.10223033780549035,0.08800291323496495,-0.09844807600454258,0.31337589904913266,0.6196172248803827,0.15215816309437782,0.1519390907746418,0.09866093044866388,0.6542183404578946,0.5204817684465128,0.020570717509246945
58,volatility,top_6,418,418,0.04848296787155318,0.0779439019717408,-0.11891521923221605,0.2253227646592731,0.6124401913875598,0.2269932010143855,0.22834787516301405,0.07630765477660992,0.6174226564831592,0.4758979280170597,0.024144846310019914
58,volatility,flag_nested,418,418,0.07673283564976076,0.07427750328008048,-0.11476588655246027,0.2466097476818674,0.6148325358851675,0.1399966903053329,0.14042967559691388,0.08585490782247454,0.6204566814607952,0.4802413675272854,0.029909931258551355
59,volatility,market_1,418,418,0.0463809129105102,0.04249417367765073,-0.02814395802680502,0.1237575059707068,0.6555023923444976,0.019774445913891058,0.019752584533070956,0.0501646020715084,0.6814813203450067,0.4722694978464856,-0.0024316390743327507
59,volatility,block_2_3,418,418,0.059215102506472786,0.065158969766201,-0.1104891746004174,0.24862402854879517,0.6004784688995215,0.11087329150928202,0.11137840532091259,0.056502628163309906,0.6648116675306137,0.49593846029060806,0.0038934960510560303
59,volatility,block_4_6,418,418,0.08082526033560165,0.07914113741031087,-0.10208625685902398,0.2883998605085186,0.6244019138755981,0.21664389525663932,0.21677252618388407,0.040102285961079606,0.6413054472803655,0.4844496468344345,0.0016474986334995493
59,volatility,top_3,418,418,0.057862348661511756,0.06434048885855886,-0.1010286817333596,0.2413350107149349,0.6028708133971292,0.11255040068096757,0.11305252650330506,0.0561084668694618,0.6659708870310294,0.4945680914816362,0.0030383621593955954
59,volatility,top_6,418,418,0.08357136352436305,0.08046069962404184,-0.0480105096613409,0.2178721214111081,0.6650717703349283,0.2050631137028113,0.20508512565982479,0.046692707003436376,0.6387654959834516,0.47772301479358725,0.008275723551986074
59,volatility,flag_nested,418,418,0.0726931356283526,0.07898546532016384,-0.0767733720214182,0.22852737230873665,0.6411483253588517,0.1121905628105367,0.11239885174717008,0.04629517423958154,0.6572785693001816,0.48414755012552474,0.0021787789420905884
60,volatility,market_1,418,418,0.04957840193631622,0.04148372064965279,-0.03541209859448491,0.11719053061691717,0.6291866028708134,0.019953028750847354,0.019968905955929758,0.059675031281467075,0.6779163877254623,0.46884711904378595,0.007246018437256051
60,volatility,block_2_3,418,418,0.08770828670188796,0.10057921838843642,-0.12100654967498352,0.2993651337738316,0.6483253588516746,0.130098411075888,0.13085665339519487,0.11473586772407054,0.6508315553284824,0.5169513966308574,0.029265412524730427
60,volatility,block_4_6,418,418,0.046893715286103414,0.07794404778669364,-0.13926806697798957,0.2295965217913932,0.583732057416268,0.2251106665250576,0.2263586014140098,0.09928560623710884,0.6515020374784054,0.4966462863237968,0.010777099695073029
60,volatility,top_3,418,418,0.08654492112360773,0.09703183199351233,-0.12050710119527222,0.28509505826612436,0.65311004784689,0.13184592397249134,0.13259659818382105,0.1139664522566964,0.6529925890967304,0.5155389980421731,0.02872215869487447
60,volatility,top_6,418,418,0.021868740976352077,0.04298238866302903,-0.08236331004373573,0.17366370793258062,0.5789473684210527,0.19623039571285972,0.1972168287429526,0.08152452814787496,0.6659142208923278,0.495160442732774,0.012422628903694291
60,volatility,flag_nested,418,418,0.051233097710969094,0.06591582880474786,-0.10088663111882237,0.19971753566967526,0.6148325358851675,0.11859160043604544,0.11917616591222775,0.09830566791151008,0.6598355854686574,0.4931986325695944,0.012088973224270811
61,volatility,market_1,418,418,0.05682960191399604,0.05453202475913439,-0.021593694255419085,0.12344127444195982,0.6746411483253588,0.020012307286664786,0.019980025769775974,0.05478514144726603,0.6841660283491621,0.47677486270345004,0.002320805322158756
61,volatility,block_2_3,418,418,0.12218121484077964,0.1452156558205396,-0.18703867117595824,0.40180815795985086,0.6244019138755981,0.15096904094509506,0.15061253762939672,0.14204948524178487,0.6336204501244159,0.5199655254448997,0.04621827819780725
61,volatility,block_4_6,418,418,0.09380431643846242,0.09718347532341412,-0.13428865116517263,0.28487108248085985,0.6483253588516746,0.22622904152086354,0.2253909794953961,0.09294390692633943,0.650720350723544,0.4937843875687401,0.027131252955081918
61,volatility,top_3,418,418,0.1201739430401297,0.13842223731229542,-0.17960045285080828,0.3949435615007555,0.6291866028708134,0.1524444758406077,0.15209345216337447,0.14051125422203806,0.6350836823143106,0.5182305377936571,0.045640882499035036
61,volatility,top_6,418,418,0.04838363761334929,0.05049312958305341,-0.06614936015167382,0.16395509615211232,0.6100478468899522,0.18468432472510835,0.18393842910598293,0.04766834915908173,0.6717694229141689,0.4835827871508804,-0.00360209930789207
61,volatility,flag_nested,418,418,0.0980238691017353,0.09614268684302793,-0.0722471181843957,0.2665989900538578,0.6555023923444976,0.1232704168483484,0.12289639239446636,0.10362870256083075,0.6538672118795703,0.4910025078613675,0.030231378391177077
62,volatility,market_1,418,418,0.06683449909031171,0.05121560656183144,-0.02722417637106662,0.15186510207296963,0.6842105263157895,0.01994138355429078,0.019953017016896668,0.07430970220503226,0.6880178366264512,0.48176904526413494,0.015800952150395748
62,volatility,block_2_3,418,418,0.09684979090052398,0.09176731792662415,-0.1440081293218241,0.3229239585162892,0.5933014354066986,0.12170683282976942,0.12156221907094962,0.1444768464768831,0.6808874696151236,0.5070159485303736,0.05161885457358144
62,volatility,block_4_6,418,418,0.0921951390218784,0.09478943185576791,-0.1280328808117159,0.33084336176035567,0.6267942583732058,0.2358169240957002,0.2344956919885424,0.10457822527786985,0.652333231093857,0.5143458550988868,0.002753280181005068
62,volatility,top_3,418,418,0.09560951059057637,0.08229314503203451,-0.1367225134400747,0.30497352115323245,0.5980861244019139,0.12339362135973178,0.12325000173656496,0.1426955888208382,0.6821207672914783,0.506057817975596,0.050154753566148805
62,volatility,top_6,418,418,0.07902008181483364,0.07033130232829232,-0.06645007396858449,0.23772980824063633,0.6363636363636364,0.21533036556889323,0.21404094660720197,0.07208634267045441,0.6440692582233557,0.4969727909176385,-0.008417633385318068
62,volatility,flag_nested,418,418,0.08972051090587643,0.08240665014997536,-0.07776479689885984,0.2743041976222874,0.645933014354067,0.12192428800900591,0.12138845191755321,0.10813421420180278,0.6597477292159655,0.5003143192866518,0.011549566088667407
63,volatility,market_1,418,418,0.05413543098111503,0.04347497882698711,-0.021131583295949878,0.11763648975600446,0.6483253588516746,0.01990321987048148,0.019910558998375606,0.06167710107488835,0.6827038129351988,0.4740869006303883,-0.0009332538325248305
63,volatility,block_2_3,418,418,0.13532262950140053,0.14511888226484354,-0.10876929628352681,0.362394074471195,0.6722488038277512,0.12467799919310936,0.12473741177279149,0.12436602032721607,0.6404921644188001,0.4908927207593786,0.05889267584689479
63,volatility,block_4_6,418,418,0.09075134150770148,0.10225500745846047,-0.10231107337954475,0.26621384495650596,0.6363636363636364,0.21517257330556894,0.2151893843301307,0.09070713228128713,0.6318944050805165,0.47483638340950135,0.024089384869616207
63,volatility,top_3,418,418,0.1332673977251919,0.13597807379029075,-0.10088101685303258,0.3540103304300918,0.6746411483253588,0.12637207941273892,0.12643272781582524,0.12243744949918907,0.6418524428809502,0.4893695180418431,0.05744973231308645
63,volatility,top_6,418,418,0.048169747970897764,0.045014612043482866,-0.07581523904299767,0.18204508963798113,0.6124401913875598,0.19094342306312698,0.19097132997345614,0.06243927327374153,0.6556569265980159,0.4797284898717256,-0.0017517138419860378
63,volatility,flag_nested,418,418,0.09809463734013975,0.09848958821425327,-0.05088159535129509,0.2380809661376216,0.6698564593301436,0.11446684882724975,0.11449479632684705,0.09545096333915729,0.6379375529693263,0.46666509404366413,0.033578535562101344
64,volatility,market_1,418,418,0.05142728566539255,0.05244240751511737,-0.03255222352467785,0.13598487399085632,0.6674641148325359,0.020239089836591406,0.02023376057630943,0.05459476892851483,0.6837372573201531,0.4753320645180039,-0.006226498813452404
64,volatility,block_2_3,418,418,0.11256602340745807,0.11723527310438805,-0.0719791147931984,0.2786985138794567,0.6602870813397129,0.10250660052959981,0.10169631561682052,0.11340130147156338,0.6707354482059046,0.49243547201359944,0.05446259620952065
64,volatility,block_4_6,418,418,0.08613078403657767,0.11073905428264336,-0.04549171233502662,0.24167212334830404,0.6866028708133971,0.1857753775191792,0.1843945163899917,0.07426107153034482,0.6619001324717209,0.48633124939310973,0.02738443127937891
64,volatility,top_3,418,418,0.1098872789943767,0.11625924575097758,-0.06873769103198483,0.26896272637299495,0.6650717703349283,0.10426769780030329,0.10346640843190687,0.11153162130060165,0.6721026008638193,0.49146845659111144,0.05320609912850473
64,volatility,top_6,418,418,0.05615725209231412,0.05695465589653366,-0.03525033717887119,0.17025028852008792,0.6698564593301436,0.18281432303074147,0.18169340621201058,0.0515873871804305,0.6641404522413167,0.48114481758050104,0.004822692767287067
64,volatility,flag_nested,418,418,0.08405074870574854,0.09900846400468323,-0.018996262286318257,0.19170728037299964,0.6985645933014354,0.1002648356227783,0.09961910677403735,0.07827183533255075,0.6683077426831839,0.4818882111005765,0.028565499732969082
65,volatility,market_1,418,418,0.06023886654635966,0.05666594232302682,-0.034541843497823965,0.14372172672476244,0.6602870813397129,0.02022068366435706,0.020222514741894664,0.0590742676193477,0.6832783630150099,0.475342337687658,0.01184090534553345
65,volatility,block_2_3,418,418,0.09680126164569955,0.09832335451893642,-0.09632473509001185,0.32151129561803543,0.638755980861244,0.11321702973245208,0.11339755541698233,0.11817851328781033,0.6865345489393121,0.5243386609865717,0.036309681213321746
65,volatility,block_4_6,418,418,0.07888560873657414,0.08674235979137375,-0.09118572417814062,0.262161043752495,0.6411483253588517,0.1947275225533375,0.1947691393772882,0.09813115176825075,0.6762483114117629,0.5065547420207308,0.02375053210298618
65,volatility,top_3,418,418,0.094150487599843,0.08930772627966851,-0.0946202819230008,0.31299340106961526,0.631578947368421,0.11493296437293626,0.11510796362363855,0.11588304445194096,0.6874228493594737,0.5228956767463186,0.03425403155596348
65,volatility,top_6,418,418,0.07084370083171675,0.07156906757338441,-0.05456979219321476,0.18930916960563038,0.6244019138755981,0.18188899815462806,0.18193079013832736,0.07778118999962536,0.668241188707624,0.48232584537942835,0.02258262616819474
65,volatility,flag_nested,418,418,0.07616563820395461,0.08579176692405771,-0.051856054594861346,0.22683152128687414,0.6626794258373205,0.10502701905527559,0.10510423650799244,0.09936583559186943,0.681546657237176,0.5008580087568352,0.02265355402477146
66,volatility,market_1,418,418,0.061594615146031026,0.05532792401378424,-0.01599004979670794,0.14015948892422025,0.69377990430622,0.019751566779214084,0.019770149507663527,0.056119581062093166,0.6924741820793988,0.4870696624318886,0.0029713755326584816
66,volatility,block_2_3,418,418,0.08079918498652998,0.10565297602431808,-0.12671497553326622,0.2861011732342083,0.6435406698564593,0.10643779860232003,0.106486137120477,0.1260117282768948,0.698091602990927,0.538824022187305,0.03573800804745968
66,volatility,block_4_6,418,418,0.07360244823678831,0.08126707557360245,-0.06156754454863947,0.21213668451330836,0.6626794258373205,0.19136782694989202,0.1914339939125416,0.09891121092456137,0.6757664315564811,0.5037168684974396,0.022107616168979174
66,volatility,top_3,418,418,0.07888346128212115,0.10402478063197755,-0.11796512307432905,0.2720175857661057,0.6483253588516746,0.10818635392183223,0.10824248701072639,0.12534175021722663,0.6984261061397442,0.5364365261534011,0.03493658147844276
66,volatility,top_6,418,418,0.07829835389615454,0.07127812916027892,-0.014367928934279427,0.18252873356130092,0.7057416267942583,0.18060748353474118,0.18065768628406834,0.06901865706717504,0.6683959495550648,0.482524088302666,0.015311092237297805
66,volatility,flag_nested,418,418,0.07231036060125189,0.08455642774653002,-0.0426162180102749,0.19721702467636304,0.6746411483253588,0.10273088853643768,0.10277311644861435,0.10174078318805245,0.6820625864697099,0.5027144458571179,0.024108551024245462
67,volatility,market_1,418,418,0.06616486769539308,0.05994222080157874,-0.02909994943468322,0.14699316661611805,0.6794258373205742,0.020116280900913944,0.020136013027533883,0.08658691682649268,0.6848879370446063,0.4779067564702761,0.011332905717827536
67,volatility,block_2_3,418,418,0.11274472523239149,0.12429053927088067,-0.11077661071955097,0.3679975518878916,0.6507177033492823,0.1376808134586453,0.13798093657712898,0.1051811407322844,0.6611356067115931,0.5219840279346797,0.03499534595190496
67,volatility,block_4_6,418,418,0.08451231975684104,0.0833457152165902,-0.1809623291116833,0.36525242580755396,0.5861244019138756,0.26473951476964874,0.26503979897225044,0.08304209873435817,0.6187093240848872,0.5038030172468765,0.03359954608087296
67,volatility,top_3,418,418,0.10990058012185773,0.12137111284700228,-0.09988505549618205,0.3531692464437427,0.6507177033492823,0.13926472388152084,0.13955981840977058,0.10356100150096048,0.6626555884908479,0.5212590791621459,0.03403559556666951
67,volatility,top_6,418,418,0.05565079927269132,0.03955200540553802,-0.11850048888331315,0.25214586400661304,0.5717703349282297,0.23196930659892878,0.2322420990027118,0.07441061402555549,0.6281478431616574,0.4853938468646241,0.008575136993165677
67,volatility,flag_nested,418,418,0.0826984245758192,0.08361786512200399,-0.12866584200675182,0.28740891647399985,0.5980861244019139,0.13506971194295223,0.13526381693248832,0.08653801208591394,0.6322069788598926,0.4992604073153511,0.029893374084107156
68,volatility,market_1,418,418,0.06404002741028418,0.060649030146276775,-0.019135441547984453,0.13703934781938013,0.7105263157894737,0.02014358530456998,0.02014566925268688,0.059490565510370984,0.6786008063351476,0.4688736629471894,0.006398816623364872
68,volatility,block_2_3,418,418,0.08405756882887887,0.06904910765453856,-0.11740266893656193,0.29954733253234544,0.6028708133971292,0.12589593911226812,0.12555571022937367,0.08683379075019437,0.6432280128266809,0.48879550258131277,0.026658018610145454
68,volatility,block_4_6,418,418,0.09304337632319785,0.07491605291762861,-0.10069398446457387,0.2904559518998261,0.6291866028708134,0.2365897301738352,0.23677923796736675,0.0776256082549415,0.633208405414197,0.48988059715313564,0.02105423668622913
68,volatility,top_3,418,418,0.08265484939677807,0.06778915987036607,-0.10865256580992222,0.289334788375339,0.6052631578947368,0.12765492163754857,0.127322222191748,0.08566093472571826,0.6442239684993063,0.4871397290861445,0.02566561019513234
68,volatility,top_6,418,418,0.07988356366074242,0.07105065113266203,-0.0646639615386562,0.25140964531386223,0.638755980861244,0.2131315786649976,0.21317576060618212,0.06754658633907308,0.6543707216196293,0.4923210411475825,0.016688400348095524
68,volatility,flag_nested,418,418,0.08960258018411277,0.0759201838018381,-0.05739064337608365,0.2404472595953858,0.638755980861244,0.12270444253844084,0.12260889494497812,0.07598489735254756,0.6404091685039448,0.4794456912003311,0.021425214115393065
69,volatility,market_1,418,418,0.05274766415082527,0.04970418922421765,-0.026702229077414576,0.13100516124101774,0.6818181818181818,0.01999264182497146,0.01998475458411324,0.060756885446593446,0.6911319530005343,0.48517868942426035,0.015324623639278777
69,volatility,block_2_3,418,418,0.05310863738112938,0.07429436418464441,-0.1803245262216781,0.28695035590528073,0.5933014354066986,0.13893506050842616,0.14098301854135953,0.1521742991078661,0.6870920515545228,0.5488094115476083,0.055631043639636495
69,volatility,block_4_6,418,418,0.05081332127280679,0.05996598070967428,-0.15160607949683308,0.239231463214557,0.5885167464114832,0.2360102045177414,0.2369360684610887,0.07687919759227282,0.6488454832428685,0.5140776923674303,0.02214012258353142
69,volatility,top_3,418,418,0.05225518761756328,0.07139670145909835,-0.1745726781568253,0.27601477950503256,0.5956937799043063,0.14056810054597538,0.14260488919008518,0.15049987879558574,0.6879559092479497,0.5468901492395075,0.053360350120946344
69,volatility,top_6,418,418,0.06406302444027813,0.07221183268647977,-0.05400268960101541,0.19393974051447083,0.645933014354067,0.20340408487554065,0.20263682103956077,0.03671771762404053,0.6370500717115601,0.482533838799529,0.005643444726177007
69,volatility,flag_nested,418,418,0.05347554199299094,0.06212373170115183,-0.09999505436742055,0.21030403653665153,0.6100478468899522,0.12490016038102274,0.12564535698575233,0.09521539306553434,0.6607117966761845,0.5097379318621368,0.028785088381290087
70,volatility,market_1,418,418,0.06510684486628164,0.05631988897954829,-0.017819486802328685,0.1327373060846041,0.7129186602870813,0.02001490336534765,0.019977610826640332,0.07152718463829418,0.6886696447786756,0.48222628016739644,0.014734277400713038
70,volatility,block_2_3,418,418,0.1236976806673921,0.13428195716276659,-0.08199005130588777,0.31398298921863177,0.6842105263157895,0.11592186914371588,0.11575745704191329,0.13808079078071128,0.6813590863300523,0.5153732083723859,0.07001728628080567
70,volatility,block_4_6,418,418,0.09164965945692703,0.10688597161948638,-0.08553515189028449,0.26926702197839064,0.6698564593301436,0.20741796986893124,0.20705735977103662,0.09312829367735823,0.6660512077875576,0.49568722065386334,0.034532116152763595
70,volatility,top_3,418,418,0.12089816730999287,0.12503860874799774,-0.07899723698800128,0.3056577025678976,0.6889952153110048,0.11770711771788642,0.11753952384729885,0.13560426942798057,0.6815711057680754,0.5138843186320508,0.06779278714748085
70,volatility,top_6,418,418,0.06330090574401546,0.07670422998618742,-0.0774315251654128,0.2026509419087703,0.6483253588516746,0.19041693532488757,0.190065236951905,0.06380146037114896,0.6662870629759625,0.4830123779382717,0.010330081731003757
70,volatility,flag_nested,418,418,0.09411462007452029,0.09434391043892673,-0.03794647785857941,0.22308322310920853,0.7033492822966507,0.11010069390347622,0.10992828272580878,0.10071818303240426,0.6714384786970201,0.4924949133521599,0.04075782302248234
71,volatility,market_1,418,418,0.08171309777694478,0.06751393558949835,0.003046756734276944,0.14908597049754185,0.7607655502392344,0.020049086715260053,0.020046918586334995,0.09096391205695262,0.6878259895432022,0.4823290775468395,0.02445798590331417
71,volatility,block_2_3,418,418,0.13643357057910327,0.15347793541714244,-0.09069634120253037,0.3919739148795431,0.6674641148325359,0.12379981916359428,0.12412934044935447,0.15818454938674076,0.6805645759155295,0.5319697150033795,0.04746558080799676
71,volatility,block_4_6,418,418,0.0842060258158897,0.07575083304284351,-0.06589813116537302,0.25188856895523687,0.6220095693779905,0.2188701920569405,0.2189082098899893,0.08364399568056907,0.6684058827639672,0.5066560066269696,-0.009361262018393905
71,volatility,top_3,418,418,0.13350623957365568,0.14693002672764527,-0.08629152471824698,0.37768059803564363,0.6722488038277512,0.12541386403145957,0.125738779724375,0.15554397957408353,0.6819225259122148,0.5303505778309866,0.0452760316197058
71,volatility,top_6,418,418,0.04249510484367332,0.0469274664854162,-0.08082138217011337,0.1526902097074846,0.6004784688995215,0.19690699684946583,0.19690570015687348,0.03593324236129232,0.657922776824078,0.4767428291577226,-0.023321280809193976
71,volatility,flag_nested,418,418,0.0912764864504727,0.07404925900373657,-0.04240115189941108,0.23629341459642214,0.6555023923444976,0.11573408352064579,0.11585870733476825,0.09510199949077468,0.6717015359610492,0.5036005980792253,0.004232345706021482
72,volatility,market_1,418,418,0.08722576277381479,0.07276501592367637,-0.005769083478439778,0.16068197052014033,0.7272727272727273,0.020455177532581914,0.020440538421470165,0.09912795598529957,0.6810190153561254,0.4727369296449047,0.03182381872808006
72,volatility,block_2_3,418,418,0.09595062196138614,0.13143743695544913,-0.13577419086827228,0.3352248284965769,0.638755980861244,0.14118007857888556,0.14233835270563172,0.13029116869877913,0.6446930568869824,0.5190299451225867,0.050285989199287444
72,volatility,block_4_6,418,418,0.09195213664944411,0.0953904089117866,-0.09081847143352391,0.27245993884156466,0.6363636363636364,0.21968939199418017,0.22073620888928625,0.1357520750759158,0.6586494632837034,0.52045311180401,0.05128302811763241
72,volatility,top_3,418,418,0.09348237930379723,0.12272711778663259,-0.12725867902691174,0.3252312731040776,0.6363636363636364,0.14286980498677415,0.14402084606582938,0.1285604631552045,0.6460854361585251,0.5174268978447178,0.04831676385233864
72,volatility,top_6,418,418,0.08141675561414796,0.07072188527998363,-0.04616995877302103,0.20369293078398065,0.6363636363636364,0.1800923715321943,0.18050447050902457,0.10113489042547853,0.6824125447807067,0.5009289461120813,0.030097337987069574
72,volatility,flag_nested,418,418,0.09004581900698105,0.09208053241861802,-0.05605540367328578,0.2325672031447154,0.6626794258373205,0.11936178645737526,0.1199996166369934,0.1292635192885051,0.6592337403011095,0.5083290004674278,0.04765253753080349
73,volatility,market_1,418,418,0.08349650744975395,0.07369864381510001,-0.009592585854118391,0.16941731550844755,0.715311004784689,0.020231773952231843,0.020209223152017324,0.08702117329260699,0.6877027686950671,0.48012877699901646,0.01776270100214706
73,volatility,block_2_3,418,418,0.1289768131014147,0.11363636008924827,-0.08662080014982701,0.34093526956579445,0.7057416267942583,0.11705643089813561,0.11685826569496136,0.1477773389226285,0.6597120652798841,0.4996364759241229,0.05666704234041668
73,volatility,block_4_6,418,418,0.08996306641088238,0.05848108813705752,-0.12139350159099399,0.3133091586363023,0.5956937799043063,0.22390783982175144,0.22298488930172475,0.09612858537300678,0.6461484564389209,0.48783299491882526,0.028298119519386714
73,volatility,top_3,418,418,0.12726837889355136,0.11006766418915807,-0.08177883559309151,0.331901534546324,0.7033492822966507,0.1187818975164374,0.1185905799136437,0.1458801479384908,0.6619406131663604,0.498914183191326,0.055356142165527616
73,volatility,top_6,418,418,0.06019279049202595,0.049139314341999446,-0.11802589560660219,0.21486333646694375,0.5909090909090909,0.20865653965163425,0.20778631261368039,0.07002221662573682,0.6415802401286329,0.47216334989433556,0.012567201972636338
73,volatility,flag_nested,418,418,0.09998463958768922,0.07487745474944332,-0.08615937226683762,0.25752649737407735,0.6148325358851675,0.1156069375301412,0.11524354262424104,0.10624305451183691,0.6639333415781064,0.48688009040352404,0.033180197468972744
74,volatility,market_1,418,418,0.05416014528499984,0.046286588215733115,-0.023330813995351113,0.12907825531224681,0.6555023923444976,0.02008549110402123,0.020110798544946122,0.058665197249444107,0.682850003978797,0.47378805854733996,-0.0048150818475591025
74,volatility,block_2_3,418,418,0.08106018108614381,0.0975652640955113,-0.08957169611604142,0.2931559027947664,0.645933014354067,0.12893589750710574,0.12913507342034117,0.09422918892978005,0.6388200748839147,0.4976646179716047,0.006501914806105008
74,volatility,block_4_6,418,418,0.04581845418996064,0.0617179323809631,-0.16282151998926447,0.2590570993561212,0.583732057416268,0.21608835021550546,0.21647019593703043,0.05661857984796959,0.6391464126503407,0.4809820634102544,-0.03255991745312149
74,volatility,top_3,418,418,0.0792014285659777,0.09323793696419469,-0.08405688690285495,0.284938602885874,0.6435406698564593,0.13064251682745806,0.13084282714096362,0.09324688776488456,0.6401077333635463,0.4957409357307158,0.006112164407813375
74,volatility,top_6,418,418,0.05287292758415423,0.06502495115789089,-0.10002363668752534,0.19582167494181166,0.6148325358851675,0.18851661551521443,0.1888524733234387,0.04790648568927409,0.6680714931105927,0.4780187177292869,-0.02147079276025083
74,volatility,flag_nested,418,418,0.049013917123703364,0.05710483128889625,-0.10649673041191035,0.2293044951463338,0.6124401913875598,0.11586119556670908,0.11604520559066893,0.06439443046960208,0.6466542408297699,0.4773015506681302,-0.022365475004005222
75,volatility,market_1,418,418,0.06296633103257042,0.05938370353658223,-0.0125843245825633,0.11912785236798488,0.7033492822966507,0.020229524513687095,0.020238712128732402,0.06975276838761753,0.6899743621375279,0.4829869015896673,0.013958283894120927
75,volatility,block_2_3,418,418,0.10558586182136452,0.0891653112356587,-0.09418159519301231,0.33808141819979515,0.6028708133971292,0.12527868434893835,0.12569395607571016,0.1437633049125963,0.6626560368751803,0.5034598749517517,0.0742718735921766
75,volatility,block_4_6,418,418,0.08584240259768772,0.08292516475042624,-0.10068891508442183,0.2848668049230122,0.6363636363636364,0.2205911993548957,0.22051921830361937,0.10661554798860123,0.6647548855932123,0.5091377741630676,0.04873004684499593
75,volatility,top_3,418,418,0.10339972137201887,0.08714909068092917,-0.09109061263939303,0.32642666972931117,0.6124401913875598,0.1269648118842344,0.12737900941482963,0.1416657531849852,0.6640681278828083,0.5026432338442361,0.07274439147851869
75,volatility,top_6,418,418,0.06963142822689886,0.06945184570428488,-0.07340586344851047,0.2060243502003567,0.6435406698564593,0.19892405432782415,0.19860030072398283,0.07281946193028202,0.665906409925974,0.48964239214631144,0.021323858690697223
75,volatility,flag_nested,418,418,0.08670830226960415,0.08500199109305626,-0.061065070830572984,0.2383845734623583,0.6411483253588517,0.1170862077529383,0.11713692682877161,0.10871583064656615,0.6654945723187431,0.4990459366461072,0.05165700037839439
76,volatility,market_1,418,418,0.05860798028539484,0.05556543449047152,-0.017915196742712303,0.13032676529426312,0.7057416267942583,0.020075024358606666,0.020077614031379393,0.05963896390631065,0.6854710011865408,0.47838631774197554,0.0021376119168421462
76,volatility,block_2_3,418,418,0.08285717270544174,0.09450291555347883,-0.13940349205200653,0.3088692800862075,0.6028708133971292,0.13608015342152024,0.13645877955847793,0.07746548897088207,0.6431164918542847,0.515691734243273,0.025655274238779682
76,volatility,block_4_6,418,418,0.06678763345550656,0.0593628706121489,-0.10211854643434429,0.2510061684398001,0.5861244019138756,0.2082482106774925,0.20867148397784488,0.07133103109563312,0.6494320329791986,0.4836670950007727,0.011631057700449378
76,volatility,top_3,418,418,0.08168579914287978,0.08382659922168254,-0.13386260368393743,0.2920805996450911,0.6100478468899522,0.1377302123463418,0.1381015957661013,0.07714624010955608,0.6447429433349381,0.5135157267163445,0.024953485363872062
76,volatility,top_6,418,418,0.05486930265614963,0.04861155392507073,-0.06770215981459962,0.17884792900726837,0.6148325358851675,0.17757180429722053,0.17799259493590788,0.05758678792422182,0.6680424489422188,0.4701737980329352,0.0061258440456747115
76,volatility,flag_nested,418,418,0.07055273501912232,0.060646495360897834,-0.06972042161076884,0.20546703891108542,0.6267942583732058,0.11442616062475607,0.1146977240287346,0.07149856629980082,0.6546559949901015,0.4832752643765215,0.013822777460094632
77,volatility,market_1,418,418,0.07119227245791734,0.06100951940348996,-0.005342901013975102,0.13204705180732945,0.7368421052631579,0.019899631867671554,0.019908706488251385,0.08228738300642609,0.6894059667436486,0.4841370249695575,0.019071275775051664
77,volatility,block_2_3,418,418,0.12912495517803402,0.09841469364656052,-0.0635248766417255,0.3250879996346012,0.6674641148325359,0.11286765222866624,0.11304202251806049,0.1267334119698376,0.6621785812266828,0.49706792309255593,0.06943698291558921
77,volatility,block_4_6,418,418,0.10011012946524275,0.09997241795502879,-0.12235117014306143,0.30410230204386784,0.6172248803827751,0.2169517657621474,0.21710461034685075,0.12313128778765348,0.6635944354343157,0.5099155920037207,0.06870441091495032
77,volatility,top_3,418,418,0.1266233878138047,0.0947229607153376,-0.06027541891568512,0.30468620646953404,0.6698564593301436,0.11453344310675856,0.11470667621746038,0.12474740209860109,0.6639658361599478,0.49638883624841285,0.06758250327412146
77,volatility,top_6,418,418,0.06811630396819172,0.05860812672477224,-0.07531627567658081,0.20851607748990322,0.6267942583732058,0.20280124713230394,0.20290925178911426,0.08426023872958208,0.6698319585111973,0.5039419446961939,0.036410729009321734
77,volatility,flag_nested,418,418,0.10311019460010674,0.09887850842412144,-0.06304227284083204,0.24723758691899572,0.6602870813397129,0.11272404733043646,0.11282443953712451,0.1254325893904717,0.667725473804638,0.4981766716494338,0.07018797746760093
78,volatility,market_1,418,418,0.05546368085139542,0.04726641540994275,-0.01954818090782326,0.12321920932894528,0.69377990430622,0.020033783007135212,0.02005966425854808,0.06597494395355694,0.6869292818696381,0.47957609664539885,0.005541245778175678
78,volatility,block_2_3,418,418,0.09083950546058854,0.10752900474088863,-0.13912664360490362,0.3194561478228178,0.6052631578947368,0.12449599382035005,0.124516287654428,0.11862035745535525,0.6573977798503123,0.5076473129320832,0.06389491229554473
78,volatility,block_4_6,418,418,0.10111968357460628,0.09690644899054485,-0.08557564654728828,0.31605523795797236,0.65311004784689,0.20746753358078965,0.2073353473400256,0.09105321799766873,0.6586062874910197,0.48280802719355986,0.042494444189688875
78,volatility,top_3,418,418,0.08921388980715604,0.10268452241541079,-0.12544614834915746,0.30772820546041957,0.6076555023923444,0.12616609731080874,0.1261897551911371,0.11715190782239374,0.658482140555547,0.5053426922409883,0.06265515580880504
78,volatility,top_6,418,418,0.0885514029405095,0.0789686571135453,-0.029617619468391924,0.1986406432351571,0.6961722488038278,0.18448729952568102,0.18439797871429722,0.0771320003609578,0.6743415285876905,0.48543031627351846,0.01925070154550974
78,volatility,flag_nested,418,418,0.09369435531399195,0.0942574149421178,-0.06737433007963389,0.25665600106751274,0.6674641148325359,0.11139279742405199,0.11137457114526456,0.09409505754345733,0.6653464182327605,0.4798859501945154,0.04492414289092991
79,volatility,market_1,418,418,0.06309001333769501,0.054872742906397654,-0.006565126533489417,0.1381530547476554,0.722488038277512,0.020092489367043356,0.02008126150277704,0.06884118826968018,0.6816998820450332,0.4742920544721631,0.008850159308213928
79,volatility,block_2_3,418,418,0.09582900533942168,0.1140545995133696,-0.07604336118367976,0.27875521999398134,0.6650717703349283,0.1191092879990365,0.11959064164668855,0.09981043211656965,0.6460233708089078,0.490600241732939,0.05143234123622052
79,volatility,block_4_6,418,418,0.07101099728731854,0.0773048883495735,-0.1187431802834017,0.2817909248735732,0.6172248803827751,0.2146661502972987,0.21523514270542418,0.0943911883623759,0.6142961265847023,0.4598941768545528,0.03538138913173875
79,volatility,top_3,418,418,0.09375941165890145,0.11043941789240762,-0.07949854022129116,0.2702179849346055,0.6626794258373205,0.12088444112109052,0.12135810204323177,0.09831036892346659,0.6472999562686568,0.48907629638909794,0.05002084225604321
79,volatility,top_6,418,418,0.06481275687016268,0.07467001678141523,-0.07786427441052234,0.2165676207737055,0.6483253588516746,0.19369943191837743,0.1941178695973641,0.08506718977712793,0.6297040534599084,0.4668070699296927,0.016404255229327067
79,volatility,flag_nested,418,418,0.07475494922781578,0.0783522764487814,-0.06671055014291762,0.22909167724577512,0.6244019138755981,0.11325711132152125,0.11354833643491871,0.08866261611592716,0.6330927246716541,0.4636328942516857,0.03416982823778155
80,volatility,market_1,418,418,0.07455945441901424,0.06581497244988087,-0.005426787614450373,0.146120333761294,0.7296650717703349,0.020089428395412015,0.020129924390069772,0.07267325161288175,0.6902737357489767,0.4833029069618371,0.005774060346716774
80,volatility,block_2_3,418,418,0.12324890084860994,0.12452323810572977,-0.1053611945150397,0.30879482812468073,0.6507177033492823,0.1377322426291042,0.1380553621035667,0.18291190776531802,0.6909600673401741,0.5481618061807669,0.0804942351961884
80,volatility,block_4_6,418,418,0.08426244735899802,0.0934551464598514,-0.10690013671696094,0.2604133329232967,0.631578947368421,0.22649366197146567,0.22822805303352836,0.1279811010119915,0.6636603052681127,0.5124668331576449,0.03134926859744031
80,volatility,top_3,418,418,0.12185092324821943,0.12214307076016118,-0.09139459940551309,0.3039855279385747,0.65311004784689,0.13941165837678798,0.1397359993020417,0.18022066392755418,0.6915593288285097,0.5462379771458146,0.07812403523264597
80,volatility,top_6,418,418,0.05713640094706842,0.06393281110178078,-0.06231163693423733,0.1691852883931063,0.6483253588516746,0.19005791746873865,0.1917359930541983,0.059902650726340885,0.6581640033109406,0.47753719411116624,-0.0015283422691505
80,volatility,flag_nested,418,418,0.08774270365022045,0.08893377922079265,-0.07876951498503411,0.22138054018511957,0.6578947368421053,0.12150096067342746,0.12218733717502109,0.13311280761987507,0.6719511418348941,0.5101917678287498,0.03695426566050367
81,volatility,market_1,418,418,0.059259861539344455,0.04971703477653894,-0.01888275845466988,0.1249527903584167,0.7057416267942583,0.020016041621177445,0.02007735398635648,0.06299612079411483,0.6945221179194714,0.48889226583155365,0.004985745239837257
81,volatility,block_2_3,418,418,0.14204466610387634,0.12440688637770075,-0.04426254460703313,0.3508529885769202,0.6818181818181818,0.1293351575825011,0.1294565398666509,0.18126921736926516,0.6451956646620945,0.4906082550077254,0.07994823274785877
81,volatility,block_4_6,418,418,0.10078990002296308,0.10512250470164194,-0.07422576918321874,0.3136407195882036,0.6555023923444976,0.21129811953960706,0.21156354665602115,0.10236708448421739,0.6547075453832337,0.4810484588214892,0.029343889759701286
81,volatility,top_3,418,418,0.1394075188808902,0.12625232725640934,-0.04102898692820191,0.34089536316811553,0.6842105263157895,0.13109285309297872,0.13122349915376297,0.17875100398721505,0.6464812863884467,0.4894744631015586,0.07831751806017052
81,volatility,top_6,418,418,0.0719936435035946,0.07268487555973296,-0.04715516068642884,0.20758660154555456,0.65311004784689,0.18313985366294427,0.1833513244751487,0.05700674367351557,0.6797006142096924,0.48848200370667033,0.0004328351944204267
81,volatility,flag_nested,418,418,0.10179304632979227,0.1040569099063584,-0.03851922142248015,0.25546444112029076,0.6770334928229665,0.11388722169109482,0.11401388950335799,0.11710812525396931,0.65846447538204,0.47827724952829553,0.03746741071103183
82,volatility,market_1,418,418,0.07682737424195957,0.07129371214955504,-0.0012430519876238755,0.13923324701298992,0.7464114832535885,0.019975747663733896,0.020003852101947703,0.07548470184536007,0.6871385527182851,0.48022760046973706,0.015464599354546601
82,volatility,block_2_3,418,418,0.08479178710397106,0.10305958495463713,-0.12162728943824581,0.286212394252189,0.6291866028708134,0.12138748922117155,0.12202015226964469,0.10189866745860979,0.6455184355231696,0.48978055845998975,0.038119390390096916
82,volatility,block_4_6,418,418,0.05424394099990364,0.052508887038219966,-0.11043604799695173,0.23748762755104547,0.5956937799043063,0.20011457530512175,0.20040876024429785,0.06495856133467762,0.6685062286998052,0.4930288504990434,-0.009124032377273198
82,volatility,top_3,418,418,0.08180811143733552,0.0990405765849866,-0.11073572436724835,0.27192536812052154,0.6363636363636364,0.12310205173412178,0.1237247254836922,0.09934420642346195,0.6475746809062202,0.4888408823047964,0.03591234874040571
82,volatility,top_6,418,418,0.05015043360041208,0.047091269048179035,-0.07430265247346715,0.1831004121848654,0.6196172248803827,0.17872196995588613,0.17851917728962372,0.0527676446406757,0.6778173833004788,0.4844110179707946,-0.0026990893928859226
82,volatility,flag_nested,418,418,0.05879306566068508,0.05551204762677342,-0.05730603100590374,0.19414328039525938,0.65311004784689,0.10808096584632546,0.10830059847742117,0.07703199890279927,0.6720189141719808,0.48999987037731596,0.004836616146679356
83,volatility,market_1,418,418,0.059386160079620616,0.05376699043495017,-0.014460650670529925,0.12321250208116855,0.6985645933014354,0.020066128850778752,0.020097213033457698,0.07338326782838281,0.6920636115086486,0.4860782893250218,0.01344246231235377
83,volatility,block_2_3,418,418,0.05068159289496256,0.08007217044180545,-0.19021871251343503,0.2885728137398584,0.6028708133971292,0.11833685360666733,0.12198463780994886,0.09994444243805797,0.677638011800311,0.528664889836605,0.018589245536043183
83,volatility,block_4_6,418,418,0.07324420923967218,0.08444280943235256,-0.1208606122574619,0.2550376568633114,0.6028708133971292,0.20318573611758017,0.206215230420122,0.07503264388771505,0.6552505428381029,0.48784074277331385,0.00800652825686766
83,volatility,top_3,418,418,0.049522111116012624,0.0769659213872441,-0.17872701463801316,0.27594337221853094,0.6028708133971292,0.12005129779445595,0.12369065870801348,0.09933932871665399,0.67909730540574,0.5276117497022735,0.017249573749985023
83,volatility,top_6,418,418,0.07875301814626666,0.0732427364526097,-0.050358188312949026,0.18320673897710124,0.6220095693779905,0.18597352116820726,0.18585944248832859,0.06372141750003807,0.6606548814201,0.4691478402109958,0.016652941876076
83,volatility,flag_nested,418,418,0.0629387545657765,0.07922368649669995,-0.09982755899662124,0.21256541526548056,0.6244019138755981,0.10867098317672697,0.11052502801305515,0.07929277639556767,0.6688502650271659,0.48914497851106825,0.007553235036428326
84,volatility,market_1,418,418,0.04539859703545329,0.0419934846582231,-0.024455166418531158,0.11244688941127468,0.6602870813397129,0.019990540216747187,0.01999578461930315,0.04807596662334448,0.6815134154809444,0.47375088309139823,-0.00841768979777552
84,volatility,block_2_3,418,418,0.10278100031223525,0.10200457743884775,-0.0943916237017073,0.34184274483323457,0.638755980861244,0.13204777895408804,0.13202289339165985,0.0876613827088972,0.6676976765180266,0.5293848831451338,0.010853568401391216
84,volatility,block_4_6,418,418,0.08618910469652982,0.08226658347154853,-0.1371426632147345,0.31072669081726234,0.5933014354066986,0.2281277076978296,0.2278988652365482,0.07072758438703428,0.6358989280613767,0.4849119460351826,0.005548108710600262
84,volatility,top_3,418,418,0.10007096945345006,0.10105779481819269,-0.08832396720490801,0.32052770698334837,0.6435406698564593,0.1338270056383241,0.1337985002897529,0.08648581159735348,0.6685859929314499,0.5276440065763067,0.009981829032052752
84,volatility,top_6,418,418,0.06634334911367172,0.07335140927630564,-0.09100221732441718,0.21259607676479167,0.6267942583732058,0.1964916877768019,0.19614217473539813,0.06483162592860374,0.6486237486603854,0.4686304669327705,0.005029814418055078
84,volatility,flag_nested,418,418,0.09003256173047659,0.08323902566140812,-0.08040968636956408,0.25425312280318624,0.6267942583732058,0.12052521220621093,0.12040972396000679,0.07307910633424325,0.6505162650682438,0.4874180541014945,0.005078852863647149
85,volatility,market_1,418,418,0.05859540274038427,0.06244270242103424,-0.01929730700484042,0.13174982476168712,0.6961722488038278,0.02013645687954463,0.02016713179066885,0.058983478724538525,0.6845263983378195,0.4777948426627228,-0.002581999711890605
85,volatility,block_2_3,418,418,0.09741203453885222,0.10572602400295461,-0.1327894944319959,0.38207592890606357,0.6196172248803827,0.16586449408477535,0.16503759408090596,0.1390912076346922,0.6442715338709829,0.518612462242361,0.047677980356855304
85,volatility,block_4_6,418,418,0.08720417044125872,0.10424340319029149,-0.12747365857071455,0.33345513366225055,0.6028708133971292,0.24793110871928173,0.24713207151753075,0.09293824664158308,0.6493721609423598,0.4960183739027804,0.03338185273673901
85,volatility,top_3,418,418,0.09484522728158329,0.1062128590024966,-0.1310578981844802,0.37020041894870065,0.6244019138755981,0.1673458990084587,0.1665202267056153,0.1365562588698307,0.6461338190042953,0.5176547251142546,0.04611134198101113
85,volatility,top_6,418,418,0.06237220734920046,0.07069028815904677,-0.0771994247110727,0.1975495523215894,0.6172248803827751,0.19154604920074741,0.1909151204726997,0.044936980690266436,0.6609522220354926,0.4713546330964439,0.009233632923261572
85,volatility,flag_nested,418,418,0.08352319239478913,0.10182361879247406,-0.1018879532075157,0.27887794912209124,0.6172248803827751,0.1339759488074213,0.1334832913004431,0.09972584234784858,0.6549062448003583,0.49302926800677493,0.03574419461335309
86,volatility,market_1,418,418,0.06658438555234562,0.0663455176754092,-0.012284716471139264,0.1405837911031317,0.7105263157894737,0.02020520503316014,0.020251564152389077,0.0708204927953028,0.6868623038319491,0.4793908190704771,0.021010061376446936
86,volatility,block_2_3,418,418,0.10195775025389411,0.10691331728294352,-0.10591963093524889,0.3120792430609942,0.631578947368421,0.12648171162359115,0.12660957140426388,0.07510733874663508,0.6748555726888823,0.529256081846532,0.04787896983078569
86,volatility,block_4_6,418,418,0.0748379798604785,0.08146050847484519,-0.13432254334819702,0.29280936055121404,0.5980861244019139,0.23141304667822649,0.2315170402653708,0.03720805595990613,0.6650668678577546,0.5284120520765347,0.005277395684065897
86,volatility,top_3,418,418,0.0999889304087468,0.10348040657728463,-0.10472765571628315,0.3012737396679904,0.6363636363636364,0.1281921593549272,0.1283196129528442,0.07457988065217205,0.6760668291836741,0.5278715881746201,0.046011038481615016
86,volatility,top_6,418,418,0.07411611207549262,0.07304953583711934,-0.06832264293705323,0.21335303637294936,0.6004784688995215,0.20591932796428228,0.20605184553711417,0.041173989229455386,0.6671391580037094,0.5007280264690668,-0.0038565732961930803
86,volatility,flag_nested,418,418,0.08149660636119126,0.08557552600335,-0.08068726750137836,0.27205372222469626,0.6267942583732058,0.12130607160394405,0.12140269794989075,0.049184683225508286,0.6721297219865181,0.5228431812200626,0.01318660584708311
87,volatility,market_1,418,418,0.05686744617371784,0.04902466551908902,-0.026741107328944136,0.14042321199293972,0.6770334928229665,0.019799203046496124,0.01980650629883121,0.06738883047797306,0.689363679514254,0.48274708676264544,0.009636153654271442
87,volatility,block_2_3,418,418,0.09413867353243102,0.09746906155226928,-0.15992800026722437,0.3623911411673614,0.6220095693779905,0.1407849910417699,0.141175357720209,0.1355130446874171,0.6825330848403675,0.5516522822388084,0.0673999291272292
87,volatility,block_4_6,418,418,0.08877546678783259,0.0880302068267797,-0.13008429689829845,0.31233863264468315,0.6244019138755981,0.23267435639253892,0.23263435105745014,0.08595030047789752,0.6714317340122193,0.5157224504550004,0.03009605473958156
87,volatility,top_3,418,418,0.09328143758875879,0.08853488324954283,-0.15110924023504513,0.350760501127832,0.6267942583732058,0.142402795217332,0.14278694258992414,0.1343303909969342,0.6832268840488193,0.5497291655343755,0.06627552049135398
87,volatility,top_6,418,418,0.06976344705488487,0.0809453625794421,-0.07363754427754443,0.21258130857022958,0.6578947368421053,0.19555002251530373,0.19545810407005199,0.06359222255735966,0.6792948695387544,0.48964198570723044,0.012196777812179071
87,volatility,flag_nested,418,418,0.08135097350300059,0.08415881253542216,-0.10316053798939354,0.2623321121470898,0.6291866028708134,0.12358881986239657,0.1236831057197015,0.08873326613470334,0.6820490572595802,0.5195588889689388,0.03182408310744675
88,volatility,market_1,418,418,0.07292103524047416,0.06298297425834626,-0.017282903283982794,0.16069115261903,0.715311004784689,0.01998766372732769,0.019989641960254115,0.07871558834933448,0.6942373957988794,0.48999205227330567,0.018824430857618837
88,volatility,block_2_3,418,418,0.14374671544249165,0.18705662351966335,-0.06292090024830814,0.36538310378597066,0.6961722488038278,0.1429785238913041,0.14313153514324967,0.15123960183700522,0.6361760874448908,0.5071453597354852,0.09079137506912104
88,volatility,block_4_6,418,418,0.10093462991654212,0.10289613422439431,-0.07833084390795321,0.2832469531752245,0.6626794258373205,0.21509580227808278,0.2153166830441512,0.1133522210504494,0.6422806320780378,0.48242360154358943,0.05658307474433637
88,volatility,top_3,418,418,0.13929168116514462,0.1787019494085117,-0.06723076043121932,0.35669324611263076,0.69377990430622,0.14453541950608906,0.14468960351688312,0.14857894179691714,0.6385488587257784,0.5070114386693858,0.08758307809558089
88,volatility,top_6,418,418,0.08020575808632854,0.07214151637189953,-0.044196033092283725,0.19247935130023264,0.6722488038277512,0.1760716368375932,0.17609184019037075,0.08172820530612473,0.6688570003001728,0.4771363841432025,0.017700041112481513
88,volatility,flag_nested,418,418,0.10378234918623822,0.09397412472689562,-0.03643041879890614,0.27469883648992066,0.6698564593301436,0.11814002903534487,0.11821117998391446,0.11339218963552794,0.6527572035103364,0.485107426239959,0.05349316054662504
89,volatility,market_1,418,418,0.0641790772380712,0.060414657275937256,-0.010894751650119824,0.13407649646625305,0.722488038277512,0.020012716677989064,0.020050923044703198,0.07290368373034274,0.6814292470038832,0.47240146849982406,0.014053569903477234
89,volatility,block_2_3,418,418,0.12603558294099695,0.12716907933395832,-0.10855745856086653,0.3832106120368778,0.6435406698564593,0.1509193239076801,0.1512998410432698,0.13782076732359502,0.6597506206110959,0.5183764094544566,0.06997265090489047
89,volatility,block_4_6,418,418,0.0599702170966379,0.07315074618309961,-0.14843362792512702,0.2826363074007077,0.5717703349282297,0.2436144608549194,0.24444833125512055,0.08503779724099894,0.6515294720571705,0.4994981921734109,0.03666783842492067
89,volatility,top_3,418,418,0.12359261581367309,0.12692396268409067,-0.09759707022692375,0.3707191330807909,0.6411483253588517,0.15248803267426456,0.1528687757523152,0.1362887122266162,0.6614782474063035,0.5177630087465342,0.06833759190695914
89,volatility,top_6,418,418,0.03959026007503025,0.05241160831251508,-0.09637780234692021,0.2185243488450497,0.6028708133971292,0.2011572208451215,0.20198127704170726,0.058477647968706935,0.6525578426912076,0.47187235539966754,0.01853336319873173
89,volatility,flag_nested,418,418,0.06713620698087458,0.06990179518224132,-0.09805007132447847,0.24377202326466904,0.5885167464114832,0.13006830245578826,0.13047145363625265,0.09309689967114507,0.6577143598853076,0.4930603661322602,0.03916267345809209
90,volatility,market_1,418,418,0.05222852054164222,0.04390528179594612,-0.021892543561468778,0.12504524790042812,0.6650717703349283,0.020257274176756015,0.020260564582469134,0.06485008928723374,0.6865029263427953,0.4792593835426483,0.013046938195769464
90,volatility,block_2_3,418,418,0.0743326147095437,0.07443770673827052,-0.16485672637260065,0.3323213990054752,0.5885167464114832,0.12466083523886137,0.12503465542903436,0.14378757580552728,0.6640046419309791,0.5211229424808878,0.06743788027696711
90,volatility,block_4_6,418,418,0.05790646228103286,0.049241435303324206,-0.11522513801743374,0.2518423681129739,0.5741626794258373,0.21259800938400447,0.21305014635293013,0.1018479841738291,0.6520635143273836,0.4903533579479417,0.0396126228295554
90,volatility,top_3,418,418,0.07317106412145745,0.06834625899764034,-0.15452040848159765,0.3134905759800113,0.583732057416268,0.12623811242980681,0.12661020363311562,0.1414283895101021,0.6656045296516013,0.5201356645363068,0.06452749490515215
90,volatility,top_6,418,418,0.05860357441493485,0.0688029463054488,-0.05355794388331629,0.18556152556927502,0.65311004784689,0.1925931075835992,0.19279417617451133,0.06220489858267219,0.6609347365455267,0.47970423258835365,0.019293598113672136
90,volatility,flag_nested,418,418,0.05936412309048258,0.04794333233543876,-0.07217792202796347,0.20863433770520165,0.6148325358851675,0.11354660948823278,0.1137745725316778,0.10576653463353028,0.6612744460494078,0.49000051804137246,0.04089366732562732
91,volatility,market_1,418,418,0.061692054220757395,0.052354164538984296,-0.03162938250128529,0.14344641205120168,0.638755980861244,0.0204213465944171,0.020389201327279192,0.06336708543540145,0.6937756871267222,0.487829831217549,0.0022486363639682566
91,volatility,block_2_3,418,418,0.1082371815975012,0.10778414233627556,-0.1105650471042234,0.34151642009697747,0.6291866028708134,0.12922872474157115,0.12932766314184058,0.10144065103948989,0.6614718015729163,0.5196106246765315,0.03263758325561855
91,volatility,block_4_6,418,418,0.1235595725383035,0.1416223241773658,-0.04777228460827784,0.3141777856682998,0.6889952153110048,0.20697979714881282,0.20755231364717797,0.0999834087864113,0.6489378979494154,0.48352157459157546,0.046703272394153436
91,volatility,top_3,418,418,0.10528620490142006,0.10390690747371428,-0.10608642008968172,0.32455127711010845,0.6220095693779905,0.1308389194337917,0.13092942157221304,0.10010684650445326,0.6633499201721649,0.5187356855528336,0.031014821658743977
91,volatility,top_6,418,418,0.09319291533181563,0.07141703843237102,-0.03944850677552635,0.22137434617794516,0.6722488038277512,0.18117909927406614,0.18169286654144123,0.07998507665309194,0.6633831493751695,0.469485711829023,0.028777267647244188
91,volatility,flag_nested,418,418,0.10950739896803563,0.11730079801797877,-0.029983637127038817,0.2614312915969439,0.6985645933014354,0.11223946280454565,0.11244497212251149,0.09638659740071628,0.6606941432513531,0.4844521546528013,0.03850358311836416
92,volatility,market_1,418,418,0.07108716096232298,0.0655813205925853,-0.010497822756504353,0.1417330729811759,0.722488038277512,0.02021205932809133,0.020204501080629756,0.07779585352888285,0.6903532491878909,0.48564237687503276,0.022241234373385148
92,volatility,block_2_3,418,418,0.0952774671952049,0.09357071346952357,-0.1305808875166676,0.3264470631125403,0.5980861244019139,0.13322199846922453,0.13400120973475946,0.091126455424848,0.6517923388048659,0.5242862965871689,0.0341763666813817
92,volatility,block_4_6,418,418,0.08658539862041167,0.07693883723070347,-0.12732121936663163,0.3233353507076219,0.5789473684210527,0.22941516060965178,0.22989399060704127,0.10845847546293641,0.6453495929424803,0.5093352337903759,0.040497942419925825
92,volatility,top_3,418,418,0.09341603784056972,0.09018239744266188,-0.12675152175321774,0.3169550616222999,0.5956937799043063,0.134820816288135,0.1355977056681602,0.08940453398635141,0.6534909947570339,0.5226799898204206,0.03229076673916302
92,volatility,top_6,418,418,0.0784170628783755,0.07494264481057253,-0.07849109603783805,0.22470214055635682,0.645933014354067,0.19981298997778094,0.199963978889492,0.10409597681901817,0.6585903330580997,0.49484932856546293,0.03667616447265443
92,volatility,flag_nested,418,418,0.09252148688130667,0.07353603485692388,-0.0824230954164806,0.27380046413370374,0.6291866028708134,0.1215564527991952,0.12192822462893183,0.10322665565892554,0.6563527688043497,0.5035329231902359,0.04456000821571054
93,volatility,market_1,418,418,0.05952025686510398,0.05672288372946416,-0.015359980434093538,0.13395725550172188,0.69377990430622,0.019983827502758848,0.020001615458680712,0.060828185544321324,0.6852797790072394,0.4783451155420164,0.0016237897616227007
93,volatility,block_2_3,418,418,0.10485084415868798,0.0900921412188091,-0.08792778195878415,0.32854813471093497,0.6411483253588517,0.1234095790394206,0.1236169460421203,0.11662242237319521,0.6530991897028201,0.5184573756179773,0.05349779353174582
93,volatility,block_4_6,418,418,0.0870631433245728,0.0855994224105458,-0.10497806351423458,0.29731663050827,0.6291866028708134,0.2071628053487032,0.20738895755040979,0.05782184813738352,0.6481394197708849,0.48704627609356765,0.014502103759547743
93,volatility,top_3,418,418,0.10347611718910353,0.08658936853943262,-0.0838530945666964,0.3208153667739052,0.645933014354067,0.1250901167386227,0.12529648407166152,0.1148608871793648,0.6549889488375833,0.5169586939602786,0.051256721326165273
93,volatility,top_6,418,418,0.05986625448419091,0.07267135134328304,-0.0778172318926604,0.18909522948980906,0.6435406698564593,0.18387543572759343,0.18398526816150299,0.042557004637293,0.6696647871495379,0.4847247020156382,0.003837172834430566
93,volatility,flag_nested,418,418,0.0872071988817586,0.07305373840120191,-0.07786767389089724,0.2515729881083754,0.6507177033492823,0.1111257395754347,0.11123897848113236,0.06852756284873865,0.6588315247646804,0.4887475850771425,0.02298329837798118
94,volatility,market_1,418,418,0.07357280994327611,0.07245353023304996,-0.015361516447160443,0.14667166011935914,0.7033492822966507,0.020245982160327546,0.020274536122075155,0.08360443179121188,0.685879389150832,0.4786748675527872,0.0186640165844398
94,volatility,block_2_3,418,418,0.1772940495296139,0.18429963386732054,-0.07504851880492495,0.45161074247583843,0.6889952153110048,0.14584368110730792,0.14528612871037694,0.10562950750267987,0.6808876489585455,0.531946061441221,0.08546821089648333
94,volatility,block_4_6,418,418,0.09252919369679066,0.08137977788266565,-0.12223764780262063,0.321843095562006,0.6148325358851675,0.22620234496360023,0.22695776152221844,0.08432846220464152,0.6785417681962824,0.510609056850482,0.025939052681373666
94,volatility,top_3,418,418,0.173417883692431,0.18641959718289924,-0.07225190081467547,0.43450424280682093,0.6913875598086124,0.1474181361660705,0.14686767823342764,0.10412155727966554,0.6817039756063065,0.53017705830185,0.08264889354947248
94,volatility,top_6,418,418,0.045489429361462864,0.04696262781689671,-0.08147477406351648,0.1686988876044529,0.6100478468899522,0.185103272441891,0.1863579437488907,0.08566109277036395,0.6769358076453171,0.48922828323887146,0.0001766094092590231
94,volatility,flag_nested,418,418,0.10372534297517158,0.08824986853548669,-0.08270450022261693,0.30443708356278876,0.6507177033492823,0.1227599813513561,0.12291823503339473,0.08597332909592834,0.6812989203351547,0.5063177727252186,0.0351060399012914
95,volatility,market_1,418,418,0.05728235983841392,0.04969975249956706,-0.024994740579631514,0.1320889344234529,0.6746411483253588,0.020092217579782783,0.02009531628869112,0.0633102430096797,0.6900826179522963,0.48376317771429783,0.010564735928182724
95,volatility,block_2_3,418,418,0.1300539433733998,0.1245092740647954,-0.13611695084874398,0.3804071832782635,0.638755980861244,0.1260111069225457,0.12612066987921464,0.12485119831214582,0.6656844758803797,0.5120460326319952,0.0608428180757326
95,volatility,block_4_6,418,418,0.08979711365899924,0.09266986502728738,-0.09692449035227153,0.2778979441436414,0.6196172248803827,0.207435868396562,0.20604689306186535,0.10341321507482039,0.6704859624964801,0.49098023255045237,0.031151548064196184
95,volatility,top_3,418,418,0.1278685993188421,0.12481746459122868,-0.1280519236586177,0.36433432027979656,0.638755980861244,0.12767943970537507,0.12778301626458613,0.12363224768999222,0.6668221076530222,0.5107255092611438,0.05928002670580812
95,volatility,top_6,418,418,0.06453415672274616,0.06457099290629054,-0.06110417572453687,0.1879658023623719,0.6244019138755981,0.1842077104066617,0.18276066673383323,0.08609440361763683,0.6796635901112168,0.4791597763225734,0.014030419319648609
95,volatility,flag_nested,418,418,0.09593761136040072,0.09218402295842616,-0.06474767275638621,0.2386746970646199,0.6411483253588517,0.11170898485554034,0.11122584190683159,0.10777829655952095,0.6778651369340386,0.4936547423874819,0.03671788832615713
96,volatility,market_1,418,418,0.0675239053249259,0.05196337278907742,-0.010347969090425346,0.14096411699099687,0.715311004784689,0.020004562068903192,0.020029199204297934,0.08467937754504949,0.6854372959299483,0.4785616473252493,0.013172698052477635
96,volatility,block_2_3,418,418,0.07025011328381538,0.08450045790512818,-0.12578115329675488,0.30096313073743164,0.6052631578947368,0.15597658725540572,0.15525200192816319,0.07655546493417618,0.6555207051848873,0.5367940526235546,0.02164542641372022
96,volatility,block_4_6,418,418,0.06684628414340334,0.0769169144544839,-0.14467797238293353,0.29295966117978567,0.6196172248803827,0.2517647694502749,0.2516435973553961,0.05164198609581917,0.6440876777306814,0.49782557136542804,-0.0035531886993078656
96,volatility,top_3,418,418,0.06930922965092505,0.0857470164604423,-0.11915124163839134,0.2875176395913874,0.6028708133971292,0.15756226555200195,0.1568405660787707,0.07563426115916651,0.6568890257907186,0.5349145906944542,0.0212522029269994
96,volatility,top_6,418,418,0.06786923349565106,0.08345286839671551,-0.08678874851805318,0.251688270808202,0.6100478468899522,0.19957924616609823,0.1996295668783858,0.05279055544368689,0.6613011132109794,0.48392343656254894,-0.011952260671864568
96,volatility,flag_nested,418,418,0.06391802177129155,0.0883870351510492,-0.11314808958087531,0.23654666529765472,0.6076555023923444,0.13353766493917435,0.1332797178499743,0.05941683036399259,0.6550062901202452,0.49772938067639694,0.003863644212407218
97,volatility,market_1,418,418,0.06323829429824444,0.052330966311555996,-0.01701852261584482,0.13570206846719857,0.6961722488038278,0.020034497740710214,0.020090263816527384,0.07169237756795303,0.6936336083047896,0.4882896525904215,0.010918859856537531
97,volatility,block_2_3,418,418,0.11924473620899019,0.12578142893386274,-0.0782579127286594,0.3308244013706416,0.6889952153110048,0.1167616828709605,0.11670207724977175,0.09378031971805365,0.6820724814237731,0.5158779054471354,0.027907355273235155
97,volatility,block_4_6,418,418,0.09257644166360847,0.1084776105747578,-0.12528519060404508,0.3325035553630642,0.638755980861244,0.2420680356558416,0.24331512725052953,0.09885244157801666,0.6475283537755238,0.510594324111714,0.018842487645526235
97,volatility,top_3,418,418,0.1168866144711047,0.12159690282223859,-0.07392324033302536,0.32409728146004974,0.6842105263157895,0.11844584181752085,0.11838153935041298,0.09312452308523837,0.6839303639896275,0.5155520982259526,0.027516688523051145
97,volatility,top_6,418,418,0.07016225888087482,0.07787713826555492,-0.1099406954261843,0.281212580043576,0.631578947368421,0.22786605900962317,0.2291605038473152,0.08303049060873414,0.6290850484774044,0.49209181142341907,0.00970463524833896
97,volatility,flag_nested,418,418,0.08437558690062852,0.09473651588471978,-0.07143365339455601,0.2743350036975235,0.6555023923444976,0.12268276467405388,0.12314966020038343,0.09613492933102728,0.6606349361704336,0.5055775418873387,0.018177805823144863
98,volatility,market_1,418,418,0.043697145213060826,0.040129119796151996,-0.03772482153741698,0.11307456098725714,0.6100478468899522,0.01986952442131348,0.019902184572505636,0.05466402866503449,0.6872006596574654,0.4814073184472093,0.006549450616682327
98,volatility,block_2_3,418,418,0.08890938877398666,0.07378022469048047,-0.15577245649930702,0.36501575188608476,0.5909090909090909,0.15242290963461533,0.15237304936305127,0.09571500376414595,0.6583946071867391,0.5331151320949843,0.06310890671315444
98,volatility,block_4_6,418,418,0.031701154084323904,0.03750863643059769,-0.2175270331928793,0.26798811370781994,0.5334928229665071,0.24298110343020343,0.24271738685285996,0.0504420820148245,0.6507945747785314,0.5159914992647583,0.013899008891748051
98,volatility,top_3,418,418,0.08674077979008128,0.06993815841039133,-0.14877938372026084,0.34988590506048056,0.5885167464114832,0.15393709903544334,0.1538934861327607,0.09465112153727342,0.6599582686688216,0.5316708128559886,0.06146343825341473
98,volatility,top_6,418,418,0.00524813599196953,0.011997555145264578,-0.12951840257880168,0.16484237438799532,0.5143540669856459,0.19482825119764643,0.19445896932913953,0.016802927958499178,0.6602079660097944,0.4858492564263056,-0.018380335719443412
98,volatility,flag_nested,418,418,0.0424161526720087,0.02850526600259413,-0.1709077200746355,0.23999983558667753,0.5358851674641149,0.1294892518317668,0.1293617346555892,0.058117621223845194,0.6602551006620049,0.5120003337592713,0.021231786922940542
