date,start,component,addition_cosine,addition_previous_speed,addition_next_speed,full_cosine,deletion_outgoing_cosine,deletion_attributed_fraction,full_residual_cosine
2004-06-23,112,market_1,0.30283831099026143,0.030507587468245338,0.03560815702487963,0.34003249707693917,0.5758052519651703,0.33155168819067304,0.288026203312138
2004-06-23,112,block_2_3,0.8608388806959247,0.4947154128360241,0.4067151040650327,0.8785343423007287,0.9308073813265242,0.8664023811319417,0.35677869001550405
2004-06-23,112,block_4_6,0.7534233649165418,0.5482326459451065,0.4418358584046399,0.6560079024757874,0.8482305830456671,0.7194951220139922,0.5529368019206574
2004-06-23,112,top_3,0.8575169723555114,0.49545378857846123,0.40817748248680624,0.8760901449137299,0.9279649719955723,0.8611189892507427,0.36689306273920513
2004-06-23,112,top_6,0.07031829598722773,0.28224439426278347,0.24051458049377633,0.1622907003699841,0.7281370993814585,0.5301836354956442,0.18761627206822273
2004-06-23,112,flag_nested,0.7377335956935125,0.3098911337564271,0.25777012463591215,0.7176649422313686,0.8420371717887989,0.7090265986740791,0.5019838500240685
2004-07-14,126,market_1,0.2935886273503446,0.03321368807857023,0.036985683337493296,0.3075891761547595,0.5586974626656044,0.3121428547889843,0.2708013213563449
2004-07-14,126,block_2_3,0.827673690022613,0.6765752078743612,0.2985102251642363,0.8549769861951706,0.7942112237778597,0.6307714679747254,0.7086151114115904
2004-07-14,126,block_4_6,0.6592161633810735,0.71414574718706,0.35722098846104633,0.6901293103180491,0.7527623109952253,0.5666510968548721,0.6272627728951999
2004-07-14,126,top_3,0.8221592797469096,0.677193361825356,0.30048945729655663,0.8509264054043453,0.7885957902680457,0.6218833204284833,0.7065222360504777
2004-07-14,126,top_6,-0.07498527214111564,0.29251131627272065,0.2616060864695866,0.23799758817609065,0.7427704044579042,0.5517078737385586,0.09237427442682959
2004-07-14,126,flag_nested,0.6496456855947592,0.41015514609371445,0.20705603790694724,0.6943161649212553,0.7213189572324415,0.5203010380628967,0.6088612121348089
2004-08-03,140,market_1,0.3192864636764255,0.031881464021749295,0.0369800794333385,0.30777241219071044,0.573120919532511,0.32846758840579116,0.2283600221448319
2004-08-03,140,block_2_3,0.8308401451525476,0.657545550480989,0.33339639813231725,0.8409657025043895,0.7173090616818252,0.5145322899708605,0.7580908191685797
2004-08-03,140,block_4_6,0.6875029736072978,0.6936253971615493,0.3878541438371875,0.6804866467970864,0.6934268299883113,0.48084076854763824,0.6533845206777089
2004-08-03,140,top_3,0.8267284412681635,0.6581859890291772,0.3350757035691384,0.8375363832742663,0.7126080535376765,0.5078102379667558,0.7553645628068553
2004-08-03,140,top_6,-0.028030680164529993,0.28890472622770114,0.25908125425652956,0.21671609850193063,0.7256128863422301,0.5265140608259019,0.10578682374045446
2004-08-03,140,flag_nested,0.681360786631625,0.39916205974398333,0.22356196314863094,0.6928015054683638,0.6700773979829062,0.449003719287542,0.6463320694779788
2004-08-23,154,market_1,0.23835375241376505,0.03150998723111632,0.036435266223582556,0.2647341843482369,0.5905104970487041,0.34870264712470755,0.166145201039738
2004-08-23,154,block_2_3,0.8189315824741329,0.6633507657968142,0.3432827885034866,0.8765020903472943,0.8850653605888674,0.7833406925143014,0.538342450224156
2004-08-23,154,block_4_6,0.7180139948726404,0.7041629253261662,0.38364854235066187,0.7517827012122784,0.800501653164694,0.6408028967194082,0.572182658420266
2004-08-23,154,top_3,0.8147908324340329,0.6640258583841799,0.3450562829182515,0.8732457885277987,0.8812937514644781,0.7766786763703333,0.5402085087221096
2004-08-23,154,top_6,0.04086129695185991,0.29943443214322313,0.23788769576105714,0.23898848278777152,0.6911421168558012,0.4776774256919183,0.11717596963206971
2004-08-23,154,flag_nested,0.6948103077682769,0.40362501907307874,0.22460461716311106,0.7636352867737369,0.7944949285242651,0.6312221914507772,0.5524400226281666
2004-09-13,168,market_1,0.21561076671586285,0.030931877206350628,0.038068480524264994,0.2325603361856011,0.5678361993566291,0.3224379492997814,0.10452770565575768
2004-09-13,168,block_2_3,0.7714827955345998,0.652542423192596,0.35374567899659004,0.8572488679693832,0.7796521719447357,0.6078575092181437,0.6469646194708972
2004-09-13,168,block_4_6,0.7122990820090382,0.6966216132644587,0.38465064585746966,0.7496575888470508,0.7458551175319657,0.5562998563486224,0.6138040192163882
2004-09-13,168,top_3,0.7677587804349317,0.6532562398380416,0.3554471132996331,0.8535839368641623,0.776729080072582,0.6033080638303998,0.6436146558428918
2004-09-13,168,top_6,0.16125510767698853,0.309929510597629,0.22417324152104884,0.29557289633523,0.7339353385814629,0.5386610812186865,0.17726683920684397
2004-09-13,168,flag_nested,0.6767940014038454,0.3990163775834713,0.2279013668880674,0.7493641631057076,0.7283130686901179,0.5304399260248167,0.5895264744680291
2004-10-01,182,market_1,0.2312917198416698,0.03149058949550619,0.03676234179520589,0.21797148261144617,0.6336855810108384,0.40155741558104385,0.1670099364334053
2004-10-01,182,block_2_3,0.6040427180616611,0.337760634654752,0.35930408594930235,0.7721642779662891,0.7193205487843303,0.5174220519033899,0.5494722376734931
2004-10-01,182,block_4_6,0.5280896162412656,0.3935543924742794,0.3887243384738176,0.7285451252640472,0.7072524609210461,0.5002060434788758,0.5480227586787002
2004-10-01,182,top_3,0.5998853602674001,0.33892001535303445,0.3605567643906468,0.7673159274153809,0.71732223128692,0.5145511834984455,0.546472619537091
2004-10-01,182,top_6,0.14066698700994804,0.25517702018215793,0.22824570801646624,0.38917733078887284,0.7417383634839056,0.5501757998637825,0.12111264779664621
2004-10-01,182,flag_nested,0.5039813410933054,0.22390429823308233,0.23101489222170937,0.6811331498606067,0.6842342295974397,0.46817648095280184,0.5019280798265926
2004-10-21,196,market_1,0.20553879497152497,0.035367885726375524,0.03423504361160857,0.22735922860977525,0.6344952708163986,0.40258424868837484,0.09035062095407718
2004-10-21,196,block_2_3,0.6489176372046401,0.33533619512881047,0.42880447421578194,0.7365841439691148,0.4679023141101625,0.21893257554964507,0.6684923112482791
2004-10-21,196,block_4_6,0.5678113128120947,0.3846698070932858,0.4545762111473495,0.6491206890288254,0.5561860873183856,0.3093429637265349,0.5808857190745134
2004-10-21,196,top_3,0.6450082593673787,0.33697725403135753,0.4294173968178659,0.7328153803142053,0.4691427801631847,0.22009494817924236,0.6648282558526187
2004-10-21,196,top_6,0.11311136736010663,0.24972633130223804,0.22760479708525722,0.25594698333776394,0.7554050711992726,0.5706368215935783,0.03442115119416132
2004-10-21,196,flag_nested,0.5460464382645859,0.22247692916316328,0.266969028884881,0.6312340479268526,0.5276833648703046,0.2784497335608469,0.5672917344907505
2004-11-10,210,market_1,0.2004635595105983,0.03568160575687536,0.03380921797774917,0.1561005043683659,0.6334915858386856,0.4013115893284126,0.058811713259632165
2004-11-10,210,block_2_3,0.685598097872378,0.2650468960411304,0.48620503068084087,0.7555860439655745,0.1873383550079417,0.03509565925708169,0.7530503594249769
2004-11-10,210,block_4_6,0.5827640621707335,0.3189142441676111,0.511559802036425,0.6307626765359736,0.4455767418234749,0.1985386328540235,0.6490140367429462
2004-11-10,210,top_3,0.6794604636715952,0.2672087043846638,0.48671328236288997,0.7514949993398174,0.19403892258333047,0.03765110347729972,0.749069547208155
2004-11-10,210,top_6,0.07668302219365206,0.23989438460249618,0.23076334995105977,0.1895723058690216,0.7750159955004181,0.6006497932815038,0.05214977016526221
2004-11-10,210,flag_nested,0.5474545154038223,0.18618510551688702,0.2982978772578269,0.6333894440001445,0.40153011624042634,0.16122643424805005,0.6422363681405259
2004-12-01,224,market_1,0.15307786644643886,0.035608157024879634,0.03505064528075313,0.19592334957573257,0.6133370668242109,0.37618235754052654,0.05513447952426193
2004-12-01,224,block_2_3,0.6172884154161309,0.40671510406503253,0.2419023401458818,0.7146712059812763,0.7342970431384327,0.5391921475618452,0.4857258036428492
2004-12-01,224,block_4_6,0.5231463739354054,0.44183585840463985,0.2925251224458168,0.5733955237388011,0.7229697263810357,0.5226852252634696,0.4129197425562473
2004-12-01,224,top_3,0.6126238558133332,0.4081774824868062,0.24291224670438952,0.7102722941648607,0.7324932365226968,0.5365463415514953,0.48505165934873706
2004-12-01,224,top_6,0.11787055895531193,0.24051458049377641,0.22610090956825538,0.24116913827723294,0.7414385681751187,0.5497311503775701,0.01906349718967019
2004-12-01,224,flag_nested,0.4864526907063102,0.25777012463591215,0.17151561003454072,0.5753373515741717,0.7067099526919844,0.49943895723390686,0.41832907325112123
2004-12-21,238,market_1,0.2379788577205272,0.0369856833374933,0.034877723675278714,0.2856063684538896,0.6238139825079903,0.38914388477247963,0.18362726357328032
2004-12-21,238,block_2_3,0.7652835739539602,0.2985102251642363,0.4973774207875817,0.7900816751094945,-0.46303356143466107,0.21440007901486613,0.7485828133499864
2004-12-21,238,block_4_6,0.5995713086161554,0.3572209884610464,0.5283345397595357,0.5910800307470365,0.05036211746139625,0.002536342875195552,0.5900975084812095
2004-12-21,238,top_3,0.7595193227629458,0.3004894572965566,0.49782953188687346,0.7839614041942099,-0.4452397882393664,0.19823846903143583,0.7441565606080532
2004-12-21,238,top_6,-0.04285950703354983,0.26160608646958666,0.23425851752031343,0.21538418224110295,0.6925012761254495,0.47955801743537596,-0.07025016826416233
2004-12-21,238,flag_nested,0.5978007791638252,0.2070560379069472,0.3049164564053671,0.615709832280957,0.014558470862401383,0.00021194907385158057,0.6165112079931753
2005-01-11,252,market_1,0.27628475697004107,0.03698007943333848,0.03185551818213456,0.33853593203414345,0.641682667036258,0.4117566451747652,0.22260256389754146
2005-01-11,252,block_2_3,0.7946998068901625,0.33339639813231736,0.6424199356219008,0.8050767209416005,0.2845153705573125,0.08094899608336492,0.7859382171893357
2005-01-11,252,block_4_6,0.6185949932083755,0.38785414383718747,0.6749108814350846,0.6210740376747852,0.34087694480308683,0.11619709149828672,0.5648635139370886
2005-01-11,252,top_3,0.7901210568538801,0.33507570356913835,0.6427759893262309,0.8007119653409585,0.2852868742220686,0.08138860060339848,0.7811489849935331
2005-01-11,252,top_6,-0.14924025941309843,0.2590812542565297,0.2500199664095989,0.14390976368447783,0.6573202876553651,0.432069960563332,-0.14270425570060738
2005-01-11,252,flag_nested,0.6421012963281364,0.22356196314863097,0.3862038694662015,0.6572086385937934,0.3387315234898786,0.11473904500577414,0.6158824584917659
2005-02-01,266,market_1,0.2669149893321858,0.036435266223582556,0.033024593847591495,0.3478958253762467,0.635682174475739,0.40409182694620394,0.17123344335476418
2005-02-01,266,block_2_3,-0.6912939944316336,0.34328278850348665,0.19131158118771396,-0.46925119133998777,0.2244868202820287,0.05039433248033598,-0.6141731222177829
2005-02-01,266,block_4_6,-0.5133740739683532,0.38364854235066165,0.28102639216717595,-0.18819052893949162,0.5110064896560076,0.26112763247055537,-0.45388551478021005
2005-02-01,266,top_3,-0.684268755625443,0.34505628291825163,0.19211963629321654,-0.46064432992021476,0.23902235592504784,0.05713168663196,-0.6108082720183535
2005-02-01,266,top_6,-0.12849504480481994,0.237887695761057,0.24587396976292594,0.17187633456807744,0.6616586702747779,0.43779219594978735,-0.10186498360065417
2005-02-01,266,flag_nested,-0.46650596085000395,0.2246046171631111,0.1531979444480496,-0.18572878256361822,0.5167328246769882,0.267012812098659,-0.4312166765228408
2005-02-22,280,market_1,0.26508087370969186,0.038068480524265,0.034131163691222224,0.3572117727020519,0.6261766136013905,0.3920971514213053,0.17612231699692857
2005-02-22,280,block_2_3,-0.8595232621162584,0.3537456789965901,0.34791418306440874,-0.7527007571762924,0.2918876076791286,0.08519837551664478,-0.8135710686413159
2005-02-22,280,block_4_6,-0.7155013518345057,0.3846506458574699,0.4103338351868163,-0.5246885447954004,0.3614916934301216,0.13067624441897696,-0.6564846351474395
2005-02-22,280,top_3,-0.854837252087752,0.3554471132996331,0.3483828433688307,-0.7477106233969311,0.29600182447426,0.08761708009209057,-0.8108563036313265
2005-02-22,280,top_6,-0.07879319092867902,0.22417324152104873,0.25959333231885984,0.14656289283662505,0.5845655372887599,0.34171686738569673,-0.07783733977216262
2005-02-22,280,flag_nested,-0.6814710857609763,0.22790136688806736,0.2298983569976866,-0.5160079367640371,0.40518520649477396,0.16417505156221257,-0.6505959881714947
2005-03-14,294,market_1,0.32738858739273086,0.03676234179520589,0.031578869956621944,0.39897140057866814,0.6344570968541868,0.40253580774864317,0.23418573567705736
2005-03-14,294,block_2_3,0.6935810049161124,0.3593040859493023,0.19860967815184666,0.6390864667533981,0.445630802707948,0.19858681232213005,0.6470983085321215
2005-03-14,294,block_4_6,0.3838800823362186,0.38872433847381765,0.29972250263434047,0.3795582622749208,0.41306397760987423,0.1706218495988907,0.31198291816727675
2005-03-14,294,top_3,0.6858235641861213,0.36055676439064666,0.19973352885021944,0.6316585302558394,0.4499121338537484,0.20242092818883328,0.6392484878686363
2005-03-14,294,top_6,-0.056004947504337994,0.2282457080164662,0.26859127629938423,0.12168241367814507,0.5331562208405023,0.2842555558209263,-0.1115073910596868
2005-03-14,294,flag_nested,0.43415571300764816,0.23101489222170937,0.16223007785471352,0.43557435859073035,0.49773464763323855,0.24773977945458425,0.3819053321280707
2005-04-04,308,market_1,0.33387789977167515,0.03423504361160857,0.03115678903998587,0.3084595231521304,0.6829550380415218,0.46642758398629647,0.1877290908435526
2005-04-04,308,block_2_3,0.5630832869540982,0.4288044742157818,0.15198995595067616,0.6702134923839247,0.7592752760982793,0.5764989448941181,0.44390226765181284
2005-04-04,308,block_4_6,0.30183899424781024,0.4545762111473495,0.2614138267708326,0.38579897484990094,0.5758750584802753,0.3316320829796605,0.17418994622925416
2005-04-04,308,top_3,0.5535377976083424,0.42941739681786584,0.15369302225742193,0.661410310229527,0.7552769106476336,0.5704432117574334,0.4370830912157687
2005-04-04,308,top_6,0.0031318525470286885,0.22760479708525735,0.26034671292397743,0.08056350323623433,0.5510315431066926,0.30363576149854266,-0.12895318692495658
2005-04-04,308,flag_nested,0.3316225455791703,0.266969028884881,0.14192015016154555,0.4393571489092788,0.6466247899554666,0.4181236189849513,0.22907095021664534
2005-04-22,322,market_1,0.39874831122803595,0.03380921797774917,0.03069399800399754,0.40054722515419505,0.6487607191971593,0.4208904707732154,0.2657704872092405
2005-04-22,322,block_2_3,0.8148834997033568,0.48620503068084114,0.2250148345263099,0.6763258793482787,0.09867154919941311,0.009736074621412238,0.760359520878765
2005-04-22,322,block_4_6,0.50287875664888,0.5115598020364253,0.34457758416918755,0.28351327272070576,0.27965196751960064,0.07820522293758381,0.30393234524608315
2005-04-22,322,top_3,0.808998241146244,0.48671328236289,0.22607242474905473,0.6688250401101185,0.1078336877154942,0.011628104206322876,0.7532742011764337
2005-04-22,322,top_6,0.005122490883000834,0.2307633499510598,0.30230472310772255,-0.011607788341428534,0.4719673932048465,0.22275322024857802,-0.1895766527353285
2005-04-22,322,flag_nested,0.5545463936256633,0.2982978772578269,0.18223535933781135,0.388851027487755,0.34434814691190735,0.11857564628166439,0.4302279964220776
2005-05-12,336,market_1,0.417138232404493,0.03505064528075312,0.031781007320655405,0.4298625422270101,0.6647534711837481,0.4418971774508419,0.2950527154615144
2005-05-12,336,block_2_3,0.8229959056073034,0.2419023401458818,0.37558433057852714,0.8437721032181076,0.7051912678946164,0.49729472431481636,0.7169471438451042
2005-05-12,336,block_4_6,0.5869198983260497,0.29252512244581697,0.4390063584833803,0.5342747725487124,0.5550014582186935,0.30802661862487635,0.42212632525949106
2005-05-12,336,top_3,0.8160288385425203,0.24291224670438927,0.375929003766402,0.8364060105474421,0.6972746516527327,0.48619193983743936,0.7124616045977706
2005-05-12,336,top_6,0.027297395146123973,0.22610090956825532,0.2806013127513774,0.05325692160136779,0.5581938745254771,0.311580401557764,-0.11095569057707455
2005-05-12,336,flag_nested,0.602964895244715,0.1715156100345406,0.24746801915307784,0.6026903462872392,0.5782732232051526,0.33439992067607627,0.4864047252965973
2005-06-02,350,market_1,0.4439546197386518,0.034877723675278714,0.03240271943884046,0.4583914327072055,0.6749633632543429,0.4555755417356142,0.3537972283762023
2005-06-02,350,block_2_3,0.9233680832980184,0.49737742078758174,0.5422044842539159,0.8835574426691537,0.3090211776250839,0.09549408822079375,0.8733474611504682
2005-06-02,350,block_4_6,0.8397582137331202,0.5283345397595357,0.5835081863865499,0.7039875918495907,0.3488972253245946,0.12172927383920085,0.6940187560456228
2005-06-02,350,top_3,0.9212600395400968,0.4978295318868736,0.5423609666940193,0.8789760650297643,0.3058400923250969,0.09353816207342358,0.8691117959086561
2005-06-02,350,top_6,0.17210047451185753,0.23425851752031324,0.27422102060383097,0.17165472687657998,0.5779483778820156,0.33402432749645306,0.05141400908504582
2005-06-02,350,flag_nested,0.8368711061820506,0.30491645640536713,0.33411764941153643,0.7353875089036451,0.34677792336498464,0.12025492813333127,0.7207016365030342
2005-06-22,364,market_1,0.43791385464690924,0.03185551818213456,0.03435078284692573,0.4611948549253907,0.663072897519086,0.43966566742435653,0.37054458541792834
2005-06-22,364,block_2_3,0.9670826747098055,0.6424199356219008,0.9808091046195204,0.9120710398456671,-0.8833797815600776,0.7803598384691307,0.5233997072283951
2005-06-22,364,block_4_6,0.9290469355449198,0.6749108814350848,0.9991625880066749,0.8207786994370281,-0.6706119865315321,0.4497204364797681,0.643185725651766
2005-06-22,364,top_3,0.9660998477451251,0.6427759893262313,0.9808501642163685,0.9097554740612886,-0.8806877122837276,0.775610846567546,0.5218794505080289
2005-06-22,364,top_6,0.2563415317430109,0.2500199664095989,0.2549864310221373,0.2561229266851595,0.6060851341232061,0.3673391898051447,0.11026977723173272
2005-06-22,364,flag_nested,0.9257937515088924,0.3862038694662016,0.5768061527331838,0.8218919522875844,-0.6864735405563929,0.4712459218840296,0.6265424118500098
2005-07-13,378,market_1,0.5380556008857311,0.0330245938475915,0.033271442179272866,0.5310872274500794,0.6862025659905562,0.47087396157202355,0.43296517193251516
2005-07-13,378,block_2_3,-0.6333337403632868,0.19131158118771402,1.3612176052750613,-0.5093906253043018,0.38412100799015964,0.1475489487793764,-0.6043844775490506
2005-07-13,378,block_4_6,-0.41053429876880043,0.28102639216717595,1.3705482619337643,-0.2592664738219907,0.31305435487970085,0.09800302910914571,-0.3356866625372439
2005-07-13,378,top_3,-0.6318682721809205,0.19211963629321654,1.3612076897566092,-0.5055672589902944,0.37963062739807635,0.14411941325865707,-0.5961169524257166
2005-07-13,378,top_6,0.17498706277596388,0.24587396976292591,0.23193270289281576,0.22469248462435787,0.689047256322679,0.4747861214458119,0.09613716651239201
2005-07-13,378,flag_nested,-0.4352344843214068,0.1531979444480496,0.7922759894931765,-0.26744723017707644,0.3174035044585006,0.10074498464253723,-0.35268481468322993
2005-08-02,392,market_1,0.4676526805636101,0.034131163691222224,0.031642015251560865,0.49528910248464736,0.7003006160780462,0.490420952879291,0.3384434413753202
2005-08-02,392,block_2_3,-0.8769811252292247,0.3479141830644089,1.4173985878392954,0.8572048252850917,-0.8720279595636896,0.7604327622608122,0.6105337941069198
2005-08-02,392,block_4_6,-0.7295001078677933,0.41033383518681654,1.4271104108971786,0.7438311906748765,-0.5549276853193208,0.3079447359338592,0.7197422214104959
2005-08-02,392,top_3,-0.8764654504807741,0.3483828433688308,1.4174045079747628,0.8540442571923421,-0.8676111641027587,0.7527491320757442,0.6098610529345386
2005-08-02,392,top_6,0.14006804663651387,0.2595933323188598,0.23267742902876506,0.3290860592570381,0.7671929014514824,0.5885849480375441,0.06227737795103147
2005-08-02,392,flag_nested,-0.7510431707594285,0.22989835699768665,0.8244409385768512,0.7368193521632193,-0.6066458256230317,0.3680191577458499,0.6871226898849508
2005-08-22,406,market_1,0.40664615944006316,0.03157886995662195,0.03026683700877142,0.4708662131072469,0.7211862680799407,0.520109633267072,0.3002379714324217
2005-08-22,406,block_2_3,0.7870810256288833,0.19860967815184666,1.1184735355643467,0.7409155902339681,-0.38031079032823545,0.14463629724008709,0.7284156077695956
2005-08-22,406,block_4_6,0.5491923669648597,0.2997225026343404,1.1326058929006813,0.5881167967305172,0.027302850164771825,0.0007454456271200893,0.6016902604357772
2005-08-22,406,top_3,0.7817724939977926,0.19973352885021942,1.118542820119913,0.7337327806266241,-0.3729212892699855,0.13907028799078824,0.7208180044403941
2005-08-22,406,top_6,0.17678216555542753,0.268591276299384,0.24023475168943265,0.36111688341960535,0.7900904160891103,0.6242428655958635,0.05959511387275424
2005-08-22,406,flag_nested,0.5703956072336585,0.16223007785471347,0.6538966923169125,0.5595775922017682,-0.04808930828046616,0.002312581570893646,0.574400409079491
2005-09-12,420,market_1,0.3384168008936944,0.031156789039985866,0.03057075792344137,0.41411835353386023,0.6975663094019731,0.4865987560126893,0.22572023675174022
2005-09-12,420,block_2_3,0.6338969379012096,0.15198995595067616,1.3819401649175127,0.7232212349425875,-0.9080590745084367,0.8245712827971184,0.38195413873457784
2005-09-12,420,block_4_6,0.38133672366265325,0.26141382677083247,1.392096060252597,0.579076698955788,-0.6108293279195911,0.3731124678466996,0.5963022429875054
2005-09-12,420,top_3,0.626213086919777,0.15369302225742196,1.3819994728107945,0.7164992941810795,-0.905201547606013,0.8193898417883211,0.37383525499162573
2005-09-12,420,top_6,0.11337277854450857,0.26034671292397743,0.22792317245306148,0.3376915568510949,0.806027579745319,0.6496804593100965,0.04000500732361839
2005-09-12,420,flag_nested,0.40127226956365064,0.14192015016154555,0.803886547310396,0.5446740058733122,-0.6866251891567011,0.47145415038447547,0.5045065368445699
2005-09-30,434,market_1,0.26212470213927486,0.03069399800399754,0.028426865907465872,0.43250640839105925,0.7107472793627841,0.5051616951215996,0.232100931079339
2005-09-30,434,block_2_3,0.8222884842579742,0.2250148345263098,0.49377096403522835,0.6809495901716786,0.9783937421663497,0.9572543147102736,0.02763017428109902
2005-09-30,434,block_4_6,0.49879340851312515,0.3445775841691875,0.5090698435328238,0.481270033906041,0.9475963974321351,0.897938932426361,-0.15929661832053307
2005-09-30,434,top_3,0.8162023096090638,0.22607242474905467,0.49425715678358656,0.6747968451361319,0.9774917837267998,0.9554901872534006,0.02591474997351858
2005-09-30,434,top_6,-0.07396560192035405,0.30230472310772244,0.20550882078120794,0.25149741091929034,0.777038013774555,0.6037880748507056,-0.07856243396085336
2005-09-30,434,flag_nested,0.5484437184256133,0.18223535933781126,0.2987927569722306,0.4758962839859699,0.9448240250185198,0.892692438252197,-0.0731231358107408
2005-10-20,448,market_1,0.2746807163069261,0.03178100732065539,0.02636868641838152,0.4476536240803465,0.7089898871468434,0.5026666600764941,0.2600449425268913
2005-10-20,448,block_2_3,0.721589812807783,0.37558433057852725,0.20071732951856425,0.8838002294141302,0.980742151540229,0.961855167807758,0.07498536728437837
2005-10-20,448,block_4_6,0.4783760857102517,0.4390063584833804,0.24334556162296775,0.7530405017495877,0.9621272386753991,0.9256888234011483,0.024570435114956414
2005-10-20,448,top_3,0.7153665942756123,0.3759290037664021,0.20196083107642138,0.8815370908296547,0.9801064889904255,0.9606087297611384,0.07588160625341243
2005-10-20,448,top_6,-0.03156768870222815,0.28060131275137745,0.19893256587340982,0.2335199229536545,0.8011228232378536,0.6417977779125892,-0.028505741501607607
2005-10-20,448,flag_nested,0.5044251015855119,0.24746801915307792,0.14452356560074772,0.7620902872261205,0.9569392621716032,0.9157327514855321,0.08249578047382385
2005-11-09,462,market_1,0.29550639089144853,0.03240271943884046,0.02547296425893993,0.43432092987182824,0.6650308201299634,0.44226599172273184,0.30880854583407125
2005-11-09,462,block_2_3,0.8110910355818995,0.5422044842539161,0.2275691270971779,0.8538697662724042,0.9058480984295382,0.82056077742841,0.5899148815213953
2005-11-09,462,block_4_6,0.6086612363970437,0.58350818638655,0.26991172354462745,0.6311936306854455,0.8609728877521226,0.7412743134442288,0.4989566110055299
2005-11-09,462,top_3,0.8064765434778182,0.5423609666940196,0.22867535757576155,0.8509373349178291,0.9027865285258215,0.8150235160877038,0.5900823834338353
2005-11-09,462,top_6,-0.03412295456233775,0.274221020603831,0.20730941142003775,0.15963783764457548,0.8243643945564876,0.6795766550124847,-0.05178132049514766
2005-11-09,462,flag_nested,0.6265804543734753,0.33411764941153665,0.1588790220245951,0.6768891813436865,0.8337993844034168,0.6952214134315169,0.521470303582121
2005-11-30,476,market_1,0.2792081312020798,0.03435078284692573,0.024854483752177175,0.4213217029436106,0.674890683521182,0.4554774347036882,0.30579692791899604
2005-11-30,476,block_2_3,-0.2519537380083829,0.9808091046195208,0.12337070803665073,0.25621065320037917,0.7482975611968232,0.5599492400931134,-0.25780210434427747
2005-11-30,476,block_4_6,-0.15191258355803727,0.9991625880066751,0.20666467745248882,0.22201374118688588,0.7669778029017007,0.5882549501439199,-0.08846875240063111
2005-11-30,476,top_3,-0.2483245503617679,0.9808501642163685,0.12543661189714556,0.2530818555685911,0.7460820301396546,0.556638395697308,-0.2502993590920327
2005-11-30,476,top_6,0.04032314605035916,0.2549864310221373,0.22307065638724102,0.22096905921631424,0.7146670050062117,0.5107489280445489,0.047463797732477296
2005-11-30,476,flag_nested,-0.1393536908880959,0.5768061527331837,0.1189787635988234,0.21875365041509973,0.722886482208894,0.5225648661603495,-0.07086684841210719
2005-12-20,490,market_1,0.2553008026900938,0.033271442179272866,0.025019728489737016,0.4626479525165506,0.6848265159692412,0.4689873569745696,0.28937677627342495
2005-12-20,490,block_2_3,-0.22194192388960438,1.3612176052750617,0.1352645817384794,-0.3997636722992132,0.8432177275177638,0.7110161360002216,0.036717403003762625
2005-12-20,490,block_4_6,-0.18639472941544163,1.3705482619337643,0.19690319006714632,-0.27487324772139343,0.8134730918860973,0.6617384712227266,-0.13724766090870985
2005-12-20,490,top_3,-0.2190029907213142,1.3612076897566099,0.13719954841967225,-0.3968624577223011,0.8394228441297998,0.7046307112469623,0.029179078689295694
2005-12-20,490,top_6,-0.11822748957645651,0.23193270289281565,0.2141117765702553,0.0498172084317188,0.7174554427036852,0.5147423122651409,-0.1063249740928975
2005-12-20,490,flag_nested,-0.1507194391161066,0.7922759894931767,0.1205869022195168,-0.2736852709358976,0.7689583405241608,0.5912969294616714,-0.08560277744933253
2006-01-11,504,market_1,0.23156140637879258,0.03164201525156088,0.025059903273487023,0.4280404313149033,0.7044585278392889,0.49626181744549824,0.2877255084140197
2006-01-11,504,block_2_3,0.4016359044938235,1.4173985878392952,0.20117829400253792,0.2862622930884296,0.6901685434461563,0.476332618362589,-0.6628211719658366
2006-01-11,504,block_4_6,0.2807365672090343,1.4271104108971777,0.25644504530878875,0.17230000163711653,0.7346119382972092,0.5396546998887828,-0.4395444987275459
2006-01-11,504,top_3,0.3991071033701137,1.4174045079747633,0.20254297887349407,0.2843682405139019,0.6894658076459934,0.4753630999129421,-0.6513491513973193
2006-01-11,504,top_6,-0.18474482119312788,0.2326774290287651,0.22811170029159655,-0.11385882186681967,0.7011057361283062,0.4915492532320139,-0.2565152277859008
2006-01-11,504,flag_nested,0.2940183662567144,0.8244409385768514,0.15157520515367923,0.20668279246972027,0.694157869792644,0.4818551481950616,-0.4125160639427164
2006-02-01,518,market_1,0.21347575669068256,0.03026683700877143,0.02560926470693211,0.3840143882521721,0.6853311704407484,0.4696788131776862,0.2831290400214524
2006-02-01,518,block_2_3,0.5688909735186595,1.1184735355643471,0.25076624654493995,0.0032540215293892375,0.5007633155734971,0.2507638982241618,0.7341888117151305
2006-02-01,518,block_4_6,0.4266377105099846,1.1326058929006815,0.30599642678130495,-0.005625097549546578,0.6088505322938482,0.3706989706745021,0.3583875903200625
2006-02-01,518,top_3,0.5668201847528106,1.118542820119914,0.25185190834847987,0.003419132447017822,0.5022143828013564,0.2522192862925474,0.7271835722935188
2006-02-01,518,top_6,-0.21655628170878596,0.24023475168943265,0.23647162447427325,-0.011253593562390304,0.6697269011904076,0.44853412217810595,-0.29630181135247
2006-02-01,518,flag_nested,0.4450847787955332,0.6538966923169128,0.17640512241807782,0.005229463397005119,0.5717612310747332,0.3269109053600944,0.4286062512429943
2006-02-22,532,market_1,0.09164228148826739,0.030570757923441366,0.02622659437315002,0.3349270689176178,0.7117638673616314,0.5066078028815858,0.23231066346837148
2006-02-22,532,block_2_3,0.42888282996756666,1.381940164917513,0.22440445994038694,-0.05833272115778882,0.6573605678495404,0.4321229161634702,0.7136273301275294
2006-02-22,532,block_4_6,0.32132895754216045,1.3920960602525971,0.3160598016506493,0.025800298387854876,0.729877938254456,0.532721804750576,0.47105062257162705
2006-02-22,532,top_3,0.42728566953214914,1.3819994728107932,0.22553365361165076,-0.057457512635735425,0.6581539998621446,0.4331666875345398,0.7055938244107799
2006-02-22,532,top_6,0.13023731807449995,0.2279231724530616,0.2714295777491549,0.20557167200035012,0.7438570339921269,0.5533232870195642,-0.028900731371445214
2006-02-22,532,flag_nested,0.32943201226879865,0.8038865473103951,0.17297970931798481,-0.0025499832495200904,0.6945738235234967,0.4824327963240498,0.48390104789755006
2006-03-14,546,market_1,0.16827557049748748,0.02842686590746587,0.026383885763774307,0.3218190641378711,0.763188655654777,0.582456924120146,0.18406394888557107
2006-03-14,546,block_2_3,0.4148879297248402,0.49377096403522847,0.20801135115416428,0.12169799336723998,0.7326586235805662,0.5367886587069701,0.6067610132247949
2006-03-14,546,block_4_6,0.3430902849984727,0.509069843532824,0.2983645428422934,0.13278427277861019,0.6919371203519064,0.47877697852088874,0.3524930937991946
2006-03-14,546,top_3,0.4123848143495529,0.4942571567835869,0.20951286145391393,0.12108316624180486,0.7319732235568056,0.5357848000041412,0.597177709997108
2006-03-14,546,top_6,0.18015631721113815,0.2055088207812079,0.2622941763992391,0.19312691911741903,0.6425097109317207,0.4128187286415632,0.11612599667524297
2006-03-14,546,flag_nested,0.3267130642881791,0.29879275697223084,0.1636898336133231,0.1236354057385699,0.6887889510221534,0.47443021905019855,0.3659841720908751
2006-04-03,560,market_1,0.1211899953404866,0.026368686418381523,0.02714795615029967,0.3054494891875655,0.7508937105438658,0.563841364534335,0.15551230079010622
2006-04-03,560,block_2_3,0.3307568711847162,0.20071732951856425,0.2118631698252061,0.19165666266419212,0.8202013272112416,0.6727302171590823,0.18209220147408445
2006-04-03,560,block_4_6,0.32283342244228497,0.2433455616229677,0.3345729927955848,0.2270959137744877,0.7288423458047047,0.5312111650381045,0.20535814794605034
2006-04-03,560,top_3,0.32906259244879327,0.20196083107642135,0.21357892807932705,0.19030965968178987,0.8155381879450085,0.6651025359966278,0.18215860737534395
2006-04-03,560,top_6,0.19772814114461004,0.1989325658734098,0.3048770087662757,0.3001503935764449,0.6608613579857038,0.43673773447870845,0.2504842890403855
2006-04-03,560,flag_nested,0.26603627603929964,0.14452356560074772,0.1772963510867854,0.20107720960229106,0.7243726789204205,0.5247157779663467,0.17722937346650564
2006-04-24,574,market_1,0.0741099049377907,0.025472964258939933,0.027264621785583042,0.22870880712618852,0.7832791773081613,0.6135262696045499,0.0968269878828266
2006-04-24,574,block_2_3,0.3155545949517052,0.22756912709717783,0.22347755047554246,0.6008239561640932,0.8501117495401583,0.7226899867062285,-0.1582319286974559
2006-04-24,574,block_4_6,0.30487199232544954,0.26991172354462745,0.3142162035034753,0.5171120314350574,0.7366441128840135,0.5426445490466755,0.2812739259623742
2006-04-24,574,top_3,0.314018948977996,0.22867535757576152,0.22509293046143405,0.5951653201309814,0.8474745325682153,0.7182130833517147,-0.1289622830167725
2006-04-24,574,top_6,0.14467570220534076,0.20730941142003784,0.28156409828348083,0.3260289200104357,0.6488411209034615,0.42099480017526025,0.21205170301214296
2006-04-24,574,flag_nested,0.24537262475260926,0.1588790220245951,0.17562846852389233,0.49666191893285705,0.7356599220335551,0.5411955208864163,0.21464893529705387
2006-05-12,588,market_1,0.03633148249874615,0.02485448375217718,0.030028040803712956,0.21058678887804813,0.7587254797597582,0.5756643536366751,0.018604089944251626
2006-05-12,588,block_2_3,0.24032449950053802,0.12337070803665075,0.2685122717524589,0.571280296177495,0.9007026288882961,0.8112652256862877,0.16244333433680133
2006-05-12,588,block_4_6,0.1815242349304366,0.20666467745248884,0.3373006826482967,0.46421701013995703,0.8437444716893938,0.7119047335064144,0.1439450334324581
2006-05-12,588,top_3,0.23899197629453006,0.1254366118971455,0.2700103842082028,0.5627537617426221,0.898081258198991,0.8065499463282824,0.1714790608771917
2006-05-12,588,top_6,0.0962041247563713,0.22307065638724097,0.26848830150732755,0.3393044640009238,0.8177896082529765,0.6687798433665573,0.04391188713784042
2006-05-12,588,flag_nested,0.16056846857365537,0.11897876359882337,0.19291936252135197,0.437147698861079,0.8189674719856432,0.6707077201705551,0.14575106216307068
2006-06-02,602,market_1,0.03495823577875222,0.025019728489737027,0.030355587209845696,0.1876806108661705,0.7486573969504027,0.5604878980085528,-0.04134852431834559
2006-06-02,602,block_2_3,0.3575381607272289,0.13526458173847947,0.21628947556453737,0.4210918929916619,0.8586325991399946,0.7372499403059027,0.12183968817626083
2006-06-02,602,block_4_6,0.2924462180802479,0.19690319006714632,0.2952060798684137,0.4488805005613537,0.8100947661222717,0.656253530098698,0.16238379861782118
2006-06-02,602,top_3,0.3556902548520936,0.1371995484196723,0.217878989104725,0.41742244213503965,0.8549855405655185,0.7310002745761117,0.1350826789851992
2006-06-02,602,top_6,0.17281109194557634,0.2141117765702553,0.2640531484273625,0.3944924473597403,0.7946222275603639,0.6314244845329948,0.08469773972708643
2006-06-02,602,flag_nested,0.2559950825010768,0.1205869022195168,0.1684217637510682,0.3996621432145962,0.7726189905423261,0.5969401045466429,0.15596122832423298
2006-06-22,616,market_1,0.06666978704949571,0.02505990327348703,0.029771348520191497,0.27266771134199264,0.7477255317151162,0.5590934707786531,-0.03146984346770143
2006-06-22,616,block_2_3,0.45074594518301253,0.20117829400253792,0.16616660901239563,0.5779061633436872,0.7776204708234087,0.6046935966436198,0.3931670737981141
2006-06-22,616,block_4_6,0.18070241996420597,0.25644504530878875,0.284447306405987,0.1857129405918509,0.8294107848542216,0.6879222500324961,0.030615514675355806
2006-06-22,616,top_3,0.44917953285890444,0.20254297887349398,0.16770442110025596,0.5729371040270878,0.7792486968934529,0.607228531610144,0.39497852651429893
2006-06-22,616,top_6,0.029497335668586002,0.2281117002915965,0.2824675186594571,0.02503731950005334,0.8032564655154648,0.6452209493923973,-0.16154970499524682
2006-06-22,616,flag_nested,0.2343543425977409,0.15157520515367917,0.15349019728039034,0.27905729565471793,0.7875719119371848,0.6202695164723928,0.1254243935892028
2006-07-13,630,market_1,0.06501678647942513,0.025609264706932106,0.0287196558177304,0.3065960121199098,0.76145535708624,0.5798142608353329,0.006888035930975889
2006-07-13,630,block_2_3,0.16434410015300596,0.2507662465449399,0.1568427304283241,0.6948245360229073,0.7327700906751613,0.536952005788084,0.4051342864538765
2006-07-13,630,block_4_6,0.06453871235624774,0.30599642678130506,0.2736860158674131,0.37023174577652923,0.7841787322548945,0.6149362841208939,0.08893938903035746
2006-07-13,630,top_3,0.16726899313049284,0.25185190834847976,0.158438114266167,0.687371484491659,0.736537627027963,0.5424876760279829,0.40032297561939556
2006-07-13,630,top_6,0.04063533306988334,0.23647162447427317,0.2747035146030478,0.18284480616741644,0.7591734359428949,0.5763443058413409,-0.07192704139727706
2006-07-13,630,flag_nested,0.10422026355238298,0.1764051224180778,0.147544459300374,0.4135903672223302,0.7486315420193369,0.5604491857062504,0.15429086945947126
2006-08-02,644,market_1,0.051970449427463886,0.026226594373150024,0.028081056775032753,0.3595330726543019,0.7808227817942883,0.6096842165689706,0.03621330503590134
2006-08-02,644,block_2_3,-0.005226105733088118,0.22440445994038702,0.1630632242659451,0.6687367813216462,0.6299271691001161,0.3968082383704863,0.44117782274922174
2006-08-02,644,block_4_6,-0.08394613121379056,0.31605980165064923,0.262795353163622,0.2526645819607888,0.747016279418906,0.5580333217168649,-0.04552872555836814
2006-08-02,644,top_3,0.0014627316122674252,0.22553365361165081,0.1645695219365359,0.663101762463667,0.6371718324377715,0.4059879440521077,0.43189031465854255
2006-08-02,644,top_6,-0.06402074181655869,0.27142957774915477,0.25876255067780474,0.06895711887124951,0.7410063112396662,0.5490903532970175,-0.21872905299402634
2006-08-02,644,flag_nested,-0.027663732021210932,0.17297970931798481,0.14483069842160481,0.3350513672731428,0.7071275587148275,0.5000293842939919,0.0684347801817703
2006-08-22,658,market_1,0.2276564504590412,0.026383885763774304,0.025444549986709378,0.43534965742615755,0.8205508154224246,0.6733036406904058,0.11959698997384045
2006-08-22,658,block_2_3,0.2850509848652405,0.20801135115416441,0.1464652051509588,0.7384274701786683,0.7430046492169069,0.5520559087579389,0.40628206471191136
2006-08-22,658,block_4_6,0.22148512470083648,0.29836454284229347,0.23668099649495594,0.48435830297043125,0.7871754429373433,0.6196451779636022,0.23224925753995282
2006-08-22,658,top_3,0.2864560050702884,0.20951286145391398,0.1483861728288434,0.7293058478786681,0.744838680884181,0.5547846605412867,0.3989992259021506
2006-08-22,658,top_6,0.16356607532542297,0.2622941763992389,0.23903496898463908,0.3153797903992746,0.7584838648360546,0.5752977732166384,0.08451806106980672
2006-08-22,658,flag_nested,0.2230148931836291,0.16368983361332307,0.1323248400183094,0.5092723719488763,0.7510391332709477,0.5640597797043763,0.24991124581702404
2006-09-12,672,market_1,0.252877570107109,0.027147956150299666,0.024258659217952915,0.48090398637287846,0.832135934864186,0.6924502140922925,0.1498370402893239
2006-09-12,672,block_2_3,0.3127688468604709,0.21186316982520603,0.12282914487184841,0.6187836724519954,0.7244657186945695,0.524850577563639,0.2660800642835345
2006-09-12,672,block_4_6,0.01918587666384335,0.33457299279558483,0.2371518131170935,0.25634930291887514,0.7207224983344581,0.5194409196054628,-0.029363390008519025
2006-09-12,672,top_3,0.3118002410770229,0.213578928079327,0.12501502140726606,0.6090995479736772,0.7293020094034388,0.5318814209198937,0.26704422257830135
2006-09-12,672,top_6,-0.05974792505400687,0.30487700876627555,0.24861967690774545,0.11735521539905998,0.6942903851584769,0.48203913892350614,-0.14370330182539393
2006-09-12,672,flag_nested,0.09720756127154469,0.17729635108678535,0.12688587403840954,0.33268907096723016,0.7082968317219991,0.5016844018274218,0.058611360856516095
2006-10-02,686,market_1,0.24538441160341815,0.027264621785583042,0.026297657598926286,0.4558737570201536,0.8416634311136864,0.7083973312740632,0.1760072911471101
2006-10-02,686,block_2_3,0.15245188214062894,0.22347755047554246,0.10662239751453961,0.2305380771044049,0.7318245777220633,0.5355672125580764,0.026434671248851224
2006-10-02,686,block_4_6,0.23249918423165267,0.31421620350347534,0.2206746168172384,0.13150475634419734,0.7036842331526549,0.49517149998764,-0.012443571077073258
2006-10-02,686,top_3,0.15559427152897315,0.22509293046143394,0.10946285768208623,0.23249372130273027,0.7346733577043874,0.5397449425206388,0.029914797278244157
2006-10-02,686,top_6,0.19404241409586892,0.28156409828348095,0.236115804017492,0.12310467765062293,0.6779255240023275,0.45958301609383034,-0.035023860728637314
2006-10-02,686,flag_nested,0.17356596989081322,0.1756284685238923,0.11822598988224924,0.18018422801629116,0.7060573659526407,0.4985170040159812,0.01579671412133313
2006-10-20,700,market_1,0.17678612717765765,0.030028040803712956,0.027625547329684308,0.4863462163445743,0.8172560852979839,0.6679075089565856,0.15045282696189016
2006-10-20,700,block_2_3,-0.5362077214158925,0.26851227175245906,0.14732293788098177,-0.4738524490114687,0.6155418417605601,0.37889175895798255,-0.647763424056749
2006-10-20,700,block_4_6,-0.23703486945309105,0.3373006826482968,0.26245861336011705,-0.33436890723874346,0.6370402502865169,0.4058202804851083,-0.3399799996544036
2006-10-20,700,top_3,-0.5206359009188095,0.2700103842082029,0.14931076349622666,-0.4519651376739828,0.6214746309867961,0.3862307169601743,-0.6373899264925097
2006-10-20,700,top_6,-0.0049145400045951726,0.26848830150732766,0.25696478760115066,-0.1763526826483037,0.6430848926596382,0.4135581791670585,-0.14084063431620927
2006-10-20,700,flag_nested,-0.25836364911522314,0.19291936252135203,0.13856246211856016,-0.2737124218844369,0.6459727673446626,0.4172808161509214,-0.35933970307823454
2006-11-09,714,market_1,0.11871937112920934,0.03035558720984569,0.028459953048271654,0.4467049233376044,0.8213671426998214,0.6746439831068685,0.11053038918234176
2006-11-09,714,block_2_3,-0.466096023623003,0.21628947556453726,0.1394975075508671,-0.4352529951076044,0.7122925144599491,0.5073606261556771,-0.516101773929941
2006-11-09,714,block_4_6,0.055600047900467436,0.29520607986841385,0.2670487745630473,-0.17318680597217914,0.715392908682492,0.5117870137931964,-0.14810677123159152
2006-11-09,714,top_3,-0.44726065434990053,0.21787898910472503,0.14187144317606742,-0.40630777850283495,0.7085797010552398,0.5020851927475329,-0.5081345823682982
2006-11-09,714,top_6,0.25481553901478304,0.2640531484273625,0.2653838800239781,-0.0035889507197047377,0.6889328395036757,0.47462845734659753,-0.003304530379167318
2006-11-09,714,flag_nested,-0.06545362446500755,0.1684217637510682,0.13877045201780794,-0.14950271390271855,0.7015617098315023,0.4921888327017012,-0.2129135998736335
2006-11-30,728,market_1,0.09639335904043302,0.0297713485201915,0.028958721051063337,0.4213373524049002,0.8253547993107457,0.6812105447452818,0.10376119585999441
2006-11-30,728,block_2_3,-0.24591429458235128,0.1661666090123956,0.12291368869724081,-0.2692962723921545,0.6802967236872981,0.46280363225967214,-0.4442815039339119
2006-11-30,728,block_4_6,0.20193658264511852,0.2844473064059869,0.24708866612279104,-0.08223008992631795,0.6633388621925093,0.44001844609485263,0.07041134490374436
2006-11-30,728,top_3,-0.22565418324277162,0.1677044211002559,0.12551926288236545,-0.23467297844332177,0.6792399708657719,0.461366938021735,-0.4314838138051124
2006-11-30,728,top_6,0.275825318604012,0.28246751865945685,0.24800263049025884,0.02484606812249771,0.6561005713122652,0.4304679596762806,0.17043534818480857
2006-11-30,728,flag_nested,0.08766796850103613,0.1534901972803903,0.12783265140320005,-0.03937241629860743,0.6758746991958245,0.45680660901304615,-0.019010078585719098
2006-12-20,742,market_1,0.06335665036920655,0.028719655817730387,0.02829506216190233,0.49339051782461124,0.8222502748890542,0.6760955145551251,0.13754861621188888
2006-12-20,742,block_2_3,-0.022030511316162314,0.15684273042832417,0.12417179073665628,-0.18407485355619777,0.6632788761599911,0.4399388675600612,-0.2850344776034386
2006-12-20,742,block_4_6,0.20239282115863005,0.273686015867413,0.24058132715980443,-0.05591855102109303,0.6372796313902098,0.4061253285848416,-0.04709016888421275
2006-12-20,742,top_3,-0.010399533895026871,0.1584381142661671,0.12658384168368064,-0.15187214378308922,0.6675575901422561,0.4456331361565361,-0.28278247683903557
2006-12-20,742,top_6,0.20206872863205536,0.2747035146030481,0.241603091554544,0.031144256567938983,0.6316655267401027,0.39900133767185164,0.02028407553537022
2006-12-20,742,flag_nested,0.11928288347685938,0.14754445930037405,0.12597794453526848,-0.004531968004280161,0.6600148973649647,0.43561966474368496,-0.07679035307738982
2007-01-12,756,market_1,-0.0708674172033398,0.028081056775032757,0.031338708186285154,0.4111983847515561,0.7970562829434015,0.6352987181795517,0.07717488481544588
2007-01-12,756,block_2_3,0.07543659772581482,0.16306322426594508,0.12788040752020327,-0.07312713691839125,0.6652951440355713,0.44261762867731125,-0.27935236668228647
2007-01-12,756,block_4_6,0.3087485684476999,0.2627953531636222,0.2727829909072498,0.09215482886013035,0.4117630276499212,0.16954879093942976,0.16264498502851385
2007-01-12,756,top_3,0.08530845945747052,0.16456952193653596,0.1296250279061687,-0.05267373852134771,0.6614179204564661,0.4374736655009557,-0.27521013084029244
2007-01-12,756,top_6,0.2948646589454836,0.25876255067780474,0.2724697254129448,0.16699438951656198,0.4196605442674931,0.17611497241488872,0.23938495337080923
2007-01-12,756,flag_nested,0.2010549593332254,0.14483069842160484,0.13768184022754923,0.10277451447197693,0.5387453816683835,0.29024658626901223,0.0968957896553779
2007-02-02,770,market_1,0.01527629958548748,0.02544454998670937,0.0351496869379013,0.3808693577229924,0.7797816004298281,0.6080593443689043,0.04507509052103567
2007-02-02,770,block_2_3,-0.08390643337370965,0.14646520515095882,0.13207546003485662,-0.1752288347182749,0.7030928527597814,0.4943395596018878,-0.3489629296340129
2007-02-02,770,block_4_6,0.10391272945243527,0.23668099649495586,0.2646439265073738,-0.06826517631623848,0.44672029351062215,0.1995590206342165,-0.03498794632089242
2007-02-02,770,top_3,-0.0750769664420837,0.14838617282884345,0.13438698359091564,-0.16054247466923852,0.6916755922101708,0.47841512485929083,-0.3498646308462624
2007-02-02,770,top_6,0.14150603588079771,0.23903496898463916,0.2632570545182096,0.04489702398600048,0.4428053458954089,0.19607657435355275,0.07731687025979295
2007-02-02,770,flag_nested,0.055037155475088105,0.13232484001830944,0.13713557915552552,-0.011487537048983152,0.5593901932426146,0.3129173882960099,-0.04464784374203613
2007-02-23,784,market_1,0.03649265894264748,0.024258659217952918,0.03980950312991496,0.34693147842560906,0.7072532417530122,0.5002071479701446,0.05305500409429479
2007-02-23,784,block_2_3,-0.030569962494080127,0.12282914487184841,0.11382363977648728,0.038733917475534854,0.61482091008178,0.3780047514737881,-0.1876571095434475
2007-02-23,784,block_4_6,0.21019350597294192,0.23715181311709352,0.23209944043962583,-0.0564966693977241,0.4968920593652891,0.2469017186602781,0.056900167318926984
2007-02-23,784,top_3,-0.019398901723281386,0.12501502140726606,0.11610300915504064,0.050663488110167534,0.5985360312429274,0.35824538069603473,-0.18018382453681
2007-02-23,784,top_6,0.2070928511669159,0.24861967690774553,0.2401643334574861,-0.012010502062961542,0.5190948445597547,0.26945945764851575,0.1079919203355755
2007-02-23,784,flag_nested,0.1259751911955523,0.12688587403840954,0.12526472220295023,0.041466179749087825,0.5579798871242567,0.3113415544351984,0.056738053363660064
2007-03-15,798,market_1,0.17443591284801435,0.026297657598926286,0.03718338690713776,0.4319332197804343,0.677365568444165,0.4588241133136869,0.16294374801597641
2007-03-15,798,block_2_3,0.034089134209815436,0.10662239751453964,0.09627483883053778,0.27962427797302447,0.6216940233587698,0.38650345868001457,0.036792495857283815
2007-03-15,798,block_4_6,0.37082705299851626,0.22067461681723843,0.3751603449298446,0.23340522756997456,0.0032639566255793064,1.0653412853556254e-05,0.23528219290844762
2007-03-15,798,top_3,0.036046713761424584,0.10946285768208623,0.099743604533604,0.2627465279012623,0.6049007435192403,0.36590490951012944,0.028991497753919446
2007-03-15,798,top_6,0.33805384246589704,0.23611580401749185,0.3841776031229072,0.21979674743892114,0.05491400504861179,0.0030155479504789806,0.22782632191840746
2007-03-15,798,flag_nested,0.2674707253061131,0.11822598988224921,0.17116543148042943,0.24772351375746204,0.22615182347531276,0.05114464726120904,0.2390637518721205
2007-04-04,812,market_1,0.14035690272705964,0.027625547329684298,0.038623464882120755,0.40133288851178583,0.6297716128021287,0.39661228429139417,0.17638216633326603
2007-04-04,812,block_2_3,-0.008841442848707557,0.14732293788098183,0.08604472645726538,0.24117465086154002,0.6134263289254116,0.3762918610189073,0.07024688353073734
2007-04-04,812,block_4_6,0.3996405238474232,0.262458613360117,0.31096207782725344,0.2830753231605395,0.14381212264129295,0.02068192661859436,0.3022643158162733
2007-04-04,812,top_3,-0.006601293853862762,0.14931076349622677,0.08921571749745817,0.21990414564876143,0.6023741711564635,0.3628546420764365,0.05036713859738416
2007-04-04,812,top_6,0.4035079927188802,0.25696478760115077,0.3226047438994788,0.2903034736251404,0.18375459909109507,0.033765752687129114,0.3153348168001302
2007-04-04,812,flag_nested,0.28038764213401,0.13856246211856021,0.146596578814459,0.2763764672194872,0.3142225389336314,0.09873580397389747,0.2734381036478576
2007-04-25,826,market_1,0.21329865247179627,0.028459953048271654,0.03867117581967695,0.4574616700454271,0.6499037596843477,0.42237489685185026,0.14656592551378853
2007-04-25,826,block_2_3,0.03592404993311825,0.1394975075508671,0.09099521125158594,0.19789032036367482,0.5744656299080747,0.3300107599456812,0.1311209689821015
2007-04-25,826,block_4_6,0.22991907919319052,0.2670487745630473,0.20748750681992786,-0.024509947465352774,0.5306653145050378,0.28160567601873077,0.14098187850438101
2007-04-25,826,top_3,0.03086858723593282,0.14187144317606742,0.09405815651899634,0.17426519591064885,0.5534338597910392,0.30628903716320743,0.09923775374097947
2007-04-25,826,top_6,0.20204479116103238,0.2653838800239781,0.2262736446912744,0.0017596713905313002,0.527758151869458,0.2785286668646657,0.15140969425832326
2007-04-25,826,flag_nested,0.15144614376000626,0.13877045201780794,0.11391985116229401,0.09630733483121989,0.5427195994134048,0.2945445635874465,0.1602337207306907
2007-05-15,840,market_1,0.28052116703363533,0.028958721051063334,0.03878513899509096,0.442086674733826,0.6104633622484664,0.3726655166477024,0.1706751411448927
2007-05-15,840,block_2_3,0.091502655457504,0.12291368869724086,0.09707451674156169,0.26627913087134664,0.5298699315443036,0.28076214435476476,0.18350151789612648
2007-05-15,840,block_4_6,-0.2196629424832633,0.24708866612279107,0.22220239999258656,-0.3539518553984551,0.7217325246403755,0.5208978371237702,-0.21798508816588252
2007-05-15,840,top_3,0.07966596149693742,0.12551926288236545,0.09967336695580042,0.23363529930486188,0.5247680264916735,0.27538148162796594,0.14050156846324485
2007-05-15,840,top_6,-0.2176887831731842,0.24800263049025886,0.24055244448288615,-0.32784197965680073,0.7058452503833116,0.49821751748867993,-0.20663454335892723
2007-05-15,840,flag_nested,-0.0986970603510009,0.12783265140320005,0.12025026732369072,-0.12327711217685725,0.6657474361963045,0.44321964880195264,-0.09642662895256712
2007-06-05,854,market_1,0.29718660127403973,0.02829506216190233,0.03874936673837389,0.35682780220086024,0.6381366141181622,0.4072183382781922,0.062475507828342096
2007-06-05,854,block_2_3,-0.044365378678463296,0.12417179073665625,0.12168948974794161,0.1196577031737582,0.4107468878645136,0.1687130058903833,0.07522978604970652
2007-06-05,854,block_4_6,0.24804449023029299,0.2405813271598045,0.2429822980272348,0.044528754419236385,0.40239523755698153,0.1619219272085397,0.135591400127612
2007-06-05,854,top_3,-0.04874690819324527,0.12658384168368075,0.12381181195624408,0.09635465937201995,0.4076348517933393,0.1661661723965776,0.04552321224021611
2007-06-05,854,top_6,0.22444783475612937,0.2416030915545441,0.25926804134806863,0.05758562610240818,0.43099516417072997,0.1857568315385545,0.1384561903570722
2007-06-05,854,flag_nested,0.14359137320233267,0.12597794453526856,0.13347142475700588,0.09980218448003125,0.445871892176074,0.1988017442326726,0.11889863701248757
2007-06-25,868,market_1,0.3563583429121645,0.03133870818628515,0.03465563643777693,0.3249865013132783,0.6558152122727234,0.43009359264831737,0.058337158199842115
2007-06-25,868,block_2_3,0.15328027802298116,0.1278804075202033,0.13867769930627863,0.19125430232247023,0.341037277115786,0.11630642438254946,0.21138714301261793
2007-06-25,868,block_4_6,0.626717327344196,0.2727829909072497,0.45693224050944936,0.3677983734333215,0.14642488922099803,0.021440248183381527,0.3746421919558315
2007-06-25,868,top_3,0.14596173677278196,0.12962502790616867,0.14162247639634568,0.16761026341604002,0.3555236940304903,0.12639709701708557,0.18432527768168858
2007-06-25,868,top_6,0.583375331065247,0.27246972541294456,0.4634658542986343,0.3466264144580372,0.18564609146781808,0.034464471277277475,0.34451250004506945
2007-06-25,868,flag_nested,0.4711458843016591,0.13768184022754917,0.20901376691639006,0.2874103748975457,0.250526564339373,0.06276355943969014,0.27988981065910534
2007-07-16,882,market_1,0.317151106209285,0.0351496869379013,0.033575371531242654,0.28400675399168307,0.6671107468075059,0.4450367485060682,0.0718446361440431
2007-07-16,882,block_2_3,0.24130277054893465,0.13207546003485665,0.15496805987282808,0.19828018279581344,0.2796099665178806,0.07818173337613032,0.2385603760969463
2007-07-16,882,block_4_6,0.6166183246700904,0.2646439265073738,0.5095440680358677,0.290066464046708,0.5459546199377866,0.29806644703141316,0.24073742780284768
2007-07-16,882,top_3,0.23031477436641365,0.13438698359091567,0.15755706172234768,0.1764440479533184,0.2993643144251124,0.08961899275121754,0.21550674241415166
2007-07-16,882,top_6,0.5762796444832557,0.2632570545182097,0.5130939564347643,0.2803425893470191,0.5645003667038508,0.31866066400878246,0.17735605509597632
2007-07-16,882,flag_nested,0.47303039175489436,0.13713557915552557,0.23082377728756806,0.23412110851312104,0.515709453605789,0.2659562405383815,0.18715376533527878
2007-08-03,896,market_1,0.2439542916919247,0.039809503129914964,0.029893209578170567,0.2677645302970978,0.7017833666860555,0.4924998937572147,-0.028388099205788928
2007-08-03,896,block_2_3,0.2625571195214942,0.11382363977648728,0.18964389823682096,0.31443878624866195,0.24523851547821837,0.060141929473960465,0.27343062891378916
2007-08-03,896,block_4_6,0.5767275314035555,0.23209944043962596,0.5390567891980663,0.1608830142221057,0.4729970315123127,0.22372619181945996,0.10914245029670658
2007-08-03,896,top_3,0.2585938689431633,0.11610300915504058,0.19180934269080294,0.2987590481689587,0.26393739518834824,0.0696629485788105,0.2575232450182725
2007-08-03,896,top_6,0.5050522414027199,0.24016433345748614,0.5372950271935255,0.111871558338744,0.48596538670981304,0.23616235708001787,0.05068726119450308
2007-08-03,896,flag_nested,0.4215781530716963,0.1252647222029502,0.2475308795575324,0.15880406397066,0.45075088025302307,0.20317635604887496,0.08678298314274617
2007-08-23,910,market_1,0.2378983855885361,0.03718338690713776,0.031241826295226316,0.29771755722856075,0.6505918201009454,0.42326971638226096,0.00906513546476336
2007-08-23,910,block_2_3,0.3155151041044569,0.09627483883053779,0.23189000982907462,0.2406207223804063,0.09927866165511844,0.009856252660031317,0.2265422330175131
2007-08-23,910,block_4_6,0.6245383098364913,0.3751603449298446,0.5191426244671153,0.5283008252469817,0.6741147455579029,0.4544306901785966,0.3142947255126316
2007-08-23,910,top_3,0.3064324739832971,0.09974360453360401,0.23374259645813442,0.22609200886208228,0.11649277560914768,0.013570566769123493,0.20965757481486874
2007-08-23,910,top_6,0.6121168616489207,0.3841776031229076,0.5004413227363154,0.507181362133818,0.7012514260547639,0.4917535625438402,0.29133967842497005
2007-08-23,910,flag_nested,0.5271469995410232,0.17116543148042954,0.24683632585231458,0.4339323841512929,0.5967440358258694,0.35610344429374674,0.2582233889002096
2007-09-13,924,market_1,0.24478796857665575,0.03862346488212075,0.02976575232396645,0.2960703212463355,0.6948790309810252,0.48285686769712877,0.024878740227581898
2007-09-13,924,block_2_3,0.08376777921046263,0.08604472645726541,0.23408184392756584,0.0990351834935361,0.023580369749872872,0.0005560338375406593,0.09622541905459998
2007-09-13,924,block_4_6,0.4075501610384347,0.31096207782725355,0.4550954157623392,0.37095912040900547,0.6531516379653949,0.42660706217687827,0.12441461404643343
2007-09-13,924,top_3,0.08772279905092238,0.08921571749745817,0.23571403837118432,0.08966658851700093,0.04811461398360798,0.0023150160787915874,0.0808944922917199
2007-09-13,924,top_6,0.4298610418318184,0.32260474389947874,0.4329186126361459,0.3847897292497099,0.6991314645516623,0.48878480472615227,0.14784304439369786
2007-09-13,924,flag_nested,0.33046922130907525,0.14659657881445898,0.22503953023331252,0.30938158911508284,0.5714173597161373,0.32651779898496136,0.12396287680514502
2007-10-03,938,market_1,0.2128910899527382,0.03867117581967695,0.029758947151080024,0.283321091703075,0.644030889004328,0.41477578599170495,0.07255844997701238
2007-10-03,938,block_2_3,0.22034589419609515,0.090995211251586,0.22822771716726598,0.26665903136252556,-0.004695504074401916,2.2047758512666604e-05,0.27571293082069154
2007-10-03,938,block_4_6,0.3862879121705608,0.2074875068199278,0.578557185851637,-0.05982471172073346,0.8899803491628829,0.792065021896087,-0.12107158523120584
2007-10-03,938,top_3,0.22096597570934262,0.09405815651899632,0.2299762812375403,0.2617141891966975,0.021925365931703505,0.0004807216712390261,0.2638479671552576
2007-10-03,938,top_6,0.3697793297281465,0.22627364469127437,0.5617907120106289,-0.04119437920237836,0.9107474134315319,0.8294608510722254,-0.11018793192943031
2007-10-03,938,flag_nested,0.31838692521641704,0.11391985116229401,0.26667725611631204,0.02033378939778026,0.8372005267367659,0.7009047219683184,-0.038435822201883525
2007-10-23,952,market_1,0.12436810051530318,0.03878513899509096,0.030734505693004878,0.27124729323302915,0.6195290087325986,0.3838161926611964,-0.0046606341539236545
2007-10-23,952,block_2_3,0.3206065985881624,0.09707451674156165,0.23536094005144412,0.33195263036471334,0.08451927880884497,0.0071435084903673784,0.32274400833579814
2007-10-23,952,block_4_6,-0.40778745685128165,0.22220239999258662,0.9103601620366798,-0.5395047145678397,0.9041478542296064,0.8174833423080018,-0.25411340331765586
2007-10-23,952,top_3,0.32323955354506745,0.09967336695580047,0.2371526291155333,0.33082751497940366,0.10462855189418435,0.010947133871473946,0.3183724925289019
2007-10-23,952,top_6,-0.38650766310984647,0.24055244448288618,0.8975415644919607,-0.5099411087448268,0.918237131822506,0.8431594302576226,-0.2671798478331299
2007-10-23,952,flag_nested,-0.23765181503829533,0.12025026732369073,0.39237126509312065,-0.38524333692668983,0.8729084219804017,0.7619691131643158,-0.18786832315698207
2007-11-12,966,market_1,0.07582621137248367,0.03874936673837389,0.031347484082570584,0.2722182747922376,0.6202412886307853,0.3846992561223769,-0.044775042548088284
2007-11-12,966,block_2_3,0.49829272632619426,0.12168948974794164,0.23814458525396512,0.5169505095743337,0.301636125215447,0.09098435203498878,0.49882893512060084
2007-11-12,966,block_4_6,0.43826486132071124,0.24298229802723484,0.7483962219494676,0.22414918652788407,0.8725491990248001,0.7613421047188198,0.05874628533156132
2007-11-12,966,top_3,0.5000797113695985,0.12381181195624406,0.23980377765649377,0.5173686415818214,0.30806246963212747,0.09490248519584532,0.5002699857736691
2007-11-12,966,top_6,0.39775849852924244,0.25926804134806863,0.7298633901399799,0.19765896322060353,0.8939483586711292,0.799143667970806,0.03065643527857437
2007-11-12,966,flag_nested,0.39920411452305027,0.13347142475700588,0.3300525868133533,0.2360260807054558,0.8318480562898948,0.6919711887532758,0.1320929074599984
2007-12-03,980,market_1,0.2308835468140496,0.03465563643777693,0.028241945313997693,0.35706771705197127,0.6396121137729264,0.40910365608507093,0.08730581987505966
2007-12-03,980,block_2_3,0.6400976098758318,0.13867769930627868,0.20528952637318804,0.5772378463678247,0.42170171613686186,0.17783233739277426,0.6144109783676239
2007-12-03,980,block_4_6,0.7740222041465804,0.45693224050944914,0.6197588432736811,0.7518480840994071,0.8322376031462361,0.6926194280905923,0.4756595401659703
2007-12-03,980,top_3,0.631804841330537,0.14162247639634568,0.20690406582947374,0.5685013229081336,0.4231879721347973,0.1790880597595621,0.6021364070514571
2007-12-03,980,top_6,0.7553037874545978,0.4634658542986344,0.6092018621169485,0.7357559225994432,0.8457164737849315,0.7152363540312183,0.4423327696411604
2007-12-03,980,flag_nested,0.7234782812711622,0.20901376691639006,0.2773478978259991,0.6971484511086349,0.7713853551626304,0.5950353661593775,0.517606894741485
2007-12-21,994,market_1,0.1475099839659579,0.03357537153124267,0.030398434639208136,0.23831783462405873,0.5907224981951058,0.34895306987386665,0.02658637245097174
2007-12-21,994,block_2_3,0.6150508976301121,0.15496805987282808,0.197735366568725,0.5588728607340291,0.580194883053129,0.3366261023210343,0.6221801044481784
2007-12-21,994,block_4_6,0.8219051449276948,0.5095440680358682,0.5688380555184029,0.7963296245614304,0.6338522103046813,0.4017686245081299,0.745227591002476
2007-12-21,994,top_3,0.6095131476894721,0.15755706172234768,0.19911474548298672,0.5490519852365822,0.579983586950894,0.33638096113242544,0.6107171353310015
2007-12-21,994,top_6,0.8005377239599298,0.5130939564347646,0.5620752664853612,0.7931904864203526,0.6252188376701945,0.39089859497766877,0.7374974246004135
2007-12-21,994,flag_nested,0.7543856520486149,0.2308237772875682,0.25844611234039494,0.7374531599910137,0.5988317813056133,0.3585995023016536,0.7051696754385143
2008-01-14,1008,market_1,0.2221411919231589,0.029893209578170578,0.03406751032127409,0.28593980529407087,0.6012460657300034,0.3614968315558077,0.07944731005603345
2008-01-14,1008,block_2_3,0.5882389485019572,0.18964389823682098,0.19348431382382467,0.4916663292537039,0.6237934808993206,0.38911830681249127,0.6520642936413696
2008-01-14,1008,block_4_6,0.7760499272260958,0.5390567891980664,0.5556135319501461,0.7691963439181007,0.6475624587155397,0.4193371379377151,0.6967208610446101
2008-01-14,1008,top_3,0.5808748955033493,0.19180934269080308,0.19549241413769952,0.4845810117868817,0.6211422155621749,0.3858176519534873,0.6378044731441487
2008-01-14,1008,top_6,0.7575817333270832,0.5372950271935253,0.5468002405818669,0.7767009497570789,0.6408503371186577,0.41068915458509736,0.6893079508641587
2008-01-14,1008,flag_nested,0.713433299902422,0.24753087955753234,0.25245086737426087,0.7093506895023503,0.6219449345560523,0.3868155016199323,0.672521718384508
2008-02-04,1022,market_1,0.15867259715796908,0.031241826295226312,0.03407519771390945,0.2649343265683789,0.6297603829883781,0.3965981399816686,0.015774904201422888
2008-02-04,1022,block_2_3,0.4781657409291733,0.23189000982907468,0.1767852562804812,0.3467515009897241,0.7156639677063936,0.5121749146732582,0.5588147314533334
2008-02-04,1022,block_4_6,0.6316338639380089,0.5191426244671155,0.4787015072955777,0.5980481283370789,0.12868132720958514,0.016558883972420335,0.6317370090207531
2008-02-04,1022,top_3,0.47304952323254335,0.23374259645813428,0.17882523319858598,0.3452871014117784,0.7126266462981833,0.5078367370141961,0.5494364718208411
2008-02-04,1022,top_6,0.6226636167016374,0.5004413227363154,0.468632884304542,0.636581426989793,0.04634715427011021,0.002148058708937417,0.6490572901101871
2008-02-04,1022,flag_nested,0.5725287524497754,0.24683632585231458,0.22005318406546773,0.5313336439512283,0.3471514238102064,0.12051411105345355,0.6008781615492669
2008-02-25,1036,market_1,0.1580153718037647,0.029765752323966443,0.03691150697434645,0.2648798642587725,0.5783878586359542,0.3345325150174846,0.03197789005856256
2008-02-25,1036,block_2_3,0.5621015746490698,0.23408184392756584,0.17983292162343442,0.4541345761606007,0.7438265039247983,0.5532778679409875,0.5783244526583711
2008-02-25,1036,block_4_6,0.5176752069146401,0.45509541576233925,0.6373507053464313,0.6212548828409833,0.015538495781030363,0.0002414448511370848,0.623245848364748
2008-02-25,1036,top_3,0.5556489362443181,0.23571403837118438,0.18174499985429596,0.4509624027938215,0.7409352332962351,0.5489850199397466,0.5705538854081311
2008-02-25,1036,top_6,0.5047191465479004,0.4329186126361459,0.6349635301349698,0.6260070257314618,-0.0883274293694711,0.0078017347790189095,0.6244127742426255
2008-02-25,1036,flag_nested,0.49199951819059057,0.22503953023331252,0.2820803463046897,0.5711609689418354,0.23239616192923282,0.05400797607943808,0.5851210515455691
2008-03-14,1050,market_1,0.23339337965051396,0.02975894715108003,0.04206949157062924,0.3341204188490889,0.5210852494526828,0.2715298371971646,0.18334931616247616
2008-03-14,1050,block_2_3,0.5800258686257953,0.22822771716726595,0.18230318326299605,0.5515885740939148,0.7242339362093646,0.5245147943573096,0.6199561658038905
2008-03-14,1050,block_4_6,0.7484722191660702,0.5785571858516367,0.38338850750173575,0.28752747247830085,0.30414708613491837,0.09250545000436139,0.6064971179948837
2008-03-14,1050,top_3,0.574453036404298,0.22997628123754027,0.18343657132473168,0.5455266532229005,0.7223026829469125,0.5217211657923081,0.6113172414564013
2008-03-14,1050,top_6,0.7023940205549051,0.561790712010629,0.380805411009998,0.29024233162678553,0.22303490918204902,0.04974457071384486,0.5484495765903703
2008-03-14,1050,flag_nested,0.6500382028449312,0.26667725611631204,0.19275622133466394,0.30595135309972366,0.42366136364246426,0.17948895104339246,0.6028101991124007
2008-04-04,1064,market_1,0.2520060641099329,0.030734505693004874,0.041189623895237504,0.35555281184466864,0.5535684956108052,0.3064380793328101,0.22611586889349766
2008-04-04,1064,block_2_3,0.5525006432443802,0.2353609400514441,0.17009318966647755,0.5369742508716938,0.7588506246631361,0.5758542705516319,0.6143157093542913
2008-04-04,1064,block_4_6,0.7741508784615261,0.9103601620366796,0.35887121047903797,-0.5335835269915138,0.8602355665441774,0.7400052299475821,0.3982632939059787
2008-04-04,1064,top_3,0.5418976390303004,0.23715262911553325,0.17194487859938629,0.5296629983224008,0.7551778144197315,0.5702935313917626,0.6011696003756464
2008-04-04,1064,top_6,0.7375767410163949,0.8975415644919615,0.3600381280874831,-0.5556823762359744,0.8589738491393096,0.7378360735052016,0.34688999192998093
2008-04-04,1064,flag_nested,0.6635655304969336,0.3923712650931209,0.18208836999729966,-0.35455973754954917,0.7932083126498014,0.6291794272567455,0.45306063477806235
2008-04-24,1078,market_1,0.3466838866406027,0.031347484082570584,0.04002334374755709,0.472174943524479,0.5096902537117676,0.25978415472876626,0.39223457307983045
2008-04-24,1078,block_2_3,0.4462112071259051,0.23814458525396523,0.15634405111211294,0.562574745412192,0.7725558507696324,0.5968425425583904,0.5794615735461788
2008-04-24,1078,block_4_6,0.2939439082727077,0.7483962219494676,0.22252961569377935,-0.5255194834573096,0.9296507400752501,0.86425049852246,0.1976760956527428
2008-04-24,1078,top_3,0.437070534742334,0.23980377765649366,0.15900838037779497,0.5560008767089739,0.7673043181656344,0.588755916675629,0.568047441927807
2008-04-24,1078,top_6,0.22128321440448498,0.7298633901399793,0.2320698804065953,-0.5533247309592818,0.9216946657252674,0.8495210568264127,0.12179720473782343
2008-04-24,1078,flag_nested,0.26893665952385676,0.3300525868133531,0.13786162610934752,-0.36048554634936336,0.8744546842939921,0.7646709948837056,0.2646363300780154
2008-05-14,1092,market_1,0.33790048330690226,0.028241945313997704,0.037658700200698336,0.48327327724247876,0.5366273892173088,0.2879689548581851,0.36466667179685985
2008-05-14,1092,block_2_3,0.6002922413234804,0.2052895263731881,0.16651026225319235,0.6639828572270153,0.7966276613315257,0.634615630798536,0.6235202514898375
2008-05-14,1092,block_4_6,0.16821552617554936,0.6197588432736809,0.23452165309950773,-0.509573934060164,0.935731868429955,0.8755941295954148,0.18544899918705787
2008-05-14,1092,top_3,0.5886187555489103,0.20690406582947374,0.17013503101154834,0.6567913859337121,0.7908918869851823,0.6255099768989822,0.6104523830023778
2008-05-14,1092,top_6,0.0583295941858305,0.6092018621169487,0.2283646517138142,-0.5660099427278761,0.9352017632787731,0.8746023380397265,0.06192858764198476
2008-05-14,1092,flag_nested,0.2210729240093943,0.27734789782599917,0.14056513194471398,-0.32645712335593663,0.8920576853840642,0.7957669140527742,0.2580493917735403
2008-06-04,1106,market_1,0.3531276632524049,0.03039843463920814,0.038566374323155975,0.4515332367901838,0.526215607258108,0.27690286532201935,0.3242279555920984
2008-06-04,1106,block_2_3,0.6269030329507963,0.197735366568725,0.1643660821507378,0.6651844285562322,0.7879885656139882,0.6209259795383906,0.6151198925667444
2008-06-04,1106,block_4_6,0.06581078262489495,0.5688380555184026,0.23297210598160303,-0.4647438793169381,0.9417538887414282,0.8869003869596024,0.12980438842618663
2008-06-04,1106,top_3,0.616532868316979,0.19911474548298674,0.16869601729586337,0.6587584365937962,0.7814566391293845,0.6106744788393934,0.6027574131999751
2008-06-04,1106,top_6,-0.050152416133321116,0.5620752664853613,0.22648104158119967,-0.5355160449199247,0.9419688943671924,0.8873053979553512,0.0031002286958100684
2008-06-04,1106,flag_nested,0.17316199970727467,0.258446112340395,0.13972266940221276,-0.2607315229319039,0.9001096103920161,0.8101973107200671,0.23711926508459663
2008-06-24,1120,market_1,0.27562009583236285,0.034067510321274086,0.03663673253440952,0.3319122138574105,0.5475666781258005,0.29982926699372403,0.21652027014115185
2008-06-24,1120,block_2_3,0.6214185738397716,0.19348431382382478,0.15855441904200038,0.67900891431996,0.8415634989055004,0.7082291226900684,0.5961865320458303
2008-06-24,1120,block_4_6,-0.3264733956125912,0.5556135319501457,0.283944401848067,-0.5080870441695596,0.9431253454592737,0.889485417247674,-0.027143795602992772
2008-06-24,1120,top_3,0.6104127478216694,0.19549241413769955,0.16270444030897144,0.6727315611694212,0.8352162242194509,0.6975861411993959,0.5834713581710769
2008-06-24,1120,top_6,-0.4336855022023683,0.546800240581867,0.2771678704288841,-0.5970993947804917,0.9392250967593027,0.8821437823825212,-0.14094718353428853
2008-06-24,1120,flag_nested,-0.10816855454939896,0.2524508673742609,0.15155911894668977,-0.2945238773661859,0.9098584955924468,0.82784248200175,0.0992294351928335
2008-07-15,1134,market_1,0.2741600794077406,0.03407519771390945,0.03635765272067753,0.32198381637086604,0.5432761918916944,0.2951490206763412,0.20473595815407314
2008-07-15,1134,block_2_3,0.5483508392391832,0.17678525628048122,0.17283548989476238,0.7171032355621464,0.8628216005350402,0.7444611143498482,0.46330568276167455
2008-07-15,1134,block_4_6,-0.2612648736927686,0.4787015072955777,0.28800205006218693,-0.35472506330621256,0.9416367156770084,0.8866797043109833,0.056518022134654226
2008-07-15,1134,top_3,0.541906915993575,0.17882523319858606,0.1765493473310816,0.7110050395912328,0.8567523143398041,0.73402452812661,0.4593404571598493
2008-07-15,1134,top_6,-0.3842370209212298,0.4686328843045421,0.26937394081620847,-0.5200715300752238,0.9412134727162287,0.8858828012225435,-0.1425191048642696
2008-07-15,1134,flag_nested,-0.060131730169255805,0.22005318406546776,0.15429027704571466,-0.11560012000853175,0.9126550404014018,0.8329392227700844,0.179819477241757
2008-08-04,1148,market_1,0.15073470844336873,0.03691150697434644,0.038176107050870205,0.204967303211951,0.5120895675798003,0.2622357252240669,0.056201020144453544
2008-08-04,1148,block_2_3,0.4978334762607279,0.17983292162343437,0.1750973329596953,0.733372797694527,0.8778742912844967,0.7706632712982577,0.4079123756505317
2008-08-04,1148,block_4_6,-0.36811724549376307,0.6373507053464315,0.28851379577390257,-0.4783429456154539,0.9526331910647012,0.9075099967181159,0.08483403311956363
2008-08-04,1148,top_3,0.494311325754002,0.181744999854296,0.1787994451495877,0.7273757599838372,0.871759815931685,0.7599651766732454,0.40825846357370865
2008-08-04,1148,top_6,-0.48657131595257685,0.6349635301349696,0.2610491851623298,-0.6180925614608198,0.9550066675146964,0.912037734997526,-0.15066344236882434
2008-08-04,1148,flag_nested,-0.18223139546376002,0.2820803463046897,0.1532044663964219,-0.2577667563161338,0.9263896896200946,0.8581978570344151,0.16833471314458576
2008-08-22,1162,market_1,-0.05445765007704092,0.042069491570629246,0.04264216008612081,0.04565767479007827,0.47481000140069646,0.2254445374301295,-0.13421073129535535
2008-08-22,1162,block_2_3,0.42561943705263944,0.18230318326299597,0.1716306210021663,0.6797292912012673,0.9173574880880595,0.8415447609512344,0.2651473701636534
2008-08-22,1162,block_4_6,0.01777046253567926,0.3833885075017357,0.2738431529052595,0.23429628473289493,0.9243701785253993,0.8544602269470782,0.24771543634290544
2008-08-22,1162,top_3,0.4406225771055192,0.1834365713247318,0.17444915912549852,0.6814988907763344,0.9145910769262615,0.8364768379931389,0.2887611682118993
2008-08-22,1162,top_6,-0.12700294606881796,0.3808054110099981,0.24350780146805096,0.01740682077982928,0.9215031406876211,0.8491680382971498,0.021520937128471834
2008-08-22,1162,flag_nested,0.09264859535102177,0.19275622133466397,0.14780121250960296,0.3134855407591244,0.9008154144635695,0.8114684109351724,0.22743370747128497
2008-09-12,1176,market_1,-0.030168963602218452,0.0411896238952375,0.04482486688546255,0.04522173772039662,0.45713766662946126,0.2089748462514286,-0.11060976683970301
2008-09-12,1176,block_2_3,0.32133402545787565,0.1700931896664775,0.1795379748154895,0.6402795743746501,0.9045711936726266,0.8182490444223208,0.061480122517945934
2008-09-12,1176,block_4_6,0.10845404612249919,0.3588712104790378,0.29518256274266375,0.7225615355276582,0.859838787400294,0.7393227403180082,0.18850548527709765
2008-09-12,1176,top_3,0.3420287369363648,0.17194487859938634,0.1820872620045007,0.644019669238185,0.9020202996745451,0.8136406210249559,0.0995739052722597
2008-09-12,1176,top_6,-0.0003034517163289807,0.36003812808748326,0.261794642421808,0.6630109805272969,0.828084371344853,0.6857237260656002,0.19124846344981736
2008-09-12,1176,flag_nested,0.12315932098663063,0.18208836999729971,0.15647342102156428,0.6237387762553529,0.8446594768951596,0.7134496319088044,0.11462880916759538
2008-10-03,1190,market_1,0.02981672193438049,0.04002334374755709,0.04293068249600574,0.08238385278202079,0.4638180937635837,0.21512722410248453,-0.03873477273021851
2008-10-03,1190,block_2_3,0.39387933686783977,0.15634405111211294,0.20393340474949812,0.6094212578312326,0.9013278669839515,0.81239192380184,0.02546028974838846
2008-10-03,1190,block_4_6,0.2965933716662904,0.22252961569377944,0.32828675371580923,0.712099612056182,0.8486603501407043,0.7202243899009426,0.1930930863287833
2008-10-03,1190,top_3,0.40640940064669695,0.15900838037779494,0.20621914359215593,0.6119784635619231,0.8971643449748714,0.8049038618941899,0.06597398652356341
2008-10-03,1190,top_6,0.12870107851298765,0.23206988040659535,0.28159816171946894,0.6940926527725155,0.8124230964322552,0.6600312876165731,0.27379096864356006
2008-10-03,1190,flag_nested,0.25009287589715246,0.13786162610934755,0.1709817027486595,0.6208953307687243,0.8327240643944992,0.6934293674216943,0.13501788165909243
2008-10-24,1204,market_1,0.3156277560491577,0.03765870020069834,0.037729644899195836,0.26860684773964505,0.5443639407432694,0.29633209998154175,0.18970305064569976
2008-10-24,1204,block_2_3,0.5603654663134913,0.16651026225319243,0.17697461489617716,0.7113210834321698,0.9222404625484732,0.850527470761622,0.21145908971962904
2008-10-24,1204,block_4_6,0.40304270992600383,0.2345216530995078,0.34955183017325087,0.6897855816815626,0.7951328022829052,0.6322361732662654,0.47823713480731034
2008-10-24,1204,top_3,0.5589963358910522,0.1701350310115483,0.17959153310464912,0.7094809445406111,0.9164256783386351,0.8398360239184268,0.2409542685827494
2008-10-24,1204,top_6,0.2331936812589409,0.22836465171381423,0.31938447531298897,0.6457003768590437,0.6996977738826816,0.4895769747763802,0.49096307682246887
2008-10-24,1204,flag_nested,0.3738691956441545,0.140565131944714,0.17080878062033106,0.6349524068876876,0.804536293122954,0.6472786469520238,0.4091407268397728
2008-11-13,1218,market_1,0.4032281287425319,0.03856637432315596,0.03483514639250128,0.364083123741094,0.5427922489998488,0.294623425574314,0.2868955065799995
2008-11-13,1218,block_2_3,0.611702360717291,0.1643660821507378,0.18467988966402912,0.6615866501977258,0.884281346461032,0.7819534996989361,0.22399170388015102
2008-11-13,1218,block_4_6,0.5332954338537945,0.232972105981603,0.3306711828113884,0.586626142710738,0.7102131516178082,0.5044027207309001,0.4554919537889506
2008-11-13,1218,top_3,0.6042283621280147,0.16869601729586348,0.18682802666931714,0.6586063873472805,0.8797806762187816,0.7740140382479767,0.24264639272896663
2008-11-13,1218,top_6,0.33499857107373265,0.2264810415811996,0.2980474179299848,0.5371668589422101,0.5704230084970089,0.32538240862277856,0.4568373706057603
2008-11-13,1218,flag_nested,0.4587213692568999,0.13972266940221278,0.16629422267883873,0.5398435393648452,0.7441840250634657,0.5538098631596611,0.381974394586237
2008-12-04,1232,market_1,0.38628627878007893,0.03663673253440953,0.033831296860111416,0.374600955824485,0.559456584867024,0.31299167035107345,0.3110142970700532
2008-12-04,1232,block_2_3,0.5894877258018241,0.15855441904200043,0.18811609660923156,0.6352901040845029,0.82442862048956,0.6796825502823194,0.17711395920653206
2008-12-04,1232,block_4_6,0.5983982777231981,0.2839444018480671,0.3369867542689267,0.6147146355954937,0.6848744473847153,0.4690530086805189,0.3873965912422695
2008-12-04,1232,top_3,0.5823802541583113,0.16270444030897147,0.19000979593483783,0.633742082246624,0.8207852153891784,0.67368836980146,0.19315048760725226
2008-12-04,1232,top_6,0.48332958270483006,0.27716787042888413,0.30733249924060396,0.5751646709462482,0.5902802409936447,0.3484307629075153,0.4136322141427881
2008-12-04,1232,flag_nested,0.5176494999577023,0.15155911894668977,0.1700627580607108,0.5634552443355719,0.7049714754263638,0.49698478116482414,0.326496694099645
2008-12-24,1246,market_1,0.4065776393130068,0.03635765272067754,0.03417415305653958,0.35666869080574065,0.5508756882838838,0.3034640239422428,0.3046636582254209
2008-12-24,1246,block_2_3,0.3533104360334267,0.17283548989476233,0.18437972587994547,0.6153912168462551,0.6818777844309024,0.46495731290039644,0.1917831654381172
2008-12-24,1246,block_4_6,0.34365342072477634,0.2880020500621866,0.31750424460419746,0.5198630469181531,0.6547200747677739,0.4286583763039197,0.1343495224609569
2008-12-24,1246,top_3,0.35483992413014254,0.17654934733108163,0.18615222605405154,0.6133637283805465,0.6815615620929766,0.4645261629226185,0.20018195132871625
2008-12-24,1246,top_6,0.2875019119072113,0.26937394081620847,0.2865526081778998,0.46131993635095414,0.6343592603013071,0.40241167113002196,0.12398333967938147
2008-12-24,1246,flag_nested,0.3227271833442978,0.15429027704571469,0.16249355690103795,0.49581858250314303,0.6524522897717298,0.42569399042837297,0.1402831012230892
2009-01-15,1260,market_1,0.46645331292381303,0.0381761070508702,0.03085361278270739,0.41610182393258777,0.587076970242236,0.3446593689888032,0.34903394697690215
2009-01-15,1260,block_2_3,0.4161600199472905,0.17509733295969537,0.17958298079023374,0.6638629273345257,0.7184049261914576,0.5161056379761537,0.2095468703014545
2009-01-15,1260,block_4_6,0.20098366147146857,0.28851379577390274,0.3352362747770735,0.5166103559794113,0.6606230915508386,0.43642286909018757,-0.029670833103605115
2009-01-15,1260,top_3,0.414177047644994,0.17879944514958782,0.1810936697161322,0.6607809152640006,0.7174990109243553,0.514804830677428,0.2166455060256785
2009-01-15,1260,top_6,0.11244838996116449,0.26104918516232994,0.31146004506463465,0.454526957743198,0.6349658337390027,0.40318161001586694,-0.044884470182905464
2009-01-15,1260,flag_nested,0.25501179558633047,0.15320446639642196,0.1674857539338032,0.5067937902611142,0.6619190726470844,0.43813685873397623,0.022685357759652938
2009-02-05,1274,market_1,0.5798127521641021,0.04264216008612082,0.028729101261645035,0.5278919702364284,0.5987358482728816,0.3584846160070474,0.5030937171784816
2009-02-05,1274,block_2_3,0.46344231556424853,0.17163062100216633,0.1709311642448085,0.6113728392480563,0.7053791028989002,0.49755967880645735,0.14688181617217455
2009-02-05,1274,block_4_6,0.47519263776348764,0.2738431529052596,0.28954521133959354,0.7375990281653755,0.8154505084700561,0.6649595317640731,0.23868032757615634
2009-02-05,1274,top_3,0.45968722048528105,0.17444915912549855,0.17245432984618386,0.6094299087918119,0.7039232094684397,0.49550788482834884,0.1575026934420036
2009-02-05,1274,top_6,0.4244616544668932,0.24350780146805076,0.27074716174895325,0.7137523667641432,0.8108567002539699,0.6574885883467569,0.25681523983457927
2009-02-05,1274,flag_nested,0.4458460982720099,0.1478012125096029,0.15151302744666204,0.6723902334647401,0.7703923693296334,0.5935044027213264,0.23174495552325405
2009-02-26,1288,market_1,0.4679056806140997,0.04482486688546255,0.028647676011255944,0.4367707724588008,0.6305266094290481,0.3975638051980913,0.4012647351044961
2009-02-26,1288,block_2_3,0.6086567600160622,0.1795379748154895,0.16194359506761444,0.7242130742633504,0.7588563196386227,0.5758629138554752,0.36324798905796823
2009-02-26,1288,block_4_6,0.4851332518631296,0.29518256274266363,0.2897068428182875,0.7309928840306001,0.8773432763586547,0.7697312245717389,0.3367256846805231
2009-02-26,1288,top_3,0.5977098650429079,0.18208726200450076,0.16367745826148822,0.7176042046338957,0.7559836847638334,0.5715113316291028,0.3634917252811122
2009-02-26,1288,top_6,0.3727219833228994,0.2617946424218079,0.2780837051227289,0.6793783354996763,0.8655090686801259,0.7491059479675387,0.3140420439360279
2009-02-26,1288,flag_nested,0.46982055739608686,0.15647342102156428,0.1504633420392614,0.6730550456342943,0.8286832705901903,0.6867159629560546,0.3235647844623371
2009-03-18,1302,market_1,0.3828701955058431,0.04293068249600574,0.027516370552865377,0.42760260928758154,0.6571499295554847,0.4318460299147786,0.352591241213528
2009-03-18,1302,block_2_3,0.479646044651522,0.20393340474949823,0.15516140654399863,0.7866737592930251,0.7783953803257708,0.6058993681125013,0.40277612145597397
2009-03-18,1302,block_4_6,0.45030359190863833,0.3282867537158094,0.2674057977372926,0.7276154576600364,0.8532645126254726,0.7280603285059852,0.2995702256978512
2009-03-18,1302,top_3,0.47127239999274956,0.206219143592156,0.15673921076815692,0.7790901027721904,0.7769822852021585,0.6037014715179683,0.3943634919203793
2009-03-18,1302,top_6,0.3663993752957802,0.28159816171946883,0.26242077880767267,0.6326274266240659,0.8316167736593572,0.6915864582315986,0.2701397928747695
2009-03-18,1302,flag_nested,0.41098530075485623,0.1709817027486595,0.1429113533073857,0.6833438685822197,0.8067099173489238,0.6507808907491075,0.2901579106034691
2009-04-07,1316,market_1,0.4832161913863323,0.03772964489919584,0.025834626047903805,0.483678872848347,0.6900208590226713,0.47612878588638496,0.4112937775843212
2009-04-07,1316,block_2_3,0.46979002137506487,0.1769746148961773,0.14311036874724326,0.7923881971362136,0.7992649424941779,0.6388244483002216,0.40402702533590806
2009-04-07,1316,block_4_6,0.45566440242284556,0.3495518301732509,0.27594749431812,0.6714120235560115,0.9139516111109848,0.8353075474523644,0.22186558882735863
2009-04-07,1316,top_3,0.4631248932116992,0.17959153310464912,0.1446074235006148,0.784781646102523,0.7983165166600001,0.6373092607721562,0.39630701221164877
2009-04-07,1316,top_6,0.4027156758687623,0.3193844753129891,0.2735112846040702,0.5985156806013096,0.9073540313495173,0.8232913382062206,0.21370574674792253
2009-04-07,1316,flag_nested,0.4270615434002932,0.17080878062033106,0.1417953948987479,0.6398026885798496,0.8747482898380156,0.7651845705745329,0.2152572725244716
2009-04-28,1330,market_1,0.5195663047902549,0.03483514639250127,0.026517223187461532,0.4673833147386823,0.7112105599234941,0.5058204605466899,0.37214538041724093
2009-04-28,1330,block_2_3,0.6217164950171472,0.18467988966402926,0.12216998423272445,0.7844272978506769,0.8974199630627054,0.8053625901034676,0.3367559253786386
2009-04-28,1330,block_4_6,0.43126857758876935,0.33067118281138846,0.22718846331985063,0.5631500858468458,0.9392486572806287,0.8821880402034643,0.27326239922010087
2009-04-28,1330,top_3,0.6122379423390151,0.1868280266693172,0.12387715900053163,0.7775558859857981,0.8945780990630083,0.8002699753231856,0.3393744087095979
2009-04-28,1330,top_6,0.33504171690944007,0.29804741792998474,0.22875676401604642,0.4617652173584407,0.9279283616142427,0.8610510442880926,0.1790590941530889
2009-04-28,1330,flag_nested,0.4493459595433834,0.1662942226788387,0.1205817405197411,0.5589151574762529,0.9147974524657811,0.8368543790378832,0.2702254912016152
2009-05-18,1344,market_1,0.4901759984569186,0.03383129686011142,0.025994977445592322,0.3843637534764101,0.6895178112424294,0.47543481202055093,0.28953944422654987
2009-05-18,1344,block_2_3,0.4889143053996441,0.1881160966092316,0.10580003482648723,0.7321285392981074,0.9364278446145979,0.8768971081695417,0.237627676006711
2009-05-18,1344,block_4_6,0.26747271635243436,0.33698675426892666,0.2052404498817719,0.5284257636924002,0.9343420637819361,0.8729950921522874,0.13884540181127428
2009-05-18,1344,top_3,0.48254819876581956,0.1900097959348378,0.10767177791611383,0.7253596452464676,0.9342815586984881,0.8728820309240768,0.24005418986186394
2009-05-18,1344,top_6,0.1969127554671389,0.307332499240604,0.2135573201671997,0.39266154718270635,0.9107851057384029,0.829529508834914,0.07702618170633933
2009-05-18,1344,flag_nested,0.3135663998447758,0.17006275806071083,0.110187405232034,0.5326789992792464,0.9153362270373163,0.8378404085269093,0.162906470476096
2009-06-08,1358,market_1,0.4855583548099801,0.03417415305653957,0.02523129337087108,0.43787767503413144,0.7124821372118778,0.5076307958460055,0.35155671029017677
2009-06-08,1358,block_2_3,0.25035104949044573,0.18437972587994553,0.1210419624408416,0.601244324710213,0.9506618107887229,0.9037578784920937,0.07834710495614758
2009-06-08,1358,block_4_6,0.15840113240493636,0.3175042446041976,0.2108324758813098,0.3466031170672495,0.9391897692876718,0.8820774227346306,0.1297207873725607
2009-06-08,1358,top_3,0.24841675237015298,0.1861522260540516,0.12272228323646181,0.5945001174423176,0.9485917873280757,0.8998263789862734,0.08521813411763172
2009-06-08,1358,top_6,0.15622962830738116,0.2865526081778999,0.21067402713618497,0.20476943939057332,0.905983881762455,0.8208067940133661,0.11730785434537033
2009-06-08,1358,flag_nested,0.20911103940607342,0.16249355690103798,0.11425466606541756,0.39148666133643656,0.9220445933125971,0.8501662320569926,0.1408326764732069
2009-06-26,1372,market_1,0.4812787630531284,0.0308536127827074,0.02642266702914709,0.4527067934557782,0.7086694832324294,0.5022124364649184,0.33768891064959256
2009-06-26,1372,block_2_3,0.5149247372241645,0.17958298079023366,0.10252891546336215,0.7494278429538028,0.9416727590427459,0.8867475851231776,0.32533786200870063
2009-06-26,1372,block_4_6,0.07089541923259707,0.3352362747770736,0.19977958095638504,0.26023883018346655,0.9194708792204501,0.8454266977344279,0.11279219276751584
2009-06-26,1372,top_3,0.5050601037257668,0.18109366971613217,0.10473898506043261,0.741248690880798,0.9383028300915169,0.8804122009577496,0.323690145032317
2009-06-26,1372,top_6,-0.012311134521631562,0.3114600450646347,0.20094758907939206,0.05613404377897618,0.8820101513791272,0.7779419071358309,0.07118339613777534
2009-06-26,1372,flag_nested,0.19605567785170622,0.16748575393380322,0.10528484184772145,0.3693760230957314,0.9032658463059531,0.8158891891028097,0.15564112172120237
2009-07-17,1386,market_1,0.5047718497992582,0.028729101261645032,0.025674426277025063,0.5091348157040212,0.7162583633816867,0.5130260431142125,0.377526424938418
2009-07-17,1386,block_2_3,0.42035913641762856,0.1709311642448086,0.11190036409675724,0.7172647036712916,0.9419213003116678,0.8872157359808229,0.2638040136636406
2009-07-17,1386,block_4_6,0.14944515313778162,0.2895452113395936,0.2068526086306669,0.3282922221205803,0.902802781431065,0.8150528621596674,0.025839541983534924
2009-07-17,1386,top_3,0.4159705970622735,0.1724543298461839,0.11397034038487053,0.7102190674415625,0.9375255651914413,0.8789541853875313,0.26892329049956576
2009-07-17,1386,top_6,0.0639145769871367,0.2707471617489533,0.19882646705206003,0.17762823017174537,0.8626550088288348,0.7441736642574769,-0.02170631967266615
2009-07-17,1386,flag_nested,0.22517871425765268,0.15151302744666204,0.10759917747766228,0.39883931839926007,0.8914098855534875,0.794611584062482,0.09965315155740131
2009-08-06,1400,market_1,0.47091845001759564,0.028647676011255955,0.025043917850438246,0.4213748298671788,0.6986411835414945,0.4880995033402604,0.3221311819827803
2009-08-06,1400,block_2_3,0.4883751923442067,0.16194359506761447,0.10851981285009958,0.7462468712776527,0.939911647082719,0.8834339043217495,0.31325727529547426
2009-08-06,1400,block_4_6,-0.05183399626817618,0.28970684281828735,0.21621046956288892,0.2977951671989026,0.8042630321523783,0.6468390248869375,-0.2889163710775517
2009-08-06,1400,top_3,0.4813803814550234,0.1636774582614882,0.1106134140295157,0.7376498529399791,0.9354417857350059,0.8750513344990968,0.31472638832236144
2009-08-06,1400,top_6,-0.14183262117916298,0.27808370512272884,0.2099365761075476,0.13776691031593746,0.7445166376736693,0.5543050237729059,-0.34194170488582354
2009-08-06,1400,flag_nested,0.11278595004744246,0.15046334203926137,0.10977796351582227,0.383740554750649,0.8258126078891965,0.681966463348756,-0.12673605797148163
2009-08-26,1414,market_1,0.39048066283361393,0.027516370552865384,0.026039063548473206,0.31723926756071213,0.7158720761762467,0.5124728294488898,0.20981062896636465
2009-08-26,1414,block_2_3,0.49672703282920133,0.15516140654399863,0.09642842896418095,0.7728628196931517,0.9195498079589426,0.8455718493173278,0.3742687106911971
2009-08-26,1414,block_4_6,-0.18477219030929654,0.2674057977372925,0.3292173570220271,0.003375098350110068,0.47636689055106113,0.22692541441328662,-0.35878281822685554
2009-08-26,1414,top_3,0.4863225650301489,0.15673921076815706,0.09871255718205768,0.7625610210875235,0.9143660128082103,0.836065205378784,0.3718538165274235
2009-08-26,1414,top_6,-0.2452514188937845,0.2624207788076725,0.3292706919410462,-0.2212509341285388,0.3800970619768123,0.14447377652340476,-0.4644511627857961
2009-08-26,1414,flag_nested,-0.035102136526868444,0.1429113533073857,0.14831032973974193,0.1877732863494292,0.6130190254857115,0.37579232560745146,-0.21353017000640714
2009-09-16,1428,market_1,0.40728000874866105,0.025834626047903805,0.02587785332656905,0.2933008926506074,0.7456853601826495,0.5560466563907274,0.20413324870531416
2009-09-16,1428,block_2_3,0.4562593838155084,0.14311036874724326,0.08893770763106394,0.7855965194375271,0.916461040618243,0.8399008389710727,0.31709692849349363
2009-09-16,1428,block_4_6,-0.3914461485603113,0.2759474943181198,0.35366245293681403,-0.10831289221013886,0.3640350872917002,0.13252154477947564,-0.5293325458794147
2009-09-16,1428,top_3,0.4468714102604794,0.14460742350061476,0.0911782671461837,0.7739235605236898,0.9114591397678841,0.8307577634664114,0.3183439638667499
2009-09-16,1428,top_6,-0.43355425681344556,0.2735112846040703,0.3560328677707432,-0.2854769119530453,0.2733005225488782,0.07469317562548972,-0.5982582872973979
2009-09-16,1428,flag_nested,-0.21598301775406514,0.14179539489874793,0.15673987765794734,0.08191103336192072,0.532921127324242,0.2840049279485407,-0.4030685311911168
2009-10-06,1442,market_1,0.3659177415994435,0.026517223187461532,0.024780355074141305,0.29014937650056166,0.7318076494862171,0.5355424358465419,0.21912731976019853
2009-10-06,1442,block_2_3,0.5076356141672286,0.12216998423272447,0.08737141773864568,0.7635832869020677,0.894486584096356,0.8001062491283675,0.3794092894763662
2009-10-06,1442,block_4_6,-0.16404533911591745,0.22718846331985068,0.24895329320507756,-0.205381290153756,0.6330733648070912,0.4007818852281725,-0.602766964098602
2009-10-06,1442,top_3,0.49545273601607487,0.12387715900053164,0.0896470363670878,0.7501422168516172,0.88978833699818,0.7917232846579865,0.37204157069866756
2009-10-06,1442,top_6,-0.21564425629923636,0.22875676401604636,0.2538417286733832,-0.380456549087163,0.5783396078990272,0.3344767020648003,-0.6492582280759032
2009-10-06,1442,flag_nested,-0.0008766210787945158,0.12058174051974106,0.11845758837399609,0.006892957864800107,0.7133127506110325,0.5088150801842768,-0.41774471272088576
2009-10-26,1456,market_1,0.4061170763886661,0.02599497744559232,0.025236179263420377,0.36148256920657934,0.7503878333182662,0.5630819003920817,0.1992780018348589
2009-10-26,1456,block_2_3,0.38735660997620786,0.10580003482648724,0.09272694551116434,0.6141654982320347,0.8002534880461771,0.640405645130073,0.2298283067552334
2009-10-26,1456,block_4_6,0.04522341827595344,0.20524044988177195,0.17308541978059203,0.38069716724864777,0.7590343480623757,0.5761331415384754,-0.18954083769516553
2009-10-26,1456,top_3,0.3755655516869392,0.10767177791611385,0.09456477964043922,0.6033996180990095,0.7959043640076094,0.6334637566463572,0.2297647004019896
2009-10-26,1456,top_6,0.0020982187849000783,0.2135573201671998,0.18203818975869526,0.26185420050558506,0.7440477566832998,0.5536070642254514,-0.2679251768047013
2009-10-26,1456,flag_nested,0.14757714493746674,0.11018740523203403,0.09560690882497748,0.38931993782673757,0.7559580374952545,0.5714725544536765,-0.0703313743061928
2009-11-13,1470,market_1,0.3978396586468194,0.025231293370871075,0.025159193710271574,0.37426409236381597,0.738698511710657,0.5456754912035399,0.22010414042622486
2009-11-13,1470,block_2_3,0.09990962497187658,0.12104196244084162,0.09439525581932721,0.27414458673824665,0.7321966809475904,0.5361119795906676,-0.03864410103926322
2009-11-13,1470,block_4_6,0.15007003573169464,0.21083247588130982,0.17383696696394313,0.39435483529650034,0.7563320009480334,0.5720380956580557,0.07119157026356004
2009-11-13,1470,top_3,0.10333878782081021,0.1227222832364618,0.09616032171337349,0.2708771988709394,0.729328295615275,0.531919762785082,-0.031167881308766333
2009-11-13,1470,top_6,0.17294683322519266,0.21067402713618494,0.18238941591312938,0.3837098992896924,0.7541498298489578,0.5687419658612121,0.10307363145905694
2009-11-13,1470,flag_nested,0.16068452236917713,0.11425466606541755,0.0962266631016557,0.33341001327917497,0.743951494589947,0.5534638263026155,0.05372733212684357
2009-12-04,1484,market_1,0.44536121377660454,0.026422667029147084,0.0243329084863813,0.4337697298638749,0.7067246422459187,0.4994597199576215,0.3094726586244866
2009-12-04,1484,block_2_3,0.21278950402548374,0.1025289154633621,0.07952070926344161,0.4657270574468803,0.7810808165831493,0.6100872420341994,0.11801367812049059
2009-12-04,1484,block_4_6,0.13821645064989252,0.1997795809563851,0.19079584774171285,0.5210808738172644,0.8365889531463311,0.699881076526474,0.10937687433846786
2009-12-04,1484,top_3,0.21417914358506748,0.10473898506043257,0.08204681736554788,0.4558825216221901,0.774700236029902,0.6001604557047858,0.12268156063626065
2009-12-04,1484,top_6,0.12928995236842927,0.20094758907939214,0.2033704292431252,0.4973384568195483,0.8253463624445669,0.6811966180004785,0.12162518694243009
2009-12-04,1484,flag_nested,0.17144659586371766,0.10528484184772147,0.09863690535038411,0.46498548500077685,0.810432775524392,0.6568012836441696,0.12043525120457305
2009-12-24,1498,market_1,0.4386399169333895,0.02567442627702507,0.024895335187449293,0.466387453285219,0.677136611423189,0.45851399052967867,0.3637556525377173
2009-12-24,1498,block_2_3,0.13250342530294631,0.11190036409675723,0.08669794262335505,0.2994623305773686,0.7576173787113252,0.5739840925254196,0.0664812153880208
2009-12-24,1498,block_4_6,-0.018442379017530718,0.2068526086306669,0.18308912832615568,0.37718467452715393,0.7606613976507693,0.5786057618760218,0.1034385369421623
2009-12-24,1498,top_3,0.13792387869157535,0.11397034038487058,0.08874807718509109,0.29525610825855303,0.7538452197601895,0.5682826153552885,0.07049377495186954
2009-12-24,1498,top_6,-0.01869326071696188,0.1988264670520601,0.19652376438545108,0.35731724957711253,0.7580579057585856,0.5746517884830924,0.105174026254603
2009-12-24,1498,flag_nested,0.058903996582998504,0.10759917747766232,0.09839774613010092,0.33180080619245106,0.7528430033141914,0.5667725876391312,0.10238117579193379
2010-01-15,1512,market_1,0.4773526913408198,0.02504391785043825,0.024512428357681356,0.4711045438575004,0.6616343986727664,0.43776007750707313,0.4043837574389164
2010-01-15,1512,block_2_3,0.076781469930284,0.10851981285009961,0.08791996081701867,0.3801965875546855,0.7620536373621979,0.5807257462169562,0.02757618681934946
2010-01-15,1512,block_4_6,-0.1486726176511759,0.21621046956288895,0.19798447783175266,0.2209788421934269,0.6572307834981158,0.43195230277754737,0.018263843712737315
2010-01-15,1512,top_3,0.08312998275960336,0.11061341402951579,0.0897146273918047,0.3753093945280908,0.760677585334317,0.5786303888300466,0.030812768824930285
2010-01-15,1512,top_6,-0.12921117490740028,0.20993657610754754,0.20842845697376935,0.16812231942787564,0.6788575012229341,0.46084750696664556,0.0067190644954476545
2010-01-15,1512,flag_nested,-0.033234872595274245,0.10977796351582228,0.10258736543105582,0.2598460748308462,0.7033597429939592,0.4947149280645281,0.04045144092604
2010-02-05,1526,market_1,0.48153751253881244,0.026039063548473212,0.02320337165136562,0.41398423872439527,0.6707099929000079,0.44985189457592856,0.38611576398860603
2010-02-05,1526,block_2_3,0.029195842006839574,0.096428428964181,0.09009850891707384,0.4801487463397328,0.7855119601799851,0.6170290395858027,0.09429598032121368
2010-02-05,1526,block_4_6,-0.4436284827543718,0.32921735702202687,0.21324359725460262,-0.20118013509855362,0.7983373299067665,0.6373424923226656,-0.2240200853303478
2010-02-05,1526,top_3,0.03661301117151104,0.09871255718205774,0.09194760093551577,0.4714099353329283,0.7844409557072172,0.6153476129908526,0.08774031728818403
2010-02-05,1526,top_6,-0.41436112099498235,0.3292706919410462,0.22243904605476159,-0.2813674167360223,0.7981887993645426,0.6371053594310102,-0.21893418519957886
2010-02-05,1526,flag_nested,-0.2914718322061336,0.14831032973974195,0.10771740077729196,-0.008258231784995799,0.7863777073808207,0.6183898986655159,-0.14264943212890596
2010-02-26,1540,market_1,0.3612677213307256,0.02587785332656905,0.022506637830176236,0.33017379020040244,0.6585450847240429,0.4336816286141969,0.3126782464959897
2010-02-26,1540,block_2_3,0.0021272507793234233,0.08893770763106394,0.09721492253983056,0.482613674753075,0.8077830401879248,0.652513440015247,0.10192602287099523
2010-02-26,1540,block_4_6,0.05398913792979179,0.35366245293681414,0.18602048562815696,0.11816339034455932,0.7262699154915213,0.5274679901480619,0.09181222528100795
2010-02-26,1540,top_3,0.008576806336807796,0.09117826714618375,0.09903814832599302,0.4752193465435421,0.8057633054598069,0.6492545044255145,0.09649290866898842
2010-02-26,1540,top_6,0.0644906671766244,0.3560328677707431,0.1964521495224823,0.018526641075868617,0.7172342432689971,0.5144249597176507,0.08819271342405358
2010-02-26,1540,flag_nested,0.062388580044299057,0.15673987765794728,0.10103617271238294,0.21681416573992987,0.7505870460397229,0.563380913682637,0.08927215031396887
2010-03-18,1554,market_1,0.2670781203601357,0.024780355074141305,0.02401121051133662,0.3178757927748166,0.6308690180561521,0.3979957179431335,0.23048783935232772
2010-03-18,1554,block_2_3,-0.14507429799100308,0.08737141773864565,0.11859719468369696,0.5256040801041323,0.7876306652312594,0.620362064812636,0.05758243924949871
2010-03-18,1554,block_4_6,-0.21328353975284944,0.24895329320507767,0.20612840312357755,-0.14248543485742426,0.8114492001027207,0.658449804347345,-0.16589671035309636
2010-03-18,1554,top_3,-0.1325080763943501,0.08964703636708778,0.12010402519752855,0.5158225801373497,0.7852152122623223,0.6165629295681638,0.05332615771452213
2010-03-18,1554,top_6,-0.1674395465159683,0.25384172867338317,0.20898240064860138,-0.22609216791226,0.8211034587411893,0.674210889956744,-0.04246933891029239
2010-03-18,1554,flag_nested,-0.13480848527281966,0.11845758837399606,0.11253357047230249,0.044660925969331036,0.7848779612295392,0.6160334140238384,-0.12089757286968933
2010-04-08,1568,market_1,0.14490338533171054,0.025236179263420373,0.02587189155753042,0.29929242379143284,0.5847212976828302,0.34189899596389306,0.14868274133404752
2010-04-08,1568,block_2_3,-0.03120254757975478,0.09272694551116437,0.11826158452519928,0.4217624137656089,0.7747091971581823,0.6001743401614752,0.07233891701423678
2010-04-08,1568,block_4_6,-0.2941790896385878,0.17308541978059208,0.2891856064471245,0.16240573335448355,0.697660359379726,0.48672997704984844,-0.01453582127237287
2010-04-08,1568,top_3,-0.02482591372007415,0.09456477964043926,0.120117008863794,0.4127961115615969,0.7713093480538608,0.594918110395272,0.06758267478648014
2010-04-08,1568,top_6,-0.27592766411418496,0.18203818975869535,0.29365603081414404,0.12015545935456184,0.7305929090015423,0.5337659986833357,0.008527954392013539
2010-04-08,1568,flag_nested,-0.18245539974206865,0.09560690882497751,0.14089368610579794,0.21185958053824705,0.6996489836969555,0.48950870038818284,-0.007580758239636068
2010-04-28,1582,market_1,0.11841547196237302,0.025159193710271574,0.026415535394400957,0.30678616185425084,0.5866616641491013,0.3441719081821928,0.13446855400186725
2010-04-28,1582,block_2_3,0.16498667980945378,0.09439525581932726,0.11866258533282821,0.3210601773427358,0.7636718838901171,0.5831947462442801,0.2001711625019905
2010-04-28,1582,block_4_6,0.13395131324665238,0.1738369669639431,0.1889521622960237,0.2725601559790428,0.7503595768145441,0.5630394945173017,0.17939935292570908
2010-04-28,1582,top_3,0.16684270856542566,0.09616032171337355,0.12082483215436042,0.31387583142194525,0.7589713888778149,0.5760375691351192,0.19350401224198108
2010-04-28,1582,top_6,0.05657388231101979,0.18238941591312935,0.19493369954150486,0.25095224763686447,0.7677250859850336,0.5894018076507271,0.09188546135329005
2010-04-28,1582,flag_nested,0.10100105278926595,0.09622666310165572,0.10907421816377563,0.27400465384006756,0.7414527285864009,0.5497521487282191,0.13673198209145637
2010-05-18,1596,market_1,0.1434870956430092,0.0243329084863813,0.025307329199809405,0.3209316655247405,0.6043085159905484,0.3651887824986987,0.16388049334779817
2010-05-18,1596,block_2_3,0.11234836805610006,0.07952070926344161,0.1538024533848829,0.37873732866233273,0.5886358099300268,0.34649211673197877,0.1757207375469198
2010-05-18,1596,block_4_6,0.09548465777823567,0.1907958477417128,0.22105125795463973,0.26295401732390117,0.5750834072759756,0.33072092532414554,0.1851689558833426
2010-05-18,1596,top_3,0.11257886856576108,0.08204681736554788,0.1554892724493393,0.36835628062060866,0.5869476589684778,0.3445075543685765,0.16734532075410144
2010-05-18,1596,top_6,0.059697569115634105,0.20337042924312518,0.20250811078646563,0.23699120940707671,0.7115497038710222,0.5063029810789392,0.13439606949130486
2010-05-18,1596,flag_nested,0.07945983410840857,0.09863690535038408,0.12463689133861232,0.271856475008364,0.6346791204858785,0.40281758598072803,0.13957488870367496
2010-06-08,1610,market_1,0.05603199069398272,0.0248953351874493,0.02528322129880811,0.3101559805143692,0.600989085547163,0.3611878809468154,0.1172690072737872
2010-06-08,1610,block_2_3,0.11641257801135027,0.08669794262335506,0.12813965325144272,0.3903580161484945,0.7106639817854925,0.5050432950072108,0.20993212973024097
2010-06-08,1610,block_4_6,0.19397927106304977,0.1830891283261557,0.21830603060866233,0.3625064830581673,0.6705602160585111,0.4496510033604373,0.2641947528346874
2010-06-08,1610,top_3,0.11898398518454864,0.0887480771850911,0.13024941481605548,0.3802399494825426,0.7053092534184512,0.4974611429576934,0.202310922073523
2010-06-08,1610,top_6,0.13080055242883962,0.19652376438545108,0.21433915230906248,0.32614403007386505,0.7254455149210987,0.526271195119138,0.15979487349148766
2010-06-08,1610,flag_nested,0.1214921204084569,0.09839774613010094,0.11811473236355424,0.3407060296979929,0.6972290980208719,0.48612841512699845,0.179204691289605
2010-06-28,1624,market_1,0.1368040349190309,0.024512428357681356,0.02552004504780437,0.3249599025522891,0.6462488656152735,0.41763759630902797,0.07091995263601414
2010-06-28,1624,block_2_3,0.2560394595959573,0.08791996081701875,0.12895226456869124,0.4337856902272669,0.6203366114526839,0.3848175115085982,0.18616210940434752
2010-06-28,1624,block_4_6,0.11239428418986211,0.19798447783175263,0.24216306703778454,0.38582058483054615,0.737867349652101,0.5444482256826159,0.15985668926811175
2010-06-28,1624,top_3,0.2540742711711641,0.0897146273918047,0.1312759324055011,0.4197995397626142,0.6164228087543151,0.37997707915255907,0.17615311750827595
2010-06-28,1624,top_6,0.07218693141278608,0.2084284569737694,0.23218864261460614,0.3553204496281665,0.7850247392640237,0.6162638412565487,0.11893395374433481
2010-06-28,1624,flag_nested,0.13088729512498629,0.10258736543105584,0.12402012122536975,0.36981784500937764,0.7205857827862425,0.5192438703536619,0.12105772786056056
2010-07-19,1638,market_1,0.18951386273691231,0.023203371651365632,0.02556678184337495,0.26126381789101943,0.6500304410336485,0.42253957427039934,0.0656303437289105
2010-07-19,1638,block_2_3,0.2510553708829393,0.09009850891707384,0.13196435086609054,0.16333041853777053,0.6393927549090261,0.408823095030154,-0.20434636498963027
2010-07-19,1638,block_4_6,0.49808668489044733,0.21324359725460257,0.4094607258829714,0.6582350720300081,0.7123540190675273,0.5074482484816591,0.4740983133442295
2010-07-19,1638,top_3,0.2506740231172566,0.09194760093551578,0.1342637182905627,0.1598351066427754,0.6357787224240172,0.4042145838871156,-0.19512114137751158
2010-07-19,1638,top_6,0.4727097976102215,0.22243904605476159,0.40028152542569995,0.65566845868335,0.736527390235285,0.5424725965667996,0.5120727900243157
2010-07-19,1638,flag_nested,0.41465367543109244,0.10771740077729199,0.18266579396012672,0.54709775808749,0.6887851335950183,0.47442496026150716,0.3543633860943724
2010-08-06,1652,market_1,0.22668203956825556,0.022506637830176243,0.026141285189135385,0.24380932705601185,0.6440863670376523,0.4148472482037614,0.09067769696709724
2010-08-06,1652,block_2_3,0.28049436424943147,0.09721492253983055,0.1304224406666609,-0.09605914379527868,0.7003599476092386,0.49050405621521553,-0.41986445400076955
2010-08-06,1652,block_4_6,0.04130965109896612,0.1860204856281569,0.47383881038968706,0.2741817649814152,0.7573764701229243,0.5736191174958609,0.06101233430179584
2010-08-06,1652,top_3,0.2783088915014071,0.09903814832599303,0.13290126087184917,-0.09049544743378252,0.6959633202775345,0.4843649431717302,-0.40338041067268454
2010-08-06,1652,top_6,0.012503743301168387,0.19645214952248224,0.4655297156362227,0.3194148066564458,0.7565668674748325,0.5723934249606806,0.1506666722742542
2010-08-06,1652,flag_nested,0.07400997354901313,0.10103617271238292,0.20661703994388392,0.20731169137953828,0.727779982504153,0.5296637029337452,-0.00123447801815696
2010-08-26,1666,market_1,0.2997282359530576,0.024011210511336624,0.023438685061843302,0.3436308557168695,0.6883261288234266,0.47379285962104456,0.1427877530121578
2010-08-26,1666,block_2_3,0.41135503720387834,0.11859719468369699,0.11049947492743255,-0.1078542044107615,0.814668781949583,0.6636852242832173,-0.40852846817107225
2010-08-26,1666,block_4_6,0.2376394999570875,0.20612840312357747,0.3150546076720211,0.4748190159327363,0.870967577672979,0.7585845213575367,0.09111302069853805
2010-08-26,1666,top_3,0.40821539367358745,0.12010402519752858,0.11293263006819843,-0.10104515827327276,0.8092335508038321,0.6548589397465783,-0.3895551676862376
2010-08-26,1666,top_6,0.16806582479248522,0.20898240064860135,0.30938072264603095,0.5234360571386231,0.8610880336121124,0.7414726016299744,0.1858280554904029
2010-08-26,1666,flag_nested,0.23596465616439222,0.1125335704723025,0.14406030054447747,0.3685718825216543,0.8436567607298461,0.7117567299251765,0.04139593072303348
2010-09-16,1680,market_1,0.279788868013305,0.025871891557530405,0.023288226212416975,0.33579226022909314,0.6762116147881789,0.45726214797443676,0.15018882670249928
2010-09-16,1680,block_2_3,0.32644399653558875,0.11826158452519926,0.11660986174787275,-0.039842020522892395,0.7017426658844824,0.4924427691226605,-0.34571836484743534
2010-09-16,1680,block_4_6,0.3901778343006222,0.28918560644712465,0.24522950090039822,0.3678614128861863,0.7202350882940323,0.5187385824099129,0.2413892679055918
2010-09-16,1680,top_3,0.3260950619983133,0.120117008863794,0.11888196156401822,-0.032590807017507065,0.6980927619949324,0.4873335043497131,-0.3283317094537469
2010-09-16,1680,top_6,0.33098110007379383,0.293656030814144,0.23835161964469317,0.4088551910257071,0.7401472605112882,0.5478179672423649,0.30348208842548197
2010-09-16,1680,flag_nested,0.32651574114212856,0.14089368610579792,0.12133382671964024,0.28908323171228884,0.724187559049043,0.524447620681411,0.1250781682742421
2010-10-06,1694,market_1,0.30679698284632345,0.02641553539440095,0.022495926340527262,0.37038932635072763,0.7009466324367236,0.49132618152438357,0.2001772954629085
2010-10-06,1694,block_2_3,0.26202859131007744,0.11866258533282822,0.10716415582995185,0.10695102491509906,0.6626750105943212,0.4391381696661837,-0.19836412127252923
2010-10-06,1694,block_4_6,0.22703342637698973,0.18895216229602382,0.2228036849933848,0.4044431886070364,0.8848933153550049,0.7830361795599721,-0.055438370051548135
2010-10-06,1694,top_3,0.2653077594886998,0.1208248321543604,0.10949865512558807,0.11266578876415081,0.6605661626893571,0.4363476552901423,-0.18239793560783465
2010-10-06,1694,top_6,0.12461932428026097,0.19493369954150477,0.22308666286966305,0.3811906982864121,0.887044855932436,0.7868485764361962,-0.024565055852730902
2010-10-06,1694,flag_nested,0.18279809499298666,0.1090742181637756,0.11312527739226265,0.309145097074284,0.8445940655245613,0.7133391355193068,-0.07642132087220457
2010-10-26,1708,market_1,0.26121761572530205,0.025307329199809405,0.024335978516509763,0.33805725424361505,0.662047119939712,0.4383063890204678,0.14594644882408178
2010-10-26,1708,block_2_3,0.2552032078141552,0.15380245338488285,0.09605486252783942,0.21436553723194132,0.7294747332690756,0.532133386477989,-0.011594123013705786
2010-10-26,1708,block_4_6,0.16753991837263668,0.22105125795463998,0.2963638191687323,0.21498539419617205,0.8937012362900453,0.7987018997463559,-0.05478709288282773
2010-10-26,1708,top_3,0.25675557586011255,0.15548927244933927,0.09906473370016484,0.21527910226628402,0.7236899353814996,0.5237271225724791,-0.0038988356945750995
2010-10-26,1708,top_6,0.1015354623555325,0.20250811078646577,0.30168187125916546,0.1696264468788149,0.8887463641732118,0.7898700998311033,-0.1020587298519974
2010-10-26,1708,flag_nested,0.14615338730628674,0.12463689133861233,0.13795713916209448,0.174826671982848,0.8558272412253041,0.7324402668233148,-0.08726837385428271
2010-11-15,1722,market_1,0.27100700170690245,0.02528322129880811,0.022976022004921697,0.32436573489310766,0.7032836983813207,0.49460796040890864,0.18293096508065237
2010-11-15,1722,block_2_3,0.259735648999351,0.1281396532514427,0.09349346318199081,0.22371901864780214,0.7201863158207484,0.5186683294954633,-0.01957986053179411
2010-11-15,1722,block_4_6,0.2389006391802758,0.21830603060866238,0.32273296631080317,0.43252888141847373,0.7315625162892125,0.5351837152394043,0.19741755193340751
2010-11-15,1722,top_3,0.2631569250973907,0.13024941481605545,0.09622606512904855,0.22356059788264998,0.7159107697451524,0.5125282302370967,-0.01210954636719004
2010-11-15,1722,top_6,0.18354033434923292,0.21433915230906245,0.3292487193980781,0.3706556122924104,0.7334111778778202,0.5378919558361315,0.14688164656651545
2010-11-15,1722,flag_nested,0.19638876398988372,0.11811473236355423,0.14724753306860414,0.3293882873284542,0.7118495243788548,0.5067297453584019,0.11299114692202862
2010-12-06,1736,market_1,0.29664983259255717,0.025520045047804377,0.023411349640442117,0.32260460775652583,0.6921160100597749,0.47902457138106247,0.15565735662844832
2010-12-06,1736,block_2_3,0.21371571720044535,0.12895226456869127,0.09837274444331275,0.12544719239824126,0.7045177633956196,0.4963452789399663,0.04715932289216388
2010-12-06,1736,block_4_6,0.3908814519808659,0.24216306703778442,0.4050493381574508,0.5930572582929227,0.641001755616961,0.4108832507040262,0.4768812075486726
2010-12-06,1736,top_3,0.21852159928932802,0.13127593240550106,0.10110870987027862,0.1291545365030441,0.7013199593968582,0.491849685448411,0.05210924069468231
2010-12-06,1736,top_6,0.37251890652984937,0.2321886426146062,0.4133195476266747,0.5594225492129501,0.634667847790362,0.4028032770188501,0.4085590225595664
2010-12-06,1736,flag_nested,0.3180183932127525,0.12402012122536976,0.18007754747400057,0.47316014563155717,0.6197429198803527,0.3840812867418252,0.35927666738117053
2010-12-27,1750,market_1,0.2999123960730119,0.025566781843374943,0.024007583734447172,0.3359388715072842,0.6752635615351097,0.4559808775370807,0.1754378875261123
2010-12-27,1750,block_2_3,0.11257361114539251,0.13196435086609057,0.10656056028484363,-0.010509095641171017,0.6425494707455955,0.4128698223554451,-0.0009922336116998357
2010-12-27,1750,block_4_6,0.5920774380275889,0.40946072588297144,0.2834120912562513,0.4684466440315524,0.5718668183175805,0.32703165789267274,0.5976639860978085
2010-12-27,1750,top_3,0.12111723003465268,0.1342637182905626,0.10922611326236874,-0.0007578953636758779,0.641666126492509,0.41173541788790047,0.006856042661541064
2010-12-27,1750,top_6,0.5663944319071718,0.4002815254257,0.2976110383072147,0.4510518310337909,0.563057870940112,0.3170341660276117,0.5364335686561383
2010-12-27,1750,flag_nested,0.4735442629943485,0.18266579396012672,0.13897913645562354,0.36289961233577184,0.5846573386766156,0.3418242036684228,0.4357451486388069
2011-01-14,1764,market_1,0.2829974296344924,0.02614128518913539,0.024665880359194956,0.320497862369542,0.681711834970557,0.4647310259389239,0.1908972596264083
2011-01-14,1764,block_2_3,0.22751892644113067,0.13042244066666092,0.12369885409292684,-0.08553318662365701,0.5898270131408997,0.347895905430715,0.055967659995810264
2011-01-14,1764,block_4_6,0.48558138854708205,0.4738388103896871,0.22826993637891094,0.6138608344908758,0.7725318906118256,0.5968055220122812,0.4877993325629657
2011-01-14,1764,top_3,0.2316084999427763,0.1329012608718491,0.12602530903616138,-0.07421531729323898,0.5916426078738564,0.3500409754517779,0.06253826414675075
2011-01-14,1764,top_6,0.4338571049328575,0.4655297156362223,0.24841072184914736,0.6086764159521081,0.7504772319613866,0.5632160756924249,0.40741534486832515
2011-01-14,1764,flag_nested,0.37422895664097755,0.20661703994388378,0.12722884741565696,0.47370996069469923,0.7043543029183104,0.4961149840395389,0.34928559258060893
2011-02-04,1778,market_1,0.28412654190764214,0.023438685061843302,0.02527442993150445,0.3501754405288466,0.7146479965910764,0.5107217590316393,0.23926305097001807
2011-02-04,1778,block_2_3,0.3885072431221348,0.11049947492743253,0.12283509049027762,-0.001602408702969303,0.5740887823709281,0.32957793004413516,0.18595697719163584
2011-02-04,1778,block_4_6,0.5069287184975549,0.31505460767202115,0.24940662102393976,0.6357227902596859,0.7933492285011468,0.6294029983633648,0.5266958960914948
2011-02-04,1778,top_3,0.3855657114176997,0.11293263006819838,0.12522273527456337,0.0066941477506370145,0.5793259816741462,0.335618593042713,0.18887599993950965
2011-02-04,1778,top_6,0.45870244442493746,0.30938072264603095,0.2643065096368584,0.6316754279476368,0.7851408490319322,0.616446152818583,0.4286785073461806
2011-02-04,1778,flag_nested,0.4321287738000425,0.14406030054447747,0.1323204309910105,0.5046680130203408,0.7321348049091423,0.5360213725593476,0.4083130822281749
2011-02-25,1792,market_1,0.25977703374963557,0.023288226212416975,0.024218254806714763,0.423013640067387,0.7065641008573583,0.49923282862036744,0.34863367773438797
2011-02-25,1792,block_2_3,0.35658846372776987,0.11660986174787277,0.11812597001023863,0.06967255580178461,0.5939920152548013,0.35282651418646016,0.21463214854998222
2011-02-25,1792,block_4_6,0.44938095168438374,0.24522950090039825,0.31903586410905155,0.44653147945807586,0.7315055916555975,0.5351004306234056,0.3908495995675849
2011-02-25,1792,top_3,0.3565367966354313,0.11888196156401819,0.12005089728304526,0.07905696087463294,0.6001786385745893,0.36021439820124745,0.21745539168765718
2011-02-25,1792,top_6,0.4206116878174513,0.23835161964469334,0.33118284348333105,0.4377200834774393,0.7259123623616393,0.5269487578294558,0.3087326658224461
2011-02-25,1792,flag_nested,0.3951418671435765,0.1213338267196403,0.15385363980632746,0.35303146429130067,0.6902243291953667,0.4764096246131939,0.31556283950420566
2011-03-17,1806,market_1,0.3476492696113012,0.022495926340527262,0.0235365991883248,0.4612745181151928,0.7316215842787696,0.5352701425825768,0.41894361300336536
2011-03-17,1806,block_2_3,0.5289130144274511,0.10716415582995187,0.12267524991138745,0.23278740222625857,0.49814555683021167,0.24814899578968153,0.3253806111877855
2011-03-17,1806,block_4_6,0.32726009722581145,0.22280368499338482,0.3199766510625055,0.6567766465653233,0.5882896916582048,0.3460847613113057,0.6244251045176157
2011-03-17,1806,top_3,0.5240814100180368,0.10949865512558812,0.1243469990726506,0.23957134754569182,0.5108342514348607,0.2609516324390142,0.32810787715293876
2011-03-17,1806,top_6,0.2681704601129981,0.2230866628696631,0.32436715481698963,0.6158887952457319,0.6207825267842036,0.3853709455605807,0.5585324536875648
2011-03-17,1806,flag_nested,0.33611146011174015,0.11312527739226268,0.152458864664608,0.5499174121845526,0.5947402212657305,0.35371593079121,0.5264866260011936
2011-04-06,1820,market_1,0.2582831073528928,0.024335978516509763,0.024420856295024312,0.4240453871303128,0.737863758870535,0.5444429266545552,0.3869936656099423
2011-04-06,1820,block_2_3,0.4574868002506333,0.09605486252783942,0.12739042240828743,0.2344096941279695,0.43008399004703535,0.1849722384947785,0.19987700248950374
2011-04-06,1820,block_4_6,0.37579818230737344,0.29636381916873233,0.27704536078880176,0.6133186772451775,0.598789512835402,0.358548880681658,0.5588934814457795
2011-04-06,1820,top_3,0.4513414285217478,0.09906473370016486,0.12895456082274293,0.24029836502913135,0.4493217574799417,0.20189004174486347,0.2023320015552712
2011-04-06,1820,top_6,0.3329877785445433,0.3016818712591653,0.27753248763341554,0.5811608359056349,0.6430842690653964,0.413557377119375,0.5126620809162429
2011-04-06,1820,flag_nested,0.35371058868917993,0.1379571391620944,0.1377564932160237,0.5201410400125344,0.6013319552008364,0.3616001203456607,0.45635672639764296
2011-04-27,1834,market_1,0.3095048132162679,0.0229760220049217,0.025429530627381576,0.4157651405933647,0.7357390870340939,0.5413120041897621,0.3725166435331563
2011-04-27,1834,block_2_3,0.5141187982134237,0.09349346318199081,0.14917618861498744,0.15438358482339679,0.30356131324336716,0.0921494708980376,0.09822665061895959
2011-04-27,1834,block_4_6,0.5709997952547428,0.3227329663108031,0.31313486607853436,0.6788039401897231,0.7060915139206453,0.49856522603074904,0.5686135077759055
2011-04-27,1834,top_3,0.5047656025229448,0.09622606512904852,0.150732290107958,0.1647030804615416,0.32590166906603263,0.10621189790002605,0.10330200439167206
2011-04-27,1834,top_6,0.5382359388881145,0.32924871939807787,0.30459341407390683,0.6616644681018857,0.7500009111440925,0.5625013667169689,0.5574089216490661
2011-04-27,1834,flag_nested,0.5126857562978835,0.14724753306860405,0.15389258192385974,0.581071263891863,0.6652388156107107,0.44254268179514145,0.46734210587075553
2011-05-17,1848,market_1,0.1977849832373857,0.023411349640442114,0.02532833708138682,0.38607343629642016,0.7360631630900456,0.541788980058123,0.30774716439703276
2011-05-17,1848,block_2_3,0.40661727720914553,0.09837274444331277,0.1543049491778989,0.06952904591470153,0.28883300502642484,0.083424504792595,-0.013014839528947114
2011-05-17,1848,block_4_6,0.4821978477747257,0.40504933815745076,0.28779396342316965,0.6597198976490407,0.6546478711028841,0.42856383513953833,0.5132599691166688
2011-05-17,1848,top_3,0.39919815515077756,0.10110870987027862,0.15593770744192778,0.08258946952668421,0.3066356757052567,0.0940254376152192,-0.004810838995353107
2011-05-17,1848,top_6,0.48159653482623505,0.413319547626675,0.2701981459547602,0.6541345921617885,0.7297892265448201,0.5325923151808867,0.5185423114121004
2011-05-17,1848,flag_nested,0.4292651784962091,0.18007754747400065,0.1446198022619589,0.5507308524741629,0.6307730464466917,0.3978746361236404,0.4069009648454618
2011-06-07,1862,market_1,0.23782095650118382,0.024007583734447165,0.025898536264030523,0.39598965526996566,0.7206392160240461,0.5193208796717517,0.26584596265924804
2011-06-07,1862,block_2_3,0.24298312107321748,0.10656056028484365,0.17039195665712675,0.09321626722431761,0.2101398211598556,0.04415874443709622,0.019482722516494144
2011-06-07,1862,block_4_6,0.37248700602371687,0.28341209125625133,0.2936192977444343,0.2859746660138797,0.6582207945177903,0.43325461433563095,0.0660868878157844
2011-06-07,1862,top_3,0.24251932981569232,0.10922611326236872,0.17186201173569104,0.10469412603900016,0.23133194452188008,0.053514468556274286,0.023866898031516398
2011-06-07,1862,top_6,0.38157556085866473,0.29761103830721486,0.2643237703350929,0.3113323526131816,0.7585416945601627,0.5753855023862033,0.11241541349338784
2011-06-07,1862,flag_nested,0.32230443302565315,0.1389791364556236,0.14886490676871675,0.2690484441201806,0.6186333232476503,0.3827071886324319,0.08983547656489506
2011-06-27,1876,market_1,0.31292383563428483,0.024665880359194953,0.025516776248785445,0.43541614306561427,0.697553760237314,0.4865812484212161,0.27505925075892923
2011-06-27,1876,block_2_3,0.31978331861785453,0.12369885409292691,0.15171268407675628,0.04464944165837625,0.32519341679651165,0.10575075832778968,-0.07820105118507566
2011-06-27,1876,block_4_6,0.25525223616530546,0.228269936378911,0.24442436356807176,0.21951637541508146,0.5755902802827961,0.3313041707560276,0.03518338520268948
2011-06-27,1876,top_3,0.3179287163139024,0.12602530903616135,0.1533904650359614,0.05777479304654937,0.3404170637890795,0.11588377731877797,-0.06939334843745706
2011-06-27,1876,top_6,0.18931371152848187,0.24841072184914734,0.21875179144645593,0.25712157086130494,0.6912295752686972,0.47779832572614367,0.07630975663799945
2011-06-27,1876,flag_nested,0.24254216478691557,0.1272288474156569,0.12833306342593753,0.20890819013666417,0.5819389444445686,0.3386529350612587,0.03587355939100504
2011-07-18,1890,market_1,0.3415746697362685,0.025274429931504454,0.02495698795971488,0.43922752008449834,0.6627063932006517,0.43917976358901667,0.29482030857706565
2011-07-18,1890,block_2_3,0.4023480501139578,0.12283509049027763,0.14738375373580484,0.11770592606693386,0.3058361580421497,0.09353575556598281,0.03099631918500932
2011-07-18,1890,block_4_6,0.2150763803707767,0.24940662102393976,0.20892584242690537,0.1578446474963476,0.6002946178208454,0.36035362818467476,-0.021351249142405257
2011-07-18,1890,top_3,0.3978127571195587,0.12522273527456337,0.14908426219786658,0.12830187614011712,0.3199263445443258,0.1023528659334948,0.037838465964225076
2011-07-18,1890,top_6,0.12579657989741955,0.2643065096368585,0.18623419571420774,0.18642529604267688,0.7248562080991264,0.5254165224198442,-0.005387108225735151
2011-07-18,1890,flag_nested,0.23940826870776533,0.1323204309910105,0.11752483256147075,0.17913050648781137,0.5837214941198715,0.3407307826975353,0.027854348522183082
2011-08-05,1904,market_1,0.39696741005297015,0.024218254806714773,0.02499713669770216,0.45580176889445445,0.6498042538743836,0.42224556835324467,0.306916240910913
2011-08-05,1904,block_2_3,0.36353405058788246,0.1181259700102386,0.14955520483243223,0.08759577847424783,0.37891997268254013,0.1435803456977368,-0.0021389517116730834
2011-08-05,1904,block_4_6,0.03988153372318774,0.3190358641090516,0.21980473805228332,0.16865487184846986,0.562041462432689,0.3158906054934759,-0.10433150227357987
2011-08-05,1904,top_3,0.36100039490267305,0.12005089728304529,0.1513136868163048,0.09890913400851188,0.3884710148287443,0.15090972936207447,0.006573586365035097
2011-08-05,1904,top_6,-0.033210218415617804,0.33118284348333116,0.19608658878254423,0.1859043159348772,0.6951398764989468,0.4832194478989711,-0.14253472705170178
2011-08-05,1904,flag_nested,0.11092805265738377,0.15385363980632752,0.12109965248695104,0.167930329488626,0.5823005817455649,0.3390739675012232,-0.04904843063507883
2011-08-25,1918,market_1,0.31424078515884185,0.02353659918832479,0.023933699123324617,0.42172133972976633,0.6514285470792784,0.42435915194981966,0.23794314539455827
2011-08-25,1918,block_2_3,0.5060650942259863,0.12267524991138747,0.1460216113212705,0.14990568534644266,0.57796745136743,0.33404637484016253,0.06353041177413843
2011-08-25,1918,block_4_6,0.08676696650856698,0.3199766510625057,0.2073078800618849,0.402175528650703,0.751392481877066,0.5645906618213772,-0.09889145056245269
2011-08-25,1918,top_3,0.5003868863208617,0.12434699907265061,0.14791331653024997,0.15472598968609888,0.5777070860677455,0.3337454772928854,0.06672311418323697
2011-08-25,1918,top_6,-0.04072325113776182,0.3243671548169898,0.18793993086766314,0.3762520990815973,0.8079266051740093,0.6527453993479992,-0.14552155423205912
2011-08-25,1918,flag_nested,0.15834540789850657,0.15245886466460806,0.1172710874788644,0.31145041153967684,0.7238599211143572,0.5239731853956832,-0.0374711300855998
2011-09-15,1932,market_1,0.2812449352149213,0.024420856295024312,0.022569589797705156,0.4033037272749575,0.6860434917188206,0.4706556725297514,0.19840269275443567
2011-09-15,1932,block_2_3,0.5330355626715251,0.12739042240828743,0.1469168312448395,0.18500659073113337,0.6032529040017305,0.3639140661865212,0.13478105976282248
2011-09-15,1932,block_4_6,-0.0359432963620234,0.2770453607888018,0.21780729237892738,0.14193846852249073,0.6843939157379755,0.4683950318991589,-0.2453961927861879
2011-09-15,1932,top_3,0.52899434740602,0.12895456082274298,0.14861421265849256,0.18678882081256928,0.6031697667495757,0.3638137675207376,0.1338245240737472
2011-09-15,1932,top_6,-0.20185371607777977,0.2775324876334154,0.20363154269408737,0.13414814739240435,0.7408909854874631,0.5489194523765843,-0.280049061632461
2011-09-15,1932,flag_nested,0.09750175595938186,0.1377564932160237,0.12158295651529542,0.15591227325046947,0.6826770652044385,0.4660479753561453,-0.11198886089514068
2011-10-05,1946,market_1,0.2919597271336312,0.025429530627381576,0.02158832770543994,0.46053558350436713,0.6930002787765434,0.48024938638436676,0.2301306851058416
2011-10-05,1946,block_2_3,0.42673562882900073,0.14917618861498746,0.1431447610507868,0.3371474808672394,0.6082102442598258,0.3699197012225973,0.23450618456225714
2011-10-05,1946,block_4_6,-0.17155323473618558,0.3131348660785344,0.20962784164848758,-0.013461319292745579,0.5797762437485338,0.336140492815159,-0.3176932802650686
2011-10-05,1946,top_3,0.4258549293499787,0.15073229010795788,0.14472606497662607,0.33505012539161827,0.6085725100933645,0.37036050004133814,0.2308423386833056
2011-10-05,1946,top_6,-0.3259551176053182,0.3045934140739069,0.20202050020992396,-0.013523545974495593,0.6501477691324451,0.42269212170789494,-0.3535091722477274
2011-10-05,1946,flag_nested,-0.004678830282394007,0.15389258192385974,0.11937328402327567,0.10102114240250006,0.6305742168592355,0.3976238429676382,-0.14556695832484629
2011-10-25,1960,market_1,0.2694319291481834,0.025328337081386817,0.022417822670680737,0.3822415134340236,0.6926569797948268,0.47977369165849115,0.14765053863984892
2011-10-25,1960,block_2_3,0.474760204215806,0.15430494917789894,0.1302448625871206,0.4481174669249593,0.7518217109679043,0.5652358850827071,0.23047729848871054
2011-10-25,1960,block_4_6,-0.26788989042701233,0.2877939634231697,0.23352036282341496,-0.09128823146768264,0.495899949167642,0.2459167595844699,-0.4015608511046612
2011-10-25,1960,top_3,0.4707708217211991,0.15593770744192784,0.1321504740346382,0.44132166119092026,0.7498961190548893,0.5623441893735849,0.2243385293397407
2011-10-25,1960,top_6,-0.4241284526429202,0.27019814595476016,0.23157396952291054,-0.13106067674302505,0.49968547386369483,0.2496855727903854,-0.41039787319576154
2011-10-25,1960,flag_nested,-0.05800212199311327,0.14461980226195892,0.12353768087478519,0.0858500933321018,0.6305209232045124,0.39755663459867063,-0.2157460833149714
2011-11-14,1974,market_1,0.1988384286825437,0.025898536264030523,0.0217997423766896,0.3774726434802971,0.7041080004345374,0.49576807627592256,0.09367585405130037
2011-11-14,1974,block_2_3,0.5477084005511307,0.1703919566571268,0.15328183477125243,0.4649020807104938,0.6492315180904087,0.42150156408197637,0.3211451384000001
2011-11-14,1974,block_4_6,-0.21867338953765975,0.29361929774443435,0.2568477943449657,-0.13605221435030768,0.41784194052764895,0.17459188726391128,-0.37078148505793496
2011-11-14,1974,top_3,0.5430481206333801,0.17186201173569102,0.1547867210990608,0.4578112066856363,0.6501110528664531,0.42264438105912805,0.31096035562902075
2011-11-14,1974,top_6,-0.4415635861417365,0.2643237703350929,0.24678425856426345,-0.19591338583851844,0.47483759073646925,0.22547073757641478,-0.4486088980287665
2011-11-14,1974,flag_nested,0.006255345514943156,0.14886490676871672,0.13642562133414818,0.05412966969325706,0.5650400761324929,0.31927028763581333,-0.1908774618459631
2011-12-05,1988,market_1,0.19864634055296398,0.025516776248785455,0.022587176748745795,0.402038722357387,0.7075558225095842,0.5006352419672143,0.07717735692484316
2011-12-05,1988,block_2_3,0.4448953080826908,0.15171268407675623,0.13225614473423236,0.5628145033741383,0.7783076738439035,0.6057628351643082,0.2403390160338766
2011-12-05,1988,block_4_6,-0.09703551017578706,0.2444243635680717,0.23709257710794943,0.029788095080115866,0.6438470766475832,0.4145390581076388,-0.251011607933839
2011-12-05,1988,top_3,0.4419655954320637,0.15339046503596152,0.1340731018223167,0.5541298003076721,0.7768587496004778,0.603509516830818,0.23299389185309832
2011-12-05,1988,top_6,-0.25105431778504383,0.21875179144645604,0.2318551787438811,-0.0797311068702996,0.6281657943186668,0.39459226515200163,-0.3018942212971952
2011-12-05,1988,flag_nested,0.0640483085440675,0.1283330634259376,0.12434434747623642,0.19201210598787036,0.7034938132692137,0.49490354530805925,-0.10248241827225422
2011-12-23,2002,market_1,0.17480901239255786,0.024956987959714884,0.022294565530204334,0.4520837354280343,0.7346200363936211,0.5396665978709648,0.1805278331238984
2011-12-23,2002,block_2_3,0.39384180238461947,0.14738375373580487,0.1281941604022583,0.5962647649128667,0.8601014697193793,0.7397745382134364,0.16177922199975872
2011-12-23,2002,block_4_6,0.08772523392322909,0.20892584242690543,0.21113083087226994,0.12398490150670603,0.780081677096578,0.6085274229418096,-0.15107921907925312
2011-12-23,2002,top_3,0.39343880467241976,0.1490842621978666,0.1298650298361399,0.5877145300560236,0.858611994725538,0.7372145574865676,0.16176696422857403
2011-12-23,2002,top_6,-0.06367369520122913,0.1862341957142077,0.20699347856120093,-0.009045945793329716,0.7118214710216626,0.5066898066074439,-0.1864430853055911
2011-12-23,2002,flag_nested,0.16457948473616035,0.11752483256147075,0.11515094298979407,0.27559355076530473,0.7984130592068079,0.6374634131119739,-0.039362260074566995
2012-01-17,2016,market_1,0.16758713117261076,0.024997136697702153,0.02192074885951631,0.48070843859773227,0.7347709205747258,0.5398883057222298,0.16649847568921625
2012-01-17,2016,block_2_3,0.5555552545853892,0.1495552048324322,0.11619693467543503,0.6438404539112396,0.9124110097254023,0.8324938506681285,0.2739027300688973
2012-01-17,2016,block_4_6,0.1364583374817925,0.2198047380522834,0.22078216545728818,0.12197626100173402,0.8120245515706658,0.6593838723535408,-0.19097558402310558
2012-01-17,2016,top_3,0.5503964684281901,0.15131368681630494,0.11789805820454953,0.636218034581044,0.9107744967647493,0.8295101839570829,0.2702495611227339
2012-01-17,2016,top_6,-0.024710417239019594,0.19608658878254429,0.22162716287448345,-0.063426323449578,0.701131294414215,0.4915850920069528,-0.22411342132252426
2012-01-17,2016,flag_nested,0.22811065939557834,0.12109965248695108,0.1153267957906079,0.29003554115965074,0.8336877762759,0.695035308311855,-0.04342228401489246
2012-02-06,2030,market_1,0.2936496453434452,0.023933699123324607,0.022084416043479067,0.4714664866854549,0.7562291259766398,0.5718824909753926,0.23932667614177833
2012-02-06,2030,block_2_3,0.5029855051250878,0.14602161132127053,0.10768849762730849,0.6099065418539003,0.9220050634538891,0.8500933370346105,0.09950138036839419
2012-02-06,2030,block_4_6,0.19118059779039753,0.20730788006188483,0.24180525071135275,-0.1497034928461306,0.8356407730886762,0.6982955016482404,-0.3516355987563891
2012-02-06,2030,top_3,0.49783593459992925,0.14791331653025006,0.10966879628055203,0.604540902410715,0.9200962163433057,0.8465770473292673,0.10196677491820096
2012-02-06,2030,top_6,0.06572160254386133,0.18793993086766325,0.24572280241517971,-0.36565813468855674,0.7698355425645166,0.592646762595604,-0.3692426563848954
2012-02-06,2030,flag_nested,0.23694785552471745,0.11727108747886447,0.12066517999123907,0.080880856700913,0.8475692978703907,0.7183737146925073,-0.2231687547276457
2012-02-27,2044,market_1,0.2977330309473204,0.022569589797705146,0.021777204575912305,0.38897946895215696,0.7676842900988555,0.5893391692645837,0.18060305152607978
2012-02-27,2044,block_2_3,0.48549537899531575,0.14691683124483956,0.10971313511819135,0.6085875379840137,0.9458993568326468,0.8947255932564149,0.07326057149819074
2012-02-27,2044,block_4_6,0.27954927894653625,0.21780729237892743,0.268386465791053,-0.030698984463721195,0.8496135913323332,0.7218432545766251,-0.35271738408654013
2012-02-27,2044,top_3,0.47924526829916814,0.1486142126584926,0.11179006733353052,0.6033364301273993,0.9441754992962651,0.8914673734713512,0.07448195174383862
2012-02-27,2044,top_6,0.18357879604279234,0.2036315426940874,0.2730116140872847,-0.29724276159201307,0.7665865349419568,0.5876549155543161,-0.34597267495604517
2012-02-27,2044,flag_nested,0.28342926838004046,0.12158295651529542,0.1306234151867254,0.1585981537836733,0.8670036707207588,0.7516953650432701,-0.23147045759682136
2012-03-16,2058,market_1,0.24229743662447462,0.02158832770543994,0.022853862965204235,0.3566263211655698,0.7903728952566629,0.6246893135564002,0.157126727633948
2012-03-16,2058,block_2_3,0.3997769678094578,0.14314476105078683,0.09851626420706516,0.5802409038563034,0.967447760884989,0.9359551700413792,0.0515360702638969
2012-03-16,2058,block_4_6,0.4680139085807329,0.20962784164848755,0.3217000414857446,0.289095912380661,0.7932900964404324,0.6293091771104701,-0.008155645073185414
2012-03-16,2058,top_3,0.3930334872015591,0.14472606497662607,0.10105202441688373,0.5750407678872407,0.9659320753570758,0.9330247742036272,0.05482337510046399
2012-03-16,2058,top_6,0.40532494214776915,0.20202050020992396,0.3288672909380204,0.030919822699840383,0.5920434541951846,0.3505154516553657,-0.04280148863856029
2012-03-16,2058,flag_nested,0.368853371532325,0.11937328402327567,0.1481612368564551,0.33609477047107467,0.847667385810692,0.7185399969671327,-0.009890615527916296
2012-04-05,2072,market_1,0.24770427566171252,0.022417822670680727,0.021304961822559473,0.3607272588710548,0.809616406467083,0.6554787256206732,0.13789522037522647
2012-04-05,2072,block_2_3,0.33239375636254204,0.13024486258712065,0.10199495265538042,0.664550107514588,0.9619532105738153,0.9253539793332712,0.06316603458754957
2012-04-05,2072,block_4_6,0.6335727328413872,0.2335203628234149,0.3030260357302081,0.5352965341953243,0.7819373695842883,0.6114260499523958,0.36230980248522077
2012-04-05,2072,top_3,0.32927332578294166,0.13215047403463812,0.10409744256650269,0.6579563048173734,0.9606624750684112,0.9228723910045655,0.06589318146950039
2012-04-05,2072,top_6,0.5773817842660686,0.23157396952291048,0.3128126278531497,0.2623523719888524,0.5184890262912218,0.26883087038441944,0.2603191507529074
2012-04-05,2072,flag_nested,0.487647477584855,0.12353768087478516,0.14273968359203762,0.49815514931870286,0.8402389102914826,0.7060014263678178,0.22598574042621916
2012-04-26,2086,market_1,0.24892760711536696,0.021799742376689604,0.02171229972169281,0.38214023463252716,0.7954855285256354,0.6327972260937095,0.17477006532493206
2012-04-26,2086,block_2_3,0.2536657977230358,0.15328183477125246,0.10330185339626202,0.625131314412347,0.9630760632600085,0.9275155036243957,0.05469570833965282
2012-04-26,2086,block_4_6,0.5561543117336617,0.2568477943449657,0.38210140278244104,0.5621038563827792,0.6924753790179967,0.47952215054611824,0.431875777037434
2012-04-26,2086,top_3,0.25225214276079,0.15478672109906086,0.10519442104425158,0.6200850601514879,0.9619881258062544,0.9254211541922304,0.05851457708068903
2012-04-26,2086,top_6,0.5273910579363583,0.2467842585642635,0.39040976144795336,0.34622763498182507,0.34949383912934795,0.12214594358937025,0.3414769204597085
2012-04-26,2086,flag_nested,0.4244229442274318,0.1364256213341482,0.17193994010833458,0.5009640655984707,0.7878106082455669,0.6206455544642503,0.2849219551506917
2012-05-16,2100,market_1,0.247493921800738,0.0225871767487458,0.021734127793070532,0.40300506020723315,0.7946477166128756,0.6314649935180567,0.14863835994213268
2012-05-16,2100,block_2_3,0.3596984735334788,0.13225614473423247,0.10422025398300505,0.6797196163261632,0.9568233200033832,0.9155108657022966,0.13408531307431476
2012-05-16,2100,block_4_6,0.5590247925496277,0.2370925771079495,0.35979628523937124,0.5431899498714756,0.6871589592548866,0.47218743528425855,0.4911252987502905
2012-05-16,2100,top_3,0.3543047641975847,0.13407310182231671,0.10628893956591116,0.6743391288236535,0.9554708821348036,0.9129246066074596,0.13490572449280494
2012-05-16,2100,top_6,0.5205093845351304,0.23185517874388123,0.3669896223383821,0.3124808784314498,0.36624385687404043,0.13413456269797275,0.37290370324725425
2012-05-16,2100,flag_nested,0.4522402050999211,0.12434434747623647,0.16335559072042463,0.5139521327151836,0.781986725783382,0.6115032393014144,0.361285603350941
2012-06-06,2114,market_1,0.2697269285685577,0.022294565530204334,0.021536351366090303,0.4527539913449218,0.7988756151050265,0.6382022484094344,0.16017749015982796
2012-06-06,2114,block_2_3,0.43861335386111244,0.1281941604022583,0.116678988798007,0.7555420771722071,0.9318325265038769,0.8683118574505982,0.214999482038629
2012-06-06,2114,block_4_6,0.5109003036181319,0.21113083087226991,0.3423653570256983,0.5600559473681982,0.7017143595836356,0.4924030424458714,0.39321888221575396
2012-06-06,2114,top_3,0.43208238921982445,0.1298650298361399,0.1185266840595118,0.7509086115355113,0.9303499315032795,0.8655509950481572,0.2130304577790854
2012-06-06,2114,top_6,0.43568766512613927,0.20699347856120093,0.345316708032065,0.28839578983718334,0.49590496709363446,0.24592173638813852,0.32001184743359035
2012-06-06,2114,flag_nested,0.41378185397453227,0.11515094298979407,0.158179046808446,0.5555943585432784,0.7727513304888621,0.5971446187723065,0.29716529382468215
2012-06-26,2128,market_1,0.29464452961520693,0.021920748859516316,0.023976450027410254,0.5058574213641612,0.7573571611822177,0.5735898695939876,0.2714219871403447
2012-06-26,2128,block_2_3,0.4512933433981253,0.11619693467543497,0.11961141276527262,0.7910575323868764,0.9069393760493393,0.8225390318287655,0.23794779237255595
2012-06-26,2128,block_4_6,0.5357649775611657,0.22078216545728818,0.32213531644156396,0.6387970241443582,0.635368534410107,0.40369317451844766,0.5745872983141435
2012-06-26,2128,top_3,0.44395583010069417,0.11789805820454959,0.1218740490045028,0.7865648929999782,0.9045827305078505,0.8182699163330385,0.23791850233824138
2012-06-26,2128,top_6,0.4629337804853869,0.22162716287448347,0.32367254744884916,0.37279657710624015,0.41975055078299145,0.17619052488262466,0.45978389141675885
2012-06-26,2128,flag_nested,0.44700657974900754,0.1153267957906079,0.1516133825167559,0.6211117651230056,0.7214635400160702,0.5205096395725196,0.45917211796758545
2012-07-17,2142,market_1,0.29643967049871733,0.022084416043479067,0.02304207849287636,0.5269131450509744,0.7479402998371424,0.5594146921204746,0.26081399766544583
2012-07-17,2142,block_2_3,0.46740276646749723,0.1076884976273085,0.11416839680731931,0.7753964557170344,0.9032843567125283,0.8159226290815663,0.3089760859521574
2012-07-17,2142,block_4_6,0.4902824969021089,0.24180525071135262,0.31304221489035305,0.6605080111631947,0.6373167763292407,0.4061726733906953,0.6307685550103161
2012-07-17,2142,top_3,0.46059342259509795,0.10966879628055204,0.11643419844899416,0.7716725580659178,0.9008341111472332,0.8115020958064254,0.30732508122005536
2012-07-17,2142,top_6,0.43385266076299916,0.24572280241517974,0.3132184055090099,0.4705669516299083,0.4553938192642809,0.20738353062410853,0.560485596042383
2012-07-17,2142,flag_nested,0.43487934246463544,0.12066517999123907,0.1462903727603411,0.6294417074322515,0.7226627349770997,0.5222414285245818,0.5276760051062036
2012-08-06,2156,market_1,0.23300571903358255,0.021777204575912305,0.02379071748045774,0.4590169503400976,0.7464045400712984,0.5571197374390464,0.22216498550284502
2012-08-06,2156,block_2_3,0.42007598984235534,0.10971313511819142,0.109606581052529,0.765493117191539,0.8631514344269617,0.7450303987533218,0.29450649892494757
2012-08-06,2156,block_4_6,0.4938515735419561,0.2683864657910529,0.335517735658772,0.5800351383714349,0.5013140524934202,0.2513157792273757,0.5567159490635972
2012-08-06,2156,top_3,0.4125706362936039,0.11179006733353052,0.1120944274293457,0.7611568189301726,0.8600742748301132,0.739727758224545,0.2913785487129553
2012-08-06,2156,top_6,0.43773289097298046,0.27301161408728475,0.3361189370625396,0.39506774662702,0.36679073507997173,0.13453544334050593,0.4799201432741298
2012-08-06,2156,flag_nested,0.425664128390477,0.1306234151867254,0.15356988127173404,0.5789566574701712,0.6125702921607585,0.375242362837917,0.4902072957970927
2012-08-24,2170,market_1,0.26791851249495974,0.02285386296520424,0.023489946102245893,0.3625932576208235,0.7520745578450692,0.5656161405578561,0.23895868193043002
2012-08-24,2170,block_2_3,0.3389448269995399,0.09851626420706514,0.10848579210722088,0.6413545946960912,0.7785928942190476,0.6062068949283929,0.21950835066742458
2012-08-24,2170,block_4_6,0.5007098791048512,0.32170004148574477,0.23863404256660226,0.30875088910704745,0.6485457359569642,0.42061157162796026,0.32686353032664056
2012-08-24,2170,top_3,0.3358421762152925,0.1010520244168837,0.11094111287601079,0.6359922345117579,0.7769503524800968,0.603651850218947,0.21558805450232768
2012-08-24,2170,top_6,0.45925750439362306,0.32886729093802064,0.2375655836311771,0.08214777671980356,0.6222602635587166,0.3872078356041634,0.26819369686370104
2012-08-24,2170,flag_nested,0.4200082885604336,0.14816123685645516,0.11857763489635235,0.36757458515033736,0.681949246336478,0.46505477457889044,0.2964195743812245
2012-09-14,2184,market_1,0.2501173006671591,0.02130496182255947,0.024260620648209816,0.2972188302403328,0.759306389242184,0.576546192744003,0.18488243143404945
2012-09-14,2184,block_2_3,0.32513857212463304,0.10199495265538039,0.10818249829369789,0.5317911573865726,0.732195462167235,0.5361101948182907,0.24360228865013692
2012-09-14,2184,block_4_6,0.45284591948895786,0.30302603573020803,0.24001940806831928,0.37754754009209474,0.5511860162793772,0.3038060245419302,0.2342128202436196
2012-09-14,2184,top_3,0.32243616457000723,0.1040974425665027,0.11082968911939144,0.5256629173617872,0.732074770994332,0.5359334703264037,0.23690500443656273
2012-09-14,2184,top_6,0.40606548037786144,0.3128126278531499,0.23837287234820193,0.2350829278672233,0.5531119060437286,0.30593278060732665,0.19057502032278364
2012-09-14,2184,flag_nested,0.3778091371250934,0.14273968359203767,0.1189674553099517,0.3716210910534571,0.6355689002465476,0.4039478269606057,0.20581395058911145
2012-10-04,2198,market_1,0.2026800447133128,0.021712299721692814,0.024454317949453408,0.2942679145172627,0.7491262117378966,0.5611900811127718,0.13845673926083946
2012-10-04,2198,block_2_3,0.33942788255370643,0.10330185339626198,0.10048700625924602,0.5341274963089504,0.7548371094267384,0.569779061767714,0.24199604217328452
2012-10-04,2198,block_4_6,0.38459127432148144,0.382101402782441,0.19181204135846716,0.2860910667539662,0.7139860976381668,0.509776147620578,0.2704132772851206
2012-10-04,2198,top_3,0.33884816969160747,0.10519442104425156,0.10322673820425594,0.5259628336398422,0.754411300012171,0.5691364095860543,0.23266737166702145
2012-10-04,2198,top_6,0.34815213908777226,0.3904097614479532,0.19349882174089897,0.12404874139327762,0.7111124953898526,0.5056809810995828,0.24964373834785486
2012-10-04,2198,flag_nested,0.3262289840984935,0.17193994010833455,0.10193248989235795,0.32094924319742774,0.7286612386297802,0.5309472006814855,0.23256775493636103
2012-10-24,2212,market_1,0.22258340141981459,0.021734127793070535,0.02415972523019914,0.33272263322388146,0.7312115005255533,0.5346702585008312,0.09459887493705564
2012-10-24,2212,block_2_3,0.4013095783937605,0.10422025398300507,0.09708642510960706,0.5344287778879031,0.7778849107836107,0.605104934424826,0.2733410269786301
2012-10-24,2212,block_4_6,0.5295853489920145,0.35979628523937135,0.215308082588273,0.32124654632931515,0.6496369615524484,0.4220281818150974,0.37482276707508405
2012-10-24,2212,top_3,0.39747439593512945,0.10628893956591115,0.09981049591155694,0.5274295936207021,0.7766675823378404,0.603212533454506,0.26650511445752223
2012-10-24,2212,top_6,0.47968794753384136,0.3669896223383821,0.21975342483370716,0.16788639896042165,0.6536813768482964,0.4272993424382844,0.34402918357328827
2012-10-24,2212,flag_nested,0.446259503783756,0.16335559072042463,0.10932977015552378,0.3384919152370419,0.6988918466713121,0.48844981334363646,0.30896015330878185
2012-11-15,2226,market_1,0.20737863765034603,0.021536351366090303,0.023820179365858334,0.3452295251600866,0.7263495674403224,0.5275836941207432,0.07937536894995152
2012-11-15,2226,block_2_3,0.3832285348102243,0.11667898879800698,0.09241928724468218,0.5131933249645569,0.82373423693988,0.6785380931069264,0.31768797535838317
2012-11-15,2226,block_4_6,0.4568419936686309,0.34236535702569826,0.2045808672187776,0.16862494527089106,0.7025047181230535,0.49351287898515117,0.32374780851701745
2012-11-15,2226,top_3,0.3800400635453135,0.11852668405951193,0.095080964707965,0.5103909004345164,0.8206094772761376,0.6733999141954161,0.313130984389099
2012-11-15,2226,top_6,0.4104752438792264,0.34531670803206505,0.21107844654500127,-0.0024053351713436083,0.7027063320402076,0.4937961890894025,0.24827442441745928
2012-11-15,2226,flag_nested,0.39292430549059804,0.15817904680844605,0.1049121028651886,0.24319955722252803,0.743483136144234,0.5527671737308655,0.291245268270741
2012-12-06,2240,market_1,0.10249416540602167,0.02397645002741026,0.022577737857424646,0.2679965758976182,0.7324783010512437,0.5365244615109164,-0.012671978147653931
2012-12-06,2240,block_2_3,0.25924057409900236,0.11961141276527266,0.10472461528303785,0.42227492923730886,0.8043561936505471,0.6469888862639968,0.36315628004127903
2012-12-06,2240,block_4_6,0.43344528496935264,0.32213531644156396,0.20575651868574796,0.3005795615602375,0.674515488979836,0.45497114487370727,0.3184804809133906
2012-12-06,2240,top_3,0.2576266849309948,0.1218740490045028,0.10674442041062658,0.4238682896346049,0.8020753316571202,0.6433248376528795,0.3592308830238835
2012-12-06,2240,top_6,0.40916797742913735,0.3236725474488491,0.2106901554211831,0.17064268125757545,0.6943234912799917,0.4820851105432369,0.21861635182288047
2012-12-06,2240,flag_nested,0.35498781205913577,0.15161338251675585,0.10819550949519963,0.2951431785785595,0.738860938898481,0.5459154870299452,0.2762814697463754
2012-12-27,2254,market_1,0.10797312446857867,0.02304207849287636,0.022915358143040996,0.30154039920340076,0.7263428775188229,0.5275739757223235,0.0069500197379605165
2012-12-27,2254,block_2_3,0.3951460798406969,0.11416839680731927,0.11815183652044571,0.40153298473390475,0.8398999219434333,0.7054318788805862,0.43374749444470095
2012-12-27,2254,block_4_6,0.08875803858356981,0.3130422148903532,0.23385463909372659,0.16757333649342798,0.7901186282492387,0.624287446706459,0.1741598370127067
2012-12-27,2254,top_3,0.3860843117263257,0.11643419844899414,0.12013706785988672,0.40168467452949463,0.8375459735053201,0.7014832577349748,0.4251675952304069
2012-12-27,2254,top_6,0.05083921311224093,0.31321840550901003,0.23467452847504153,0.05153189047047294,0.7681985450354478,0.5901290045945794,0.04418220221464724
2012-12-27,2254,flag_nested,0.1407130094140611,0.14629037276034113,0.12047727745365384,0.22323249609312792,0.7956649463020785,0.6330827067738898,0.2001868174200866
2013-01-17,2268,market_1,0.07053233909675291,0.02379071748045775,0.023249333499763585,0.24254566951959067,0.6995199038766752,0.4893280959196328,-0.044081841211179695
2013-01-17,2268,block_2_3,0.29138962042478567,0.10960658105252905,0.13453223706315484,0.37676431635403673,0.8138724015036815,0.6623882859293697,0.4304397066438043
2013-01-17,2268,block_4_6,-0.03360356444389407,0.3355177356587721,0.2752045350860283,0.06485914855869454,0.7469483073159858,0.5579317738022163,0.14837275812739797
2013-01-17,2268,top_3,0.2841802741484396,0.11209442742934574,0.13633686297236858,0.37634887918764653,0.8119232026135027,0.6592192869421667,0.4206403705536114
2013-01-17,2268,top_6,-0.0513531761453479,0.33611893706253954,0.27024091841159115,-0.019734617466426355,0.7393445958901177,0.5466304314719214,0.036375477124926454
2013-01-17,2268,flag_nested,0.03358711546697148,0.15356988127173402,0.13750686252167707,0.15721027269826046,0.7675756608430077,0.5891723951185797,0.17572660210089844
2013-02-07,2282,market_1,0.12454806050158498,0.02348994610224589,0.0220084332578325,0.34120433727957755,0.6934524705322476,0.48087632888727794,0.05826931399564949
2013-02-07,2282,block_2_3,0.31879258055186,0.10848579210722085,0.15554415143934247,0.48323199109778836,0.8123021615056852,0.6598348015868083,0.40082011228905673
2013-02-07,2282,block_4_6,0.14767757237546622,0.2386340425666023,0.2988701979619761,0.38584655813194507,0.7559155624732975,0.571408337589322,0.25290275993298317
2013-02-07,2282,top_3,0.3120906642678728,0.11094111287601083,0.15698563085443282,0.48018410183748467,0.8109191063714463,0.6575897970782651,0.3919818075838266
2013-02-07,2282,top_6,0.10193300031542613,0.23756558363117714,0.289748173036896,0.27980198619510344,0.7270038783894084,0.528534639193242,0.17761928415207176
2013-02-07,2282,flag_nested,0.17050586059870004,0.11857763489635237,0.1506370954615398,0.3649808178262586,0.7639233893721089,0.5835789448297708,0.25144204849393686
2013-02-28,2296,market_1,0.14174989864979728,0.024260620648209816,0.02246514024686068,0.3072509953981864,0.6960060954508583,0.4844244849047492,0.08044534566416457
2013-02-28,2296,block_2_3,0.24010894425947543,0.10818249829369783,0.16233414940998403,0.44003069869537514,0.7936228134381759,0.6298371700095258,0.2856417258759401
2013-02-28,2296,block_4_6,0.26925815877692755,0.2400194080683192,0.2844628067776877,0.2537676674715311,0.8067972207949209,0.6509217554824087,0.24386531561643784
2013-02-28,2296,top_3,0.23589532184724984,0.11082968911939142,0.16381712749714722,0.4363371873836688,0.7922472435749393,0.6276556949520888,0.2789427412093926
2013-02-28,2296,top_6,0.23776752319411618,0.2383728723482019,0.2725894530658939,0.15720526031443968,0.7946919815624223,0.6315353455596091,0.1457619866347632
2013-02-28,2296,flag_nested,0.23208341957066103,0.11896745530995169,0.14776400531673417,0.26943163165659534,0.7919131034317883,0.6271263633869665,0.1919164374407759
2013-03-20,2310,market_1,0.1560181490727566,0.024454317949453405,0.023727109966643546,0.27093068007784715,0.6891477409849571,0.4749246089046695,0.07034912388725385
2013-03-20,2310,block_2_3,0.30704045851282863,0.10048700625924602,0.1832330904631107,0.4486332654364832,0.7876726985021549,0.6204282799656665,0.24953084694785918
2013-03-20,2310,block_4_6,0.31434196034919065,0.1918120413584671,0.2927689852776601,0.2036942715263777,0.8281949236204118,0.6859068315106198,0.034882015547629264
2013-03-20,2310,top_3,0.299233424355549,0.10322673820425596,0.18464703978644703,0.4437464765599769,0.7859169718834121,0.617665486694392,0.243288783392471
2013-03-20,2310,top_6,0.251909096636133,0.19349882174089905,0.27667229391885545,0.10370404747979028,0.8179644326046266,0.6690658130062086,-0.048580279298428196
2013-03-20,2310,flag_nested,0.26470884262041916,0.10193248989235797,0.15711697940830172,0.24168542202836665,0.801118226310771,0.6417904125273151,0.07896815445916422
2013-04-10,2324,market_1,0.1930495229864778,0.024159725230199144,0.023178252519683733,0.33904097894133695,0.6838609051076683,0.46766573753467944,0.13755345760762622
2013-04-10,2324,block_2_3,0.4073302075287329,0.09708642510960706,0.19378665130567002,0.46550567930201336,0.7730043918900702,0.5975357898813374,0.3317258587127688
2013-04-10,2324,block_4_6,0.13782697812842848,0.21530808258827294,0.3515137817745456,0.3368303221857129,0.8012689272085084,0.6420318937098741,0.044927927531972056
2013-04-10,2324,top_3,0.39836212977259394,0.09981049591155694,0.19516207459544826,0.4594608174302737,0.7714386357809526,0.5951175687755772,0.3232395915841186
2013-04-10,2324,top_6,0.04868557002341618,0.2197534248337071,0.3354326286765751,0.24117246692105523,0.7728527761627872,0.597301413622527,-0.006813875419569169
2013-04-10,2324,flag_nested,0.16840344742281782,0.10932977015552375,0.17884579365143644,0.32444944628432054,0.7706261943803623,0.5938647314651602,0.11935444300850365
2013-04-30,2338,market_1,0.23444151139535777,0.023820179365858334,0.023187314502178768,0.32535838524684185,0.7094374597194878,0.5033015092532399,0.13723842645361434
2013-04-30,2338,block_2_3,0.34552108113747937,0.09241928724468215,0.1938670863794054,0.491196113616982,0.6364367647106703,0.4050517554753854,0.4087389198387674
2013-04-30,2338,block_4_6,0.18893523886831987,0.20458086721877755,0.3559750118828106,0.4585924700249985,0.7820685051033968,0.6116311466746613,0.23785866300953287
2013-04-30,2338,top_3,0.33962906993518227,0.09508096470796502,0.1952274943660756,0.4851947384074942,0.6373039310694527,0.40615630055657737,0.400971706569865
2013-04-30,2338,top_6,0.10008153164943638,0.21107844654500127,0.34431218003332215,0.36339339534267606,0.7760851609081805,0.6023081769818768,0.11454502571897485
2013-04-30,2338,flag_nested,0.18066551886232415,0.10491210286518862,0.18166101019717495,0.4018730155254207,0.731247468407709,0.5347228600526834,0.22827159981318826
2013-05-20,2352,market_1,0.2727916483622799,0.02257773785742466,0.023069828313325977,0.36967542376386553,0.6957255929274176,0.4840341006542068,0.2384977086939477
2013-05-20,2352,block_2_3,0.2811646496749874,0.10472461528303789,0.19446563142662143,0.49958689433408926,0.6253013225387029,0.39100174396865084,0.3936558306782908
2013-05-20,2352,block_4_6,0.08178603576039595,0.20575651868574796,0.34355699296242714,0.2998639092760074,0.7795902716479167,0.6077609916480724,0.18086440131449955
2013-05-20,2352,top_3,0.27841164310167044,0.10674442041062658,0.1957523642043477,0.49583470764944354,0.6265150925996174,0.39252116125510716,0.388787899940422
2013-05-20,2352,top_6,0.007015196331022295,0.2106901554211831,0.3288618953723066,0.19771936122414044,0.7819455747644086,0.6114388818936414,0.0478345419062342
2013-05-20,2352,flag_nested,0.11290699062128903,0.10819550949519964,0.17700349538991553,0.30918301604273585,0.7329284836163937,0.5371841620962263,0.18568295812317084
2013-06-10,2366,market_1,0.2647688410449818,0.022915358143041,0.02282795574361333,0.403442775963052,0.6994586308897865,0.4892423763262145,0.23634824392878886
2013-06-10,2366,block_2_3,0.4174335503705309,0.11815183652044575,0.17406781484598982,0.5095251846337701,0.6163904817148884,0.37993722594871215,0.5067858455681062
2013-06-10,2366,block_4_6,0.4029088384703717,0.23385463909372653,0.25462595310846653,0.538632811018676,0.7657707196039191,0.586404795002704,0.38688971927761157
2013-06-10,2366,top_3,0.41201821549084766,0.12013706785988673,0.17547201874923635,0.506539936322332,0.6179157164022694,0.38181983257692964,0.5009851962415446
2013-06-10,2366,top_6,0.28875558175201743,0.2346745284750415,0.24426919493123717,0.43192326114129315,0.7859292625883028,0.6176848057925931,0.21453065488204934
2013-06-10,2366,flag_nested,0.3339396089088173,0.12047727745365384,0.14397626638953012,0.4603293440274912,0.7240162228439868,0.5241994909412735,0.34774208787459643
2013-06-28,2380,market_1,0.2755409888174649,0.02324933349976359,0.023405845113283266,0.40398404801371546,0.7307619599874146,0.5340130421646476,0.25859912329662926
2013-06-28,2380,block_2_3,0.2906985386613854,0.13453223706315484,0.19564552166392837,0.49804317759136413,0.5476945375177232,0.2999693064267527,0.46023174705122855
2013-06-28,2380,block_4_6,0.3900779185801497,0.2752045350860283,0.2660824546138934,0.5213034713685647,0.7096669048800465,0.503627115882025,0.3719915163667722
2013-06-28,2380,top_3,0.28986844649340665,0.1363368629723687,0.197031441724041,0.4963284119295763,0.5519371582137709,0.3046346266170933,0.45714426060793634
2013-06-28,2380,top_6,0.34118051391442594,0.2702409184115912,0.24409827217495747,0.4189540741679989,0.7501084590542488,0.5626627003447393,0.20676129184470718
2013-06-28,2380,flag_nested,0.3087246755966658,0.13750686252167715,0.15303253796023794,0.45043382044595787,0.6684710303720007,0.44685351844660426,0.32917341746623763
2013-07-19,2394,market_1,0.33099240617741366,0.022008433257832496,0.022746429739791,0.47619169066437605,0.7439877102343351,0.5535177129797286,0.26445366502226036
2013-07-19,2394,block_2_3,0.333657120999202,0.15554415143934247,0.17787160534706398,0.542386443782381,0.5607194164522192,0.3144062639865174,0.5337725814658854
2013-07-19,2394,block_4_6,0.4363701170397995,0.2988701979619762,0.2772620441817793,0.5233226003242745,0.5886987061178398,0.34656616658481854,0.49431982988750534
2013-07-19,2394,top_3,0.3333689217365198,0.15698563085443276,0.17930533285448982,0.5406958394920305,0.564958236730088,0.31917780924917016,0.5302619048285812
2013-07-19,2394,top_6,0.3654073118453364,0.28974817303689604,0.26653248829776,0.4224178608828512,0.6437759154040957,0.4144474292543815,0.3398905969270578
2013-07-19,2394,flag_nested,0.3494823154955319,0.1506370954615398,0.15190170752483215,0.4741732378448418,0.6133640315059942,0.37621543514528644,0.4260897673596399
2013-08-08,2408,market_1,0.32899773942357413,0.02246514024686068,0.02166369753771769,0.5183692694610141,0.7480405443070831,0.5595646559272373,0.3093204280845959
2013-08-08,2408,block_2_3,0.3898407100170662,0.16233414940998403,0.1741462197755475,0.5487122454808208,0.5679015937777387,0.3225122202152959,0.5659078495010587
2013-08-08,2408,block_4_6,0.48147456690917445,0.28446280677768765,0.2796078887403467,0.5255889090698436,0.46991725841543003,0.2208222297566742,0.5899863202950978
2013-08-08,2408,top_3,0.38839505766797916,0.16381712749714725,0.17538845767194844,0.5479547089858536,0.5715538002037763,0.32667374652737846,0.5629850198985402
2013-08-08,2408,top_6,0.39401889041074517,0.2725894530658937,0.27338250437044176,0.43377742393254093,0.5245301608427437,0.2751318896337147,0.4706247473676324
2013-08-08,2408,flag_nested,0.3899967684429392,0.14776400531673411,0.15224766588850036,0.48355948952372896,0.5535162941486941,0.3063802878881037,0.5068660827014885
2013-08-28,2422,market_1,0.3244566993497738,0.02372710996664354,0.0211243583853827,0.5026610018188786,0.7870978748921924,0.6195230646598058,0.3075954974430006
2013-08-28,2422,block_2_3,0.4646800459899942,0.1832330904631107,0.14476206374028142,0.6002545673015068,0.7039137915098221,0.4954946258777335,0.5068753596739766
2013-08-28,2422,block_4_6,0.4871040139256609,0.29276898527766015,0.2722062013991933,0.5395243435095256,0.45216409127850565,0.20445236544171685,0.652566158866807
2013-08-28,2422,top_3,0.4616912720653494,0.184647039786447,0.14622078941903516,0.5983280211331101,0.7061744983478712,0.4986824221168674,0.503274315264096
2013-08-28,2422,top_6,0.36578250483211755,0.2766722939188556,0.2745966691106053,0.40714917519814725,0.4746010541728709,0.22524616062200042,0.530105907873283
2013-08-28,2422,flag_nested,0.4013609818708895,0.15711697940830174,0.14191652494010662,0.49105829554202274,0.5851785502579225,0.3424339356819641,0.5370106801467016
2013-09-18,2436,market_1,0.28768169294773704,0.02317825251968373,0.02206590611935349,0.5239899105692102,0.7634371078711677,0.582836217674693,0.3495445370851588
2013-09-18,2436,block_2_3,0.3879688334497265,0.19378665130567008,0.11887354655236324,0.5818932794453916,0.7681735454226646,0.5900905958872262,0.4178398112424096
2013-09-18,2436,block_4_6,0.31257705210733694,0.3515137817745457,0.19878505817259845,0.21586628858502507,0.6858804919102774,0.47043204918308423,0.3515881642484233
2013-09-18,2436,top_3,0.3851316770040237,0.1951620745954483,0.12072869038630352,0.5795275906663574,0.7686862090582386,0.5908784879963254,0.4139965374561889
2013-09-18,2436,top_6,0.1949576868106966,0.3354326286765751,0.2139396470813755,0.06764847138636693,0.6551237125241425,0.42918707871141526,0.21356481299378294
2013-09-18,2436,flag_nested,0.27017321204942246,0.17884579365143646,0.11390232016607922,0.2950612205787234,0.709544083440307,0.5034528063451451,0.30517043619023865
2013-10-08,2450,market_1,0.29409413355737646,0.023187314502178768,0.022165494542301746,0.5069590648339112,0.7625384286094297,0.5814648551061385,0.33788274004230884
2013-10-08,2450,block_2_3,0.4418019985875491,0.1938670863794054,0.15283135194499325,0.5754357835019087,0.7296554243094185,0.5323970382241574,0.4640725942304615
2013-10-08,2450,block_4_6,0.24840756727369823,0.3559750118828107,0.19974175941211572,-0.010468705573468177,0.798708404719717,0.6379351157699149,0.23107441167741438
2013-10-08,2450,top_3,0.4389530427328377,0.1952274943660757,0.15430331223641922,0.5745132420191957,0.7305588325566922,0.5337162078265967,0.46077627808572125
2013-10-08,2450,top_6,0.06606064971228172,0.344312180033322,0.19350023201541622,-0.15519745886884218,0.7846577377427139,0.6156877653995139,0.03329243850045348
2013-10-08,2450,flag_nested,0.24054863852911784,0.18166101019717498,0.1211123576230687,0.15266091063379203,0.757425995731011,0.5736941390091137,0.20964871489812822
2013-10-28,2464,market_1,0.23513080593096378,0.023069828313325973,0.022249212118151975,0.44372713519750445,0.7908615228406979,0.6254619483099078,0.22721558406728878
2013-10-28,2464,block_2_3,0.5435579468373485,0.1944656314266214,0.16136317635709932,0.5876544739769606,0.7676772890624889,0.5893284201423322,0.45833120358545537
2013-10-28,2464,block_4_6,0.38036016193876876,0.3435569929624272,0.21013161861504065,0.17840155219282797,0.7327225203163639,0.5368822917787642,0.3287528851106438
2013-10-28,2464,top_3,0.5402870052366278,0.1957523642043477,0.16258887827104027,0.5874225767137201,0.7679482015547154,0.5897444402711218,0.4563274092226924
2013-10-28,2464,top_6,0.1735025902166007,0.32886189537230665,0.19888994305575355,0.003626316028430634,0.7127627169704964,0.5080306907031644,0.12833038952452228
2013-10-28,2464,flag_nested,0.346969228430336,0.17700349538991558,0.1260936561732735,0.2701181763251244,0.7386596873193013,0.5456181336706478,0.28844879796428213
2013-11-15,2478,market_1,0.2545684665933053,0.022827955743613335,0.020889038747687588,0.44072880708956164,0.8100842598681074,0.6562365080860595,0.22604129025585604
2013-11-15,2478,block_2_3,0.5250478946227283,0.1740678148459898,0.16202109229666517,0.5812066263994703,0.7127342012921399,0.5079900416915446,0.4830568935666459
2013-11-15,2478,block_4_6,0.3727722454178763,0.2546259531084667,0.22330772826092118,0.36089147625821294,0.6739821764678836,0.45425197419638585,0.3671518488789384
2013-11-15,2478,top_3,0.5236650952578832,0.1754720187492364,0.16296670318304718,0.5833746282049634,0.7140446691534552,0.509859789546467,0.483768569950391
2013-11-15,2478,top_6,0.1754391787361154,0.24426919493123728,0.21119346528923097,0.1955346893418494,0.6826566545878963,0.466020108053138,0.21448137241333007
2013-11-15,2478,flag_nested,0.35563509283917843,0.14397626638953018,0.12931684867821797,0.37707880921991455,0.7037332209222282,0.49524044622957386,0.32718535181011876
2013-12-06,2492,market_1,0.2677860159908179,0.023405845113283266,0.023674632110748522,0.5201417803222734,0.7803142695821169,0.6088903593134727,0.24867670044870227
2013-12-06,2492,block_2_3,0.6363661349834583,0.19564552166392854,0.15965258699853652,0.5643426167404311,0.6808755345319173,0.463591493524124,0.5821986919340616
2013-12-06,2492,block_4_6,0.43487357515735475,0.2660824546138934,0.2285407153154874,0.4215048413815266,0.6555975960569347,0.4298082079556317,0.43443063812963645
2013-12-06,2492,top_3,0.634053176000468,0.19703144172404105,0.1604496675203516,0.5675074582887983,0.6832924406258098,0.4668885594163761,0.582357178486917
2013-12-06,2492,top_6,0.17804897693613664,0.2440982721749574,0.2177560829689018,0.2620308369357426,0.6704575749992997,0.4495133598739417,0.23768772146791806
2013-12-06,2492,flag_nested,0.42080064327898986,0.15303253796023794,0.13055575598074162,0.41449840531637505,0.6805724349535182,0.46317883921856096,0.4005319077954716
2013-12-27,2506,market_1,0.22100129175996858,0.022746429739790987,0.024945379253467355,0.45438667901250884,0.7656476211986156,0.5862162798470987,0.15852461069528415
2013-12-27,2506,block_2_3,0.6156177825981987,0.17787160534706398,0.19734513662782616,0.5880799493115206,0.5626479178249117,0.3165726794327087,0.48261578130843785
2013-12-27,2506,block_4_6,0.384599776100602,0.2772620441817793,0.2345848412628654,0.3997775226508123,0.596037181653891,0.3552603219139133,0.2643507861738593
2013-12-27,2506,top_3,0.613511620488733,0.1793053328544898,0.19788939197090502,0.5902543235198134,0.566559732160286,0.320989930105535,0.48313969568829074
2013-12-27,2506,top_6,0.10004656622812072,0.26653248829776005,0.19497389126262876,0.2304144163076319,0.7087164545524077,0.5022790129533349,0.07113686378852918
2013-12-27,2506,flag_nested,0.38384834644688065,0.15190170752483212,0.14146193413772498,0.4129124962289093,0.6317665157100023,0.39912893037235675,0.28064972241519714
2014-01-17,2520,market_1,0.22883394880787986,0.021663697537717692,0.027433184492054452,0.4697622666925793,0.7460331489142936,0.5565654592789766,0.16050272882582503
2014-01-17,2520,block_2_3,0.5744166914517536,0.17414621977554753,0.2059298344743644,0.5661301696632818,0.42908602565362225,0.18411481741122082,0.47207745575222737
2014-01-17,2520,block_4_6,0.3285843737961006,0.27960788874034687,0.24818181191108996,0.33058060872325895,0.5445032635859087,0.2964838040557056,0.2362785254873942
2014-01-17,2520,top_3,0.5731024157214778,0.17538845767194858,0.20676975720721405,0.569115835588709,0.4368476362835441,0.19083585732651964,0.47269159498706453
2014-01-17,2520,top_6,0.06001430192084269,0.27338250437044176,0.2008082103016993,0.19777490372137607,0.7202444360947903,0.5187520477255022,0.0459254624696645
2014-01-17,2520,flag_nested,0.33925656503632107,0.15224766588850042,0.14739226573098657,0.38579079520312654,0.5790208647918712,0.3352651618643263,0.2531001847573947
2014-02-07,2534,market_1,0.26877611268750995,0.021124358385382704,0.030708661219070812,0.5370435784480763,0.677150778310857,0.45853317656699966,0.2669503975645346
2014-02-07,2534,block_2_3,0.5284189151773822,0.14476206374028144,0.19378359092947814,0.47243572195964023,0.6677116589545218,0.44583885950379987,0.5315722843414554
2014-02-07,2534,block_4_6,0.295643209178991,0.2722062013991932,0.2489961189080046,0.3059879139293469,0.6575049081596023,0.43231270425396684,0.2984933460045432
2014-02-07,2534,top_3,0.5286635477716286,0.1462207894190352,0.19420985716895614,0.47586113489666426,0.669612367638566,0.44838072289452646,0.5317354794995949
2014-02-07,2534,top_6,0.12540198397188798,0.2745966691106053,0.21700425505908622,0.1913519994318522,0.7173353255856696,0.5145699693330987,0.031107477428372464
2014-02-07,2534,flag_nested,0.30969408397493303,0.14191652494010665,0.14616424277739046,0.34391243756100687,0.6797235987669557,0.46202417072070157,0.3078136249615572
2014-02-28,2548,market_1,0.14562053662206567,0.02206590611935349,0.030323884194422335,0.4872004400042087,0.6613768050412018,0.43741927824650784,0.2184409657518527
2014-02-28,2548,block_2_3,0.4550929881459307,0.11887354655236318,0.19326262607572836,0.3458854724502034,0.6858157737504875,0.4703432755249797,0.4194737339149792
2014-02-28,2548,block_4_6,0.2935264938315486,0.19878505817259853,0.25546914923289227,0.18683238415662493,0.6644631278548997,0.4415112482787167,0.18530168435178232
2014-02-28,2548,top_3,0.45667072764876965,0.12072869038630353,0.19346624923584974,0.3499314701103712,0.6878025452842882,0.4730723412995449,0.41880138156704666
2014-02-28,2548,top_6,0.15256851632603352,0.21393964708137547,0.22537873575982165,0.08938815948397336,0.7363390198129902,0.542195152099155,-0.048148139702701535
2014-02-28,2548,flag_nested,0.28970354806325327,0.11390232016607922,0.14785757867809357,0.2319538090154847,0.6997605981345566,0.48966489470163244,0.20861364327793405
2014-03-20,2562,market_1,0.17692561948065508,0.022165494542301746,0.02925676617325531,0.511720948142837,0.6177552311214465,0.38162152557791174,0.3208924166831642
2014-03-20,2562,block_2_3,0.49260373213009356,0.15283135194499317,0.18256769287368588,0.2630926195074199,0.7106708013399919,0.5050529878772261,0.3842005355101586
2014-03-20,2562,block_4_6,0.28400347419450095,0.19974175941211572,0.24975727467241005,0.1005658997426268,0.6785352413689569,0.4604100737796286,0.11624711777714596
2014-03-20,2562,top_3,0.49418629167231004,0.1543033122364192,0.18277477836511286,0.2666874442530126,0.7127159696263203,0.5079640533603859,0.38355750836377805
2014-03-20,2562,top_6,0.044439953462780964,0.1935002320154161,0.2291917017263685,0.012431513575933773,0.7239496847243312,0.5241031460124586,-0.1071677609792989
2014-03-20,2562,flag_nested,0.2917258229060172,0.12111235762306868,0.1440357742336721,0.1569971972399121,0.7075885937106269,0.5006816179493826,0.16518601955097273
2014-04-09,2576,market_1,0.34769133536514224,0.02224921211815197,0.025335555468219754,0.48564611583637474,0.6744076695696398,0.45482570477435247,0.381108230908821
2014-04-09,2576,block_2_3,0.6583179052457108,0.1613631763570993,0.23451738397646107,0.391414107925104,0.5594885803780985,0.31302747157349986,0.5336730194196777
2014-04-09,2576,block_4_6,0.4448284255507225,0.2101316186150406,0.2823288253804927,0.30950333171795846,0.5641950318414328,0.3183160339545553,0.38040377136209425
2014-04-09,2576,top_3,0.6535450061661721,0.16258887827104027,0.23498799402414008,0.39017112978373675,0.5619847364338741,0.3158268439846511,0.5291242119361851
2014-04-09,2576,top_6,0.07203912114909136,0.19888994305575353,0.22399557168245368,0.09292444387223224,0.7379376533217937,0.5445519801900758,-0.004826471902558488
2014-04-09,2576,flag_nested,0.4337025585829062,0.1260936561732735,0.1655617070408227,0.2731672433149885,0.62452375298033,0.390029918036636,0.34856312504430614
2014-04-30,2590,market_1,0.3493099330655492,0.020889038747687588,0.02715865796010873,0.4301508592842919,0.6452359106993634,0.4163293804560366,0.3751662802654156
2014-04-30,2590,block_2_3,0.6667084849187077,0.16202109229666523,0.2550265657855354,0.6048179172384364,0.5780175367401597,0.3341042727791619,0.4931037172042819
2014-04-30,2590,block_4_6,0.42068397862827334,0.2233077282609213,0.29920928674886327,0.4526967821797722,0.5933115223623712,0.3520185625679545,0.3090090499310064
2014-04-30,2590,top_3,0.6608780924802816,0.16296670318304704,0.2555401856166643,0.5994305622947622,0.5793830155758061,0.3356846787377148,0.4860998028760567
2014-04-30,2590,top_6,0.04668055140159454,0.211193465289231,0.2261222629449963,0.12427505357059451,0.7151930077762971,0.5115010383721068,-0.02271233408842994
2014-04-30,2590,flag_nested,0.4277629107989347,0.12931684867821794,0.17614312690845552,0.4134111917426686,0.629847378552963,0.39670772027003953,0.2911659165677752
2014-05-20,2604,market_1,0.41021522060643983,0.02367463211074853,0.02361066955202337,0.43566237184585715,0.6985341141214664,0.4879499085914618,0.3519400951734729
2014-05-20,2604,block_2_3,0.6529539081693044,0.15965258699853646,0.24157622759269004,0.49114024181389576,0.7760299406266474,0.6022224687489981,0.13968012302427302
2014-05-20,2604,block_4_6,0.38902617214734153,0.2285407153154873,0.28672929980738326,0.31767201124183236,0.7452988964729961,0.5554704450838659,0.01980915862082591
2014-05-20,2604,top_3,0.6463792663378032,0.16044966752035164,0.24210402338627718,0.48633008512558673,0.7749876358874758,0.6006058357784587,0.13552765239497483
2014-05-20,2604,top_6,0.04668390772747147,0.21775608296890178,0.2203488606689456,0.10548702064350114,0.7193532741181399,0.5174691329844878,-0.048285815865036094
2014-05-20,2604,flag_nested,0.40933196733866006,0.13055575598074162,0.16789238566113193,0.33989810001899845,0.7509224237104521,0.5638844864311798,0.08621888780172388
2014-06-10,2618,market_1,0.4331799766355865,0.02494537925346736,0.023645907926296613,0.4311141307660888,0.705378691217753,0.4975590980240704,0.38379702908014485
2014-06-10,2618,block_2_3,0.5425373311117649,0.19734513662782624,0.2492418254927453,0.47072135715331287,0.8464383949212767,0.7164579563969067,0.5580327350078607
2014-06-10,2618,block_4_6,0.3637102731284214,0.23458484126286544,0.298775695985453,0.3549407663740167,0.7996231876142494,0.6393972421703733,0.2701917382806908
2014-06-10,2618,top_3,0.5383798427543458,0.1978893919709051,0.24984299386613665,0.46721136998264823,0.8457540279836119,0.7152998758505041,0.5501647908753335
2014-06-10,2618,top_6,0.06130911574764393,0.19497389126262882,0.2259756528410625,0.1385673209100729,0.682081217015656,0.4652347866055584,-0.025187368505766607
2014-06-10,2618,flag_nested,0.39172938776223176,0.14146193413772504,0.17285003741918722,0.3631334698082122,0.8088790943875529,0.6542853893372277,0.33055634162593184
2014-06-30,2632,market_1,0.3648601287136022,0.02743318449205446,0.024094758804843994,0.424716367318691,0.6813197899295679,0.4641966561496702,0.3403499509050821
2014-06-30,2632,block_2_3,0.2095476548211766,0.20592983447436453,0.38851010066006925,0.35679706366847536,0.9169668813548595,0.8408282615016573,0.28723763557113463
2014-06-30,2632,block_4_6,0.13083842439045357,0.2481818119110901,0.4347389747945095,0.22286917050578017,0.8473787277885036,0.7180507083084631,-0.004193093113088081
2014-06-30,2632,top_3,0.20706534728618511,0.20676975720721402,0.38882833769960307,0.3524575302034596,0.9157758654418754,0.838645435725816,0.2774616585254233
2014-06-30,2632,top_6,-0.0208456631126825,0.20080821030169926,0.24996341693876717,0.08104467591851729,0.6224699824867193,0.38746887909701644,-0.07328450084732804
2014-06-30,2632,flag_nested,0.15378104422520938,0.14739226573098657,0.24777005691277504,0.26078841405506,0.8557644794232311,0.7323328442425135,0.10606571429265657
2014-07-21,2646,market_1,0.24247974015712648,0.030708661219070812,0.021633471265823687,0.3491797787069068,0.7260674459774858,0.5271739361082695,0.2087330905411432
2014-07-21,2646,block_2_3,0.15558875253090887,0.1937835909294781,0.5183362417473685,0.50539059947479,0.9423733819172854,0.8880675909462222,-0.08939681447763448
2014-07-21,2646,block_4_6,0.1240268740975533,0.24899611890800452,0.5522279617941055,0.3820781760093785,0.8724059682970461,0.7610921735203068,-0.07216464847720581
2014-07-21,2646,top_3,0.15437149276522655,0.19420985716895622,0.5186800219710436,0.5020049005374003,0.9413567580606609,0.8861525459464774,-0.08939915153110124
2014-07-21,2646,top_6,0.004726605698104606,0.21700425505908633,0.25646512119379006,0.12381325115564658,0.5917450036122149,0.35016214930002,-0.03918605691292167
2014-07-21,2646,flag_nested,0.11593775517264146,0.14616424277739054,0.3179728319754077,0.374483862203237,0.8781273625514929,0.771107664861641,-0.031078700419661903
2014-08-08,2660,market_1,0.18495839830286553,0.030323884194422324,0.023224559673878608,0.33361644923659944,0.7197826867435888,0.5180871161358195,0.21712639701935232
2014-08-08,2660,block_2_3,0.3226780874192061,0.1932626260757285,0.4260808268495506,0.4612892110488164,0.9394810060423383,0.8826245607143244,-0.07313635840246231
2014-08-08,2660,block_4_6,0.2458250756821424,0.2554691492328925,0.46917898380112705,0.3003530081037422,0.8747838996827002,0.7652468711440727,0.019853878382026596
2014-08-08,2660,top_3,0.32037449226221326,0.19346624923584974,0.4264418149493144,0.4581784507694927,0.9387355215585416,0.8812243794357874,-0.07634793442697652
2014-08-08,2660,top_6,0.021575885346596962,0.22537873575982167,0.26120488142726994,0.00283542371328536,0.6297856779606178,0.39663000016431516,-0.060170081440494086
2014-08-08,2660,flag_nested,0.22984837423639445,0.1478575786780936,0.26931069857082607,0.3198285868131315,0.8845491136365699,0.7824271344352416,0.009225301022782666
2014-08-28,2674,market_1,0.12270846540390032,0.029256766173255323,0.022920896789289918,0.349974930962323,0.7258693395906529,0.5268862981577704,0.15576857854936832
2014-08-28,2674,block_2_3,0.0187965172381286,0.18256769287368593,0.6693525261889105,0.3406789896848029,0.9163583776895832,0.8397126763618847,-0.08803638638260647
2014-08-28,2674,block_4_6,0.044832538735207705,0.2497572746724101,0.7003252379824969,0.23868356028489796,0.7805739209373185,0.609295646047459,0.11492986640656254
2014-08-28,2674,top_3,0.017935488652546305,0.18277477836511305,0.6695576517339743,0.3382325666853082,0.9144439019108148,0.8362076497418762,-0.08798064858342314
2014-08-28,2674,top_6,0.06539204128331434,0.22919170172636832,0.2736963418659357,0.037228786633921665,0.5750368616985099,0.33066739231207143,-0.007266647932983796
2014-08-28,2674,flag_nested,0.02579687407385588,0.14403577423367214,0.4030460665564122,0.24399863656117485,0.8003375391941424,0.6405401766433352,0.047543365939049856
2014-09-18,2688,market_1,0.28860191695074505,0.025335555468219754,0.025269372741981672,0.40341632379964354,0.7095502168070891,0.5034615101709872,0.26362809932974396
2014-09-18,2688,block_2_3,-0.013353428902673796,0.23451738397646102,0.8106199165294189,0.35391310166637907,0.8231568818949215,0.6775872522109696,0.02277983775624557
2014-09-18,2688,block_4_6,0.005093006477616327,0.2823288253804927,0.8361402651583637,0.3154953126332088,0.6874493216514816,0.4725865698390822,0.13797981887669533
2014-09-18,2688,top_3,-0.014108263897919531,0.23498799402414006,0.8107326631771015,0.35101149042152713,0.821201467824324,0.6743718507568246,0.022787599309408973
2014-09-18,2688,top_6,-0.01011784239632161,0.22399557168245357,0.29236759916476995,0.07240131501050126,0.4180459994867196,0.1747624576868505,-0.00010310339141142872
2014-09-18,2688,flag_nested,-0.010259139859468748,0.1655617070408227,0.48371564693155583,0.2650035298072557,0.7021560843395453,0.493023166775043,0.0628420442150444
2014-10-08,2702,market_1,0.21644202814174676,0.02715865796010873,0.02177856037428129,0.4316553582240641,0.738705580502343,0.5456859346653037,0.2744028552563185
2014-10-08,2702,block_2_3,0.13837830762555506,0.25502656578553556,1.0458103655530346,0.4423288143290014,0.7018912098610616,0.4926512704802245,-0.03775275366001852
2014-10-08,2702,block_4_6,0.13471644300155428,0.2992092867488634,1.0670005836243803,0.4048876962958412,0.5614298324932538,0.3152034568134029,0.16232427506509986
2014-10-08,2702,top_3,0.1378471909561816,0.2555401856166644,1.0459327988169622,0.4404467653587876,0.699276509470019,0.48898763669657364,-0.03105852405999955
2014-10-08,2702,top_6,0.011570125376469622,0.2261222629449963,0.3122874219056839,0.07231539434068873,0.3779192248823807,0.14282294053569933,-0.04556934421179044
2014-10-08,2702,flag_nested,0.11532796353255872,0.17614312690845557,0.6175651257579401,0.35619622207304863,0.5649187139360748,0.3191331533551889,0.09510970936876169
2014-10-28,2716,market_1,0.17780596924761313,0.02361066955202337,0.022510148646646185,0.40233692898025875,0.7177889107331785,0.5152209203715231,0.22850288922328432
2014-10-28,2716,block_2_3,0.010290194886319212,0.24157622759269012,1.1631062826611527,0.34418557888341167,0.841521305704869,0.7081581079552273,-0.18203094969371603
2014-10-28,2716,block_4_6,0.0187302795733036,0.2867292998073831,1.1770581658120636,0.3293238293678897,0.7365272188245935,0.5424723440694906,-0.0034300328245494625
2014-10-28,2716,top_3,0.01034110872527597,0.24210402338627712,1.1632371512518438,0.3433556247311187,0.8391036964963144,0.7040950134737793,-0.17462898788181472
2014-10-28,2716,top_6,0.07370802064619394,0.2203488606689456,0.3104366474591096,0.08233839953513819,0.38717152943771227,0.14990179320713737,-0.028385386088601885
2014-10-28,2716,flag_nested,0.016598094692713835,0.16789238566113193,0.6838192369507246,0.2939036760015461,0.7184675694690469,0.5161956483787598,-0.03220331480410235
2014-11-17,2730,market_1,0.1262454343434217,0.02364590792629662,0.022280162863518495,0.39807558261355225,0.7163741617483963,0.5131919396207175,0.1862256313569837
2014-11-17,2730,block_2_3,0.3399871683851919,0.24924182549274515,1.2382551679093212,0.7334388235696545,0.6115277580820134,0.37396619890481364,0.6659342575538865
2014-11-17,2730,block_4_6,0.2838865864969202,0.29877569598545306,1.2511098883674063,0.6901621701481657,0.44379778402408254,0.19695647310468622,0.6385624375073449
2014-11-17,2730,top_3,0.33931988650004513,0.24984299386613648,1.2383786947833304,0.7322048066447473,0.6072591700393084,0.3687636995968294,0.66569199849299
2014-11-17,2730,top_6,0.09610051625343592,0.22597565284106239,0.3344240623862634,0.0789201532408621,0.3559383338757891,0.12669209752227284,-0.02567784020628561
2014-11-17,2730,flag_nested,0.28815789629173094,0.17285003741918717,0.7282377668995216,0.648999934758196,0.4427495193458726,0.19602713688100137,0.59087482598474
2014-12-08,2744,market_1,-0.04580638375164941,0.024094758804843994,0.02480000833733486,0.27241890242193223,0.6813486058431226,0.4642359226843671,0.05352752587269097
2014-12-08,2744,block_2_3,0.6986951174099812,0.38851010066006936,1.0566334528210224,0.7940221975318839,0.8217739267913817,0.6753123867541275,0.6560608344915896
2014-12-08,2744,block_4_6,0.5914665685113418,0.4347389747945097,1.0830120634956644,0.7460055381333306,0.6661019094734629,0.44369175380419357,0.6366882751512543
2014-12-08,2744,top_3,0.6982771739429785,0.3888283376996029,1.05677747398802,0.7934067229201132,0.8194930443997921,0.6715688498196395,0.6572149138086519
2014-12-08,2744,top_6,0.12339655566096158,0.2499634169387671,0.3384483615227686,0.15266596813708108,0.37619020091236727,0.14151906726248697,0.05249025744380043
2014-12-08,2744,flag_nested,0.6275995056488143,0.247770056912775,0.6260717204596236,0.7404997335260991,0.6771180918516986,0.45848891031288497,0.6290929588968394
2014-12-29,2758,market_1,0.07090072464533288,0.021633471265823684,0.02543865136843218,0.3119272846421997,0.671063238826005,0.4503258705036478,0.11910860345524382
2014-12-29,2758,block_2_3,0.7233973332744957,0.5183362417473687,0.8610228911175172,0.7730779854662689,0.8109759674129101,0.6576820197213054,0.6984244515362397
2014-12-29,2758,block_4_6,0.6623856882708578,0.5522279617941055,0.8825723224313308,0.7356933249006243,0.7249295346040416,0.5255228301412325,0.651521167672757
2014-12-29,2758,top_3,0.7228498075908462,0.5186800219710439,0.8612459884214992,0.7725172902263178,0.8096241579162852,0.6554912770816536,0.6981228876319303
2014-12-29,2758,top_6,0.24120293180067345,0.2564651211937901,0.3012734743515363,0.1677384970966321,0.4594034044807987,0.21105148804854834,0.1024385718654655
2014-12-29,2758,flag_nested,0.6793211790031212,0.3179728319754079,0.5128576412925202,0.7360496344785107,0.7184223080266483,0.5161306126703362,0.6658753800126086
2015-01-20,2772,market_1,0.008472582029236491,0.0232245596738786,0.028700667179271524,0.2596626372537356,0.5815308484464828,0.3381781276948861,0.03943506619265457
2015-01-20,2772,block_2_3,-0.6386016526285828,0.4260808268495509,1.347892775732633,0.7233789391602486,-0.9376329362320927,0.8791555231072155,-0.4116201364787288
2015-01-20,2772,block_4_6,-0.5468987631597272,0.46917898380112677,1.3773022975187745,0.6666384153242665,-0.863892489712022,0.7463102337808363,0.035214866349792415
2015-01-20,2772,top_3,-0.637583109916046,0.4264418149493143,1.3480895252819194,0.7229580955675177,-0.9361944363797657,0.8764600227084277,-0.3953750382051943
2015-01-20,2772,top_6,0.24754921060554497,0.2612048814272699,0.32663282466839955,0.046603739444384215,0.4377929737735627,0.19166268788549934,-0.04336916459951074
2015-01-20,2772,flag_nested,-0.5575664597178007,0.269310698570826,0.7901816361107248,0.6757765420540208,-0.862761028105651,0.74435659161792,0.0338576909261286
2015-02-09,2786,market_1,0.1325500196986758,0.022920896789289914,0.029490664641690298,0.23544685001206678,0.5912822872474173,0.34961474321253727,0.02293995645815176
2015-02-09,2786,block_2_3,0.8295038738309439,0.6693525261889105,1.0432261160117615,0.7676442935183557,-0.41607206679641484,0.17311596476824032,0.7196128086437411
2015-02-09,2786,block_4_6,0.788489647553885,0.7003252379824969,1.066322311280059,0.724848476104663,-0.21168983573415204,0.044812586553152345,0.7118281855532592
2015-02-09,2786,top_3,0.8291058830639032,0.6695576517339743,1.0433735667355755,0.7670317671540663,-0.41070150414438455,0.16867572550645982,0.7207576882800584
2015-02-09,2786,top_6,0.2485368417216988,0.27369634186593567,0.31739868312700825,0.11833638105124183,0.439487966142732,0.19314967238427516,0.015800501287490422
2015-02-09,2786,flag_nested,0.7913735701996379,0.4030460665564121,0.616876124704391,0.7262587588128316,-0.2106816890724244,0.04438677411040981,0.717424475921191
2015-03-02,2800,market_1,-0.13843571601239565,0.025269372741981672,0.03104024206227854,0.22003549641382822,0.5208304913679634,0.27126440073859426,-0.028922473209030165
2015-03-02,2800,block_2_3,-0.8854042499268268,0.8106199165294186,0.4929668256625954,0.8225158658958269,0.9455113145110045,0.8939916458683272,-0.24494150772841672
2015-03-02,2800,block_4_6,-0.6841935697437396,0.8361402651583633,0.5628167748310836,0.7649299375335149,0.896504446290606,0.8037202222188268,-0.10114591660787287
2015-03-02,2800,top_3,-0.8838973346327362,0.8107326631771018,0.49339681062545776,0.8217350939865509,0.9451053673899598,0.8932241554693111,-0.24538238580607746
2015-03-02,2800,top_6,0.3918203560181042,0.2923675991647699,0.3368784413598347,0.24855316106713604,0.38496458394079486,0.14819773088870936,0.19747713286543656
2015-03-02,2800,flag_nested,-0.7254393242007201,0.48371564693155594,0.31784401034875803,0.7746245265954603,0.9010036122918833,0.8118075093630224,-0.0926635569758696
2015-03-20,2814,market_1,0.010656501294901729,0.0217785603742813,0.029460587193847622,0.35655551525770257,0.5761869954369827,0.3319914537106976,0.10736573332141561
2015-03-20,2814,block_2_3,-0.7754317532396637,1.0458103655530342,0.3252847580516882,0.7809584411068119,0.845849549568755,0.7154614605056658,-0.07458381014390703
2015-03-20,2814,block_4_6,-0.5284493209520617,1.06700058362438,0.4006757579346046,0.6829781604164855,0.7657180540667465,0.5863241383237647,0.03959833612095197
2015-03-20,2814,top_3,-0.7731589622201689,1.045932798816962,0.3261020088892106,0.7785550977211589,0.8446819803614549,0.7134876479473493,-0.07935164027861474
2015-03-20,2814,top_6,0.4122189343756869,0.3122874219056839,0.30695336057325123,0.34003715747490443,0.45109410982337383,0.20348589591734223,0.29323712846104566
2015-03-20,2814,flag_nested,-0.5772772558475019,0.6175651257579402,0.22807636263512263,0.6936763536824544,0.7656303398839805,0.5861898173508597,0.027991939591136532
2015-04-10,2828,market_1,0.15875747926197795,0.02251014864664618,0.029196678142865487,0.37342295772988904,0.5896117743954785,0.3476420445057844,0.17694102235041081
2015-04-10,2828,block_2_3,-0.6652007724917904,1.163106282661153,0.30149887786217255,0.6129340219470606,0.6765394332608846,0.4577056047569589,-0.225667971815817
2015-04-10,2828,block_4_6,-0.5079395860957128,1.1770581658120631,0.37868302918186875,0.5044626561182202,0.6126247866760374,0.37530912924986015,-0.006891336424834439
2015-04-10,2828,top_3,-0.66315690469871,1.1632371512518433,0.30240066073764127,0.6085878602757943,0.6752692274246846,0.4559885295067302,-0.23395303084647215
2015-04-10,2828,top_6,0.33728213934458795,0.31043664745910954,0.30372748041763076,0.38658140880864383,0.46377063354276943,0.21508320053666174,0.3605636890526335
2015-04-10,2828,flag_nested,-0.48957092793349155,0.6838192369507241,0.21612395273601473,0.504354979844977,0.5981527207581351,0.3577866773503595,-0.05103333172912024
2015-04-30,2842,market_1,0.23435155284892484,0.022280162863518492,0.027593142602321246,0.3916577792718048,0.6354111209096857,0.40374729257570297,0.18930002669944346
2015-04-30,2842,block_2_3,-0.48067819034680775,1.2382551679093208,0.23343121915321408,0.2584280231564241,0.42762395075604526,0.18286224326020872,-0.35533108063670804
2015-04-30,2842,block_4_6,-0.3342577928781708,1.2511098883674066,0.3014355980868751,0.21486823824375656,0.5347780461440143,0.2859875586376093,-0.16995539383580183
2015-04-30,2842,top_3,-0.47827829090993246,1.2383786947833304,0.23457036994661815,0.2554655211693735,0.43152104302392313,0.18621041057245458,-0.35970307090505166
2015-04-30,2842,top_6,0.40309511126086583,0.3344240623862634,0.277800693644743,0.3699420974843454,0.5509187303325404,0.3035114474312184,0.3560812401710508
2015-04-30,2842,flag_nested,-0.30665051497535123,0.7282377668995214,0.1787866658969656,0.2240967975493807,0.48788062408733934,0.2380275033598519,-0.18032426177405547
2015-05-20,2856,market_1,0.28240043155705713,0.024800008337334856,0.027264978232005868,0.42428758457039845,0.6930901370620468,0.4803739380926867,0.2286823348763826
2015-05-20,2856,block_2_3,-0.5263022544678742,1.056633452821023,0.24410082721904647,-0.22675344745025663,0.165557502562037,0.027409286654578868,-0.521731578832329
2015-05-20,2856,block_4_6,-0.4620167650807639,1.0830120634956653,0.270290570425718,-0.1823456252576289,0.5262052511223176,0.2768919663087014,-0.47595650201371725
2015-05-20,2856,top_3,-0.523282780050547,1.05677747398802,0.24538334086227423,-0.22411242653256863,0.18269473271890463,0.03337736536323199,-0.523469249795648
2015-05-20,2856,top_6,0.26332688851322267,0.3384483615227688,0.2495976535235618,0.20545887170675306,0.6192576277534599,0.3834800095308427,0.20787659210594836
2015-05-20,2856,flag_nested,-0.37378051735362405,0.6260717204596237,0.17662824935339977,-0.1254833034578973,0.4280132867478565,0.18319537363270288,-0.3885827279328648
2015-06-10,2870,market_1,0.33490850627702834,0.025438651368432184,0.02719672519635428,0.4750235069129955,0.7007100575988724,0.49099458482021496,0.27506189383619273
2015-06-10,2870,block_2_3,-0.5892805527970851,0.8610228911175176,0.27132102957892007,-0.47224841458903233,-0.010008127761242295,0.00010016262128531572,-0.5985199129434081
2015-06-10,2870,block_4_6,-0.5417454547581196,0.8825723224313305,0.2974262151924668,-0.38963521219900493,0.4642966880567327,0.21557141454045103,-0.6157074374037926
2015-06-10,2870,top_3,-0.5866535311895974,0.8612459884214996,0.2723639345533103,-0.4670900118336375,0.01807304536175283,0.000326634968648043,-0.6027785819977635
2015-06-10,2870,top_6,0.21936879705024923,0.3012734743515363,0.24573436515934569,0.18925518110641973,0.6149901604531272,0.37821289745416276,0.16321263072176792
2015-06-10,2870,flag_nested,-0.4441025897332197,0.5128576412925203,0.18849738065351754,-0.30730889630434377,0.35662931133890124,0.127184465706059,-0.4921019495542001
2015-06-30,2884,market_1,0.1881321309087092,0.028700667179271527,0.02608877728538156,0.48901698843366737,0.7252900074392117,0.5260455948911718,0.26507189819075
2015-06-30,2884,block_2_3,0.6696219475016142,1.3478927757326324,0.2634474680113439,-0.5160769008527093,0.09703793824127742,0.009416361458117972,-0.6305891919530783
2015-06-30,2884,block_4_6,0.5724658603148273,1.3773022975187756,0.2988044514328713,-0.46161147009286874,0.4022016327617953,0.161766153396254,-0.6045741651332838
2015-06-30,2884,top_3,0.6669428460487655,1.3480895252819183,0.2644822079663644,-0.5113941252277254,0.12332860275382149,0.015209944257210117,-0.6301411001331789
2015-06-30,2884,top_6,0.05810763534370953,0.32663282466839966,0.26190818233999924,0.12205385466437504,0.4890964679082546,0.2392153549203303,0.06777593731073683
2015-06-30,2884,flag_nested,0.5394455808270116,0.7901816361107241,0.1882291681433593,-0.36350634700565027,0.3306226359028269,0.10931132737133331,-0.4827233412548534
2015-07-21,2898,market_1,0.22957108402155446,0.0294906646416903,0.026277028553298706,0.4589805309349605,0.7418577121363099,0.55035286505612,0.22931163631725116
2015-07-21,2898,block_2_3,-0.43421964215765274,1.0432261160117606,0.19578505275397975,-0.28115142368435736,0.3351961986583135,0.11235649159498362,-0.4708641291752915
2015-07-21,2898,block_4_6,-0.38259144673162526,1.0663223112800593,0.23779965767842848,-0.24613702427374845,0.5615556843159505,0.3153447865875554,-0.4405778987446863
2015-07-21,2898,top_3,-0.4313514791897203,1.0433735667355748,0.1971896288286736,-0.27729411033649265,0.3550530725829476,0.12606268435059187,-0.4671791377303546
2015-07-21,2898,top_6,0.14730397731017444,0.31739868312700814,0.2498331917075928,0.1683729271208557,0.5550974506527301,0.3081331797211603,0.051431073040843225
2015-07-21,2898,flag_nested,-0.28699132129571314,0.6168761247043906,0.15509514095737503,-0.1507036994941304,0.4827872517198098,0.2330835304231671,-0.3095953298614682
2015-08-10,2912,market_1,0.31495501063699693,0.031040242062278556,0.02707704132600607,0.4934777951881352,0.7211774650566539,0.5200969361055413,0.29506502983866517
2015-08-10,2912,block_2_3,0.6047731308276693,0.49296682566259536,0.16761859532042941,-0.06179410847662392,0.2894503918280977,0.08378152932943916,-0.2954617834617233
2015-08-10,2912,block_4_6,0.15302301044750843,0.5628167748310843,0.2491559298471362,-0.17237081752613712,0.5093635457306752,0.25945122171932566,-0.3991955858703094
2015-08-10,2912,top_3,0.5981999302075884,0.493396810625458,0.16910523633063312,-0.06102457065308245,0.31488161858908553,0.09915043372528243,-0.3004047724101549
2015-08-10,2912,top_6,-0.1458801912732056,0.3368784413598349,0.2675907391806762,-0.027927974837599606,0.5182184750788039,0.2685503879130007,-0.16705488988011247
2015-08-10,2912,flag_nested,0.3106205512980894,0.31784401034875814,0.14899494544332745,-0.03204289006402485,0.4639052509001904,0.21520808181276851,-0.23431905988912718
2015-08-28,2926,market_1,0.3049768584335476,0.029460587193847608,0.02511957691724362,0.4776672949514521,0.7142507853750449,0.5101541844088684,0.2692598238234173
2015-08-28,2926,block_2_3,0.3911018480576881,0.32528475805168827,0.14481985724469243,0.1699467514974992,0.4622914506460982,0.2137133853404739,0.07257928506141301
2015-08-28,2926,block_4_6,0.03137640556161652,0.4006757579346048,0.2084864402648894,0.009346085986649957,0.6380116869011094,0.407058912622399,-0.1286107180607035
2015-08-28,2926,top_3,0.38567823515331723,0.3261020088892106,0.14629515326487935,0.1690432385779133,0.4749558084507369,0.22558301998109298,0.0714382975866196
2015-08-28,2926,top_6,0.02400370991285098,0.3069533605732512,0.2483914611778728,0.12911832006698654,0.5651533275342576,0.3193982836230439,0.03800640207773461
2015-08-28,2926,flag_nested,0.21748707254365648,0.2280763626351226,0.13434335400425512,0.1500539481344448,0.5420183654135743,0.29378390844560287,0.06329756971294945
2015-09-18,2940,market_1,0.20485526817270383,0.02919667814286549,0.023410684188658083,0.45961484557576116,0.7215127164409043,0.5205805999859329,0.23279036562542083
2015-09-18,2940,block_2_3,0.3518576086346534,0.30149887786217267,0.13948971669010138,0.08181420823177195,0.5251257585857916,0.27575706233030317,0.12501362390460954
2015-09-18,2940,block_4_6,-0.0692232006708038,0.37868302918186886,0.20958129421375304,-0.04860907290516387,0.6156910370277725,0.3790754530763335,-0.13301378224310684
2015-09-18,2940,top_3,0.34730713454120127,0.30240066073764144,0.1410536036297418,0.0851939429026337,0.5318874176755688,0.28290422508158486,0.1213420910924833
2015-09-18,2940,top_6,-0.05599789782488064,0.3037274804176309,0.24829740836835257,0.13291233566629054,0.5397581173563448,0.29133882525206545,0.056045171932265776
2015-09-18,2940,flag_nested,0.15319278357190624,0.2161239527360148,0.13211876096994427,0.1192215812352561,0.542356711627718,0.2941508026476315,0.08620266862005467
2015-10-08,2954,market_1,0.18928318011028383,0.027593142602321256,0.023417590835607568,0.462928704631268,0.6876959447716331,0.4729257124553491,0.21236732928873597
2015-10-08,2954,block_2_3,0.5106436167583827,0.2334312191532141,0.14327718521555874,0.16220925456312985,0.5995699211587694,0.35948409035833306,0.10319030175998091
2015-10-08,2954,block_4_6,0.021597944180307905,0.3014355980868751,0.20535516018592814,-0.06846330469764925,0.6777298881118277,0.4593178012400705,-0.17197861951623544
2015-10-08,2954,top_3,0.504404286189017,0.23457036994661817,0.14477865444295243,0.1664677652287428,0.599181005770428,0.35901787767606197,0.10107560917985978
2015-10-08,2954,top_6,-0.04225538268465857,0.27780069364474297,0.23153905849729292,0.08286747023383471,0.6251135126007227,0.3907669036360141,0.002011327738513047
2015-10-08,2954,flag_nested,0.23444403657583365,0.1787866658969656,0.12833702670293562,0.13405533422613483,0.6123563707216138,0.3749803247633464,0.05594528799977202
2015-10-28,2968,market_1,0.14499134391658824,0.027264978232005875,0.021376454628796383,0.385567762498101,0.7156145051123906,0.5121041199272518,0.11195094002233104
2015-10-28,2968,block_2_3,0.5162354002794295,0.24410082721904655,0.13475363063415144,0.41941925165593075,0.5027512850847232,0.25275885465434056,0.3442390340746537
2015-10-28,2968,block_4_6,0.3522743916965988,0.2702905704257179,0.23468880559439317,0.2701466885331012,0.6333399658149853,0.40111951229852694,0.23909160748569044
2015-10-28,2968,top_3,0.5089401161951617,0.24538334086227423,0.13601064772230584,0.41703877213031715,0.5081444540831384,0.2582107862154509,0.3385001311913852
2015-10-28,2968,top_6,0.26125953003638724,0.2495976535235618,0.25012821094040344,0.29781316335988234,0.6261270863056321,0.3920351282055805,0.2588418000245762
2015-10-28,2968,flag_nested,0.36702120090865864,0.1766282493533998,0.13057796609108754,0.34306967056869514,0.5941825775560401,0.3530529354711395,0.2877414249768946
2015-11-17,2982,market_1,0.12426444229090781,0.027196725196354292,0.020794447638563706,0.36428830390038497,0.6849592090291957,0.4691691180339017,0.11560902428193569
2015-11-17,2982,block_2_3,0.48796580032140385,0.2713210295789201,0.14809959915988505,0.4443458345415342,0.5900148843198255,0.348117563718937,0.3486933503133032
2015-11-17,2982,block_4_6,0.4195291738262028,0.29742621519246687,0.20451680713285833,0.311059143827089,0.7211854539299531,0.5201084589601528,0.24436572836034942
2015-11-17,2982,top_3,0.4835804562390037,0.2723639345533103,0.14925097193082157,0.4416887851155087,0.5896303532881101,0.34766395351866153,0.34364669016353633
2015-11-17,2982,top_6,0.28349612048515804,0.2457343651593456,0.21927362250182297,0.29949274220310595,0.6941877337487089,0.4818966096871682,0.22714943342262223
2015-11-17,2982,flag_nested,0.3861035366521899,0.18849738065351754,0.1259808722817473,0.36560130027701637,0.6473442639370204,0.4190545960521628,0.29162526756108076
2015-12-08,2996,market_1,0.17399913702938766,0.02608877728538156,0.021037015361065114,0.3949454853688846,0.6931608192182284,0.4804719212992852,0.14798447368361145
2015-12-08,2996,block_2_3,0.40975849120207175,0.26344746801134405,0.13631414905398825,0.44761364651017926,0.5577144849316596,0.3110454467025865,0.32420796050257167
2015-12-08,2996,block_4_6,0.30624489193006715,0.2988044514328713,0.1663410182892581,0.24205005454577913,0.8425480476632757,0.7098872126211977,0.17112266425942516
2015-12-08,2996,top_3,0.4071675594044531,0.26448220796636424,0.13743479203979772,0.4446997659458829,0.562605060841691,0.31652445448468314,0.31951218885481586
2015-12-08,2996,top_6,0.18688915311811527,0.26190818233999924,0.18652761283368294,0.24113208874258754,0.8194213901388653,0.67145141461711,0.13111314878941405
2015-12-08,2996,flag_nested,0.31080492440033913,0.18822916814335924,0.11197062901142674,0.32730491921522276,0.7397937070568019,0.5472947290008452,0.235524142934115
2015-12-29,3010,market_1,0.09221846215722179,0.026277028553298717,0.02154808966741454,0.3999046780175034,0.647386324306793,0.4191090528994603,0.14618128266747982
2015-12-29,3010,block_2_3,0.4426895563856461,0.19578505275397973,0.13655083191512393,0.461059354516132,0.47189705731297155,0.22268683270064193,0.382000613665295
2015-12-29,3010,block_4_6,-0.05115364462913119,0.2377996576784284,0.40327480724007353,0.15172278349344623,0.7838092703188754,0.6143569722378073,-0.04571222591189384
2015-12-29,3010,top_3,0.440285723319232,0.19718962882867364,0.13745627095291063,0.4589598869693001,0.4820781134225552,0.23239930744104997,0.37449338307903934
2015-12-29,3010,top_6,-0.05644828478175315,0.24983319170759277,0.41078459232949827,0.15386020502341421,0.7848338010577133,0.6159640952826978,-0.06758912509525414
2015-12-29,3010,flag_nested,0.10579295259429278,0.15509514095737503,0.18677899380183777,0.21860860753661776,0.7383768618345186,0.5452003900925912,0.04758891381767739
2016-01-20,3024,market_1,-0.05908087196739463,0.02707704132600606,0.024005924006501894,0.2998048127255643,0.6069595332647144,0.36839987502092,0.032109188147600054
2016-01-20,3024,block_2_3,0.38565109650086293,0.16761859532042933,0.13784943793209004,0.4373210604846583,0.5376820426299317,0.28910197896669565,0.26462977098005164
2016-01-20,3024,block_4_6,-0.43996020264471464,0.24915592984713608,0.375735489657269,-0.2465191978835433,0.8224820562697583,0.6764767328857297,-0.36586270258041514
2016-01-20,3024,top_3,0.3861721792624571,0.16910523633063318,0.13851294802350586,0.4370344730599748,0.5453545381977183,0.29741157233284654,0.25959773467134684
2016-01-20,3024,top_6,-0.3736197766386015,0.26759073918067616,0.38391246730731426,-0.17931195834067315,0.8221851703550009,0.6759884543516819,-0.299019750200263
2016-01-20,3024,flag_nested,-0.1292685463736857,0.14899494544332745,0.17758479778158104,-0.020905287010133538,0.7762226621891064,0.6025216212959437,-0.17476069655746324
2016-02-09,3038,market_1,-0.08094502630361035,0.02511957691724362,0.028423576609181104,0.2757137668217123,0.5758617892393427,0.3316168003059371,-0.009572156359018182
2016-02-09,3038,block_2_3,0.3363150574612289,0.14481985724469246,0.1362835325906735,0.4399870179586042,0.5549011122003147,0.30791524432114625,0.25269023908395544
2016-02-09,3038,block_4_6,-0.35912091613202024,0.20848644026488958,0.29792743465493116,-0.11951639264456348,0.8743199995063554,0.7644354615367933,-0.2838902199961385
2016-02-09,3038,top_3,0.3364036116264013,0.14629515326487935,0.13748438153063258,0.43792535229989293,0.5635313307911778,0.31756756078327575,0.24731548419714092
2016-02-09,3038,top_6,-0.2518168641334113,0.24839146117787297,0.3104958600455813,-0.0535161037356397,0.8686269369460233,0.7545127555882312,-0.21464176141632488
2016-02-09,3038,flag_nested,-0.05081477882771821,0.13434335400425518,0.15223829329854027,0.07022334582430137,0.8239278767562792,0.6788571460961108,-0.09382202165511434
2016-03-01,3052,market_1,0.06339125706961349,0.02341068418865809,0.02717068754299103,0.27952022601368726,0.6007072496588404,0.3608491997926886,0.04185984622486743
2016-03-01,3052,block_2_3,0.30650030064706735,0.13948971669010146,0.13923535621735966,0.4922048080187938,0.4971641248068451,0.24717216699495625,0.38090562348222257
2016-03-01,3052,block_4_6,-0.3927201088288557,0.20958129421375313,0.3084410837298988,-0.07563125734780415,0.8820205326407942,0.7779602199999504,-0.12842428507312706
2016-03-01,3052,top_3,0.30362064605284567,0.14105360362974187,0.1407297656546179,0.4843381500995818,0.5074507156616025,0.2575062288254728,0.36902564979181574
2016-03-01,3052,top_6,-0.29800497979075097,0.2482974083683528,0.31669335301793633,-0.03747342916292955,0.8791889513393035,0.772973212157104,-0.13258052104565995
2016-03-01,3052,flag_nested,-0.09058587844046212,0.13211876096994432,0.1550988347782921,0.087430306067344,0.8329256912243487,0.693765207101559,0.001611245936959958
2016-03-21,3066,market_1,0.17002386760653435,0.023417590835607568,0.02688824224388201,0.28169367985709454,0.6386670753521642,0.407895633138887,0.08525484795962904
2016-03-21,3066,block_2_3,0.37291280581525793,0.14327718521555877,0.12670722288222264,0.43463594452231574,0.5721813533355093,0.32739150110485504,0.28923202204720294
2016-03-21,3066,block_4_6,-0.38744942958721096,0.20535516018592812,0.28230879734600606,-0.3068265430893289,0.9226260678678284,0.8512388611092512,-0.08527840732457614
2016-03-21,3066,top_3,0.3676348117408038,0.14477865444295246,0.12860535796688846,0.427665430891005,0.578490331371052,0.33465106348978946,0.28254500001422406
2016-03-21,3066,top_6,-0.3134615091877028,0.23153905849729267,0.2943368041688072,-0.2650321155305122,0.9169933312408622,0.8408767695402135,-0.10464892135524828
2016-03-21,3066,flag_nested,-0.06349327273123129,0.1283370267029356,0.14378844176409766,-0.09337065782887867,0.8850290209810869,0.7832763679787412,0.009307822271753067
2016-04-11,3080,market_1,0.18908686653470538,0.02137645462879638,0.027263320919381315,0.24481311665775157,0.5981920514861163,0.3578337304611686,0.09102336064291393
2016-04-11,3080,block_2_3,0.3550340204553122,0.13475363063415147,0.12758972275991595,0.45742022310427566,0.5381135279626846,0.2895661689764468,0.30201984494468026
2016-04-11,3080,block_4_6,-0.38272035550894723,0.23468880559439304,0.26749367117559614,-0.22431980830533405,0.9339991953687069,0.8723544969493917,-0.23315301573024144
2016-04-11,3080,top_3,0.35219779307054566,0.13601064772230587,0.12983336532926854,0.44769781321689983,0.5435215179356412,0.29541564045906343,0.2938993879795374
2016-04-11,3080,top_6,-0.3286188181625072,0.2501282109404035,0.2805434498210134,-0.1890166242808994,0.9281226351591049,0.8614116258946809,-0.22244545944518665
2016-04-11,3080,flag_nested,-0.09108400813066063,0.1305779660910876,0.13956943597378402,-0.06472999045896292,0.8963870602948755,0.8035097618640881,-0.08027815849671027
2016-04-29,3094,market_1,0.22587982194580739,0.02079444763856371,0.027726868094803785,0.23255831536891042,0.5701302046704517,0.3250484502775711,0.12959057746777572
2016-04-29,3094,block_2_3,0.4670963523104865,0.14809959915988516,0.113988646588721,0.4888452491460414,0.6141798794361468,0.37721692430419995,0.3890426106501179
2016-04-29,3094,block_4_6,-0.23392696005980557,0.2045168071328582,0.286973295784432,-0.016168830795356765,0.9281341581528634,0.8614330155301242,-0.12928547977648527
2016-04-29,3094,top_3,0.4580612266912729,0.14925097193082162,0.11675445654983582,0.47716624296857796,0.6148255081676217,0.37801040549357423,0.3778254605413874
2016-04-29,3094,top_6,-0.2316007410363594,0.219273622501823,0.29673612663814536,-0.003298448363795257,0.923370026711439,0.852612206229084,-0.16876540180901323
2016-04-29,3094,flag_nested,0.015683782660951585,0.12598087228174734,0.1413790474733228,0.0895875871036119,0.8967445469888433,0.8041507825542257,-0.000734999532841913
2016-05-19,3108,market_1,0.19183366150343065,0.021037015361065114,0.02850613910729939,0.19517073097902438,0.4991676675688952,0.24916836034617107,0.09415960472520267
2016-05-19,3108,block_2_3,0.4864892150464682,0.1363141490539883,0.10894416122543635,0.5748531791149261,0.6355102875348757,0.40387332556266053,0.43697886633917765
2016-05-19,3108,block_4_6,0.2168338069356717,0.1663410182892582,0.2795877412728227,0.36755546140153605,0.924182359021436,0.8541130327264268,0.04194550775086298
2016-05-19,3108,top_3,0.47320147706995747,0.13743479203979778,0.11213283446961236,0.558612127568811,0.6298373285121249,0.3966950603872905,0.42303802574287014
2016-05-19,3108,top_6,0.16528503507092437,0.18652761283368283,0.28992605694520635,0.35574320067042486,0.9169582805743778,0.8408124883139196,0.0058308012766918405
2016-05-19,3108,flag_nested,0.26138222191214466,0.11197062901142674,0.137889003325744,0.3693904243369239,0.8886353255832322,0.7896727418744172,0.11498794985208612
2016-06-09,3122,market_1,0.21821345929260944,0.02154808966741454,0.02904023166569469,0.18744713048820053,0.46294298001099726,0.21431620274146268,0.11233901655680029
2016-06-09,3122,block_2_3,0.372407669747505,0.136550831915124,0.10290478382522467,0.5498145727306131,0.6286986636236325,0.39526200964214153,0.3440155442777163
2016-06-09,3122,block_4_6,0.3871104418910916,0.4032748072400733,0.24287674384897748,0.3607018560572663,0.76662042665501,0.5877068785647094,0.38081946037569897
2016-06-09,3122,top_3,0.36654421180282915,0.1374562709529107,0.10638832432201929,0.5344813989844199,0.6234561914181951,0.38869762261768126,0.3329682557431781
2016-06-09,3122,top_6,0.35247472179043216,0.410784592329498,0.25524658204864775,0.3494397856730026,0.7532215165493782,0.5673426529929451,0.3434564006854708
2016-06-09,3122,flag_nested,0.34787857740685185,0.18677899380183766,0.1243970652673625,0.37197497401408275,0.7206801222855319,0.5193798386574895,0.3219895670874198
2016-06-29,3136,market_1,0.10353595727066789,0.024005924006501908,0.028875635664815366,0.08580772562501256,0.527000735414205,0.27772977512711294,0.028597097558658656
2016-06-29,3136,block_2_3,0.36242212705256094,0.1378494379320901,0.1075089802042517,0.5119785698335836,0.6714709473430567,0.4508732331257821,0.2725261822345319
2016-06-29,3136,block_4_6,0.5547367702124714,0.375735489657269,0.2688626639996525,0.5352054052075229,0.8175613794582673,0.6684066091817048,0.48695179428876506
2016-06-29,3136,top_3,0.3598452977314842,0.13851294802350586,0.11100582150223193,0.5012150310695871,0.6645161733911534,0.4415817446984216,0.2691545502946761
2016-06-29,3136,top_6,0.49843786863317185,0.3839124673073144,0.2794735386218318,0.5154058247915139,0.7987697391089211,0.6380330961161345,0.43474828769956314
2016-06-29,3136,flag_nested,0.45504429462929913,0.1775847977815811,0.13401048318126846,0.5036461047100349,0.7676715340905064,0.5893195842528716,0.38683913219674193
2016-07-20,3150,market_1,-0.0013113323496818255,0.028423576609181114,0.024776792722089113,0.06110614322812428,0.585626697603645,0.3429586289461509,-0.06779535879948825
2016-07-20,3150,block_2_3,0.323646343145116,0.13628353259067344,0.09997409416853888,0.4475266394148254,0.683541821242513,0.46722942138753165,0.2282088902742662
2016-07-20,3150,block_4_6,0.2851813782925357,0.2979274346549312,0.2595054710200756,0.5525412879477539,0.7386260249269795,0.5455684046994306,0.23894281905605855
2016-07-20,3150,top_3,0.32606805622445567,0.13748438153063258,0.10242259134784938,0.4370828009593356,0.6819849975088559,0.465103536827154,0.22666415632912712
2016-07-20,3150,top_6,0.23867186871216112,0.31049586004558133,0.26865232130829086,0.5270181980003819,0.7179363523088577,0.5154326059665483,0.2204550242030043
2016-07-20,3150,flag_nested,0.25064997043726583,0.15223829329854027,0.1270421064888268,0.49869906017666504,0.7055470004382827,0.49779656982745824,0.21781733055772137
2016-08-09,3164,market_1,0.09733108361885776,0.02717068754299103,0.025267582658153508,0.17967638919741769,0.6035513396694919,0.36427421961683837,0.02858383615018008
2016-08-09,3164,block_2_3,0.2013847996861984,0.1392353562173596,0.08988610407803961,0.43667997457894536,0.6799639237727388,0.46235093763241897,0.2875146840115384
2016-08-09,3164,block_4_6,0.1679306934202723,0.3084410837298989,0.23074827093793493,0.5068225614232722,0.7052918838967603,0.4974366414906415,0.21528648329450795
2016-08-09,3164,top_3,0.20610842972725738,0.14072976565461792,0.0927079702450935,0.4253203279710719,0.68013450772294,0.46258294859552584,0.27865914112440066
2016-08-09,3164,top_6,0.1550014378171072,0.3166933530179363,0.23976241479045296,0.48978380585211856,0.695405893509464,0.4835893567276959,0.19264331603860044
2016-08-09,3164,flag_nested,0.16485529218195102,0.1550988347782921,0.11438695689078017,0.4662546662090176,0.6869762978531713,0.47193643381204897,0.2100623653820296
2016-08-29,3178,market_1,0.11493389521802912,0.026888242243881998,0.025478789744595103,0.20569090850449537,0.6405765713546251,0.41033834376844713,0.038558080761120994
2016-08-29,3178,block_2_3,0.2142513712245404,0.12670722288222266,0.08440836115187195,0.3428885487971873,0.6857787468543018,0.4702924896370563,0.27578739765843463
2016-08-29,3178,block_4_6,0.3605944853143246,0.28230879734600617,0.3386799953491833,0.7238066753660659,0.7041457189379199,0.4958211934986002,0.5197150359287226
2016-08-29,3178,top_3,0.21674311758934223,0.12860535796688852,0.08743606090360193,0.3331768517255135,0.6878510657676346,0.4731390886776706,0.2670918102712483
2016-08-29,3178,top_6,0.3310805253208466,0.29433680416880714,0.3445842503162114,0.7075667133383936,0.6956944904647484,0.483990824063006,0.48823634405006733
2016-08-29,3178,flag_nested,0.297594434110737,0.1437884417640977,0.15161543864866242,0.6565478189569881,0.6816600960233292,0.4646604865105346,0.47240652857773957
2016-09-19,3192,market_1,0.16933445064777028,0.027263320919381304,0.025036639630286767,0.21614681325045285,0.6981302144299556,0.4873857963000158,0.06620149593676962
2016-09-19,3192,block_2_3,0.19426663135287878,0.12758972275991595,0.08758062169656869,0.34311554676432277,0.6735118704992212,0.4536182397033598,0.25851175838927304
2016-09-19,3192,block_4_6,0.35765068759727164,0.26749367117559614,0.36143739105675715,0.7473463797550118,0.7203184318918109,0.5188586433230771,0.5460751835505839
2016-09-19,3192,top_3,0.18864155373476127,0.12983336532926854,0.09047378057427327,0.329990957397861,0.6773243889386797,0.4587683278511562,0.2459242941659314
2016-09-19,3192,top_6,0.3234102443949766,0.28054344982101354,0.3674353041311251,0.7257889907315463,0.7123315889182104,0.5074162925707422,0.5093035153940857
2016-09-19,3192,flag_nested,0.28563619506100973,0.13956943597378402,0.16080045222189568,0.6763845095306323,0.6919248577118825,0.4787600087196088,0.4988589248807726
2016-10-07,3206,market_1,0.17398181204946647,0.02772686809480378,0.024963850454229445,0.19284202138890555,0.7248222190725131,0.525367249261202,0.07109878345627049
2016-10-07,3206,block_2_3,0.1379863733259113,0.11398864658872102,0.08631496465581434,0.4295078636032863,0.6587245757835847,0.43391806674126354,0.19954112215420566
2016-10-07,3206,block_4_6,0.38477268126515257,0.2869732957844318,0.42559367151687033,0.7522508255826956,0.6696531259254681,0.4484353090617511,0.5761081323800692
2016-10-07,3206,top_3,0.13527942986156546,0.11675445654983578,0.08909239566255775,0.4113401901138295,0.6640460571485038,0.4409571660144741,0.19050680371709944
2016-10-07,3206,top_6,0.3597092205581856,0.2967361266381452,0.4306626630576724,0.7283289439370002,0.6612367664690351,0.437234061330425,0.5488563246040892
2016-10-07,3206,flag_nested,0.31566353153237076,0.14137904747332272,0.18488032266789978,0.6913541827028188,0.6434199256185302,0.41398920068295497,0.5318471049241028
2016-10-27,3220,market_1,0.1433654446673185,0.028506139107299395,0.025253562550750785,0.21248662580627822,0.7177884393684463,0.5152202436909896,0.09933940828870466
2016-10-27,3220,block_2_3,0.14362978639101753,0.10894416122543633,0.08802085741298062,0.3913724083207626,0.635877796958797,0.4043405726651732,0.19871918383309412
2016-10-27,3220,block_4_6,0.3949573230189657,0.27958774127282277,0.3534125081381591,0.7438563022542416,0.7860246485255105,0.617834748089652,0.33907980181375597
2016-10-27,3220,top_3,0.13377663472490664,0.11213283446961232,0.09052564206976862,0.37549827282713594,0.641705134831943,0.41178548006968185,0.19348033933290817
2016-10-27,3220,top_6,0.35991018863789165,0.2899260569452065,0.3598877887023878,0.7205946918985883,0.7760638549571757,0.6022751069709921,0.31826745394144945
2016-10-27,3220,flag_nested,0.312847971752461,0.13788900332574403,0.15797439598998858,0.680187446186489,0.7572558835982977,0.5734364732442384,0.3218915299579226
2016-11-16,3234,market_1,0.2245481876496815,0.029040231665694693,0.02326091815525445,0.2544958043495214,0.7675734112649474,0.5891689416809084,0.1651581489109492
2016-11-16,3234,block_2_3,0.1887564860673419,0.10290478382522468,0.08772670281357069,0.3847746681411158,0.6395403726742533,0.40901188828032264,0.228337021033073
2016-11-16,3234,block_4_6,0.4405209628950955,0.2428767438489775,0.43197219557782046,0.4900207898192672,0.8758264815979068,0.7670720258681687,0.15812769583433467
2016-11-16,3234,top_3,0.17931208442941807,0.10638832432201926,0.08963967648283876,0.3798065603675097,0.6426979983226528,0.41306071704794445,0.22953890138440217
2016-11-16,3234,top_6,0.4049325228326329,0.2552465820486478,0.43595475531211586,0.47002277411756677,0.8662807148207792,0.7504422768704,0.13591982587496962
2016-11-16,3234,flag_nested,0.3542315485192815,0.12439706526736252,0.1868036017495806,0.4443704790191143,0.8382913905548727,0.702732455478422,0.156537436911165
2016-12-07,3248,market_1,0.1317028994813608,0.028875635664815363,0.024461223957552156,0.09909399366088384,0.7520199484310592,0.565534002838253,0.04556267557776269
2016-12-07,3248,block_2_3,0.22206905951990102,0.10750898020425169,0.07627257366615349,0.36429885777409254,0.6620391299213464,0.4382958095470134,0.2326281332229162
2016-12-07,3248,block_4_6,0.4985959337264174,0.2688626639996525,0.32116187256201073,0.6047595066580755,0.8762168969370736,0.7677560504780343,0.1462018059847283
2016-12-07,3248,top_3,0.21422292837909995,0.11100582150223194,0.07835252382497813,0.3659762489408777,0.6628457314163567,0.43936446365688475,0.23898580258576366
2016-12-07,3248,top_6,0.4617240757273815,0.2794735386218317,0.32738756731718244,0.5896880359176428,0.8662997545092311,0.7504752646627537,0.13317813616791044
2016-12-07,3248,flag_nested,0.40409323615294085,0.13401048318126843,0.14320786994107515,0.5440042793093581,0.841444114756193,0.7080281982578327,0.17514559904764812
2016-12-28,3262,market_1,0.10679157602312117,0.024776792722089113,0.02510951388367569,0.08021217432331475,0.7424791303573562,0.5512752590162163,0.06355893760007507
2016-12-28,3262,block_2_3,0.37605897778117064,0.09997409416853886,0.08696615462562683,0.42366018190353816,0.6320352946727109,0.39946861371202036,0.35334523719172495
2016-12-28,3262,block_4_6,0.1963872536145781,0.25950547102007565,0.44942490873597507,0.4970341578986326,0.911806450647079,0.8313910034416241,-0.14263050478494516
2016-12-28,3262,top_3,0.3656075628418025,0.10242259134784941,0.08938178774128426,0.4161963764313081,0.6354344839376496,0.403776983377107,0.347812368041675
2016-12-28,3262,top_6,0.17810417352961344,0.268652321308291,0.453307145337517,0.4858083309032084,0.9079100884185807,0.8243007286522354,-0.16442263135601956
2016-12-28,3262,flag_nested,0.19488368905154907,0.12704210648882686,0.19375607607614606,0.4524787902870011,0.8919013807071039,0.7954880729072381,-0.0492406120563176
2017-01-19,3276,market_1,0.1464388083085394,0.025267582658153515,0.02469904838123892,0.11809719973106306,0.7694654131481463,0.5920770220312475,0.08439749189906688
2017-01-19,3276,block_2_3,0.22913359213525697,0.08988610407803958,0.1029083659760362,0.42200596549169833,0.5211590155988249,0.2716067195399362,0.35900835461415176
2017-01-19,3276,block_4_6,0.25412379568803517,0.23074827093793493,0.4985558874637488,0.530400515949219,0.9243636828889266,0.8544482182439801,-0.012527979588121138
2017-01-19,3276,top_3,0.22528627274264504,0.09270797024509352,0.10503529804717805,0.4093162412553132,0.530703820051371,0.2816465446171178,0.34817381082725524
2017-01-19,3276,top_6,0.23973578588494437,0.23976241479045285,0.4995201550029101,0.5115810860285248,0.9241006814501919,0.8539620694567088,-0.053726399029552264
2017-01-19,3276,flag_nested,0.22890116641149863,0.11438695689078014,0.21418273773870566,0.46940192075358733,0.9019821483965065,0.8135717960259773,0.04451378121991794
2017-02-08,3290,market_1,0.12233627391016391,0.025478789744595103,0.026299758755059643,0.13667853091158155,0.6946431806573066,0.48252914843369965,0.04372901303913403
2017-02-08,3290,block_2_3,0.23827446214024883,0.08440836115187195,0.11207913870461385,0.38423255974861065,0.503070993681797,0.2530804246839906,0.33209266380083513
2017-02-08,3290,block_4_6,0.44457337639615485,0.3386799953491833,0.5089303108386841,0.6622140996250403,0.8270204329041392,0.6839627964409496,0.18434913429016497
2017-02-08,3290,top_3,0.23014201049195776,0.08743606090360191,0.11478177826128343,0.3665280373129352,0.5066351230701354,0.25667914792829094,0.3137757311981192
2017-02-08,3290,top_6,0.43431542015064056,0.3445842503162115,0.5089380920687003,0.6500033677261736,0.829427747822869,0.687950388858517,0.14979607330355066
2017-02-08,3290,flag_nested,0.4067399123410298,0.15161543864866248,0.21966556347609417,0.6128943324705363,0.8022580529486553,0.6436179835209674,0.20814918491930426
2017-03-01,3304,market_1,0.202209930357191,0.025036639630286767,0.025541584129000997,0.22687608152698863,0.6822999847342092,0.4655332691683022,0.09088602586580698
2017-03-01,3304,block_2_3,0.22290809948148949,0.08758062169656869,0.11874890861520912,0.2940023347453678,0.5295471772434339,0.2804202129264888,0.24895930292808044
2017-03-01,3304,block_4_6,0.3467486845366754,0.36143739105675715,0.45938080510990276,0.6697447683004447,0.7975314970086421,0.6360564887208457,0.11146279994964323
2017-03-01,3304,top_3,0.21578840612481764,0.09047378057427329,0.1212253592951215,0.2825036309386566,0.5338783404789923,0.2850260824326031,0.2391983622623247
2017-03-01,3304,top_6,0.3310930889408455,0.367435304131125,0.4588880634229471,0.6531320602996934,0.799209184029015,0.6387353198363243,0.07379608359031374
2017-03-01,3304,flag_nested,0.3153240612134023,0.16080045222189565,0.20161169995126704,0.6106514799100886,0.7792895788699516,0.6072922477353067,0.12289387693693629
2017-03-21,3318,market_1,0.24502380283561392,0.02496385045422945,0.025565930057747367,0.24258771353781747,0.7234048813150771,0.523314622310481,0.13481606133956892
2017-03-21,3318,block_2_3,0.2608958270266404,0.08631496465581433,0.13362004551758583,0.14914998916413952,0.540271242673786,0.2918930156602769,0.0701714987053685
2017-03-21,3318,block_4_6,0.10879253254016585,0.42559367151687044,0.4140822980356694,0.5968994781716321,0.7534500865692646,0.5676870329512322,0.010862796984462898
2017-03-21,3318,top_3,0.25441767894570777,0.08909239566255778,0.13582757552720418,0.14167535433510384,0.5446477419174044,0.2966411627757274,0.07088107596812715
2017-03-21,3318,top_6,0.09650174271185079,0.4306626630576722,0.41012756725574523,0.5868298818364005,0.7566526714183869,0.5725232651645815,-0.010983536726539981
2017-03-21,3318,flag_nested,0.116595738642112,0.18488032266789975,0.18664787821305762,0.5350063530821236,0.7353315503811866,0.5407124889859997,0.00860225136351254
2017-04-10,3332,market_1,0.32841131574300986,0.02525356255075079,0.02909562505072997,0.27499450418350985,0.6718038043854625,0.45132035158678085,0.18988101739032073
2017-04-10,3332,block_2_3,0.2541576109321789,0.08802085741298066,0.13609713851475388,0.2895772668003496,0.4894632330616295,0.23957425651914288,0.1728936554333755
2017-04-10,3332,block_4_6,0.060008401852894744,0.3534125081381594,0.4328441466230513,0.5184057299091331,0.7028762910895262,0.4940350805757685,-0.060342025620014575
2017-04-10,3332,top_3,0.2511625057622947,0.09052564206976862,0.13882866059990803,0.2750174784480641,0.4960461266847985,0.24606175979899103,0.1667041086057009
2017-04-10,3332,top_6,0.04158410296281518,0.35988778870238797,0.4290117259872337,0.5024376842129759,0.7062536001922326,0.49879414778448994,-0.08435428746623272
2017-04-10,3332,flag_nested,0.07680555209865855,0.15797439598998864,0.1947978385510776,0.47384256733129254,0.6845229277416737,0.4685716386040325,-0.03363647551967517
2017-05-01,3346,market_1,0.3153468190393551,0.02326091815525446,0.030133672062774737,0.32215665519048714,0.6668651407764713,0.4447091159828229,0.16377631534994155
2017-05-01,3346,block_2_3,0.39499794734583193,0.0877267028135707,0.14148019804851839,0.4161627884897145,0.48656909474439214,0.2367494839603772,0.28355238979802583
2017-05-01,3346,block_4_6,-0.06783318533982993,0.4319721955778207,0.4818036772056747,0.3707055993337297,0.4492853168716171,0.20185729595642943,-0.043022516802797096
2017-05-01,3346,top_3,0.3845269064644554,0.08963967648283878,0.14425913617924888,0.39516809555409294,0.4906707714394826,0.24075780594501706,0.2706467266483942
2017-05-01,3346,top_6,-0.08636805606108987,0.4359547553121157,0.47562352086444865,0.3544293154430307,0.45588473539383817,0.20783089196510973,-0.07401342404075024
2017-05-01,3346,flag_nested,-0.027747380140544866,0.18680360174958055,0.21341952405757925,0.3518213227241845,0.4605629128483228,0.2121181966913318,-0.03996244596419143
2017-05-19,3360,market_1,0.31403455684569875,0.02446122395755217,0.032902201523781434,0.40423921013894937,0.6873681851913075,0.4724750220131918,0.19256586705439707
2017-05-19,3360,block_2_3,0.27929721971421667,0.07627257366615348,0.1362248512449454,0.28566048801091515,0.5321221503571301,0.2831539829006964,0.10393315793458248
2017-05-19,3360,block_4_6,0.09684357932163253,0.3211618725620107,0.43327524519615396,0.504892978995878,0.6009659021396555,0.3611600155345299,-0.006787332379772967
2017-05-19,3360,top_3,0.27049559908830295,0.07835252382497812,0.13963789557249087,0.26595261008713816,0.5292359674879579,0.2800907092829147,0.10417998941810189
2017-05-19,3360,top_6,0.08142641085728736,0.3273875673171826,0.42804080892685314,0.49558732509290726,0.6040480248619352,0.36487401633960515,-0.013241523349953365
2017-05-19,3360,flag_nested,0.11234036633176331,0.14320786994107518,0.1952399152569524,0.46490297326723284,0.5920633267892342,0.35053898292873564,-0.004525178391276183
2017-06-09,3374,market_1,0.30304167266605797,0.025109513883675695,0.034457854218476115,0.40631735971365573,0.6975556170098214,0.48658383882195266,0.19913515867198744
2017-06-09,3374,block_2_3,0.46945790008496946,0.08696615462562683,0.12690762277914214,0.4115457371222766,0.4693665636632974,0.22030497108509228,0.27694392693090897
2017-06-09,3374,block_4_6,0.17192183996439403,0.44942490873597496,0.36028244503506757,0.2776269773962307,0.42142040140778236,0.1775951547226965,0.02347196822966619
2017-06-09,3374,top_3,0.4476168458119597,0.08938178774128426,0.13056842086262205,0.38577661553030357,0.4728634653522807,0.22359985686496753,0.2599716107165035
2017-06-09,3374,top_6,0.1538302606555999,0.45330714533751687,0.35519002108935627,0.2643802866185074,0.4295461712053969,0.1845099131972162,0.009878656974979328
2017-06-09,3374,flag_nested,0.18946858842909026,0.193756076076146,0.1670230714794743,0.2649086717276094,0.4540176863298628,0.20613205950032165,0.017793713368102097
2017-06-29,3388,market_1,0.30765596165690057,0.02469904838123892,0.03501634817732704,0.35867549576856805,0.6661857522391255,0.44380345648640984,0.18354523259130504
2017-06-29,3388,block_2_3,0.5389916945496497,0.10290836597603624,0.11957696062134819,0.5418352953962162,0.49520195738172984,0.2452249785946966,0.4464443565126518
2017-06-29,3388,block_4_6,0.13476008102382886,0.49855588746374885,0.396797509715544,0.11468780860920397,0.4780084200219825,0.22849204961191194,-0.10384184081794304
2017-06-29,3388,top_3,0.515488164589866,0.10503529804717808,0.12350830944560524,0.5063340636937493,0.5028594769108962,0.2528676535190999,0.41405344352064016
2017-06-29,3388,top_6,0.11540063216481607,0.49952015500291014,0.3936655944289839,0.09670793522500801,0.47694786295226005,0.22747926397472773,-0.11256618867850351
2017-06-29,3388,flag_nested,0.16348159521177485,0.21418273773870566,0.1792754273361721,0.12971608711920027,0.4924302595516153,0.2424875605220711,-0.06339029938326537
2017-07-20,3402,market_1,0.23617670226815415,0.026299758755059657,0.036509907750958435,0.37354962756558024,0.6424808545645866,0.4127816484820417,0.1774533309731685
2017-07-20,3402,block_2_3,0.5510581100447215,0.1120791387046139,0.11534025943844976,0.5411727265785793,0.6458677061467953,0.4171450938433231,0.33734894195595394
2017-07-20,3402,block_4_6,0.18465762552768292,0.5089303108386841,0.38915295138094375,0.2023453635631381,0.49611145901875053,0.2461265797697133,-0.1416562244005368
2017-07-20,3402,top_3,0.5242391873376849,0.11478177826128345,0.1193952193488778,0.5127186941822297,0.6314334896630683,0.39870825186808034,0.3240432823119856
2017-07-20,3402,top_6,0.16157000285058884,0.5089380920687004,0.3882671179227282,0.18219873394762962,0.48251546359096104,0.23282117260440005,-0.13463921809882307
2017-07-20,3402,flag_nested,0.20467300747089517,0.2196655634760942,0.17666334832606342,0.21291891670909177,0.5172291874636175,0.26752603236427397,-0.09263672745352375
2017-08-09,3416,market_1,0.19099277909678608,0.02554158412900101,0.03747164153852833,0.3875208398524931,0.6555163593250006,0.42970169734270336,0.2091528980500559
2017-08-09,3416,block_2_3,0.5362544587593853,0.11874890861520912,0.11084120615878211,0.4852888315419631,0.6605310655378991,0.43630128854063255,0.30669245709256526
2017-08-09,3416,block_4_6,0.3723154109321804,0.45938080510990287,0.34147936675889684,0.28144931623951863,0.6216060428875164,0.38639407255427693,-0.11384312529827638
2017-08-09,3416,top_3,0.5153951700579903,0.12122535929512153,0.1145107715724912,0.46567395716859256,0.639075365421259,0.40841732268831543,0.30139009896893326
2017-08-09,3416,top_6,0.34080051660167127,0.4588880634229471,0.34256909105187966,0.2574195530922483,0.6045549799713787,0.36548672380819425,-0.10447640457243063
2017-08-09,3416,flag_nested,0.3582649429412226,0.20161169995126704,0.1591664533718906,0.27736300125128927,0.613090974482355,0.37588054299172347,-0.05044292442655624
2017-08-29,3430,market_1,0.23137427181263384,0.025565930057747367,0.036064071449856336,0.4331453586532946,0.6604140988246368,0.43614678192635714,0.22799257850576204
2017-08-29,3430,block_2_3,0.42935267808753114,0.13362004551758588,0.10338926360358514,0.4760904927130636,0.6995637547569996,0.48938944696971187,0.25504199273962713
2017-08-29,3430,block_4_6,0.5579379051264225,0.4140822980356694,0.40178647830152636,0.3915162394639891,0.455851380639529,0.20780048123096484,0.13407976696409799
2017-08-29,3430,top_3,0.4126798309207122,0.13582757552720418,0.10721906322694696,0.4594608407753905,0.679459702215413,0.4616654869346575,0.2556878141269272
2017-08-29,3430,top_6,0.5355451612184551,0.4101275672557455,0.40412380915339,0.36290750126612004,0.4399466246144126,0.19355303250961475,0.12186962262854846
2017-08-29,3430,flag_nested,0.5066890254730168,0.1866478782130577,0.17986643732707877,0.3750751948036232,0.49036599306679796,0.240458807156387,0.12214700171404175
2017-09-19,3444,market_1,0.27438401295812354,0.02909562505072997,0.02846652052638426,0.45205762506650304,0.7379282960505077,0.5445381701120053,0.24597405722922136
2017-09-19,3444,block_2_3,0.3034888912817638,0.13609713851475394,0.0975179028078002,0.41510143005997635,0.6477415912852489,0.41956916908074626,0.16809195218599238
2017-09-19,3444,block_4_6,0.6235285175333319,0.43284414662305143,0.3324277850394624,0.3525323267250744,0.4807790072404278,0.23114845380309113,0.20930931286925453
2017-09-19,3444,top_3,0.29683180240849244,0.13882866059990803,0.10118275966612157,0.40510000349674197,0.6406405689966261,0.4104203386443208,0.1787810194255136
2017-09-19,3444,top_6,0.6066545659665945,0.42901172598723375,0.3355565969512918,0.3259637313070605,0.4648617662892685,0.21609646175757857,0.19903316699828272
2017-09-19,3444,flag_nested,0.547559464533498,0.19479783855107763,0.1516224412865228,0.33861777378684166,0.5169912770399501,0.26727998053539836,0.19528485614859975
2017-10-09,3458,market_1,0.2570628997717639,0.03013367206277474,0.027470615664303505,0.3971243572340608,0.7597739679215952,0.5772564823313251,0.18916790300238293
2017-10-09,3458,block_2_3,0.21952960455807397,0.14148019804851839,0.09701044917909202,0.28045513651281684,0.5977966496239524,0.35736083430162235,0.11243188636720733
2017-10-09,3458,block_4_6,0.5226889571353902,0.4818036772056748,0.2637171496136978,0.47835277558603573,0.5808606231592994,0.33739906353700955,0.33377433938669554
2017-10-09,3458,top_3,0.21774537209741987,0.14425913617924896,0.10058346088756866,0.27465115244156435,0.6034045459875153,0.36409704611839944,0.11622168190734321
2017-10-09,3458,top_6,0.5107458786729443,0.4756235208644488,0.2689144880742711,0.4556070363667292,0.5648896404109908,0.31910030584365845,0.3323008992525318
2017-10-09,3458,flag_nested,0.44769913939931266,0.2134195240575793,0.12719858191973202,0.4158711724367699,0.5887573622048765,0.34663523155044407,0.28414911521427766
2017-10-27,3472,market_1,0.19779071907344856,0.03290220152378145,0.029572563023579714,0.3514409401045003,0.6697943526416742,0.44862447483067946,0.25530244751700454
2017-10-27,3472,block_2_3,0.0877534229724973,0.13622485124494535,0.0919146444366843,-0.0912930542038593,0.5932596868238307,0.35195705601030947,-0.0009601941894811057
2017-10-27,3472,block_4_6,0.5061280781124965,0.43327524519615407,0.28146742320104345,0.39136024569968214,0.4647348888282209,0.2159785168941789,0.34976030656478047
2017-10-27,3472,top_3,0.08770565985806608,0.13963789557249087,0.09543412381136478,-0.07429583575036594,0.6032953594420634,0.36396529072432837,-0.00624439736806247
2017-10-27,3472,top_6,0.523801641803516,0.4280408089268531,0.2849557674213164,0.41412959223947515,0.4607046681106166,0.2122487912189136,0.37072581342366345
2017-10-27,3472,flag_nested,0.435514841579483,0.19523991525695236,0.13207469620424317,0.3230096685410718,0.5034400103862419,0.2534518440576995,0.2905678444658265
2017-11-16,3486,market_1,0.21684189252788513,0.034457854218476115,0.02883325253029054,0.3618620822798271,0.632862258120032,0.40051463775278595,0.2711928050533671
2017-11-16,3486,block_2_3,-0.0168570140365389,0.1269076227791422,0.09230142929175184,-0.09967333941646866,0.6354960759983943,0.403855262609357,-0.08811542232624954
2017-11-16,3486,block_4_6,0.3689488248156397,0.3602824450350678,0.40405268806196737,0.4002877161538303,0.12506867364882587,0.015642173128276537,0.3832837783945323
2017-11-16,3486,top_3,-0.00909097786489085,0.13056842086262208,0.09571686371087376,-0.07656494837782254,0.6391491633922195,0.40851165306497417,-0.08732969284247097
2017-11-16,3486,top_6,0.39374635744391007,0.3551900210893563,0.40659710821030376,0.4245511855167748,0.12650991868307968,0.01600475952519942,0.408548582974227
2017-11-16,3486,flag_nested,0.3260186921086474,0.1670230714794743,0.177309890263312,0.32764694247003656,0.24612782334830438,0.06057890542617417,0.2867107894890928
2017-12-07,3500,market_1,0.1632384145267849,0.03501634817732704,0.029320881037784637,0.30606887390305043,0.5859173670078787,0.3432991609614453,0.2611045917303358
2017-12-07,3500,block_2_3,-0.14695155991389247,0.1195769606213482,0.09906582744195912,-0.10298903028373259,0.731048699439636,0.5344322009523832,-0.19925357781909203
2017-12-07,3500,block_4_6,0.44816941179660164,0.39679750971554384,0.3648704692853773,0.4787493469087208,0.16601108707857684,0.027559681033010763,0.46685855631828466
2017-12-07,3500,top_3,-0.13145211588555586,0.1235083094456053,0.10241760749825009,-0.0698776665206687,0.7272104696922449,0.5288350672300155,-0.189335374952199
2017-12-07,3500,top_6,0.48366708329766267,0.3936655944289841,0.36522058530266577,0.5182368415983025,0.12473944589349306,0.015559929361815716,0.510335062659814
2017-12-07,3500,flag_nested,0.3832522609422698,0.1792754273361722,0.16305576396289734,0.38639274702853493,0.31164433534545327,0.09712219175290937,0.36993373507441535
2017-12-28,3514,market_1,0.18158929332445486,0.03650990775095845,0.03213809489579075,0.26559993081935834,0.5170444546032752,0.2673349680359982,0.2720425690325996
2017-12-28,3514,block_2_3,-0.1652423608476896,0.11534025943844979,0.09150045638245198,-0.15698605464951135,0.6536769139096017,0.42729350777838115,-0.28817473169861746
2017-12-28,3514,block_4_6,0.35316278839172066,0.38915295138094375,0.25303578541289895,0.40962952376904743,0.38256504373651823,0.14635601268912424,0.36082217244274717
2017-12-28,3514,top_3,-0.16075298175091648,0.11939521934887784,0.09459609190925343,-0.12498506104418158,0.6606219149839605,0.4364213145570751,-0.28646231311503534
2017-12-28,3514,top_6,0.3922005168354475,0.3882671179227283,0.25926439420784064,0.4479976598723533,0.3551200384768317,0.12611024172778662,0.4113178077747623
2017-12-28,3514,flag_nested,0.283929976607166,0.17666334832606342,0.12336396703397062,0.304570714294146,0.4592964938957812,0.21095326930495772,0.25834597842044155
2018-01-19,3528,market_1,0.27928981421223753,0.03747164153852833,0.03145277660081588,0.2783909339508172,0.5625059870033832,0.31641298541465024,0.3339870976040084
2018-01-19,3528,block_2_3,-0.154286978600551,0.11084120615878208,0.11564635551851689,-0.07978061308056789,0.5870822298551897,0.3446655446117419,-0.28228172925963346
2018-01-19,3528,block_4_6,0.3357569282900454,0.3414793667588968,0.2577970296521059,0.3774283680234858,0.31257981240046356,0.09770613912030923,0.3421814307135415
2018-01-19,3528,top_3,-0.15053829238793603,0.1145107715724912,0.11805122626822738,-0.053821964163306826,0.5998182833061072,0.3597819729882855,-0.2920271948784069
2018-01-19,3528,top_6,0.39402405756075776,0.3425690910518797,0.25744043269926803,0.41876075533106133,0.2971901936267105,0.08832201118788152,0.39876106362010794
2018-01-19,3528,flag_nested,0.26474878916159916,0.15916645337189061,0.1291532832016901,0.2776106918569601,0.4231456023958309,0.1790522008269304,0.23433534710468717
2018-02-08,3542,market_1,0.3204682581166363,0.03606407144985634,0.03385900160171873,0.2083798252571007,0.5238561316850944,0.2744252467040711,0.3174295056754399
2018-02-08,3542,block_2_3,-0.02273425045263688,0.10338926360358516,0.13567894679700546,0.005068053879361606,0.6988507769347057,0.4883924084222414,-0.18976212411194995
2018-02-08,3542,block_4_6,0.2891265841617997,0.4017864783015262,0.24348576572981312,0.16111097354015938,0.4792291133837285,0.22966054311455442,0.16834409900929795
2018-02-08,3542,top_3,-0.02429819354332644,0.10721906322694698,0.13772961942306858,0.02765742117770315,0.7044921789983482,0.49630923026984053,-0.21543651100203315
2018-02-08,3542,top_6,0.3155518203057164,0.40412380915339013,0.23854516223039532,0.1860610283293883,0.41273578170341124,0.17035082549832603,0.2009833438055611
2018-02-08,3542,flag_nested,0.22808518436203742,0.17986643732707885,0.13020578743740197,0.12927690333080052,0.5364973085647082,0.2878293620971758,0.11922229094326828
2018-03-01,3556,market_1,0.2627876859744676,0.028466520526384265,0.03492623292055047,0.2759767857741777,0.4980647009546948,0.24806844633708947,0.34493894308934175
2018-03-01,3556,block_2_3,0.10926986829302175,0.09751790280780022,0.13276744418472705,0.11468779149852566,0.7319884581392629,0.5358071028490955,-0.19470371204370227
2018-03-01,3556,block_4_6,0.36111939626760664,0.3324277850394625,0.22946379055947133,0.2504483174830206,0.5617478797705455,0.31556068042670327,0.25401012877098583
2018-03-01,3556,top_3,0.10895161313443313,0.10118275966612159,0.13486312143117157,0.13014780902123319,0.7350875755151938,0.5403537436768056,-0.21436568458011812
2018-03-01,3556,top_6,0.3696803581249064,0.33555659695129175,0.22964292207676357,0.26886473094688274,0.4723867522308094,0.22314924368317202,0.28670395162691786
2018-03-01,3556,flag_nested,0.28637472437405226,0.15162244128652275,0.12677476430031046,0.2100203502019803,0.5875472484838078,0.34521176920089325,0.1781772752109212
2018-03-21,3570,market_1,0.2581435374445632,0.027470615664303505,0.03318745074400102,0.3158588624236396,0.5021044415640945,0.25210887023839124,0.3496177060689977
2018-03-21,3570,block_2_3,0.13760799655825695,0.09701044917909195,0.13075495204714266,0.2253142870535803,0.7275844711867258,0.5293791627120672,-0.09737019261985987
2018-03-21,3570,block_4_6,0.3803619771160514,0.26371714961369774,0.23988246495024879,0.2765844002653589,0.5104715810278188,0.260581235037041,0.2819496155542175
2018-03-21,3570,top_3,0.13629024227012457,0.10058346088756871,0.13274857544936464,0.23421207134066957,0.7305568097345587,0.5337132522495364,-0.11597808469442232
2018-03-21,3570,top_6,0.3816465770844332,0.268914488074271,0.23728973937372524,0.24508075234977572,0.4572539080279402,0.2090811364068239,0.27551851526126697
2018-03-21,3570,flag_nested,0.3012271960326224,0.127198581919732,0.12790571416805083,0.23411905001516653,0.5701022297687875,0.3250165523873433,0.20519646272929418
2018-04-11,3584,market_1,0.2810302653646125,0.029572563023579718,0.029416647675693287,0.2756744265455617,0.5887924707423164,0.3466765736028419,0.22366270974460709
2018-04-11,3584,block_2_3,0.31703021456985736,0.0919146444366843,0.11486676169351852,0.4774192869868499,0.6791510408268253,0.4612461362561602,0.350291356848199
2018-04-11,3584,block_4_6,0.4110503719738877,0.2814674232010434,0.23783079238600788,0.3967319027125238,0.5085487286797217,0.2586218094417613,0.33635588368515984
2018-04-11,3584,top_3,0.30301831571949867,0.09543412381136473,0.11790633265577728,0.4666041521537685,0.6790589175181655,0.4611210134609426,0.3233785463844705
2018-04-11,3584,top_6,0.37307974599708454,0.2849557674213165,0.24527444329257037,0.316425707383466,0.4887902525788008,0.23891591101604792,0.2755453389023515
2018-04-11,3584,flag_nested,0.347995675318507,0.1320746962042432,0.12460296549173375,0.3495704364933776,0.5641713917327627,0.3182893592496824,0.2842381246173823
2018-05-01,3598,market_1,0.2612050589444176,0.02883325253029054,0.029703596893386548,0.22590513198030243,0.6226887849876184,0.38774132294935615,0.1952680968062206
2018-05-01,3598,block_2_3,0.0740359928762964,0.09230142929175184,0.09491667100471993,0.10779566405618746,0.6932311521095448,0.4805694302551268,-0.008293081962533146
2018-05-01,3598,block_4_6,0.22963597622314433,0.40405268806196737,0.21628103836090418,0.08944394667398248,0.6366514337552326,0.4053250481025934,0.1567268210289847
2018-05-01,3598,top_3,0.07329429250070194,0.09571686371087373,0.09839034637465788,0.12194744072821197,0.6940734553229073,0.4817379613838799,-0.008353848407957906
2018-05-01,3598,top_6,0.23058829315331225,0.406597108210304,0.23457723759298535,0.09191125465254132,0.6131031070329344,0.37589541985343755,0.16374427896530627
2018-05-01,3598,flag_nested,0.20159934113633216,0.1773098902633121,0.11524005591708336,0.10420385771414403,0.6366759923557285,0.40535631924215154,0.13132533237770191
2018-05-21,3612,market_1,0.30979548840462723,0.029320881037784637,0.02937596881808782,0.29083758633531553,0.6023413036466738,0.36281504607877446,0.16119082235835422
2018-05-21,3612,block_2_3,-0.3492432874666362,0.0990658274419591,0.14925712908781164,-0.44961577437941946,0.7800154482172054,0.6084240994574879,-0.40845693964728896
2018-05-21,3612,block_4_6,-0.1436116295167666,0.36487046928537725,0.26221907016738044,-0.35519246979342295,0.7690978688944891,0.5915115319380446,-0.07607175106307063
2018-05-21,3612,top_3,-0.33099594673907423,0.10241760749825007,0.15100177787345231,-0.41958829816926896,0.7795966553332213,0.6077709450067457,-0.3931853123428467
2018-05-21,3612,top_6,-0.05910405299362551,0.3652205853026658,0.2587231312246468,-0.256542923060076,0.7261151328478549,0.5272431861506579,-0.010273948641137296
2018-05-21,3612,flag_nested,-0.10378055963373017,0.16305576396289734,0.14007046901267248,-0.28415811763447135,0.7337524692976898,0.5383926862004573,-0.11660668284291861
2018-06-11,3626,market_1,0.32934379278513864,0.03213809489579075,0.02726275428534794,0.32106012610068446,0.6429990093458631,0.4134477260197611,0.20492600328170607
2018-06-11,3626,block_2_3,-0.33690773421911213,0.09150045638245201,0.1769236767630529,-0.39947674920237963,0.842671954706243,0.7100960232484406,-0.3763695557518115
2018-06-11,3626,block_4_6,-0.025748572007156127,0.25303578541289884,0.25168799815714127,-0.247147284544822,0.8034568485608844,0.6455429074993873,-0.0092316638337518
2018-06-11,3626,top_3,-0.3196034276501234,0.0945960919092534,0.17858786206548447,-0.3687441349366094,0.8395299257890503,0.7048104962953685,-0.3601173332531779
2018-06-11,3626,top_6,0.09860332440891878,0.2592643942078406,0.2348951677719326,-0.11506423888037869,0.74259944261401,0.5514539321706384,0.08152327708800304
2018-06-11,3626,flag_nested,-0.02884575253169437,0.12336396703397061,0.14342392607475743,-0.19178811688917746,0.7774253400433071,0.6043901593414522,-0.0681467478207345
2018-06-29,3640,market_1,0.3682941392949472,0.03145277660081588,0.02757911529457858,0.3394964947421849,0.6043015839554171,0.36518040437102595,0.23274078506172516
2018-06-29,3640,block_2_3,-0.647892845583705,0.11564635551851696,0.3493665460159351,-0.6279404202834775,0.8978977409252682,0.8062203531586999,-0.45289796772101426
2018-06-29,3640,block_4_6,-0.17226132595731392,0.25779702965210594,0.38125778394915405,-0.360317843272265,0.8142400771261898,0.6629869031984637,-0.1113319592193902
2018-06-29,3640,top_3,-0.6314679529187978,0.11805122626822741,0.35018328760688117,-0.6011625237267505,0.8948664388134261,0.8007859433146227,-0.44326632164572377
2018-06-29,3640,top_6,0.19729797726827406,0.25744043269926803,0.22397532238790382,-0.07252808332424922,0.7593121032730735,0.5765548701769786,0.1441276255818997
2018-06-29,3640,flag_nested,-0.22459420215795323,0.1291532832016901,0.22360130458760843,-0.3421954410029734,0.8018176538722086,0.6429115500611324,-0.17390371313706127
2018-07-20,3654,market_1,0.2987790842500459,0.03385900160171873,0.025678893934156847,0.3326370022977494,0.6703060148986957,0.44931015360937077,0.15740797456073702
2018-07-20,3654,block_2_3,-0.655120290118347,0.13567894679700548,0.38262897263821855,-0.6672274967061564,0.9144070833376118,0.8361403140579982,-0.4782648293356134
2018-07-20,3654,block_4_6,-0.24752777739768164,0.2434857657298132,0.4177270949457495,-0.4055833784380179,0.8089313787968041,0.6543699756020984,-0.3168765187084967
2018-07-20,3654,top_3,-0.641726854678203,0.13772961942306855,0.3834260692669263,-0.6498872691026307,0.9115143551210625,0.8308584195917668,-0.47170742872045196
2018-07-20,3654,top_6,0.20498161416121186,0.2385451622303953,0.23209225799905467,0.07137457355941644,0.6492827129030572,0.42156804127475356,0.11829952897894595
2018-07-20,3654,flag_nested,-0.2900368446413664,0.13020578743740194,0.242161912423679,-0.4037709485903364,0.8150257117395148,0.6642669107965027,-0.2937150416335893
2018-08-09,3668,market_1,0.33417191677277647,0.03492623292055048,0.029006075604904508,0.3181589131687418,0.6399615666805485,0.409550806828222,0.11738722951934802
2018-08-09,3668,block_2_3,-0.6420474666369017,0.13276744418472702,0.4112006852430553,-0.6568171378914007,0.9301897885838265,0.8652530427856235,-0.4755374013964206
2018-08-09,3668,block_4_6,-0.2742972517473164,0.2294637905594713,0.44400770740662393,-0.41358446354485806,0.8249807710112613,0.680593272538335,-0.33508454483817307
2018-08-09,3668,top_3,-0.6308869254767466,0.1348631214311716,0.4119888052030145,-0.6410335950189391,0.9279539945336006,0.8610986159708657,-0.47042271348840986
2018-08-09,3668,top_6,0.20106313989172006,0.22964292207676354,0.22549840307026617,0.08982981143777098,0.7154261518781192,0.5118345787911338,0.1518742402055081
2018-08-09,3668,flag_nested,-0.29532050867926635,0.12677476430031046,0.25669930383766126,-0.4015409313926585,0.8364910211671386,0.6997172284932427,-0.29654502221596457
2018-08-29,3682,market_1,0.2874508541428286,0.03318745074400101,0.03021919083204459,0.32400306725150085,0.6346593497632987,0.40279249024197317,0.11583678116150944
2018-08-29,3682,block_2_3,-0.6501350314789024,0.13075495204714266,0.4473709451524709,-0.6633923627723828,0.9360458150183163,0.8761817678133037,-0.4397596851634274
2018-08-29,3682,block_4_6,-0.26893658543374427,0.23988246495024884,0.47179584792294094,-0.3898756975825659,0.8705124346364758,0.7577918988567253,-0.371380431553318
2018-08-29,3682,top_3,-0.6389893065719593,0.13274857544936466,0.44822281716689455,-0.6483258297687701,0.9340806580854515,0.8725066758093498,-0.43679285786778843
2018-08-29,3682,top_6,0.2597541163291918,0.2372897393737252,0.21501531916223532,0.2334249553112928,0.6784860127845693,0.46034326954430294,0.20146916079782162
2018-08-29,3682,flag_nested,-0.289388988596558,0.12790571416805083,0.2749297401457791,-0.3886971399855449,0.8682953197916563,0.7539367623720943,-0.29866026180927857
2018-09-19,3696,market_1,0.25121837252982915,0.029416647675693283,0.031138015084541382,0.3720541614451964,0.5721884962844956,0.3273996752803121,0.1613923589584225
2018-09-19,3696,block_2_3,-0.5077668982173927,0.11486676169351849,0.4963763676622836,-0.35930902110005053,0.9225746148106817,0.8511439198930779,-0.4704432780105625
2018-09-19,3696,block_4_6,-0.12289491150203899,0.2378307923860079,0.537694416104758,-0.12064491103366859,0.7964906503515334,0.6343973560974089,-0.24551029468723537
2018-09-19,3696,top_3,-0.4941194102403531,0.1179063326557773,0.49701604824792317,-0.34591225406296516,0.9214326682170619,0.849038162057614,-0.4647743791798324
2018-09-19,3696,top_6,0.3157493070773076,0.24527444329257053,0.2506432740661388,0.36276152506753,0.5795426064144082,0.3358696326496057,0.2974730898734319
2018-09-19,3696,flag_nested,-0.16213376502287355,0.12460296549173382,0.3062377646989858,-0.12591371801349524,0.8251521417914691,0.6808760571030488,-0.23564223741597665
2018-10-09,3710,market_1,0.17825761136983279,0.029703596893386548,0.03366304587600031,0.2327320952519305,0.6239326115387821,0.38929190374160494,-0.06899211316495904
2018-10-09,3710,block_2_3,0.1629965495818711,0.0949166710047199,0.44426536518458837,0.2769871227010367,0.9566416889541038,0.9151633210449601,-0.17114187014155255
2018-10-09,3710,block_4_6,0.04908399154066367,0.2162810383609043,0.4680752874546855,0.15165989547367478,0.8994032877133666,0.808926273949613,-0.4019101754405942
2018-10-09,3710,top_3,0.15427384534386038,0.09839034637465784,0.4450086427288367,0.27125521258794383,0.9553298612497608,0.9126551437954878,-0.1744635950694601
2018-10-09,3710,top_6,0.05849189968138189,0.2345772375929852,0.19608270222649155,0.27570783754106226,0.6568434290364237,0.4314432902683274,-0.015658232668812794
2018-10-09,3710,flag_nested,0.09209315326839825,0.11524005591708333,0.27120503137695906,0.19476087476553403,0.9043852305619071,0.817912645258514,-0.23237837888188562
2018-10-29,3724,market_1,0.34622368504317313,0.029375968818087822,0.03213627555523661,0.2821451422133094,0.7379349395352606,0.5445479749869087,-0.024375769753626618
2018-10-29,3724,block_2_3,0.7203139231759883,0.1492571290878117,0.3198384391541034,0.8492371025975961,0.979008396247255,0.9584574399226222,0.30558373063910904
2018-10-29,3724,block_4_6,0.2961765794843735,0.26221907016738044,0.3578521726375258,0.43170327585797175,0.9251863300536255,0.8559697453180963,-0.3815581526919896
2018-10-29,3724,top_3,0.7082517493197659,0.1510017778734523,0.3206182369853749,0.8395612255451503,0.9780299776660368,0.9565426372134291,0.28801137650811476
2018-10-29,3724,top_6,-0.055123379042509156,0.2587231312246468,0.2045099353727676,0.13005276375515212,0.6110314746027404,0.3733594629551992,-0.23630845976310078
2018-10-29,3724,flag_nested,0.39136866568777656,0.1400704690126725,0.2055937996312009,0.5398382665642926,0.9360584727049515,0.8762054643227265,-0.14499757140486708
2018-11-16,3738,market_1,0.2520434633248789,0.02726275428534794,0.02907247871286844,0.3013910649249023,0.7685162232962014,0.5906171854694571,0.03493125581218517
2018-11-16,3738,block_2_3,0.7324855312885825,0.17692367676305298,0.21722933408651043,0.854362463752276,0.9848109138677315,0.969852536072996,0.044014029500676184
2018-11-16,3738,block_4_6,0.25125547346476695,0.25168799815714116,0.2826391079704029,0.5594112559800233,0.938965665846604,0.8816565216387562,-0.4131272155079182
2018-11-16,3738,top_3,0.7217575492369603,0.17858786206548463,0.21859249860344643,0.8493020354309998,0.9840695442341141,0.9683928678891371,0.04789001126840906
2018-11-16,3738,top_6,-0.1310678587396408,0.23489516777193245,0.22250934286556215,0.1136134758333563,0.5681599647064987,0.32280574549528973,-0.24618664378310995
2018-11-16,3738,flag_nested,0.3724370894027852,0.14342392607475749,0.15819135177842944,0.6299120351674066,0.9504118096745713,0.9032826079688936,-0.19461702449903506
2018-12-10,3752,market_1,0.2831375062168372,0.02757911529457858,0.026906339278004267,0.24042197931873766,0.8460126166756761,0.7157373475744248,0.06436129842900211
2018-12-10,3752,block_2_3,0.7443010537761682,0.349366546015935,0.16177780299876257,0.9404701010107946,0.9759301542622427,0.9524396659983251,0.23708778459004734
2018-12-10,3752,block_4_6,0.36412092945689833,0.38125778394915394,0.26786633837305346,0.6637559324893382,0.8972726922168893,0.8050982841981444,-0.250967741744193
2018-12-10,3752,top_3,0.7357016059410182,0.35018328760688106,0.16369104878387541,0.9399004676066084,0.9746610858914435,0.9499642323510875,0.2410548094942559
2018-12-10,3752,top_6,-0.0736966660714713,0.22397532238790388,0.25062211396921286,-0.16492017191572103,0.5711664615347399,0.32623112678211563,-0.44974184989304794
2018-12-10,3752,flag_nested,0.4280551982980964,0.2236013045876084,0.14185947828419604,0.7499504618516238,0.9196778082924252,0.8458072710655591,-0.08556540697526858
2018-12-31,3766,market_1,0.2693875637595727,0.025678893934156843,0.02690055394193064,0.2865838330136375,0.8521581719454489,0.7261735500134094,0.05416984701518369
2018-12-31,3766,block_2_3,0.7214926023375405,0.38262897263821866,0.14242916437517708,0.9428167449194607,0.9727448528991834,0.9462325488418535,0.3381682296169263
2018-12-31,3766,block_4_6,0.48534799139847806,0.4177270949457495,0.17991004329533125,0.7840935372221718,0.9434591164063758,0.8901151043302988,0.19427343123267532
2018-12-31,3766,top_3,0.7126880236663453,0.3834260692669266,0.14420298269297366,0.941904142581489,0.9713031349794876,0.9434297800209799,0.3458428270001954
2018-12-31,3766,top_6,-0.023997121027892303,0.23209225799905464,0.1719484897618474,0.0774248285491863,0.7723542069619779,0.5965310210118655,-0.14612877762576548
2018-12-31,3766,flag_nested,0.48452157792666006,0.24216191242367915,0.11217332004594244,0.8187073312421435,0.9388491914266651,0.8814378042425025,0.21304756154757012
2019-01-22,3780,market_1,0.2827731224837425,0.02900607560490451,0.027148479646037664,0.28672058270143574,0.8826939428915725,0.7791485968174705,0.06162453959732131
2019-01-22,3780,block_2_3,0.7306680047107519,0.41120068524305536,0.15621690479472863,0.9395929632006206,0.9649950549570029,0.9312154560914688,0.30006495702939406
2019-01-22,3780,block_4_6,0.558953749992044,0.44400770740662404,0.1915969862495414,0.8334934059625139,0.9266820777496623,0.8587396732224308,0.17773302838447444
2019-01-22,3780,top_3,0.722174142219399,0.4119888052030145,0.15780507142587424,0.9398709352827183,0.9630679581452287,0.9274998920060202,0.3172766132622661
2019-01-22,3780,top_6,0.09819605471591873,0.22549840307026628,0.17582759209429433,0.14285008940063104,0.6524147936895398,0.42564506302496485,-0.104693137697911
2019-01-22,3780,flag_nested,0.540307696543401,0.2566993038376613,0.11912350940632727,0.8357644425568282,0.9259834999087153,0.8574454421031936,0.20058968158820162
2019-02-11,3794,market_1,0.21941157472273448,0.0302191908320446,0.025975289194966146,0.24830391495133344,0.8882587703088158,0.7890036430305298,0.04588731056446547
2019-02-11,3794,block_2_3,0.4307504210201253,0.4473709451524707,0.13227804557178094,0.9150675640175098,0.9504193420482311,0.9032969257393927,0.12667616548689822
2019-02-11,3794,block_4_6,0.12305072149722653,0.47179584792294105,0.24338878751670917,0.7918732550825326,0.8346261005345313,0.6966007276934778,0.24103815757278174
2019-02-11,3794,top_3,0.4244810723449024,0.4482228171668945,0.1341481826590609,0.9158490523721206,0.9481226276592858,0.8989365170795484,0.1504628108474702
2019-02-11,3794,top_6,-0.15990843868614635,0.2150153191622352,0.24599268076851202,0.22965047650862674,0.49314096366692695,0.24318801004634538,0.08954058608697055
2019-02-11,3794,flag_nested,0.20427414084081502,0.2749297401457791,0.12945537371729646,0.7968802798699802,0.8713080957064676,0.7591777976436308,0.17735025957255326
2019-03-04,3808,market_1,0.20507439665226243,0.031138015084541382,0.026801447665640615,0.18030288372022235,0.8790286158571686,0.7726913074957699,0.03253196142053791
2019-03-04,3808,block_2_3,0.30153539340085495,0.4963763676622837,0.11978714883347168,0.8946224858736298,0.9448975627184445,0.8928314040312566,0.018408033592569175
2019-03-04,3808,block_4_6,-0.12477657004709782,0.5376944161047577,0.29749141984045013,0.5303584432943034,0.830009585817219,0.6889159125484713,-0.35375960590149796
2019-03-04,3808,top_3,0.29492179993675616,0.4970160482479236,0.12246704920454084,0.8957895569134926,0.941751877986685,0.886896599691448,0.03788154016697799
2019-03-04,3808,top_6,-0.4633403771816153,0.25064327406613873,0.30309395575315384,-0.13728656503600511,0.7297849523289404,0.5325860766457537,-0.22582427163326146
2019-03-04,3808,flag_nested,0.006493738345313021,0.306237764698986,0.1450127625864209,0.6294514467604908,0.8542579624307469,0.7297566663763315,-0.2046101953764369
2019-03-22,3822,market_1,0.13670469606318045,0.033663045876000317,0.026319209883554837,0.36263368506408095,0.8493554198079561,0.721404629157149,0.04690419347230639
2019-03-22,3822,block_2_3,0.16808021184158317,0.44426536518458865,0.10304055576932168,0.8603006886588568,0.9282781821026764,0.8617003833678503,-0.06341338315627408
2019-03-22,3822,block_4_6,-0.06091886684750718,0.4680752874546856,0.21647923944798456,0.5440809841557955,0.83218895020527,0.6925384488437492,-0.22340173766408744
2019-03-22,3822,top_3,0.16409510547400796,0.44500864272883695,0.10628842422040824,0.8567625099217602,0.923552455356871,0.8529491377957048,-0.04572860643220989
2019-03-22,3822,top_6,-0.20542737605412584,0.19608270222649163,0.22568848110193626,-0.06251549820685452,0.7285883930646745,0.5308410465085647,-0.13821131509157109
2019-03-22,3822,flag_nested,0.03866389017294857,0.2712050313769591,0.11378778024754506,0.621664990025448,0.8474828534627477,0.7182271869133605,-0.1143582004116105
2019-04-11,3836,market_1,0.12551132258698788,0.03213627555523662,0.027063742899141468,0.5083571399645331,0.8692566811078534,0.75560717765064,0.03617653273054791
2019-04-11,3836,block_2_3,-0.24231634665745946,0.3198384391541034,0.11724748570114417,0.7292100790053488,0.8230439836706026,0.6774013990563754,-0.13879502182504103
2019-04-11,3836,block_4_6,-0.3926231545628014,0.35785217263752583,0.29039087869203223,0.38427393376123137,0.4469236794426635,0.19974077524656864,0.09212122365089988
2019-04-11,3836,top_3,-0.2349465357702458,0.3206182369853749,0.12027443260900562,0.7235285085856028,0.8128738716995513,0.6607639312918188,-0.11639963862475708
2019-04-11,3836,top_6,-0.43069710148243256,0.20450993537276765,0.3013303167436495,-0.02914450910485302,0.27570521825669747,0.07601336737397335,-0.09535362825127847
2019-04-11,3836,flag_nested,-0.2480290170939122,0.2055937996312009,0.1438323764815196,0.46970502251722035,0.6081741492343568,0.3698757957969335,0.02193553717190504
2019-05-02,3850,market_1,0.21261146510972517,0.02907247871286844,0.027487428735919542,0.5758841616534232,0.8694303415113925,0.7559091187406163,0.13712866902197238
2019-05-02,3850,block_2_3,-0.1814280094947424,0.21722933408651046,0.11865849225798067,0.34977105113564216,0.6846224491938011,0.468707897940119,-0.24266633461208068
2019-05-02,3850,block_4_6,-0.40233404598058553,0.2826391079704029,0.22785047257735802,0.1781029090537374,0.4879279159089103,0.23807365112321266,-0.05354348371300861
2019-05-02,3850,top_3,-0.17379421174908466,0.21859249860344646,0.12158170408734316,0.3447334517875762,0.6623866482996801,0.4387560718456841,-0.21744459868349936
2019-05-02,3850,top_6,-0.30623147451565524,0.22250934286556226,0.24311214869739659,0.13221427708644928,0.5091905307171893,0.2592749965720532,0.01429794337780436
2019-05-02,3850,flag_nested,-0.20950799956780145,0.1581913517784295,0.12463352332131135,0.24194041115427292,0.6151819348068595,0.37844881291271115,-0.06574668355871939
2019-05-22,3864,market_1,0.1918099028990763,0.02690633927800426,0.02624524159575357,0.5986742677464373,0.8616727979589432,0.7424800107423934,0.13818065033446011
2019-05-22,3864,block_2_3,-0.409159834580931,0.16177780299876257,0.15465880011995553,0.2950440568629481,0.6104592244850829,0.37266046475892933,-0.32834948740189907
2019-05-22,3864,block_4_6,-0.6114560339456269,0.2678663383730533,0.30610901187635053,0.07671219302298952,0.32539799088465504,0.10588385247177012,-0.19902478895433973
2019-05-22,3864,top_3,-0.39599703641412914,0.16369104878387541,0.156679626660927,0.28576899836015984,0.6014746492972236,0.36177175374721804,-0.31539899115711645
2019-05-22,3864,top_6,-0.44109182011785675,0.2506221139692128,0.3023728862892806,-0.010421771236941478,0.3766390817692275,0.14185699791596695,-0.24801989987492376
2019-05-22,3864,flag_nested,-0.4004637132166234,0.14185947828419604,0.15527354862877857,0.19024472141523419,0.5153934610406451,0.265630419683455,-0.18382426777956093
2019-06-12,3878,market_1,0.2929805631155325,0.026900553941930642,0.02753451374476871,0.6589104259133449,0.8766603752542449,0.7685334135409134,0.15756749108160015
2019-06-12,3878,block_2_3,-0.2810973763152541,0.1424291643751771,0.1599867295551833,0.25929429358076245,0.5779526350596261,0.3340292483723655,-0.2646949172630459
2019-06-12,3878,block_4_6,-0.19517048335955497,0.17991004329533122,0.3014637304373782,0.012357508666971677,0.36251529098738167,0.1314173361996661,-0.28504886141974967
2019-06-12,3878,top_3,-0.2719787463221176,0.14420298269297357,0.16187856956121405,0.24893604005983294,0.5622545673235216,0.31613019847616086,-0.2508028004810644
2019-06-12,3878,top_6,0.08699174065774136,0.17194848976184746,0.2937327924269131,-0.02081723013295358,0.4279634773543,0.1831527379491843,-0.18947151529700657
2019-06-12,3878,flag_nested,-0.06733378947430974,0.11217332004594242,0.15450846395168064,0.1683342505930296,0.5323705966824223,0.28341845221199824,-0.18129603505709582
2019-07-02,3892,market_1,0.28308753460969555,0.027148479646037664,0.02815231073044358,0.6864890136054512,0.8713125630039055,0.7591855824484349,0.1749432768050194
2019-07-02,3892,block_2_3,-0.41874731285326455,0.1562169047947287,0.17407591290248775,0.14800458812128148,0.5561658665237053,0.30932047108606375,-0.39491433332245646
2019-07-02,3892,block_4_6,-0.16409156260937557,0.19159698624954136,0.3046220717898474,0.011955236104915029,0.5679376050013033,0.3225531231746166,-0.3635986807037145
2019-07-02,3892,top_3,-0.40913534660531803,0.15780507142587435,0.1758753096994873,0.13338387312618746,0.5436856713837354,0.29559410926798324,-0.3879322678316191
2019-07-02,3892,top_6,0.17537130380867344,0.1758275920942943,0.28901963065229586,0.07952656438372918,0.6371456233317917,0.4059545453308574,-0.024798343720530257
2019-07-02,3892,flag_nested,-0.11055478355301641,0.1191235094063273,0.1581939272027382,0.12884543694630413,0.6189744807041547,0.3831294077629782,-0.2555957483692173
2019-07-23,3906,market_1,0.2953523327029202,0.025975289194966153,0.03036552723862615,0.7016898605760812,0.8803685601305345,0.7750488016663103,0.2064430700190049
2019-07-23,3906,block_2_3,-0.214008669646132,0.132278045571781,0.1550963205202217,0.3917053061557349,0.6779461511056012,0.45961098379889864,-0.26992683662836536
2019-07-23,3906,block_4_6,0.18648140762100934,0.24338878751670914,0.26454403422517114,0.0840306824215568,0.6642415733427425,0.4412168677568421,-0.15146047689567316
2019-07-23,3906,top_3,-0.20700628365285964,0.1341481826590609,0.1571719620578677,0.3757980421641948,0.6634512025869023,0.4401674982140068,-0.2597310177714003
2019-07-23,3906,top_6,0.35944568917464503,0.24599268076851202,0.25868126130681696,-0.028285606801153985,0.6861087503971947,0.47074521737159913,0.1876958189543119
2019-07-23,3906,flag_nested,0.140402510737719,0.12945537371729646,0.1425099047624432,0.22950063510896612,0.6914189327395134,0.4780601405506476,-0.10289784514771953
2019-08-12,3920,market_1,0.32070226869653184,0.026801447665640618,0.030261762580989785,0.7294607368920456,0.9134733292124675,0.8344335231825091,0.20707766446021178
2019-08-12,3920,block_2_3,-0.11289078574234392,0.11978714883347166,0.17270235770988884,0.30331112413764455,0.584272077823761,0.34137386092449473,-0.2483340932537795
2019-08-12,3920,block_4_6,-0.034596897444210586,0.29749141984045013,0.26367216516615904,-0.38754701502033523,0.7976798884214418,0.6362932043920437,-0.3253588954636602
2019-08-12,3920,top_3,-0.10439066745528451,0.12246704920454089,0.17432009979491186,0.2843166593355225,0.5585781860706581,0.31200958995398653,-0.231194200222438
2019-08-12,3920,top_6,0.0733084163364407,0.3030939557531538,0.2468453909621052,-0.4848016695594572,0.8330399470387887,0.693955553362388,0.07283423212737919
2019-08-12,3920,flag_nested,0.020430246536265143,0.14501276258642093,0.14560350675224126,-0.0899143101906487,0.7643632113844258,0.5842511189179123,-0.20261810434914876
2019-08-30,3934,market_1,0.28647620846170463,0.026319209883554833,0.03290909265454025,0.6708794759366391,0.9165169783816565,0.8400033716618416,0.19594346639437074
2019-08-30,3934,block_2_3,0.08690461208134469,0.1030405557693217,0.16566900682889957,0.37757997385006004,0.6533235802149204,0.42683170046484153,-0.19797237777076337
2019-08-30,3934,block_4_6,-0.2348459296772829,0.21647923944798464,0.3207863853596934,-0.35020264282899816,0.8161699796117092,0.666133435619378,-0.5350680085547784
2019-08-30,3934,top_3,0.09300956737085565,0.10628842422040827,0.16686597854551374,0.36039814025128514,0.6364593002772698,0.40508044090943207,-0.1874468949037093
2019-08-30,3934,top_6,-0.17975495846735695,0.22568848110193623,0.3070571220052476,-0.4253016464195836,0.8709031765183148,0.7584723428696911,-0.16367463760260711
2019-08-30,3934,flag_nested,-0.06955764523825833,0.11378778024754506,0.16148820186116794,-0.06336224769702817,0.7879124313861067,0.6208059995327666,-0.3701023995245901
2019-09-20,3948,market_1,0.2572901216118469,0.027063742899141468,0.02811805462250564,0.6124944258250605,0.8554952721141718,0.731872160609701,0.14731106734135352
2019-09-20,3948,block_2_3,0.4981791206872951,0.11724748570114416,0.12419923715483956,0.554827453443947,0.7572644525507806,0.5734494510970335,0.10553364544702237
2019-09-20,3948,block_4_6,-0.4902499423951558,0.2903908786920323,0.3597358184456691,-0.29633256304723615,0.8560691434511651,0.7328543783692112,-0.48862995776952006
2019-09-20,3948,top_3,0.4859601360061513,0.12027443260900565,0.1272674696360022,0.529716199226518,0.7472344578198137,0.5583593349532707,0.09702203136921116
2019-09-20,3948,top_6,-0.4792644930021138,0.3013303167436496,0.355372252240272,-0.2963874098281795,0.8868707169935819,0.7865396686607101,-0.25422101283657667
2019-09-20,3948,flag_nested,-0.24763304953598486,0.14383237648151964,0.16503898796544522,-0.011680490935434395,0.8218274910944801,0.6754004251186478,-0.31453838729802175
2019-10-10,3962,market_1,0.10167373044609264,0.027487428735919545,0.03429666962483116,0.3610835965147697,0.6471055850202027,0.4187456381643385,-0.07828391982640084
2019-10-10,3962,block_2_3,0.4993247373594697,0.11865849225798071,0.12201450060633132,0.6016644921675861,0.7429546121035154,0.5519815556458851,0.4177447812842974
2019-10-10,3962,block_4_6,-0.10649491531081952,0.227850472577358,0.26861604313028453,0.027081554877241728,0.9015376934443872,0.8127702127010259,0.004500527940487039
2019-10-10,3962,top_3,0.4974216152947525,0.12158170408734316,0.12412579697545344,0.592899359620584,0.7412998286864865,0.5495254360106141,0.42532342736532447
2019-10-10,3962,top_6,-0.13036331542608479,0.24311214869739664,0.2609501614995678,0.03547990252993854,0.9254231216244768,0.8564079540371915,0.10464982167255098
2019-10-10,3962,flag_nested,0.07364149449597247,0.12463352332131135,0.1328953115678919,0.18369463571514114,0.8576032236842713,0.7354832892736538,0.026994040919135025
2019-10-30,3976,market_1,-0.020474082778909133,0.026245241595753567,0.050075314989691894,0.06092925863463191,0.2369155565754199,0.05612898094744079,-0.12827708595302295
2019-10-30,3976,block_2_3,0.5586149677753488,0.15465880011995556,0.12686154465425675,0.596143660485673,0.6664408519335829,0.44414340912595973,0.4011297152830799
2019-10-30,3976,block_4_6,-0.33426320530835024,0.3061090118763506,0.338074746502085,0.12079714942813999,0.8522495817923563,0.7263293496652459,-0.09085120236149914
2019-10-30,3976,top_3,0.5788996083660929,0.15667962666092697,0.12489323306210404,0.6032418851730893,0.690048697751052,0.47616720526792256,0.42856934731781554
2019-10-30,3976,top_6,-0.3987195946434719,0.30237288628928055,0.3349200520227066,0.09605096981400067,0.8678868165967852,0.7532275264225025,-0.1065764845460773
2019-10-30,3976,flag_nested,-0.11813966940180329,0.15527354862877854,0.16248759111811364,0.21709215021456857,0.7741047571655019,0.5992381750662605,-0.053470907281179425
2019-11-19,3990,market_1,-0.1207572132423624,0.027534513744768722,0.06306885198137853,-0.24076756472755148,-0.062077239674462256,0.0038535836856006256,-0.2650347762731436
2019-11-19,3990,block_2_3,0.5097987467352127,0.15998672955518334,0.16593279438105504,0.4965377849373032,0.6174151877351535,0.38120151404603486,0.36017779561203733
2019-11-19,3990,block_4_6,-0.14675758425238836,0.3014637304373781,0.3074140709835258,0.09329693359271791,0.8326303752041639,0.6932733417126271,-0.0020295778340553177
2019-11-19,3990,top_3,0.5377252636468376,0.16187856956121408,0.1618481967141602,0.5316914639179653,0.6442551818881723,0.41506473938976174,0.4222223298765154
2019-11-19,3990,top_6,-0.2702457651052061,0.2937327924269132,0.29933008804594297,0.039278911391413124,0.8581504769253273,0.7364222410471664,-0.07573609574694616
2019-11-19,3990,flag_nested,0.020485661083672137,0.1545084639516807,0.1662599669745833,0.17068688339768145,0.7280201431374765,0.5300133288139117,-0.0067525421712200506
2019-12-10,4004,market_1,-0.12236317445933176,0.028152310730443577,0.07114521208271787,-0.3457336308953761,-0.15654328849491933,0.024505801172803432,-0.32313188607014853
2019-12-10,4004,block_2_3,0.4010112796727168,0.1740759129024878,0.20680262985818734,0.35614552460322374,0.45500741812465456,0.20703175054846423,0.2559528124251007
2019-12-10,4004,block_4_6,-0.07216442309293458,0.30462207178984746,0.3593329620922264,0.3257058333075553,0.7590753227776867,0.5761953456500484,0.10285122635898163
2019-12-10,4004,top_3,0.4225267779010645,0.17587530969948736,0.20177341795951853,0.40017785769281367,0.4906475110215441,0.24073498007163618,0.3104946394642482
2019-12-10,4004,top_6,-0.21485524951843324,0.2890196306522958,0.35036245642542,0.2612707456196985,0.7802349207236742,0.6087665315166779,-0.038733199533160276
2019-12-10,4004,flag_nested,0.03602868481925808,0.15819392720273817,0.1977155880199118,0.2630006496220408,0.6261617186027526,0.3920784978435523,0.054046366941234526
2019-12-31,4018,market_1,-0.1588196825675064,0.030365527238626143,0.07884136360578536,-0.4670483481791315,-0.12274316314712982,0.015065884099363158,-0.4768375059126752
2019-12-31,4018,block_2_3,0.37105231631740904,0.15509632052022174,0.26953309803717196,0.320759032441139,0.3089883926915687,0.09547382681811878,0.19086229333932936
2019-12-31,4018,block_4_6,0.04144059056357209,0.2645440342251712,0.4612762690392863,0.47351757770159203,0.771907004871151,0.5958404241691513,0.15601463263255536
2019-12-31,4018,top_3,0.39035075851761303,0.15717196205786774,0.26474568765514894,0.37832589475593603,0.3369292833027181,0.11352134194688313,0.24942847318941347
2019-12-31,4018,top_6,-0.11391941823133224,0.25868126130681685,0.45661135074512954,0.4005526829302139,0.7842113517887839,0.6149874442743914,0.06400238666824003
2019-12-31,4018,flag_nested,0.07722779061243418,0.1425099047624432,0.2536303897356036,0.3278967829777543,0.6203413005642321,0.3848233291857225,0.03827632585676862
2020-01-22,4032,market_1,-0.23455630979006467,0.030261762580989802,0.08421396650238212,-0.609976216015663,0.09035040795186902,0.00816319621706918,-0.6443528560668802
2020-01-22,4032,block_2_3,0.359839509905125,0.17270235770988898,0.2747244275165847,0.25959464740137467,0.2968609310562902,0.08812641238760754,0.16453669551183284
2020-01-22,4032,block_4_6,0.3068054645809478,0.2636721651661589,0.3411848432714352,0.7468185798083457,0.8029399469031175,0.6447125583327813,0.3401313255956122
2020-01-22,4032,top_3,0.3820162495235989,0.17432009979491192,0.2695295155895406,0.3412526247290468,0.3112616202441322,0.09688379623700238,0.24957269306522442
2020-01-22,4032,top_6,0.10453279463056833,0.24684539096210512,0.34343157534920926,0.6670868832141086,0.8044135510457964,0.6470811611061084,0.13689329573021075
2020-01-22,4032,flag_nested,0.20876201680104564,0.14560350675224126,0.2257541138123107,0.46772544584326536,0.656714955269663,0.4312745324748357,0.07103152051907138
2020-02-11,4046,market_1,-0.3738905313542951,0.032909092654540256,0.08714025628517792,-0.6615014431483472,0.3118960169031191,0.09727912536003058,-0.6770764844762929
2020-02-11,4046,block_2_3,0.30250505841807535,0.16566900682889962,0.2813627625554444,0.22205961133610655,0.2365945207115289,0.05597696723071777,0.14580610750598763
2020-02-11,4046,block_4_6,-0.2480710124834112,0.32078638535969356,0.5100166122985172,0.4367131287562566,0.3705249189442666,0.1372887155586553,0.25139447395257947
2020-02-11,4046,top_3,0.33601756645223996,0.16686597854551383,0.27514333521948753,0.31610817066186164,0.2437915519177948,0.059434320786486805,0.24399202139359655
2020-02-11,4046,top_6,-0.3420259327845455,0.30705712200524776,0.5260846112263221,0.3498763699004153,0.3684838985499994,0.13578038349060628,0.10188986464511697
2020-02-11,4046,flag_nested,-0.11323352516559405,0.16148820186116797,0.28099029449230567,0.2281589995699392,0.3049457419340677,0.09299190552371928,0.026041475056213806
2020-03-03,4060,market_1,0.09945426985350068,0.028118054622505644,0.07488934979475075,-0.47788541180143146,0.36667321064361,0.13444924340369302,-0.4981616039995649
2020-03-03,4060,block_2_3,0.2856220176408609,0.1241992371548396,0.2940365530641482,0.20360252118871758,0.19438773043567478,0.037786589743932564,0.1446908931696965
2020-03-03,4060,block_4_6,-0.5860899054339065,0.3597358184456694,0.9436843380951777,0.374379679100358,0.2062157874990157,0.04252495101383913,0.36633097534235726
2020-03-03,4060,top_3,0.2887961805924579,0.1272674696360021,0.29044481135430605,0.25134849420208705,0.19864984964410073,0.039461762763623676,0.19414574560857967
2020-03-03,4060,top_6,-0.6168608211035677,0.35537225224027214,0.9574230000878459,0.29681197420458516,0.19643011217261105,0.038584788968144546,0.24062738733449285
2020-03-03,4060,flag_nested,-0.4379226529554523,0.16503898796544525,0.4318614103040023,0.21962171717654103,0.1675645811908505,0.028077888869665113,0.14413302113748233
2020-03-23,4074,market_1,0.5231593512662823,0.03429666962483116,0.061841742644418995,0.025936156396858916,0.38539149501671316,0.14852660443121746,-0.03394791342557152
2020-03-23,4074,block_2_3,0.3269827981807218,0.12201450060633137,0.3065343548954242,0.2650196031391119,0.17049987762461147,0.029070208270007614,0.20691705404750707
2020-03-23,4074,block_4_6,-0.03755301998789526,0.26861604313028464,0.41949887973325944,0.2672838101598058,0.26210093110101645,0.06869689808401969,0.099387369795261
2020-03-23,4074,top_3,0.31147081759245693,0.1241257969754535,0.3055264583184617,0.2742316963989228,0.181629333779527,0.032989214889194596,0.21136946052520417
2020-03-23,4074,top_6,-0.09180395472566381,0.26095016149956785,0.45218792842233935,0.22485089773003944,0.27216127034989196,0.07407175707846692,0.024807398994710746
2020-03-23,4074,flag_nested,0.09284442139672788,0.13289531156789192,0.26271440858719675,0.21488634844113927,0.24057659792148042,0.05787709946747355,0.0668657588678203
2020-04-14,4088,market_1,0.5261222748332943,0.0500753149896919,0.05520285167942647,0.31334294690886727,0.3678091182399232,0.1352835474604296,0.2551629992680269
2020-04-14,4088,block_2_3,0.3894546685682288,0.12686154465425678,0.29538678099397403,0.3578548714933283,0.18426400422611025,0.03395322325343997,0.3124569190615831
2020-04-14,4088,block_4_6,-0.3016398096972841,0.338074746502085,0.45950125231008065,-0.25438904145743996,0.1681722156075463,0.028281894102350935,-0.334484095077548
2020-04-14,4088,top_3,0.3770597479882896,0.12489323306210409,0.2949191522048218,0.35335718931632754,0.20120696400049634,0.040484242362297085,0.296997527423258
2020-04-14,4088,top_6,-0.2861429934312852,0.3349200520227064,0.4925148766478707,-0.2254827937634846,0.24311296363583854,0.0591039130878005,-0.31256831913706046
2020-04-14,4088,flag_nested,-0.04075921348931743,0.16248759111811364,0.2691993206390429,-0.05464793529748814,0.2318707486882933,0.05376404409726965,-0.1400454685093422
2020-05-04,4102,market_1,0.49384912416307447,0.06306885198137852,0.0481800520649268,0.4204670534319051,0.4426252453153436,0.195917107790468,0.385178971397492
2020-05-04,4102,block_2_3,0.46088145835785077,0.16593279438105507,0.26565356384757743,0.3695275500590064,0.1483405971675136,0.02200493276801463,0.34241190709005526
2020-05-04,4102,block_4_6,-0.1874698446447073,0.30741407098352597,0.40794100459392874,-0.06831927910894343,0.10819824347895929,0.011706859891931987,-0.17583302921726618
2020-05-04,4102,top_3,0.4568026990640055,0.1618481967141602,0.26512709489619884,0.36520741262468254,0.1720629582650957,0.029605661606936007,0.3276874367998842
2020-05-04,4102,top_6,-0.16288656502567458,0.29933008804594313,0.43816111516437783,-0.014851799689663828,0.20256212703506896,0.041031415308971364,-0.17164140542599687
2020-05-04,4102,flag_nested,0.11197659333744016,0.1662599669745833,0.24031154093529006,0.12519440769939252,0.2050536200649196,0.042046987101728384,0.021821051782932532
2020-05-22,4116,market_1,0.54840972228884,0.07114521208271787,0.043718258430055223,0.4950740853729244,0.5057407233623599,0.2557736792670827,0.49839075296617014
2020-05-22,4116,block_2_3,0.5064585180508296,0.20680262985818731,0.2364258565351316,0.48974009167325055,0.20940865580026707,0.043851985124074844,0.46111446475580947
2020-05-22,4116,block_4_6,-0.379770934391296,0.3593329620922265,0.443756266420843,-0.32170109716198086,-0.15279969328884355,0.023347746269164915,-0.2899867676314483
2020-05-22,4116,top_3,0.5026998456111945,0.2017734179595186,0.2362704442375398,0.4809722222838883,0.23178636007350245,0.05372491671612345,0.44796450166151724
2020-05-22,4116,top_6,-0.34277870531309396,0.35036245642542,0.47052536358709135,-0.2353814959901512,-0.01089398883589924,0.00011867899275685989,-0.28133409071437965
2020-05-22,4116,flag_nested,0.005827006230889108,0.1977155880199118,0.23962097854045664,0.027832890290476975,0.10643306582845273,0.011327997501643816,-0.02284498627159904
2020-06-12,4130,market_1,0.6687778789890743,0.07884136360578536,0.039821334874119284,0.5751819674487808,0.497993264174769,0.24799729116344127,0.6572879766750386
2020-06-12,4130,block_2_3,0.4759131114114092,0.2695330980371721,0.19286310054551006,0.4363739839391265,0.31730883172427254,0.10068489469022268,0.4220494776378968
2020-06-12,4130,block_4_6,-0.444686270828095,0.46127626903928637,0.4071055167285553,-0.5269244517451229,0.3608389489455819,0.13020474707615226,-0.5517624824438426
2020-06-12,4130,top_3,0.4614557766811467,0.264745687655149,0.19258381179943485,0.4252578088593248,0.34187271953396337,0.11687695636154805,0.40687012534140937
2020-06-12,4130,top_6,-0.36493109603163965,0.45661135074512965,0.4308745597585885,-0.41878614832878674,0.429226294009549,0.18423521146917177,-0.4676303840186078
2020-06-12,4130,flag_nested,-0.0376643436031775,0.2536303897356036,0.21187432109959992,-0.1568123999137812,0.400490694241092,0.16039279617371216,-0.19196958596995428
2020-07-02,4144,market_1,0.6540340995776937,0.08421396650238215,0.03944152727916122,0.46093712028789624,0.5030529278486102,0.2530622482170589,0.6474909403864223
2020-07-02,4144,block_2_3,0.5086011569734996,0.2747244275165847,0.19918276054920567,0.5204686560224859,0.3460894707918871,0.11977792179300839,0.45761512249532404
2020-07-02,4144,block_4_6,0.428300232049174,0.3411848432714351,0.44864366118120685,-0.39792752775587487,0.359607612677111,0.12931763509533112,-0.36700626964329836
2020-07-02,4144,top_3,0.4956346244694626,0.2695295155895407,0.1988734708947112,0.5180515883276109,0.3705752222397963,0.13732599533807432,0.44384867213398044
2020-07-02,4144,top_6,0.4879024802959337,0.34343157534920943,0.46706150672763175,-0.30318971172989456,0.42282899721923395,0.17878436088942307,-0.2716229222345004
2020-07-02,4144,flag_nested,0.47170778211914544,0.2257541138123108,0.2260462970141226,-0.0413402102269647,0.40399388224896127,0.1632110568945877,-0.053415906311166814
2020-07-23,4158,market_1,0.7375967248321492,0.08714025628517795,0.03934188227763478,0.43617564235455675,0.4425518532106468,0.19585214278017793,0.706594699493639
2020-07-23,4158,block_2_3,0.6253650083285103,0.28136276255544435,0.18392499137117035,0.5883900434397948,0.3809816980142536,0.14514705422182383,0.5494290028998599
2020-07-23,4158,block_4_6,0.6843916901170186,0.5100166122985175,0.37585856294918285,0.0560653313953553,0.36045473472246164,0.12992761578384038,0.1665014878006381
2020-07-23,4158,top_3,0.6085024911483758,0.27514333521948764,0.1829903446960481,0.5903382715953605,0.40734732503587134,0.16593184321387955,0.5341479396257306
2020-07-23,4158,top_6,0.6777748872157572,0.5260846112263222,0.3864285957688197,0.15688305301543576,0.4068151174863858,0.1654985398154618,0.2695671023432125
2020-07-23,4158,flag_nested,0.6553404719418555,0.2809902944923058,0.19390061644164625,0.3231759783413831,0.40450816914323323,0.16362685890361062,0.3862338763849541
2020-08-12,4172,market_1,0.752067857238501,0.07488934979475076,0.03953533695250266,0.49941996719983023,0.5123438787852244,0.2624962501286886,0.7403841863660954
2020-08-12,4172,block_2_3,0.6072284050216857,0.29403655306414817,0.1701871524830637,0.5132805620359014,0.49293396870390704,0.2429838975021844,0.47574213337660604
2020-08-12,4172,block_4_6,0.6701047891796301,0.9436843380951778,0.40748638728484327,0.18263019965768557,0.2846539823606705,0.08102788967378893,0.2232237829289544
2020-08-12,4172,top_3,0.5885716939474402,0.290444811354306,0.16926859636216415,0.5106783071948546,0.5147770502017042,0.2649954114143679,0.4541691273421341
2020-08-12,4172,top_6,0.6595919942076756,0.9574230000878454,0.40976094639833915,0.2605145216520497,0.3366851363304635,0.11335688102586283,0.2897918617815758
2020-08-12,4172,flag_nested,0.6440842989357818,0.43186141030400227,0.19773130161483646,0.3568032909498488,0.39440572117801653,0.15555587289795125,0.3694890967989852
2020-09-01,4186,market_1,0.7144295521203963,0.06184174264441899,0.03594280314196865,0.5424209143258174,0.5602706371988423,0.31390318690719676,0.7022216211348559
2020-09-01,4186,block_2_3,0.6305630184622334,0.3065343548954243,0.13720401059663515,0.5130885664055714,0.6168805096251603,0.38054156315539733,0.48902435980603914
2020-09-01,4186,block_4_6,0.6360041356526425,0.4194988797332595,0.29062193528763114,0.25527668534517606,0.46928303170567265,0.22022656384686745,0.41953870568352053
2020-09-01,4186,top_3,0.6140652409007044,0.30552645831846176,0.13705076787646933,0.5034025772083791,0.6357756263686758,0.40421064708448196,0.4667800462638454
2020-09-01,4186,top_6,0.5797164358501438,0.45218792842233924,0.2968853990715489,0.3304539146474199,0.4921671027398383,0.2422284570193266,0.4553188184340557
2020-09-01,4186,flag_nested,0.5903253671483585,0.26271440858719675,0.14914091586993963,0.4089166338928486,0.5282870628653044,0.27908722079085013,0.48549256737662666
2020-09-22,4200,market_1,0.6953309088093339,0.05520285167942647,0.032433430809956566,0.5777316035969018,0.6746460927160326,0.4551473504170097,0.6173235301802501
2020-09-22,4200,block_2_3,0.5887702770781519,0.295386780993974,0.13334168097153473,0.4913988652978046,0.5909446717095803,0.3492156050219437,0.4438465067883375
2020-09-22,4200,block_4_6,0.5317631662362201,0.45950125231008065,0.2807536230010796,0.4240980486997401,0.3536111054436997,0.1250408138931154,0.46871736811137216
2020-09-22,4200,top_3,0.5752935395801225,0.29491915220482173,0.1336593708028926,0.4815057119743363,0.60558858038077,0.36673752868759635,0.43165489129697804
2020-09-22,4200,top_6,0.4870987209477028,0.4925148766478709,0.2846682818204835,0.472837705107239,0.3975425262047526,0.1580400601412565,0.49328418039833805
2020-09-22,4200,flag_nested,0.523560778490051,0.269199320639043,0.14322316507587146,0.48111549843834356,0.48328228521623506,0.23356176720382626,0.48446867221333695
2020-10-12,4214,market_1,0.6943140506108829,0.048180052064926794,0.03444914661085602,0.5847485284601859,0.6243907980390028,0.38986386867578304,0.612412093064643
2020-10-12,4214,block_2_3,0.570662854628292,0.2656535638475775,0.1254990667566686,0.5062947456278863,0.6442579726241799,0.4150683352898188,0.43402529486513
2020-10-12,4214,block_4_6,0.3952878755930937,0.4079410045939287,0.3070468794086554,0.5180279748787927,0.3146259625246322,0.09898949629455123,0.5270435460077646
2020-10-12,4214,top_3,0.5542065245162321,0.26512709489619884,0.12569917840187808,0.49406921473727405,0.6553064726094805,0.4294265730438799,0.4193926597282302
2020-10-12,4214,top_6,0.3996026532284231,0.43816111516437767,0.32016451222649195,0.5471527635457155,0.32676734944938746,0.10677690066617807,0.542084321369391
2020-10-12,4214,flag_nested,0.4516548842983742,0.24031154093529,0.1534200899514898,0.5279646438591625,0.43274371155535685,0.1872671198907061,0.5107587869929269
2020-10-30,4228,market_1,0.6025199600927107,0.043718258430055244,0.03132317969105905,0.5069415718350928,0.6447743995496934,0.4157340263146677,0.5075646481398487
2020-10-30,4228,block_2_3,0.5008973726129158,0.23642585653513157,0.11846282707332588,0.48136003800242316,0.6730603724997282,0.4530102650294727,0.3533256816474297
2020-10-30,4228,block_4_6,0.12908334089335563,0.4437562664208432,0.39243835377956576,0.3106937349302392,0.16469185289481647,0.02712340640992783,0.2798800090374522
2020-10-30,4228,top_3,0.48508380275340096,0.23627044423753987,0.11880609623188232,0.46842556848089095,0.6846253884155723,0.46871192246317284,0.33527935119647034
2020-10-30,4228,top_6,0.16072972905928506,0.4705253635870913,0.4042024215642423,0.35713278519474523,0.1839910635241783,0.03385271145675828,0.3226201729976119
2020-10-30,4228,flag_nested,0.24057450549888532,0.23962097854045666,0.18142777448058417,0.3954060404823521,0.32578016909518664,0.10613271857568818,0.3298260746037751
2020-11-19,4242,market_1,0.4173737491150146,0.039821334874119284,0.028458120733389134,0.45323637541752354,0.6532757761121513,0.42676923965493363,0.3747033386488471
2020-11-19,4242,block_2_3,0.433700998537075,0.1928631005455101,0.10617624733404338,0.5010330079244211,0.6683442206155411,0.4466839972301948,0.34216093149092575
2020-11-19,4242,block_4_6,-0.08438786558782556,0.4071055167285553,0.4224090454251446,-0.10960831339715368,0.08580524795668132,0.007362540576907439,-0.11292871668672039
2020-11-19,4242,top_3,0.4252544230612075,0.19258381179943485,0.10730367322570529,0.4901516882800214,0.6805269388198574,0.4631169144595255,0.3279524391433785
2020-11-19,4242,top_6,-0.045650847731281315,0.43087455975858874,0.43064461772732693,-0.04229228582620132,0.10744883121013256,0.011545251328423434,-0.05010616908157483
2020-11-19,4242,flag_nested,0.04982176372465394,0.2118743210996,0.18856569640624382,0.10440598113160351,0.24339103922359967,0.05923919797434374,0.07160572177897204
2020-12-10,4256,market_1,0.4484017833656845,0.03944152727916121,0.02571830447679641,0.3990248666416759,0.6854691925066175,0.46986801387567434,0.3712566401853242
2020-12-10,4256,block_2_3,0.2698172167314198,0.19918276054920583,0.10309707783200428,0.342048447631646,0.6132864427754746,0.37612026089219575,0.1587989828439701
2020-12-10,4256,block_4_6,-0.08235558811958309,0.44864366118120685,0.45825336180791426,-0.16912143942658342,0.10749997598621729,0.011556244837037433,-0.18600944906539746
2020-12-10,4256,top_3,0.26012872522588915,0.1988734708947113,0.1049316145549291,0.33524849732937007,0.6240194362984981,0.3894002568782956,0.14742679361656075
2020-12-10,4256,top_6,-0.05287491395881677,0.4670615067276317,0.4631829494064654,-0.12068926664525234,0.11852573756228704,0.014048350464684112,-0.1420052194993074
2020-12-10,4256,flag_nested,0.007906978038028235,0.22604629701412263,0.20022001198600167,-0.013367755323295401,0.22743899434304546,0.05172849614777575,-0.0621085074733696
2020-12-31,4270,market_1,0.1956288113645329,0.039341882277634785,0.02792253887950959,0.37015233899509836,0.6181669424366707,0.3821303687215022,0.3283550579499587
2020-12-31,4270,block_2_3,0.017293287675859432,0.1839249913711703,0.10626296037180076,0.19182100909178879,0.5488236551431658,0.30120740444470473,-0.022783707325461096
2020-12-31,4270,block_4_6,0.10933269983020899,0.3758585629491829,0.4771932266910517,-0.16248232385648165,0.4912507982396495,0.2413273467710927,-0.43163321089297546
2020-12-31,4270,top_3,0.016767754330609244,0.18299034469604816,0.10800212392725743,0.18908256672777563,0.5671064401100611,0.3216097144143063,-0.03239053975918048
2020-12-31,4270,top_6,0.14095510290626045,0.3864285957688195,0.4813677543584722,-0.12119398935882197,0.4925027883079516,0.2425589964911069,-0.3766151089717716
2020-12-31,4270,flag_nested,0.11638750550193094,0.19390061644164622,0.20805521764929857,-0.047724470298020176,0.4984930484055756,0.24849531930868363,-0.281378409252934
2021-01-22,4284,market_1,0.3896534778066996,0.03953533695250266,0.027185523180764552,0.4699679977095364,0.6040215144322499,0.3648419898970289,0.4483854327238603
2021-01-22,4284,block_2_3,0.02483848720184005,0.1701871524830637,0.11273242192023966,0.23425788599371816,0.484997423099652,0.23522250041330273,0.028000767439234846
2021-01-22,4284,block_4_6,-0.01981082517923998,0.4074863872848431,0.31288224877967635,-0.013588597620594634,0.6917699800916719,0.4785457053560317,-0.3136389113489491
2021-01-22,4284,top_3,0.014353881404772575,0.16926859636216407,0.11428692345059768,0.22709164262181478,0.49954062654739756,0.24954083757136636,0.01615819915037532
2021-01-22,4284,top_6,0.027770087886108807,0.40976094639833927,0.31873605865343996,0.016775695965958334,0.6985205811220477,0.4879310022510832,-0.27361684937251857
2021-01-22,4284,flag_nested,0.03802503761718787,0.1977313016148365,0.14840821678353144,0.07609475822156465,0.6605029565500397,0.43626415561134335,-0.1868371687580451
2021-02-11,4298,market_1,0.3949803948987736,0.03594280314196865,0.030163788214550992,0.44209564315425687,0.5794168467787925,0.33572388233107875,0.40512947386085374
2021-02-11,4298,block_2_3,0.01737035363890397,0.13720401059663517,0.11131753331323185,0.3337130507390252,0.521321489154525,0.2717760950542917,0.11309252766338432
2021-02-11,4298,block_4_6,0.1582510286096684,0.29062193528763114,0.3017454160888835,-0.06169890582429173,0.8726204766212475,0.7614664962186933,-0.3405565635647008
2021-02-11,4298,top_3,0.0038599394570028147,0.1370507678764694,0.1122914599501855,0.3181550525483295,0.5335528230303034,0.28467861496360625,0.09577703102628314
2021-02-11,4298,top_6,0.20676964930608197,0.2968853990715492,0.30667299542378906,-0.04268837605149855,0.8721551191050677,0.7606545517811742,-0.30022420478413797
2021-02-11,4298,flag_nested,0.1667505138573552,0.14914091586993974,0.1441793991262282,0.04358997546789851,0.8261909077830107,0.6825914161033153,-0.20163433682333065
2021-03-04,4312,market_1,0.4948900331722478,0.03243343080995657,0.0341191540252828,0.44523616492390977,0.48919454633900555,0.23931130416782564,0.4219323494416933
2021-03-04,4312,block_2_3,-0.014568896339210623,0.13334168097153473,0.10558194079696587,0.3370274860793189,0.5348858277255052,0.28610284870159897,0.13129612065438476
2021-03-04,4312,block_4_6,0.21027914431267777,0.2807536230010796,0.2566195899300662,0.4118877347678648,0.8474048380808079,0.7180949596027602,-0.06853949189043475
2021-03-04,4312,top_3,-0.04349692924567967,0.13365937080289267,0.10605028571196565,0.3146551194627602,0.5489874740078501,0.3013872466175197,0.10001473649970771
2021-03-04,4312,top_6,0.2669593598079948,0.2846682818204834,0.25917874038580746,0.40730488586145075,0.853951831799136,0.7292337310330996,-0.042105785485708355
2021-03-04,4312,flag_nested,0.19940968576223986,0.14322316507587146,0.12691968963059455,0.37144209148130486,0.8004525645598154,0.6407243081103853,0.017717670658030905
2021-03-24,4326,market_1,0.49210456193202784,0.034449146610856025,0.03137076662568407,0.4533381889630294,0.571714849214692,0.32685786881257795,0.39265678794888526
2021-03-24,4326,block_2_3,0.1915341016035198,0.12549906675666858,0.09050993004112515,0.45586261850053755,0.6381709321294698,0.4072621386149966,0.28566158932434305
2021-03-24,4326,block_4_6,0.45593034376017083,0.3070468794086553,0.2359462663425312,0.44173611600853907,0.890699394976436,0.7933454122113889,-0.012458604909018836
2021-03-24,4326,top_3,0.1581675609612655,0.1256991784018781,0.09136714062110336,0.4300183838201537,0.6474710245532975,0.4192187276360966,0.2516601698943402
2021-03-24,4326,top_6,0.4187133758905746,0.320164512226492,0.2447804577964639,0.4201942761960384,0.8850844903893338,0.7833745551277465,-0.041414119535371906
2021-03-24,4326,flag_nested,0.36718481284666576,0.15342008995148987,0.11727327862852234,0.40380372379975127,0.8507321320580186,0.723745160515982,0.058414238071412536
2021-04-14,4340,market_1,0.5963695613759523,0.03132317969105904,0.031953234729834364,0.4907310006807418,0.6099868268664873,0.372083928950646,0.3937733045217404
2021-04-14,4340,block_2_3,0.2347756194820909,0.11846282707332588,0.09495141890854737,0.4603641715854905,0.637268596810014,0.4061112644802042,0.32601539062130824
2021-04-14,4340,block_4_6,0.6124477191157504,0.3924383537795657,0.24468241708090618,0.6783260196584113,0.8559838498996144,0.7327083512889656,0.3426466242790236
2021-04-14,4340,top_3,0.20583470594233239,0.1188060962318823,0.09555320012784921,0.43652254861286666,0.6455600256159008,0.4167477466732026,0.2962751164158304
2021-04-14,4340,top_6,0.5623886691817344,0.4042024215642423,0.2540534467799506,0.6354261500132808,0.8491831238667052,0.7211119778600166,0.27740145763030155
2021-04-14,4340,flag_nested,0.49805701866588664,0.18142777448058417,0.12174429294517132,0.5847412009856244,0.8146663400693158,0.6636812456419341,0.29087239605024395
2021-05-04,4354,market_1,0.4879633491934494,0.02845812073338913,0.029776339977995274,0.3390825450612548,0.6567970984835325,0.43138242857638687,0.2230633757559448
2021-05-04,4354,block_2_3,0.26422487272436257,0.10617624733404335,0.09430374087775985,0.4609255246247334,0.6585551721355108,0.4336949147464322,0.331192790166793
2021-05-04,4354,block_4_6,0.644411956232284,0.42240904542514485,0.2394119557434734,0.5253734296682264,0.8690997142689877,0.7553343133424364,0.37029260909962924
2021-05-04,4354,top_3,0.2437225650734086,0.10730367322570528,0.09552168681608478,0.43427358116162923,0.6648377515185144,0.44200923584419405,0.299687146474449
2021-05-04,4354,top_6,0.5918998096540109,0.4306446177273271,0.25026401472061355,0.49911047574398804,0.8591433776947259,0.7381273434367032,0.3200517056660428
2021-05-04,4354,flag_nested,0.5255421892169824,0.18856569640624393,0.11986147901040518,0.4780320369326744,0.8270704608804134,0.6840455472609395,0.30478801523793264
2021-05-24,4368,market_1,0.4842695370781609,0.02571830447679642,0.02850228693863966,0.3184011374988379,0.6929807703974256,0.4802223481406095,0.166328839821822
2021-05-24,4368,block_2_3,0.18274986049644393,0.10309707783200431,0.09458591908797052,0.30327093518159776,0.6982006433640304,0.487484138393946,0.17250706128151516
2021-05-24,4368,block_4_6,0.34702547333901834,0.4582533618079144,0.18347360777583993,0.3973527296588926,0.8573596267182407,0.7350655295264412,0.24365379734541265
2021-05-24,4368,top_3,0.17233962099606026,0.10493161455492912,0.0957564718198994,0.2910965217577952,0.7035111749396488,0.49492797326496507,0.15793137929545004
2021-05-24,4368,top_6,0.3123757681199132,0.4631829494064654,0.19761964771031665,0.3902162318679474,0.8428511654548341,0.7103980871085722,0.21906257125536216
2021-05-24,4368,flag_nested,0.27934511355401825,0.20022001198600167,0.10187116955280276,0.36810900156861726,0.8083859772987357,0.6534878882932323,0.19957418029402832
2021-06-14,4382,market_1,0.4706855387003875,0.027922538879509594,0.02599689727689573,0.32896298182813755,0.744294999427563,0.5539750461728761,0.1690931828622312
2021-06-14,4382,block_2_3,0.10833165815989904,0.10626296037180075,0.10075641881212692,0.30410548114414304,0.6720426179244743,0.45164128030678075,0.11536631499119897
2021-06-14,4382,block_4_6,0.14123771005042252,0.4771932266910517,0.1741313049384454,0.26989844688788045,0.8478998840559913,0.7189342133821632,0.12261674811697881
2021-06-14,4382,top_3,0.10410057597823226,0.10800212392725746,0.10172630970977183,0.2956378721713961,0.6779396874644366,0.45960221983937766,0.10478126643536574
2021-06-14,4382,top_6,0.14305185981254617,0.4813677543584722,0.18447851122206468,0.2733058644367451,0.8378088713744016,0.7019237049536491,0.12467946450212286
2021-06-14,4382,flag_nested,0.13791308592637883,0.20805521764929863,0.09898134275811706,0.27192800963789643,0.7965258490327215,0.6344534281772978,0.11480519885945693
2021-07-02,4396,market_1,0.49390597968204636,0.027185523180764563,0.025804841042306903,0.386660539018485,0.720724304260752,0.519443522752145,0.2528855913609258
2021-07-02,4396,block_2_3,0.17176787283674522,0.11273242192023966,0.0945536537531773,0.34098945225037625,0.676891373996426,0.45818193219076964,0.18533514250270292
2021-07-02,4396,block_4_6,0.3000898517922825,0.31288224877967646,0.18362311002064893,0.286632151116597,0.8566946172963822,0.7339256673045946,0.31113563290531193
2021-07-02,4396,top_3,0.1616646102625933,0.1142869234505976,0.09578291901465762,0.3287879367975823,0.6883008724811965,0.4737580910583762,0.16427157570183942
2021-07-02,4396,top_6,0.2912635493730396,0.31873605865343985,0.19431886166641835,0.2924785228066812,0.8416087413052353,0.7083052734413824,0.2872781301704808
2021-07-02,4396,flag_nested,0.2654577959088267,0.14840821678353136,0.10008654095047104,0.3010589637843383,0.8048236280793335,0.647741072314781,0.24731886125541205
2021-07-23,4410,market_1,0.4076847849414626,0.03016378821455099,0.024363575114645326,0.33340133717746595,0.7538725596653035,0.5683238362163164,0.24676718132126227
2021-07-23,4410,block_2_3,0.30646940880121637,0.11131753331323188,0.09570669051589326,0.506203124581018,0.613781088350887,0.3767272244171994,0.33471503831079336
2021-07-23,4410,block_4_6,0.1893659341638567,0.3017454160888836,0.18853989459724366,0.27376422957841956,0.8766708667127977,0.7685518085429679,0.12348185394240115
2021-07-23,4410,top_3,0.2935751137996396,0.11229145995018548,0.09791525911457541,0.4877362114411769,0.6257997111474543,0.3916252784722374,0.30747424175174715
2021-07-23,4410,top_6,0.16893704040584046,0.30667299542378906,0.19968990574411316,0.2707770480461404,0.8628842931583933,0.7445693033794603,0.11204238826600225
2021-07-23,4410,flag_nested,0.21046546093287877,0.1441793991262282,0.10215377064768869,0.2989331799324258,0.8185210183626042,0.6699766575013546,0.14010347156571668
2021-08-12,4424,market_1,0.30106157003418826,0.03411915402528281,0.02324916409139853,0.3003019159712491,0.7852857290867904,0.6166736763073718,0.16265604521658797
2021-08-12,4424,block_2_3,0.24315928756729693,0.1055819407969659,0.10931204743443101,0.44305987737471303,0.6003039299957037,0.36036480836828644,0.24253246864214947
2021-08-12,4424,block_4_6,0.18409773879287902,0.2566195899300663,0.2290171081343164,0.3630005435259292,0.8086730179703907,0.6539520499933398,0.14126149472466656
2021-08-12,4424,top_3,0.24308599079038481,0.10605028571196566,0.11164384497067288,0.4347178616931286,0.6064307159369825,0.3677582132318412,0.23233950462432945
2021-08-12,4424,top_6,0.1731716920381462,0.2591787403858074,0.2384716111108875,0.3559198396525728,0.7938945835016108,0.6302686097131964,0.14222640580156296
2021-08-12,4424,flag_nested,0.19735495559649519,0.12691968963059452,0.11905219256778816,0.3630550590663315,0.7549368066213967,0.5699295819917123,0.15724321180257134
2021-09-01,4438,market_1,0.16011476294578394,0.031370766625684054,0.02469758536310845,0.19570093444947034,0.7802311952988668,0.6087607181174981,0.03518546854896529
2021-09-01,4438,block_2_3,0.3203864087779331,0.09050993004112515,0.11466397634475547,0.4185684642904224,0.5803044399697722,0.33675324304863086,0.23145535193723346
2021-09-01,4438,block_4_6,0.2815005598946391,0.23594626634253124,0.20988928747984711,0.2389066420667764,0.7428617588126095,0.5518435927061636,0.2641057345385301
2021-09-01,4438,top_3,0.33560039542680514,0.09136714062110342,0.11703178555675639,0.4256455613802932,0.5846218588605401,0.34178271785755354,0.24087304918865096
2021-09-01,4438,top_6,0.25785362585870547,0.24478045779646385,0.21603088944125354,0.23910820221990087,0.7365812970470244,0.5425520071594768,0.2556525502501578
2021-09-01,4438,flag_nested,0.2691756643043074,0.11727327862852231,0.11381421058798158,0.26105761256462134,0.7010765783334331,0.4915083686877144,0.2272653963388837
2021-09-22,4452,market_1,-0.009588646891732798,0.031953234729834364,0.026547825213064084,0.22502762614652447,0.7081409636267699,0.5014636243662501,-0.05495281484762048
2021-09-22,4452,block_2_3,0.3355069971178982,0.09495141890854734,0.1184250474475208,0.39095732998252236,0.5694562250269575,0.32428039222195293,0.16453582707285105
2021-09-22,4452,block_4_6,0.30689274587577625,0.2446824170809062,0.22214371084647788,0.3462515238419109,0.6624801038842499,0.4388798880424868,0.2589317990088773
2021-09-22,4452,top_3,0.34906736213723566,0.09555320012784917,0.12099346347971797,0.39275187450047183,0.5829793032495819,0.3398648680173679,0.17486056401798475
2021-09-22,4452,top_6,0.26965368286730745,0.25405344677995045,0.22441233256337284,0.3400281600807262,0.6632743161149403,0.43993281841774157,0.252897827396111
2021-09-22,4452,flag_nested,0.2709084474654173,0.12174429294517128,0.11822891183168772,0.33474145669541594,0.6412143326113062,0.4111558203461628,0.21471778359683766
2021-10-12,4466,market_1,-0.08493617652422862,0.029776339977995277,0.0300140470915609,0.21019633665374463,0.6402907939155231,0.409972300772971,-0.0490019821671257
2021-10-12,4466,block_2_3,0.38105588548586694,0.09430374087775982,0.1241091230687564,0.38519245641323,0.5557171167434615,0.3088215138416658,0.18619901634462863
2021-10-12,4466,block_4_6,-0.028140036847911026,0.23941195574347338,0.2931499696884401,0.2970172886409911,0.5011661245561818,0.25116748440266223,0.08281093563955248
2021-10-12,4466,top_3,0.39402356919038517,0.09552168681608475,0.1267603329473311,0.38761034189609944,0.5720183684672302,0.327205013863912,0.1994356075791298
2021-10-12,4466,top_6,-0.04617756081600365,0.2502640147206135,0.2888913383530634,0.3006717215595229,0.5124624925413119,0.2626178062616542,0.0899169236519706
2021-10-12,4466,flag_nested,0.05628114970169676,0.11986147901040517,0.1420091707896285,0.306411843978216,0.5270325285610596,0.27776328616146406,0.09606144895069835
2021-11-01,4480,market_1,-0.19395029420883678,0.028502286938639664,0.03329275796631191,0.17672429370201787,0.6454450369463015,0.41659929571861265,-0.12271942217974176
2021-11-01,4480,block_2_3,0.37046101875316095,0.09458591908797055,0.1372539312228284,0.3187403564441689,0.6187506038979806,0.38285230982411556,0.1038291893912941
2021-11-01,4480,block_4_6,0.008813334379749464,0.18347360777583988,0.3149782984402719,0.3668702791478064,0.5123857333563986,0.26253913974717447,0.15710821815409418
2021-11-01,4480,top_3,0.38246035381928273,0.09575647181989945,0.13985107663649304,0.3130971259694828,0.636466978529589,0.4050902147585842,0.12009769614992971
2021-11-01,4480,top_6,-0.003938490677122816,0.1976196477103166,0.3063042324844587,0.3872119791839664,0.5160273511367789,0.26628422712124045,0.18680886519992768
2021-11-01,4480,flag_nested,0.09547288191839258,0.10187116955280276,0.15252834518469366,0.35360362090625574,0.5355354224618744,0.2867981887114185,0.14861434486800776
2021-11-19,4494,market_1,-0.2925884585118745,0.025996897276895737,0.03866052590962689,0.14632343565048184,0.5420373172603596,0.2938044533028077,-0.1139542928806769
2021-11-19,4494,block_2_3,0.33623711260241906,0.10075641881212691,0.14098025892936383,0.3533169483864687,0.6140800357266143,0.3770942902779999,0.10081084944326327
2021-11-19,4494,block_4_6,0.0785488262886912,0.17413130493844542,0.3505109879495154,0.26376191576840446,0.45330566452502513,0.20548602549047468,0.18689684770997597
2021-11-19,4494,top_3,0.35305547190281195,0.10172630970977184,0.14305730485704737,0.34644925024021506,0.6381142104829202,0.40718974562024046,0.11259141438255788
2021-11-19,4494,top_6,0.06408369232795308,0.18447851122206474,0.3407089782750141,0.28188281746171684,0.4606557519161154,0.21220372177340163,0.20526189652455368
2021-11-19,4494,flag_nested,0.1269447396152528,0.09898134275811707,0.166323585421502,0.29076530526516287,0.479381630779673,0.2298067479289786,0.19379975895443277
2021-12-10,4508,market_1,-0.2491527314330657,0.025804841042306913,0.0408304147813009,0.23246588729873593,0.4582204746917729,0.20996600342675376,0.03946211136405212
2021-12-10,4508,block_2_3,0.3057220847715875,0.0945536537531773,0.14518594679098842,0.314506018956477,0.6141200932269758,0.3771434889051096,0.12754050324595861
2021-12-10,4508,block_4_6,-0.004045413489302978,0.18362311002064888,0.3414574818280514,0.1134753643341672,0.5492342856930267,0.3016583005807292,0.004809221310016698
2021-12-10,4508,top_3,0.3347800769746115,0.0957829190146576,0.146384019926763,0.31742730970993827,0.6456454618052723,0.41685806234974354,0.13909755842133326
2021-12-10,4508,top_6,-0.014973439457441815,0.19431886166641832,0.3298605522020569,0.12534333723628888,0.5522155699899578,0.304942035739334,0.017497570474306934
2021-12-10,4508,flag_nested,0.0695225479323319,0.10008654095047104,0.16414794297937568,0.17786584184536955,0.5476600834601453,0.299931567015573,0.061773458904667254
2021-12-31,4522,market_1,-0.22274966518603656,0.024363575114645323,0.044727085757971595,0.21777976418484926,0.4417471412958713,0.19514053684307442,0.0626344398550495
2021-12-31,4522,block_2_3,0.3975903491572937,0.09570669051589326,0.14342709041080945,0.4430171620203633,0.5651872983991969,0.319436682271783,0.29814849609059074
2021-12-31,4522,block_4_6,0.08596362911886499,0.18853989459724352,0.3661424880574427,0.01222967148375098,0.4928425452131278,0.24289377437215398,-0.02262682560480811
2021-12-31,4522,top_3,0.40689173348298646,0.09791525911457546,0.14424546907360553,0.42755588672684514,0.6035597365968536,0.36428435564086337,0.2810746506821689
2021-12-31,4522,top_6,0.04592003089041512,0.19968990574411322,0.3560330868579718,0.0033397397442029727,0.5019125257357367,0.2519161834904263,-0.03443766731807995
2021-12-31,4522,flag_nested,0.12516996095013258,0.1021537706476887,0.17338595811875443,0.10735966998292984,0.5006576232774843,0.2506580557458592,0.05483886264993878
2022-01-21,4536,market_1,-0.03440175409056813,0.02324916409139853,0.046039927785652836,0.33273077072594154,0.38448940349776906,0.14783210140207015,0.20839004724464202
2022-01-21,4536,block_2_3,0.3443841938569109,0.10931204743443103,0.14622839147045305,0.4559640529648187,0.4880036654185555,0.23814757746194526,0.3497218197794571
2022-01-21,4536,block_4_6,-0.028085261248393598,0.22901710813431644,0.45842112582264744,-0.0029478873130924033,0.1884303531721858,0.035505997996594596,-0.03236212859773402
2022-01-21,4536,top_3,0.3498386505018615,0.11164384497067287,0.14604750927971258,0.4474937181233308,0.5324852494770629,0.28354054091064973,0.3345234309282912
2022-01-21,4536,top_6,-0.07416150303533924,0.23847161111088747,0.44951622985027584,-0.03016836608828855,0.207968255451198,0.043250795275414755,-0.06315876824337638
2022-01-21,4536,flag_nested,0.021881356613483626,0.11905219256778815,0.2071403069320689,0.1014743675796358,0.2601447257103798,0.0676752783149287,0.056270086531167086
2022-02-10,4550,market_1,0.20488374591452224,0.024697585363108458,0.04045123286944505,0.43615479133756896,0.48431692687700234,0.2345628856595836,0.3286105968602396
2022-02-10,4550,block_2_3,0.4014885519268575,0.1146639763447555,0.13928560127477507,0.5244222143574125,0.5880145654822578,0.3457611292192885,0.40998164208502796
2022-02-10,4550,block_4_6,0.04928340896532713,0.2098892874798471,0.5449553815802457,0.14160695199257645,0.061801041646890285,0.003819368748640528,0.13842398112178714
2022-02-10,4550,top_3,0.3917980862197335,0.11703178555675642,0.13965915462996756,0.5105448171315258,0.6165109520180656,0.38008575395822153,0.3855053939182855
2022-02-10,4550,top_6,-0.005108200751077936,0.21603088944125343,0.5385553662321565,0.09442115493174422,0.07537117563720697,0.005680814116934663,0.09037030122262496
2022-02-10,4550,flag_nested,0.08282376838044572,0.11381421058798157,0.23765137452625673,0.22117514550035766,0.1688348546030582,0.028505208128835724,0.20555751086985996
2022-03-03,4564,market_1,0.35279409147090324,0.02654782521306409,0.038325850177499426,0.3691525887284283,0.523654507201728,0.2742140429126847,0.2941158998851801
2022-03-03,4564,block_2_3,0.43927730016132877,0.11842504744752078,0.13306792394880154,0.5359718261413264,0.57238653704594,0.3276263477914433,0.4532614102151789
2022-03-03,4564,block_4_6,0.19880972574155018,0.22214371084647788,0.5002467160747018,0.18351680989061245,0.16137206886029296,0.026040944608251015,0.1636327591054333
2022-03-03,4564,top_3,0.4293117712281663,0.12099346347971797,0.1332863788100951,0.5270632544988785,0.6016765158201322,0.36201462968945375,0.43597089871908434
2022-03-03,4564,top_6,0.1329420477843562,0.22441233256337279,0.49540190388763466,0.12475019911260922,0.18111078137770406,0.0328011151312424,0.10025633823444954
2022-03-03,4564,flag_nested,0.19744648217396057,0.11822891183168771,0.21976001633565279,0.25109062400109994,0.24823492406520364,0.061620577525657194,0.2179244151865755
2022-03-23,4578,market_1,0.5068011007936627,0.0300140470915609,0.03377584545461584,0.4004617204271909,0.607938627295864,0.3695893745583796,0.334081990149476
2022-03-23,4578,block_2_3,0.5992738852296051,0.12410912306875642,0.11456005206835182,0.622452584045762,0.6441729278299897,0.41495876094906103,0.5780938493160556
2022-03-23,4578,block_4_6,0.6129486948267772,0.29314996968844015,0.3715190338206435,0.3156331862493401,0.2982473906646656,0.08895150603828139,0.31816569230614605
2022-03-23,4578,top_3,0.5860357897969003,0.12676033294733113,0.11488009893823878,0.6148836094070302,0.6644326802563633,0.4414707865926546,0.5625074628932972
2022-03-23,4578,top_6,0.5628998135931115,0.28889133835306346,0.36645273844156595,0.2625862330656853,0.31822280604026687,0.10126575428414131,0.262080324697008
2022-03-23,4578,flag_nested,0.5600828871131086,0.14200917078962855,0.16709644430312612,0.36414338196905893,0.3964859854881595,0.15720113668851676,0.3509989495917213
2022-04-12,4592,market_1,0.5215312125036811,0.03329275796631193,0.036205116497033576,0.3135641505212263,0.571573275153221,0.32669600886937955,0.23959202298841256
2022-04-12,4592,block_2_3,0.6490529924981832,0.13725393122282836,0.09688981349308814,0.6027307883019658,0.6729997733394294,0.45292869491492327,0.6172784586391742
2022-04-12,4592,block_4_6,0.6295993890877668,0.31497829844027203,0.3858552221828204,0.2386802461201442,0.3897990591359037,0.15194330650323562,0.2055158918491895
2022-04-12,4592,top_3,0.6359886605042644,0.1398510766364931,0.09683900500335343,0.5920195389606973,0.694051106920411,0.48170693901744777,0.6137183634674139
2022-04-12,4592,top_6,0.5938237723136601,0.30630423248445876,0.3837975136818085,0.203365056547798,0.4051573990929801,0.16415251803978825,0.15664341806336468
2022-04-12,4592,flag_nested,0.5827998352007834,0.15252834518469366,0.1702551908419631,0.2951468687529115,0.4600192362705792,0.21161769773896688,0.24756736842065574
2022-05-03,4606,market_1,0.5914757962665661,0.0386605259096269,0.03499035262343348,0.3288887823145551,0.6593849724353552,0.4347885418735741,0.2670898431977016
2022-05-03,4606,block_2_3,0.6924012218239315,0.14098025892936383,0.09073434228283131,0.6311672804712586,0.6793980945761765,0.4615817709137392,0.6622742659543747
2022-05-03,4606,block_4_6,0.6839463199398799,0.3505109879495154,0.3209512060895006,0.147663548487037,0.5527582875325368,0.30554172443590266,0.14198202189046433
2022-05-03,4606,top_3,0.6686665319259496,0.14305730485704743,0.09080946377880357,0.612546711362823,0.6940858528103614,0.4817551710714866,0.6485840059810091
2022-05-03,4606,top_6,0.6501894898845273,0.34070897827501406,0.31973750315389543,0.10910311283330436,0.5672109077612214,0.3217282138833091,0.08202562603389797
2022-05-03,4606,flag_nested,0.6429313482670063,0.16632358542150202,0.14495443939789512,0.2366823533990233,0.5921367187925289,0.3506258937423824,0.21206003133392573
2022-05-23,4620,market_1,0.5596993507026402,0.04083041478130091,0.03841829189618504,0.2949085133057101,0.6531951692208605,0.4266639290934685,0.22302785573344755
2022-05-23,4620,block_2_3,0.6174086543301109,0.14518594679098837,0.08639585478170543,0.5826701552495146,0.7550260467571323,0.5700643312817034,0.5625933790431884
2022-05-23,4620,block_4_6,0.5856530078786343,0.3414574818280514,0.3560623033939836,0.06078141876627904,0.42416675271447424,0.17991743410834193,0.06849052401165658
2022-05-23,4620,top_3,0.5994427379556356,0.14638401992676298,0.08537438539484637,0.5753685131212076,0.7660531946332866,0.586837497007864,0.5574179474776348
2022-05-23,4620,top_6,0.5594134345642895,0.32986055220205696,0.3570024352841785,0.025058208311018623,0.44342087988564216,0.19662207671855725,0.023143509470960427
2022-05-23,4620,flag_nested,0.5514561436487027,0.1641479429793757,0.1585791606082235,0.16764182887569726,0.51000088071238,0.26010089832740324,0.1458722551720393
2022-06-13,4634,market_1,0.5819140836244372,0.04472708575797159,0.03433867553216878,0.4284108623461225,0.614983601422066,0.3782048300180546,0.3778035700904975
2022-06-13,4634,block_2_3,0.5785956285230339,0.1434270904108095,0.08324726622134233,0.6208090084263763,0.7759208454393423,0.6020531583873037,0.537728072367851
2022-06-13,4634,block_4_6,0.5656751192581022,0.3661424880574425,0.36879168940120055,-0.021723914828958687,0.4757137368497582,0.22630355942756097,-0.03229867330018241
2022-06-13,4634,top_3,0.5519238629592349,0.14424546907360553,0.08347935438837362,0.6016510339225474,0.7819133838692198,0.6113885398738135,0.5146354847755822
2022-06-13,4634,top_6,0.5458104838850816,0.35603308685797197,0.37025885258849667,-0.05931822961059629,0.4883824728368414,0.23851743977422812,-0.07747211210441418
2022-06-13,4634,flag_nested,0.5365299480420106,0.17338595811875443,0.16232893096126916,0.10487184777102683,0.5417800423556353,0.2935256142948741,0.05515971549873416
2022-07-05,4648,market_1,0.6110035006810981,0.046039927785652836,0.031828927419568984,0.5021289748397926,0.6349449813373462,0.40315512932548303,0.44006286780926834
2022-07-05,4648,block_2_3,0.4098576126127479,0.1462283914704531,0.07061771770307042,0.5831600053334436,0.8228629704099126,0.6771034680718246,0.3959196891141706
2022-07-05,4648,block_4_6,0.5699941874022569,0.45842112582264744,0.2307428505479045,0.17809259855817122,0.7652624766713491,0.5856266582011671,0.23640528470792185
2022-07-05,4648,top_3,0.37185606153599426,0.1460475092797126,0.07125950399133199,0.5639428730320212,0.8252504410718556,0.6810382904892924,0.3627103758231911
2022-07-05,4648,top_6,0.5504063900750908,0.44951622985027556,0.2349242920522778,0.15164158519154003,0.7622172228278633,0.5809750947754209,0.19569057753940933
2022-07-05,4648,flag_nested,0.5253397925567901,0.20714030693206878,0.10910525540239144,0.262491511677055,0.7670978942466558,0.5884391793576536,0.232592419396458
2022-07-25,4662,market_1,0.5384469821265933,0.04045123286944504,0.03814016437728738,0.509864551715917,0.47997278080762357,0.23037387031620316,0.4545423034964815
2022-07-25,4662,block_2_3,0.4122449192098968,0.1392856012747751,0.06960501945683324,0.5346506597467257,0.8063829577553588,0.6502534745582809,0.353966474054266
2022-07-25,4662,block_4_6,0.6192543675514155,0.5449553815802459,0.2055929289951441,0.38946925832498414,0.6745578686643399,0.4550283181769774,0.4195372322838291
2022-07-25,4662,top_3,0.37774387496672107,0.1396591546299675,0.06860798283818137,0.5182482647975909,0.8216330861782933,0.6750809283028669,0.32359457129306907
2022-07-25,4662,top_6,0.5963114096407949,0.5385553662321566,0.21055091955326793,0.34967835191741575,0.6874147249282127,0.4725390040481303,0.3823657573743972
2022-07-25,4662,flag_nested,0.5487325899712815,0.23765137452625684,0.10204070525639436,0.398932813933326,0.7040518329986222,0.4956889835487196,0.3711073809825359
2022-08-12,4676,market_1,0.5191984759445195,0.03832585017749942,0.04252743516692242,0.5223533987344496,0.4920118577059304,0.24207566812324088,0.4733882921929829
2022-08-12,4676,block_2_3,0.3413772637579386,0.13306792394880157,0.0753597634641053,0.5665119692843569,0.7938156627017006,0.63014330635054,0.3132768985733605
2022-08-12,4676,block_4_6,0.6695119899390823,0.500246716074702,0.2919863931043056,0.3444533048151262,0.7022121503362442,0.4931019040798519,0.31249908831192785
2022-08-12,4676,top_3,0.30795328902172825,0.13328637881009514,0.07297466611204984,0.5447238723221445,0.8158841593099068,0.6656669614128334,0.2660391671174589
2022-08-12,4676,top_6,0.6606490063215295,0.4954019038876349,0.2951771246766291,0.3197221542395011,0.6975638838189402,0.48659537200856384,0.30045767084419917
2022-08-12,4676,flag_nested,0.606897082475991,0.2197600163356529,0.13455583424236528,0.37309170001479086,0.7000172686715344,0.49002417643835494,0.287613555561022
2022-09-01,4690,market_1,0.5765968930067794,0.03377584545461584,0.041407528169663865,0.5781661041941895,0.4842122130978889,0.23446146731315542,0.5516235293512682
2022-09-01,4690,block_2_3,0.42468227063505465,0.11456005206835185,0.08187137901129378,0.6003344113040738,0.790238541927199,0.6244769531472257,0.318134022781228
2022-09-01,4690,block_4_6,0.5618566350715141,0.3715190338206435,0.24003600116025417,0.5259024403085806,0.7800756715419589,0.6085180533316386,0.26062883415543614
2022-09-01,4690,top_3,0.38611238996671826,0.11488009893823878,0.08126278141991489,0.5757049197083864,0.8022959757504003,0.6436788327052874,0.2733730753914562
2022-09-01,4690,top_6,0.5419398690521524,0.36645273844156584,0.24428682901550186,0.4929924324772782,0.7713103792856485,0.5949197011937707,0.2554386285506378
2022-09-01,4690,flag_nested,0.5130626276816271,0.1670964443031261,0.1177361700677832,0.5151650307060339,0.7569104106622585,0.5729133697689086,0.28765782369769916
2022-09-22,4704,market_1,0.6136440268935408,0.03620511649703358,0.0379493007257194,0.5641825785648483,0.5849180649229345,0.34212914267319017,0.5645073449606642
2022-09-22,4704,block_2_3,0.47758142576307894,0.09688981349308817,0.08732134175972069,0.615315927301713,0.7894491427388615,0.6232299489711228,0.323509260687668
2022-09-22,4704,block_4_6,0.38111122592572416,0.38585522218282037,0.21183648096580235,0.4813683061998086,0.682972394082479,0.46645129107875294,0.2073330876740994
2022-09-22,4704,top_3,0.43013010257791856,0.09683900500335343,0.0874903546081717,0.5867729515265003,0.7966934359265296,0.6347204308484193,0.2670871968844333
2022-09-22,4704,top_6,0.35609769208532727,0.38379751368180864,0.21613962479733595,0.44838287961535445,0.6712805299292015,0.4506175498620295,0.20180606485074457
2022-09-22,4704,flag_nested,0.37782988231411957,0.1702551908419631,0.10852523382443285,0.4799497476581631,0.6980681767546766,0.48729917939759837,0.24100763342891246
2022-10-12,4718,market_1,0.6503303959629859,0.034990352623433495,0.031473466331743395,0.5452937793547342,0.6793187431290807,0.4614739547664738,0.568103056270549
2022-10-12,4718,block_2_3,0.5163663889163952,0.09073434228283128,0.08794099832620231,0.6042509591482178,0.8043302938300357,0.6469472215727117,0.2701580402669893
2022-10-12,4718,block_4_6,0.46282331917358527,0.32095120608950056,0.24919682208362967,0.49994904355070346,0.6935897525984256,0.4810667449095456,0.18558595993928667
2022-10-12,4718,top_3,0.4745509790262172,0.0908094637788036,0.08859405487762793,0.5748361053273552,0.8092190534274923,0.6548354764300868,0.21506391364321634
2022-10-12,4718,top_6,0.43528531512853513,0.3197375031538954,0.2527471766036646,0.47522742855782374,0.6714031419927609,0.4507821790777511,0.19505146834601028
2022-10-12,4718,flag_nested,0.45369152460769824,0.14495443939789512,0.11938901603445816,0.4974603841673191,0.7047237281934771,0.49663553307891384,0.22758807709902923
2022-11-01,4732,market_1,0.5376403111994706,0.03841829189618504,0.027593835207854807,0.5467228699028687,0.7157031287329361,0.5122309684781137,0.4388010466535202
2022-11-01,4732,block_2_3,0.468504844359466,0.08639585478170542,0.08725450655972813,0.5572338057832388,0.7801949906858632,0.608704223491314,0.2292476850618255
2022-11-01,4732,block_4_6,0.35452043446605286,0.35606230339398354,0.23858707472069526,0.4652043890801144,0.7295488116005264,0.5322414685077407,-0.005159886828095454
2022-11-01,4732,top_3,0.43075446580194543,0.0853743853948464,0.08898854630077409,0.5285434336309438,0.7816011175430414,0.6109003069445311,0.1934417437320457
2022-11-01,4732,top_6,0.3322566730499345,0.35700243528417847,0.24200176654296118,0.4363811600505645,0.7066044835317107,0.4992898961471155,0.016475547747196798
2022-11-01,4732,flag_nested,0.35425929423766495,0.15857916060822347,0.11472524874980906,0.4613014630661035,0.722737130948074,0.5223489604510533,0.08135351163403103
2022-11-21,4746,market_1,0.5225076021722596,0.03433867553216877,0.026604893859832838,0.4964084697660835,0.6725626449180532,0.4523405113391673,0.4327067934171632
2022-11-21,4746,block_2_3,0.5044659868337136,0.08324726622134232,0.0770891610608023,0.5885813705722299,0.788788589421846,0.6221874388021058,0.26050615421742407
2022-11-21,4746,block_4_6,0.45027412407275597,0.36879168940120055,0.24703423763904842,0.39719292979062704,0.5412943986540992,0.29299962601430274,0.23316520009985553
2022-11-21,4746,top_3,0.4606207826339215,0.0834793543883736,0.07886140153745122,0.5596328344369166,0.7893002208416364,0.622994838620656,0.2226137756333712
2022-11-21,4746,top_6,0.4327833224281746,0.37025885258849667,0.25095063071338786,0.36464426372336,0.5140090814354291,0.2642053357980938,0.2199699625025594
2022-11-21,4746,flag_nested,0.43787966552521845,0.16232893096126913,0.11522541865412277,0.40769056653983204,0.5952591626911019,0.3543334707677117,0.2319940378911096
2022-12-12,4760,market_1,0.5351173723323095,0.031828927419569004,0.025601410702075413,0.5017427541814384,0.6796382842790937,0.46190819745783007,0.41914054458726513
2022-12-12,4760,block_2_3,0.47261458505765946,0.0706177177030704,0.07906332005843165,0.5498128914985867,0.7804448285906905,0.6090941304739522,0.2456473575036866
2022-12-12,4760,block_4_6,0.38687989072879747,0.23074285054790455,0.2756217282982794,0.39146764024753256,0.3374389267888635,0.11386502931241982,0.32812009403487896
2022-12-12,4760,top_3,0.4431060929547246,0.071259503991332,0.08125768135889606,0.5307872098387115,0.7801892338631472,0.6086952406359645,0.22476015839202124
2022-12-12,4760,top_6,0.3730189157974722,0.23492429205227794,0.27805897336069063,0.3587651478279402,0.3038302214819273,0.09231280348575677,0.30721123477493667
2022-12-12,4760,flag_nested,0.39099084617245067,0.10910525540239148,0.12546912475828936,0.40370238286930005,0.46116184492864637,0.21267024721799288,0.3082272563359151
2023-01-03,4774,market_1,0.33556681218551815,0.038140164377287365,0.02213149127382919,0.46648627525740416,0.7243734991290547,0.5247169662404704,0.2985460846997569
2023-01-03,4774,block_2_3,0.4247632107948884,0.06960501945683324,0.07527161366969148,0.505107214047678,0.7835440256790452,0.6139412401773243,0.27007832920626285
2023-01-03,4774,block_4_6,0.2749106838241978,0.2055929289951441,0.2930763492443153,0.27213387420806623,0.37030425325987043,0.13712523998235027,0.16233830057623774
2023-01-03,4774,top_3,0.43907653920191164,0.0686079828381814,0.07818466559328638,0.49972201760495955,0.7791080159583076,0.6070093005304905,0.27407111154584063
2023-01-03,4774,top_6,0.26543994944063515,0.2105509195532679,0.2965756812124403,0.23405597107380807,0.3403549088286911,0.11584146396378658,0.14474946130806962
2023-01-03,4774,flag_nested,0.28636801435592846,0.10204070525639436,0.13109896769903293,0.30919368103422523,0.4772776419300087,0.2277939474862698,0.17336413487683272
2023-01-24,4788,market_1,0.16771859303965772,0.04252743516692242,0.021752432245769414,0.3790813518449681,0.7205551155179437,0.519199674499077,0.14933313184056457
2023-01-24,4788,block_2_3,0.20889955814528888,0.07535976346410529,0.06975241023948467,0.44360375401170843,0.7922165380407187,0.6276070431452214,0.1488899623873023
2023-01-24,4788,block_4_6,0.2975576919253739,0.29198639310430563,0.22879802134485788,0.28540420422216434,0.5090118132049664,0.25909302598220774,0.2695132724855809
2023-01-24,4788,top_3,0.2412176382797916,0.07297466611204981,0.07304586844195742,0.4354149065457499,0.7847974974582544,0.615907112016739,0.16020647708505836
2023-01-24,4788,top_6,0.29162632926341675,0.2951771246766291,0.2352081925858633,0.24650777461956244,0.4773094702331961,0.22782433037429428,0.24097863377746814
2023-01-24,4788,flag_nested,0.2746493970396469,0.13455583424236528,0.10710843532298535,0.29039485806759935,0.5815019285233707,0.33814449287639936,0.23592425015295904
2023-02-13,4802,market_1,0.08877800746310277,0.041407528169663865,0.023574848905362555,0.31659085284764454,0.6879248674846519,0.4732406233037756,0.08053130544071396
2023-02-13,4802,block_2_3,0.01073308232346417,0.0818713790112938,0.07344086654045556,0.39603050782482013,0.7467970912814624,0.557705895546453,0.045409547690954934
2023-02-13,4802,block_4_6,0.32412090893671597,0.24003600116025425,0.21422397227528758,0.28294429488061734,0.5735056134180315,0.32890868862199274,0.24585119595867663
2023-02-13,4802,top_3,0.04621050466291553,0.08126278141991489,0.07705921423270942,0.39057833866940767,0.7391544991497716,0.5463493736133497,0.05780048108398933
2023-02-13,4802,top_6,0.31258758816394877,0.24428682901550208,0.2245181053305048,0.22864259108779236,0.5399143984672435,0.29150755767224534,0.2104436237031754
2023-02-13,4802,flag_nested,0.24694416566828056,0.11773617006778327,0.10457793395596486,0.26955443477253704,0.6048102207097564,0.36579540307498426,0.18275729555262243
2023-03-06,4816,market_1,0.02315051278674214,0.03794930072571941,0.02304750470512969,0.25940668927676536,0.6862835264569153,0.4709850786861397,0.07048921907676868
2023-03-06,4816,block_2_3,-0.09317433855821856,0.08732134175972071,0.07775534832558392,0.3882862433090387,0.6987133405757984,0.4882003322985914,0.0040719578598060946
2023-03-06,4816,block_4_6,0.2387264741064404,0.21183648096580243,0.211944373190228,0.44771942918976154,0.6274254302151855,0.39366267048071046,0.23896027310537107
2023-03-06,4816,top_3,-0.05481221302784087,0.08749035460817173,0.0807794832396392,0.38373596380669955,0.693631670547333,0.48112489438628403,0.022653125226766803
2023-03-06,4816,top_6,0.2390511799125727,0.21613962479733595,0.2223857760584797,0.37541756450850533,0.6018476147734221,0.3622205514084572,0.20122835214465323
2023-03-06,4816,flag_nested,0.15905398453663736,0.10852523382443285,0.10463683868254083,0.3668332534408828,0.6286511386617935,0.39520225414076926,0.14911743083276802
2023-03-24,4830,market_1,0.115828845846166,0.031473466331743374,0.022568451241131805,0.2934511107324378,0.7148049358341368,0.5109460962928445,0.13384273058541182
2023-03-24,4830,block_2_3,-0.0647622902485316,0.08794099832620231,0.07425159354817745,0.4059857269986369,0.6856685970470051,0.4701414249764083,0.03452285427916474
2023-03-24,4830,block_4_6,0.29134387149204666,0.24919682208362962,0.20288048201891462,0.2661319942914643,0.6009363659032163,0.3611245158649642,0.18673126809993898
2023-03-24,4830,top_3,-0.026970843234840766,0.0885940548776279,0.0774018481061492,0.4015221631890122,0.6848227720954054,0.46898222918043553,0.05178107876007501
2023-03-24,4830,top_6,0.2877374836833306,0.25274717660366447,0.21344025775866685,0.20561282251978222,0.5707674716762237,0.32577550672366895,0.16146100349263917
2023-03-24,4830,flag_nested,0.21734507699299774,0.11938901603445812,0.10049448223751806,0.2576173575933113,0.6083357987365998,0.3700724440244969,0.13379087859522776
2023-04-14,4844,market_1,0.20364182090670022,0.027593835207854786,0.022550266609473672,0.3107998262010717,0.7030104058866306,0.49422363078488485,0.15946776695956716
2023-04-14,4844,block_2_3,-0.07952875229882035,0.0872545065597281,0.07370526630329481,0.3794258575525214,0.7313749831813925,0.534909366023582,-0.046406854094668555
2023-04-14,4844,block_4_6,0.2975114135076315,0.23858707472069518,0.21023812537084005,0.31798181270176024,0.7684407246732051,0.5905011473362805,0.22857972493088904
2023-04-14,4844,top_3,-0.04199684977759089,0.0889885463007741,0.07691179045091785,0.37575213503268146,0.7260816861316614,0.5271946149357962,-0.021696549394799074
2023-04-14,4844,top_6,0.30468466098826985,0.2420017665429611,0.22058868901463924,0.2851200792720624,0.7504992690496126,0.5632491528440026,0.22792688949143095
2023-04-14,4844,flag_nested,0.2322269377027032,0.11472524874980904,0.10290878152266619,0.30338003865253477,0.7410862561619971,0.5492088390722052,0.160017673945213
2023-05-04,4858,market_1,0.21923714466579047,0.02660489385983284,0.021875378740819417,0.4395065421699144,0.7535170850992727,0.5677879975365044,0.2015173942303341
2023-05-04,4858,block_2_3,0.05920758583045874,0.0770891610608023,0.0776844833590215,0.47075940988499176,0.7313841148237862,0.5349227234165732,0.05126390251213926
2023-05-04,4858,block_4_6,0.5112723811790086,0.24703423763904842,0.21876234148010268,0.4262947635680542,0.7878587198247438,0.6207213624038842,0.35734267308080514
2023-05-04,4858,top_3,0.09035501262798294,0.07886140153745125,0.08053480792011049,0.46744266233584525,0.7290055471455862,0.5314490877690354,0.07049851679076514
2023-05-04,4858,top_6,0.4979745260858833,0.2509506307133879,0.2290628886710818,0.38404223321366815,0.7681506750921971,0.5900554596445982,0.3501781265373302
2023-05-04,4858,flag_nested,0.4139750144732971,0.11522541865412282,0.10670263251213967,0.4015798976830825,0.7553505968823486,0.5705545242105201,0.2573737964644884
2023-05-24,4872,market_1,0.3342722803917592,0.025601410702075413,0.02177387411541189,0.46794986566617286,0.7493035785696781,0.5614558528573259,0.2608163382014717
2023-05-24,4872,block_2_3,0.1479705072409505,0.07906332005843167,0.07394909419959105,0.535804180748929,0.7568502521179195,0.5728223041309584,0.12220423074811883
2023-05-24,4872,block_4_6,0.5565924211181681,0.27562172829827924,0.244835394296353,0.5373991962943504,0.8050876980515638,0.6481662015539658,0.31367168103931903
2023-05-24,4872,top_3,0.1772428151263557,0.08125768135889605,0.0769918945575117,0.5278650872384147,0.751723753250707,0.5650886012013299,0.13618944018463514
2023-05-24,4872,top_6,0.5498780300806895,0.27805897336069085,0.253452124827256,0.502752588054118,0.79126953003771,0.6261074691660986,0.3248158492787534
2023-05-24,4872,flag_nested,0.48742141571169745,0.12546912475828942,0.11470112815379788,0.4963540234307878,0.7784963283903923,0.6060565333173213,0.2562312820721968
2023-06-14,4886,market_1,0.4016701414864049,0.02213149127382919,0.02298056621778467,0.48371009646794944,0.7465519763442495,0.5573398533835048,0.3062233377963048
2023-06-14,4886,block_2_3,0.2691163040909966,0.07527161366969153,0.07108287057347978,0.5879403067325568,0.7973556630443169,0.6357760533888426,0.17150296484057242
2023-06-14,4886,block_4_6,0.5629988902946697,0.2930763492443153,0.24287414027286253,0.5313959605163922,0.8031978375643233,0.6451267662680056,0.4090711624745905
2023-06-14,4886,top_3,0.2817466456139778,0.07818466559328639,0.07468567465351582,0.5748198801443871,0.7884948566666089,0.6217241389896964,0.18050202327257867
2023-06-14,4886,top_6,0.5494477738783327,0.29657568121244027,0.2513844642749438,0.496319471460581,0.7906681632390554,0.6251561443598215,0.4013933740489426
2023-06-14,4886,flag_nested,0.5086765012739171,0.13109896769903295,0.11366521559521633,0.5070695419426894,0.7854748959611029,0.6169708121851054,0.33989587093184026
2023-07-06,4900,market_1,0.31955754520915314,0.02175243224576941,0.02324264365938908,0.42106384587458634,0.7687759865642013,0.5910165175177611,0.21767908627870972
2023-07-06,4900,block_2_3,0.4072774246752526,0.06975241023948463,0.06797927827642898,0.6154173611131118,0.8093408525387116,0.6550326155880887,0.27395939493621924
2023-07-06,4900,block_4_6,0.5238140281179553,0.22879802134485802,0.26183070430636846,0.34814114142703345,0.7567877743667601,0.5727277354309943,0.31407648894524864
2023-07-06,4900,top_3,0.39916508449574806,0.0730458684419574,0.07181299362339974,0.5938542087704136,0.8006990291550025,0.6411189352897633,0.2644142451547418
2023-07-06,4900,top_6,0.5128637048145807,0.2352081925858634,0.2691386239083087,0.31850308605082694,0.7453965130171498,0.5556159616181258,0.3184132695880342
2023-07-06,4900,flag_nested,0.4890240922892926,0.10710843532298536,0.11971572849270269,0.3747038233981939,0.7500586212615205,0.562587935328733,0.26733004158806073
2023-07-26,4914,market_1,0.21879175535066545,0.02357484890536256,0.02281119046907851,0.39162826089487596,0.8062864011496204,0.6500977606788068,0.1974605510097521
2023-07-26,4914,block_2_3,0.37029656351468015,0.07344086654045556,0.06608980581345628,0.6339071633990067,0.8353969009936569,0.6978879821898062,0.27733857058842465
2023-07-26,4914,block_4_6,0.49436111415484846,0.2142239722752876,0.27348370745716805,0.3395931305558127,0.7225252381287075,0.5220427197329457,0.32153348886492406
2023-07-26,4914,top_3,0.35718073989483506,0.07705921423270944,0.06987070271376482,0.6112363716769811,0.8274632002958463,0.6846953478438437,0.26923690384133014
2023-07-26,4914,top_6,0.48103065502913567,0.2245181053305047,0.27880870636279875,0.30909935882950135,0.7098223007031572,0.5038476985755234,0.31659159785066454
2023-07-26,4914,flag_nested,0.4495159496468823,0.10457793395596485,0.12289577386470445,0.37214409079771804,0.7323072529767589,0.5362739127623668,0.27686127552436773
2023-08-15,4928,market_1,0.22909906563290713,0.02304750470512968,0.02518439938115506,0.3468219486200455,0.7736569294960263,0.5985450445572194,0.14742232861968516
2023-08-15,4928,block_2_3,0.391977242842996,0.0777553483255839,0.06741549132950679,0.5890577805210827,0.8338578623570548,0.6953189346146771,0.2625739347447868
2023-08-15,4928,block_4_6,0.4534645216535882,0.211944373190228,0.2839122124523462,0.4380318170159719,0.6925746254377505,0.4796596118002404,0.4064599789868321
2023-08-15,4928,top_3,0.3843441954305861,0.0807794832396392,0.07169234702903418,0.5729321633194502,0.8260501046900934,0.682358775458515,0.26043643786878806
2023-08-15,4928,top_6,0.44420219185423543,0.22238577605847965,0.2896241323473948,0.4096357479430076,0.682224993690874,0.4654309420165129,0.39905874199049324
2023-08-15,4928,flag_nested,0.4220698776319514,0.1046368386825408,0.12778057176019975,0.43644729885426525,0.7104157233498611,0.5046904999827067,0.35111848850458843
2023-09-05,4942,market_1,0.2774177880265668,0.022568451241131805,0.026906870363818225,0.362834394083586,0.7589649431289802,0.576027784898776,0.20427006961402938
2023-09-05,4942,block_2_3,0.4226270948125655,0.07425159354817742,0.07003608260117804,0.6003284733033082,0.8283657901397657,0.6861898822738784,0.30022075860537456
2023-09-05,4942,block_4_6,0.5339265246073215,0.20288048201891465,0.299874167025795,0.5412483691093828,0.6884179817021252,0.4739193175308276,0.38846964315842203
2023-09-05,4942,top_3,0.4105679373917569,0.0774018481061492,0.07490289046677946,0.5823108614947361,0.8169740353142557,0.6674465743776588,0.29361220473685956
2023-09-05,4942,top_6,0.5182793730722467,0.21344025775866682,0.30556380484625933,0.5116425839895289,0.6791274545674155,0.46121409954721715,0.3834710239851283
2023-09-05,4942,flag_nested,0.48708371681422863,0.10049448223751803,0.13474296695890509,0.5139386051827509,0.7037626204149482,0.4952818258933144,0.35087117891411596
2023-09-25,4956,market_1,0.2812753131587629,0.02255026660947368,0.026772684361682952,0.40344003134854334,0.766331779136133,0.587264395713951,0.19067575768961187
2023-09-25,4956,block_2_3,0.4202930551440222,0.07370526630329485,0.07402735637825936,0.5876361385172545,0.7986254142658904,0.6378025523113648,0.23849604096414329
2023-09-25,4956,block_4_6,0.43596332347950734,0.2102381253708402,0.30106528308779873,0.5401259897242952,0.6009360462242064,0.3611241316515814,0.382206405211619
2023-09-25,4956,top_3,0.40903079397385644,0.07691179045091785,0.07867342704741681,0.5700922253167132,0.7923697521045454,0.6278498240502186,0.2341092066990454
2023-09-25,4956,top_6,0.4298129630631098,0.2205886890146392,0.30788705811548317,0.522533356266977,0.5894161484427398,0.34741139604507376,0.3825935053288309
2023-09-25,4956,flag_nested,0.41776974079090967,0.10290878152266618,0.13630487675878117,0.5248513078095629,0.6392076945933622,0.40858647682736104,0.3556341587081941
2023-10-13,4970,market_1,0.3570331402252812,0.021875378740819417,0.027617636726509198,0.48428935807223916,0.7377468290214075,0.5442703837311416,0.29633833092458584
2023-10-13,4970,block_2_3,0.4821162850839214,0.0776844833590215,0.07348087350789029,0.6107659878255035,0.7532821997682877,0.5674340724877502,0.30724385621034994
2023-10-13,4970,block_4_6,0.4905600335540174,0.21876234148010268,0.2744504914416237,0.5265460999020808,0.6266230745048751,0.3926564775019423,0.3092202255575182
2023-10-13,4970,top_3,0.47189935237903435,0.08053480792011047,0.07844910691536726,0.5970142804822165,0.7502661678059847,0.5628993225542778,0.30247104684418136
2023-10-13,4970,top_6,0.4809140070692942,0.22906288867108182,0.28187837361351326,0.5103322818947077,0.6225701035698946,0.3875935338590295,0.3165577915471909
2023-10-13,4970,flag_nested,0.47221687561838005,0.10670263251213968,0.12671513025469203,0.5233734651838012,0.6516485325675196,0.42464580999740176,0.31441235712659965
2023-11-02,4984,market_1,0.2988072374065795,0.021773874115411897,0.03582530436990145,0.44555619374736044,0.6456700546935182,0.4168898195279307,0.26405830171030326
2023-11-02,4984,block_2_3,0.4747887522716313,0.07394909419959109,0.08057537864219988,0.5566364746204848,0.6840969301358031,0.4679886098212299,0.2516160782818879
2023-11-02,4984,block_4_6,0.45527178173362887,0.24483539429635306,0.3189813151844747,0.508398900310942,0.5520045537636123,0.304709027375765,0.39058778030702207
2023-11-02,4984,top_3,0.4578541499792667,0.07699189455751163,0.08775446587725366,0.5505271100508997,0.6809619688901666,0.46370920307477226,0.2475834170196757
2023-11-02,4984,top_6,0.44613182954987635,0.253452124827256,0.326744908608722,0.5009179775614023,0.5573997487273972,0.3106944798813652,0.39662299482648083
2023-11-02,4984,flag_nested,0.439823025972815,0.11470112815379783,0.14711936336622652,0.5036309449989921,0.5820293684346046,0.33875818572038474,0.3713232601024046
2023-11-22,4998,market_1,0.3142176520004714,0.022980566217784687,0.035854627036132826,0.3837648280781139,0.6536018057630028,0.427195320496658,0.2704118426339164
2023-11-22,4998,block_2_3,0.47197446985488106,0.0710828705734798,0.0853028680760407,0.503603917193128,0.6519630025611124,0.42505575670850093,0.22392408080507642
2023-11-22,4998,block_4_6,0.5665395940215965,0.24287414027286244,0.2922025786424563,0.5763045929192507,0.5278069411609049,0.2785801671376308,0.5232665082531334
2023-11-22,4998,top_3,0.4530148768471942,0.07468567465351586,0.09211200548371026,0.5021825958831572,0.6548971682168647,0.42889030093846836,0.21578468016925362
2023-11-22,4998,top_6,0.549616106604265,0.251384464274944,0.3008470464775841,0.5734565252684496,0.5322168500435482,0.2832547754702768,0.5307068678754104
2023-11-22,4998,flag_nested,0.5222751704666986,0.11366521559521639,0.13855896107322505,0.5486723972726172,0.5656790603029448,0.31999279926522284,0.47255615419571306
2023-12-13,5012,market_1,0.35481413922449573,0.023242643659389082,0.036883256875925904,0.3725130338686633,0.6264413655178955,0.39242878443192564,0.3231250423810285
2023-12-13,5012,block_2_3,0.46174257446508415,0.06797927827642895,0.0869227925078809,0.4243340354253625,0.685166234146026,0.46945276841384675,0.1832639785449449
2023-12-13,5012,block_4_6,0.568693601105834,0.2618307043063684,0.2779034153106721,0.6153279847827358,0.5709201421759826,0.3259498087422441,0.5274095635771141
2023-12-13,5012,top_3,0.4463940786654305,0.07181299362339971,0.09403992802221875,0.4328443242010922,0.6793849856540353,0.46156395873213363,0.18595376330046892
2023-12-13,5012,top_6,0.5548135810675163,0.26913862390830895,0.2874453293912715,0.6074449010634719,0.5670104174303235,0.32150081347450976,0.5302661278265257
2023-12-13,5012,flag_nested,0.5257383495356057,0.11971572849270272,0.13445822234704105,0.5605406744869427,0.5952023213009915,0.3542658032820887,0.46486914288460596
2024-01-04,5026,market_1,0.37068735152860305,0.02281119046907851,0.03605200970975761,0.34268066673028463,0.6257394323211555,0.39154983716160174,0.32832586570460837
2024-01-04,5026,block_2_3,0.35731741857750193,0.06608980581345629,0.09104331548166836,0.27858846925498454,0.7082065052124429,0.5015564540252216,0.0803937044092976
2024-01-04,5026,block_4_6,0.5784451666234315,0.2734837074571679,0.24565177678931008,0.5651906874707614,0.6768945124267483,0.4581861809534452,0.37210102007618123
2024-01-04,5026,top_3,0.3566840416983863,0.0698707027137648,0.09752999869191878,0.2952608564870916,0.698928183504677,0.48850060569714726,0.0896224008037022
2024-01-04,5026,top_6,0.5683949063148932,0.2788087063627988,0.25701562137109873,0.5652924756380506,0.6681719412683185,0.44645374309827335,0.39543540255452164
2024-01-04,5026,flag_nested,0.5168838916186045,0.12289577386470445,0.12441845746186408,0.4971412430221925,0.6698201157665531,0.4486589874855186,0.3374097386474403
2024-01-25,5040,market_1,0.29438828403629025,0.025184399381155055,0.035451832513918036,0.3937895482931292,0.6379219923024801,0.40694446826316544,0.328328447678067
2024-01-25,5040,block_2_3,0.40386645983278646,0.06741549132950678,0.08489514281323385,0.25306820929386076,0.7477379756355703,0.5591120802075806,0.08388838769983264
2024-01-25,5040,block_4_6,0.5423643807270025,0.28391221245234627,0.2472965515640737,0.5261803785298974,0.7394203448863746,0.5467424464318849,0.2932924709242101
2024-01-25,5040,top_3,0.3988039616729289,0.07169234702903417,0.0911661937614077,0.26682751953753303,0.7407974636489111,0.5487808821486595,0.08704373104782161
2024-01-25,5040,top_6,0.5307690557206953,0.28962413234739487,0.258265078031102,0.5261190400765932,0.729163931490597,0.5316800389868243,0.3205639932977616
2024-01-25,5040,flag_nested,0.49276149769252453,0.12778057176019975,0.12306122789886995,0.4704618821471293,0.7231490186929285,0.5229445032365454,0.285077061915962
2024-02-14,5054,market_1,0.2685422156708743,0.026906870363818235,0.03461313691487474,0.32429645906724613,0.6885543899940658,0.4741071479800999,0.3131508589410142
2024-02-14,5054,block_2_3,0.42351277894087036,0.07003608260117808,0.08743599335329005,0.21666992984001976,0.7919497683240159,0.6271844355484621,0.11227428652010307
2024-02-14,5054,block_4_6,0.4815602885827564,0.2998741670257949,0.26552672796942045,0.5868901331051991,0.6590599090492226,0.43435996371596974,0.39314034947166415
2024-02-14,5054,top_3,0.4089860767673642,0.07490289046677945,0.09338208060585486,0.23433250942104963,0.7832161904059448,0.6134276009140011,0.10742337581807723
2024-02-14,5054,top_6,0.47267517709489276,0.3055638048462592,0.27638020824780446,0.5855605763601539,0.6479250729479111,0.41980690015455613,0.4077063661789393
2024-02-14,5054,flag_nested,0.4493839282679516,0.13474296695890503,0.12975288111777694,0.49948521401786405,0.6840482587135253,0.467922020249006,0.34031424822982503
2024-03-06,5068,market_1,0.2982261382813925,0.02677268436168296,0.033217578936727506,0.3441617791898361,0.702224133018053,0.4931187329929563,0.3078676049971256
2024-03-06,5068,block_2_3,0.44489025532561005,0.07402735637825936,0.08445501981570613,0.2594063564925733,0.8274327550951149,0.6846449642042921,0.13056284376688995
2024-03-06,5068,block_4_6,0.39624059038180914,0.3010652830877988,0.2409180808753224,0.567970513843803,0.7384587043580124,0.5453212580421143,0.2887244975157203
2024-03-06,5068,top_3,0.42737021059632063,0.0786734270474168,0.09053701428343779,0.27391564285445114,0.8147854329460291,0.6638753017410481,0.13832216512147452
2024-03-06,5068,top_6,0.3884274538368703,0.3078870581154829,0.2524147145259582,0.5521113231887432,0.7237508958632092,0.5238153592627979,0.3014085196106296
2024-03-06,5068,flag_nested,0.38511163403612786,0.1363048767587811,0.12022723992676404,0.4795027306810162,0.7454158663755659,0.5556448138444359,0.2614457338660831
2024-03-26,5082,market_1,0.2899598573069647,0.027617636726509208,0.03181055285767406,0.2984779557209202,0.7340052852500621,0.5387637587750249,0.273948517991782
2024-03-26,5082,block_2_3,0.42847853049223217,0.07348087350789027,0.08311044415831664,0.289748297367249,0.8416834082886747,0.70843095978844,0.1583872219430016
2024-03-26,5082,block_4_6,0.2816038300269788,0.2744504914416238,0.24419511175379469,0.5376157948560183,0.7681221784509138,0.5900116810281774,0.1872694067052883
2024-03-26,5082,top_3,0.41026738428245135,0.07844910691536729,0.08881552042834841,0.2960963559593295,0.8276831816096377,0.6850594491194522,0.16484352284063092
2024-03-26,5082,top_6,0.2797164674020402,0.2818783736135133,0.25502089109406967,0.5157328835747569,0.7597021931209829,0.577147422232831,0.1929690994524009
2024-03-26,5082,flag_nested,0.2989719613479536,0.12671513025469205,0.12033530645034826,0.45814886820752493,0.7740277612467609,0.5991189751806727,0.18909358721313185
2024-04-16,5096,market_1,0.2130364070863419,0.03582530436990146,0.02346050315835495,0.3338641734484243,0.7968609839343002,0.6349874277167409,0.24299591077446855
2024-04-16,5096,block_2_3,0.33818588898885915,0.08057537864219985,0.0778728515999628,0.3426683302416527,0.867035880458203,0.7517512180019312,0.1684627435056883
2024-04-16,5096,block_4_6,0.015400394411539186,0.3189813151844747,0.22087158540037025,0.5283813602845094,0.7741401868890975,0.5992930289566869,0.1410542437090672
2024-04-16,5096,top_3,0.33386230729476374,0.08775446587725368,0.08074643007639537,0.3424987531282326,0.8633771800750301,0.7454201550743111,0.16766684765519854
2024-04-16,5096,top_6,0.027908383847657845,0.3267449086087222,0.23011313289083676,0.49314860990495185,0.7701456740618697,0.5931243592762114,0.12349243458753076
2024-04-16,5096,flag_nested,0.08332169422954402,0.14711936336622655,0.10746658172013245,0.4490649369822251,0.7920844634125334,0.6273977971795208,0.11364502298289032
2024-05-06,5110,market_1,0.19523702669592305,0.035854627036132826,0.02270536453374637,0.31913370132692553,0.8158664861851113,0.6656381232800399,0.15396419320807556
2024-05-06,5110,block_2_3,0.3862004673316547,0.08530286807604073,0.07325992628938081,0.4337631385092674,0.8793362310020222,0.7732322071528419,0.21005463298920685
2024-05-06,5110,block_4_6,0.001511629628431336,0.29220257864245636,0.2082349416736281,0.5680985414940076,0.74139229526987,0.5496625354855265,0.17094239054525584
2024-05-06,5110,top_3,0.36741079954004763,0.09211200548371024,0.07621029107090567,0.42843848343745794,0.8738816387532655,0.7636691185500932,0.20112033088248976
2024-05-06,5110,top_6,0.018770518743973685,0.3008470464775843,0.21819315916754856,0.5241976427973888,0.7388777929653577,0.5459403929373579,0.1443815574706291
2024-05-06,5110,flag_nested,0.08668156408932638,0.1385589610732251,0.10191293106487301,0.48336834493744785,0.7781633921290568,0.6055382648498002,0.12505949729097918
2024-05-24,5124,market_1,0.13498464373898109,0.0368832568759259,0.022235690722679363,0.34662411643742985,0.8242368640214822,0.6793664080119675,0.12320483486607527
2024-05-24,5124,block_2_3,0.3968515693528994,0.08692279250788086,0.07152634747541647,0.4892481422852979,0.8728938992589854,0.7619437593635561,0.21238260775464432
2024-05-24,5124,block_4_6,-0.10251582293398105,0.27790341531067203,0.19015339264888867,0.6106334544400861,0.7825213422662218,0.6123396511021295,0.18031283166556136
2024-05-24,5124,top_3,0.3678846893190442,0.09403992802221876,0.07457331872964505,0.47674678959181155,0.868167640764073,0.7537150524698564,0.20218242877452774
2024-05-24,5124,top_6,-0.07825701444081679,0.28744532939127143,0.20080406947059826,0.5680317873392319,0.7781876404364422,0.6055760037280374,0.1488625046211375
2024-05-24,5124,flag_nested,0.01701342738659424,0.13445822234704102,0.09522883815678526,0.5262467591926978,0.7984230618277818,0.6374793856584495,0.1307704980665713
2024-06-14,5138,market_1,0.11535246183541772,0.03605200970975761,0.021591193138039814,0.4556264701237676,0.8145110617061689,0.6634282696417102,0.14467203349564603
2024-06-14,5138,block_2_3,0.32948776512943606,0.09104331548166837,0.06941433903909533,0.5649630543898658,0.870247344878851,0.75733044126869,0.2231084559321495
2024-06-14,5138,block_4_6,0.14793137872428047,0.2456517767893101,0.14829098233534976,0.5706923346549184,0.8737378538961631,0.7634178373310723,0.2303689362301734
2024-06-14,5138,top_3,0.3045857958533894,0.09752999869191879,0.07250050012139438,0.5487851637893123,0.8650021800067075,0.748228771416356,0.217033411467337
2024-06-14,5138,top_6,0.15065041772751728,0.2570156213710987,0.16174240384938599,0.5398063841374071,0.8639931593126805,0.7464841793391066,0.20389687973482168
2024-06-14,5138,flag_nested,0.18347214595968833,0.12441845746186408,0.08110726227803453,0.535418825735144,0.8597635875667414,0.7391934265056337,0.202633427138894
2024-07-08,5152,market_1,0.1650118902911152,0.03545183251391804,0.020219838483459297,0.4628395620618594,0.8512950564819325,0.7247032731905767,0.15747941774334803
2024-07-08,5152,block_2_3,0.30617394563121875,0.08489514281323389,0.07176668265118662,0.6060335199777366,0.8758757789425603,0.7671583801382363,0.2446551197705523
2024-07-08,5152,block_4_6,0.5323388051052234,0.24729655156407376,0.19948805956941773,0.5320498198185525,0.8852101289957023,0.7835969724765883,0.22993707860231818
2024-07-08,5152,top_3,0.2866908238392939,0.09116619376140768,0.07443062040648453,0.5857283334709991,0.8715343116518558,0.7595720563864741,0.23288338881623072
2024-07-08,5152,top_6,0.49901864867221524,0.2582650780311019,0.21058433744337454,0.5025150275083992,0.8765435655169855,0.7683286222492303,0.21335814704456926
2024-07-08,5152,flag_nested,0.43767886372041426,0.12306122789886992,0.09821629947420175,0.5160581550131045,0.8717869753731737,0.7600125304303066,0.20992969474186654
2024-07-26,5166,market_1,0.17399629900360347,0.03461313691487475,0.020450812430418523,0.5094779071220542,0.8086825985993102,0.6539675452773333,0.1440469106946186
2024-07-26,5166,block_2_3,0.257111268719776,0.08743599335329008,0.07006825044945339,0.5934030127051215,0.8675721315828436,0.7526814034991989,0.24003081538618357
2024-07-26,5166,block_4_6,0.6651344857728614,0.2655267279694204,0.46668144685590823,0.6068435693526223,0.7478812920104241,0.5593264269391813,0.3543200775334078
2024-07-26,5166,top_3,0.24162995497260056,0.09338208060585486,0.07264404132617681,0.5761263826557935,0.8629554703360317,0.7446921437828811,0.2321812319607145
2024-07-26,5166,top_6,0.6423650325372126,0.2763802082478045,0.47145641147834816,0.5853926939546288,0.7392310563221569,0.546462554631172,0.3402951297985694
2024-07-26,5166,flag_nested,0.5689236538076925,0.12975288111777694,0.19804665939235344,0.5623863448407681,0.735026905308609,0.5402645515275513,0.2951613310666411
2024-08-15,5180,market_1,0.15483628870480762,0.033217578936727506,0.023771629083215694,0.47776905656888496,0.7524591937722562,0.5661948382923939,0.0997952059787026
2024-08-15,5180,block_2_3,0.32399978724439016,0.08445501981570612,0.07220753515583378,0.6208566377487811,0.837438147728331,0.7013026512706584,0.306882535422079
2024-08-15,5180,block_4_6,0.6134470984838906,0.2409180808753225,0.6509441103911057,0.48154453145813436,0.5406554228956344,0.2923082863064571,0.3599448363876221
2024-08-15,5180,top_3,0.2973162897727057,0.09053701428343777,0.07462237987858299,0.6028894865041804,0.8342709807379788,0.6960080693015087,0.2915405133789559
2024-08-15,5180,top_6,0.5920393961671758,0.25241471452595815,0.6543912155195513,0.4686615723607943,0.5396171625604991,0.2911866821298441,0.3473431733844083
2024-08-15,5180,flag_nested,0.5232929854829856,0.12022723992676405,0.2716478738496656,0.4613030206320346,0.5499366068093633,0.30243027150899604,0.29888284605683557
2024-09-05,5194,market_1,0.1476052065715554,0.03181055285767406,0.024792998981462554,0.46677660165861834,0.7337452252738257,0.5383820556121373,0.09201214655277172
2024-09-05,5194,block_2_3,0.3168149914689098,0.08311044415831667,0.07089089140143948,0.6215911894541148,0.8211082237753855,0.6742187151515683,0.2612820672597066
2024-09-05,5194,block_4_6,0.5086571242788903,0.24419511175379474,0.5574712324896923,0.5845826135011396,0.37785553171770503,0.1427748028496697,0.5365543122383751
2024-09-05,5194,top_3,0.29032957594155023,0.08881552042834842,0.0732210366960838,0.6028582977689937,0.8214391421681349,0.6747622642859212,0.24463874352659623
2024-09-05,5194,top_6,0.4951820119117362,0.2550208910940697,0.5614805863667564,0.5685525843291882,0.39361305055598794,0.15493123356799077,0.5161060082651268
2024-09-05,5194,flag_nested,0.44539280367825496,0.12033530645034825,0.23440394126643288,0.5522083555102196,0.4496185021849496,0.20215679750703752,0.4587041560494437
2024-09-25,5208,market_1,0.20304502674931257,0.023460503158354958,0.024999955709078217,0.5046596910526601,0.7430695786182965,0.5521523986679729,0.0994365064896425
2024-09-25,5208,block_2_3,0.3866499034950052,0.07787285159996278,0.07577309596041303,0.6331142448520495,0.8102471249195518,0.6565004034403996,0.275341756011388
2024-09-25,5208,block_4_6,0.04321392449716778,0.2208715854003702,0.9576815423565984,0.4889839064031928,-0.051557255469188226,0.002658150591515085,0.49402870116166975
2024-09-25,5208,top_3,0.36247548299407967,0.08074643007639538,0.07864073054209988,0.6178958061837881,0.8046554951276518,0.6474704658391268,0.26387995489011606
2024-09-25,5208,top_6,0.04999772811659661,0.23011313289083685,0.9603337152938656,0.4744212926279109,-0.008975626154308027,8.056186486182781e-05,0.4783493562728941
2024-09-25,5208,flag_nested,0.0641841175085569,0.10746658172013247,0.3954658772560209,0.45628429879982935,0.10057610201172419,0.010115552295872465,0.44842355973795234
2024-10-15,5222,market_1,0.22360221564009464,0.02270536453374638,0.023795895822794136,0.492684339649248,0.7543399386353664,0.5690287430204083,0.06314015521370986
2024-10-15,5222,block_2_3,0.4082839978149764,0.07325992628938079,0.07917378060759049,0.6596946820481991,0.8369817550562008,0.7005384582969579,0.23258042648530297
2024-10-15,5222,block_4_6,-0.09989590558184173,0.20823494167362808,1.243826012814132,0.2222580841738416,0.011389331511415633,0.0001297168722769193,0.2267102672534157
2024-10-15,5222,top_3,0.3856928418784159,0.07621029107090567,0.08200085044360028,0.6412248740059973,0.8318360989247395,0.6919512954743292,0.22222333295274896
2024-10-15,5222,top_6,-0.0886692905546701,0.21819315916754836,1.2460740215292327,0.21197349858937037,0.035389464335796636,0.0012524141859747706,0.21049426420257883
2024-10-15,5222,flag_nested,-0.05935274108256035,0.10191293106487295,0.511459710701478,0.23363279588918523,0.12281502925226569,0.015083531410235107,0.2021067221206905
2024-11-04,5236,market_1,0.19203517946891374,0.022235690722679363,0.02312973707495797,0.44186463767283807,0.7386181636550871,0.5455567916812132,0.050458853474409156
2024-11-04,5236,block_2_3,0.3874082142152556,0.07152634747541646,0.08423918547339318,0.6841038175334259,0.8362099357392824,0.6992470566290947,0.26129020539244435
2024-11-04,5236,block_4_6,-0.2178289230074394,0.19015339264888867,1.211538588020798,0.2945578524948265,0.19319738359360622,0.037325229027414975,0.2493298033038317
2024-11-04,5236,top_3,0.3661992763957139,0.07457331872964502,0.08691300601407127,0.6628651286134862,0.8306787846456124,0.6900272432603116,0.24713297497695316
2024-11-04,5236,top_6,-0.198463130503319,0.20080406947059828,1.2139619968648154,0.2781252790353558,0.19530473481851598,0.038143939442530916,0.22897210572040883
2024-11-04,5236,flag_nested,-0.15105520537282544,0.09522883815678526,0.49866845690695044,0.2888177379342815,0.24475948861471528,0.05990720726693699,0.20347472477236628
2024-11-22,5250,market_1,0.1707485136910202,0.02159119313803982,0.022996742860451926,0.36202541848002934,0.7452749404126856,0.5554347368071324,-0.025136306196871225
2024-11-22,5250,block_2_3,0.3020815547437195,0.06941433903909536,0.090713569190076,0.5970873195667149,0.8029460818079508,0.6447224102907404,0.1742438533114127
2024-11-22,5250,block_4_6,-0.09863599414536789,0.14829098233534974,1.1538011449728676,0.35179971218324985,0.4556849083865336,0.20764873573124365,0.25438557947092694
2024-11-22,5250,top_3,0.2901977181442058,0.07250050012139439,0.09334128658921453,0.5798396882315855,0.7993305219332679,0.6389292832941107,0.1657561624215376
2024-11-22,5250,top_6,-0.08058630427497575,0.16174240384938599,1.1561574560095143,0.33319472968735264,0.4434617726840014,0.19665834383203684,0.2273756799240472
2024-11-22,5250,flag_nested,-0.04594009022989142,0.08110726227803454,0.4756221111596528,0.3266278175538039,0.43920919682616255,0.1929047185766829,0.17778311021010362
2024-12-13,5264,market_1,0.22545758308892178,0.020219838483459297,0.024419981138876348,0.33796089745447394,0.6923029532762979,0.47928337911508356,-0.011645282266830715
2024-12-13,5264,block_2_3,0.2768241399489634,0.0717666826511866,0.09503877948671736,0.4831615666456791,0.7960289807510701,0.6336621381955875,0.10089944744563413
2024-12-13,5264,block_4_6,0.6684326978569669,0.19948805956941773,0.9292241820364183,0.6067146973368804,0.7202042243726025,0.518694124804142,0.4153374746300612
2024-12-13,5264,top_3,0.27107594626754455,0.0744306204064845,0.09794952030117512,0.47488860166609526,0.7916300487354031,0.6266781340608168,0.10444213766324527
2024-12-13,5264,top_6,0.6414197307250861,0.21058433744337463,0.9316208342431258,0.5829146053077042,0.7115856161619216,0.5063540891285416,0.38944188350327325
2024-12-13,5264,flag_nested,0.5745757286019444,0.0982162994742018,0.38528855176418464,0.5427305350972941,0.6795161431695069,0.4617421888279617,0.3251284739764306
2025-01-06,5278,market_1,0.1817906127765894,0.020450812430418526,0.02523192558319833,0.30764399862036473,0.721607651484431,0.5207176026808759,0.050006429468458805
2025-01-06,5278,block_2_3,0.31316134594587,0.07006825044945339,0.09707070541068073,0.4303907034565141,0.8230010123802226,0.6773306663788712,0.09248474172235747
2025-01-06,5278,block_4_6,0.8272845222595674,0.46668144685590834,0.5960961094350863,0.7547165232600244,0.8573025973113738,0.7349677433568276,0.6156449658369595
2025-01-06,5278,top_3,0.30526828902003494,0.07264404132617683,0.10014348385206623,0.4228893223191198,0.8186286125286418,0.6701528052505695,0.09423821905644125
2025-01-06,5278,top_6,0.8229432328134032,0.47145641147834827,0.5999862737812759,0.737744788547597,0.8568323323112952,0.7341616456940137,0.5968769677423067
2025-01-06,5278,flag_nested,0.7911524850583459,0.19804665939235347,0.2529363766687236,0.7069246830949337,0.8380415886130139,0.7023137042450243,0.5486881227181163
2025-01-28,5292,market_1,0.10789314952322579,0.0237716290832157,0.02425387889501183,0.39994480252748643,0.7335434959355932,0.5380860604294115,0.06791497963549205
2025-01-28,5292,block_2_3,0.35337476526151446,0.07220753515583378,0.09251671029200476,0.4883510698773603,0.8580906445399564,0.7363195542469976,0.11318601058230092
2025-01-28,5292,block_4_6,0.8280316852482268,0.6509441103911056,0.5665795189715285,0.8077277539905615,0.8110960383576997,0.6578767834395548,0.7189284845944924
2025-01-28,5292,top_3,0.3478060128063353,0.07462237987858296,0.09542928647488555,0.47908966753171217,0.853658193124016,0.7287323106877603,0.11878001613391137
2025-01-28,5292,top_6,0.8251544824844719,0.6543912155195518,0.569771956209569,0.7937417427510987,0.8098895345497531,0.6559210581732151,0.6984224798856399
2025-01-28,5292,flag_nested,0.7992239025116566,0.27164787384966577,0.24027175009622406,0.765579556128249,0.7977652554474514,0.6364294027991376,0.6647938650597562
2025-02-18,5306,market_1,0.09929780061146706,0.024792998981462554,0.02598074565037793,0.394487060038636,0.7323271976182204,0.5363031243713559,0.11397836517237266
2025-02-18,5306,block_2_3,0.33474071809480777,0.0708908914014395,0.09385976164705853,0.5509676704689199,0.8661525023411529,0.7502201573118412,0.0948341146428744
2025-02-18,5306,block_4_6,0.7566303837523857,0.5574712324896922,0.4887544328676867,0.8307377121690525,0.9093943461475602,0.8269980768051486,0.5072892652648228
2025-02-18,5306,top_3,0.3264435462415735,0.07322103669608378,0.0972815806781743,0.5346001886014629,0.8600502372033576,0.7396864105135519,0.10165009274254608
2025-02-18,5306,top_6,0.7532507228134657,0.5614805863667562,0.49236217237868973,0.8164130227498587,0.9078709590769928,0.8242296783353793,0.48054234483168334
2025-02-18,5306,flag_nested,0.7210148872997354,0.23440394126643288,0.21031639480207304,0.7882318355084695,0.8961302862553369,0.803049489944072,0.45067032011852737
2025-03-10,5320,market_1,0.11978441888706838,0.024999955709078207,0.027389482579854966,0.3956850305812217,0.7316765343049038,0.5353505508524351,0.15720386394496308
2025-03-10,5320,block_2_3,0.3716924924960315,0.075773095960413,0.08623761644376225,0.47500367565554297,0.8993649603078107,0.8088573318294697,0.02800301194053678
2025-03-10,5320,block_4_6,0.6156778422370228,0.9576815423565984,0.3374678631314068,0.7193505211761883,0.844844458349843,0.7137621588044396,0.5701059017917802
2025-03-10,5320,top_3,0.34671893146658467,0.07864073054209983,0.09032488242725065,0.46062938197766207,0.8917271122563242,0.7951772427330029,0.045596190702183716
2025-03-10,5320,top_6,0.6115702998245689,0.9603337152938656,0.3423534153046158,0.7095801838111975,0.839520110657534,0.7047940161984385,0.5652767417429257
2025-03-10,5320,flag_nested,0.5737572930221456,0.39546587725602084,0.15167076859527082,0.6657866855023206,0.8440527998024564,0.7124251288543657,0.5184054864523293
2025-03-28,5334,market_1,0.16495405509436084,0.023795895822794143,0.028084925298165375,0.46418473897948975,0.7117126029307576,0.5065348291704741,0.20681546565985523
2025-03-28,5334,block_2_3,0.34110622087137915,0.07917378060759044,0.08424924061296024,0.5088209571290281,0.89463646833734,0.8003744104791085,0.04576113745437626
2025-03-28,5334,block_4_6,0.4856160359695442,1.2438260128141323,0.30696344114602536,0.5455151634428494,0.7593304784300529,0.5765827754728129,0.5104160575253073
2025-03-28,5334,top_3,0.3178850453273951,0.0820008504436003,0.08839707623124005,0.49811326494472113,0.8862595397683484,0.7854559718304049,0.0635333786354394
2025-03-28,5334,top_6,0.48255095770454687,1.246074021529233,0.31228108839521307,0.5319264900659573,0.7555886513551725,0.5709142100567282,0.5043560255045698
2025-03-28,5334,flag_nested,0.44879296220857,0.5114597107014781,0.14016665230823352,0.49703550961291987,0.7841599568327325,0.6149068378999129,0.4576263647046686
2025-04-17,5348,market_1,0.22927129404174687,0.023129737074957964,0.02869537487522511,0.5142500763621075,0.7316715438440107,0.5353432480710782,0.24055380943767016
2025-04-17,5348,block_2_3,0.34949715433236966,0.08423918547339318,0.08473826366395301,0.5382214848681782,0.8963947803889386,0.8035236023085334,0.15927693647285215
2025-04-17,5348,block_4_6,0.38842132816630404,1.2115385880207974,0.29336048361080935,0.5823433289293866,0.7421355290434519,0.5507651434686044,0.41750505056151205
2025-04-17,5348,top_3,0.3331083522365239,0.08691300601407126,0.08885519308009654,0.5298395679569569,0.8886698010399463,0.7897340152803776,0.16249599544686164
2025-04-17,5348,top_6,0.3874662855663079,1.213961996864816,0.29877766601062566,0.562880085024423,0.7417244646341065,0.5501551814367518,0.4141321239636007
2025-04-17,5348,flag_nested,0.3618541973743954,0.4986684569069506,0.13540010562325866,0.519336676939886,0.7800103719985043,0.6084161804252453,0.373291839609091
2025-05-08,5362,market_1,0.25362698175950305,0.022996742860451926,0.028988962397908335,0.4679981234234738,0.7181796875278782,0.5157820635776406,0.22577581340527045
2025-05-08,5362,block_2_3,0.3466637833227218,0.090713569190076,0.08437316630838898,0.5889089444319028,0.8993954767799905,0.8089122236523064,0.23064455801528727
2025-05-08,5362,block_4_6,0.29306484141768857,1.1538011449728671,0.27886496228749913,0.5617351154302911,0.7220472349883917,0.521352209554381,0.32331849605188795
2025-05-08,5362,top_3,0.3404747833329636,0.09334128658921458,0.0879541144309328,0.578528120618687,0.8932857249769612,0.7979593864476157,0.22494909728244594
2025-05-08,5362,top_6,0.29528669674337066,1.1561574560095156,0.28402931872369136,0.5370120429524503,0.7260029246513527,0.5270802466023177,0.3226257765879537
2025-05-08,5362,flag_nested,0.2794748670116461,0.4756221111596533,0.1298631754519268,0.4918497466545733,0.7772799030625537,0.6041640477049328,0.29378596973937887
2025-05-29,5376,market_1,0.29224120447072394,0.02441998113887635,0.027458799832502337,0.42152687213414847,0.7321422152418213,0.5360322233392014,0.23173732684065826
2025-05-29,5376,block_2_3,0.34097734085454257,0.09503877948671735,0.08193956870500495,0.5836329717293675,0.901885444970515,0.8133973558496641,0.24663770705776025
2025-05-29,5376,block_4_6,0.40855651856450664,0.929224182036419,0.2702826649192565,0.626960357327207,0.7263165880343704,0.5275357860538892,0.40186088988173835
2025-05-29,5376,top_3,0.33574639881963564,0.0979495203011751,0.08562531977667982,0.5748375012682152,0.8953869019723861,0.8017177042237073,0.24033239091681907
2025-05-29,5376,top_6,0.41036878742167865,0.9316208342431255,0.27599684179144335,0.5968935939819321,0.7321684030063469,0.5360705703608644,0.398803710747252
2025-05-29,5376,flag_nested,0.3854089032744962,0.3852885517641845,0.12606979652955275,0.5426624413937648,0.7829900749421933,0.6130734574579813,0.3741798430993374
2025-06-18,5390,market_1,0.29481022694758646,0.02523192558319832,0.026836707957680818,0.48644138595032077,0.699412212541854,0.48917744305269184,0.27913786847898553
2025-06-18,5390,block_2_3,0.5079545581316709,0.09707070541068076,0.07556436625963865,0.6042272733954188,0.9158421031199252,0.8387667578471274,0.4182296644814113
2025-06-18,5390,block_4_6,0.37089890702585826,0.596096109435086,0.27366982113004595,0.5474565342788233,0.5915780517760947,0.3499645913431997,0.39617856061782447
2025-06-18,5390,top_3,0.4997699290971359,0.10014348385206623,0.07887120745005119,0.5966625588220928,0.9104250825017329,0.8288738308482873,0.4010939110453531
2025-06-18,5390,top_6,0.3695559258438508,0.5999862737812758,0.28038812050326706,0.5085486482036642,0.5952576833149794,0.3543317095455164,0.3887021658094326
2025-06-18,5390,flag_nested,0.3724310869291675,0.2529363766687236,0.12608204089179903,0.48212127340073563,0.724855325113582,0.5254152423455165,0.3744853943292826
2025-07-10,5404,market_1,0.26542772458059744,0.02425387889501184,0.02723474096338842,0.4737297890724954,0.702896848597792,0.4940639797687074,0.2085057190141257
2025-07-10,5404,block_2_3,0.46574437348602704,0.09251671029200477,0.07820898989220443,0.6677567324762262,0.905719204153434,0.82032727677233,0.3980645348349513
2025-07-10,5404,block_4_6,0.24334911066069642,0.5665795189715284,0.2563735363052317,0.36102789915730965,0.6334807710852886,0.401297887334812,0.2587210817646211
2025-07-10,5404,top_3,0.46356787934576593,0.0954292864748856,0.08123085246110913,0.6619234667760057,0.9009043786683707,0.8116286995038432,0.3938162466835838
2025-07-10,5404,top_6,0.2464512170560324,0.5697719562095689,0.26285023011138864,0.32691316816094435,0.6333246514112124,0.40110011408513346,0.2629274997243725
2025-07-10,5404,flag_nested,0.260472996093888,0.24027175009622395,0.12023416939787689,0.36648678988676064,0.7431600254286937,0.5522868233951768,0.2707791601268045
2025-07-30,5418,market_1,0.29171479067105194,0.025980745650377935,0.02615241200131267,0.43623938420320907,0.7203834816832635,0.5189523606821007,0.13479119630849584
2025-07-30,5418,block_2_3,0.4799359686072938,0.09385976164705852,0.08260679856511226,0.7082909204713411,0.9036094115565325,0.8165099686535431,0.40401469346407515
2025-07-30,5418,block_4_6,0.281524656523494,0.4887544328676866,0.24347721551263826,0.24586375060989912,0.6508996252117681,0.42367032210082045,0.2574190474951956
2025-07-30,5418,top_3,0.4713231854179434,0.09728158067817429,0.08563436757995185,0.6985502215992028,0.899504165105918,0.8091077430428946,0.39354610041021865
2025-07-30,5418,top_6,0.2809575151721653,0.4923621723786894,0.24971260898328718,0.2137228061043778,0.6312224911960357,0.3984418333917292,0.26481261472374285
2025-07-30,5418,flag_nested,0.2970382194568511,0.21031639480207287,0.11628024253772659,0.2831157876364157,0.7552905708418962,0.5704638464026771,0.2588555735815016
2025-08-19,5432,market_1,0.4003288399480045,0.02738948257985497,0.025006448548672785,0.44947521674552626,0.7677400771172936,0.589424826012068,0.12246610292690052
2025-08-19,5432,block_2_3,0.5105476297559951,0.08623761644376228,0.07807057512652717,0.6888851280347057,0.9326647497075784,0.8698635353470996,0.4094299005656978
2025-08-19,5432,block_4_6,0.2777187378101646,0.33746786313140675,0.23277299983861124,0.373876079772167,0.7213481683766139,0.5203431800202956,0.3220997386642725
2025-08-19,5432,top_3,0.4994368713865443,0.09032488242725062,0.08121837542183578,0.683009416380093,0.9288114723020826,0.8626907510799621,0.4032506748815719
2025-08-19,5432,top_6,0.2714979471500144,0.34235341530461616,0.24013675769242984,0.3195100053554832,0.6860899330048388,0.47071939617058445,0.3224495045846485
2025-08-19,5432,flag_nested,0.3083705038956719,0.15167076859527093,0.11151266461816628,0.4064289521441653,0.8068669472546748,0.6510342705720779,0.3215433866303513
2025-09-09,5446,market_1,0.3636161688338274,0.028084925298165378,0.025803479305668696,0.45689937961835514,0.7539991761874764,0.5685147576913931,0.1350729132331276
2025-09-09,5446,block_2_3,0.5117798833828957,0.08424924061296027,0.07831442025993557,0.6835388404881722,0.9355208349955745,0.8751992327108166,0.33867954493100527
2025-09-09,5446,block_4_6,0.24539710503767223,0.3069634411460254,0.23024208539236796,0.3093030435022425,0.7349224041894612,0.5401109401796178,0.29555530336888075
2025-09-09,5446,top_3,0.49188169035748996,0.08839707623124,0.08182195748349524,0.6787047426591315,0.9311998208278306,0.8671331063097838,0.33481498788197506
2025-09-09,5446,top_6,0.23683906895203657,0.3122810883952131,0.2378682530733577,0.2539311290134272,0.6690621398114881,0.447644146929127,0.2874324148628118
2025-09-09,5446,flag_nested,0.2815414063775582,0.14016665230823352,0.1110299423118986,0.38809335225022934,0.8047304995265729,0.647591176868288,0.2848835005223789
2025-09-29,5460,market_1,0.44006410277274094,0.02869537487522512,0.024402828078654272,0.43631525376755076,0.7815461835971004,0.6108144370951927,0.20846333363732303
2025-09-29,5460,block_2_3,0.4347011357611904,0.084738263663953,0.0795231859217242,0.6625341350797055,0.923060200501321,0.852040133749539,0.2535278956994526
2025-09-29,5460,block_4_6,0.3016768913975714,0.29336048361080946,0.24169014566861616,0.28448885988610956,0.7336122491499371,0.5381869321028291,0.32965754473966524
2025-09-29,5460,top_3,0.43377254375587215,0.08885519308009657,0.08279676824138328,0.6639812570384656,0.9183399176970856,0.8433482044358902,0.2699580301529725
2025-09-29,5460,top_6,0.2946662621716564,0.29877766601062566,0.2478405700953753,0.24355325979201567,0.695303383588199,0.48344679522919853,0.3371837957116561
2025-09-29,5460,flag_nested,0.32296554200201644,0.13540010562325872,0.11453423502535055,0.3812500463928664,0.7953832807099199,0.6326345632328756,0.30298235676261365
2025-10-17,5474,market_1,0.3783301884855413,0.02898896239790833,0.024327242240173474,0.45331000318884235,0.7960200093071561,0.633647855217365,0.302678395046205
2025-10-17,5474,block_2_3,0.4041820004767895,0.08437316630838898,0.08306050276058771,0.6070358747780816,0.8887695763847924,0.7899113599072034,0.2827109469572236
2025-10-17,5474,block_4_6,0.2968961193129834,0.2788649622874993,0.25423460524180297,0.372872265881886,0.7442948637113685,0.5539748441471248,0.3977156448071544
2025-10-17,5474,top_3,0.4116900264525581,0.0879541144309328,0.08648722457180846,0.608530665406272,0.8832688087945809,0.7801637885893982,0.28976491492233586
2025-10-17,5474,top_6,0.28812842323788695,0.28402931872369136,0.26177793323598386,0.34558786354904614,0.7341675160382682,0.5390019416058005,0.3935843191580704
2025-10-17,5474,flag_nested,0.31207704791945895,0.1298631754519268,0.12044269359854957,0.42721755416028007,0.7832925149914145,0.6135471640415753,0.35272604544753516
2025-11-06,5488,market_1,0.3548015471800835,0.02745879983250234,0.025860736922602656,0.3961623343438276,0.7897824615532096,0.6237563365770472,0.2748917269554347
2025-11-06,5488,block_2_3,0.40393155212637993,0.08193956870500493,0.09225663411889846,0.6493971473557852,0.8722999459398255,0.7609071956866227,0.3184329668698267
2025-11-06,5488,block_4_6,0.3215147958481955,0.2702826649192566,0.2750899431439265,0.39394917999140183,0.749078781999361,0.561119021641646,0.3473592089601549
2025-11-06,5488,top_3,0.4102884970888937,0.08562531977667986,0.0957020434958973,0.6477153117996222,0.8675677703624629,0.7526738361716951,0.31295688889624707
2025-11-06,5488,top_6,0.3153233370905427,0.2759968417914435,0.28036301043367384,0.37779807114929304,0.7493540570887441,0.5615315028753605,0.3524281329913474
2025-11-06,5488,flag_nested,0.3326473015631279,0.1260697965295528,0.12970083921798267,0.45716351774050795,0.7838596035313493,0.614435878048324,0.3222107392949044
2025-11-26,5502,market_1,0.3686303954127837,0.026836707957680818,0.02784924960060362,0.3733119247689871,0.8055680789384073,0.6489399298045159,0.27435221386299613
2025-11-26,5502,block_2_3,0.38748150410257876,0.07556436625963858,0.1008925808792091,0.6370264753744809,0.7981619585570856,0.6370625120876825,0.37930205368497044
2025-11-26,5502,block_4_6,0.3442014876882173,0.27366982113004606,0.28824554008119085,0.37461785888092414,0.7560654834798992,0.5716350153096941,0.26836920654586255
2025-11-26,5502,top_3,0.39267834385652484,0.07887120745005122,0.10466017126260596,0.6337783647438058,0.7932119581815965,0.6291852106022828,0.37069811249065426
2025-11-26,5502,top_6,0.3340246537309313,0.280388120503267,0.29137667530404315,0.36954389475009236,0.7694019953930875,0.5919794305148645,0.2625552723668242
2025-11-26,5502,flag_nested,0.343575212633534,0.12608204089179903,0.1362970738427487,0.4413979054078101,0.7695150363668215,0.5921533911946306,0.2605666851536213
2025-12-17,5516,market_1,0.32452640162025465,0.027234740963388418,0.029927330311388042,0.4016355205817363,0.8044145792035615,0.647082815235243,0.26099675612462314
2025-12-17,5516,block_2_3,0.46852033974845225,0.0782089898922044,0.12115223375082244,0.5708835539682311,0.6803566804864996,0.46288521268260896,0.4270254880509751
2025-12-17,5516,block_4_6,0.33959529672280314,0.25637353630523163,0.33625880172328565,0.3922262403306876,0.7158640614139565,0.5124613544240848,0.27212427056430094
2025-12-17,5516,top_3,0.4655436013108961,0.08123085246110909,0.12478879659537565,0.5691991855112492,0.6735259762768216,0.45363724071964573,0.4204401960867337
2025-12-17,5516,top_6,0.32037219540056683,0.26285023011138864,0.3339326887015681,0.39945849393915367,0.7618617303573804,0.5804332961831422,0.259633051004193
2025-12-17,5516,flag_nested,0.34546652958426677,0.12023416939787686,0.15707185122967557,0.43530152147727785,0.7235152433738627,0.52347430739434,0.2763329177097214
2026-01-08,5530,market_1,0.3915264669228018,0.02615241200131267,0.03207250961198856,0.41831836829736785,0.8259932062651931,0.6822647767962541,0.34373204163413434
2026-01-08,5530,block_2_3,0.566910496525361,0.08260679856511229,0.12788803596532256,0.475112344320857,0.6224504829738172,0.3874446037543384,0.4175822929238945
2026-01-08,5530,block_4_6,0.40664558727591943,0.24347721551263826,0.35994369341682597,0.37515083147165224,0.7115018005237173,0.5062348121484914,0.30883920234533385
2026-01-08,5530,top_3,0.5575081813948037,0.08563436757995184,0.13175310915645397,0.47514839078920806,0.6179911683198984,0.3819130841213928,0.41173387167590003
2026-01-08,5530,top_6,0.3788371297125408,0.24971260898328718,0.3589205152682268,0.41645034489108046,0.7499980546957294,0.5624970820473782,0.2880320381498722
2026-01-08,5530,flag_nested,0.41337492091061395,0.11628024253772658,0.16818322105274605,0.41647139705541886,0.7110687256729673,0.5056187326301778,0.3109420169273976
2026-01-29,5544,market_1,0.46623493504856345,0.025006448548672785,0.03488451333700576,0.5143549627944289,0.8090373919308255,0.6545415015422321,0.44793187939777734
2026-01-29,5544,block_2_3,0.5680364490825215,0.07807057512652715,0.17098467059159417,0.2171961502503571,0.5343637278807454,0.28554459367460727,0.27966226364277363
2026-01-29,5544,block_4_6,0.5561409713392168,0.23277299983861127,0.4469411536814011,0.4206280352842308,0.5581685193135165,0.31155209595264366,0.42667990911944836
2026-01-29,5544,top_3,0.5578195195561606,0.0812183754218358,0.1739492027067574,0.22676260798602785,0.5310787928366164,0.28204468420079776,0.28487082475140246
2026-01-29,5544,top_6,0.5292342213784526,0.24013675769242987,0.4395722487626744,0.5279373154153312,0.6530931647388061,0.4265306818285497,0.424037594892625
2026-01-29,5544,flag_nested,0.530721730410074,0.1115126646181663,0.20858331179310027,0.41862884039685166,0.5838262065660325,0.3408530394732837,0.40013396758205333
2026-02-19,5558,market_1,0.44256552598544974,0.0258034793056687,0.03927205779191619,0.5637191502133958,0.7800999356306126,0.608555909570886,0.40406604532527474
2026-02-19,5558,block_2_3,0.4954467398672772,0.07831442025993558,0.2402164265780218,0.4221135889626849,0.27744733457303705,0.07697702346168278,0.47085358079347955
2026-02-19,5558,block_4_6,0.5988190660932702,0.2302420853923677,0.516159974692433,0.532353689802394,0.498115732952616,0.24811928341492195,0.5546758391646027
2026-02-19,5558,top_3,0.4884023937254859,0.08182195748349524,0.2421166792696084,0.42297749689362685,0.2829319149752191,0.08005046851154451,0.4709320483551709
2026-02-19,5558,top_6,0.575015665635,0.2378682530733579,0.4846958038010042,0.5693190039670636,0.6495262294059438,0.42188432268630294,0.4550220802869311
2026-02-19,5558,flag_nested,0.5402820136246087,0.11102994231189867,0.24543320955766357,0.5007855849190651,0.4997480521106094,0.24974811558834853,0.49600665855830806
