replicate,null,component,n_origins,n_finite_addition,mean_addition_cosine,median_addition_cosine,q25_addition_cosine,q75_addition_cosine,positive_addition_fraction,mean_addition_previous_speed,mean_addition_next_speed,mean_full_cosine,mean_deletion_outgoing_cosine,mean_deletion_attributed_fraction,mean_full_residual_cosine
0,volatility,market_1,434,434,0.03246241758722918,0.026590659853257023,-0.052171598225478726,0.10669386050348631,0.5806451612903226,0.03595027054509113,0.03596709956562933,0.05605028413762399,0.6705928061908326,0.45638437199650833,-0.03294131335970013
0,volatility,block_2_3,434,434,0.07612188450052625,0.10703381866323976,-0.1431942602996679,0.31703522039833576,0.6059907834101382,0.217354947022384,0.21656985748867255,0.14150293864020144,0.6554720052921136,0.5092188466204249,0.031268415740238344
0,volatility,block_4_6,434,434,0.03744845776770307,0.04179918165424078,-0.1359433091263617,0.23278700639372168,0.5552995391705069,0.37304321960322073,0.37398295164603923,0.08830208642381895,0.6374937512411547,0.47789398042184833,-0.015087693092053496
0,volatility,top_3,434,434,0.07324290208816789,0.10137094349965138,-0.1367922691755744,0.30461692283886443,0.6036866359447005,0.22015436051935489,0.21938278281086773,0.13879747126360822,0.6560226842831577,0.5070400948566716,0.028741230568067145
0,volatility,top_6,434,434,0.02772523291144179,0.026463376421323556,-0.11337353455405132,0.15127383870109007,0.5783410138248848,0.3397220280384251,0.34065224739564176,0.05444934139675639,0.6342603852487197,0.4569449199322972,-0.04008494066145105
0,volatility,flag_nested,434,434,0.042242265925421185,0.04114866246059535,-0.09922379968352106,0.19261610098435206,0.5691244239631337,0.1990853035249897,0.19924804156269108,0.09441942508571297,0.6469731173548624,0.4741397411353038,-0.009912141367794893
1,volatility,market_1,434,434,0.03001446130635584,0.035448445132378714,-0.05890582839384452,0.11837516799284416,0.6152073732718893,0.03583249347335285,0.03567949771978179,0.05808191066394811,0.6749564590184961,0.4632431725604723,-0.035636896939469684
1,volatility,block_2_3,434,434,0.016386976016467977,0.021684605820365688,-0.17164282991027935,0.23513654020707553,0.5184331797235023,0.23749192856428972,0.23740666124539853,0.08311736912809176,0.6504962340213657,0.5108672018517938,-0.0008262385446318709
1,volatility,block_4_6,434,434,0.05630454369791364,0.05845350355297417,-0.11736916212257964,0.27085174043934,0.5990783410138248,0.4045793769363644,0.40388220777865524,0.08248651646721358,0.634107464172274,0.49818119150627566,0.009200946478844686
1,volatility,top_3,434,434,0.015979131282306283,0.0206173113534536,-0.16958544830899017,0.226807188439691,0.5207373271889401,0.24027450633428296,0.24021446200262023,0.08198059751343412,0.6515002867612752,0.5090228804429013,-0.002195239415085432
1,volatility,top_6,434,434,0.06315132347058272,0.058553990290762026,-0.07287708511637636,0.2038805930017136,0.6059907834101382,0.3529211768002114,0.35221059752906525,0.07571322468384116,0.6337707773209268,0.4724383715190019,0.005754993828061722
1,volatility,flag_nested,434,434,0.04418755465745345,0.03315089383136578,-0.0989613641006106,0.2120553117251524,0.5852534562211982,0.21413438158260462,0.21383812169643224,0.08045607687902939,0.6433992058371656,0.49275062311356166,0.007800350689750999
2,volatility,market_1,434,434,0.030953814363493502,0.022981641274994052,-0.057529829995497786,0.10578371007370192,0.576036866359447,0.036605709588752366,0.03661575045715809,0.04579551711016065,0.6584667037714032,0.4432256542952897,-0.038261684889327845
2,volatility,block_2_3,434,434,0.08233383771022891,0.09292598349736178,-0.14049092011261197,0.29327871185559107,0.6244239631336406,0.2548820506934712,0.2617108754276634,0.07151041907081233,0.5919911798460888,0.4716716668788884,-0.0032858138173700105
2,volatility,block_4_6,434,434,0.019280248769561255,0.030000604478026077,-0.18697946778002017,0.2391641398960962,0.532258064516129,0.4276234974005846,0.4321366926138817,0.04891358897371677,0.5748615100844199,0.45058688523324425,-0.036729846458593944
2,volatility,top_3,434,434,0.07882796224838255,0.0929090326912777,-0.1361484091682858,0.2800378300039694,0.6290322580645161,0.2577839468609519,0.2645943765284049,0.0692253095431831,0.5938467039142963,0.4694271207120384,-0.006240623472124254
2,volatility,top_6,434,434,0.007331696870622373,0.016121329786442873,-0.13744260068122036,0.143798672082947,0.5368663594470046,0.3577416322200679,0.35694442924708764,0.06210950842262883,0.6162126929643431,0.4541651955580695,-0.041321736999804584
2,volatility,flag_nested,434,434,0.029267944658351808,0.03933804562551542,-0.13970126597695415,0.21105341338274464,0.5529953917050692,0.2263964524948741,0.22955699284606046,0.05105990902380067,0.5864905818931528,0.4421120187114161,-0.030304918295500215
3,volatility,market_1,434,434,0.028951824737767223,0.025643884030144247,-0.047668829395423176,0.113512977097731,0.5599078341013825,0.03554231789181826,0.03556536779702696,0.04450768450309392,0.6769438581407672,0.4649769201789173,-0.044985466091560095
3,volatility,block_2_3,434,434,0.06067744222678326,0.07823816800268234,-0.1343272825692879,0.2614270405767136,0.5967741935483871,0.20201009199956235,0.20195788097992395,0.0904755003778955,0.6740758688675403,0.5053229853503698,-0.008963195942744135
3,volatility,block_4_6,434,434,0.03946335483258179,0.0411772194104786,-0.1605549895402265,0.23302216990371508,0.5599078341013825,0.3961642285941944,0.39770548377950493,0.05814013354223498,0.6409964126172009,0.48569060424551,-0.02739480930761541
3,volatility,top_3,434,434,0.05903262706992407,0.07851263144054829,-0.13440329754227015,0.2539412839718856,0.6082949308755761,0.20495485484026527,0.20490040823992128,0.08872665328096323,0.6749622818188864,0.5044019431581592,-0.011581971646999619
3,volatility,top_6,434,434,0.027436483939516525,0.020418723999264497,-0.11513306709678778,0.1630729431350113,0.5345622119815668,0.36854448493007175,0.36988504167921366,0.03702829136736041,0.636385791464769,0.4662971882437187,-0.030807563066189054
3,volatility,flag_nested,434,434,0.0442963980994613,0.052823225629935515,-0.11233572021467775,0.20230601625384778,0.5806451612903226,0.20408870725474126,0.2045624363420699,0.06307803669795896,0.65433540522016,0.4838319068768208,-0.025195288194049013
4,volatility,market_1,434,434,0.01522591627127164,0.01543752658599883,-0.06580196175046807,0.08937520207691349,0.543778801843318,0.03595838468448826,0.03593978786684656,0.034534985392822556,0.6662500571314005,0.4538504422510174,-0.054222302066081085
4,volatility,block_2_3,434,434,0.05058868811733566,0.050179621399167956,-0.13074104039654091,0.2990522763666004,0.576036866359447,0.21778038403841427,0.2174816146493971,0.08486179340535704,0.6381997083767722,0.49540253620705205,0.00877134738634813
4,volatility,block_4_6,434,434,0.061898135729817456,0.0752006463565045,-0.16529276838887558,0.263668977073944,0.5668202764976958,0.40812012924098207,0.40718038712172655,0.042009010695212415,0.5715321804993913,0.439892575124908,-0.01906169818763717
4,volatility,top_3,434,434,0.04940843039739685,0.04751955826563231,-0.1271160016970904,0.287849011364942,0.5806451612903226,0.22068079216255196,0.22040340529868915,0.08400291309987966,0.6384163543144977,0.4928403345732161,0.007411651701428271
4,volatility,top_6,434,434,0.04457095970520981,0.030915162479048266,-0.1119289898310947,0.1849417965767423,0.5599078341013825,0.37609905013091444,0.3753548711228231,0.025461450868030117,0.5883663623662208,0.4266958129474298,-0.039006947236589984
4,volatility,flag_nested,434,434,0.05819282613553538,0.05198267120849019,-0.10525185495926309,0.24901040739471547,0.576036866359447,0.21171757116346715,0.21138234870055891,0.051343316379221245,0.5941094766839238,0.43792263450255964,-0.015443370359632485
5,volatility,market_1,434,434,0.020127700199369433,0.01948099288680224,-0.05518216586218115,0.10103799228154263,0.5806451612903226,0.03583196408343647,0.03582139707605545,0.04716785286527214,0.668704182254461,0.4560833700656825,-0.041258609347175935
5,volatility,block_2_3,434,434,0.03958268296176,0.03946304019513097,-0.1575883641315325,0.2837950095616763,0.5506912442396313,0.27067620075270227,0.2692865846963349,0.05434825389306811,0.6145477152162974,0.5111835931828915,-0.021286928339233308
5,volatility,block_4_6,434,434,0.024861538288263527,0.0442946103087755,-0.15603101777124168,0.225267263879542,0.5668202764976958,0.43890352159606266,0.4337138912676551,0.030846098109027848,0.5927711277245113,0.4386535404764343,-0.03747349200951249
5,volatility,top_3,434,434,0.03799213252381775,0.03650848482708663,-0.154999326178701,0.2725325638109293,0.5506912442396313,0.2733924020569047,0.27203472187313466,0.05347350033668004,0.6160038295413263,0.509426473396285,-0.022468620626798008
5,volatility,top_6,434,434,0.03821353637880703,0.03862305675875716,-0.0911682483919324,0.1964717220392827,0.5714285714285714,0.3598371662174059,0.35476339555371916,0.042604714192148556,0.6188005372377154,0.42845730307364965,-0.023777016732243896
5,volatility,flag_nested,434,434,0.02999572636817918,0.036822155161110884,-0.11228028942837948,0.18549476523783476,0.576036866359447,0.23241487710619677,0.2301918978036234,0.03659528959389542,0.6071320244042512,0.44599164314458867,-0.0353132447934206
6,volatility,market_1,434,434,0.03683389497763418,0.03026213400640973,-0.037583756655488146,0.12381694350628521,0.631336405529954,0.03655081107606113,0.03649232334151921,0.03507004105599692,0.6619900720154498,0.4459676326732272,-0.03952548557154532
6,volatility,block_2_3,434,434,0.10332854347054711,0.10638729990294515,-0.08643935419252513,0.28080671289053893,0.6543778801843319,0.206269013236307,0.20651508213923964,0.07191142268359825,0.6793320427469238,0.503847875558993,0.007232982836806723
6,volatility,block_4_6,434,434,0.055020379374549434,0.054638316242449664,-0.12160305052888692,0.22418046688173685,0.5875576036866359,0.3807164959956974,0.3811330398836019,0.057473798807150304,0.6346307755563156,0.4861101067977135,-0.005095680856296387
6,volatility,top_3,434,434,0.1000010880170058,0.09978886749299135,-0.08629495801978178,0.2701278861697815,0.6589861751152074,0.20912414768892484,0.20934609410456548,0.07106289743126784,0.6800266860970132,0.5026975766643347,0.0046151269792007905
6,volatility,top_6,434,434,0.02636842964312142,0.011970127911908905,-0.10033996662587329,0.15188637471594746,0.5299539170506913,0.3551052436548978,0.3554637724037081,0.057245473638820266,0.6292998493709215,0.4730562981519247,-0.023726970134788687
6,volatility,flag_nested,434,434,0.05924630244981326,0.05059643853734806,-0.08178442917643144,0.1913318840053049,0.6152073732718893,0.1992143247969985,0.19939157882949923,0.060344424934192425,0.6505374637291252,0.48314637359816837,-0.004592656499766924
7,volatility,market_1,434,434,0.015521913703491298,0.014437478886109911,-0.058312173802452565,0.08633121496110502,0.5737327188940092,0.03594924475188029,0.03602179391677616,0.034496492503846,0.6610891571812068,0.44411451529811585,-0.04079336058407421
7,volatility,block_2_3,434,434,0.062008138719308444,0.06914860810920201,-0.13922584000104438,0.2801999400996391,0.5852534562211982,0.25069295672694575,0.255890506300608,0.08319993674897976,0.5992616684877917,0.46139513223777023,0.02242221517328588
7,volatility,block_4_6,434,434,0.06644170915742705,0.058033431260615866,-0.11896389796007725,0.2451472883244241,0.5875576036866359,0.4154988765089883,0.4200268334221204,0.07341175437791896,0.5913238081125591,0.4338098679499763,0.0025275794176603523
7,volatility,top_3,434,434,0.060528819194140784,0.07235026252461685,-0.13567459405569174,0.2651498169915021,0.5875576036866359,0.2535659842753386,0.25874632077132464,0.08229895257965823,0.600942880956406,0.45981290524259033,0.02011557032868784
7,volatility,top_6,434,434,0.0469942435545187,0.022589871341889934,-0.08906546389771873,0.15695655137021153,0.5668202764976958,0.3541243703450145,0.35501577327341727,0.0479396170185714,0.6226575683522728,0.4328273592717887,-0.028328748498092703
7,volatility,flag_nested,434,434,0.058067940491968215,0.05002144330954575,-0.09810135558349747,0.19910827339356596,0.6013824884792627,0.22056541480692235,0.2233079553693614,0.06735246583427826,0.6071418986584962,0.4331861647193846,-0.0014283260066422134
8,volatility,market_1,434,434,0.029908167013956318,0.027365316449238973,-0.05864602559201059,0.11612285019588926,0.5898617511520737,0.03584362115421652,0.03597851569494023,0.05923345814529207,0.6659753600824422,0.4520139270736226,-0.03294834691545571
8,volatility,block_2_3,434,434,0.03347322043849861,0.05045365463679549,-0.14753500503265254,0.25016731890846133,0.5622119815668203,0.23643410766051087,0.23728171754886865,0.10584242480275434,0.6287688854332665,0.4853682727725792,-0.009848679133552307
8,volatility,block_4_6,434,434,0.027683405246111837,0.040824611945226325,-0.17103223871587098,0.21403713176249084,0.5576036866359447,0.39179303485725975,0.3919777105640501,0.09470102019777346,0.6168835895465135,0.45119914183959037,-0.0002477880193439795
8,volatility,top_3,434,434,0.03212465330415124,0.04864085142766207,-0.1392762372861109,0.24310997323567823,0.5622119815668203,0.23933441179789078,0.2401942178765886,0.10336993554773434,0.6295476304326141,0.4835017552456392,-0.01156206158689922
8,volatility,top_6,434,434,0.0426358627419971,0.0344034715678926,-0.08509355012610453,0.1595799427760355,0.5944700460829493,0.33802502305263793,0.33795423312071665,0.07348412962909182,0.628399069882697,0.4451332940407783,-0.017880735949007288
8,volatility,flag_nested,434,434,0.023572261870001367,0.03602647434581602,-0.1322914727781271,0.17158453597291876,0.5460829493087558,0.20920710700176579,0.20955243939657575,0.09222278749596861,0.626109545955929,0.45267593257959526,-0.0068478041382109235
9,volatility,market_1,434,434,0.035858351174166796,0.035250723570620014,-0.03546182928719971,0.11091879695829467,0.6175115207373272,0.035269650612010685,0.03519311643280039,0.06231253446073464,0.6706127509042091,0.45669087733953606,-0.03036035026229089
9,volatility,block_2_3,434,434,0.09568036279751768,0.08102047661981507,-0.10542336316203733,0.29997181883303575,0.6059907834101382,0.23080813589641294,0.22924811371026863,0.13775958960213544,0.6376257014662876,0.5206967944490428,0.003832052774838785
9,volatility,block_4_6,434,434,0.07009129363610951,0.0880168119569813,-0.13235880805380495,0.2895994926885821,0.6105990783410138,0.4223159228568155,0.41822563177645167,0.12129546119617236,0.5995018783686638,0.5034133124789039,0.02943434721925351
9,volatility,top_3,434,434,0.0939775072654972,0.0780958359434204,-0.10731339911328841,0.29076950708734245,0.6013824884792627,0.23368473608032908,0.23212733241158995,0.13600436154812326,0.6395019393334362,0.519513887632646,0.002260806368030396
9,volatility,top_6,434,434,0.039715183256737105,0.06361358343013698,-0.0861427561635413,0.2016164600552661,0.6082949308755761,0.37351535292498067,0.36960078753666925,0.08089269420150422,0.6103336154000055,0.4764686660870006,-0.0009511866278510552
9,volatility,flag_nested,434,434,0.06282369184202463,0.07159830924903103,-0.0927185438359313,0.22908309590499112,0.619815668202765,0.21815678747596667,0.2163778643176736,0.11871750190505082,0.6133466296753325,0.495139920551737,0.019864736611468207
10,volatility,market_1,434,434,0.027373638007595694,0.023301908894650936,-0.057568884741261775,0.09790457952486938,0.5714285714285714,0.036344930536538866,0.03635173196737916,0.04162533335843826,0.6652798258070005,0.4518835447711801,-0.04367571550952866
10,volatility,block_2_3,434,434,0.04104444662147613,0.04080380709392864,-0.17538175048917412,0.2598250807350026,0.5552995391705069,0.21833997927355522,0.22258683193628845,0.07756731085328356,0.6434299253501324,0.4929666398635066,-0.024906440618184332
10,volatility,block_4_6,434,434,0.02307556531355135,0.045876943400384215,-0.18664791179767082,0.23961937419191204,0.5506912442396313,0.41442680400138904,0.417637224296918,0.028494139530947274,0.6139792394836452,0.4628033644151998,-0.03627219838403077
10,volatility,top_3,434,434,0.040266074770093606,0.039708946645439794,-0.1663927601598689,0.2459455839369425,0.5529953917050692,0.22134858433802254,0.22557811306941594,0.07691548557530607,0.64509425701564,0.4919859206414527,-0.02528206889496669
10,volatility,top_6,434,434,0.022240318482731707,0.0377658846600729,-0.1379704639273225,0.17957297317830184,0.5529953917050692,0.37585514385861807,0.37633030208007706,0.013195831086745373,0.6201812770848615,0.4550776721774692,-0.04430910089333004
10,volatility,flag_nested,434,434,0.022195966879536712,0.029997084781619738,-0.14620087985921495,0.19385553627287938,0.5552995391705069,0.21363939509170302,0.21570444974695277,0.035324340833491605,0.6312854210771331,0.4687402135035027,-0.03867912135366335
11,volatility,market_1,434,434,0.02098250150339198,0.019002649674495685,-0.07008205545272768,0.10610037528184242,0.5576036866359447,0.03568272186421202,0.03552849163963381,0.039556043875277995,0.6579851909600639,0.4407916768060136,-0.04111833259775687
11,volatility,block_2_3,434,434,0.06579355264256731,0.05220393558481824,-0.15973224199575967,0.2974256247170823,0.5691244239631337,0.22869881654781246,0.23325950967386513,0.08100221592948662,0.6032773110358154,0.48375033849159754,-0.006908136130681905
11,volatility,block_4_6,434,434,0.068454092873283,0.05768656156980739,-0.14583070162286924,0.261080626555424,0.5737327188940092,0.4028813442951148,0.4059032830920344,0.10040470563832601,0.5923191034775492,0.4643634722566976,-0.0067291730085746035
11,volatility,top_3,434,434,0.06484288181675232,0.050077276827641626,-0.15267963979960586,0.2865617050651339,0.5691244239631337,0.23144663461672244,0.23599219267333396,0.08033828942843586,0.6049423512376709,0.482013890769435,-0.007575539281933721
11,volatility,top_6,434,434,0.055176946928642785,0.04548149341768472,-0.10837726174354537,0.18219563671489244,0.5783410138248848,0.36017941495758815,0.35959198998721564,0.09351877774791563,0.6171849879417608,0.45732403260157933,-0.011248472260969386
11,volatility,flag_nested,434,434,0.06771845796193718,0.04452201597944998,-0.100445508117181,0.222149121016723,0.576036866359447,0.21157290225013708,0.21352134727022956,0.09318586619463322,0.6007234083211835,0.45617899519307614,-0.010570657313204914
12,volatility,market_1,434,434,0.03959858689005056,0.03417802819147121,-0.032473465495798076,0.10489560454648506,0.6382488479262672,0.03611315944824877,0.03607926319070324,0.05731537490317448,0.6664942652572465,0.45180679457845213,-0.041579820819728865
12,volatility,block_2_3,434,434,0.05816632677450623,0.045428927328631324,-0.16104689815601064,0.26362683511137075,0.5714285714285714,0.21570272488505887,0.2152829189639149,0.12238866790854695,0.646701135290417,0.4986064002615353,0.004979972189808415
12,volatility,block_4_6,434,434,0.04477300130532659,0.037688761363961765,-0.1470184385969679,0.2565622073612389,0.5737327188940092,0.3869928331556496,0.38654084960628,0.0580382258127266,0.6246427351131065,0.47001496729497244,-0.012104296006268172
12,volatility,top_3,434,434,0.056332154214420366,0.042802125732484944,-0.15779138796130357,0.25999615143194826,0.5668202764976958,0.21854496636140106,0.21812063502224605,0.1214186796983725,0.6471364042468576,0.4969904504145754,0.00407876360687061
12,volatility,top_6,434,434,0.03307045011974679,0.03447478755256919,-0.1085458392926398,0.18996342802381794,0.5714285714285714,0.3517036028140941,0.3516866452176933,0.015766234832111297,0.6315036631405446,0.4489816962191477,-0.04719461877557881
12,volatility,flag_nested,434,434,0.04637249985982933,0.04855820303098003,-0.1301415886035448,0.2199314334803507,0.5875576036866359,0.20318945175983588,0.2030176127623211,0.07179619395486687,0.6298017479545485,0.46612809344851464,-0.011156342648359496
13,volatility,market_1,434,434,0.041523593594546576,0.027522502657137772,-0.04603404950224907,0.12791004069483117,0.6129032258064516,0.03658239648875372,0.03660812087915644,0.0562437468621541,0.6585182243140663,0.44353672876501254,-0.03500484016002648
13,volatility,block_2_3,434,434,0.026950401005014498,0.053994244061321243,-0.1878404149978857,0.24849216010829756,0.5737327188940092,0.23362723842735475,0.23320090399274931,0.06340572216744075,0.6208228961923269,0.4713747970870861,-0.005733022870471737
13,volatility,block_4_6,434,434,0.025386538115175026,0.044277513195768406,-0.19668969542167608,0.22728793242423506,0.5483870967741935,0.396355312918062,0.39555062874109537,0.030246374150610916,0.6045303672452802,0.4595533952789836,-0.029519524400861964
13,volatility,top_3,434,434,0.026091927216961047,0.05660757627869914,-0.1783078953137407,0.2400367753053131,0.576036866359447,0.23648137360719163,0.2360667102481262,0.06233348502888333,0.6219291774961296,0.46982971365372966,-0.0066950327274526815
13,volatility,top_6,434,434,0.0398963345824935,0.0515613211915817,-0.09124656685198024,0.17683685840668104,0.6244239631336406,0.3480347043296041,0.34741236373068424,0.05044327553213886,0.6231182137303642,0.45203825523342744,-0.03778463098834238
13,volatility,flag_nested,434,434,0.026886039526656417,0.03085678287180179,-0.15337090627475722,0.1862391414427568,0.5506912442396313,0.2106520220298562,0.21030482081566856,0.033124763857835304,0.6156740418067701,0.4525936216778999,-0.029339567514163705
14,volatility,market_1,434,434,0.029088368631358753,0.018379769597636854,-0.0675555790050052,0.12152792833181636,0.5576036866359447,0.036211341308012346,0.036162986091049856,0.04185315472925751,0.6666220057541364,0.45393787304947786,-0.04174096663345922
14,volatility,block_2_3,434,434,0.060175768516609864,0.07721724883985981,-0.15721231515240972,0.28433704902982404,0.5898617511520737,0.2404697780291904,0.2404973098462661,0.1132474730874452,0.6046318009604102,0.4763762884710747,0.019977611591309764
14,volatility,block_4_6,434,434,0.0092705181184649,0.03600567372646653,-0.19650114939400426,0.21149923794230058,0.532258064516129,0.44091113056337,0.44098608798299865,0.02964195957780287,0.5950612444365083,0.47091493930575584,-0.0501350227725943
14,volatility,top_3,434,434,0.05782275521550792,0.07647626214354816,-0.15016075986215913,0.27491894824692614,0.5921658986175116,0.24335057045760103,0.2433622538004828,0.11067115161834026,0.6056679876632165,0.4744599087378545,0.01755455432107833
14,volatility,top_6,434,434,-0.001196382580944764,0.024560032104194537,-0.13925261692573881,0.15337102693861981,0.5483870967741935,0.38317136519092193,0.3833030681777836,-0.00842880030159578,0.6252390178861794,0.4693744128358723,-0.0776440882849764
14,volatility,flag_nested,434,434,0.01927128148766663,0.03098390704384234,-0.14320850422616635,0.18531732934709058,0.5576036866359447,0.2278938796215821,0.22793364649310657,0.04376038856103406,0.6021099781539742,0.4609658867213011,-0.031750625911211826
15,volatility,market_1,434,434,0.022181679980797214,0.016177885118015316,-0.06528087925675574,0.09424835860666847,0.5552995391705069,0.036040469321786874,0.03607180496333144,0.04894039156432676,0.6651065883477739,0.4515256299270826,-0.034989123490809265
15,volatility,block_2_3,434,434,0.07781909736883334,0.07081722610365085,-0.1261058484517728,0.35848132740846805,0.6152073732718893,0.2725248774525713,0.27191318856115126,0.05537538373056219,0.5596533498739253,0.4528199267972691,0.008922877704825123
15,volatility,block_4_6,434,434,0.045287954502429124,0.059161800131951145,-0.18474499146369402,0.25013876442976657,0.5852534562211982,0.4502358002679597,0.4504165096279544,0.037755856599555736,0.5475312676282542,0.43517231740872897,-0.009207601947868545
15,volatility,top_3,434,434,0.07579361852162668,0.07009475832335732,-0.12540802610098678,0.34757738253804393,0.6105990783410138,0.2751481585294494,0.2745363111057478,0.055003989554778594,0.5621941978402719,0.45171557649598987,0.0076410791572560765
15,volatility,top_6,434,434,0.023676485315563954,0.022279081782057085,-0.13494208418035888,0.16067198883809758,0.5576036866359447,0.36998699302384375,0.3702178113071202,0.06273631435288289,0.605541017187441,0.44895058133890187,-0.02116362193104033
15,volatility,flag_nested,434,434,0.04941922584616688,0.06153977982548435,-0.1204945522329627,0.2297339478635113,0.5921658986175116,0.236888678358389,0.23677897019389593,0.04260854352659714,0.5581218397617423,0.42793797246989157,-0.008283378247339976
16,volatility,market_1,434,434,0.037824988659962165,0.03713259174050137,-0.05092615575831872,0.11767954086390453,0.5990783410138248,0.03684517986258426,0.03687663988082336,0.046380256605555156,0.6526203998362281,0.43695710415879574,-0.037256587361063784
16,volatility,block_2_3,434,434,0.026220846101324597,0.03358102220357198,-0.15572592980885416,0.20316759251490107,0.5276497695852534,0.20896513304785624,0.21231166247309655,0.03397636909617095,0.6376424142105648,0.4985807926387193,-0.031590086630455066
16,volatility,block_4_6,434,434,0.004272092997694552,0.028466388097527273,-0.22592081403156328,0.21330575835954463,0.532258064516129,0.45923445479775776,0.4606707384819051,0.04207000130766216,0.5502386371053024,0.44481679076255914,-0.012311570197349894
16,volatility,top_3,434,434,0.025337577177878132,0.02577150889176623,-0.14777465352889707,0.19912226450524945,0.5276497695852534,0.21196136129497592,0.2153095701234472,0.03323854408060927,0.6385286770849149,0.496417771651194,-0.03251442795117915
16,volatility,top_6,434,434,-0.0014707149053325463,0.010278102596206554,-0.18247461939011173,0.18039206217720916,0.5253456221198156,0.4323330625412257,0.4301862936031435,0.03523051009698594,0.5558844541102381,0.4255343620966838,-0.02381850860464042
16,volatility,flag_nested,434,434,0.005885302669952995,0.008649771246467756,-0.16062584072136196,0.18457744186125338,0.5161290322580645,0.2291258672178241,0.23036432700980342,0.042507567229423754,0.573725636762569,0.43821799880407847,-0.018050574114484984
17,volatility,market_1,434,434,0.01715801218790447,0.01770282680218515,-0.0615683468122332,0.10397944156823677,0.5483870967741935,0.036390379696013615,0.03639385284547186,0.028176534219132018,0.6659248955332853,0.45178229895875316,-0.05687872840986655
17,volatility,block_2_3,434,434,0.05844800626364615,0.06165815406942729,-0.14448087488735378,0.27482743186642855,0.5898617511520737,0.2188426832508748,0.21977611080178128,0.09049419431432273,0.6522238558425679,0.4964863529048646,0.004973950489502242
17,volatility,block_4_6,434,434,0.09381220086434978,0.09618392687312777,-0.10659712615320285,0.2809876936409892,0.6175115207373272,0.4046725381850445,0.40537174635363593,0.061519049420388494,0.6031705913577531,0.4612586198156174,0.012933098754724608
17,volatility,top_3,434,434,0.05689944062794741,0.059645348289478095,-0.13214099745175395,0.2645843677297774,0.5875576036866359,0.22171196637545376,0.22263381807138932,0.08900930900829428,0.6535729844415593,0.49574273581659045,0.0039043485190618076
17,volatility,top_6,434,434,0.08362025385173594,0.08347358169108537,-0.06941683955305022,0.21972587245522213,0.6589861751152074,0.37101535380360084,0.37108145375597373,0.048139457035917536,0.6016004025186484,0.4478103261278286,-0.008501921393072489
17,volatility,flag_nested,434,434,0.07765649818975687,0.07738564407901002,-0.07788929477523564,0.22686647556479028,0.6267281105990783,0.21116855872038856,0.21154741040258634,0.06144911588818675,0.618777218249394,0.45520316936535277,0.0043594354379372395
18,volatility,market_1,434,434,0.03448391157835706,0.031154099956201914,-0.044375668757704746,0.10956860119863468,0.6129032258064516,0.03592188938570623,0.03586537655463037,0.05249533354949387,0.6707839045958421,0.4574213409282972,-0.034274899534418715
18,volatility,block_2_3,434,434,0.0095494279395351,0.04363941013261993,-0.22759433320714084,0.2356388790006672,0.543778801843318,0.21914125196721132,0.22031111973580397,0.07912394301011827,0.6402452064571227,0.48787075271402597,-0.010948579226759054
18,volatility,block_4_6,434,434,0.02953961077960408,0.02834798496407316,-0.1468598253563786,0.23527145432698857,0.5391705069124424,0.3829345527358765,0.3833480394280405,0.027898301026795917,0.6121135492611294,0.4678735380559105,-0.03624329881914461
18,volatility,top_3,434,434,0.008654266375782739,0.04300234525512366,-0.21833705988261617,0.22529756309562687,0.5506912442396313,0.22199102709958876,0.22313888487696767,0.07813184474535004,0.6414675525846267,0.48631356110255264,-0.012313255184900859
18,volatility,top_6,434,434,0.045942849119258326,0.04777346754659294,-0.0906146909294691,0.17928516581050039,0.5990783410138248,0.3506346479239288,0.35018145278901175,0.014054721379413725,0.6122279525196088,0.4472169888918525,-0.04614274464392847
18,volatility,flag_nested,434,434,0.026543279750541337,0.03491905177194818,-0.1285930469840148,0.19557518495074816,0.5622119815668203,0.2027881142414988,0.2031211453839715,0.04508573824464517,0.6273061472591728,0.46437986645095247,-0.028898174771828086
19,volatility,market_1,434,434,0.011880011084376292,0.006231899624103671,-0.06848873190520433,0.09097303860704235,0.5299539170506913,0.03562517468615379,0.035536572289734704,0.031457565009691935,0.6635935148424693,0.44956333361212925,-0.056816634178885585
19,volatility,block_2_3,434,434,0.0017351034709417513,0.008325350853166862,-0.17902560770992845,0.20368124768730247,0.5069124423963134,0.20519128100809164,0.2071892793427705,0.0654873912232536,0.6433800636434186,0.500663958821798,-0.034536386689512553
19,volatility,block_4_6,434,434,-0.02376718242543648,-0.02143895903551382,-0.22317195823226038,0.17437703603524163,0.45622119815668205,0.38269162119600675,0.3840199700741943,-0.006004307918483856,0.6165836556049101,0.49120107068310576,-0.07734449002846346
19,volatility,top_3,434,434,0.0017366170997315192,0.004748728081165028,-0.17045864983977843,0.20089061434904382,0.5046082949308756,0.2081365545740143,0.21012210552479946,0.06448546657777639,0.6446935100791349,0.49955226286930654,-0.03474307290739259
19,volatility,top_6,434,434,-0.0029692553552730316,0.0015257023603403703,-0.1247024618716104,0.14217637606257816,0.5,0.3543114129799863,0.3539618833809503,-0.010387426796042099,0.6300639053637109,0.47195774414689623,-0.07490517688902448
19,volatility,flag_nested,434,434,-0.009829508167099871,0.003849833103222553,-0.16514170049651727,0.1391903750348265,0.5046082949308756,0.2009377667185829,0.2018377146894826,0.015022066362237315,0.6278003192147935,0.48357620901192566,-0.06404023598666639
20,volatility,market_1,434,434,0.03594168722947966,0.04060556787215125,-0.05419967117424028,0.12415843142540568,0.6082949308755761,0.03614424929226757,0.03613305901157517,0.04519883722586125,0.6630983526572121,0.4483718837916033,-0.03823556248369392
20,volatility,block_2_3,434,434,0.11856542010658269,0.12025984348739016,-0.09449658049485875,0.37120008018583645,0.6497695852534562,0.2558210680386998,0.2562247608200299,0.1271083665565798,0.6153350057804008,0.48194120825788034,0.02541529738708363
20,volatility,block_4_6,434,434,0.08684335797413864,0.07590625715958213,-0.09680228488798187,0.2668305340806012,0.6105990783410138,0.4215570478131983,0.421407499976171,0.07315477926749438,0.5822099571452609,0.44065507176791185,-0.013628968547982201
20,volatility,top_3,434,434,0.1161458417458918,0.11202166719147882,-0.09228674308845491,0.34947818263095975,0.6497695852534562,0.2587051894168748,0.2591072333096003,0.1259551915288048,0.6163416708151652,0.48031335438604267,0.023584318380503667
20,volatility,top_6,434,434,0.042348155650403146,0.029719668412013484,-0.09225786333348326,0.1631092364708016,0.5645161290322581,0.3524195183485548,0.35155339542362946,0.042232849837971084,0.6128389073843434,0.43162834772897596,-0.03918642032581623
20,volatility,flag_nested,434,434,0.08523261175498947,0.0778361231400497,-0.0677754243359662,0.23864492909905888,0.6152073732718893,0.22312793673826462,0.22314206001499667,0.08207479658497657,0.5967655494618741,0.4426012523990172,-0.006786163826218937
21,volatility,market_1,434,434,0.02948101690876456,0.008641927609717565,-0.060457288915963955,0.11392490616831966,0.5460829493087558,0.036100866872203624,0.036059348063431765,0.04072283147247569,0.6680130585215411,0.45554982085210577,-0.047109441174770894
21,volatility,block_2_3,434,434,0.028021617089512247,0.04957594889018575,-0.22798376837534082,0.27127826262137467,0.576036866359447,0.2549037791109077,0.25568781850612976,0.0955007118027287,0.6314947543962505,0.5091184741784163,0.0060056549892486275
21,volatility,block_4_6,434,434,0.02629795184304737,0.017345273368473055,-0.20893679592638417,0.25558021909759376,0.5391705069124424,0.44067537824138026,0.44134297764666436,0.04829022616205538,0.5846163460219426,0.4562998163502117,-0.017909256514330396
21,volatility,top_3,434,434,0.026562168685649215,0.045429048995390006,-0.21442045259566467,0.2597862026979876,0.576036866359447,0.25763014538677703,0.2583997046425634,0.09370451264626668,0.6316786964431078,0.5064399663772181,0.0045244332760572
21,volatility,top_6,434,434,0.022862830521032693,0.02055659793625629,-0.1268354235387134,0.17923284090809694,0.532258064516129,0.37606093305351357,0.37634216217778343,0.012390802094487383,0.6051883781986833,0.4442984452668616,-0.046295671065683816
21,volatility,flag_nested,434,434,0.025119945285571207,0.024238928050933833,-0.1598265840894941,0.22811182893911386,0.543778801843318,0.23076824409591776,0.23115835567251805,0.05534535212000003,0.6010100026097361,0.4545898126578945,-0.015007354549919983
22,volatility,market_1,434,434,0.018778660752899044,0.01593702065831951,-0.0665835437794562,0.09991771384863114,0.5529953917050692,0.03621384917556288,0.03611728911251852,0.043172439399121375,0.6611995243664542,0.44604231633182234,-0.03117843194506847
22,volatility,block_2_3,434,434,0.06586358371863985,0.07134908192875657,-0.12823235156442425,0.2673990582098416,0.5806451612903226,0.20573369334977565,0.20964173801995242,0.13786596094096681,0.652100457864699,0.48961813059878745,0.04960520134750341
22,volatility,block_4_6,434,434,0.07519171822976364,0.0731976620714326,-0.1091786154571178,0.2553191757532757,0.6175115207373272,0.36939519066522536,0.37341711160855345,0.10050811148693668,0.6332318257211969,0.45774220133240995,0.02428035192784472
22,volatility,top_3,434,434,0.06227182273540797,0.0667107842663791,-0.12348526039073336,0.24918976365759676,0.5714285714285714,0.20875274248029183,0.2126416026800776,0.13415396377935318,0.6534709993312979,0.4880472883564652,0.04559637706663193
22,volatility,top_6,434,434,0.06892426695007833,0.06535796536552649,-0.054003055050616644,0.18768109812139505,0.6543778801843319,0.3418876888253785,0.3433291059886348,0.0618385400861182,0.6268169838013341,0.4351410056734368,-0.004885017748587813
22,volatility,flag_nested,434,434,0.06146574135627632,0.05622441967049685,-0.08231125198711704,0.22044444289927428,0.6221198156682027,0.19452020585642116,0.19666779989506925,0.10149233818937477,0.6414576131380554,0.4567177503039884,0.020655191917024623
23,volatility,market_1,434,434,0.025850326327105145,0.02181999331027263,-0.0531766942800747,0.09861065471106602,0.5967741935483871,0.0357724772426846,0.035811419440049355,0.04548065817793739,0.6735426753203617,0.4613878622319259,-0.042462859170174436
23,volatility,block_2_3,434,434,0.06375419692618074,0.07882947124432875,-0.1410332887110574,0.2617557796229509,0.6152073732718893,0.23599337100035053,0.23628942386641189,0.07523758518589435,0.6645712913999045,0.5291020413840607,-0.00986292642425215
23,volatility,block_4_6,434,434,0.08107982795843949,0.0769399548383368,-0.09472298599411864,0.27815535665118885,0.6105990783410138,0.400500957012995,0.40107505371076446,0.05221849982586106,0.6277223563269755,0.477123643287557,-0.03292376239117823
23,volatility,top_3,434,434,0.06157369187422129,0.07246353611194084,-0.1313338637726944,0.2541844840900629,0.6152073732718893,0.23877481360988936,0.23907304160302925,0.07393993982919392,0.6651323223873419,0.527351211513727,-0.010757365068244313
23,volatility,top_6,434,434,0.06825846244233555,0.05369956831468312,-0.08159529968173025,0.19382585067165478,0.5967741935483871,0.34760874713420364,0.3478163232518721,0.04419011410848565,0.6261684913519379,0.4578090519899599,-0.04418136153945226
23,volatility,flag_nested,434,434,0.07009798263414611,0.05944329153131947,-0.07504984941360575,0.22411866255722224,0.619815668202765,0.212444902024523,0.21263087782600293,0.05106203926977733,0.6382843348724144,0.4780323120692159,-0.03373061253802173
24,volatility,market_1,434,434,0.04787473227682892,0.03057003743148002,-0.03267218918649521,0.1234181120431733,0.6175115207373272,0.03595427543934654,0.03587634707413142,0.06604653011733645,0.6693789479549361,0.4558565308607998,-0.02880005267756892
24,volatility,block_2_3,434,434,0.06759811969496818,0.08116470897717468,-0.11460880227448227,0.2873571341432103,0.5921658986175116,0.22076673917538128,0.2207372291140513,0.05957039897811043,0.6313554860962797,0.47302914915160377,-0.009049270779136665
24,volatility,block_4_6,434,434,0.07911114295872566,0.08967747014186885,-0.11463554750025515,0.27075736342949547,0.6359447004608295,0.408472571973979,0.40820625684017503,0.11202575350206051,0.6100090861028846,0.469314705468423,0.014594650637445986
24,volatility,top_3,434,434,0.06480547023119679,0.0826501676814686,-0.10389548198182848,0.28138672877388493,0.5875576036866359,0.2235413601818508,0.22351917152835835,0.05907413850894099,0.6325001069737098,0.4719846540804334,-0.009174665825595391
24,volatility,top_6,434,434,0.07451128883988838,0.05627292937683104,-0.06579173168765698,0.2425217281911727,0.6059907834101382,0.3732150849510971,0.37298367505105257,0.10620636062244107,0.6144997731575997,0.4645631286199513,0.008721367772358081
24,volatility,flag_nested,434,434,0.06539212681608585,0.07178935081416968,-0.06767955709430801,0.21978327401537096,0.6474654377880185,0.21230259127383447,0.21221370571081094,0.09649507025519082,0.6199216929360976,0.4612284913128057,0.006699857864999023
25,volatility,market_1,434,434,0.020088781167031198,0.01225407012133052,-0.06186107898770789,0.09232827048241063,0.5414746543778802,0.03601911873790031,0.036131655714794104,0.04081780544613574,0.6683959332083154,0.45692481250411127,-0.06046884224813823
25,volatility,block_2_3,434,434,0.024561561389930767,0.02310626667139934,-0.1854248744111473,0.25988889643207064,0.5276497695852534,0.25309414738099023,0.2535933654635788,0.06111599900774504,0.6192188809655864,0.49565864355464295,-0.029506485107505805
25,volatility,block_4_6,434,434,0.012617136232227693,0.0016448291382650283,-0.1760101854957824,0.23114817462975346,0.5023041474654378,0.39983617571688507,0.40023515306615354,0.04680906720093506,0.604755711178238,0.4623373779335871,-0.028417969421996574
25,volatility,top_3,434,434,0.023226158080721995,0.018963503701690327,-0.18227644019470865,0.2550064889519687,0.5230414746543779,0.2556934924911414,0.256214513629915,0.05946143600945241,0.6198649436702284,0.49406440012565406,-0.030086544769078693
25,volatility,top_6,434,434,0.015368719934560808,0.006857204230096925,-0.11179168537757059,0.1420736653189288,0.5184331797235023,0.3368069046289578,0.33702508352213495,0.04373054577619756,0.6365019518627474,0.453560237817147,-0.03949650509892441
25,volatility,flag_nested,434,434,0.017883956780168336,0.015241080775750423,-0.13781895965886748,0.18288039020324434,0.5299539170506913,0.21552245589280303,0.21581148827954524,0.051308127069772815,0.6132189645741714,0.45835785205804946,-0.026051687343597574
26,volatility,market_1,434,434,0.017643240112151588,0.010657095975844827,-0.054300701702970515,0.09385523262925614,0.543778801843318,0.03626888940078287,0.03628104109795585,0.03497704316364041,0.6622923643564329,0.4476940964736797,-0.055442611157856675
26,volatility,block_2_3,434,434,0.11200739873070104,0.09278085730519328,-0.10821743611210552,0.37041366651177493,0.6244239631336406,0.27819952167982415,0.27696147519966957,0.10213634005674838,0.5900259278445601,0.49355953651913,0.032677320619660354
26,volatility,block_4_6,434,434,0.06362357461360967,0.05131836905561339,-0.12500907802661468,0.26777691010428206,0.5691244239631337,0.431534872671642,0.4287598429012254,0.06575289878704384,0.5783952705732979,0.4524864033353854,0.015857283918896806
26,volatility,top_3,434,434,0.1098481145901115,0.092121598009827,-0.11070761641944497,0.3616873143951527,0.6221198156682027,0.28093947311958406,0.27973640515271103,0.101014877814979,0.5914119417692079,0.49152054051078364,0.03135480264273769
26,volatility,top_6,434,434,0.0190294357626776,0.02007017824971458,-0.09590962894788113,0.16561092844518324,0.5414746543778802,0.34856009047516917,0.3458913367567323,0.03284637813489256,0.6142666000644142,0.43965700432565463,-0.025053780213628855
26,volatility,flag_nested,434,434,0.06562685955018592,0.05957042327692711,-0.10185745884676131,0.23868855787796373,0.5944700460829493,0.23239943322002504,0.23114383811306854,0.07104821430576093,0.590976251234294,0.44792992192823056,0.013776007547548982
27,volatility,market_1,434,434,0.02062343130281789,0.024924028085152712,-0.057713328167716016,0.0953065409137357,0.576036866359447,0.035626787308877514,0.03565388216122689,0.03305884664543499,0.6657066560473125,0.45194453696611536,-0.04841223369512243
27,volatility,block_2_3,434,434,0.0496822750285333,0.037062338459340795,-0.1646767887334397,0.31446646630582564,0.5483870967741935,0.2295870193786721,0.23008104663319295,0.03928071412405775,0.618043216508762,0.47689196593986793,-0.04913779159529219
27,volatility,block_4_6,434,434,0.011445206930233267,0.007899036689206345,-0.18511585846032866,0.21620568236953377,0.511520737327189,0.396554063023993,0.3993062611648132,-0.0074433473906868955,0.6123731851808073,0.4709379266529199,-0.0791071862580472
27,volatility,top_3,434,434,0.048751776366790685,0.03166346836713213,-0.1602705002776241,0.30076216836509506,0.5483870967741935,0.23246536625128222,0.23295748049690415,0.039021767764777976,0.6192065769584901,0.475145702912036,-0.04941922292197797
27,volatility,top_6,434,434,0.01622411462201857,0.004022903203297223,-0.11928493473557562,0.16062196351526942,0.5023041474654378,0.34811305779516655,0.3507553587730326,0.0010104992909019568,0.635798010504828,0.4654157860218675,-0.06378402576688856
27,volatility,flag_nested,434,434,0.014856725259063964,0.03008919092605044,-0.1406050285198234,0.17719347664273805,0.543778801843318,0.20945970717202284,0.21060499244222147,0.00435814645961485,0.62551597849911,0.4674639506333302,-0.07307827400605128
28,volatility,market_1,434,434,0.03358499985261121,0.03741804479968501,-0.04942471876031059,0.1162475050277271,0.6129032258064516,0.03591832633288438,0.0359838985925112,0.05329148903023035,0.6665959823046715,0.4516623493229083,-0.03252295767724749
28,volatility,block_2_3,434,434,0.03984993308835777,0.07031567663742047,-0.159252888083713,0.24940562990071058,0.5714285714285714,0.23100016825991096,0.23164432807680638,0.06929141367648016,0.6204032381749891,0.496743160463322,-0.012105570688930182
28,volatility,block_4_6,434,434,0.02370432647087917,0.030230790413572392,-0.1677415900594702,0.2198222296888082,0.5483870967741935,0.4134610295194005,0.4140636879684555,0.03232706204738186,0.5853413727303425,0.4417156328480084,-0.02912025778217641
28,volatility,top_3,434,434,0.037624331317438434,0.0704022136239307,-0.15537637941648996,0.23622933438119553,0.5737327188940092,0.2339113166377559,0.2345511025383293,0.06805297539442451,0.6214773369409856,0.4945611521692623,-0.01353943977499527
28,volatility,top_6,434,434,0.019293616233582046,0.019040056922138917,-0.1103059513602507,0.15076763987436184,0.543778801843318,0.36294868870412134,0.3630877888429905,0.02846708946527533,0.6040654391937613,0.4270885132807988,-0.03721076280166479
28,volatility,flag_nested,434,434,0.02800692691276264,0.034600379014455736,-0.12502930606306073,0.18431253945565684,0.5898617511520737,0.21606688579752154,0.2163819159826606,0.0416524860413223,0.5992991561274904,0.4453533459600923,-0.025526215249768804
29,volatility,market_1,434,434,0.02542637093915162,0.026335439949504685,-0.050282742506187,0.09425334689534984,0.5944700460829493,0.036055746331308286,0.03603289401477707,0.04479619765149033,0.6661912169726175,0.45208977703513115,-0.04399699424329111
29,volatility,block_2_3,434,434,0.08351445405610614,0.08036062000004235,-0.11981943282146348,0.29554055633705556,0.6059907834101382,0.22742170924095495,0.22903798648113005,0.04759115836359643,0.5956303405619026,0.46546048479735097,0.023491182217865947
29,volatility,block_4_6,434,434,0.04627880704935586,0.052444392249291774,-0.14913581450133492,0.26547262685830825,0.5622119815668203,0.4022720934688967,0.4026167004894569,0.02878666293596167,0.5759605441690145,0.42824629424632593,-0.014888923551140354
29,volatility,top_3,434,434,0.08151808430469915,0.07709648101276013,-0.1177389321658445,0.28484733109252103,0.6082949308755761,0.2303234222395927,0.2319380983807265,0.048121826614787686,0.5978718722326812,0.4644727628565204,0.02228786717242281
29,volatility,top_6,434,434,0.025717413652860326,0.022659276964477088,-0.11106533846179177,0.15876219716773737,0.5576036866359447,0.35927554230244035,0.3573970706528286,0.03716594789007429,0.6117939543142624,0.42900230067129225,-0.041884001537435184
29,volatility,flag_nested,434,434,0.04687218868525712,0.04661924561083351,-0.10436855749304591,0.21845047348483185,0.5852534562211982,0.2112987250254653,0.21165132124456232,0.029125151238531266,0.5924822999688372,0.42717232340398126,-0.01435365855938328
30,volatility,market_1,434,434,0.027057101757019544,0.019489834699185957,-0.047886033211627,0.10225779669951068,0.5645161290322581,0.036060516191589204,0.03606949626527208,0.051282403885300115,0.6683906868192586,0.4549412269044739,-0.03413010278698366
30,volatility,block_2_3,434,434,0.017533287119467836,0.024554000876061827,-0.15060392165542627,0.19144073817673346,0.5391705069124424,0.20384321315790763,0.2041717415370397,0.0905233087238709,0.633650867501421,0.4926478694241895,-0.04194656503467511
30,volatility,block_4_6,434,434,0.015503187870795108,0.010892971259766845,-0.15011444759037637,0.1747591713588988,0.5253456221198156,0.374907098875215,0.3752479141780884,0.07091338143413474,0.6167393001689372,0.46523048040916387,-0.03395051617102059
30,volatility,top_3,434,434,0.015976033867761145,0.02268782578082639,-0.1410438811322626,0.18337296417630009,0.5368663594470046,0.20678719112540148,0.20711658482809653,0.08860845830019998,0.6355166001008389,0.49126463278741234,-0.04222842797514505
30,volatility,top_6,434,434,0.022359010574119535,0.02169773147178397,-0.08103387211935557,0.14400134715148022,0.5576036866359447,0.34663195980899264,0.3467087644214663,0.050943943824822695,0.6318952953497863,0.4559720815948105,-0.027862010068228336
30,volatility,flag_nested,434,434,0.01343237512675982,0.020627896982175223,-0.10971647642468838,0.12761184481784163,0.543778801843318,0.1968590897832652,0.19702989008533592,0.07241134155668007,0.6288262832528368,0.4620826171029634,-0.03651048014383427
31,volatility,market_1,434,434,0.02804683067905113,0.013331721791311693,-0.042757089616289164,0.09948890549893638,0.5552995391705069,0.03598764544792709,0.03595064478012883,0.05154630621860357,0.6616501550175732,0.4477734474329293,-0.038854688756554755
31,volatility,block_2_3,434,434,0.09043647190085452,0.0895922503326545,-0.10419259671597142,0.27433767760255795,0.6175115207373272,0.22061024749263275,0.22241173092020608,0.10149346465701262,0.6483727833350268,0.4841977423262352,0.014902187111959102
31,volatility,block_4_6,434,434,0.05017006821455749,0.019776262354095853,-0.12521879494515514,0.23666637099262858,0.5184331797235023,0.38725163238531035,0.3825403334079761,0.08135387414927628,0.6388665493926113,0.47307573729779295,-0.01425223283374003
31,volatility,top_3,434,434,0.0868435067341153,0.08471529211631651,-0.10122564527461073,0.266988393502804,0.6129032258064516,0.22354295849333444,0.22532871190235867,0.0993914378663912,0.6493418845665503,0.482706487067968,0.012400676313095963
31,volatility,top_6,434,434,0.020511545043316235,0.005231677115169982,-0.10462002274998251,0.1379570161322562,0.5161290322580645,0.34392977230966315,0.33780926980936565,0.05678360109200046,0.6442259798274842,0.46652470722755074,-0.04153501628540085
31,volatility,flag_nested,434,434,0.05377344502233446,0.02646278918146928,-0.08971950106154905,0.19458291497922156,0.5483870967741935,0.20452878201219338,0.20309332622676,0.08224315506524561,0.6467127473630899,0.4671248811931966,-0.01000202849149193
32,volatility,market_1,434,434,0.02217565156317645,0.022204799736386234,-0.05845914989643578,0.1017432954952221,0.5829493087557603,0.03594973778436006,0.03603763457781803,0.04460493629218959,0.6691439800448279,0.45477981836555514,-0.051600440958714903
32,volatility,block_2_3,434,434,0.07791507583089428,0.0663521945582927,-0.12763775326239613,0.27303610907072984,0.5967741935483871,0.2101923223551847,0.2131072028723295,0.07156082623533357,0.6134847290041552,0.48920136058079516,0.007704725215809687
32,volatility,block_4_6,434,434,0.07852283863848225,0.0704178732726673,-0.1217685180395609,0.28861295603913617,0.6221198156682027,0.39206492164829443,0.39230502967127856,0.08154513903270333,0.595420953636669,0.4767791335250232,0.009018046885710096
32,volatility,top_3,434,434,0.07602379969532391,0.060962691673771496,-0.12020722667702866,0.2607695346601987,0.5990783410138248,0.21306429392085258,0.21597387979219382,0.0702586850690197,0.6155818302676676,0.48781957334444054,0.005989052541719026
32,volatility,top_6,434,434,0.06026994350669168,0.04988354857635745,-0.09175619197895257,0.22159923346022437,0.6059907834101382,0.3645465301076491,0.36360386270339595,0.07874530769847406,0.6145565279128,0.45080179601180054,-0.013892159076261616
32,volatility,flag_nested,434,434,0.07292675315860118,0.05935830277833445,-0.08717413230204576,0.24503348268851727,0.619815668202765,0.20513687213122445,0.20567414711227897,0.0782845674441496,0.6086395998534091,0.4703968930838943,0.0061763352218389194
33,volatility,market_1,434,434,0.012969550305299187,0.014586393224252116,-0.06276560272902383,0.08937347166249704,0.5552995391705069,0.03594382041457634,0.036006411452702884,0.02838527208256144,0.667085590048431,0.4525845897810219,-0.04648285828603946
33,volatility,block_2_3,434,434,0.08339295359196025,0.09262977648313861,-0.13147283691893635,0.32036718086151855,0.619815668202765,0.23027274955972102,0.2306348091610614,0.122493059575073,0.6090018631440502,0.46623584920578215,0.023901014721964754
33,volatility,block_4_6,434,434,0.04122286648507211,0.05269629439033048,-0.1380766164428697,0.21450809853979702,0.576036866359447,0.39737358907243964,0.3970984159449989,0.0772024659978646,0.6007411455640647,0.44833346804535545,0.0013537266127838369
33,volatility,top_3,434,434,0.08123573927916687,0.08435617044034538,-0.1292254823382769,0.30589640538630375,0.619815668202765,0.23320665659652778,0.23358168537002785,0.12072880588072696,0.6107597266010835,0.46552111434346366,0.022367621575896952
33,volatility,top_6,434,434,0.023026081337675943,0.03221486744126714,-0.07658561349135362,0.1340914303832915,0.5875576036866359,0.3491604129597071,0.34882691074219463,0.04357561649886453,0.6326321119753213,0.4423429628217044,-0.025299206349343222
33,volatility,flag_nested,434,434,0.04339608634279291,0.044683547774210214,-0.09846575948532119,0.19304890377477418,0.5921658986175116,0.21117253554332832,0.21116243453321554,0.0805090850791564,0.6097685565365369,0.44364296129097724,-0.0009615142282486343
34,volatility,market_1,434,434,0.025300067616007702,0.013256364749961596,-0.05651604563689451,0.10410105232430532,0.5622119815668203,0.03639579129507854,0.03638346372948411,0.04376260425962921,0.6635433504465066,0.4489344564203526,-0.045107608562730994
34,volatility,block_2_3,434,434,0.07386578130204341,0.06462867989760791,-0.14007179423744512,0.25099451964788877,0.5852534562211982,0.23443889781502217,0.2353943614054379,0.1055492807289197,0.6394014163911556,0.5031793765935145,-0.005299858987826921
34,volatility,block_4_6,434,434,0.057874133342204134,0.06440381804263894,-0.17724853885628433,0.27015393091285145,0.5737327188940092,0.43744602044685427,0.4369955516851952,0.06957107514212996,0.6045578584818249,0.45135467917738403,-0.009263142837988306
34,volatility,top_3,434,434,0.07335105670055253,0.06477020517823046,-0.13118213432374837,0.24263552540252528,0.5898617511520737,0.23750514898889316,0.23845138817995734,0.10491848827389165,0.6406262487619174,0.5016570378926231,-0.005671401941990994
34,volatility,top_6,434,434,0.03813926444260857,0.04208613497605561,-0.12531929712111398,0.17477519707055442,0.6036866359447005,0.38684191551485314,0.38621606765202826,0.04788302022583808,0.6105755809929774,0.4383195406424661,-0.025696578009740522
34,volatility,flag_nested,434,434,0.05684332321518809,0.050484129648426135,-0.12976718153177058,0.23104593895447048,0.5714285714285714,0.22520858635373528,0.22544975756670685,0.07471249161198434,0.619055009965795,0.4533713003843164,-0.008328490137004199
35,volatility,market_1,434,434,0.011590722032746265,0.015375446565965005,-0.07405410444334544,0.09589890866396736,0.5460829493087558,0.035949069093054925,0.03596248801564682,0.055763721861170124,0.6744960850406945,0.4625182633596382,-0.02555298830955301
35,volatility,block_2_3,434,434,0.08742838693085948,0.07489502232040227,-0.08141660371992253,0.2651810948949246,0.6267281105990783,0.2214002774194272,0.22115036157321652,0.16726696867007826,0.6330497674254068,0.48126814845855803,0.05745275189096857
35,volatility,block_4_6,434,434,0.07225856321893151,0.06443669403562162,-0.09719544276326898,0.2566943828244733,0.6129032258064516,0.39360397397878466,0.39285935154260504,0.10295116331406269,0.6228364739731451,0.4736508932482963,0.029701273745196145
35,volatility,top_3,434,434,0.08503508461092225,0.07354657676707346,-0.08112045203625853,0.2595632937814264,0.6267281105990783,0.22435354627792622,0.22409973289978283,0.16327928343044143,0.6346085941302935,0.479748636533575,0.05491058345768798
35,volatility,top_6,434,434,0.04442319902628496,0.03489744471343347,-0.09425728712950839,0.1732000991904168,0.5829493087557603,0.34991069540190367,0.3498263659385889,0.05370051977876236,0.6428972515689689,0.47576136601246866,-0.01573290147736551
35,volatility,flag_nested,434,434,0.06369964006512573,0.05382614161227994,-0.07258691362740606,0.2049774930229921,0.6105990783410138,0.20746971375509438,0.207264385222942,0.10731860638598599,0.6275663940926975,0.4639061165202995,0.024594670948042456
36,volatility,market_1,434,434,0.033109817818257024,0.021243264389606005,-0.046684950948433473,0.11037956812443607,0.5829493087557603,0.036458758230782935,0.03652823508212835,0.0486938152263851,0.6740185886558061,0.46160126649982725,-0.038873276456754584
36,volatility,block_2_3,434,434,0.08902582073186685,0.11140159684543115,-0.10271412821921193,0.2963935442059365,0.6267281105990783,0.21525171932761133,0.21664984004296645,0.12808064752481088,0.6580052691722106,0.49436270638135155,-0.004765304855399581
36,volatility,block_4_6,434,434,0.04555154182855657,0.07316110888781349,-0.1441278172967751,0.24755038296191442,0.5852534562211982,0.3838261159842626,0.3856861237393303,0.06013107247636718,0.649156349746537,0.4839009938238645,-0.03295855983998653
36,volatility,top_3,434,434,0.08638226226427519,0.10440437835600275,-0.09534451458771775,0.2797208390960919,0.6290322580645161,0.21833603016520456,0.21971508851053143,0.126308774276637,0.6591196159484548,0.4930460516398008,-0.005506766395115229
36,volatility,top_6,434,434,0.024000440519170857,0.043438075437545604,-0.11422143984639663,0.17001398482238464,0.5783410138248848,0.3492123795555344,0.35033166157656276,0.029945843929871183,0.6468199956279304,0.46715155086480065,-0.044237775499432065
36,volatility,flag_nested,434,434,0.048382466418681776,0.0689659854139138,-0.10232217958647655,0.2098492997407691,0.6129032258064516,0.202209898600938,0.2031418192599455,0.07233795936515505,0.6557102426387827,0.4782703222961355,-0.02688065296643157
37,volatility,market_1,434,434,0.03579882096154742,0.0322624930360567,-0.04379870002224645,0.11503467853289302,0.619815668202765,0.03640998814016941,0.036447714962409616,0.05218795627981747,0.6643120440816029,0.44919697727634134,-0.03403646205285567
37,volatility,block_2_3,434,434,0.08785232892918224,0.09923478882073394,-0.13610083301094392,0.3322119791121645,0.6267281105990783,0.24350165899460038,0.24517141130417955,0.08392622197129822,0.6066631652039253,0.4934870170520711,-0.008105060570054655
37,volatility,block_4_6,434,434,0.06878771937705684,0.08071439538501651,-0.09217129568291467,0.27034288675892265,0.6152073732718893,0.4009291937953345,0.4013378482141017,0.06987726174719419,0.591474871339449,0.45430453894501815,-0.033917980012853795
37,volatility,top_3,434,434,0.08438289973282492,0.09787271600705026,-0.13208895894235903,0.3286787344953932,0.6267281105990783,0.2462846579024332,0.24794377268961146,0.08227989464146516,0.6077971562818698,0.49180002012892143,-0.009930200636761578
37,volatility,top_6,434,434,0.0510976547277573,0.04911043983171253,-0.0751390491006174,0.20452815558331944,0.6152073732718893,0.33975034325512665,0.33932816334058374,0.0572002898052184,0.6366392028736761,0.4450202362389353,-0.03708411159732611
37,volatility,flag_nested,434,434,0.06643112604671675,0.0660042985363622,-0.05622683382772087,0.22870824896274386,0.6359447004608295,0.21374157600822535,0.21427063033031646,0.07362972376278953,0.6060292803119809,0.45629501827911384,-0.02436710267637773
38,volatility,market_1,434,434,0.02425271123301377,0.019082625228793337,-0.05628677328018863,0.11122137323158743,0.5576036866359447,0.03609506793696796,0.036055008037002935,0.050601923166634886,0.6684847562098081,0.45516618906274336,-0.045821318111172536
38,volatility,block_2_3,434,434,0.10539683643467204,0.13104592293197892,-0.12849698197579887,0.36462338340947165,0.6428571428571429,0.24807821654284856,0.247458021617682,0.13537118032979267,0.6304427834007914,0.49230991094361176,0.04083500115940905
38,volatility,block_4_6,434,434,0.06880858526927998,0.08926609085330786,-0.14018119364646336,0.284936277021265,0.6059907834101382,0.4243038803377882,0.42083009267897925,0.06666584101664261,0.5959799993352114,0.4430815622749996,-0.003525530735614377
38,volatility,top_3,434,434,0.10282684744597369,0.12807793654769134,-0.12528564493404665,0.35631002432693243,0.6405529953917051,0.2507476846636013,0.25013365580068064,0.1335018950995053,0.6313711438208209,0.49014394173811604,0.038435968771329175
38,volatility,top_6,434,434,0.04123661124294655,0.036846189755518975,-0.11179125499623094,0.19935887754325338,0.5829493087557603,0.36363883242988426,0.36031597019410744,0.039690974393230806,0.6079082895470864,0.4305508203381316,-0.03467872548311724
38,volatility,flag_nested,434,434,0.06558145012735458,0.0807911992750125,-0.101956751348088,0.24536738452880097,0.6129032258064516,0.22254513727480218,0.22117363553764313,0.07517335341753842,0.6135374599575937,0.4477062567554574,0.0001448375349999103
39,volatility,market_1,434,434,0.019377280156167857,0.016185996092125746,-0.05587838496728803,0.09698184109204588,0.5506912442396313,0.03587779703185279,0.035932980936140564,0.035435021356323454,0.665043115693455,0.45057310972196,-0.04607976665665429
39,volatility,block_2_3,434,434,0.04788884755211502,0.05473029194928575,-0.11513546748900101,0.22664880117412722,0.5898617511520737,0.21996948355373372,0.2197615864153049,0.08943541788980996,0.6553823621025701,0.49686107695540277,-0.005499719524204048
39,volatility,block_4_6,434,434,0.08625421147182341,0.07903661845503088,-0.08731613334426232,0.2575661150491101,0.6497695852534562,0.40490387514235726,0.405626776121502,0.051510511739774216,0.6265464144232582,0.4545532424530909,0.0011724319986781775
39,volatility,top_3,434,434,0.04644602172959604,0.04920110099248161,-0.113848549885916,0.22036502011470827,0.5898617511520737,0.2228538447086888,0.22265828106456348,0.08897472495925554,0.6566823641959337,0.49629983226636887,-0.006064942961808943
39,volatility,top_6,434,434,0.07477753830744918,0.06721600755008184,-0.07740283500241721,0.21084682565115298,0.6336405529953917,0.3692976821611708,0.3701501543131255,0.023864716969219785,0.6176801950674353,0.44035243347345815,-0.013576304212383645
39,volatility,flag_nested,434,434,0.06845157385052943,0.06470491468726491,-0.06224000117499327,0.1956799692062293,0.6451612903225806,0.21061973921919663,0.21085720279219217,0.05465699192909958,0.6411121809661323,0.46048173521166924,-0.008112663425464321
40,volatility,market_1,434,434,0.036490160125551965,0.027544436514243896,-0.04653171706399746,0.11123464333633253,0.5898617511520737,0.03562420445974202,0.035623890801626104,0.06501265582818197,0.67397667663386,0.4614632916847689,-0.016141749789333634
40,volatility,block_2_3,434,434,0.06173272056682745,0.06543969281985404,-0.11445200140526582,0.2334801641807372,0.6105990783410138,0.23520788704286558,0.2344327752694674,0.14198611222265198,0.650296039729035,0.5163309927324367,0.03268829653141378
40,volatility,block_4_6,434,434,0.05114294197462186,0.047528378838064,-0.15781702072495926,0.27705019385839724,0.5645161290322581,0.4262061727287094,0.4221534018101167,0.07462849400994578,0.5894141488199505,0.45396928196442976,0.0010806785657974437
40,volatility,top_3,434,434,0.06129339483189511,0.06099822008493941,-0.10497792198542698,0.22821003753183222,0.6105990783410138,0.23819970790410736,0.2374372970463539,0.1394745543684771,0.6499068683915676,0.5132477427506701,0.031190137436962993
40,volatility,top_6,434,434,0.042019463009285336,0.03876723775430979,-0.13809089402637156,0.21708089763266541,0.5552995391705069,0.37563194076808326,0.3714386047786047,0.04106008675764313,0.6020459719410792,0.44157851456699765,-0.021325962455817415
40,volatility,flag_nested,434,434,0.05192625907170095,0.03598031833622033,-0.10973801507591918,0.21706772350725506,0.5714285714285714,0.22117828739854759,0.21950662488622938,0.08185461443526569,0.6088937325644176,0.4533073564665979,0.005985629029137729
41,volatility,market_1,434,434,0.026522633805764886,0.02021989582489629,-0.04751099640953529,0.10174548216355325,0.5668202764976958,0.03643417628458172,0.03643239875094934,0.04475584775364118,0.6641350501264994,0.4517644439982465,-0.04894410047641899
41,volatility,block_2_3,434,434,0.13040147080334208,0.14627184618407962,-0.06908147113661182,0.38301986723129,0.6728110599078341,0.2370307231301136,0.23682611948021068,0.1944221955158705,0.6488460373004926,0.5118736897963883,0.053052591419602904
41,volatility,block_4_6,434,434,0.07277770219351294,0.10189578652793027,-0.07855257221491752,0.28475223677477574,0.6382488479262672,0.40825502157033383,0.40731887460359134,0.12304585206567656,0.6231060641390964,0.48369008117954704,0.009615580643922572
41,volatility,top_3,434,434,0.12672177251819408,0.13928964953949463,-0.06445321807075806,0.370570459049317,0.6728110599078341,0.23995187325289624,0.23973835678438113,0.19011261723041484,0.6496523541242646,0.5097505205621087,0.049996935012971325
41,volatility,top_6,434,434,0.029976994086343994,0.04257784501616581,-0.0895828211294972,0.1754819897184189,0.5829493087557603,0.3578140907565049,0.35681356005953185,0.0719171704989397,0.6329088396138898,0.47048232035642423,-0.032227466770877865
41,volatility,flag_nested,434,434,0.07094615428903517,0.07669403253316787,-0.04991183565222944,0.23522767190149213,0.6543778801843319,0.21572974095421704,0.21535697645202237,0.13134044445347576,0.6326703516522492,0.47602090446228246,0.016614423022957524
42,volatility,market_1,434,434,0.010623645713060698,-0.0013794102979374327,-0.07347093164032645,0.09090701407198246,0.4930875576036866,0.03651793433805869,0.036393752812621694,0.02254478848990167,0.6538668276200137,0.43597694490396116,-0.06261373145460494
42,volatility,block_2_3,434,434,0.061031395044256836,0.061451726800411895,-0.1297616126655748,0.2700549433676036,0.5898617511520737,0.21824485075623973,0.22030104701117068,0.0958459980873255,0.608243710278919,0.45752174509732935,0.007388502216711516
42,volatility,block_4_6,434,434,0.04641543521946484,0.047760861762832646,-0.13701478494369457,0.2127887543023329,0.5783410138248848,0.4044421003620096,0.4057491954010418,0.07399523649775472,0.5809738131119346,0.4466169750621437,-0.008052186951383164
42,volatility,top_3,434,434,0.058629188580720214,0.05942385645961491,-0.12470317939665411,0.2599274415977939,0.5852534562211982,0.22124656746909507,0.2232822466054825,0.09372148105928131,0.6099220098645228,0.45668487885698256,0.005241000418442106
42,volatility,top_6,434,434,0.04767656278759948,0.03262781276115681,-0.08123245440441211,0.16306913280641894,0.5783410138248848,0.36465178844638335,0.3650784597386659,0.058210099276270695,0.6070937824328514,0.44484960702233206,-0.019163366812491655
42,volatility,flag_nested,434,434,0.049268607091214944,0.04595997385791111,-0.09439445041894744,0.20061161523656645,0.6036866359447005,0.2114403511437677,0.2123816012216982,0.07789400021591514,0.59016307148858,0.4339723549304489,-0.004413594801245948
43,volatility,market_1,434,434,0.041220985401857396,0.03186498465327668,-0.04768274734766223,0.1194499996928354,0.5898617511520737,0.03663837662225192,0.03670685862131792,0.058518003787524635,0.6658532961058624,0.4516858579275408,-0.038301420867537635
43,volatility,block_2_3,434,434,0.07209366376428249,0.08122057626029833,-0.12663536819946528,0.293690938711749,0.5944700460829493,0.23394781922660238,0.23387536002870365,0.07924293068888051,0.6193931199690741,0.501822686587746,0.007216166714637877
43,volatility,block_4_6,434,434,0.029644230548893754,0.024282386979940222,-0.1638590243155422,0.2466373888122896,0.5253456221198156,0.4290845736918754,0.42919267997124455,0.01802882290526823,0.5781688548632594,0.4720963970331065,-0.0292155573709334
43,volatility,top_3,434,434,0.06912425897167618,0.08209162220329785,-0.12138466032054257,0.2892628350486175,0.5967741935483871,0.23676437002298248,0.23668406148150772,0.07645740258863207,0.6203260479130318,0.5001549706122281,0.0055244950015275
43,volatility,top_6,434,434,0.013871545279494059,0.02176404632500923,-0.12328097092672477,0.17108048918609997,0.5299539170506913,0.38232962722462177,0.3824429704085119,0.019405154154331236,0.5989944081493094,0.44470691914407706,-0.04805587101823623
43,volatility,flag_nested,434,434,0.03200495359060535,0.018988116025882282,-0.1310158493600403,0.2200909320186857,0.5414746543778802,0.22297456163100246,0.2230130443636889,0.03449606273640546,0.5904546860589476,0.4679949448101042,-0.02265769650457023
44,volatility,market_1,434,434,0.03927839092603455,0.025630990127855593,-0.043158748573465334,0.11847008913167571,0.5783410138248848,0.03603285094525108,0.036081335046226945,0.042485283472412726,0.6668154295755511,0.45452183118655254,-0.041511121870219166
44,volatility,block_2_3,434,434,0.0794672474545063,0.08824736105663682,-0.10508275140849503,0.2816468863236148,0.6105990783410138,0.22633176545147432,0.2260708763713194,0.06372458330226449,0.6263642405118808,0.49179222759685526,0.00014483253949065672
44,volatility,block_4_6,434,434,0.007639147570985954,0.03668487437236928,-0.19906034821664526,0.23755466354725358,0.5529953917050692,0.4090545874193084,0.4094189287304092,0.07307102595135484,0.5940473541942368,0.45113875254152946,-0.025434103463136713
44,volatility,top_3,434,434,0.07707341148988399,0.08376536717664657,-0.10116106088363944,0.2708489452944683,0.619815668202765,0.22925225546748945,0.22900781008879545,0.06358778702351969,0.6278897834518768,0.48992327629516147,0.00011030948714473744
44,volatility,top_6,434,434,-0.009795341710408636,0.013472296915341568,-0.1354176053891648,0.13915280301455268,0.5207373271889401,0.3663632598812438,0.3667963352952006,0.07806734387912363,0.6137294121067016,0.453194528927397,-0.03735244173319636
44,volatility,flag_nested,434,434,0.02130646300495575,0.03402044561611133,-0.12940014816475032,0.20560359911721396,0.5737327188940092,0.21371480879584037,0.21376816044389396,0.07728180022490927,0.6108538141319637,0.45080332305305,-0.01671394892197179
45,volatility,market_1,434,434,0.022353340773763653,0.019425400536917832,-0.049330707784729054,0.08824828785705821,0.5529953917050692,0.03560499596764142,0.03560307794711934,0.0508257243837578,0.665075377090711,0.45105538555495983,-0.03716137121091259
45,volatility,block_2_3,434,434,0.07382909845181229,0.058946669975565934,-0.13098006248926652,0.29848290073463374,0.5898617511520737,0.24873894071962488,0.24914098748694327,0.06908432058527414,0.619097041002735,0.5028851753240512,-0.011075902574761397
45,volatility,block_4_6,434,434,0.048493860704751285,0.018886822840109094,-0.15951288163714072,0.24074654076771645,0.5391705069124424,0.4008531901187626,0.40002992902041595,0.051640412797902546,0.6265991567462774,0.4754887909884859,-0.0031235068193703275
45,volatility,top_3,434,434,0.07147128323918427,0.05413590849428049,-0.12952319246925129,0.2931825992715943,0.5829493087557603,0.25149211231189467,0.25187905348764916,0.06654214985307279,0.6210932364650297,0.5009718062057514,-0.013333853396131917
45,volatility,top_6,434,434,0.026669784844744717,0.02382480492856595,-0.0803751196226111,0.14097452213936573,0.5599078341013825,0.33800447745161244,0.33688951861997235,0.04270473318282588,0.6528331215689969,0.4631719347612254,-0.018184738322884905
45,volatility,flag_nested,434,434,0.04985632327172096,0.02963826118416283,-0.11542220203505912,0.18594815703250464,0.5576036866359447,0.21475325378396604,0.21448474360360148,0.053706495163922015,0.6325964393261074,0.47327437860576366,-0.008431846882761856
46,volatility,market_1,434,434,0.03535268721326929,0.03885442571226015,-0.05181442942037167,0.11766569109264961,0.6221198156682027,0.03571049860716494,0.03566361251986222,0.05751626101017164,0.667246709525366,0.4532293595008143,-0.034292113501473244
46,volatility,block_2_3,434,434,0.09527871284304452,0.10552247830207,-0.14051621111849888,0.33599718881595153,0.6152073732718893,0.25483079680318765,0.2544533881815269,0.09950223878870619,0.5921711937622826,0.4672778062840484,0.02847240864663797
46,volatility,block_4_6,434,434,0.0655371649095104,0.056465429924526356,-0.14856059760904464,0.2849844716761629,0.5668202764976958,0.44414542498892357,0.4452354225005209,0.020486455862145547,0.5498207914580304,0.4616047940094034,-0.020519252055134586
46,volatility,top_3,434,434,0.09334519369936446,0.0990542868436307,-0.13225775372421839,0.3255832543428273,0.619815668202765,0.25748773500217603,0.2571095112824202,0.09872090610407014,0.5943425613327905,0.4667813312184003,0.0276065525646269
46,volatility,top_6,434,434,0.03993727283964602,0.031045897723630998,-0.10792913398672938,0.17321945219669482,0.5645161290322581,0.3786855324708217,0.38010557198239786,0.004632227833857753,0.5881936347297217,0.4637807749796902,-0.04590072498443819
46,volatility,flag_nested,434,434,0.07141067695487481,0.05842360159106691,-0.11560474363486398,0.2635289285340074,0.6105990783410138,0.23199691370457107,0.23232525447344174,0.036369703797414055,0.5628621701497062,0.4505708916896636,-0.009029488800163707
47,volatility,market_1,434,434,0.03156295212105421,0.03580139183659198,-0.047454104932621984,0.1142203490517252,0.619815668202765,0.03578844128377613,0.035774616845136165,0.05112184165949777,0.6700524000829072,0.4572107865988524,-0.0440662634412698
47,volatility,block_2_3,434,434,0.0900365499548071,0.0756853569251824,-0.09178140968638357,0.26956923152464357,0.6105990783410138,0.21417853717682897,0.21387108954633946,0.10560905741195625,0.6422630987718533,0.48725019123050856,0.013232812603163294
47,volatility,block_4_6,434,434,0.06014151749832693,0.05700236624081577,-0.10865732294987551,0.24396910878854117,0.5875576036866359,0.3736626868782709,0.3749517043757868,0.04597554295029677,0.6325182980773039,0.4893178766215593,-0.02695435485824555
47,volatility,top_3,434,434,0.08820559699071504,0.06678370528254916,-0.0904643077898255,0.2536597276901536,0.6129032258064516,0.21706442423929945,0.21675240013644612,0.10410196921275627,0.6438393880185651,0.4864047802662563,0.011826018947205648
47,volatility,top_6,434,434,0.028573417699507796,0.025612659373110774,-0.10360768704595517,0.1706682418773009,0.5668202764976958,0.33903009055186806,0.3408040292483366,0.023580947556185942,0.6461812910955201,0.47850868220726517,-0.054280582153151784
47,volatility,flag_nested,434,434,0.05959919036160905,0.0531954651261045,-0.09468602433666233,0.19818497952066116,0.6175115207373272,0.19879550015782804,0.1991320592461322,0.054274652515407244,0.6365048635580376,0.47958278535937104,-0.026406170591755367
48,volatility,market_1,434,434,0.022976812687299945,0.018518804828047804,-0.05657596024940674,0.09521916806860786,0.5645161290322581,0.03587003062355655,0.035873092428131276,0.03498391781139307,0.6711337944806204,0.45971628461355485,-0.04878512457004254
48,volatility,block_2_3,434,434,0.022965761501983185,0.05394973773396193,-0.15798594235898436,0.22501503564483205,0.5875576036866359,0.23221445984943512,0.23485275803296682,0.036678560655701235,0.6022295472252654,0.4661720760530723,-0.03869135127868962
48,volatility,block_4_6,434,434,0.020329895021705242,0.020985317264777884,-0.16975522929646966,0.2170475891095658,0.5253456221198156,0.39095358046436335,0.39585485398130993,0.02065146193718038,0.6073249115979954,0.44838625566153717,-0.04593652254815749
48,volatility,top_3,434,434,0.020454464532971135,0.04548416075210866,-0.15746935480129828,0.21539070249548192,0.5898617511520737,0.2350749581397884,0.23770218065449128,0.03474296509972708,0.6034920374759581,0.46428288504023274,-0.04057656429738252
48,volatility,top_6,434,434,0.027300883212887136,0.02936188270049267,-0.10754274841534017,0.1540212897203703,0.5599078341013825,0.34087814879235545,0.3439920798022932,0.03311895344470256,0.6445084560485729,0.4531609521415668,-0.03015789896408431
48,volatility,flag_nested,434,434,0.020289528850743484,0.021245282919556876,-0.11364636195483858,0.16565725839567533,0.5483870967741935,0.20772907123149995,0.2100580511629156,0.027923332813815017,0.6155209304703292,0.4476647253112054,-0.044182847575380185
49,volatility,market_1,434,434,0.0176292210072308,0.013942382641112468,-0.0631107714032545,0.09758139098893635,0.5576036866359447,0.03568828804938477,0.03549976151606476,0.038906202412993585,0.6622422157390656,0.4473785175542252,-0.04357775164137887
49,volatility,block_2_3,434,434,0.02296939187992179,0.02974189699003428,-0.15997055045022346,0.20941378560134866,0.5529953917050692,0.21822162304477144,0.21790039331449432,0.08171408975216794,0.6373401570191253,0.478425933730794,-0.011857574798727151
49,volatility,block_4_6,434,434,0.028092244081413083,0.035899794613680924,-0.14489645057685674,0.19432075051783182,0.5529953917050692,0.4053491145243051,0.4015373984672408,0.04463217651613043,0.6088435534980006,0.4719785219184459,-0.03163388458958216
49,volatility,top_3,434,434,0.022712922244934333,0.02977382290249106,-0.15091511729288748,0.20355822780062338,0.5576036866359447,0.22119642995923525,0.22085341716710524,0.08143763875328044,0.6382591186212367,0.47733402056984686,-0.012181437181688248
49,volatility,top_6,434,434,0.03519882711454792,0.025268469678211475,-0.10933992084855913,0.17421673503108714,0.5414746543778802,0.3664369467309854,0.36268721367986706,0.03331043895213603,0.6204848833775745,0.458069695428536,-0.03752059131232241
49,volatility,flag_nested,434,434,0.025000213391175943,0.017152732619134664,-0.09589824664001226,0.15411996061941727,0.5483870967741935,0.21118618079016027,0.20963358518307207,0.05419648058707224,0.619742380092293,0.4640900616893835,-0.025842872959624605
50,volatility,market_1,434,434,0.027082468536331394,0.02101634381712695,-0.05973965458559403,0.10836541575746228,0.5668202764976958,0.035885436486041394,0.035876495873766734,0.038893264238227594,0.6673128556292806,0.4535903118548699,-0.03371216199795158
50,volatility,block_2_3,434,434,0.08722914601218326,0.1048785223038497,-0.1095739506454988,0.31782521854290435,0.6336405529953917,0.23833083981455458,0.23843840895034116,0.10045563298383015,0.6330625161572464,0.4753726795296604,0.014648040923923453
50,volatility,block_4_6,434,434,0.034712406533942176,0.03698013934864597,-0.15457518415082327,0.22461091444344997,0.5552995391705069,0.39251194687476276,0.3881007789657033,0.055239266084468955,0.6175232480217289,0.45124179118707425,-0.029928914434060393
50,volatility,top_3,434,434,0.08513444825882223,0.09849020155262589,-0.10187576839378015,0.303905807609988,0.6336405529953917,0.24116628943398316,0.24127339516252055,0.09932210546703094,0.6343974003059359,0.47382151885674645,0.013441134126839283
50,volatility,top_6,434,434,0.031539019663997823,0.04843462777528461,-0.09659486739151982,0.1723293003128799,0.5967741935483871,0.3440001139646595,0.3393770522093291,0.04456591686350856,0.6233467274842406,0.4433659275600642,-0.0369503062564265
50,volatility,flag_nested,434,434,0.0424934884685159,0.040868153338764604,-0.11304727798782738,0.19229011171865795,0.5806451612903226,0.2097291669762692,0.20805608923286262,0.06544597898120906,0.6286177721177693,0.4505527061905196,-0.018448275174097934
51,volatility,market_1,434,434,0.018188253283877704,0.014859282031271587,-0.06818914949800547,0.08984434857200117,0.5576036866359447,0.0359801915909293,0.036045449689043434,0.027262702445284906,0.6658487409530789,0.45221059062582425,-0.06738284376651879
51,volatility,block_2_3,434,434,0.029005108398305647,0.0557636596921013,-0.17937126929327396,0.24819944800076266,0.5668202764976958,0.2447061084167678,0.24363737047668513,0.0533104328391993,0.6066355982933234,0.4818872882219022,-0.020762764401707497
51,volatility,block_4_6,434,434,0.031539788473841354,0.04100405426316117,-0.2014364781980306,0.24121003944923847,0.5391705069124424,0.42145795683397835,0.4211222813353104,0.02648630958395157,0.5875333196585806,0.4469613170259012,-0.028514133170960815
51,volatility,top_3,434,434,0.027792084911697403,0.05092884107381873,-0.15846102297757766,0.23391446184736234,0.5691244239631337,0.2475213930617145,0.24644562117509364,0.051672158752253575,0.6082342974876319,0.480613490212178,-0.021935255824667797
51,volatility,top_6,434,434,0.04513771297212986,0.044220169841908644,-0.10944173082513181,0.20991814228738498,0.5898617511520737,0.36497070062254655,0.3655940788491446,0.03930492889846395,0.6088471627286107,0.428369671412401,-0.03348863770054911
51,volatility,flag_nested,434,434,0.030997853811419326,0.041874352120276515,-0.142294960819346,0.19472531083306305,0.5576036866359447,0.22088698171816665,0.22053649924059274,0.035453227114927155,0.6030802807481788,0.4447416212159469,-0.025744650824027448
52,volatility,market_1,434,434,0.04140267143941246,0.04223078695134678,-0.0536795503052407,0.12727752137845316,0.6036866359447005,0.03673395273381404,0.0368064772929503,0.060235101478010034,0.666612204036075,0.4540954424571816,-0.02439472134011692
52,volatility,block_2_3,434,434,0.1349303892333731,0.11595206780891379,-0.07768866967639908,0.3225234698167156,0.663594470046083,0.22385045552139002,0.22297303099971805,0.17965862737004104,0.6766561165752454,0.5427825035547638,0.06661145021780221
52,volatility,block_4_6,434,434,0.1063536952022861,0.11210023083203562,-0.06501676111342196,0.29570729768447684,0.6728110599078341,0.400516281344984,0.40077411157222564,0.13863318302911587,0.6400112890133146,0.49075017018278255,0.04124642530341459
52,volatility,top_3,434,434,0.13184789939651695,0.11735823484063858,-0.07466022017811888,0.3144277376298015,0.663594470046083,0.22694220324730505,0.22608679727576864,0.17751234535194166,0.6769910580003919,0.5398196628923471,0.06471443971865158
52,volatility,top_6,434,434,0.07292061445187106,0.07768157667486744,-0.03197171250136085,0.20313317870121472,0.6889400921658986,0.35773371474432486,0.3583076130296953,0.07062555701173757,0.6363688242423124,0.4611909820767885,-0.007689968454285176
52,volatility,flag_nested,434,434,0.10257976610989387,0.09110544170402454,-0.0395471340200539,0.24283929047046687,0.6751152073732719,0.21029508183989487,0.21016319431865424,0.13579596330124002,0.6514941492461469,0.48877703721164933,0.03330676698747413
53,volatility,market_1,434,434,0.03411467533399733,0.02807010316135864,-0.04878796954588062,0.11018225505735163,0.6036866359447005,0.03603380464526626,0.035963591740021734,0.050706921519277456,0.6581546670557408,0.44348304997202226,-0.04004459481895423
53,volatility,block_2_3,434,434,0.09554567321746238,0.09636149693243803,-0.13976083864063704,0.32601780856163015,0.631336405529954,0.25433264216288226,0.25251526524133877,0.07747024845240143,0.6189756955473258,0.5129907598668371,0.029553177521940904
53,volatility,block_4_6,434,434,0.10188859326395396,0.09047089978807299,-0.07520582516355959,0.2852238548050794,0.6566820276497696,0.40197275110529546,0.4003125703234031,0.05542113190713849,0.6060238782319518,0.4737505513955541,0.0035724072112014228
53,volatility,top_3,434,434,0.09381267776824294,0.0976214493740379,-0.1304863374617688,0.31630444036809113,0.6336405529953917,0.2570955869676981,0.2552876764236428,0.07577027620995391,0.6198459388119772,0.5113987204728161,0.026444510104786753
53,volatility,top_6,434,434,0.06702265991471161,0.05706010126602755,-0.08168143597511039,0.1775609771182927,0.6082949308755761,0.33399526818747427,0.33371742162345014,0.05501812558439151,0.6400750283435012,0.44930163118249666,-0.012296264958929506
53,volatility,flag_nested,434,434,0.09602750062931567,0.08227234023371652,-0.05895199967938412,0.2444936359554086,0.6497695852534562,0.2165199792027948,0.21558202547999944,0.057313321483916504,0.6154976405046804,0.47199721256250216,0.005196106717923899
54,volatility,market_1,434,434,0.035581169067947574,0.0444956392428575,-0.051329878941072875,0.11864406727515904,0.6175115207373272,0.036448426397286876,0.03653101626623222,0.05073392805516411,0.6650906004575567,0.4512961683169594,-0.04350843284931385
54,volatility,block_2_3,434,434,0.07030579720836291,0.08586846154269777,-0.14483983254730665,0.29545908077653055,0.6105990783410138,0.24249467374653028,0.24505935795619205,0.08671270775994672,0.6318644338797214,0.5352521283170962,0.01924787780288113
54,volatility,block_4_6,434,434,0.0565403188648292,0.03941040700035187,-0.12416227059596968,0.23117718339178286,0.5622119815668203,0.3879079526763857,0.390024473124353,0.05949336054743616,0.6282589429884997,0.4884310333760785,-0.026024090900667412
54,volatility,top_3,434,434,0.0685269481443782,0.082840128057977,-0.14052469438668175,0.2861284439581716,0.6082949308755761,0.2453471406727143,0.2479216783112763,0.08553405188039566,0.6329475268746613,0.5316810260530076,0.017382213522246788
54,volatility,top_6,434,434,0.0451381920196448,0.025953514141744467,-0.08139953471081242,0.16673826513481382,0.5645161290322581,0.32883368140789293,0.3284307576431182,0.036134945677041085,0.6492159743246656,0.46445603705849503,-0.05468216119516515
54,volatility,flag_nested,434,434,0.0572668084265667,0.045295472556204,-0.08385720077924921,0.1958174513760264,0.5944700460829493,0.2092677257995765,0.2105817052789035,0.06764930675219458,0.6366046008366375,0.4878844348322437,-0.016499458738267688
55,volatility,market_1,434,434,0.01309588508984081,-0.0014943862698538685,-0.07174765149241845,0.08278814240479987,0.4930875576036866,0.03549731253675602,0.035572609453547795,0.03225643460251259,0.6680882433872871,0.4546604940688775,-0.0591922160929329
55,volatility,block_2_3,434,434,0.06756846338253072,0.07642497351039954,-0.13651507994565473,0.2827606108331653,0.6013824884792627,0.23309042199777835,0.23342950423673267,0.14976516252271171,0.6203558008714508,0.497904209586958,0.026404852532391113
55,volatility,block_4_6,434,434,0.043741130043214824,0.036339743434533556,-0.1670369095670013,0.26733298357367247,0.5506912442396313,0.4187839975236959,0.42037624112254596,0.08670495031882797,0.6093324918766843,0.47246997700238996,0.003121913880327618
55,volatility,top_3,434,434,0.06451494689958812,0.07195406902623624,-0.12957753739867642,0.2724266885367718,0.5967741935483871,0.23590902973761818,0.23625667068590483,0.14670330209116123,0.6221447772480543,0.49644349549029526,0.024301669557835057
55,volatility,top_6,434,434,0.03713304392276537,0.03800664023862097,-0.10430288414470452,0.19711470835730155,0.5829493087557603,0.36884694486621844,0.37051567976056576,0.0349423708281934,0.6275535523763967,0.4478563602401745,-0.02980179739713403
55,volatility,flag_nested,434,434,0.046544407058848075,0.04623898286851341,-0.11473533101645172,0.22523689377217618,0.5691244239631337,0.21918432593074189,0.21984215443575592,0.09573838803305747,0.6169353487270307,0.463104229818307,0.002728658906573505
56,volatility,market_1,434,434,0.044949842948632385,0.0393063985619187,-0.03239787255635572,0.13328088177550093,0.6175115207373272,0.03614014757402659,0.036196165039950406,0.0659811607807076,0.670472798830452,0.45789441769667116,-0.03418284232689615
56,volatility,block_2_3,434,434,0.07258590585744307,0.06301814184745919,-0.15463839245803435,0.280375006971664,0.5875576036866359,0.22924843691897587,0.23003471938052866,0.1416336234975056,0.6458939540708715,0.48655977551696633,0.018852586344900515
56,volatility,block_4_6,434,434,0.035454035964793226,0.024740174074892655,-0.16367186185162444,0.2173129380252361,0.5483870967741935,0.412872281463875,0.41537519452111865,0.10062850999530498,0.6136591267834458,0.47203054376603926,0.009888861931849053
56,volatility,top_3,434,434,0.07017256815958763,0.06088904792001022,-0.14518902640078757,0.2747490334612949,0.5852534562211982,0.23211117799981335,0.23290403370524673,0.13950457345065165,0.6471877400393874,0.4856380505753525,0.017307485254621318
56,volatility,top_6,434,434,0.01590583154978881,0.026114417397173663,-0.13167999806371478,0.1516708088630738,0.5576036866359447,0.37003302012108835,0.3722578622433718,0.05239344989811146,0.6168521739245129,0.4670625598121289,-0.03064050175495464
56,volatility,flag_nested,434,434,0.045413828859480566,0.03490431913187615,-0.11620944247447323,0.1868128063375914,0.5852534562211982,0.21593684392872256,0.216957417590716,0.10439846297433836,0.6264803692891231,0.46749302070003845,0.006076774203816583
57,volatility,market_1,434,434,0.021150230579987186,0.021412406403490687,-0.05054170068565516,0.09165934689494735,0.5829493087557603,0.03552392284539739,0.035526821197665856,0.03529027795739128,0.6725101640794171,0.4602819625640008,-0.05450929708633937
57,volatility,block_2_3,434,434,0.08146942420610612,0.09060888310887522,-0.134298091369779,0.3511874964105639,0.6129032258064516,0.24941179645007222,0.2515973856046441,0.08208850490320647,0.64336709223112,0.5337634776261515,-0.00623946209734109
57,volatility,block_4_6,434,434,0.08258809390860357,0.09185490738903056,-0.08574401318396543,0.2630024892429186,0.652073732718894,0.42133397853080956,0.4235011979151702,0.07008378735044098,0.6280710450844466,0.48007178725981303,-0.003935457887317556
57,volatility,top_3,434,434,0.07909242644250782,0.08228533411155065,-0.1310344183190249,0.3376299236219015,0.6221198156682027,0.25205377426686093,0.25423066688033,0.08070749630155084,0.6437012273400424,0.5310331925302517,-0.007790786215652407
57,volatility,top_6,434,434,0.05975522080718057,0.048240296091879104,-0.07815101350840042,0.21646291736177656,0.6105990783410138,0.36087710445010496,0.361516347394349,0.0688494300148979,0.6386480050332016,0.4605826153359782,-0.020848430620535284
57,volatility,flag_nested,434,434,0.07050487414342226,0.08135643849704235,-0.05753677142593424,0.21745790021231898,0.6566820276497696,0.22197512342383816,0.22318504120388297,0.06592321971142438,0.6351554959950375,0.47736147759766195,-0.012275116756717885
58,volatility,market_1,434,434,0.01812465759226076,0.00380872071877727,-0.06751278274908977,0.09957541367368021,0.511520737327189,0.03565931123794048,0.03567013311387609,0.052873948365832944,0.6713668505103444,0.45953571389223874,-0.035966292884088515
58,volatility,block_2_3,434,434,0.05673373223917654,0.05575620897090242,-0.17397129588043833,0.28025064346770523,0.5714285714285714,0.2371417742066108,0.23496310447803723,0.05921512200716436,0.6373989511311418,0.511478702717354,-0.00613346093593156
58,volatility,block_4_6,434,434,0.04255260936051964,0.04984025076651985,-0.18727347679184136,0.26748831863722417,0.5552995391705069,0.3988445552378953,0.4019023424157613,0.051596592741881414,0.6059622785551795,0.4923877703444521,-0.0006097907738214296
58,volatility,top_3,434,434,0.05460499490045359,0.054494064555772825,-0.16352927220770702,0.27589378533988507,0.5599078341013825,0.23988955018581837,0.23773216747059042,0.05842926760081848,0.6385198276566153,0.5099163639748339,-0.006934256931185588
58,volatility,top_6,434,434,0.040234681888542005,0.04083928020734076,-0.11248224817645294,0.1969100892269104,0.5668202764976958,0.3470780843966849,0.3510750983549446,0.053581955472376055,0.6257125978681614,0.47064224073820904,-0.014422619187469524
58,volatility,flag_nested,434,434,0.04183979110846951,0.05418287470525021,-0.12030123468911977,0.21867269078737395,0.5645161290322581,0.21228698510884592,0.21294835638118076,0.05359816814399219,0.617090858070376,0.48747911193298105,-0.006811027947161535
59,volatility,market_1,434,434,0.0140526580694849,0.0056411024708413575,-0.0643577839664341,0.09685300538564164,0.5138248847926268,0.03563496178009444,0.035662202129433364,0.02338819564704284,0.6612309374446838,0.44541386603052746,-0.05487594327311612
59,volatility,block_2_3,434,434,0.025435670853839482,0.03385249846315706,-0.16422594896304868,0.2356165055983019,0.5645161290322581,0.20946817370647866,0.21060711748304012,0.03353764309062888,0.6469840856174291,0.48773151242288415,-0.052440483334017796
59,volatility,block_4_6,434,434,0.059373602981944766,0.05317266819971436,-0.10220896272905622,0.24413797915553428,0.6013824884792627,0.37490297633820574,0.3759001473739356,0.05551441166137623,0.5962850786657543,0.4688088530231234,-0.027284341101626673
59,volatility,top_3,434,434,0.024325940786329808,0.03641466457003777,-0.15568703413608037,0.22753727859604211,0.5645161290322581,0.21238984386434534,0.21351374808824963,0.03260925618408723,0.647775473062183,0.4863262595371535,-0.053731857685371656
59,volatility,top_6,434,434,0.06437848693975735,0.0460002505392714,-0.06582161564452635,0.1765090874807356,0.631336405529954,0.3455206745070471,0.34649155439078194,0.06743224984941415,0.6067063849547565,0.45468846001682217,-0.018383811957735145
59,volatility,flag_nested,434,434,0.046759333167423305,0.04012520099859579,-0.0904604062624481,0.19476035632668112,0.5944700460829493,0.1981445619736757,0.1988779233121154,0.04955842665460744,0.6133505361756598,0.4639602342431613,-0.035526783018501026
60,volatility,market_1,434,434,0.018871561818038216,0.007300482218316846,-0.06512610079990433,0.08176303835111626,0.5345622119815668,0.035389675874507615,0.03551909449655502,0.04269198764321365,0.6708741261002996,0.45677288550745543,-0.04160938650654526
60,volatility,block_2_3,434,434,0.040393163214326046,0.04565465073603711,-0.1461330743919884,0.23472700067597396,0.5852534562211982,0.23847703722075386,0.24171384972263585,0.09432880269212598,0.6000154698375536,0.4603962449094089,-0.008104660553104555
60,volatility,block_4_6,434,434,0.006429548115167679,0.023973866497373108,-0.17765599057567533,0.1709673363509667,0.532258064516129,0.4177795564418422,0.4193207331230666,0.038843257216971704,0.5727331217518058,0.4419583744824888,-0.03929241325003156
60,volatility,top_3,434,434,0.03963890688952923,0.04678952197534948,-0.13995785751001077,0.2228767554774481,0.5898617511520737,0.24146576477431453,0.24468143311466628,0.09344850135572767,0.6013027731387549,0.4592948462379121,-0.009128597267346949
60,volatility,top_6,434,434,0.011836102152508807,0.04547894067189878,-0.11083972420043589,0.14099630310823097,0.576036866359447,0.3578979976245768,0.3582283772135869,0.020641991627045945,0.6102664851637054,0.45136349115006136,-0.040268690201293894
60,volatility,flag_nested,434,434,0.01532528722808806,0.025058567821701835,-0.13308720952598008,0.1563226041935625,0.5483870967741935,0.21937989396729757,0.2206275131440729,0.0544332373747434,0.5854068960929355,0.4386950656956741,-0.03294434150165508
61,volatility,market_1,434,434,0.01827390270454301,0.011910527258279522,-0.06005597467589225,0.09017636114105015,0.5414746543778802,0.03583349526928094,0.03585294718486034,0.03523397686375114,0.670843837266165,0.45887246088797995,-0.046593872573222575
61,volatility,block_2_3,434,434,0.03932817287721836,0.04969699959476341,-0.23380263504120904,0.30128403597309245,0.5414746543778802,0.26361806449469793,0.26318946771248264,0.07926517918876001,0.6202359943866527,0.5114521105646678,0.008189724033961041
61,volatility,block_4_6,434,434,0.030688681185721132,0.04965807716485494,-0.17957495408684992,0.2397865990914437,0.5622119815668203,0.4316375335743509,0.4329939633186837,0.04088254622835514,0.579119887192979,0.453444053135452,-0.013526431742474036
61,volatility,top_3,434,434,0.0384154822796553,0.04429859110388333,-0.20989426389260385,0.285273298293519,0.543778801843318,0.26617071774366613,0.26576573608066945,0.07800423387392431,0.6203854081063158,0.5083199296863196,0.007116869495572716
61,volatility,top_6,434,434,0.022398491671735524,0.025948426906679027,-0.1043746666801995,0.16884286158936654,0.5714285714285714,0.3605216307996408,0.3619089979806929,0.02508984693595052,0.60503625283759,0.43269861799251536,-0.04421753331124742
61,volatility,flag_nested,434,434,0.02800619705128119,0.04137738352436892,-0.14650393373508522,0.20104477582705527,0.5506912442396313,0.22901547545666467,0.22951064791241874,0.044380451014749876,0.5920421770932884,0.4513408717881093,-0.015332209854761799
62,volatility,market_1,434,434,0.029513830381352215,0.02399818094446418,-0.05809483696496055,0.09848934093691801,0.5622119815668203,0.03597093118379709,0.03594073755608312,0.047202756251347525,0.6659695613899459,0.4521579871052429,-0.04158884614375953
62,volatility,block_2_3,434,434,0.06832236436541779,0.08057885445092264,-0.14306511997470756,0.29164953347923506,0.5691244239631337,0.2037431875873402,0.20353085930404644,0.11367893904621003,0.652935738343587,0.48041725611690833,0.0019798832296264194
62,volatility,block_4_6,434,434,0.038336896713587094,0.05975186274655958,-0.11943834772357706,0.23264325885804546,0.5691244239631337,0.38447315023914397,0.38322232639677506,0.12009200766632269,0.6290677319225071,0.4688093438958025,0.000789858537922063
62,volatility,top_3,434,434,0.06712997992108478,0.08389370658913009,-0.13396332912317346,0.2841907779842329,0.5714285714285714,0.20671889164059198,0.20649808312670384,0.11230928408231867,0.6539051864992611,0.4788515787994888,0.001586328620317808
62,volatility,top_6,434,434,0.027774937787822612,0.047898831838327924,-0.08723585121178291,0.1667025698869149,0.6175115207373272,0.35833219302708036,0.35728867267796854,0.09066344607949153,0.6283000079249627,0.45277692380641366,-0.021295800271615168
62,volatility,flag_nested,434,434,0.03787575656394729,0.0383057485350871,-0.09174525706389615,0.20447274516693428,0.5622119815668203,0.20054583306340606,0.2001236260163117,0.11186276095604901,0.6376823561131462,0.4584387141472655,-0.002019413170758639
63,volatility,market_1,434,434,0.01804440037282099,0.008958973911009464,-0.060738814649278244,0.09428233345596683,0.5368663594470046,0.035785322957542144,0.03575287180843373,0.0289145094592972,0.6629811536791005,0.44952221691917654,-0.05920009319333357
63,volatility,block_2_3,434,434,0.07102771295125272,0.07702276731705093,-0.17862983458827364,0.30841447280052764,0.5783410138248848,0.24052180124721242,0.23927991892557632,0.0651078134685036,0.6154912013425367,0.480039129365716,-0.005979084997926117
63,volatility,block_4_6,434,434,0.030706469746465775,0.03183635153622846,-0.1666020607726533,0.2395971761615061,0.5391705069124424,0.414199831832702,0.41011074536616315,0.013028041972586307,0.587409404411657,0.46401737295700096,-0.050054015455024685
63,volatility,top_3,434,434,0.06947785934153881,0.07461266753788154,-0.1711473361154608,0.30319374586986936,0.5852534562211982,0.2432886105470574,0.24205627461693063,0.06333948997358615,0.6175683212654504,0.47986275797967387,-0.008441495692968294
63,volatility,top_6,434,434,0.018742889553100703,0.01930980653547478,-0.09808728321413977,0.14587588662180725,0.5483870967741935,0.3566555659355688,0.35292392065007444,0.014289272466779447,0.6086844340297158,0.4505952994326284,-0.051553927571119575
63,volatility,flag_nested,434,434,0.03967485574685152,0.04465293451045203,-0.11630761382664341,0.20267866886607078,0.5783410138248848,0.2184955065058934,0.21673515592228512,0.025299790861290913,0.6005849315472274,0.4569885682501124,-0.039596461599307776
64,volatility,market_1,434,434,0.009390453851208801,0.001683657315295982,-0.07636304654277792,0.08762338629486222,0.5046082949308756,0.03629540771306397,0.03635350949826657,0.040132398636425225,0.6589522508859842,0.4432901480687375,-0.04473523423734619
64,volatility,block_2_3,434,434,0.03966461861625011,0.04214457740484269,-0.15808436990901228,0.2413588956564986,0.5898617511520737,0.1935436868932042,0.19359373019524373,0.03552897658437714,0.61583161633849,0.43802203408277274,-0.026777074020968277
64,volatility,block_4_6,434,434,0.05586109146432576,0.06568260664401895,-0.09343691012841608,0.22058984989444086,0.6082949308755761,0.3635947608837325,0.36330400081749814,0.024069762163764462,0.6052104406366055,0.4424413600004842,-0.03075283530631221
64,volatility,top_3,434,434,0.038558441694949784,0.04262907748522969,-0.1492497894370817,0.23128083737671434,0.5875576036866359,0.19662222155728998,0.19667800998492685,0.035155661219349196,0.6173129551113055,0.4372553617688395,-0.0287207060673207
64,volatility,top_6,434,434,0.04571635229688534,0.04831949236657465,-0.060651947808888634,0.1522960602241408,0.6221198156682027,0.3509835072917892,0.35068333500562715,0.024185075782283325,0.6126640947040441,0.4437633943569695,-0.03615126850462749
64,volatility,flag_nested,434,434,0.04469162948886058,0.05352798102296573,-0.07865915489360627,0.1664157265585116,0.6244239631336406,0.19237940749284146,0.19232464356939588,0.026422797119993086,0.6108769008821733,0.43288336858742393,-0.03128683913759936
65,volatility,market_1,434,434,0.035777669652133505,0.028618711656647835,-0.055471873244822015,0.10312017124607817,0.5875576036866359,0.036354648071938236,0.03632687080027917,0.04363871556327416,0.6606572858046642,0.4465221483189129,-0.035109988278449134
65,volatility,block_2_3,434,434,0.05451825471147308,0.07757090452245224,-0.14895058916474502,0.24816301983791828,0.6013824884792627,0.21341603691083977,0.21381140851733488,0.06860908689501118,0.6575325254271227,0.4949200616698973,-0.03922828086733326
65,volatility,block_4_6,434,434,0.05182423276162966,0.054057005929151185,-0.1237214407910951,0.21641691268956015,0.6036866359447005,0.35045407265237705,0.3501208292070601,0.06232787574613345,0.6435704958411333,0.46248217480111853,-0.042722360252489794
65,volatility,top_3,434,434,0.051805428613457695,0.07474088572073206,-0.14355775671533086,0.24133580465988952,0.6036866359447005,0.21630314806017523,0.2166918159431943,0.06690052437091794,0.6584661808659531,0.4934542508709961,-0.040326926515954695
65,volatility,top_6,434,434,0.045745374865572785,0.044578851284833895,-0.05731038916723988,0.14816463166963292,0.6152073732718893,0.3202152126995076,0.3194438336313698,0.05169166622837906,0.6422666238127686,0.4425953883320944,-0.03918353110423065
65,volatility,flag_nested,434,434,0.04875523761201992,0.05005198511301156,-0.09049656601261556,0.17782315498992543,0.5990783410138248,0.19061475438670317,0.1905626645921472,0.05986723216096863,0.6543033956928558,0.4633696552949228,-0.04335829541913614
66,volatility,market_1,434,434,0.025709500282648637,0.020532344266073366,-0.0516780464023183,0.11087629991506909,0.5645161290322581,0.03573926489268223,0.035805960963923515,0.054430776893072054,0.6644461600961895,0.4517743539584404,-0.029915636140986746
66,volatility,block_2_3,434,434,0.04961679348600834,0.06891497182216705,-0.14114100929299692,0.25099899863591874,0.5921658986175116,0.20862326889555396,0.20221651728505616,0.10317417097354976,0.6391335496013631,0.4839664915757397,-0.008159309530555625
66,volatility,block_4_6,434,434,0.09530129360666795,0.08617348432772584,-0.058152371013462316,0.24797600928147764,0.6705069124423964,0.3600387798007121,0.355366775247729,0.10037292574839361,0.6385898018500679,0.4647920089174158,-0.014329798377138818
66,volatility,top_3,434,434,0.048031425762819595,0.06510644518051653,-0.1293361182838356,0.23894626576441097,0.5944700460829493,0.2115988250508187,0.20522032547558447,0.10119547080331431,0.6418282449758467,0.48358158224202946,-0.010335719860972394
66,volatility,top_6,434,434,0.09333228765600894,0.07723582863539269,-0.02957595587050066,0.21107237659170588,0.6797235023041475,0.32776289507743045,0.3283640622578117,0.0856641716643768,0.646906180949024,0.45419089557512643,-0.012892677402800791
66,volatility,flag_nested,434,434,0.0769543893337397,0.061648845866883614,-0.04031598712839146,0.19080402385765952,0.6866359447004609,0.19276767896936436,0.18973627229790224,0.09215531218317186,0.6445741746227248,0.46060780406243146,-0.016414383235824417
67,volatility,market_1,434,434,0.035794878753784204,0.029945706845788525,-0.059803114187078024,0.1182937496386131,0.5898617511520737,0.036133600760197775,0.036090365016047544,0.053800522262075726,0.6677329270027745,0.4539523876800889,-0.04526382510326716
67,volatility,block_2_3,434,434,0.06624850131081535,0.09918088407809311,-0.09467314958801964,0.27889992718093676,0.6405529953917051,0.23307577078249644,0.23280873605510946,0.061798621544913834,0.6385144642715467,0.4963101384987181,0.009150052940057399
67,volatility,block_4_6,434,434,0.030737872050603954,0.04521550491003799,-0.21609005897234573,0.2759939410069717,0.5506912442396313,0.4512958616276337,0.45072432814032903,0.03700431836344987,0.5722032242655412,0.47234881236615767,-0.030779501384723577
67,volatility,top_3,434,434,0.062207672792658174,0.09092683226686506,-0.09084818117670276,0.26128894293949323,0.6451612903225806,0.23582301031628158,0.23556464601019397,0.05951103235707543,0.6403601075267521,0.49505491439133803,0.0057420763104056635
67,volatility,top_6,434,434,0.02977966096001614,0.029734406331057783,-0.15364389593730154,0.21030786586213923,0.5391705069124424,0.4040641769630103,0.4031723146744771,0.04329455477129117,0.5833984968310355,0.45042295892788947,-0.04068163080652154
67,volatility,flag_nested,434,434,0.030651840476192446,0.04493431741445103,-0.17199565061177277,0.22895494968212043,0.5622119815668203,0.23056276899306777,0.2301826717291323,0.03861006619151817,0.5913539716566242,0.4648518787289285,-0.03288215663638378
68,volatility,market_1,434,434,0.027313437090093397,0.01955241094315297,-0.048707349415859816,0.10142105880475327,0.5552995391705069,0.036391608669359074,0.03642612245083744,0.05446890248589658,0.6605316996645457,0.44653975666198986,-0.0409554965708154
68,volatility,block_2_3,434,434,0.016307277069412828,0.03501872905444602,-0.16814354889649263,0.20545638165397062,0.5506912442396313,0.20274494007881674,0.2022626291319417,0.0629099577893762,0.6288216871083374,0.4674760819241456,-0.01757438977744089
68,volatility,block_4_6,434,434,0.019751036151306304,0.029234124441802407,-0.1508490615766293,0.19981617671143134,0.5414746543778802,0.3739849301900922,0.37395180549501544,0.05908752958552439,0.6168938373440381,0.46869534018068976,-0.014968846667340214
68,volatility,top_3,434,434,0.015518162413099806,0.03453968555041806,-0.1612971516457117,0.2007158393925877,0.5460829493087558,0.20578152209615394,0.20532042213672125,0.061316191069618664,0.6301353868449926,0.4661432988336342,-0.019872043823162752
68,volatility,top_6,434,434,0.030182730016009192,0.031901449930350594,-0.09143639378788757,0.1529962773439767,0.5622119815668203,0.35312781357906964,0.35326389731855445,0.057440509575245116,0.626829264366857,0.4612330982096447,-0.013264840616032057
68,volatility,flag_nested,434,434,0.021622878915307408,0.02657682896093181,-0.09721234192579058,0.16002812273114775,0.5714285714285714,0.19659977655040894,0.19650399784937062,0.059251631945177394,0.6272089241629972,0.4606125829866227,-0.01580287009581832
69,volatility,market_1,434,434,0.019018973903877915,0.020747981537354993,-0.05845389874697916,0.09659176330231489,0.5737327188940092,0.035689406839221664,0.03564091124465434,0.04675493740133706,0.6661111137727208,0.45193607591510926,-0.03221781294272468
69,volatility,block_2_3,434,434,0.07685536110439949,0.07184387273845744,-0.15617755043422327,0.31838735815709784,0.5921658986175116,0.24017600626604602,0.24898446987772213,0.09602505839154071,0.6150909695874242,0.48587382339494234,0.04162436121049618
69,volatility,block_4_6,434,434,0.05751851585171166,0.06483937713417942,-0.1291358495147243,0.25481337354235545,0.5921658986175116,0.3978121740003618,0.40213399802948036,0.050399953686713225,0.6196986609646851,0.4563636612239098,-0.0064121722318733945
69,volatility,top_3,434,434,0.07456546626058534,0.07148290443997128,-0.14694446900187205,0.3034425809976822,0.5875576036866359,0.24301961877684125,0.2518055149741542,0.09524516452538187,0.6163017193489262,0.48372166495519187,0.03963147689630139
69,volatility,top_6,434,434,0.049599618463556046,0.04432105893215746,-0.0662715539697803,0.19238869471524714,0.5898617511520737,0.3436808093787884,0.3403926469882504,0.032594096633874844,0.6419200005835942,0.4516504491520022,-0.029185747296035305
69,volatility,flag_nested,434,434,0.055956425001342465,0.05497531094439367,-0.09438764520606674,0.20394865024326347,0.6105990783410138,0.21202045760224292,0.21535586983501623,0.06347711229262722,0.6275054971826304,0.45326762830756495,0.0019505046812975544
70,volatility,market_1,434,434,0.0342507327356809,0.030198238523184345,-0.054071851581555475,0.11331236787078905,0.576036866359447,0.03608110217322599,0.03596679221693499,0.05134203197792486,0.6616514129213916,0.447371469680341,-0.038086534711675106
70,volatility,block_2_3,434,434,0.05633226690859079,0.06768039352117691,-0.10178689155780563,0.23177341356652395,0.6152073732718893,0.21240482283336565,0.21137645831313517,0.047874518750964164,0.6341252797142851,0.4990955384360789,-0.013570092507935871
70,volatility,block_4_6,434,434,0.027544266418754293,0.030705950007981382,-0.1533986006046219,0.21121063327044526,0.5368663594470046,0.39433678125982874,0.3922233408398673,-0.006006348431819722,0.5987738229451286,0.4761516657716815,-0.053489823890027544
70,volatility,top_3,434,434,0.05465088016203784,0.0647538821967242,-0.101580437396095,0.2146481348249315,0.6129032258064516,0.2154406811624356,0.21442565048199153,0.047128199382685906,0.6349541677063404,0.4980551374550467,-0.015222438316420816
70,volatility,top_6,434,434,0.016654763118594026,0.008460029761613728,-0.141700542591053,0.1569697104711008,0.5092165898617511,0.3607808671895644,0.3589539079092902,-0.0017326063858753489,0.6238067608413679,0.46358667901983147,-0.06368801315515953
70,volatility,flag_nested,434,434,0.033623365157727826,0.03661838416106544,-0.11062970572859605,0.1793928263811243,0.5645161290322581,0.2055251866341382,0.2045635074596789,0.007495823848010001,0.6127628325048469,0.4717111929660996,-0.04948320027384165
71,volatility,market_1,434,434,0.04707433231546458,0.03913404858844831,-0.029230539916749988,0.12122503113559219,0.6612903225806451,0.03614726749614275,0.03601907855286654,0.07420364513562855,0.6708925806133959,0.45847930653315166,-0.021909137841193624
71,volatility,block_2_3,434,434,0.06206589339718526,0.043408994742865234,-0.13952077332084759,0.26872535299840355,0.5714285714285714,0.22402964904669762,0.2234635311364523,0.10614529543444377,0.612481381012746,0.46946625408535125,-0.011970197375677895
71,volatility,block_4_6,434,434,0.07580631504776503,0.07328178361041737,-0.12262424449671672,0.2694914673111864,0.6013824884792627,0.37691163774921227,0.37906712554816374,0.08943453777284734,0.6056008654788263,0.44582370955941497,-0.013531595040549245
71,volatility,top_3,434,434,0.06140949888660317,0.04043859569045,-0.1335179368562914,0.2649961576289942,0.576036866359447,0.2269606773933469,0.22639752544846242,0.10507407271778171,0.6146525192967349,0.468705782944272,-0.012558004646220951
71,volatility,top_6,434,434,0.05354811506300214,0.05144949673859224,-0.08309726931490885,0.17039287783225648,0.6013824884792627,0.3351323817513732,0.3372472129896845,0.056823334088893306,0.6304311772116536,0.4342965967090122,-0.03163217323411192
71,volatility,flag_nested,434,434,0.06355337917841739,0.048129574425001445,-0.09066060143166746,0.21367166562910844,0.6013824884792627,0.20134680729089366,0.2019250425661661,0.08855069881673193,0.6176040193323958,0.4442771236177827,-0.01511451551064135
72,volatility,market_1,434,434,0.053746548540050544,0.042723434939792096,-0.04290089474798217,0.14488428396086858,0.6290322580645161,0.03671821052425034,0.03669280666572941,0.089206223517682,0.6729524668000065,0.46144764306878755,-0.02025271907098996
72,volatility,block_2_3,434,434,0.06304054120983665,0.06369545135330887,-0.1471053047418059,0.28305846265035833,0.5852534562211982,0.2306860454532548,0.2375518578186235,0.11745602013923326,0.6316345563723815,0.49802194006732703,0.03854536686501775
72,volatility,block_4_6,434,434,0.05424182336654554,0.03686511268263073,-0.1040881568127967,0.20851924517745543,0.5714285714285714,0.386925610679429,0.39244534150852195,0.07667813708144133,0.6108189544292968,0.4605188551441812,0.00520740037708818
72,volatility,top_3,434,434,0.06036950817999156,0.06098501996386456,-0.14432226339483584,0.267787015160841,0.5898617511520737,0.2336348021422472,0.24048209507952154,0.11528485567303563,0.6329293238181877,0.49670826060562373,0.03666904484550956
72,volatility,top_6,434,434,0.048836279798421624,0.039566524673590744,-0.08140135798920059,0.16759551504346185,0.5806451612903226,0.33493438514744855,0.3350417531252961,0.04608344683983095,0.6313737138539735,0.4587313569901386,-0.026388640375024423
72,volatility,flag_nested,434,434,0.055067774577955225,0.03809442110556643,-0.08026072141505579,0.1945614223556626,0.5944700460829493,0.20630619021567995,0.20979051675741398,0.08653785731489734,0.6267244778450722,0.4630867777503243,0.014149353037604954
73,volatility,market_1,434,434,0.06307730927484902,0.05921310113065523,-0.03622464539433127,0.14961049879397165,0.663594470046083,0.036342897049118535,0.03637729388834754,0.07109947321524214,0.6685011216134237,0.45408289269849733,-0.0194221435955574
73,volatility,block_2_3,434,434,0.0576075767293352,0.04861392715789312,-0.13309037301710724,0.23134069012101705,0.5622119815668203,0.22991269200619344,0.22968815203270687,0.0849883101984122,0.6363098192952559,0.4875693412174789,-0.008923361169404854
73,volatility,block_4_6,434,434,0.06331883978183062,0.05160434695258351,-0.13410406065657324,0.2882554101479519,0.5668202764976958,0.4055460472185658,0.40551448732679934,0.049964483578753896,0.6332190361194066,0.475347065939205,-0.02581582537409807
73,volatility,top_3,434,434,0.055652401725752275,0.040047487751049604,-0.1293852335997891,0.21925796238867798,0.5599078341013825,0.23281062668882904,0.23260323196622015,0.08375085339128736,0.6375700578213641,0.4862782569282197,-0.010272821558415633
73,volatility,top_6,434,434,0.048069084719561,0.04063127460429328,-0.08914911640326618,0.216023398077841,0.5622119815668203,0.35740137794467525,0.3572264659670041,0.037753976522665454,0.6473693511662707,0.47117757101109553,-0.034661659292160925
73,volatility,flag_nested,434,434,0.05731448202205369,0.03736414307554706,-0.09895834344644014,0.2368632423215557,0.5714285714285714,0.2124083647326195,0.21230068707758673,0.06117104502708639,0.6444431846820163,0.47136165154321724,-0.021029637316230494
74,volatility,market_1,434,434,0.02318191190754244,0.013112513973747738,-0.04939993652151757,0.09688305523331234,0.5622119815668203,0.03618960631298608,0.036218445401971805,0.05191580885780831,0.6617290627055127,0.44573416829379264,-0.0417998632357499
74,volatility,block_2_3,434,434,0.03654974085416207,0.05088680837674714,-0.14605873425185567,0.22316586508102662,0.5898617511520737,0.22847653565782633,0.22732391817749975,0.07176615056085768,0.6380567590084038,0.48909452793020486,-0.02631262494847936
74,volatility,block_4_6,434,434,0.034714784967302605,0.05556337557392227,-0.16558036022705228,0.2626568767727139,0.5622119815668203,0.4022220638518563,0.4017821154194501,0.02891675100928145,0.6180598344069448,0.47122824179302053,-0.03144707832321147
74,volatility,top_3,434,434,0.03546992463938083,0.047428634093821864,-0.1396823013004489,0.21605325120348706,0.5829493087557603,0.23136995163771232,0.23023500636674085,0.07107080515482388,0.6400767201912887,0.48891553525999654,-0.026112778761469887
74,volatility,top_6,434,434,0.054719264568918416,0.06956559336288706,-0.07485088630317947,0.2130102544782317,0.6290322580645161,0.3570508726495117,0.35713398929064916,0.03404420154289142,0.6309679822500932,0.4467949278929117,-0.03807947092826686
74,volatility,flag_nested,434,434,0.02970690202624951,0.039962606560447825,-0.11732760654195805,0.20412983515720107,0.5668202764976958,0.21260245055542984,0.2121487298049111,0.04031770729541092,0.6286729819056838,0.4661073573798376,-0.030897565321266297
75,volatility,market_1,434,434,0.03181413276872634,0.02407266600414976,-0.05182890764201156,0.09953261084018139,0.5829493087557603,0.03600516771278359,0.036020588695959956,0.05574789783098348,0.6654365476179948,0.4506247664293133,-0.03567231790889981
75,volatility,block_2_3,434,434,0.0799164975211225,0.0836817909567088,-0.12386722635751746,0.3016863490918027,0.6175115207373272,0.24378277753421032,0.24261961312242927,0.08547316351939135,0.6122056824638107,0.4771360949238117,0.006237034711917474
75,volatility,block_4_6,434,434,0.041499624361545695,0.049265059688913995,-0.09646129261700173,0.1882409370169254,0.5852534562211982,0.37184229677646374,0.3700892840465397,0.06646207045267309,0.6458270477726324,0.4780979475669554,-0.0075774547340633795
75,volatility,top_3,434,434,0.0782616069180421,0.0819920504747329,-0.1186979064234005,0.29136031288635295,0.619815668202765,0.24672441609125445,0.24555969459350022,0.08415414486109513,0.6139514614067959,0.4756799730942754,0.005546166033733634
75,volatility,top_6,434,434,0.020737362421716855,0.023354787107646283,-0.09359188373957364,0.1366856085703904,0.5599078341013825,0.3175757876993885,0.31653744300070985,0.05869572303615071,0.675325650669161,0.47652130591045977,-0.03362859061683194
75,volatility,flag_nested,434,434,0.04587146444836543,0.04937847795558639,-0.0708887387159865,0.17340046247891208,0.619815668202765,0.2045567544693215,0.20363737147241534,0.06622712606599208,0.6497173049581596,0.4691435705387633,-0.010295150993697336
76,volatility,market_1,434,434,0.02660811208039834,0.031452175897966096,-0.04688754459709507,0.104137562191503,0.6105990783410138,0.03585873908043466,0.035919516528947044,0.0484600852250107,0.6752430047443129,0.4625468285327295,-0.040880529683857476
76,volatility,block_2_3,434,434,0.05414150541304721,0.054337876629151495,-0.13766959111075647,0.2545705411084438,0.5806451612903226,0.2280061216372779,0.23056679741259362,0.06149758901064346,0.6311715943331411,0.5048134049027182,0.005797568076416153
76,volatility,block_4_6,434,434,0.03941876387866703,0.05038461418528671,-0.1118333586520582,0.19167500218004507,0.5898617511520737,0.37842903018726204,0.38096800037754397,0.04177793955929823,0.6026071090300766,0.4521661673514961,-0.026436405962511296
76,volatility,top_3,434,434,0.05262259434519701,0.05303051193018116,-0.13651716995242136,0.2418887429605473,0.5806451612903226,0.23093783784711366,0.23348576307947727,0.06067102431712119,0.6320176553452759,0.5035318483195859,0.003868300385344723
76,volatility,top_6,434,434,0.026936207417018944,0.03382668742765601,-0.09522691590976615,0.14873849742172357,0.5806451612903226,0.33362855920514,0.33494553439151264,0.027000329748642502,0.6230899589583776,0.42110868476572344,-0.04872226128572852
76,volatility,flag_nested,434,434,0.03915983990730128,0.040166016267325355,-0.07743008009388509,0.17006086278978955,0.5898617511520737,0.2029683613166563,0.204421640476581,0.045727708943419036,0.6183839329071641,0.4592976373494761,-0.023303904262142416
77,volatility,market_1,434,434,0.03301577248801682,0.021754253732834225,-0.03791393940926119,0.09776119275469776,0.6105990783410138,0.0359665231620217,0.03589264257396861,0.04638009501082175,0.6556590756927304,0.4395260901492272,-0.036697370590202914
77,volatility,block_2_3,434,434,0.07105149095445538,0.05887662866277255,-0.14944628961815865,0.2626353759664195,0.5852534562211982,0.2119191170047996,0.21197062317705928,0.06692555896922386,0.6245945663607526,0.4636791873164564,-0.02671399279128234
77,volatility,block_4_6,434,434,0.018098256291421016,0.039935583744190185,-0.15599507056191048,0.24259211693484212,0.5483870967741935,0.4016274449727514,0.40134317731476654,0.05209853773207292,0.5896390269586054,0.44544256752781664,-0.04244056795208919
77,volatility,top_3,434,434,0.06887358096448143,0.05665434801205679,-0.14129422657635715,0.2525447202758847,0.5691244239631337,0.21477391610086197,0.2148137667161866,0.06562131144062239,0.626437598609411,0.46311389072488424,-0.027869435313690745
77,volatility,top_6,434,434,0.0016809799972107538,0.033004924412398245,-0.12196006430708255,0.1750067389617073,0.5529953917050692,0.3663264585471313,0.3659660804882138,0.0418084982545366,0.6056778071900484,0.44145725173533945,-0.0465062216303959
77,volatility,flag_nested,434,434,0.026298508014510686,0.034446157297444935,-0.13149406091211563,0.21190789495802442,0.5806451612903226,0.20811513505151413,0.20800223584837285,0.05454894562772606,0.6053305450547,0.44093537593220017,-0.04262445194400946
78,volatility,market_1,434,434,0.032846247591648,0.025677109235395294,-0.043299880172805914,0.10843589323051811,0.6082949308755761,0.03577178827376359,0.03580414240268412,0.04291165631605558,0.6668990748924343,0.4523281733290424,-0.04043780074376215
78,volatility,block_2_3,434,434,0.054935350950022804,0.06948968584610114,-0.15110990768604995,0.2830341819873861,0.5921658986175116,0.22714582037012399,0.23012618777313204,0.07738990520427375,0.6262646718508964,0.504796225359057,-0.00491114541513164
78,volatility,block_4_6,434,434,0.04137838937388497,0.04259467941024685,-0.12559284701667864,0.21793141173938563,0.5921658986175116,0.3773912914152259,0.37977206825580645,0.06104416914196024,0.5924395200860527,0.46582679583016506,-0.018787665176727024
78,volatility,top_3,434,434,0.0520143811130124,0.0652601020620649,-0.14828730359138953,0.2697555112603756,0.5967741935483871,0.23000093987100276,0.2329769475119237,0.07524905334056589,0.6271349653166642,0.5027246200861836,-0.007130722023601052
78,volatility,top_6,434,434,0.027853735927066768,0.03775555311362827,-0.08484274102616364,0.14060047732331013,0.6059907834101382,0.33320046736517867,0.3327719840965127,0.05515972542394571,0.6175057454807279,0.4428407876236323,-0.03185628117393411
78,volatility,flag_nested,434,434,0.03565365681055327,0.04461819666148538,-0.10298557483611584,0.18090848081406055,0.6059907834101382,0.20215858000505976,0.2036018122837774,0.058514829723417414,0.6074315076960092,0.46396304612825423,-0.02365348537452063
79,volatility,market_1,434,434,0.024095593507902583,0.014784042744854963,-0.04761029655910215,0.09434926470198915,0.5691244239631337,0.035707862997143326,0.03561904865379807,0.04717458361341935,0.6626638871128064,0.4472489002002482,-0.033602928872987846
79,volatility,block_2_3,434,434,0.09064572027909913,0.07887235076990526,-0.08766049915740169,0.26597368533021903,0.6221198156682027,0.21407206100764267,0.21342561038039487,0.09673660623146024,0.6195829873139103,0.46683849100373437,0.032697525354851834
79,volatility,block_4_6,434,434,0.06304634866819873,0.0457682082374105,-0.11832908954341231,0.2109787014096326,0.5668202764976958,0.38247043464565944,0.3825395228161177,0.05134233265725885,0.6009497665551149,0.44112075572711673,-0.01992581072432815
79,volatility,top_3,434,434,0.088483018772469,0.07263562168207202,-0.0856748123432548,0.2576805505824451,0.631336405529954,0.21709517703741046,0.21644420295456251,0.09542492212533463,0.6207776084704982,0.4653365888925825,0.030655853642797787
79,volatility,top_6,434,434,0.0280377597869596,0.02859566924043535,-0.10631812358931711,0.14558419564551472,0.5645161290322581,0.3453001255215104,0.3455242498733431,0.031638545734915015,0.6297056768956891,0.4413296995660537,-0.050292313854693925
79,volatility,flag_nested,434,434,0.0625716544799902,0.04112287225209439,-0.07712447370970008,0.18084314685026381,0.5783410138248848,0.2015583816675732,0.20136666276415022,0.0625636898353224,0.615510213064001,0.4401880041056419,-0.010164546738572438
80,volatility,market_1,434,434,0.029411671876050066,0.02267920925866678,-0.059899249721435475,0.10371239864664537,0.5737327188940092,0.03576682875158968,0.0358194738744229,0.04374667171010512,0.668503961561423,0.45559533877848735,-0.04553368517993196
80,volatility,block_2_3,434,434,0.038674475413641274,0.06253447776757605,-0.18030459657774436,0.2517356827210696,0.5506912442396313,0.2450971696553026,0.2447027225019044,0.1002825053067451,0.602369715183267,0.48070538319090367,-0.016444013345166635
80,volatility,block_4_6,434,434,0.04668856374498905,0.05422489260535853,-0.14592320166272887,0.2314662198779196,0.5829493087557603,0.4127457085174015,0.41939617418181796,0.04531875736541981,0.5589193027484526,0.44136401987468366,-0.04039891836616837
80,volatility,top_3,434,434,0.03856685850276382,0.062419837425062547,-0.17329784579041604,0.2433570021890155,0.5576036866359447,0.2479485469759533,0.24756913459036686,0.09952502680712046,0.6039368396397728,0.47951112572168986,-0.01596785131082529
80,volatility,top_6,434,434,0.03674392520493162,0.025299504925750727,-0.10137758261335202,0.15432264573693327,0.5599078341013825,0.3523015403568852,0.3590805185583001,0.014183697197990584,0.5979994862501756,0.43459666744278774,-0.06284275237597778
80,volatility,flag_nested,434,434,0.045460149071933666,0.0490981627136175,-0.1124336133894253,0.1922047876008201,0.5829493087557603,0.219146668636374,0.22164014001262372,0.05622039907268305,0.580042656207897,0.44237916301741237,-0.03339881797137848
81,volatility,market_1,434,434,0.021010640608062483,0.023700224303820717,-0.04833413548931105,0.0849661566352733,0.5875576036866359,0.03608631601495611,0.03626527427755613,0.02781204276200487,0.6724562556961206,0.45941172951820647,-0.05761006921573259
81,volatility,block_2_3,434,434,0.09704285470733397,0.0761168837468435,-0.08044726298466331,0.27814028514965394,0.6244239631336406,0.21924250235238663,0.21959046991437553,0.12960177212614427,0.6355210954865104,0.4909508705255114,0.013010448890356031
81,volatility,block_4_6,434,434,0.08506817767836909,0.09230044749421913,-0.10911830152623776,0.2831891168146028,0.6359447004608295,0.3964334735380172,0.3983096626228557,0.06685102978009849,0.6102549069583607,0.4567299494062959,-0.010354191844049876
81,volatility,top_3,434,434,0.09523819083830051,0.0788204278696529,-0.07295139456767866,0.26315560574774943,0.6290322580645161,0.2224184361279559,0.22280090783620432,0.12745989709682262,0.635787215221133,0.4885773245872502,0.012010222411733289
81,volatility,top_6,434,434,0.058635058908748136,0.05104677036899245,-0.10598878460211358,0.2144682854970943,0.6105990783410138,0.35742407704322515,0.3591232095212461,0.045597186589293084,0.6284136794034247,0.4520443563847822,-0.02342517970606643
81,volatility,flag_nested,434,434,0.07979852563454325,0.07581376636245983,-0.05883235363485061,0.2406165040960972,0.6405529953917051,0.20739479361306823,0.20812779518253774,0.07955395538538051,0.6225189997417006,0.45298122038873423,-0.006284198066963487
82,volatility,market_1,434,434,0.04298720665733785,0.03191357012546526,-0.03346725445407552,0.11106839443600612,0.6497695852534562,0.03629900001475104,0.036338926911575004,0.07985417749978646,0.6687804820067802,0.4573240012996083,-0.02839770286698089
82,volatility,block_2_3,434,434,0.058962584813374325,0.05652694304967194,-0.11897980651698245,0.2508638306474573,0.5852534562211982,0.21340963378355884,0.22124516908977546,0.09493975005242694,0.6404862517749771,0.48779614253876374,-0.008691329021400252
82,volatility,block_4_6,434,434,0.030260282455429804,0.041451230644352126,-0.11686936645634652,0.1893928934764763,0.5806451612903226,0.39748123860220025,0.3971209766498592,0.04970350190961138,0.6173987742056015,0.4778984076330193,-0.0431986208228275
82,volatility,top_3,434,434,0.05631451674233475,0.048148638443831326,-0.11360933615687602,0.2381376859227019,0.5852534562211982,0.21639448728231384,0.22419011736373679,0.09132468299420816,0.6414037369425024,0.4858017170367796,-0.01208015942771105
82,volatility,top_6,434,434,0.01773010288134024,0.028618314719547455,-0.09474718697448857,0.14440643064236797,0.5737327188940092,0.3640162510890176,0.3567574053887247,0.028046271317986055,0.6273248425958383,0.4682076560109764,-0.058658505202476036
82,volatility,flag_nested,434,434,0.033114587541171754,0.03838820905784245,-0.08724979670552663,0.1546536926995665,0.5898617511520737,0.20717873357225047,0.2085305959175646,0.059023877932580605,0.6264579021738192,0.47273913452173394,-0.039366093680501056
83,volatility,market_1,434,434,0.039319429476407514,0.042572853906805715,-0.040183376427109216,0.11078684318803773,0.6359447004608295,0.03592555398518572,0.03590494408317345,0.05075671651996762,0.6712303647012144,0.4597055957974831,-0.04031315467416114
83,volatility,block_2_3,434,434,0.05985146763754869,0.08147480831770573,-0.18858477035387117,0.2815738507035016,0.5783410138248848,0.2518056115393466,0.2494175173683201,0.08938437702674473,0.6319991304038713,0.5062459503071617,-0.01599295667905707
83,volatility,block_4_6,434,434,0.04728184666706196,0.04465732181215196,-0.13153869483777528,0.21183045686684193,0.5898617511520737,0.3885556424923576,0.3860212392165727,0.05015220985059435,0.6303384987627884,0.4839979990424475,-0.018151718137962947
83,volatility,top_3,434,434,0.05821465499254284,0.07494557004315153,-0.18169273555576257,0.27455607177670444,0.5829493087557603,0.25462386048069463,0.25223729838812226,0.08766637105470368,0.6330597382464814,0.504578130995883,-0.017657374795242993
83,volatility,top_6,434,434,0.025040644026160797,0.019899751342026026,-0.07524004488635604,0.12868771924511796,0.5645161290322581,0.3210407359194648,0.3208660588674027,0.038544067577861996,0.6521390967513279,0.4698019800956686,-0.03104569468446065
83,volatility,flag_nested,434,434,0.0443371838850181,0.05565722775541136,-0.09389175337219058,0.16856077254500815,0.6013824884792627,0.21184135816480643,0.21053594267169,0.055745185835048484,0.635617283869255,0.48038722224246805,-0.022225594549521787
84,volatility,market_1,434,434,0.015335596324940446,0.013267943882763287,-0.07106417493347811,0.09006309242540074,0.5391705069124424,0.03584306572646969,0.035909784258271474,0.0324204008824221,0.6694939849705599,0.45678616402110683,-0.05184890058559381
84,volatility,block_2_3,434,434,0.06699636866445038,0.06411077078069663,-0.109357520655228,0.24939070744646824,0.5875576036866359,0.19626213851439134,0.19788776524707108,0.11305958187667894,0.6695986740511249,0.4957783286603498,0.029305942299446844
84,volatility,block_4_6,434,434,0.05577749072650511,0.06803978980700887,-0.13346787545843303,0.25028414423363166,0.5829493087557603,0.38956062347466475,0.3904353047718178,0.09501517075370307,0.6184060932073829,0.45345741949122687,0.0041937805524475446
84,volatility,top_3,434,434,0.06513075449504775,0.06114146517537242,-0.10458107935829336,0.24287825986186665,0.5875576036866359,0.19948257888347018,0.20109480431192042,0.11155685840707054,0.6706245019145295,0.49502490456889353,0.02729613010911588
84,volatility,top_6,434,434,0.042300839735168766,0.04328912989365817,-0.11238910829331984,0.2062428764749329,0.5691244239631337,0.3668918383807814,0.36696357050942713,0.06525033008730349,0.6193348423892704,0.44080013175632304,-0.022546044166910608
84,volatility,flag_nested,434,434,0.05139852033358923,0.05912726700098597,-0.08301334033541627,0.18989519613599895,0.6013824884792627,0.20133281743882767,0.20202744789298527,0.0900569890877296,0.6328663162547814,0.45155387328767105,0.004679825303181965
85,volatility,market_1,434,434,0.017773313918565747,0.0178565441361252,-0.061105044362095615,0.09089337423120514,0.5622119815668203,0.03586996701938488,0.035961520593802934,0.03268349267523276,0.6612241823125142,0.4441355839850938,-0.044645646872919
85,volatility,block_2_3,434,434,0.06291633067473545,0.07718454527616465,-0.1255207975389825,0.29161367335591737,0.5967741935483871,0.24892248487038507,0.24918773005279646,0.09991020253227406,0.6346835267038253,0.4869756565052141,-0.00034537162119273893
85,volatility,block_4_6,434,434,0.05599747995750019,0.05057938753800982,-0.13950763036694658,0.26251344478374417,0.5806451612903226,0.41184704055541393,0.41283692162212715,0.06324213046835123,0.6275461661283517,0.4727551208739442,-0.004386387089395121
85,volatility,top_3,434,434,0.05967005653234211,0.07345433609976368,-0.11823920275814569,0.2753313393337516,0.5921658986175116,0.25166081327697604,0.25190629809917175,0.09761641635121023,0.6361258451909914,0.485554580189205,-0.0021931610158001974
85,volatility,top_6,434,434,0.04450744522567035,0.036551352680887814,-0.10719406702007986,0.1850696360383819,0.5829493087557603,0.35192488955833423,0.35291758316947336,0.03755804884846128,0.6320947648289968,0.4688619120793337,-0.027068831916453637
85,volatility,flag_nested,434,434,0.048404962136054185,0.05176219039235845,-0.10467449294974228,0.21122421594258592,0.5875576036866359,0.2184884874098018,0.21892691821515092,0.06417637666996016,0.6335713303181026,0.46506501307926235,-0.00949836528800022
86,volatility,market_1,434,434,0.020568750591504776,0.015397266819200658,-0.05068168269039348,0.09521127062357532,0.5576036866359447,0.03641237844623603,0.03647389981109481,0.047696770982296764,0.6716527748587059,0.459974090928797,-0.04134174278182165
86,volatility,block_2_3,434,434,0.09404858252478543,0.09992405333592794,-0.0836833941075649,0.304801203462799,0.6474654377880185,0.22368695822250712,0.2237542534091267,0.0947548230654983,0.6348621758025458,0.48842571163470544,0.03191406157174477
86,volatility,block_4_6,434,434,0.040529005225003654,0.06535238634242557,-0.15760407463116938,0.2580731795615721,0.5852534562211982,0.41213287488714423,0.4119753353667346,0.03774828054201533,0.5987088656092315,0.4777012075280745,-0.021268503747394207
86,volatility,top_3,434,434,0.0915728504304576,0.09713181200611684,-0.08102503349269746,0.2989686903070531,0.652073732718894,0.22672652520827904,0.22679905671714481,0.09238156504771952,0.6369283786290898,0.48776447890337205,0.030339974342318544
86,volatility,top_6,434,434,0.03184567406262492,0.04444915506216651,-0.11150248534556653,0.1937735887513462,0.5967741935483871,0.3686748479900331,0.3683163353147001,0.04113441132299161,0.6157027289778968,0.46820823081593377,-0.029072633038573364
86,volatility,flag_nested,434,434,0.04659425598263253,0.057797037814740874,-0.10915122042195702,0.21465382257794355,0.5829493087557603,0.2148849250689161,0.21481579045253593,0.05182980255332081,0.6118537824466056,0.4694172494041155,-0.011549270571544527
87,volatility,market_1,434,434,0.03372566788438767,0.024095142690116624,-0.056137665760474506,0.12627682677843086,0.5806451612903226,0.036041816268781175,0.036059651920491875,0.05484566318284061,0.6664085044059638,0.4507417789910721,-0.04550732871238966
87,volatility,block_2_3,434,434,0.05833483336910466,0.06576828980861027,-0.14095764373394418,0.3141479761563085,0.5852534562211982,0.24633254375346453,0.24751636624574705,0.0838415846605566,0.6079837501228931,0.48076995013910856,0.0045127604534686665
87,volatility,block_4_6,434,434,0.07236773441797562,0.06876548776508906,-0.1176440320050564,0.2847675759739,0.5875576036866359,0.406302421400847,0.4078752034924063,0.04718283922504485,0.6040873814895384,0.4576708189339842,-0.022336061756064347
87,volatility,top_3,434,434,0.057825758244078346,0.061070586053299916,-0.13093278721409096,0.3076650535844202,0.5829493087557603,0.24915492676083295,0.2503321542805911,0.08259213083629038,0.6094111440145078,0.47921925929178244,0.0026531273687074256
87,volatility,top_6,434,434,0.06178576378589962,0.05094959370108933,-0.0596797073753056,0.21628190686922347,0.6175115207373272,0.3465223265171013,0.3477743673245427,0.03922413982597576,0.6250011881199078,0.44544224170127467,-0.039722923071083785
87,volatility,flag_nested,434,434,0.06048843463882445,0.05730917640155929,-0.10134806168358526,0.22779826290743185,0.6036866359447005,0.21580565424655163,0.21662687104508027,0.05287342339195597,0.6151589507090606,0.458219029809371,-0.021551894333533925
88,volatility,market_1,434,434,0.03624238741277677,0.028927629905691612,-0.05058432422244853,0.12234792148340615,0.6082949308755761,0.036082992702613684,0.03608658753626109,0.05169105067644699,0.668751517002381,0.45570939255816717,-0.046541805987748465
88,volatility,block_2_3,434,434,0.08419108990604206,0.07841592120740132,-0.12206288630892327,0.30204677359826465,0.6129032258064516,0.2531739414679267,0.2559382122317498,0.08088860348708284,0.6101364965446682,0.49475299114501237,-0.004173165623366753
88,volatility,block_4_6,434,434,0.06661408641313522,0.0616268732899377,-0.14137063229553126,0.24757403975093958,0.5806451612903226,0.3846075276797968,0.3871231999874712,0.06842426211532396,0.6180643017892696,0.46235143641683546,-0.012813748879363155
88,volatility,top_3,434,434,0.07994759208063813,0.06756886523469428,-0.12056983888309533,0.2950831736123528,0.6059907834101382,0.2558115520782925,0.2585786563834351,0.07887271670920823,0.6126459144949645,0.4941617036578528,-0.006183952674718703
88,volatility,top_6,434,434,0.06026406627472246,0.04467088806971281,-0.05147388009909715,0.15471517703228807,0.6036866359447005,0.3173133433280374,0.3171471723525701,0.08340137833246904,0.6487415344316263,0.45112706639741107,-0.018770296957451704
88,volatility,flag_nested,434,434,0.06622326921536786,0.05636746755777281,-0.09732889137810381,0.21031391670188754,0.6082949308755761,0.21038525517968923,0.2118767162873523,0.06680579577227658,0.6287105313498105,0.46605260268350013,-0.014482821165104968
89,volatility,market_1,434,434,0.02987963404178316,0.035515197179818644,-0.05151526111093253,0.10150012435267755,0.6082949308755761,0.03588273022567571,0.035948838484977166,0.05363231494720877,0.6592282921241479,0.442633220916802,-0.0411713690353674
89,volatility,block_2_3,434,434,0.07732590296015057,0.08482699535550882,-0.10356556913149907,0.32260968502075554,0.6036866359447005,0.2667994450143788,0.26771354538332626,0.06792802794421755,0.5980577894265495,0.47806028285802166,-0.0007395965000483735
89,volatility,block_4_6,434,434,0.019689775204673417,0.04090779582717863,-0.1947171895032269,0.2691459156640988,0.5460829493087558,0.43305414952148313,0.4350533557066142,0.02857903641372365,0.584374994207105,0.45033691667814674,-0.02956485268708676
89,volatility,top_3,434,434,0.07431207872427395,0.08238804122590201,-0.09715565198682788,0.3112488848980638,0.6013824884792627,0.2694926016016294,0.2704035869990906,0.0667759096486204,0.5994801111531142,0.4764381712250674,-0.0025754843554548768
89,volatility,top_6,434,434,0.0010833268088755912,0.020036828588071362,-0.12928427685693453,0.1753347358503864,0.5391705069124424,0.3578839400764398,0.3601537053117773,0.028965620477398427,0.6145097482892097,0.446808471753413,-0.05141219400125889
89,volatility,flag_nested,434,434,0.024964416274698448,0.04379284127863638,-0.15068241273156033,0.23065394479151513,0.5552995391705069,0.23052588094481058,0.23156720092867103,0.036471203172630855,0.5912117407497861,0.44333817953502347,-0.02740653510983193
90,volatility,market_1,434,434,0.028340953886213396,0.024496251569103594,-0.04541513957820825,0.10394478385089773,0.5783410138248848,0.03640679077304256,0.03635683223947612,0.046895604146704226,0.6620709693971085,0.4484685465515639,-0.040056848752384445
90,volatility,block_2_3,434,434,0.03175871416584626,0.02947059990554102,-0.17876971978823292,0.2532641779220089,0.5460829493087558,0.22919665809122158,0.22926937181379425,0.07950640426223178,0.6713634960903683,0.5301709011953043,-0.019194514035385385
90,volatility,block_4_6,434,434,0.04881843141264934,0.05278297468897816,-0.12324652735564137,0.2401103750660545,0.5875576036866359,0.39599920523286125,0.39620815142344534,0.059200401147927705,0.6202734886425244,0.4787284117732702,-0.023019205811503952
90,volatility,top_3,434,434,0.031520940804438104,0.028267222021728745,-0.17464910827021884,0.24745910380374933,0.5460829493087558,0.23187260682572275,0.23193601693586413,0.07832262707369086,0.6719826534943767,0.5285568599630472,-0.01947159745348205
90,volatility,top_6,434,434,0.04630869881695497,0.048569288876750244,-0.07531899864088504,0.20024921751512484,0.5967741935483871,0.3524162701512396,0.3523436742439839,0.055571935421252674,0.6121644304928862,0.4451370808775997,-0.034784682812447475
90,volatility,flag_nested,434,434,0.04380099785060767,0.04690141306006809,-0.0881109383089297,0.20847676278985192,0.5967741935483871,0.2092747197099097,0.2093012634592247,0.061452803964460644,0.6405478161554745,0.48085058165435457,-0.024774316677453133
91,volatility,market_1,434,434,0.0322665792463415,0.021571270829117258,-0.05835936747405127,0.11179518639620926,0.5529953917050692,0.03670274032161323,0.03672721454891527,0.04907086396832537,0.665246934424598,0.45258097229793004,-0.04725349343308167
91,volatility,block_2_3,434,434,0.02336967673644534,0.045523171084639436,-0.18325255964311235,0.2382887884667598,0.5622119815668203,0.22747664608248352,0.2277348289252254,0.09098811995954932,0.6357961626412272,0.49033240713543835,-0.015864129723331843
91,volatility,block_4_6,434,434,0.05006051638161139,0.06607084794828663,-0.11545126966215045,0.23046963741305115,0.5875576036866359,0.3966989555444141,0.39307143035510755,0.10166696140491782,0.6447184133856705,0.4851080691286003,-0.0022688609661565455
91,volatility,top_3,434,434,0.020591939596500342,0.04180044758509395,-0.17662123568772636,0.22786333839564135,0.5552995391705069,0.23019988235742117,0.2304503828743368,0.08987461946355334,0.6372747240799117,0.48929723967888017,-0.016561805096774112
91,volatility,top_6,434,434,0.06316179316634896,0.06171958042372644,-0.06818724842949994,0.21519083651099674,0.6244239631336406,0.3557531752853087,0.3520586910133748,0.08255542054042302,0.64913509487761,0.46798884961005616,-0.013447509508407868
91,volatility,flag_nested,434,434,0.03959858136570396,0.051566831664136004,-0.09205657683716034,0.18269052095494945,0.5990783410138248,0.20962001457474636,0.20826384236620185,0.09495201047158058,0.6460040035833567,0.47382930738622947,-0.009236050253145292
92,volatility,market_1,434,434,0.03752786841915091,0.04324821799388695,-0.03128176133055188,0.11245442004119605,0.6405529953917051,0.03652699064295175,0.0365498026884428,0.06593427476956136,0.6694359952522605,0.4574986972465455,-0.03110796187109131
92,volatility,block_2_3,434,434,0.031094353433214452,0.042709536157905,-0.16605212997510937,0.24532939501682818,0.5414746543778802,0.22559726465980903,0.22686079654830116,0.07347659033083048,0.6383928904294417,0.5073679831037473,-0.007295218634883355
92,volatility,block_4_6,434,434,0.026066016384309526,0.03141394787531469,-0.13874996524388877,0.22775390694344788,0.5506912442396313,0.391002143187446,0.3884625674436871,0.06034631906502672,0.6256239619682444,0.4906737883331347,-0.01836073765795413
92,volatility,top_3,434,434,0.030183557000555698,0.03952385784767219,-0.16392341368568478,0.23152852937125612,0.5391705069124424,0.2284509799021848,0.22971068874173953,0.07193684387172011,0.6401028842527958,0.5065873240505654,-0.008416578150862858
92,volatility,top_6,434,434,0.03715382169898315,0.04108434272503501,-0.09476855746987163,0.16890270626740944,0.5806451612903226,0.3465680994063768,0.3439859973722842,0.06517173787815539,0.6402962292061446,0.4764140637499393,-0.032201484643281444
92,volatility,flag_nested,434,434,0.02651903354257454,0.030918172092649757,-0.10489538095187222,0.18997113552892794,0.5668202764976958,0.20795587779520078,0.20747018905644923,0.06693305240718876,0.6296873713847214,0.4831366496836573,-0.013748078189021361
93,volatility,market_1,434,434,0.021689333252553015,0.02622965385363548,-0.07237414206233411,0.10424443921526111,0.5806451612903226,0.03566315816391685,0.03571368896815991,0.04519598564164163,0.6692807987498421,0.4561260002007303,-0.0445795612895317
93,volatility,block_2_3,434,434,0.061908134562466244,0.08909820141229104,-0.18283636871689513,0.3052004448502381,0.5967741935483871,0.21897188656088484,0.21907073124935336,0.07697170357830002,0.6450463600963136,0.4936761007407058,-0.0009299307434284897
93,volatility,block_4_6,434,434,0.034243561658405364,0.03768883078381703,-0.201462953718325,0.247261048444895,0.5483870967741935,0.3851940917211277,0.3858643763836136,0.04795071988707442,0.61562495751947,0.4686202959515338,-0.017056563964548358
93,volatility,top_3,434,434,0.05998048526278511,0.0807459561904672,-0.1786723449718623,0.29580097792466475,0.5990783410138248,0.2218795684621862,0.22198871926476532,0.0755158916792555,0.6461765165925994,0.4919712769463,-0.0032897152569803917
93,volatility,top_6,434,434,0.020056595247984563,0.013422282303875842,-0.11148375338616667,0.16091027859264656,0.5299539170506913,0.3464045457715235,0.34699989965826805,0.028621042356441907,0.6286319403449632,0.4662296119871051,-0.040422584117164616
93,volatility,flag_nested,434,434,0.03782795771131361,0.04164816397870001,-0.13102236752378957,0.1948540198144445,0.5622119815668203,0.2035244290696655,0.20376221998916016,0.05019552585072613,0.6295225698749285,0.4654454379870339,-0.01822908901300194
94,volatility,market_1,434,434,0.03737369368726804,0.029319203374626006,-0.05104089507503751,0.12173806939245073,0.5990783410138248,0.0362451426061496,0.03627268592951987,0.06550534341086742,0.6653019328417595,0.4508265425288261,-0.024049282216880397
94,volatility,block_2_3,434,434,0.03403168587817836,0.05207868176355764,-0.19940284566436234,0.2887692020541407,0.5529953917050692,0.26521655464505506,0.26502983073245345,0.10251616045671659,0.6027393944025081,0.48773931556942324,0.01810971000646072
94,volatility,block_4_6,434,434,0.03911744077150168,0.06126189676252408,-0.16901217362943086,0.28447776960141086,0.5668202764976958,0.42160880075257745,0.4226763521089123,0.03906142346659368,0.5884012988785899,0.44933903186061386,-0.026629600938047965
94,volatility,top_3,434,434,0.032979465454588804,0.0478395025773848,-0.18795085201495976,0.275654891390485,0.5529953917050692,0.2679156601742456,0.26774837351603187,0.10036457387256009,0.6044889495772161,0.4866221624941095,0.015669438733301306
94,volatility,top_6,434,434,0.04964150027642449,0.03231000894887953,-0.09596621576542771,0.2072735006524487,0.5737327188940092,0.3452862023173513,0.3464801520364477,0.02333709881027128,0.6262619756790607,0.4319676621896496,-0.046786079824704445
94,volatility,flag_nested,434,434,0.034204211013261515,0.046710598641833675,-0.14342458595469526,0.23410751195811114,0.5783410138248848,0.22607635279930405,0.22642676582088772,0.051322786329177236,0.6013708733464771,0.4501432417602373,-0.022420280326594235
95,volatility,market_1,434,434,0.019198096361093847,0.019776054460987045,-0.06139164471813416,0.09243671350046745,0.5691244239631337,0.035905554502864166,0.035905881247506835,0.03990563236342253,0.662228504003541,0.44721328348931216,-0.05044587907957187
95,volatility,block_2_3,434,434,0.08065785027355271,0.0672927820438263,-0.17564735603036802,0.34443309178758375,0.5898617511520737,0.25438259014364767,0.2560422006503019,0.06555851693206327,0.5882538831168038,0.4664870481031364,-0.00011403490458792933
95,volatility,block_4_6,434,434,0.040469651957120864,0.06220037370503615,-0.16892365898772066,0.2741069452194502,0.5691244239631337,0.43783947382713756,0.4371123320187574,0.024889256958495642,0.562117673645172,0.4397635300164756,-0.02369492705206068
95,volatility,top_3,434,434,0.07839852006947025,0.06284588126036782,-0.16818611196954183,0.3264508628104691,0.5875576036866359,0.25708676323272683,0.25874131600139627,0.06488471734839196,0.5909062195780193,0.4659989420666029,-0.0013087600855800365
95,volatility,top_6,434,434,0.014971300445779934,0.03255449014650764,-0.12309243155766786,0.17311999859018976,0.5529953917050692,0.37522024714387375,0.37276581784392077,0.038080048404897975,0.5866684691950691,0.43694207084103065,-0.03923952472223203
95,volatility,flag_nested,434,434,0.04872477759992581,0.05532199366439368,-0.13804745406524438,0.2504766639549891,0.5829493087557603,0.2292171441634544,0.22925684790953554,0.0390449861573738,0.5742095013183145,0.4355333080738771,-0.014420269582345225
96,volatility,market_1,434,434,0.03290709580622068,0.019624899701237576,-0.057324645952264275,0.1127749570861881,0.5645161290322581,0.03622442195649395,0.03621078036702361,0.051540024828492126,0.6653972906567764,0.45058113936046923,-0.03994223563666126
96,volatility,block_2_3,434,434,0.08248168690023214,0.08283827698089466,-0.09935655289579019,0.2669821351339266,0.619815668202765,0.23041535672658628,0.2304152079251041,0.1280069530041424,0.6377445791635331,0.47655717961685085,0.027617013291846435
96,volatility,block_4_6,434,434,0.05161822116984264,0.051231138688527494,-0.10037896929768969,0.2174854905482733,0.5783410138248848,0.3828244614068478,0.38463283089919875,0.09183560359882888,0.6372396153659738,0.4640012885338471,0.0053132945912379255
96,volatility,top_3,434,434,0.08054046402092249,0.0822597098220325,-0.09727395175108548,0.25913332896572544,0.6244239631336406,0.23324637641163706,0.2332401918697777,0.1260317265481295,0.6390360644679403,0.4755134440689327,0.025849694147178845
96,volatility,top_6,434,434,0.03341571790490209,0.025401005675941737,-0.07819397506292243,0.14734363562255795,0.5691244239631337,0.33226082908076443,0.3340421282931148,0.05469511647205844,0.653215841649048,0.4643092391357556,-0.03757534061027488
96,volatility,flag_nested,434,434,0.053091049295855466,0.04538133310740033,-0.07586550195109426,0.1768467064956919,0.6036866359447005,0.20501319973994828,0.20564937837555322,0.09401699867963803,0.6428684504377621,0.45936471920058713,0.0025232022768572936
97,volatility,market_1,434,434,0.033627432193130295,0.026706702562501267,-0.05480709130065848,0.11668172623062639,0.5806451612903226,0.036201679521516754,0.0362186932614012,0.053761291338770556,0.6716525526148813,0.4586509920134817,-0.04019408712272116
97,volatility,block_2_3,434,434,0.04523349204019668,0.07017553680668674,-0.1933666302326176,0.3047209992403921,0.6013824884792627,0.2225141103421706,0.2212846244237887,0.10398701240693888,0.6675566820112283,0.5165554035292,0.015507248687179065
97,volatility,block_4_6,434,434,0.060122043344393306,0.0756970806831625,-0.133088217592044,0.25659114469398636,0.6244239631336406,0.3888744866641649,0.38169960800934016,0.11341126092425789,0.6470925033764018,0.4831371064200884,0.025936946072403315
97,volatility,top_3,434,434,0.0437709016783974,0.07430841918870662,-0.18847766931870188,0.2885328664145428,0.6059907834101382,0.22544485099420614,0.22422498256110662,0.10179691615611049,0.668317409141439,0.5153400959400374,0.01375103650763629
97,volatility,top_6,434,434,0.05886840206826691,0.04174728015270053,-0.07807887261914392,0.19361197207015202,0.6036866359447005,0.3486719605897196,0.34169562097011197,0.09068776210710776,0.6438839417130711,0.45423142672059746,-0.002561429861839453
97,volatility,flag_nested,434,434,0.05076601101691893,0.06502240799963577,-0.09635401023573491,0.20687237975869915,0.6175115207373272,0.20529442735614933,0.20238616269442333,0.10273686344960761,0.657306409875177,0.4842087182735358,0.01768053054119573
98,volatility,market_1,434,434,0.01051179761071097,0.005566959513853083,-0.0711019145542154,0.09355586603451965,0.5345622119815668,0.035877063336143156,0.0359784931834575,0.0332993991350525,0.6601510090218241,0.44534177241404166,-0.059348350035536346
98,volatility,block_2_3,434,434,0.05385694132694255,0.055777133489352246,-0.1633210779114987,0.27489626606623924,0.5645161290322581,0.22830435313926095,0.22868619085131092,0.12100289588600747,0.6494375368407768,0.5089677597991403,0.013838423007451259
98,volatility,block_4_6,434,434,0.014958784020807586,0.012652763769596523,-0.17492436633063144,0.20278618153079284,0.5207373271889401,0.40956588314097997,0.41012061307420866,0.08376211657164791,0.6027304187666054,0.4636278346875013,-0.005032202588236238
98,volatility,top_3,434,434,0.052531985609723206,0.05292166669971622,-0.15592114355884013,0.26749683282445846,0.5645161290322581,0.2310760563988518,0.23146521495759184,0.11919581748831318,0.6504072427467925,0.506720787819221,0.011994543626735686
98,volatility,top_6,434,434,-0.00847277615930443,-0.00020051910529774938,-0.1410019269777767,0.14752430376436715,0.4976958525345622,0.3615244330510681,0.36184521450514473,0.027287031907426915,0.6105351800926492,0.445833019125599,-0.04620444438784773
98,volatility,flag_nested,434,434,0.020695373176205883,0.02502480031749322,-0.14145168268475639,0.1665262643717449,0.543778801843318,0.21366576857873468,0.21393036809901414,0.08863817241272269,0.6214668411467634,0.4652109660653921,-0.0046830819536093785
